Unit,Unit Name,ID,Text,Comment
WINSyslogClient.WinUI/Strings/Resources,WINSyslogClient.WinUI Resources,AppDisplayName,WinSyslog,Adiscon User Interface .resw source; locale=es-ES; revision=edd9fe10d4a120194e4a0a1e60a5d04d661b79ab
WINSyslogClient.WinUI/Strings/Resources,WINSyslogClient.WinUI Resources,Help_ApplicationIdentityTitle,Identidad de la aplicación,Adiscon User Interface .resw source; locale=es-ES; revision=edd9fe10d4a120194e4a0a1e60a5d04d661b79ab
WINSyslogClient.WinUI/Strings/Resources,WINSyslogClient.WinUI Resources,Help_ExecutableFormat,Nombre de salida heredado: {0},Adiscon User Interface .resw source; locale=es-ES; revision=edd9fe10d4a120194e4a0a1e60a5d04d661b79ab
WINSyslogClient.WinUI/Strings/Resources,WINSyslogClient.WinUI Resources,Help_OnlineResourcesTitle,Recursos en línea,Adiscon User Interface .resw source; locale=es-ES; revision=edd9fe10d4a120194e4a0a1e60a5d04d661b79ab
WINSyslogClient.WinUI/Strings/Resources,WINSyslogClient.WinUI Resources,Help_OpenOnlineDocs,Abrir documentación en línea,Adiscon User Interface .resw source; locale=es-ES; revision=edd9fe10d4a120194e4a0a1e60a5d04d661b79ab
WINSyslogClient.WinUI/Strings/Resources,WINSyslogClient.WinUI Resources,Help_OpenProductSite,Abrir sitio del producto,Adiscon User Interface .resw source; locale=es-ES; revision=edd9fe10d4a120194e4a0a1e60a5d04d661b79ab
WINSyslogClient.WinUI/Strings/Resources,WINSyslogClient.WinUI Resources,Help_OpenSupport,Abrir soporte,Adiscon User Interface .resw source; locale=es-ES; revision=edd9fe10d4a120194e4a0a1e60a5d04d661b79ab
WINSyslogClient.WinUI/Strings/Resources,WINSyslogClient.WinUI Resources,Help_OpenedOnlineDocs,Documentación en línea abierta.,Adiscon User Interface .resw source; locale=es-ES; revision=edd9fe10d4a120194e4a0a1e60a5d04d661b79ab
WINSyslogClient.WinUI/Strings/Resources,WINSyslogClient.WinUI Resources,Help_OpenedProductSite,Sitio del producto abierto.,Adiscon User Interface .resw source; locale=es-ES; revision=edd9fe10d4a120194e4a0a1e60a5d04d661b79ab
WINSyslogClient.WinUI/Strings/Resources,WINSyslogClient.WinUI Resources,Help_OpenedSupport,Sitio de soporte abierto.,Adiscon User Interface .resw source; locale=es-ES; revision=edd9fe10d4a120194e4a0a1e60a5d04d661b79ab
WINSyslogClient.WinUI/Strings/Resources,WINSyslogClient.WinUI Resources,Help_ProductFormat,Producto: {0},Adiscon User Interface .resw source; locale=es-ES; revision=edd9fe10d4a120194e4a0a1e60a5d04d661b79ab
WINSyslogClient.WinUI/Strings/Resources,WINSyslogClient.WinUI Resources,Help_StatusMessage,"Use los enlaces de producto, documentación y soporte siguientes para este cliente.",Adiscon User Interface .resw source; locale=es-ES; revision=edd9fe10d4a120194e4a0a1e60a5d04d661b79ab
WINSyslogClient.WinUI/Strings/Resources,WINSyslogClient.WinUI Resources,Help_Title,Ayuda / Acerca de,Adiscon User Interface .resw source; locale=es-ES; revision=edd9fe10d4a120194e4a0a1e60a5d04d661b79ab
WINSyslogClient.WinUI/Strings/Resources,WINSyslogClient.WinUI Resources,Help_UnknownVersion,desconocida,Adiscon User Interface .resw source; locale=es-ES; revision=edd9fe10d4a120194e4a0a1e60a5d04d661b79ab
WINSyslogClient.WinUI/Strings/Resources,WINSyslogClient.WinUI Resources,Help_VersionFormat,Versión actual: {0},Adiscon User Interface .resw source; locale=es-ES; revision=edd9fe10d4a120194e4a0a1e60a5d04d661b79ab
WINSyslogClient.WinUI/Strings/Resources,WINSyslogClient.WinUI Resources,Help_WindowTitleFormat,Título de ventana: {0},Adiscon User Interface .resw source; locale=es-ES; revision=edd9fe10d4a120194e4a0a1e60a5d04d661b79ab
WINSyslogClient.WinUI/Strings/Resources,WINSyslogClient.WinUI Resources,Language_ApplyButton,Aplicar idioma,Adiscon User Interface .resw source; locale=es-ES; revision=edd9fe10d4a120194e4a0a1e60a5d04d661b79ab
WINSyslogClient.WinUI/Strings/Resources,WINSyslogClient.WinUI Resources,Language_ClientLanguageHeader,Idioma del cliente,Adiscon User Interface .resw source; locale=es-ES; revision=edd9fe10d4a120194e4a0a1e60a5d04d661b79ab
WINSyslogClient.WinUI/Strings/Resources,WINSyslogClient.WinUI Resources,Language_CurrentSelectionFormat,Idioma seleccionado: {0} | Cultura de UI actual: {1},Adiscon User Interface .resw source; locale=es-ES; revision=edd9fe10d4a120194e4a0a1e60a5d04d661b79ab
WINSyslogClient.WinUI/Strings/Resources,WINSyslogClient.WinUI Resources,Language_DisplayLanguageTitle,Idioma de visualización,Adiscon User Interface .resw source; locale=es-ES; revision=edd9fe10d4a120194e4a0a1e60a5d04d661b79ab
WINSyslogClient.WinUI/Strings/Resources,WINSyslogClient.WinUI Resources,Language_IntroFormat,Elija el idioma de visualización para este cliente {0}.,Adiscon User Interface .resw source; locale=es-ES; revision=edd9fe10d4a120194e4a0a1e60a5d04d661b79ab
WINSyslogClient.WinUI/Strings/Resources,WINSyslogClient.WinUI Resources,Language_InvariantCulture,invariable,Adiscon User Interface .resw source; locale=es-ES; revision=edd9fe10d4a120194e4a0a1e60a5d04d661b79ab
WINSyslogClient.WinUI/Strings/Resources,WINSyslogClient.WinUI Resources,Language_ResourceCoverageText,"Este cliente incluye recursos de idioma para etiquetas de configuración, texto de opciones y mensajes compartidos de carga/guardado en inglés, alemán, español, francés, italiano, portugués, estonio y japonés. El valor predeterminado del sistema sigue las preferencias de idioma de Windows.",Adiscon User Interface .resw source; locale=es-ES; revision=edd9fe10d4a120194e4a0a1e60a5d04d661b79ab
WINSyslogClient.WinUI/Strings/Resources,WINSyslogClient.WinUI Resources,Language_ResourceCoverageTitle,Cobertura de recursos de idioma,Adiscon User Interface .resw source; locale=es-ES; revision=edd9fe10d4a120194e4a0a1e60a5d04d661b79ab
WINSyslogClient.WinUI/Strings/Resources,WINSyslogClient.WinUI Resources,Language_RestartDialogContentFormat,El cliente debe reiniciarse antes de que todas las etiquetas y mensajes usen {0}. ¿Reiniciar ahora?,Adiscon User Interface .resw source; locale=es-ES; revision=edd9fe10d4a120194e4a0a1e60a5d04d661b79ab
WINSyslogClient.WinUI/Strings/Resources,WINSyslogClient.WinUI Resources,Language_RestartDialogLater,Later,Adiscon User Interface .resw source; locale=es-ES; revision=edd9fe10d4a120194e4a0a1e60a5d04d661b79ab
WINSyslogClient.WinUI/Strings/Resources,WINSyslogClient.WinUI Resources,Language_RestartDialogRestartNow,Restart now,Adiscon User Interface .resw source; locale=es-ES; revision=edd9fe10d4a120194e4a0a1e60a5d04d661b79ab
WINSyslogClient.WinUI/Strings/Resources,WINSyslogClient.WinUI Resources,Language_RestartDialogTitle,Restart client now?,Adiscon User Interface .resw source; locale=es-ES; revision=edd9fe10d4a120194e4a0a1e60a5d04d661b79ab
WINSyslogClient.WinUI/Strings/Resources,WINSyslogClient.WinUI Resources,Language_RestartFailedFormat,"Language was saved, but automatic restart failed: {0}",Adiscon User Interface .resw source; locale=es-ES; revision=edd9fe10d4a120194e4a0a1e60a5d04d661b79ab
WINSyslogClient.WinUI/Strings/Resources,WINSyslogClient.WinUI Resources,Language_RestartFailedNoProcessPath,"Language was saved, but the client could not determine the executable path for automatic restart.",Adiscon User Interface .resw source; locale=es-ES; revision=edd9fe10d4a120194e4a0a1e60a5d04d661b79ab
WINSyslogClient.WinUI/Strings/Resources,WINSyslogClient.WinUI Resources,Language_RestartRequiredText,Reinicie el cliente después de cambiar el idioma para que las etiquetas y los mensajes se recarguen de forma coherente.,Adiscon User Interface .resw source; locale=es-ES; revision=edd9fe10d4a120194e4a0a1e60a5d04d661b79ab
WINSyslogClient.WinUI/Strings/Resources,WINSyslogClient.WinUI Resources,Language_SelectedFormat,Idioma seleccionado: {0}. {1},Adiscon User Interface .resw source; locale=es-ES; revision=edd9fe10d4a120194e4a0a1e60a5d04d661b79ab
WINSyslogClient.WinUI/Strings/Resources,WINSyslogClient.WinUI Resources,Language_SelectedLanguageFormat,Selected language: {0},Adiscon User Interface .resw source; locale=es-ES; revision=edd9fe10d4a120194e4a0a1e60a5d04d661b79ab
WINSyslogClient.WinUI/Strings/Resources,WINSyslogClient.WinUI Resources,Language_SelectedSystemDefault,Idioma seleccionado: predeterminado del sistema,Adiscon User Interface .resw source; locale=es-ES; revision=edd9fe10d4a120194e4a0a1e60a5d04d661b79ab
WINSyslogClient.WinUI/Strings/Resources,WINSyslogClient.WinUI Resources,Language_StatusLanguageRestartFormat,Idioma establecido en {0}. Reinicie el cliente para recargar los recursos de idioma.,Adiscon User Interface .resw source; locale=es-ES; revision=edd9fe10d4a120194e4a0a1e60a5d04d661b79ab
WINSyslogClient.WinUI/Strings/Resources,WINSyslogClient.WinUI Resources,Language_StatusLoaded,Language selection is loaded.,Adiscon User Interface .resw source; locale=es-ES; revision=edd9fe10d4a120194e4a0a1e60a5d04d661b79ab
WINSyslogClient.WinUI/Strings/Resources,WINSyslogClient.WinUI Resources,Language_StatusSystemDefaultRestart,El idioma se restableció al valor predeterminado del sistema de Windows. Reinicie el cliente para recargar los recursos de idioma.,Adiscon User Interface .resw source; locale=es-ES; revision=edd9fe10d4a120194e4a0a1e60a5d04d661b79ab
WINSyslogClient.WinUI/Strings/Resources,WINSyslogClient.WinUI Resources,Language_SystemDefault,Predeterminado del sistema,Adiscon User Interface .resw source; locale=es-ES; revision=edd9fe10d4a120194e4a0a1e60a5d04d661b79ab
WINSyslogClient.WinUI/Strings/Resources,WINSyslogClient.WinUI Resources,Language_Title,Idioma,Adiscon User Interface .resw source; locale=es-ES; revision=edd9fe10d4a120194e4a0a1e60a5d04d661b79ab
WINSyslogClient.WinUI/Strings/Resources,WINSyslogClient.WinUI Resources,LicenseStatus_Expired,Archivo de licencia caducado.,Adiscon User Interface .resw source; locale=es-ES; revision=edd9fe10d4a120194e4a0a1e60a5d04d661b79ab
WINSyslogClient.WinUI/Strings/Resources,WINSyslogClient.WinUI Resources,LicenseStatus_FileLicensed,Archivo de licencia válido.,Adiscon User Interface .resw source; locale=es-ES; revision=edd9fe10d4a120194e4a0a1e60a5d04d661b79ab
WINSyslogClient.WinUI/Strings/Resources,WINSyslogClient.WinUI Resources,LicenseStatus_FileLicensedFor,Archivo de licencia válido para %LICENSEE%.,Adiscon User Interface .resw source; locale=es-ES; revision=edd9fe10d4a120194e4a0a1e60a5d04d661b79ab
WINSyslogClient.WinUI/Strings/Resources,WINSyslogClient.WinUI Resources,LicenseStatus_FileTrial,Prueba del archivo de licencia configurada.,Adiscon User Interface .resw source; locale=es-ES; revision=edd9fe10d4a120194e4a0a1e60a5d04d661b79ab
WINSyslogClient.WinUI/Strings/Resources,WINSyslogClient.WinUI Resources,LicenseStatus_FileTrialWithDays,"Prueba del archivo de licencia, días restantes: %DAYSLEFT%.",Adiscon User Interface .resw source; locale=es-ES; revision=edd9fe10d4a120194e4a0a1e60a5d04d661b79ab
WINSyslogClient.WinUI/Strings/Resources,WINSyslogClient.WinUI Resources,LicenseStatus_FreeNoLicense,Versión gratuita / no hay ninguna licencia configurada.,Adiscon User Interface .resw source; locale=es-ES; revision=edd9fe10d4a120194e4a0a1e60a5d04d661b79ab
WINSyslogClient.WinUI/Strings/Resources,WINSyslogClient.WinUI Resources,LicenseStatus_InvalidFile,No hay ningún archivo de licencia válido configurado.,Adiscon User Interface .resw source; locale=es-ES; revision=edd9fe10d4a120194e4a0a1e60a5d04d661b79ab
WINSyslogClient.WinUI/Strings/Resources,WINSyslogClient.WinUI Resources,LicenseStatus_Licensed,Con licencia.,Adiscon User Interface .resw source; locale=es-ES; revision=edd9fe10d4a120194e4a0a1e60a5d04d661b79ab
WINSyslogClient.WinUI/Strings/Resources,WINSyslogClient.WinUI Resources,LicenseStatus_LicensedFor,Con licencia para %LICENSEE%.,Adiscon User Interface .resw source; locale=es-ES; revision=edd9fe10d4a120194e4a0a1e60a5d04d661b79ab
WINSyslogClient.WinUI/Strings/Resources,WINSyslogClient.WinUI Resources,LicenseStatus_MissingFile,Falta el archivo de licencia.,Adiscon User Interface .resw source; locale=es-ES; revision=edd9fe10d4a120194e4a0a1e60a5d04d661b79ab
WINSyslogClient.WinUI/Strings/Resources,WINSyslogClient.WinUI Resources,LicenseStatus_NoBlock,No se ha cargado ningún bloque de licencia.,Adiscon User Interface .resw source; locale=es-ES; revision=edd9fe10d4a120194e4a0a1e60a5d04d661b79ab
WINSyslogClient.WinUI/Strings/Resources,WINSyslogClient.WinUI Resources,LicenseStatus_NoLicense,No hay ninguna licencia configurada.,Adiscon User Interface .resw source; locale=es-ES; revision=edd9fe10d4a120194e4a0a1e60a5d04d661b79ab
WINSyslogClient.WinUI/Strings/Resources,WINSyslogClient.WinUI Resources,LicenseStatus_ReleaseTrial,Prueba de lanzamiento.,Adiscon User Interface .resw source; locale=es-ES; revision=edd9fe10d4a120194e4a0a1e60a5d04d661b79ab
WINSyslogClient.WinUI/Strings/Resources,WINSyslogClient.WinUI Resources,LicenseStatus_ReleaseTrialExpired,Prueba de lanzamiento caducada.,Adiscon User Interface .resw source; locale=es-ES; revision=edd9fe10d4a120194e4a0a1e60a5d04d661b79ab
WINSyslogClient.WinUI/Strings/Resources,WINSyslogClient.WinUI Resources,LicenseStatus_ReleaseTrialWithDays,"Prueba de lanzamiento, días restantes: %DAYSLEFT%.",Adiscon User Interface .resw source; locale=es-ES; revision=edd9fe10d4a120194e4a0a1e60a5d04d661b79ab
WINSyslogClient.WinUI/Strings/Resources,WINSyslogClient.WinUI Resources,LicenseStatus_TrialVersion,Versión de prueba.,Adiscon User Interface .resw source; locale=es-ES; revision=edd9fe10d4a120194e4a0a1e60a5d04d661b79ab
WINSyslogClient.WinUI/Strings/Resources,WINSyslogClient.WinUI Resources,LicenseStatus_TrialVersionWithDays,"Versión de prueba, días restantes: %DAYSLEFT%.",Adiscon User Interface .resw source; locale=es-ES; revision=edd9fe10d4a120194e4a0a1e60a5d04d661b79ab
WINSyslogClient.WinUI/Strings/Resources,WINSyslogClient.WinUI Resources,LicenseValidation_ChooseFile,Elija un archivo de licencia (.alic).,Adiscon User Interface .resw source; locale=es-ES; revision=edd9fe10d4a120194e4a0a1e60a5d04d661b79ab
WINSyslogClient.WinUI/Strings/Resources,WINSyslogClient.WinUI Resources,LicenseValidation_ClientLimit,Límite de clientes: %VALUE%.,Adiscon User Interface .resw source; locale=es-ES; revision=edd9fe10d4a120194e4a0a1e60a5d04d661b79ab
WINSyslogClient.WinUI/Strings/Resources,WINSyslogClient.WinUI Resources,LicenseValidation_Edition,Edición: %VALUE%.,Adiscon User Interface .resw source; locale=es-ES; revision=edd9fe10d4a120194e4a0a1e60a5d04d661b79ab
WINSyslogClient.WinUI/Strings/Resources,WINSyslogClient.WinUI Resources,LicenseValidation_Expires,Caduca: %VALUE%.,Adiscon User Interface .resw source; locale=es-ES; revision=edd9fe10d4a120194e4a0a1e60a5d04d661b79ab
WINSyslogClient.WinUI/Strings/Resources,WINSyslogClient.WinUI Resources,LicenseValidation_FileMissing,El archivo de licencia seleccionado no existe: %PATH%.,Adiscon User Interface .resw source; locale=es-ES; revision=edd9fe10d4a120194e4a0a1e60a5d04d661b79ab
WINSyslogClient.WinUI/Strings/Resources,WINSyslogClient.WinUI Resources,LicenseValidation_Licensee,Licenciatario: %VALUE%.,Adiscon User Interface .resw source; locale=es-ES; revision=edd9fe10d4a120194e4a0a1e60a5d04d661b79ab
WINSyslogClient.WinUI/Strings/Resources,WINSyslogClient.WinUI Resources,LicenseValidation_Product,Producto: %VALUE%.,Adiscon User Interface .resw source; locale=es-ES; revision=edd9fe10d4a120194e4a0a1e60a5d04d661b79ab
WINSyslogClient.WinUI/Strings/Resources,WINSyslogClient.WinUI Resources,LicenseValidation_ProductNotApplicable,El archivo de licencia no es válido para esta instalación de %PRODUCT%.,Adiscon User Interface .resw source; locale=es-ES; revision=edd9fe10d4a120194e4a0a1e60a5d04d661b79ab
WINSyslogClient.WinUI/Strings/Resources,WINSyslogClient.WinUI Resources,LicenseValidation_ServiceVersionMismatch,"El archivo de licencia es para la versión %LICENSEVERSION%, pero el servicio instalado indica la versión %SERVICEVERSION%.",Adiscon User Interface .resw source; locale=es-ES; revision=edd9fe10d4a120194e4a0a1e60a5d04d661b79ab
WINSyslogClient.WinUI/Strings/Resources,WINSyslogClient.WinUI Resources,LicenseValidation_UnsupportedEdition,El archivo de licencia contiene una edición no compatible.,Adiscon User Interface .resw source; locale=es-ES; revision=edd9fe10d4a120194e4a0a1e60a5d04d661b79ab
WINSyslogClient.WinUI/Strings/Resources,WINSyslogClient.WinUI Resources,LicenseValidation_Verified,Se verificaron las firmas del archivo de licencia.,Adiscon User Interface .resw source; locale=es-ES; revision=edd9fe10d4a120194e4a0a1e60a5d04d661b79ab
WINSyslogClient.WinUI/Strings/Resources,WINSyslogClient.WinUI Resources,LicenseValidation_VerifierMissing,No se encontró el verificador de OpenSSL 3.5.6+.,Adiscon User Interface .resw source; locale=es-ES; revision=edd9fe10d4a120194e4a0a1e60a5d04d661b79ab
WINSyslogClient.WinUI/Strings/Resources,WINSyslogClient.WinUI Resources,ProductSection_AdvancedNote,Use esta sección para flujos expertos y ajustes específicos del producto que no pertenecen al flujo principal de configuración.,Adiscon User Interface .resw source; locale=es-ES; revision=edd9fe10d4a120194e4a0a1e60a5d04d661b79ab
WINSyslogClient.WinUI/Strings/Resources,WINSyslogClient.WinUI Resources,ProductSection_AdvancedStatus,Avanzado está disponible para ajustes expertos específicos del producto.,Adiscon User Interface .resw source; locale=es-ES; revision=edd9fe10d4a120194e4a0a1e60a5d04d661b79ab
WINSyslogClient.WinUI/Strings/Resources,WINSyslogClient.WinUI Resources,ProductSection_AdvancedTitle,Avanzado,Adiscon User Interface .resw source; locale=es-ES; revision=edd9fe10d4a120194e4a0a1e60a5d04d661b79ab
WINSyslogClient.WinUI/Strings/Resources,WINSyslogClient.WinUI Resources,ProductSection_AdvancedWinSyslogNote,WinSyslog keeps Post Process Apps in the Configuration Console for Japanese builds.,Adiscon User Interface .resw source; locale=es-ES; revision=edd9fe10d4a120194e4a0a1e60a5d04d661b79ab
WINSyslogClient.WinUI/Strings/Resources,WINSyslogClient.WinUI Resources,ProductSection_CountsFormat,Bloques generales: {0} | Servicios: {1} | Grupos de reglas: {2},Adiscon User Interface .resw source; locale=es-ES; revision=edd9fe10d4a120194e4a0a1e60a5d04d661b79ab
WINSyslogClient.WinUI/Strings/Resources,WINSyslogClient.WinUI Resources,ProductSection_LinksNote,"Use estos enlaces de producto, documentación, soporte y diagnóstico para este cliente.",Adiscon User Interface .resw source; locale=es-ES; revision=edd9fe10d4a120194e4a0a1e60a5d04d661b79ab
WINSyslogClient.WinUI/Strings/Resources,WINSyslogClient.WinUI Resources,ProductSection_LinksTitle,Enlaces y seguimiento,Adiscon User Interface .resw source; locale=es-ES; revision=edd9fe10d4a120194e4a0a1e60a5d04d661b79ab
WINSyslogClient.WinUI/Strings/Resources,WINSyslogClient.WinUI Resources,ProductSection_LiveConfigurationContextTitle,Contexto de configuración en vivo,Adiscon User Interface .resw source; locale=es-ES; revision=edd9fe10d4a120194e4a0a1e60a5d04d661b79ab
WINSyslogClient.WinUI/Strings/Resources,WINSyslogClient.WinUI Resources,ProductSection_ServiceStateFormat,Servicio: {0} | Estado: {1},Adiscon User Interface .resw source; locale=es-ES; revision=edd9fe10d4a120194e4a0a1e60a5d04d661b79ab
WINSyslogClient.WinUI/Strings/Resources,WINSyslogClient.WinUI Resources,ProductSection_SourceFormat,Origen: {0},Adiscon User Interface .resw source; locale=es-ES; revision=edd9fe10d4a120194e4a0a1e60a5d04d661b79ab
WINSyslogClient.WinUI/Strings/Resources,WINSyslogClient.WinUI Resources,ProductSection_ToolsNote,Los diagnósticos permanecen basados en la instantánea de configuración activa para que el soporte empiece con el mismo lector y estado de servicio que se muestran en la shell.,Adiscon User Interface .resw source; locale=es-ES; revision=edd9fe10d4a120194e4a0a1e60a5d04d661b79ab
WINSyslogClient.WinUI/Strings/Resources,WINSyslogClient.WinUI Resources,ProductSection_ToolsStatus,Las herramientas muestran documentación específica del producto y contexto de configuración en vivo.,Adiscon User Interface .resw source; locale=es-ES; revision=edd9fe10d4a120194e4a0a1e60a5d04d661b79ab
WINSyslogClient.WinUI/Strings/Resources,WINSyslogClient.WinUI Resources,ProductSection_ToolsTitle,Herramientas,Adiscon User Interface .resw source; locale=es-ES; revision=edd9fe10d4a120194e4a0a1e60a5d04d661b79ab
WINSyslogClient.WinUI/Strings/Resources,WINSyslogClient.WinUI Resources,ServiceRuntime_ButtonKillProcess,Kill service process,Adiscon User Interface .resw source; locale=es-ES; revision=edd9fe10d4a120194e4a0a1e60a5d04d661b79ab
WINSyslogClient.WinUI/Strings/Resources,WINSyslogClient.WinUI Resources,ServiceRuntime_ButtonOpenServices,Open Windows Services,Adiscon User Interface .resw source; locale=es-ES; revision=edd9fe10d4a120194e4a0a1e60a5d04d661b79ab
WINSyslogClient.WinUI/Strings/Resources,WINSyslogClient.WinUI Resources,ServiceRuntime_ButtonRefresh,Refresh,Adiscon User Interface .resw source; locale=es-ES; revision=edd9fe10d4a120194e4a0a1e60a5d04d661b79ab
WINSyslogClient.WinUI/Strings/Resources,WINSyslogClient.WinUI Resources,ServiceRuntime_ButtonRestart,Restart,Adiscon User Interface .resw source; locale=es-ES; revision=edd9fe10d4a120194e4a0a1e60a5d04d661b79ab
WINSyslogClient.WinUI/Strings/Resources,WINSyslogClient.WinUI Resources,ServiceRuntime_ButtonStart,Start,Adiscon User Interface .resw source; locale=es-ES; revision=edd9fe10d4a120194e4a0a1e60a5d04d661b79ab
WINSyslogClient.WinUI/Strings/Resources,WINSyslogClient.WinUI Resources,ServiceRuntime_ButtonStop,Stop,Adiscon User Interface .resw source; locale=es-ES; revision=edd9fe10d4a120194e4a0a1e60a5d04d661b79ab
WINSyslogClient.WinUI/Strings/Resources,WINSyslogClient.WinUI Resources,ServiceRuntime_DisabledAccessDenied,Administrator rights are needed to query or control the background service.,Adiscon User Interface .resw source; locale=es-ES; revision=edd9fe10d4a120194e4a0a1e60a5d04d661b79ab
WINSyslogClient.WinUI/Strings/Resources,WINSyslogClient.WinUI Resources,ServiceRuntime_DisabledControlUnavailable,"Windows cannot send service control commands right now. Wait, check Windows Services, or kill the service process if it is still running.",Adiscon User Interface .resw source; locale=es-ES; revision=edd9fe10d4a120194e4a0a1e60a5d04d661b79ab
WINSyslogClient.WinUI/Strings/Resources,WINSyslogClient.WinUI Resources,ServiceRuntime_DisabledNotInstalled,The Windows service is not installed.,Adiscon User Interface .resw source; locale=es-ES; revision=edd9fe10d4a120194e4a0a1e60a5d04d661b79ab
WINSyslogClient.WinUI/Strings/Resources,WINSyslogClient.WinUI Resources,ServiceRuntime_DisabledNotLoaded,Service state has not been loaded yet.,Adiscon User Interface .resw source; locale=es-ES; revision=edd9fe10d4a120194e4a0a1e60a5d04d661b79ab
WINSyslogClient.WinUI/Strings/Resources,WINSyslogClient.WinUI Resources,ServiceRuntime_DisabledPaused,Service is paused while reloading configuration. Stop and Restart are disabled until reload completes.,Adiscon User Interface .resw source; locale=es-ES; revision=edd9fe10d4a120194e4a0a1e60a5d04d661b79ab
WINSyslogClient.WinUI/Strings/Resources,WINSyslogClient.WinUI Resources,ServiceRuntime_DisabledPausing,Service is pausing. Wait for Windows to finish the transition.,Adiscon User Interface .resw source; locale=es-ES; revision=edd9fe10d4a120194e4a0a1e60a5d04d661b79ab
WINSyslogClient.WinUI/Strings/Resources,WINSyslogClient.WinUI Resources,ServiceRuntime_DisabledProcessMismatch,The service process is running without clean Windows service control. Use Kill service process or check Windows Services.,Adiscon User Interface .resw source; locale=es-ES; revision=edd9fe10d4a120194e4a0a1e60a5d04d661b79ab
WINSyslogClient.WinUI/Strings/Resources,WINSyslogClient.WinUI Resources,ServiceRuntime_DisabledResuming,Service is resuming. Wait for Windows to finish the transition.,Adiscon User Interface .resw source; locale=es-ES; revision=edd9fe10d4a120194e4a0a1e60a5d04d661b79ab
WINSyslogClient.WinUI/Strings/Resources,WINSyslogClient.WinUI Resources,ServiceRuntime_DisabledStarting,Service is starting. Wait for Windows to finish the transition.,Adiscon User Interface .resw source; locale=es-ES; revision=edd9fe10d4a120194e4a0a1e60a5d04d661b79ab
WINSyslogClient.WinUI/Strings/Resources,WINSyslogClient.WinUI Resources,ServiceRuntime_DisabledStopping,Service is stopping. Wait for Windows to finish the transition.,Adiscon User Interface .resw source; locale=es-ES; revision=edd9fe10d4a120194e4a0a1e60a5d04d661b79ab
WINSyslogClient.WinUI/Strings/Resources,WINSyslogClient.WinUI Resources,ServiceRuntime_DisabledUnavailable,Windows service state is unavailable. Check Windows Services.,Adiscon User Interface .resw source; locale=es-ES; revision=edd9fe10d4a120194e4a0a1e60a5d04d661b79ab
WINSyslogClient.WinUI/Strings/Resources,WINSyslogClient.WinUI Resources,ServiceRuntime_DisabledUnknown,Service state is unknown. Refresh runtime state or check Windows Services.,Adiscon User Interface .resw source; locale=es-ES; revision=edd9fe10d4a120194e4a0a1e60a5d04d661b79ab
WINSyslogClient.WinUI/Strings/Resources,WINSyslogClient.WinUI Resources,ServiceRuntime_RecoveryAccessDenied,Restart as administrator to control the background service.,Adiscon User Interface .resw source; locale=es-ES; revision=edd9fe10d4a120194e4a0a1e60a5d04d661b79ab
WINSyslogClient.WinUI/Strings/Resources,WINSyslogClient.WinUI Resources,ServiceRuntime_RecoveryPending,"If this state remains for a long time, open Windows Services to compare the SCM state.",Adiscon User Interface .resw source; locale=es-ES; revision=edd9fe10d4a120194e4a0a1e60a5d04d661b79ab
WINSyslogClient.WinUI/Strings/Resources,WINSyslogClient.WinUI Resources,ServiceRuntime_RecoveryProcessRunning,A matching service process is still running. Kill service process is available as a recovery action after confirmation.,Adiscon User Interface .resw source; locale=es-ES; revision=edd9fe10d4a120194e4a0a1e60a5d04d661b79ab
WINSyslogClient.WinUI/Strings/Resources,WINSyslogClient.WinUI Resources,ServiceRuntime_StateAccessDenied,Cannot query service (access denied),Adiscon User Interface .resw source; locale=es-ES; revision=edd9fe10d4a120194e4a0a1e60a5d04d661b79ab
WINSyslogClient.WinUI/Strings/Resources,WINSyslogClient.WinUI Resources,ServiceRuntime_StateControlUnavailable,Control unavailable,Adiscon User Interface .resw source; locale=es-ES; revision=edd9fe10d4a120194e4a0a1e60a5d04d661b79ab
WINSyslogClient.WinUI/Strings/Resources,WINSyslogClient.WinUI Resources,ServiceRuntime_StateNotInstalled,Not installed,Adiscon User Interface .resw source; locale=es-ES; revision=edd9fe10d4a120194e4a0a1e60a5d04d661b79ab
WINSyslogClient.WinUI/Strings/Resources,WINSyslogClient.WinUI Resources,ServiceRuntime_StatePaused,Paused (Reloading),Adiscon User Interface .resw source; locale=es-ES; revision=edd9fe10d4a120194e4a0a1e60a5d04d661b79ab
WINSyslogClient.WinUI/Strings/Resources,WINSyslogClient.WinUI Resources,ServiceRuntime_StatePausing,Pausing,Adiscon User Interface .resw source; locale=es-ES; revision=edd9fe10d4a120194e4a0a1e60a5d04d661b79ab
WINSyslogClient.WinUI/Strings/Resources,WINSyslogClient.WinUI Resources,ServiceRuntime_StateProcessMismatch,Process running without service,Adiscon User Interface .resw source; locale=es-ES; revision=edd9fe10d4a120194e4a0a1e60a5d04d661b79ab
WINSyslogClient.WinUI/Strings/Resources,WINSyslogClient.WinUI Resources,ServiceRuntime_StateResuming,Resuming,Adiscon User Interface .resw source; locale=es-ES; revision=edd9fe10d4a120194e4a0a1e60a5d04d661b79ab
WINSyslogClient.WinUI/Strings/Resources,WINSyslogClient.WinUI Resources,ServiceRuntime_StateRunning,Running,Adiscon User Interface .resw source; locale=es-ES; revision=edd9fe10d4a120194e4a0a1e60a5d04d661b79ab
WINSyslogClient.WinUI/Strings/Resources,WINSyslogClient.WinUI Resources,ServiceRuntime_StateStarting,Starting,Adiscon User Interface .resw source; locale=es-ES; revision=edd9fe10d4a120194e4a0a1e60a5d04d661b79ab
WINSyslogClient.WinUI/Strings/Resources,WINSyslogClient.WinUI Resources,ServiceRuntime_StateStopped,Stopped,Adiscon User Interface .resw source; locale=es-ES; revision=edd9fe10d4a120194e4a0a1e60a5d04d661b79ab
WINSyslogClient.WinUI/Strings/Resources,WINSyslogClient.WinUI Resources,ServiceRuntime_StateStopping,Stopping,Adiscon User Interface .resw source; locale=es-ES; revision=edd9fe10d4a120194e4a0a1e60a5d04d661b79ab
WINSyslogClient.WinUI/Strings/Resources,WINSyslogClient.WinUI Resources,ServiceRuntime_StateUnavailable,Unavailable,Adiscon User Interface .resw source; locale=es-ES; revision=edd9fe10d4a120194e4a0a1e60a5d04d661b79ab
WINSyslogClient.WinUI/Strings/Resources,WINSyslogClient.WinUI Resources,ServiceRuntime_StateUnknown,Unknown,Adiscon User Interface .resw source; locale=es-ES; revision=edd9fe10d4a120194e4a0a1e60a5d04d661b79ab
WINSyslogClient.WinUI/Strings/Resources,WINSyslogClient.WinUI Resources,ServiceRuntime_Summary,Start and restart save pending configuration changes before running the service. Stop refreshes the shared runtime state without forcing a save first.,Adiscon User Interface .resw source; locale=es-ES; revision=edd9fe10d4a120194e4a0a1e60a5d04d661b79ab
WINSyslogClient.WinUI/Strings/Resources,WINSyslogClient.WinUI Resources,ServiceRuntime_Title,Windows service,Adiscon User Interface .resw source; locale=es-ES; revision=edd9fe10d4a120194e4a0a1e60a5d04d661b79ab
WINSyslogClient.WinUI/Strings/Resources,WINSyslogClient.WinUI Resources,Shell_Nav_advanced_Description,Abra ajustes expertos específicos del producto.,Adiscon User Interface .resw source; locale=es-ES; revision=edd9fe10d4a120194e4a0a1e60a5d04d661b79ab
WINSyslogClient.WinUI/Strings/Resources,WINSyslogClient.WinUI Resources,Shell_Nav_advanced_Label,Avanzado,Adiscon User Interface .resw source; locale=es-ES; revision=edd9fe10d4a120194e4a0a1e60a5d04d661b79ab
WINSyslogClient.WinUI/Strings/Resources,WINSyslogClient.WinUI Resources,Shell_Nav_configuration_ChildSectionHeader,Áreas de configuración,Adiscon User Interface .resw source; locale=es-ES; revision=edd9fe10d4a120194e4a0a1e60a5d04d661b79ab
WINSyslogClient.WinUI/Strings/Resources,WINSyslogClient.WinUI Resources,Shell_Nav_configuration_Description,Use el árbol de configuración como navegador principal y edite el elemento seleccionado en el workbench.,Adiscon User Interface .resw source; locale=es-ES; revision=edd9fe10d4a120194e4a0a1e60a5d04d661b79ab
WINSyslogClient.WinUI/Strings/Resources,WINSyslogClient.WinUI Resources,Shell_Nav_configuration_Label,Workbench de configuración,Adiscon User Interface .resw source; locale=es-ES; revision=edd9fe10d4a120194e4a0a1e60a5d04d661b79ab
WINSyslogClient.WinUI/Strings/Resources,WINSyslogClient.WinUI Resources,Shell_Nav_help_ChildSectionHeader,Opciones del cliente,Adiscon User Interface .resw source; locale=es-ES; revision=edd9fe10d4a120194e4a0a1e60a5d04d661b79ab
WINSyslogClient.WinUI/Strings/Resources,WINSyslogClient.WinUI Resources,Shell_Nav_help_Description,"Abra información de versión, enlaces del producto y referencias de soporte.",Adiscon User Interface .resw source; locale=es-ES; revision=edd9fe10d4a120194e4a0a1e60a5d04d661b79ab
WINSyslogClient.WinUI/Strings/Resources,WINSyslogClient.WinUI Resources,Shell_Nav_help_Label,Ayuda / Acerca de,Adiscon User Interface .resw source; locale=es-ES; revision=edd9fe10d4a120194e4a0a1e60a5d04d661b79ab
WINSyslogClient.WinUI/Strings/Resources,WINSyslogClient.WinUI Resources,Shell_Nav_help_language_Description,Elija el idioma de visualización del cliente y la sustitución de recursos empaquetados.,Adiscon User Interface .resw source; locale=es-ES; revision=edd9fe10d4a120194e4a0a1e60a5d04d661b79ab
WINSyslogClient.WinUI/Strings/Resources,WINSyslogClient.WinUI Resources,Shell_Nav_help_language_Label,Idioma,Adiscon User Interface .resw source; locale=es-ES; revision=edd9fe10d4a120194e4a0a1e60a5d04d661b79ab
WINSyslogClient.WinUI/Strings/Resources,WINSyslogClient.WinUI Resources,Shell_Nav_home_Description,Abra el panel del producto y el resumen actual de ejecución.,Adiscon User Interface .resw source; locale=es-ES; revision=edd9fe10d4a120194e4a0a1e60a5d04d661b79ab
WINSyslogClient.WinUI/Strings/Resources,WINSyslogClient.WinUI Resources,Shell_Nav_home_Label,Panel,Adiscon User Interface .resw source; locale=es-ES; revision=edd9fe10d4a120194e4a0a1e60a5d04d661b79ab
WINSyslogClient.WinUI/Strings/Resources,WINSyslogClient.WinUI Resources,Shell_Nav_home_TopLevelSectionHeader,Áreas de trabajo principales,Adiscon User Interface .resw source; locale=es-ES; revision=edd9fe10d4a120194e4a0a1e60a5d04d661b79ab
WINSyslogClient.WinUI/Strings/Resources,WINSyslogClient.WinUI Resources,Shell_Nav_post_process_apps_Description,Open WinSyslog post processing application settings in the Configuration Console.,Adiscon User Interface .resw source; locale=es-ES; revision=edd9fe10d4a120194e4a0a1e60a5d04d661b79ab
WINSyslogClient.WinUI/Strings/Resources,WINSyslogClient.WinUI Resources,Shell_Nav_post_process_apps_Label,Post Process Apps,Adiscon User Interface .resw source; locale=es-ES; revision=edd9fe10d4a120194e4a0a1e60a5d04d661b79ab
WINSyslogClient.WinUI/Strings/Resources,WINSyslogClient.WinUI Resources,Shell_Nav_tools_ChildSectionHeader,Herramientas de diagnóstico y remotas,Adiscon User Interface .resw source; locale=es-ES; revision=edd9fe10d4a120194e4a0a1e60a5d04d661b79ab
WINSyslogClient.WinUI/Strings/Resources,WINSyslogClient.WinUI Resources,Shell_Nav_tools_Description,Abra herramientas de registro remoto y detección.,Adiscon User Interface .resw source; locale=es-ES; revision=edd9fe10d4a120194e4a0a1e60a5d04d661b79ab
WINSyslogClient.WinUI/Strings/Resources,WINSyslogClient.WinUI Resources,Shell_Nav_tools_Label,Herramientas,Adiscon User Interface .resw source; locale=es-ES; revision=edd9fe10d4a120194e4a0a1e60a5d04d661b79ab
WINSyslogClient.WinUI/Strings/Resources,WINSyslogClient.WinUI Resources,Shell_Nav_tools_TopLevelSectionHeader,Utilidades,Adiscon User Interface .resw source; locale=es-ES; revision=edd9fe10d4a120194e4a0a1e60a5d04d661b79ab
WINSyslogClient.WinUI/Strings/Resources,WINSyslogClient.WinUI Resources,Shell_Nav_tools_connect_Label,Conectar con registro remoto,Adiscon User Interface .resw source; locale=es-ES; revision=edd9fe10d4a120194e4a0a1e60a5d04d661b79ab
WINSyslogClient.WinUI/Strings/Resources,WINSyslogClient.WinUI Resources,Shell_Nav_tools_debug_log_viewer_Description,Cargue y analice el archivo de registro de depuración activo.,Adiscon User Interface .resw source; locale=es-ES; revision=edd9fe10d4a120194e4a0a1e60a5d04d661b79ab
WINSyslogClient.WinUI/Strings/Resources,WINSyslogClient.WinUI Resources,Shell_Nav_tools_debug_log_viewer_Label,Registro de depuración,Adiscon User Interface .resw source; locale=es-ES; revision=edd9fe10d4a120194e4a0a1e60a5d04d661b79ab
WINSyslogClient.WinUI/Strings/Resources,WINSyslogClient.WinUI Resources,Shell_Nav_tools_discovery_Label,Detección de red (WMI),Adiscon User Interface .resw source; locale=es-ES; revision=edd9fe10d4a120194e4a0a1e60a5d04d661b79ab
WINSyslogClient.WinUI/Strings/Resources,WINSyslogClient.WinUI Resources,Shell_Nav_tools_storage_source_Description,Abra el panel de utilidad del origen de almacenamiento del Workbench.,Adiscon User Interface .resw source; locale=es-ES; revision=edd9fe10d4a120194e4a0a1e60a5d04d661b79ab
WINSyslogClient.WinUI/Strings/Resources,WINSyslogClient.WinUI Resources,Shell_Nav_tools_storage_source_Label,Origen de almacenamiento,Adiscon User Interface .resw source; locale=es-ES; revision=edd9fe10d4a120194e4a0a1e60a5d04d661b79ab
WINSyslogClient.WinUI/Strings/Resources,WINSyslogClient.WinUI Resources,Shell_Nav_tools_syslog_test_message_Description,Envíe un mensaje Syslog de prueba para validar rutas de escucha y red.,Adiscon User Interface .resw source; locale=es-ES; revision=edd9fe10d4a120194e4a0a1e60a5d04d661b79ab
WINSyslogClient.WinUI/Strings/Resources,WINSyslogClient.WinUI Resources,Shell_Nav_tools_syslog_test_message_Label,Mensaje Syslog de prueba,Adiscon User Interface .resw source; locale=es-ES; revision=edd9fe10d4a120194e4a0a1e60a5d04d661b79ab
WINSyslogClient.WinUI/Strings/Resources,WINSyslogClient.WinUI Resources,Shell_Nav_tools_windows_service_Description,Abra el panel de utilidad del servicio de Windows del Workbench.,Adiscon User Interface .resw source; locale=es-ES; revision=edd9fe10d4a120194e4a0a1e60a5d04d661b79ab
WINSyslogClient.WinUI/Strings/Resources,WINSyslogClient.WinUI Resources,Shell_Nav_tools_windows_service_Label,Servicio de Windows,Adiscon User Interface .resw source; locale=es-ES; revision=edd9fe10d4a120194e4a0a1e60a5d04d661b79ab
WINSyslogClient.WinUI/Strings/Resources,WINSyslogClient.WinUI Resources,Shell_NoUrlConfigured,No hay ninguna URL configurada para esta acción.,Adiscon User Interface .resw source; locale=es-ES; revision=edd9fe10d4a120194e4a0a1e60a5d04d661b79ab
WINSyslogClient.WinUI/Strings/Resources,WINSyslogClient.WinUI Resources,Shell_PaneFooter,"Esta barra cambia áreas de la aplicación, no elementos dentro del documento de configuración.",Adiscon User Interface .resw source; locale=es-ES; revision=edd9fe10d4a120194e4a0a1e60a5d04d661b79ab
WINSyslogClient.WinUI/Strings/Resources,WINSyslogClient.WinUI Resources,Shell_PaneIntroFormat,Elija aquí un área de trabajo de {0}. El árbol del documento solo aparece dentro de Configuración y refleja el archivo de configuración cargado.,Adiscon User Interface .resw source; locale=es-ES; revision=edd9fe10d4a120194e4a0a1e60a5d04d661b79ab
WINSyslogClient.WinUI/Strings/Resources,WINSyslogClient.WinUI Resources,Shell_PaneIntroTitle,Navegación de la aplicación,Adiscon User Interface .resw source; locale=es-ES; revision=edd9fe10d4a120194e4a0a1e60a5d04d661b79ab
WINSyslogClient.WinUI/Strings/Resources,WINSyslogClient.WinUI Resources,Shell_StartupErrorTitle,Error de inicio,Adiscon User Interface .resw source; locale=es-ES; revision=edd9fe10d4a120194e4a0a1e60a5d04d661b79ab
WINSyslogClient.WinUI/Strings/Resources,WINSyslogClient.WinUI Resources,Shell_UrlOpenFailed,Windows no pudo abrir la URL solicitada.,Adiscon User Interface .resw source; locale=es-ES; revision=edd9fe10d4a120194e4a0a1e60a5d04d661b79ab
WINSyslogClient.WinUI/Strings/Resources,WINSyslogClient.WinUI Resources,Workbench_CatalogCategory_Database_monitoring,Supervisión de bases de datos,Adiscon User Interface .resw source; locale=es-ES; revision=edd9fe10d4a120194e4a0a1e60a5d04d661b79ab
WINSyslogClient.WinUI/Strings/Resources,WINSyslogClient.WinUI Resources,Workbench_CatalogCategory_Database_output,Salida de base de datos,Adiscon User Interface .resw source; locale=es-ES; revision=edd9fe10d4a120194e4a0a1e60a5d04d661b79ab
WINSyslogClient.WinUI/Strings/Resources,WINSyslogClient.WinUI Resources,Workbench_CatalogCategory_Device_monitoring,Supervisión de dispositivos,Adiscon User Interface .resw source; locale=es-ES; revision=edd9fe10d4a120194e4a0a1e60a5d04d661b79ab
WINSyslogClient.WinUI/Strings/Resources,WINSyslogClient.WinUI Resources,Workbench_CatalogCategory_Device_output,Salida de dispositivo,Adiscon User Interface .resw source; locale=es-ES; revision=edd9fe10d4a120194e4a0a1e60a5d04d661b79ab
WINSyslogClient.WinUI/Strings/Resources,WINSyslogClient.WinUI Resources,Workbench_CatalogCategory_Event_collection,Recopilación de eventos,Adiscon User Interface .resw source; locale=es-ES; revision=edd9fe10d4a120194e4a0a1e60a5d04d661b79ab
WINSyslogClient.WinUI/Strings/Resources,WINSyslogClient.WinUI Resources,Workbench_CatalogCategory_Event_enrichment,Enriquecimiento de eventos,Adiscon User Interface .resw source; locale=es-ES; revision=edd9fe10d4a120194e4a0a1e60a5d04d661b79ab
WINSyslogClient.WinUI/Strings/Resources,WINSyslogClient.WinUI Resources,Workbench_CatalogCategory_File_monitoring,Supervisión de archivos,Adiscon User Interface .resw source; locale=es-ES; revision=edd9fe10d4a120194e4a0a1e60a5d04d661b79ab
WINSyslogClient.WinUI/Strings/Resources,WINSyslogClient.WinUI Resources,Workbench_CatalogCategory_Local_output,Salida local,Adiscon User Interface .resw source; locale=es-ES; revision=edd9fe10d4a120194e4a0a1e60a5d04d661b79ab
WINSyslogClient.WinUI/Strings/Resources,WINSyslogClient.WinUI Resources,Workbench_CatalogCategory_Message_listeners,Receptores de mensajes,Adiscon User Interface .resw source; locale=es-ES; revision=edd9fe10d4a120194e4a0a1e60a5d04d661b79ab
WINSyslogClient.WinUI/Strings/Resources,WINSyslogClient.WinUI Resources,Workbench_CatalogCategory_Network_output,Salida de red,Adiscon User Interface .resw source; locale=es-ES; revision=edd9fe10d4a120194e4a0a1e60a5d04d661b79ab
WINSyslogClient.WinUI/Strings/Resources,WINSyslogClient.WinUI Resources,Workbench_CatalogCategory_Network_probes,Sondeos de red,Adiscon User Interface .resw source; locale=es-ES; revision=edd9fe10d4a120194e4a0a1e60a5d04d661b79ab
WINSyslogClient.WinUI/Strings/Resources,WINSyslogClient.WinUI Resources,Workbench_CatalogCategory_Other,Otros,Adiscon User Interface .resw source; locale=es-ES; revision=edd9fe10d4a120194e4a0a1e60a5d04d661b79ab
WINSyslogClient.WinUI/Strings/Resources,WINSyslogClient.WinUI Resources,Workbench_CatalogCategory_Rule_flow,Flujo de reglas,Adiscon User Interface .resw source; locale=es-ES; revision=edd9fe10d4a120194e4a0a1e60a5d04d661b79ab
WINSyslogClient.WinUI/Strings/Resources,WINSyslogClient.WinUI Resources,Workbench_CatalogCategory_System_monitoring,Supervisión del sistema,Adiscon User Interface .resw source; locale=es-ES; revision=edd9fe10d4a120194e4a0a1e60a5d04d661b79ab
WINSyslogClient.WinUI/Strings/Resources,WINSyslogClient.WinUI Resources,Workbench_CatalogCategory_System_operations,Operaciones del sistema,Adiscon User Interface .resw source; locale=es-ES; revision=edd9fe10d4a120194e4a0a1e60a5d04d661b79ab
WINSyslogClient.WinUI/Strings/Resources,WINSyslogClient.WinUI Resources,Workbench_CatalogPurposeFormat,Configurar {0}.,Adiscon User Interface .resw source; locale=es-ES; revision=edd9fe10d4a120194e4a0a1e60a5d04d661b79ab
WINSyslogClient.WinUI/Strings/Resources,WINSyslogClient.WinUI Resources,Workbench_DisplayLabel_CustomerID,ID del cliente,Adiscon User Interface .resw source; locale=es-ES; revision=edd9fe10d4a120194e4a0a1e60a5d04d661b79ab
WINSyslogClient.WinUI/Strings/Resources,WINSyslogClient.WinUI Resources,Workbench_DisplayLabel_Database_OLEDB,Base de datos OLE DB,Adiscon User Interface .resw source; locale=es-ES; revision=edd9fe10d4a120194e4a0a1e60a5d04d661b79ab
WINSyslogClient.WinUI/Strings/Resources,WINSyslogClient.WinUI Resources,Workbench_DisplayLabel_FileAndSystem,Monitores de archivos y sistema,Adiscon User Interface .resw source; locale=es-ES; revision=edd9fe10d4a120194e4a0a1e60a5d04d661b79ab
WINSyslogClient.WinUI/Strings/Resources,WINSyslogClient.WinUI Resources,Workbench_DisplayLabel_QueueManager,Administrador de colas,Adiscon User Interface .resw source; locale=es-ES; revision=edd9fe10d4a120194e4a0a1e60a5d04d661b79ab
WINSyslogClient.WinUI/Strings/Resources,WINSyslogClient.WinUI Resources,Workbench_DisplayLabel_Queuelimit,Límite de cola,Adiscon User Interface .resw source; locale=es-ES; revision=edd9fe10d4a120194e4a0a1e60a5d04d661b79ab
WINSyslogClient.WinUI/Strings/Resources,WINSyslogClient.WinUI Resources,Workbench_DisplayLabel_SNMP_Mibs,MIB de SNMP,Adiscon User Interface .resw source; locale=es-ES; revision=edd9fe10d4a120194e4a0a1e60a5d04d661b79ab
WINSyslogClient.WinUI/Strings/Resources,WINSyslogClient.WinUI Resources,Workbench_DisplayLabel_SystemID,ID del sistema,Adiscon User Interface .resw source; locale=es-ES; revision=edd9fe10d4a120194e4a0a1e60a5d04d661b79ab
WINSyslogClient.WinUI/Strings/Resources,WINSyslogClient.WinUI Resources,Workbench_DisplayLabel_TCPOptions,Opciones de TCP,Adiscon User Interface .resw source; locale=es-ES; revision=edd9fe10d4a120194e4a0a1e60a5d04d661b79ab
WINSyslogClient.WinUI/Strings/Resources,WINSyslogClient.WinUI Resources,Workbench_DisplayLabel_TLSAdvanced_Options,Opciones avanzadas de TLS,Adiscon User Interface .resw source; locale=es-ES; revision=edd9fe10d4a120194e4a0a1e60a5d04d661b79ab
WINSyslogClient.WinUI/Strings/Resources,WINSyslogClient.WinUI Resources,Workbench_FilterGroup_Basic_Filters,Filtros básicos,Adiscon User Interface .resw source; locale=es-ES; revision=edd9fe10d4a120194e4a0a1e60a5d04d661b79ab
WINSyslogClient.WinUI/Strings/Resources,WINSyslogClient.WinUI Resources,Workbench_FilterGroup_CPU_and_memory_monitor,CPU and memory monitor,Adiscon User Interface .resw source; locale=es-ES; revision=edd9fe10d4a120194e4a0a1e60a5d04d661b79ab
WINSyslogClient.WinUI/Strings/Resources,WINSyslogClient.WinUI Resources,Workbench_FilterGroup_Custom_Property,Propiedad personalizada,Adiscon User Interface .resw source; locale=es-ES; revision=edd9fe10d4a120194e4a0a1e60a5d04d661b79ab
WINSyslogClient.WinUI/Strings/Resources,WINSyslogClient.WinUI Resources,Workbench_FilterGroup_Date_Time,Fecha/Hora,Adiscon User Interface .resw source; locale=es-ES; revision=edd9fe10d4a120194e4a0a1e60a5d04d661b79ab
WINSyslogClient.WinUI/Strings/Resources,WINSyslogClient.WinUI Resources,Workbench_FilterGroup_Date_and_time,Date and time,Adiscon User Interface .resw source; locale=es-ES; revision=edd9fe10d4a120194e4a0a1e60a5d04d661b79ab
WINSyslogClient.WinUI/Strings/Resources,WINSyslogClient.WinUI Resources,Workbench_FilterGroup_Disk_Space_Monitor,Disk Space Monitor,Adiscon User Interface .resw source; locale=es-ES; revision=edd9fe10d4a120194e4a0a1e60a5d04d661b79ab
WINSyslogClient.WinUI/Strings/Resources,WINSyslogClient.WinUI Resources,Workbench_FilterGroup_Event_Log_Monitor,Monitor de registro de eventos,Adiscon User Interface .resw source; locale=es-ES; revision=edd9fe10d4a120194e4a0a1e60a5d04d661b79ab
WINSyslogClient.WinUI/Strings/Resources,WINSyslogClient.WinUI Resources,Workbench_FilterGroup_Event_Log_Monitor_V2,Monitor de registro de eventos V2,Adiscon User Interface .resw source; locale=es-ES; revision=edd9fe10d4a120194e4a0a1e60a5d04d661b79ab
WINSyslogClient.WinUI/Strings/Resources,WINSyslogClient.WinUI Resources,Workbench_FilterGroup_Extended_IP_Property,Propiedad de IP extendida,Adiscon User Interface .resw source; locale=es-ES; revision=edd9fe10d4a120194e4a0a1e60a5d04d661b79ab
WINSyslogClient.WinUI/Strings/Resources,WINSyslogClient.WinUI Resources,Workbench_FilterGroup_Extended_Number_Property,Propiedad de número extendido,Adiscon User Interface .resw source; locale=es-ES; revision=edd9fe10d4a120194e4a0a1e60a5d04d661b79ab
WINSyslogClient.WinUI/Strings/Resources,WINSyslogClient.WinUI Resources,Workbench_FilterGroup_FTP_Probe,Sonda FTP,Adiscon User Interface .resw source; locale=es-ES; revision=edd9fe10d4a120194e4a0a1e60a5d04d661b79ab
WINSyslogClient.WinUI/Strings/Resources,WINSyslogClient.WinUI Resources,Workbench_FilterGroup_File_Exists,Archivo existe,Adiscon User Interface .resw source; locale=es-ES; revision=edd9fe10d4a120194e4a0a1e60a5d04d661b79ab
WINSyslogClient.WinUI/Strings/Resources,WINSyslogClient.WinUI Resources,Workbench_FilterGroup_File_Monitor,Supervisor de archivos,Adiscon User Interface .resw source; locale=es-ES; revision=edd9fe10d4a120194e4a0a1e60a5d04d661b79ab
WINSyslogClient.WinUI/Strings/Resources,WINSyslogClient.WinUI Resources,Workbench_FilterGroup_File_and_system_services,File and system services,Adiscon User Interface .resw source; locale=es-ES; revision=edd9fe10d4a120194e4a0a1e60a5d04d661b79ab
WINSyslogClient.WinUI/Strings/Resources,WINSyslogClient.WinUI Resources,Workbench_FilterGroup_General,General,Adiscon User Interface .resw source; locale=es-ES; revision=edd9fe10d4a120194e4a0a1e60a5d04d661b79ab
WINSyslogClient.WinUI/Strings/Resources,WINSyslogClient.WinUI Resources,Workbench_FilterGroup_HTTP_Probe,Sonda HTTP,Adiscon User Interface .resw source; locale=es-ES; revision=edd9fe10d4a120194e4a0a1e60a5d04d661b79ab
WINSyslogClient.WinUI/Strings/Resources,WINSyslogClient.WinUI Resources,Workbench_FilterGroup_IMAP_Probe,Sonda IMAP,Adiscon User Interface .resw source; locale=es-ES; revision=edd9fe10d4a120194e4a0a1e60a5d04d661b79ab
WINSyslogClient.WinUI/Strings/Resources,WINSyslogClient.WinUI Resources,Workbench_FilterGroup_Information_unit_type,Information unit type,Adiscon User Interface .resw source; locale=es-ES; revision=edd9fe10d4a120194e4a0a1e60a5d04d661b79ab
WINSyslogClient.WinUI/Strings/Resources,WINSyslogClient.WinUI Resources,Workbench_FilterGroup_Modern_shortcuts,Modern shortcuts,Adiscon User Interface .resw source; locale=es-ES; revision=edd9fe10d4a120194e4a0a1e60a5d04d661b79ab
WINSyslogClient.WinUI/Strings/Resources,WINSyslogClient.WinUI Resources,Workbench_FilterGroup_NNTP_Probe,Sonda NNTP,Adiscon User Interface .resw source; locale=es-ES; revision=edd9fe10d4a120194e4a0a1e60a5d04d661b79ab
WINSyslogClient.WinUI/Strings/Resources,WINSyslogClient.WinUI Resources,Workbench_FilterGroup_NT_Service_Monitor,NT Service Monitor,Adiscon User Interface .resw source; locale=es-ES; revision=edd9fe10d4a120194e4a0a1e60a5d04d661b79ab
WINSyslogClient.WinUI/Strings/Resources,WINSyslogClient.WinUI Resources,Workbench_FilterGroup_Network_Related_Services,Servicios relacionados con red,Adiscon User Interface .resw source; locale=es-ES; revision=edd9fe10d4a120194e4a0a1e60a5d04d661b79ab
WINSyslogClient.WinUI/Strings/Resources,WINSyslogClient.WinUI Resources,Workbench_FilterGroup_Network_services,Network services,Adiscon User Interface .resw source; locale=es-ES; revision=edd9fe10d4a120194e4a0a1e60a5d04d661b79ab
WINSyslogClient.WinUI/Strings/Resources,WINSyslogClient.WinUI Resources,Workbench_FilterGroup_Other_services,Otros Services,Adiscon User Interface .resw source; locale=es-ES; revision=edd9fe10d4a120194e4a0a1e60a5d04d661b79ab
WINSyslogClient.WinUI/Strings/Resources,WINSyslogClient.WinUI Resources,Workbench_FilterGroup_POP3_Probe,Sonda POP3,Adiscon User Interface .resw source; locale=es-ES; revision=edd9fe10d4a120194e4a0a1e60a5d04d661b79ab
WINSyslogClient.WinUI/Strings/Resources,WINSyslogClient.WinUI Resources,Workbench_FilterGroup_Probe_services,Servicios Probe,Adiscon User Interface .resw source; locale=es-ES; revision=edd9fe10d4a120194e4a0a1e60a5d04d661b79ab
WINSyslogClient.WinUI/Strings/Resources,WINSyslogClient.WinUI Resources,Workbench_FilterGroup_SMTP_Probe,SMTP Sonda,Adiscon User Interface .resw source; locale=es-ES; revision=edd9fe10d4a120194e4a0a1e60a5d04d661b79ab
WINSyslogClient.WinUI/Strings/Resources,WINSyslogClient.WinUI Resources,Workbench_FilterGroup_SNMP_trap,SNMP trap,Adiscon User Interface .resw source; locale=es-ES; revision=edd9fe10d4a120194e4a0a1e60a5d04d661b79ab
WINSyslogClient.WinUI/Strings/Resources,WINSyslogClient.WinUI Resources,Workbench_FilterGroup_Serial_Port_Monitor,Serial Port Monitor,Adiscon User Interface .resw source; locale=es-ES; revision=edd9fe10d4a120194e4a0a1e60a5d04d661b79ab
WINSyslogClient.WinUI/Strings/Resources,WINSyslogClient.WinUI Resources,Workbench_FilterGroup_Syslog,Syslog,Adiscon User Interface .resw source; locale=es-ES; revision=edd9fe10d4a120194e4a0a1e60a5d04d661b79ab
WINSyslogClient.WinUI/Strings/Resources,WINSyslogClient.WinUI Resources,Workbench_FilterGroup_Weekday,Weekday,Adiscon User Interface .resw source; locale=es-ES; revision=edd9fe10d4a120194e4a0a1e60a5d04d661b79ab
WINSyslogClient.WinUI/Strings/Resources,WINSyslogClient.WinUI Resources,Workbench_FilterPreset_eval_cpu_load_Description,CPU load percentage,Adiscon User Interface .resw source; locale=es-ES; revision=edd9fe10d4a120194e4a0a1e60a5d04d661b79ab
WINSyslogClient.WinUI/Strings/Resources,WINSyslogClient.WinUI Resources,Workbench_FilterPreset_eval_cpu_load_Title,CPU load,Adiscon User Interface .resw source; locale=es-ES; revision=edd9fe10d4a120194e4a0a1e60a5d04d661b79ab
WINSyslogClient.WinUI/Strings/Resources,WINSyslogClient.WinUI Resources,Workbench_FilterPreset_eval_cpu_number_Description,CPU number,Adiscon User Interface .resw source; locale=es-ES; revision=edd9fe10d4a120194e4a0a1e60a5d04d661b79ab
WINSyslogClient.WinUI/Strings/Resources,WINSyslogClient.WinUI Resources,Workbench_FilterPreset_eval_cpu_number_Title,CPU number,Adiscon User Interface .resw source; locale=es-ES; revision=edd9fe10d4a120194e4a0a1e60a5d04d661b79ab
WINSyslogClient.WinUI/Strings/Resources,WINSyslogClient.WinUI Resources,Workbench_FilterPreset_eval_custom_Description,"Custom property, comparison, and value",Adiscon User Interface .resw source; locale=es-ES; revision=edd9fe10d4a120194e4a0a1e60a5d04d661b79ab
WINSyslogClient.WinUI/Strings/Resources,WINSyslogClient.WinUI Resources,Workbench_FilterPreset_eval_custom_Title,Custom EVAL,Adiscon User Interface .resw source; locale=es-ES; revision=edd9fe10d4a120194e4a0a1e60a5d04d661b79ab
WINSyslogClient.WinUI/Strings/Resources,WINSyslogClient.WinUI Resources,Workbench_FilterPreset_eval_customerid_Description,Customer identifier,Adiscon User Interface .resw source; locale=es-ES; revision=edd9fe10d4a120194e4a0a1e60a5d04d661b79ab
WINSyslogClient.WinUI/Strings/Resources,WINSyslogClient.WinUI Resources,Workbench_FilterPreset_eval_customerid_Title,Customer ID,Adiscon User Interface .resw source; locale=es-ES; revision=edd9fe10d4a120194e4a0a1e60a5d04d661b79ab
WINSyslogClient.WinUI/Strings/Resources,WINSyslogClient.WinUI Resources,Workbench_FilterPreset_eval_datetime_Description,Date or time window,Adiscon User Interface .resw source; locale=es-ES; revision=edd9fe10d4a120194e4a0a1e60a5d04d661b79ab
WINSyslogClient.WinUI/Strings/Resources,WINSyslogClient.WinUI Resources,Workbench_FilterPreset_eval_datetime_Title,Date / time,Adiscon User Interface .resw source; locale=es-ES; revision=edd9fe10d4a120194e4a0a1e60a5d04d661b79ab
WINSyslogClient.WinUI/Strings/Resources,WINSyslogClient.WinUI Resources,Workbench_FilterPreset_eval_disk_space_gigabytes_Description,Remaining disk space in gigabytes,Adiscon User Interface .resw source; locale=es-ES; revision=edd9fe10d4a120194e4a0a1e60a5d04d661b79ab
WINSyslogClient.WinUI/Strings/Resources,WINSyslogClient.WinUI Resources,Workbench_FilterPreset_eval_disk_space_gigabytes_Title,Disk space left (GB),Adiscon User Interface .resw source; locale=es-ES; revision=edd9fe10d4a120194e4a0a1e60a5d04d661b79ab
WINSyslogClient.WinUI/Strings/Resources,WINSyslogClient.WinUI Resources,Workbench_FilterPreset_eval_disk_space_megabytes_Description,Remaining disk space in megabytes,Adiscon User Interface .resw source; locale=es-ES; revision=edd9fe10d4a120194e4a0a1e60a5d04d661b79ab
WINSyslogClient.WinUI/Strings/Resources,WINSyslogClient.WinUI Resources,Workbench_FilterPreset_eval_disk_space_megabytes_Title,Disk space left (MB),Adiscon User Interface .resw source; locale=es-ES; revision=edd9fe10d4a120194e4a0a1e60a5d04d661b79ab
WINSyslogClient.WinUI/Strings/Resources,WINSyslogClient.WinUI Resources,Workbench_FilterPreset_eval_disk_space_percent_Description,Remaining disk space percentage,Adiscon User Interface .resw source; locale=es-ES; revision=edd9fe10d4a120194e4a0a1e60a5d04d661b79ab
WINSyslogClient.WinUI/Strings/Resources,WINSyslogClient.WinUI Resources,Workbench_FilterPreset_eval_disk_space_percent_Title,Disk space left (%),Adiscon User Interface .resw source; locale=es-ES; revision=edd9fe10d4a120194e4a0a1e60a5d04d661b79ab
WINSyslogClient.WinUI/Strings/Resources,WINSyslogClient.WinUI Resources,Workbench_FilterPreset_eval_event_v1_category_Description,Classic Event Log category,Adiscon User Interface .resw source; locale=es-ES; revision=edd9fe10d4a120194e4a0a1e60a5d04d661b79ab
WINSyslogClient.WinUI/Strings/Resources,WINSyslogClient.WinUI Resources,Workbench_FilterPreset_eval_event_v1_category_Title,Categoría de evento,Adiscon User Interface .resw source; locale=es-ES; revision=edd9fe10d4a120194e4a0a1e60a5d04d661b79ab
WINSyslogClient.WinUI/Strings/Resources,WINSyslogClient.WinUI Resources,Workbench_FilterPreset_eval_event_v1_category_name_Description,Classic Event Log category name,Adiscon User Interface .resw source; locale=es-ES; revision=edd9fe10d4a120194e4a0a1e60a5d04d661b79ab
WINSyslogClient.WinUI/Strings/Resources,WINSyslogClient.WinUI Resources,Workbench_FilterPreset_eval_event_v1_category_name_Title,Event category name,Adiscon User Interface .resw source; locale=es-ES; revision=edd9fe10d4a120194e4a0a1e60a5d04d661b79ab
WINSyslogClient.WinUI/Strings/Resources,WINSyslogClient.WinUI Resources,Workbench_FilterPreset_eval_event_v1_record_number_Description,Classic Event Log record number,Adiscon User Interface .resw source; locale=es-ES; revision=edd9fe10d4a120194e4a0a1e60a5d04d661b79ab
WINSyslogClient.WinUI/Strings/Resources,WINSyslogClient.WinUI Resources,Workbench_FilterPreset_eval_event_v1_record_number_Title,Event record number,Adiscon User Interface .resw source; locale=es-ES; revision=edd9fe10d4a120194e4a0a1e60a5d04d661b79ab
WINSyslogClient.WinUI/Strings/Resources,WINSyslogClient.WinUI Resources,Workbench_FilterPreset_eval_event_v1_severity_Description,Classic Event Log severity,Adiscon User Interface .resw source; locale=es-ES; revision=edd9fe10d4a120194e4a0a1e60a5d04d661b79ab
WINSyslogClient.WinUI/Strings/Resources,WINSyslogClient.WinUI Resources,Workbench_FilterPreset_eval_event_v1_severity_Title,Gravedad del evento,Adiscon User Interface .resw source; locale=es-ES; revision=edd9fe10d4a120194e4a0a1e60a5d04d661b79ab
WINSyslogClient.WinUI/Strings/Resources,WINSyslogClient.WinUI Resources,Workbench_FilterPreset_eval_event_v1_source_Description,Classic Event Log source,Adiscon User Interface .resw source; locale=es-ES; revision=edd9fe10d4a120194e4a0a1e60a5d04d661b79ab
WINSyslogClient.WinUI/Strings/Resources,WINSyslogClient.WinUI Resources,Workbench_FilterPreset_eval_event_v1_source_Title,Fuente del evento,Adiscon User Interface .resw source; locale=es-ES; revision=edd9fe10d4a120194e4a0a1e60a5d04d661b79ab
WINSyslogClient.WinUI/Strings/Resources,WINSyslogClient.WinUI Resources,Workbench_FilterPreset_eval_event_v1_type_Description,Classic Event Log event type,Adiscon User Interface .resw source; locale=es-ES; revision=edd9fe10d4a120194e4a0a1e60a5d04d661b79ab
WINSyslogClient.WinUI/Strings/Resources,WINSyslogClient.WinUI Resources,Workbench_FilterPreset_eval_event_v1_type_Title,Tipo de evento,Adiscon User Interface .resw source; locale=es-ES; revision=edd9fe10d4a120194e4a0a1e60a5d04d661b79ab
WINSyslogClient.WinUI/Strings/Resources,WINSyslogClient.WinUI Resources,Workbench_FilterPreset_eval_event_v1_user_Description,Classic Event Log user,Adiscon User Interface .resw source; locale=es-ES; revision=edd9fe10d4a120194e4a0a1e60a5d04d661b79ab
WINSyslogClient.WinUI/Strings/Resources,WINSyslogClient.WinUI Resources,Workbench_FilterPreset_eval_event_v1_user_Title,Usuario del evento,Adiscon User Interface .resw source; locale=es-ES; revision=edd9fe10d4a120194e4a0a1e60a5d04d661b79ab
WINSyslogClient.WinUI/Strings/Resources,WINSyslogClient.WinUI Resources,Workbench_FilterPreset_eval_event_v2_category_Description,Event Log Monitor V2 category,Adiscon User Interface .resw source; locale=es-ES; revision=edd9fe10d4a120194e4a0a1e60a5d04d661b79ab
WINSyslogClient.WinUI/Strings/Resources,WINSyslogClient.WinUI Resources,Workbench_FilterPreset_eval_event_v2_category_Title,Categoría de evento,Adiscon User Interface .resw source; locale=es-ES; revision=edd9fe10d4a120194e4a0a1e60a5d04d661b79ab
WINSyslogClient.WinUI/Strings/Resources,WINSyslogClient.WinUI Resources,Workbench_FilterPreset_eval_event_v2_category_name_Description,Event Log Monitor V2 category name,Adiscon User Interface .resw source; locale=es-ES; revision=edd9fe10d4a120194e4a0a1e60a5d04d661b79ab
WINSyslogClient.WinUI/Strings/Resources,WINSyslogClient.WinUI Resources,Workbench_FilterPreset_eval_event_v2_category_name_Title,Event category name,Adiscon User Interface .resw source; locale=es-ES; revision=edd9fe10d4a120194e4a0a1e60a5d04d661b79ab
WINSyslogClient.WinUI/Strings/Resources,WINSyslogClient.WinUI Resources,Workbench_FilterPreset_eval_event_v2_channel_Description,Event Log Monitor V2 channel,Adiscon User Interface .resw source; locale=es-ES; revision=edd9fe10d4a120194e4a0a1e60a5d04d661b79ab
WINSyslogClient.WinUI/Strings/Resources,WINSyslogClient.WinUI Resources,Workbench_FilterPreset_eval_event_v2_channel_Title,Canal de eventos,Adiscon User Interface .resw source; locale=es-ES; revision=edd9fe10d4a120194e4a0a1e60a5d04d661b79ab
WINSyslogClient.WinUI/Strings/Resources,WINSyslogClient.WinUI Resources,Workbench_FilterPreset_eval_event_v2_id_Description,Event Log Monitor V2 event ID,Adiscon User Interface .resw source; locale=es-ES; revision=edd9fe10d4a120194e4a0a1e60a5d04d661b79ab
WINSyslogClient.WinUI/Strings/Resources,WINSyslogClient.WinUI Resources,Workbench_FilterPreset_eval_event_v2_id_Title,ID de evento,Adiscon User Interface .resw source; locale=es-ES; revision=edd9fe10d4a120194e4a0a1e60a5d04d661b79ab
WINSyslogClient.WinUI/Strings/Resources,WINSyslogClient.WinUI Resources,Workbench_FilterPreset_eval_event_v2_keyword_Description,Event Log Monitor V2 keyword,Adiscon User Interface .resw source; locale=es-ES; revision=edd9fe10d4a120194e4a0a1e60a5d04d661b79ab
WINSyslogClient.WinUI/Strings/Resources,WINSyslogClient.WinUI Resources,Workbench_FilterPreset_eval_event_v2_keyword_Title,Palabra clave del evento,Adiscon User Interface .resw source; locale=es-ES; revision=edd9fe10d4a120194e4a0a1e60a5d04d661b79ab
WINSyslogClient.WinUI/Strings/Resources,WINSyslogClient.WinUI Resources,Workbench_FilterPreset_eval_event_v2_keyword_id_Description,Event Log Monitor V2 keyword ID,Adiscon User Interface .resw source; locale=es-ES; revision=edd9fe10d4a120194e4a0a1e60a5d04d661b79ab
WINSyslogClient.WinUI/Strings/Resources,WINSyslogClient.WinUI Resources,Workbench_FilterPreset_eval_event_v2_keyword_id_Title,ID de palabra clave del evento,Adiscon User Interface .resw source; locale=es-ES; revision=edd9fe10d4a120194e4a0a1e60a5d04d661b79ab
WINSyslogClient.WinUI/Strings/Resources,WINSyslogClient.WinUI Resources,Workbench_FilterPreset_eval_event_v2_level_Description,Event Log Monitor V2 level,Adiscon User Interface .resw source; locale=es-ES; revision=edd9fe10d4a120194e4a0a1e60a5d04d661b79ab
WINSyslogClient.WinUI/Strings/Resources,WINSyslogClient.WinUI Resources,Workbench_FilterPreset_eval_event_v2_level_Title,Nivel de evento,Adiscon User Interface .resw source; locale=es-ES; revision=edd9fe10d4a120194e4a0a1e60a5d04d661b79ab
WINSyslogClient.WinUI/Strings/Resources,WINSyslogClient.WinUI Resources,Workbench_FilterPreset_eval_event_v2_raw_source_Description,Event Log Monitor V2 raw source,Adiscon User Interface .resw source; locale=es-ES; revision=edd9fe10d4a120194e4a0a1e60a5d04d661b79ab
WINSyslogClient.WinUI/Strings/Resources,WINSyslogClient.WinUI Resources,Workbench_FilterPreset_eval_event_v2_raw_source_Title,Raw event source,Adiscon User Interface .resw source; locale=es-ES; revision=edd9fe10d4a120194e4a0a1e60a5d04d661b79ab
WINSyslogClient.WinUI/Strings/Resources,WINSyslogClient.WinUI Resources,Workbench_FilterPreset_eval_event_v2_severity_Description,Event Log Monitor V2 severity,Adiscon User Interface .resw source; locale=es-ES; revision=edd9fe10d4a120194e4a0a1e60a5d04d661b79ab
WINSyslogClient.WinUI/Strings/Resources,WINSyslogClient.WinUI Resources,Workbench_FilterPreset_eval_event_v2_severity_Title,Gravedad del evento,Adiscon User Interface .resw source; locale=es-ES; revision=edd9fe10d4a120194e4a0a1e60a5d04d661b79ab
WINSyslogClient.WinUI/Strings/Resources,WINSyslogClient.WinUI Resources,Workbench_FilterPreset_eval_event_v2_severity_id_Description,Event Log Monitor V2 severity ID,Adiscon User Interface .resw source; locale=es-ES; revision=edd9fe10d4a120194e4a0a1e60a5d04d661b79ab
WINSyslogClient.WinUI/Strings/Resources,WINSyslogClient.WinUI Resources,Workbench_FilterPreset_eval_event_v2_severity_id_Title,ID de gravedad del evento,Adiscon User Interface .resw source; locale=es-ES; revision=edd9fe10d4a120194e4a0a1e60a5d04d661b79ab
WINSyslogClient.WinUI/Strings/Resources,WINSyslogClient.WinUI Resources,Workbench_FilterPreset_eval_event_v2_source_Description,Event Log Monitor V2 source,Adiscon User Interface .resw source; locale=es-ES; revision=edd9fe10d4a120194e4a0a1e60a5d04d661b79ab
WINSyslogClient.WinUI/Strings/Resources,WINSyslogClient.WinUI Resources,Workbench_FilterPreset_eval_event_v2_source_Title,Fuente del evento,Adiscon User Interface .resw source; locale=es-ES; revision=edd9fe10d4a120194e4a0a1e60a5d04d661b79ab
WINSyslogClient.WinUI/Strings/Resources,WINSyslogClient.WinUI Resources,Workbench_FilterPreset_eval_event_v2_user_Description,Event Log Monitor V2 user,Adiscon User Interface .resw source; locale=es-ES; revision=edd9fe10d4a120194e4a0a1e60a5d04d661b79ab
WINSyslogClient.WinUI/Strings/Resources,WINSyslogClient.WinUI Resources,Workbench_FilterPreset_eval_event_v2_user_Title,Usuario del evento,Adiscon User Interface .resw source; locale=es-ES; revision=edd9fe10d4a120194e4a0a1e60a5d04d661b79ab
WINSyslogClient.WinUI/Strings/Resources,WINSyslogClient.WinUI Resources,Workbench_FilterPreset_eval_eventid_Description,Classic Event Log event ID,Adiscon User Interface .resw source; locale=es-ES; revision=edd9fe10d4a120194e4a0a1e60a5d04d661b79ab
WINSyslogClient.WinUI/Strings/Resources,WINSyslogClient.WinUI Resources,Workbench_FilterPreset_eval_eventid_Title,ID de evento,Adiscon User Interface .resw source; locale=es-ES; revision=edd9fe10d4a120194e4a0a1e60a5d04d661b79ab
WINSyslogClient.WinUI/Strings/Resources,WINSyslogClient.WinUI Resources,Workbench_FilterPreset_eval_extended_ip_Description,IP extended property,Adiscon User Interface .resw source; locale=es-ES; revision=edd9fe10d4a120194e4a0a1e60a5d04d661b79ab
WINSyslogClient.WinUI/Strings/Resources,WINSyslogClient.WinUI Resources,Workbench_FilterPreset_eval_extended_ip_Title,Propiedad de IP extendida,Adiscon User Interface .resw source; locale=es-ES; revision=edd9fe10d4a120194e4a0a1e60a5d04d661b79ab
WINSyslogClient.WinUI/Strings/Resources,WINSyslogClient.WinUI Resources,Workbench_FilterPreset_eval_extended_number_Description,Numeric extended property,Adiscon User Interface .resw source; locale=es-ES; revision=edd9fe10d4a120194e4a0a1e60a5d04d661b79ab
WINSyslogClient.WinUI/Strings/Resources,WINSyslogClient.WinUI Resources,Workbench_FilterPreset_eval_extended_number_Title,Propiedad de número extendido,Adiscon User Interface .resw source; locale=es-ES; revision=edd9fe10d4a120194e4a0a1e60a5d04d661b79ab
WINSyslogClient.WinUI/Strings/Resources,WINSyslogClient.WinUI Resources,Workbench_FilterPreset_eval_file_exists_Description,File-exists condition,Adiscon User Interface .resw source; locale=es-ES; revision=edd9fe10d4a120194e4a0a1e60a5d04d661b79ab
WINSyslogClient.WinUI/Strings/Resources,WINSyslogClient.WinUI Resources,Workbench_FilterPreset_eval_file_exists_Title,Archivo existe,Adiscon User Interface .resw source; locale=es-ES; revision=edd9fe10d4a120194e4a0a1e60a5d04d661b79ab
WINSyslogClient.WinUI/Strings/Resources,WINSyslogClient.WinUI Resources,Workbench_FilterPreset_eval_file_generated_base_name_Description,Generated base filename,Adiscon User Interface .resw source; locale=es-ES; revision=edd9fe10d4a120194e4a0a1e60a5d04d661b79ab
WINSyslogClient.WinUI/Strings/Resources,WINSyslogClient.WinUI Resources,Workbench_FilterPreset_eval_file_generated_base_name_Title,Generated filename without path,Adiscon User Interface .resw source; locale=es-ES; revision=edd9fe10d4a120194e4a0a1e60a5d04d661b79ab
WINSyslogClient.WinUI/Strings/Resources,WINSyslogClient.WinUI Resources,Workbench_FilterPreset_eval_file_generated_name_Description,Generated filename including path,Adiscon User Interface .resw source; locale=es-ES; revision=edd9fe10d4a120194e4a0a1e60a5d04d661b79ab
WINSyslogClient.WinUI/Strings/Resources,WINSyslogClient.WinUI Resources,Workbench_FilterPreset_eval_file_generated_name_Title,Nombre de archivo generado,Adiscon User Interface .resw source; locale=es-ES; revision=edd9fe10d4a120194e4a0a1e60a5d04d661b79ab
WINSyslogClient.WinUI/Strings/Resources,WINSyslogClient.WinUI Resources,Workbench_FilterPreset_eval_filesystem_Description,Generic file-system monitor property,Adiscon User Interface .resw source; locale=es-ES; revision=edd9fe10d4a120194e4a0a1e60a5d04d661b79ab
WINSyslogClient.WinUI/Strings/Resources,WINSyslogClient.WinUI Resources,Workbench_FilterPreset_eval_filesystem_Title,File system monitoring,Adiscon User Interface .resw source; locale=es-ES; revision=edd9fe10d4a120194e4a0a1e60a5d04d661b79ab
WINSyslogClient.WinUI/Strings/Resources,WINSyslogClient.WinUI Resources,Workbench_FilterPreset_eval_ftp_response_Description,FTP probe response,Adiscon User Interface .resw source; locale=es-ES; revision=edd9fe10d4a120194e4a0a1e60a5d04d661b79ab
WINSyslogClient.WinUI/Strings/Resources,WINSyslogClient.WinUI Resources,Workbench_FilterPreset_eval_ftp_response_Title,FTP response,Adiscon User Interface .resw source; locale=es-ES; revision=edd9fe10d4a120194e4a0a1e60a5d04d661b79ab
WINSyslogClient.WinUI/Strings/Resources,WINSyslogClient.WinUI Resources,Workbench_FilterPreset_eval_ftp_status_Description,FTP probe status code,Adiscon User Interface .resw source; locale=es-ES; revision=edd9fe10d4a120194e4a0a1e60a5d04d661b79ab
WINSyslogClient.WinUI/Strings/Resources,WINSyslogClient.WinUI Resources,Workbench_FilterPreset_eval_ftp_status_Title,FTP status code,Adiscon User Interface .resw source; locale=es-ES; revision=edd9fe10d4a120194e4a0a1e60a5d04d661b79ab
WINSyslogClient.WinUI/Strings/Resources,WINSyslogClient.WinUI Resources,Workbench_FilterPreset_eval_hostname_Description,Nombre host local,Adiscon User Interface .resw source; locale=es-ES; revision=edd9fe10d4a120194e4a0a1e60a5d04d661b79ab
WINSyslogClient.WinUI/Strings/Resources,WINSyslogClient.WinUI Resources,Workbench_FilterPreset_eval_hostname_Title,Nombre host local,Adiscon User Interface .resw source; locale=es-ES; revision=edd9fe10d4a120194e4a0a1e60a5d04d661b79ab
WINSyslogClient.WinUI/Strings/Resources,WINSyslogClient.WinUI Resources,Workbench_FilterPreset_eval_http_response_Description,HTTP probe response,Adiscon User Interface .resw source; locale=es-ES; revision=edd9fe10d4a120194e4a0a1e60a5d04d661b79ab
WINSyslogClient.WinUI/Strings/Resources,WINSyslogClient.WinUI Resources,Workbench_FilterPreset_eval_http_response_Title,HTTP response,Adiscon User Interface .resw source; locale=es-ES; revision=edd9fe10d4a120194e4a0a1e60a5d04d661b79ab
WINSyslogClient.WinUI/Strings/Resources,WINSyslogClient.WinUI Resources,Workbench_FilterPreset_eval_http_status_Description,HTTP probe status code,Adiscon User Interface .resw source; locale=es-ES; revision=edd9fe10d4a120194e4a0a1e60a5d04d661b79ab
WINSyslogClient.WinUI/Strings/Resources,WINSyslogClient.WinUI Resources,Workbench_FilterPreset_eval_http_status_Title,HTTP status code,Adiscon User Interface .resw source; locale=es-ES; revision=edd9fe10d4a120194e4a0a1e60a5d04d661b79ab
WINSyslogClient.WinUI/Strings/Resources,WINSyslogClient.WinUI Resources,Workbench_FilterPreset_eval_imap_response_Description,IMAP probe response,Adiscon User Interface .resw source; locale=es-ES; revision=edd9fe10d4a120194e4a0a1e60a5d04d661b79ab
WINSyslogClient.WinUI/Strings/Resources,WINSyslogClient.WinUI Resources,Workbench_FilterPreset_eval_imap_response_Title,IMAP response,Adiscon User Interface .resw source; locale=es-ES; revision=edd9fe10d4a120194e4a0a1e60a5d04d661b79ab
WINSyslogClient.WinUI/Strings/Resources,WINSyslogClient.WinUI Resources,Workbench_FilterPreset_eval_imap_status_Description,IMAP probe status code,Adiscon User Interface .resw source; locale=es-ES; revision=edd9fe10d4a120194e4a0a1e60a5d04d661b79ab
WINSyslogClient.WinUI/Strings/Resources,WINSyslogClient.WinUI Resources,Workbench_FilterPreset_eval_imap_status_Title,IMAP status code,Adiscon User Interface .resw source; locale=es-ES; revision=edd9fe10d4a120194e4a0a1e60a5d04d661b79ab
WINSyslogClient.WinUI/Strings/Resources,WINSyslogClient.WinUI Resources,Workbench_FilterPreset_eval_iscpumemorymonitor_Description,CPU and memory monitor information-unit flag,Adiscon User Interface .resw source; locale=es-ES; revision=edd9fe10d4a120194e4a0a1e60a5d04d661b79ab
WINSyslogClient.WinUI/Strings/Resources,WINSyslogClient.WinUI Resources,Workbench_FilterPreset_eval_iscpumemorymonitor_Title,CPU and memory monitor,Adiscon User Interface .resw source; locale=es-ES; revision=edd9fe10d4a120194e4a0a1e60a5d04d661b79ab
WINSyslogClient.WinUI/Strings/Resources,WINSyslogClient.WinUI Resources,Workbench_FilterPreset_eval_isdatabasemonitor_Description,Database Monitor information-unit flag,Adiscon User Interface .resw source; locale=es-ES; revision=edd9fe10d4a120194e4a0a1e60a5d04d661b79ab
WINSyslogClient.WinUI/Strings/Resources,WINSyslogClient.WinUI Resources,Workbench_FilterPreset_eval_isdatabasemonitor_Title,Monitor de base de datos,Adiscon User Interface .resw source; locale=es-ES; revision=edd9fe10d4a120194e4a0a1e60a5d04d661b79ab
WINSyslogClient.WinUI/Strings/Resources,WINSyslogClient.WinUI Resources,Workbench_FilterPreset_eval_isdiskspacemonitor_Description,Disk Space Monitor information-unit flag,Adiscon User Interface .resw source; locale=es-ES; revision=edd9fe10d4a120194e4a0a1e60a5d04d661b79ab
WINSyslogClient.WinUI/Strings/Resources,WINSyslogClient.WinUI Resources,Workbench_FilterPreset_eval_isdiskspacemonitor_Title,Disk Space Monitor,Adiscon User Interface .resw source; locale=es-ES; revision=edd9fe10d4a120194e4a0a1e60a5d04d661b79ab
WINSyslogClient.WinUI/Strings/Resources,WINSyslogClient.WinUI Resources,Workbench_FilterPreset_eval_iseventlogmonitor_Description,Event Log Monitor information-unit flag,Adiscon User Interface .resw source; locale=es-ES; revision=edd9fe10d4a120194e4a0a1e60a5d04d661b79ab
WINSyslogClient.WinUI/Strings/Resources,WINSyslogClient.WinUI Resources,Workbench_FilterPreset_eval_iseventlogmonitor_Title,Monitor de registro de eventos,Adiscon User Interface .resw source; locale=es-ES; revision=edd9fe10d4a120194e4a0a1e60a5d04d661b79ab
WINSyslogClient.WinUI/Strings/Resources,WINSyslogClient.WinUI Resources,Workbench_FilterPreset_eval_iseventlogmonitorv2_Description,Event Log Monitor V2 information-unit flag,Adiscon User Interface .resw source; locale=es-ES; revision=edd9fe10d4a120194e4a0a1e60a5d04d661b79ab
WINSyslogClient.WinUI/Strings/Resources,WINSyslogClient.WinUI Resources,Workbench_FilterPreset_eval_iseventlogmonitorv2_Title,Monitor de registro de eventos V2,Adiscon User Interface .resw source; locale=es-ES; revision=edd9fe10d4a120194e4a0a1e60a5d04d661b79ab
WINSyslogClient.WinUI/Strings/Resources,WINSyslogClient.WinUI Resources,Workbench_FilterPreset_eval_isfilemonitor_Description,File Monitor information-unit flag,Adiscon User Interface .resw source; locale=es-ES; revision=edd9fe10d4a120194e4a0a1e60a5d04d661b79ab
WINSyslogClient.WinUI/Strings/Resources,WINSyslogClient.WinUI Resources,Workbench_FilterPreset_eval_isfilemonitor_Title,Supervisor de archivos,Adiscon User Interface .resw source; locale=es-ES; revision=edd9fe10d4a120194e4a0a1e60a5d04d661b79ab
WINSyslogClient.WinUI/Strings/Resources,WINSyslogClient.WinUI Resources,Workbench_FilterPreset_eval_isftpprobe_Description,FTP Probe information-unit flag,Adiscon User Interface .resw source; locale=es-ES; revision=edd9fe10d4a120194e4a0a1e60a5d04d661b79ab
WINSyslogClient.WinUI/Strings/Resources,WINSyslogClient.WinUI Resources,Workbench_FilterPreset_eval_isftpprobe_Title,Sonda FTP,Adiscon User Interface .resw source; locale=es-ES; revision=edd9fe10d4a120194e4a0a1e60a5d04d661b79ab
WINSyslogClient.WinUI/Strings/Resources,WINSyslogClient.WinUI Resources,Workbench_FilterPreset_eval_isheartbeat_Description,Heartbeat information-unit flag,Adiscon User Interface .resw source; locale=es-ES; revision=edd9fe10d4a120194e4a0a1e60a5d04d661b79ab
WINSyslogClient.WinUI/Strings/Resources,WINSyslogClient.WinUI Resources,Workbench_FilterPreset_eval_isheartbeat_Title,Latido del corazón,Adiscon User Interface .resw source; locale=es-ES; revision=edd9fe10d4a120194e4a0a1e60a5d04d661b79ab
WINSyslogClient.WinUI/Strings/Resources,WINSyslogClient.WinUI Resources,Workbench_FilterPreset_eval_ishttpprobe_Description,HTTP Probe information-unit flag,Adiscon User Interface .resw source; locale=es-ES; revision=edd9fe10d4a120194e4a0a1e60a5d04d661b79ab
WINSyslogClient.WinUI/Strings/Resources,WINSyslogClient.WinUI Resources,Workbench_FilterPreset_eval_ishttpprobe_Title,Sonda HTTP,Adiscon User Interface .resw source; locale=es-ES; revision=edd9fe10d4a120194e4a0a1e60a5d04d661b79ab
WINSyslogClient.WinUI/Strings/Resources,WINSyslogClient.WinUI Resources,Workbench_FilterPreset_eval_isimapprobe_Description,IMAP Probe information-unit flag,Adiscon User Interface .resw source; locale=es-ES; revision=edd9fe10d4a120194e4a0a1e60a5d04d661b79ab
WINSyslogClient.WinUI/Strings/Resources,WINSyslogClient.WinUI Resources,Workbench_FilterPreset_eval_isimapprobe_Title,Sonda IMAP,Adiscon User Interface .resw source; locale=es-ES; revision=edd9fe10d4a120194e4a0a1e60a5d04d661b79ab
WINSyslogClient.WinUI/Strings/Resources,WINSyslogClient.WinUI Resources,Workbench_FilterPreset_eval_isnntpprobe_Description,NNTP Probe information-unit flag,Adiscon User Interface .resw source; locale=es-ES; revision=edd9fe10d4a120194e4a0a1e60a5d04d661b79ab
WINSyslogClient.WinUI/Strings/Resources,WINSyslogClient.WinUI Resources,Workbench_FilterPreset_eval_isnntpprobe_Title,Sonda NNTP,Adiscon User Interface .resw source; locale=es-ES; revision=edd9fe10d4a120194e4a0a1e60a5d04d661b79ab
WINSyslogClient.WinUI/Strings/Resources,WINSyslogClient.WinUI Resources,Workbench_FilterPreset_eval_isntservicemonitor_Description,NT Service Monitor information-unit flag,Adiscon User Interface .resw source; locale=es-ES; revision=edd9fe10d4a120194e4a0a1e60a5d04d661b79ab
WINSyslogClient.WinUI/Strings/Resources,WINSyslogClient.WinUI Resources,Workbench_FilterPreset_eval_isntservicemonitor_Title,NT Service Monitor,Adiscon User Interface .resw source; locale=es-ES; revision=edd9fe10d4a120194e4a0a1e60a5d04d661b79ab
WINSyslogClient.WinUI/Strings/Resources,WINSyslogClient.WinUI Resources,Workbench_FilterPreset_eval_ispingprobe_Description,Ping Probe information-unit flag,Adiscon User Interface .resw source; locale=es-ES; revision=edd9fe10d4a120194e4a0a1e60a5d04d661b79ab
WINSyslogClient.WinUI/Strings/Resources,WINSyslogClient.WinUI Resources,Workbench_FilterPreset_eval_ispingprobe_Title,Sonda de ping,Adiscon User Interface .resw source; locale=es-ES; revision=edd9fe10d4a120194e4a0a1e60a5d04d661b79ab
WINSyslogClient.WinUI/Strings/Resources,WINSyslogClient.WinUI Resources,Workbench_FilterPreset_eval_ispop3probe_Description,POP3 Probe information-unit flag,Adiscon User Interface .resw source; locale=es-ES; revision=edd9fe10d4a120194e4a0a1e60a5d04d661b79ab
WINSyslogClient.WinUI/Strings/Resources,WINSyslogClient.WinUI Resources,Workbench_FilterPreset_eval_ispop3probe_Title,Sonda POP3,Adiscon User Interface .resw source; locale=es-ES; revision=edd9fe10d4a120194e4a0a1e60a5d04d661b79ab
WINSyslogClient.WinUI/Strings/Resources,WINSyslogClient.WinUI Resources,Workbench_FilterPreset_eval_isportprobe_Description,Port Probe information-unit flag,Adiscon User Interface .resw source; locale=es-ES; revision=edd9fe10d4a120194e4a0a1e60a5d04d661b79ab
WINSyslogClient.WinUI/Strings/Resources,WINSyslogClient.WinUI Resources,Workbench_FilterPreset_eval_isportprobe_Title,Sonda de puerto,Adiscon User Interface .resw source; locale=es-ES; revision=edd9fe10d4a120194e4a0a1e60a5d04d661b79ab
WINSyslogClient.WinUI/Strings/Resources,WINSyslogClient.WinUI Resources,Workbench_FilterPreset_eval_isrelplistener_Description,RELP Listener information-unit flag,Adiscon User Interface .resw source; locale=es-ES; revision=edd9fe10d4a120194e4a0a1e60a5d04d661b79ab
WINSyslogClient.WinUI/Strings/Resources,WINSyslogClient.WinUI Resources,Workbench_FilterPreset_eval_isrelplistener_Title,RELP Oyente,Adiscon User Interface .resw source; locale=es-ES; revision=edd9fe10d4a120194e4a0a1e60a5d04d661b79ab
WINSyslogClient.WinUI/Strings/Resources,WINSyslogClient.WinUI Resources,Workbench_FilterPreset_eval_isserialportmonitor_Description,Serial Port Monitor information-unit flag,Adiscon User Interface .resw source; locale=es-ES; revision=edd9fe10d4a120194e4a0a1e60a5d04d661b79ab
WINSyslogClient.WinUI/Strings/Resources,WINSyslogClient.WinUI Resources,Workbench_FilterPreset_eval_isserialportmonitor_Title,Serial Port Monitor,Adiscon User Interface .resw source; locale=es-ES; revision=edd9fe10d4a120194e4a0a1e60a5d04d661b79ab
WINSyslogClient.WinUI/Strings/Resources,WINSyslogClient.WinUI Resources,Workbench_FilterPreset_eval_issmtplistener_Description,SMTP Listener information-unit flag,Adiscon User Interface .resw source; locale=es-ES; revision=edd9fe10d4a120194e4a0a1e60a5d04d661b79ab
WINSyslogClient.WinUI/Strings/Resources,WINSyslogClient.WinUI Resources,Workbench_FilterPreset_eval_issmtplistener_Title,SMTP Oyente,Adiscon User Interface .resw source; locale=es-ES; revision=edd9fe10d4a120194e4a0a1e60a5d04d661b79ab
WINSyslogClient.WinUI/Strings/Resources,WINSyslogClient.WinUI Resources,Workbench_FilterPreset_eval_issmtpprobe_Description,SMTP Probe information-unit flag,Adiscon User Interface .resw source; locale=es-ES; revision=edd9fe10d4a120194e4a0a1e60a5d04d661b79ab
WINSyslogClient.WinUI/Strings/Resources,WINSyslogClient.WinUI Resources,Workbench_FilterPreset_eval_issmtpprobe_Title,SMTP Sonda,Adiscon User Interface .resw source; locale=es-ES; revision=edd9fe10d4a120194e4a0a1e60a5d04d661b79ab
WINSyslogClient.WinUI/Strings/Resources,WINSyslogClient.WinUI Resources,Workbench_FilterPreset_eval_issnmpmonitor_Description,SNMP Monitor information-unit flag,Adiscon User Interface .resw source; locale=es-ES; revision=edd9fe10d4a120194e4a0a1e60a5d04d661b79ab
WINSyslogClient.WinUI/Strings/Resources,WINSyslogClient.WinUI Resources,Workbench_FilterPreset_eval_issnmpmonitor_Title,SNMP Monitorear,Adiscon User Interface .resw source; locale=es-ES; revision=edd9fe10d4a120194e4a0a1e60a5d04d661b79ab
WINSyslogClient.WinUI/Strings/Resources,WINSyslogClient.WinUI Resources,Workbench_FilterPreset_eval_issnmptrap_Description,SNMP trap information-unit flag,Adiscon User Interface .resw source; locale=es-ES; revision=edd9fe10d4a120194e4a0a1e60a5d04d661b79ab
WINSyslogClient.WinUI/Strings/Resources,WINSyslogClient.WinUI Resources,Workbench_FilterPreset_eval_issnmptrap_Title,SNMP trap,Adiscon User Interface .resw source; locale=es-ES; revision=edd9fe10d4a120194e4a0a1e60a5d04d661b79ab
WINSyslogClient.WinUI/Strings/Resources,WINSyslogClient.WinUI Resources,Workbench_FilterPreset_eval_issyslog_Description,Syslog information-unit flag,Adiscon User Interface .resw source; locale=es-ES; revision=edd9fe10d4a120194e4a0a1e60a5d04d661b79ab
WINSyslogClient.WinUI/Strings/Resources,WINSyslogClient.WinUI Resources,Workbench_FilterPreset_eval_issyslog_Title,Syslog,Adiscon User Interface .resw source; locale=es-ES; revision=edd9fe10d4a120194e4a0a1e60a5d04d661b79ab
WINSyslogClient.WinUI/Strings/Resources,WINSyslogClient.WinUI Resources,Workbench_FilterPreset_eval_memory_physical_free_Description,Free physical memory in megabytes,Adiscon User Interface .resw source; locale=es-ES; revision=edd9fe10d4a120194e4a0a1e60a5d04d661b79ab
WINSyslogClient.WinUI/Strings/Resources,WINSyslogClient.WinUI Resources,Workbench_FilterPreset_eval_memory_physical_free_Title,Free physical memory,Adiscon User Interface .resw source; locale=es-ES; revision=edd9fe10d4a120194e4a0a1e60a5d04d661b79ab
WINSyslogClient.WinUI/Strings/Resources,WINSyslogClient.WinUI Resources,Workbench_FilterPreset_eval_memory_physical_load_Description,Physical memory load percentage,Adiscon User Interface .resw source; locale=es-ES; revision=edd9fe10d4a120194e4a0a1e60a5d04d661b79ab
WINSyslogClient.WinUI/Strings/Resources,WINSyslogClient.WinUI Resources,Workbench_FilterPreset_eval_memory_physical_load_Title,Physical memory load,Adiscon User Interface .resw source; locale=es-ES; revision=edd9fe10d4a120194e4a0a1e60a5d04d661b79ab
WINSyslogClient.WinUI/Strings/Resources,WINSyslogClient.WinUI Resources,Workbench_FilterPreset_eval_memory_physical_max_Description,Maximum physical memory in megabytes,Adiscon User Interface .resw source; locale=es-ES; revision=edd9fe10d4a120194e4a0a1e60a5d04d661b79ab
WINSyslogClient.WinUI/Strings/Resources,WINSyslogClient.WinUI Resources,Workbench_FilterPreset_eval_memory_physical_max_Title,Maximum physical memory,Adiscon User Interface .resw source; locale=es-ES; revision=edd9fe10d4a120194e4a0a1e60a5d04d661b79ab
WINSyslogClient.WinUI/Strings/Resources,WINSyslogClient.WinUI Resources,Workbench_FilterPreset_eval_memory_total_free_Description,Free total memory in megabytes,Adiscon User Interface .resw source; locale=es-ES; revision=edd9fe10d4a120194e4a0a1e60a5d04d661b79ab
WINSyslogClient.WinUI/Strings/Resources,WINSyslogClient.WinUI Resources,Workbench_FilterPreset_eval_memory_total_free_Title,Free total memory,Adiscon User Interface .resw source; locale=es-ES; revision=edd9fe10d4a120194e4a0a1e60a5d04d661b79ab
WINSyslogClient.WinUI/Strings/Resources,WINSyslogClient.WinUI Resources,Workbench_FilterPreset_eval_memory_total_load_Description,Total memory load percentage,Adiscon User Interface .resw source; locale=es-ES; revision=edd9fe10d4a120194e4a0a1e60a5d04d661b79ab
WINSyslogClient.WinUI/Strings/Resources,WINSyslogClient.WinUI Resources,Workbench_FilterPreset_eval_memory_total_load_Title,Total memory load,Adiscon User Interface .resw source; locale=es-ES; revision=edd9fe10d4a120194e4a0a1e60a5d04d661b79ab
WINSyslogClient.WinUI/Strings/Resources,WINSyslogClient.WinUI Resources,Workbench_FilterPreset_eval_memory_total_max_Description,Maximum total memory in megabytes,Adiscon User Interface .resw source; locale=es-ES; revision=edd9fe10d4a120194e4a0a1e60a5d04d661b79ab
WINSyslogClient.WinUI/Strings/Resources,WINSyslogClient.WinUI Resources,Workbench_FilterPreset_eval_memory_total_max_Title,Maximum total memory,Adiscon User Interface .resw source; locale=es-ES; revision=edd9fe10d4a120194e4a0a1e60a5d04d661b79ab
WINSyslogClient.WinUI/Strings/Resources,WINSyslogClient.WinUI Resources,Workbench_FilterPreset_eval_memory_virtual_free_Description,Free virtual memory in megabytes,Adiscon User Interface .resw source; locale=es-ES; revision=edd9fe10d4a120194e4a0a1e60a5d04d661b79ab
WINSyslogClient.WinUI/Strings/Resources,WINSyslogClient.WinUI Resources,Workbench_FilterPreset_eval_memory_virtual_free_Title,Free virtual memory,Adiscon User Interface .resw source; locale=es-ES; revision=edd9fe10d4a120194e4a0a1e60a5d04d661b79ab
WINSyslogClient.WinUI/Strings/Resources,WINSyslogClient.WinUI Resources,Workbench_FilterPreset_eval_memory_virtual_load_Description,Virtual memory load percentage,Adiscon User Interface .resw source; locale=es-ES; revision=edd9fe10d4a120194e4a0a1e60a5d04d661b79ab
WINSyslogClient.WinUI/Strings/Resources,WINSyslogClient.WinUI Resources,Workbench_FilterPreset_eval_memory_virtual_load_Title,Virtual memory load,Adiscon User Interface .resw source; locale=es-ES; revision=edd9fe10d4a120194e4a0a1e60a5d04d661b79ab
WINSyslogClient.WinUI/Strings/Resources,WINSyslogClient.WinUI Resources,Workbench_FilterPreset_eval_memory_virtual_max_Description,Maximum virtual memory in megabytes,Adiscon User Interface .resw source; locale=es-ES; revision=edd9fe10d4a120194e4a0a1e60a5d04d661b79ab
WINSyslogClient.WinUI/Strings/Resources,WINSyslogClient.WinUI Resources,Workbench_FilterPreset_eval_memory_virtual_max_Title,Maximum virtual memory,Adiscon User Interface .resw source; locale=es-ES; revision=edd9fe10d4a120194e4a0a1e60a5d04d661b79ab
WINSyslogClient.WinUI/Strings/Resources,WINSyslogClient.WinUI Resources,Workbench_FilterPreset_eval_msg_Description,Message content,Adiscon User Interface .resw source; locale=es-ES; revision=edd9fe10d4a120194e4a0a1e60a5d04d661b79ab
WINSyslogClient.WinUI/Strings/Resources,WINSyslogClient.WinUI Resources,Workbench_FilterPreset_eval_msg_Title,Mensaje,Adiscon User Interface .resw source; locale=es-ES; revision=edd9fe10d4a120194e4a0a1e60a5d04d661b79ab
WINSyslogClient.WinUI/Strings/Resources,WINSyslogClient.WinUI Resources,Workbench_FilterPreset_eval_nntp_response_Description,NNTP probe response,Adiscon User Interface .resw source; locale=es-ES; revision=edd9fe10d4a120194e4a0a1e60a5d04d661b79ab
WINSyslogClient.WinUI/Strings/Resources,WINSyslogClient.WinUI Resources,Workbench_FilterPreset_eval_nntp_response_Title,NNTP response,Adiscon User Interface .resw source; locale=es-ES; revision=edd9fe10d4a120194e4a0a1e60a5d04d661b79ab
WINSyslogClient.WinUI/Strings/Resources,WINSyslogClient.WinUI Resources,Workbench_FilterPreset_eval_nntp_status_Description,NNTP probe status code,Adiscon User Interface .resw source; locale=es-ES; revision=edd9fe10d4a120194e4a0a1e60a5d04d661b79ab
WINSyslogClient.WinUI/Strings/Resources,WINSyslogClient.WinUI Resources,Workbench_FilterPreset_eval_nntp_status_Title,NNTP status code,Adiscon User Interface .resw source; locale=es-ES; revision=edd9fe10d4a120194e4a0a1e60a5d04d661b79ab
WINSyslogClient.WinUI/Strings/Resources,WINSyslogClient.WinUI Resources,Workbench_FilterPreset_eval_nt_service_display_name_Description,NT service display name,Adiscon User Interface .resw source; locale=es-ES; revision=edd9fe10d4a120194e4a0a1e60a5d04d661b79ab
WINSyslogClient.WinUI/Strings/Resources,WINSyslogClient.WinUI Resources,Workbench_FilterPreset_eval_nt_service_display_name_Title,Service display name,Adiscon User Interface .resw source; locale=es-ES; revision=edd9fe10d4a120194e4a0a1e60a5d04d661b79ab
WINSyslogClient.WinUI/Strings/Resources,WINSyslogClient.WinUI Resources,Workbench_FilterPreset_eval_nt_service_name_Description,NT service name,Adiscon User Interface .resw source; locale=es-ES; revision=edd9fe10d4a120194e4a0a1e60a5d04d661b79ab
WINSyslogClient.WinUI/Strings/Resources,WINSyslogClient.WinUI Resources,Workbench_FilterPreset_eval_nt_service_name_Title,Service name,Adiscon User Interface .resw source; locale=es-ES; revision=edd9fe10d4a120194e4a0a1e60a5d04d661b79ab
WINSyslogClient.WinUI/Strings/Resources,WINSyslogClient.WinUI Resources,Workbench_FilterPreset_eval_other_service_Description,Generic service-type property,Adiscon User Interface .resw source; locale=es-ES; revision=edd9fe10d4a120194e4a0a1e60a5d04d661b79ab
WINSyslogClient.WinUI/Strings/Resources,WINSyslogClient.WinUI Resources,Workbench_FilterPreset_eval_other_service_Title,Otros Services,Adiscon User Interface .resw source; locale=es-ES; revision=edd9fe10d4a120194e4a0a1e60a5d04d661b79ab
WINSyslogClient.WinUI/Strings/Resources,WINSyslogClient.WinUI Resources,Workbench_FilterPreset_eval_pop3_response_Description,POP3 probe response,Adiscon User Interface .resw source; locale=es-ES; revision=edd9fe10d4a120194e4a0a1e60a5d04d661b79ab
WINSyslogClient.WinUI/Strings/Resources,WINSyslogClient.WinUI Resources,Workbench_FilterPreset_eval_pop3_response_Title,POP3 response,Adiscon User Interface .resw source; locale=es-ES; revision=edd9fe10d4a120194e4a0a1e60a5d04d661b79ab
WINSyslogClient.WinUI/Strings/Resources,WINSyslogClient.WinUI Resources,Workbench_FilterPreset_eval_pop3_status_Description,POP3 probe status code,Adiscon User Interface .resw source; locale=es-ES; revision=edd9fe10d4a120194e4a0a1e60a5d04d661b79ab
WINSyslogClient.WinUI/Strings/Resources,WINSyslogClient.WinUI Resources,Workbench_FilterPreset_eval_pop3_status_Title,POP3 status code,Adiscon User Interface .resw source; locale=es-ES; revision=edd9fe10d4a120194e4a0a1e60a5d04d661b79ab
WINSyslogClient.WinUI/Strings/Resources,WINSyslogClient.WinUI Resources,Workbench_FilterPreset_eval_probe_Description,Generic probe-service property,Adiscon User Interface .resw source; locale=es-ES; revision=edd9fe10d4a120194e4a0a1e60a5d04d661b79ab
WINSyslogClient.WinUI/Strings/Resources,WINSyslogClient.WinUI Resources,Workbench_FilterPreset_eval_probe_Title,Servicios Probe,Adiscon User Interface .resw source; locale=es-ES; revision=edd9fe10d4a120194e4a0a1e60a5d04d661b79ab
WINSyslogClient.WinUI/Strings/Resources,WINSyslogClient.WinUI Resources,Workbench_FilterPreset_eval_serial_port_name_Description,Serial port name,Adiscon User Interface .resw source; locale=es-ES; revision=edd9fe10d4a120194e4a0a1e60a5d04d661b79ab
WINSyslogClient.WinUI/Strings/Resources,WINSyslogClient.WinUI Resources,Workbench_FilterPreset_eval_serial_port_name_Title,Port name,Adiscon User Interface .resw source; locale=es-ES; revision=edd9fe10d4a120194e4a0a1e60a5d04d661b79ab
WINSyslogClient.WinUI/Strings/Resources,WINSyslogClient.WinUI Resources,Workbench_FilterPreset_eval_smtp_response_Description,SMTP probe response,Adiscon User Interface .resw source; locale=es-ES; revision=edd9fe10d4a120194e4a0a1e60a5d04d661b79ab
WINSyslogClient.WinUI/Strings/Resources,WINSyslogClient.WinUI Resources,Workbench_FilterPreset_eval_smtp_response_Title,SMTP response,Adiscon User Interface .resw source; locale=es-ES; revision=edd9fe10d4a120194e4a0a1e60a5d04d661b79ab
WINSyslogClient.WinUI/Strings/Resources,WINSyslogClient.WinUI Resources,Workbench_FilterPreset_eval_smtp_status_Description,SMTP probe status code,Adiscon User Interface .resw source; locale=es-ES; revision=edd9fe10d4a120194e4a0a1e60a5d04d661b79ab
WINSyslogClient.WinUI/Strings/Resources,WINSyslogClient.WinUI Resources,Workbench_FilterPreset_eval_smtp_status_Title,SMTP status code,Adiscon User Interface .resw source; locale=es-ES; revision=edd9fe10d4a120194e4a0a1e60a5d04d661b79ab
WINSyslogClient.WinUI/Strings/Resources,WINSyslogClient.WinUI Resources,Workbench_FilterPreset_eval_snmp_agent_ip_Description,SNMP agent IP address,Adiscon User Interface .resw source; locale=es-ES; revision=edd9fe10d4a120194e4a0a1e60a5d04d661b79ab
WINSyslogClient.WinUI/Strings/Resources,WINSyslogClient.WinUI Resources,Workbench_FilterPreset_eval_snmp_agent_ip_Title,Agent IP,Adiscon User Interface .resw source; locale=es-ES; revision=edd9fe10d4a120194e4a0a1e60a5d04d661b79ab
WINSyslogClient.WinUI/Strings/Resources,WINSyslogClient.WinUI Resources,Workbench_FilterPreset_eval_snmp_community_Description,SNMP community,Adiscon User Interface .resw source; locale=es-ES; revision=edd9fe10d4a120194e4a0a1e60a5d04d661b79ab
WINSyslogClient.WinUI/Strings/Resources,WINSyslogClient.WinUI Resources,Workbench_FilterPreset_eval_snmp_community_Title,Community,Adiscon User Interface .resw source; locale=es-ES; revision=edd9fe10d4a120194e4a0a1e60a5d04d661b79ab
WINSyslogClient.WinUI/Strings/Resources,WINSyslogClient.WinUI Resources,Workbench_FilterPreset_eval_snmp_enterprise_Description,SNMP enterprise,Adiscon User Interface .resw source; locale=es-ES; revision=edd9fe10d4a120194e4a0a1e60a5d04d661b79ab
WINSyslogClient.WinUI/Strings/Resources,WINSyslogClient.WinUI Resources,Workbench_FilterPreset_eval_snmp_enterprise_Title,Enterprise,Adiscon User Interface .resw source; locale=es-ES; revision=edd9fe10d4a120194e4a0a1e60a5d04d661b79ab
WINSyslogClient.WinUI/Strings/Resources,WINSyslogClient.WinUI Resources,Workbench_FilterPreset_eval_snmp_generic_name_Description,SNMP generic name,Adiscon User Interface .resw source; locale=es-ES; revision=edd9fe10d4a120194e4a0a1e60a5d04d661b79ab
WINSyslogClient.WinUI/Strings/Resources,WINSyslogClient.WinUI Resources,Workbench_FilterPreset_eval_snmp_generic_name_Title,Generic name,Adiscon User Interface .resw source; locale=es-ES; revision=edd9fe10d4a120194e4a0a1e60a5d04d661b79ab
WINSyslogClient.WinUI/Strings/Resources,WINSyslogClient.WinUI Resources,Workbench_FilterPreset_eval_snmp_specific_type_Description,SNMP specific trap type,Adiscon User Interface .resw source; locale=es-ES; revision=edd9fe10d4a120194e4a0a1e60a5d04d661b79ab
WINSyslogClient.WinUI/Strings/Resources,WINSyslogClient.WinUI Resources,Workbench_FilterPreset_eval_snmp_specific_type_Title,Specific type,Adiscon User Interface .resw source; locale=es-ES; revision=edd9fe10d4a120194e4a0a1e60a5d04d661b79ab
WINSyslogClient.WinUI/Strings/Resources,WINSyslogClient.WinUI Resources,Workbench_FilterPreset_eval_snmp_uptime_Description,SNMP uptime,Adiscon User Interface .resw source; locale=es-ES; revision=edd9fe10d4a120194e4a0a1e60a5d04d661b79ab
WINSyslogClient.WinUI/Strings/Resources,WINSyslogClient.WinUI Resources,Workbench_FilterPreset_eval_snmp_uptime_Title,Uptime,Adiscon User Interface .resw source; locale=es-ES; revision=edd9fe10d4a120194e4a0a1e60a5d04d661b79ab
WINSyslogClient.WinUI/Strings/Resources,WINSyslogClient.WinUI Resources,Workbench_FilterPreset_eval_snmp_version_Description,SNMP version,Adiscon User Interface .resw source; locale=es-ES; revision=edd9fe10d4a120194e4a0a1e60a5d04d661b79ab
WINSyslogClient.WinUI/Strings/Resources,WINSyslogClient.WinUI Resources,Workbench_FilterPreset_eval_snmp_version_Title,Version,Adiscon User Interface .resw source; locale=es-ES; revision=edd9fe10d4a120194e4a0a1e60a5d04d661b79ab
WINSyslogClient.WinUI/Strings/Resources,WINSyslogClient.WinUI Resources,Workbench_FilterPreset_eval_source_Description,Source address,Adiscon User Interface .resw source; locale=es-ES; revision=edd9fe10d4a120194e4a0a1e60a5d04d661b79ab
WINSyslogClient.WinUI/Strings/Resources,WINSyslogClient.WinUI Resources,Workbench_FilterPreset_eval_source_Title,Origen,Adiscon User Interface .resw source; locale=es-ES; revision=edd9fe10d4a120194e4a0a1e60a5d04d661b79ab
WINSyslogClient.WinUI/Strings/Resources,WINSyslogClient.WinUI Resources,Workbench_FilterPreset_eval_source_ip_type_Description,Source address using IP-aware comparison,Adiscon User Interface .resw source; locale=es-ES; revision=edd9fe10d4a120194e4a0a1e60a5d04d661b79ab
WINSyslogClient.WinUI/Strings/Resources,WINSyslogClient.WinUI Resources,Workbench_FilterPreset_eval_source_ip_type_Title,Source IP type,Adiscon User Interface .resw source; locale=es-ES; revision=edd9fe10d4a120194e4a0a1e60a5d04d661b79ab
WINSyslogClient.WinUI/Strings/Resources,WINSyslogClient.WinUI Resources,Workbench_FilterPreset_eval_status_name_value_Description,Status property name and value,Adiscon User Interface .resw source; locale=es-ES; revision=edd9fe10d4a120194e4a0a1e60a5d04d661b79ab
WINSyslogClient.WinUI/Strings/Resources,WINSyslogClient.WinUI Resources,Workbench_FilterPreset_eval_status_name_value_Title,Status name and value,Adiscon User Interface .resw source; locale=es-ES; revision=edd9fe10d4a120194e4a0a1e60a5d04d661b79ab
WINSyslogClient.WinUI/Strings/Resources,WINSyslogClient.WinUI Resources,Workbench_FilterPreset_eval_syslogappname_Description,Syslog APP-NAME,Adiscon User Interface .resw source; locale=es-ES; revision=edd9fe10d4a120194e4a0a1e60a5d04d661b79ab
WINSyslogClient.WinUI/Strings/Resources,WINSyslogClient.WinUI Resources,Workbench_FilterPreset_eval_syslogappname_Title,Syslog app name,Adiscon User Interface .resw source; locale=es-ES; revision=edd9fe10d4a120194e4a0a1e60a5d04d661b79ab
WINSyslogClient.WinUI/Strings/Resources,WINSyslogClient.WinUI Resources,Workbench_FilterPreset_eval_syslogfacility_Description,Syslog facility,Adiscon User Interface .resw source; locale=es-ES; revision=edd9fe10d4a120194e4a0a1e60a5d04d661b79ab
WINSyslogClient.WinUI/Strings/Resources,WINSyslogClient.WinUI Resources,Workbench_FilterPreset_eval_syslogfacility_Title,Syslog facility,Adiscon User Interface .resw source; locale=es-ES; revision=edd9fe10d4a120194e4a0a1e60a5d04d661b79ab
WINSyslogClient.WinUI/Strings/Resources,WINSyslogClient.WinUI Resources,Workbench_FilterPreset_eval_syslogmsgid_Description,SyslogMSGID,Adiscon User Interface .resw source; locale=es-ES; revision=edd9fe10d4a120194e4a0a1e60a5d04d661b79ab
WINSyslogClient.WinUI/Strings/Resources,WINSyslogClient.WinUI Resources,Workbench_FilterPreset_eval_syslogmsgid_Title,Syslog message ID,Adiscon User Interface .resw source; locale=es-ES; revision=edd9fe10d4a120194e4a0a1e60a5d04d661b79ab
WINSyslogClient.WinUI/Strings/Resources,WINSyslogClient.WinUI Resources,Workbench_FilterPreset_eval_syslogpriority_Description,Syslog priority,Adiscon User Interface .resw source; locale=es-ES; revision=edd9fe10d4a120194e4a0a1e60a5d04d661b79ab
WINSyslogClient.WinUI/Strings/Resources,WINSyslogClient.WinUI Resources,Workbench_FilterPreset_eval_syslogpriority_Title,Syslog priority,Adiscon User Interface .resw source; locale=es-ES; revision=edd9fe10d4a120194e4a0a1e60a5d04d661b79ab
WINSyslogClient.WinUI/Strings/Resources,WINSyslogClient.WinUI Resources,Workbench_FilterPreset_eval_syslogprocid_Description,Syslog ID de proceso,Adiscon User Interface .resw source; locale=es-ES; revision=edd9fe10d4a120194e4a0a1e60a5d04d661b79ab
WINSyslogClient.WinUI/Strings/Resources,WINSyslogClient.WinUI Resources,Workbench_FilterPreset_eval_syslogprocid_Title,Syslog process ID,Adiscon User Interface .resw source; locale=es-ES; revision=edd9fe10d4a120194e4a0a1e60a5d04d661b79ab
WINSyslogClient.WinUI/Strings/Resources,WINSyslogClient.WinUI Resources,Workbench_FilterPreset_eval_syslogstructdata_Description,Syslog structured data,Adiscon User Interface .resw source; locale=es-ES; revision=edd9fe10d4a120194e4a0a1e60a5d04d661b79ab
WINSyslogClient.WinUI/Strings/Resources,WINSyslogClient.WinUI Resources,Workbench_FilterPreset_eval_syslogstructdata_Title,Syslog structured data,Adiscon User Interface .resw source; locale=es-ES; revision=edd9fe10d4a120194e4a0a1e60a5d04d661b79ab
WINSyslogClient.WinUI/Strings/Resources,WINSyslogClient.WinUI Resources,Workbench_FilterPreset_eval_syslogtag_Description,Syslog Etiqueta,Adiscon User Interface .resw source; locale=es-ES; revision=edd9fe10d4a120194e4a0a1e60a5d04d661b79ab
WINSyslogClient.WinUI/Strings/Resources,WINSyslogClient.WinUI Resources,Workbench_FilterPreset_eval_syslogtag_Title,Syslog Etiqueta,Adiscon User Interface .resw source; locale=es-ES; revision=edd9fe10d4a120194e4a0a1e60a5d04d661b79ab
WINSyslogClient.WinUI/Strings/Resources,WINSyslogClient.WinUI Resources,Workbench_FilterPreset_eval_syslogversion_Description,Syslog protocol version,Adiscon User Interface .resw source; locale=es-ES; revision=edd9fe10d4a120194e4a0a1e60a5d04d661b79ab
WINSyslogClient.WinUI/Strings/Resources,WINSyslogClient.WinUI Resources,Workbench_FilterPreset_eval_syslogversion_Title,Syslog Versión,Adiscon User Interface .resw source; locale=es-ES; revision=edd9fe10d4a120194e4a0a1e60a5d04d661b79ab
WINSyslogClient.WinUI/Strings/Resources,WINSyslogClient.WinUI Resources,Workbench_FilterPreset_eval_systemid_Description,System identifier,Adiscon User Interface .resw source; locale=es-ES; revision=edd9fe10d4a120194e4a0a1e60a5d04d661b79ab
WINSyslogClient.WinUI/Strings/Resources,WINSyslogClient.WinUI Resources,Workbench_FilterPreset_eval_systemid_Title,System ID,Adiscon User Interface .resw source; locale=es-ES; revision=edd9fe10d4a120194e4a0a1e60a5d04d661b79ab
WINSyslogClient.WinUI/Strings/Resources,WINSyslogClient.WinUI Resources,Workbench_FilterPreset_eval_weekday_friday_Description,Ejecutar viernes,Adiscon User Interface .resw source; locale=es-ES; revision=edd9fe10d4a120194e4a0a1e60a5d04d661b79ab
WINSyslogClient.WinUI/Strings/Resources,WINSyslogClient.WinUI Resources,Workbench_FilterPreset_eval_weekday_friday_Title,Friday,Adiscon User Interface .resw source; locale=es-ES; revision=edd9fe10d4a120194e4a0a1e60a5d04d661b79ab
WINSyslogClient.WinUI/Strings/Resources,WINSyslogClient.WinUI Resources,Workbench_FilterPreset_eval_weekday_monday_Description,Ejecutar lunes,Adiscon User Interface .resw source; locale=es-ES; revision=edd9fe10d4a120194e4a0a1e60a5d04d661b79ab
WINSyslogClient.WinUI/Strings/Resources,WINSyslogClient.WinUI Resources,Workbench_FilterPreset_eval_weekday_monday_Title,Monday,Adiscon User Interface .resw source; locale=es-ES; revision=edd9fe10d4a120194e4a0a1e60a5d04d661b79ab
WINSyslogClient.WinUI/Strings/Resources,WINSyslogClient.WinUI Resources,Workbench_FilterPreset_eval_weekday_saturday_Description,Ejecutar sábado,Adiscon User Interface .resw source; locale=es-ES; revision=edd9fe10d4a120194e4a0a1e60a5d04d661b79ab
WINSyslogClient.WinUI/Strings/Resources,WINSyslogClient.WinUI Resources,Workbench_FilterPreset_eval_weekday_saturday_Title,Saturday,Adiscon User Interface .resw source; locale=es-ES; revision=edd9fe10d4a120194e4a0a1e60a5d04d661b79ab
WINSyslogClient.WinUI/Strings/Resources,WINSyslogClient.WinUI Resources,Workbench_FilterPreset_eval_weekday_sunday_Description,Ejecutar domingo,Adiscon User Interface .resw source; locale=es-ES; revision=edd9fe10d4a120194e4a0a1e60a5d04d661b79ab
WINSyslogClient.WinUI/Strings/Resources,WINSyslogClient.WinUI Resources,Workbench_FilterPreset_eval_weekday_sunday_Title,Sunday,Adiscon User Interface .resw source; locale=es-ES; revision=edd9fe10d4a120194e4a0a1e60a5d04d661b79ab
WINSyslogClient.WinUI/Strings/Resources,WINSyslogClient.WinUI Resources,Workbench_FilterPreset_eval_weekday_thursday_Description,Ejecutar jueves,Adiscon User Interface .resw source; locale=es-ES; revision=edd9fe10d4a120194e4a0a1e60a5d04d661b79ab
WINSyslogClient.WinUI/Strings/Resources,WINSyslogClient.WinUI Resources,Workbench_FilterPreset_eval_weekday_thursday_Title,Thursday,Adiscon User Interface .resw source; locale=es-ES; revision=edd9fe10d4a120194e4a0a1e60a5d04d661b79ab
WINSyslogClient.WinUI/Strings/Resources,WINSyslogClient.WinUI Resources,Workbench_FilterPreset_eval_weekday_tuesday_Description,Ejecutar martes,Adiscon User Interface .resw source; locale=es-ES; revision=edd9fe10d4a120194e4a0a1e60a5d04d661b79ab
WINSyslogClient.WinUI/Strings/Resources,WINSyslogClient.WinUI Resources,Workbench_FilterPreset_eval_weekday_tuesday_Title,Tuesday,Adiscon User Interface .resw source; locale=es-ES; revision=edd9fe10d4a120194e4a0a1e60a5d04d661b79ab
WINSyslogClient.WinUI/Strings/Resources,WINSyslogClient.WinUI Resources,Workbench_FilterPreset_eval_weekday_wednesday_Description,Ejecutar miércoles,Adiscon User Interface .resw source; locale=es-ES; revision=edd9fe10d4a120194e4a0a1e60a5d04d661b79ab
WINSyslogClient.WinUI/Strings/Resources,WINSyslogClient.WinUI Resources,Workbench_FilterPreset_eval_weekday_wednesday_Title,Wednesday,Adiscon User Interface .resw source; locale=es-ES; revision=edd9fe10d4a120194e4a0a1e60a5d04d661b79ab
WINSyslogClient.WinUI/Strings/Resources,WINSyslogClient.WinUI Resources,Workbench_FilterPreset_op_and_Description,All children must match,Adiscon User Interface .resw source; locale=es-ES; revision=edd9fe10d4a120194e4a0a1e60a5d04d661b79ab
WINSyslogClient.WinUI/Strings/Resources,WINSyslogClient.WinUI Resources,Workbench_FilterPreset_op_and_Title,AND,Adiscon User Interface .resw source; locale=es-ES; revision=edd9fe10d4a120194e4a0a1e60a5d04d661b79ab
WINSyslogClient.WinUI/Strings/Resources,WINSyslogClient.WinUI Resources,Workbench_FilterPreset_op_false_Description,Always false,Adiscon User Interface .resw source; locale=es-ES; revision=edd9fe10d4a120194e4a0a1e60a5d04d661b79ab
WINSyslogClient.WinUI/Strings/Resources,WINSyslogClient.WinUI Resources,Workbench_FilterPreset_op_false_Title,FALSE,Adiscon User Interface .resw source; locale=es-ES; revision=edd9fe10d4a120194e4a0a1e60a5d04d661b79ab
WINSyslogClient.WinUI/Strings/Resources,WINSyslogClient.WinUI Resources,Workbench_FilterPreset_op_not_Description,Negates one child,Adiscon User Interface .resw source; locale=es-ES; revision=edd9fe10d4a120194e4a0a1e60a5d04d661b79ab
WINSyslogClient.WinUI/Strings/Resources,WINSyslogClient.WinUI Resources,Workbench_FilterPreset_op_not_Title,NOT,Adiscon User Interface .resw source; locale=es-ES; revision=edd9fe10d4a120194e4a0a1e60a5d04d661b79ab
WINSyslogClient.WinUI/Strings/Resources,WINSyslogClient.WinUI Resources,Workbench_FilterPreset_op_or_Description,Any child may match,Adiscon User Interface .resw source; locale=es-ES; revision=edd9fe10d4a120194e4a0a1e60a5d04d661b79ab
WINSyslogClient.WinUI/Strings/Resources,WINSyslogClient.WinUI Resources,Workbench_FilterPreset_op_or_Title,OR,Adiscon User Interface .resw source; locale=es-ES; revision=edd9fe10d4a120194e4a0a1e60a5d04d661b79ab
WINSyslogClient.WinUI/Strings/Resources,WINSyslogClient.WinUI Resources,Workbench_FilterPreset_op_true_Description,Always true,Adiscon User Interface .resw source; locale=es-ES; revision=edd9fe10d4a120194e4a0a1e60a5d04d661b79ab
WINSyslogClient.WinUI/Strings/Resources,WINSyslogClient.WinUI Resources,Workbench_FilterPreset_op_true_Title,TRUE,Adiscon User Interface .resw source; locale=es-ES; revision=edd9fe10d4a120194e4a0a1e60a5d04d661b79ab
WINSyslogClient.WinUI/Strings/Resources,WINSyslogClient.WinUI Resources,Workbench_FilterPreset_op_xor_Description,Exactly one child may match,Adiscon User Interface .resw source; locale=es-ES; revision=edd9fe10d4a120194e4a0a1e60a5d04d661b79ab
WINSyslogClient.WinUI/Strings/Resources,WINSyslogClient.WinUI Resources,Workbench_FilterPreset_op_xor_Title,XOR,Adiscon User Interface .resw source; locale=es-ES; revision=edd9fe10d4a120194e4a0a1e60a5d04d661b79ab
WINSyslogClient.WinUI/Strings/Resources,WINSyslogClient.WinUI Resources,Workbench_FilterRoot_Help,Root of the rule condition tree. Add operator or condition filters below this item.,Adiscon User Interface .resw source; locale=es-ES; revision=edd9fe10d4a120194e4a0a1e60a5d04d661b79ab
WINSyslogClient.WinUI/Strings/Resources,WINSyslogClient.WinUI Resources,Workbench_FilterRoot_Name,Filter root,Adiscon User Interface .resw source; locale=es-ES; revision=edd9fe10d4a120194e4a0a1e60a5d04d661b79ab
WINSyslogClient.WinUI/Strings/Resources,WINSyslogClient.WinUI Resources,Workbench_RuleTemplate_Empty_Description,Crear una regla sin una acción.,Adiscon User Interface .resw source; locale=es-ES; revision=edd9fe10d4a120194e4a0a1e60a5d04d661b79ab
WINSyslogClient.WinUI/Strings/Resources,WINSyslogClient.WinUI Resources,Workbench_RuleTemplate_Empty_Title,Regla vacía,Adiscon User Interface .resw source; locale=es-ES; revision=edd9fe10d4a120194e4a0a1e60a5d04d661b79ab
WINSyslogClient.WinUI/Strings/Resources,WINSyslogClient.WinUI Resources,Workbench_RuleTemplate_WithAction_Description,Crear una regla y elegir su primera acción.,Adiscon User Interface .resw source; locale=es-ES; revision=edd9fe10d4a120194e4a0a1e60a5d04d661b79ab
WINSyslogClient.WinUI/Strings/Resources,WINSyslogClient.WinUI Resources,Workbench_RuleTemplate_WithAction_Title,Regla con acción,Adiscon User Interface .resw source; locale=es-ES; revision=edd9fe10d4a120194e4a0a1e60a5d04d661b79ab
WINSyslogClient.WinUI/Strings/Resources,WINSyslogClient.WinUI Resources,bAbortRuleOnFailure,¿Abortar ejecución si falla una Rule?,Adiscon User Interface .resw source; locale=es-ES; revision=edd9fe10d4a120194e4a0a1e60a5d04d661b79ab
WINSyslogClient.WinUI/Strings/Resources,WINSyslogClient.WinUI Resources,bAddFacilityString,Añadir cadena de facilidad,Adiscon User Interface .resw source; locale=es-ES; revision=edd9fe10d4a120194e4a0a1e60a5d04d661b79ab
WINSyslogClient.WinUI/Strings/Resources,WINSyslogClient.WinUI Resources,bAutoReloadRandomDelay,Retraso aleatorio al comprobar config,Adiscon User Interface .resw source; locale=es-ES; revision=edd9fe10d4a120194e4a0a1e60a5d04d661b79ab
WINSyslogClient.WinUI/Strings/Resources,WINSyslogClient.WinUI Resources,bIgnoreTlsCertificateErrors,Ignorar errores de certificado TLS,Adiscon User Interface .resw source; locale=es-ES; revision=edd9fe10d4a120194e4a0a1e60a5d04d661b79ab
WINSyslogClient.WinUI/Strings/Resources,WINSyslogClient.WinUI Resources,bIndicateErrorToOrigin,¿Notificar al remitente sobre errores de acción de reglas?,Adiscon User Interface .resw source; locale=es-ES; revision=edd9fe10d4a120194e4a0a1e60a5d04d661b79ab
WINSyslogClient.WinUI/Strings/Resources,WINSyslogClient.WinUI Resources,bIsRegex_,Habilitar expresión regular,Adiscon User Interface .resw source; locale=es-ES; revision=edd9fe10d4a120194e4a0a1e60a5d04d661b79ab
WINSyslogClient.WinUI/Strings/Resources,WINSyslogClient.WinUI Resources,bReportInXML,Usar XML para informar,Adiscon User Interface .resw source; locale=es-ES; revision=edd9fe10d4a120194e4a0a1e60a5d04d661b79ab
WINSyslogClient.WinUI/Strings/Resources,WINSyslogClient.WinUI Resources,bReportTruncatedLog,Informar registro truncado,Adiscon User Interface .resw source; locale=es-ES; revision=edd9fe10d4a120194e4a0a1e60a5d04d661b79ab
WINSyslogClient.WinUI/Strings/Resources,WINSyslogClient.WinUI Resources,bShowEvtChannelAdmin,Mostrar canales operativos/administrativos,Adiscon User Interface .resw source; locale=es-ES; revision=edd9fe10d4a120194e4a0a1e60a5d04d661b79ab
WINSyslogClient.WinUI/Strings/Resources,WINSyslogClient.WinUI Resources,bShowEvtChannelDebug,Mostrar canales de depuración/análisis,Adiscon User Interface .resw source; locale=es-ES; revision=edd9fe10d4a120194e4a0a1e60a5d04d661b79ab
WINSyslogClient.WinUI/Strings/Resources,WINSyslogClient.WinUI Resources,bShowSyslogMsgNbr,Números de mensaje Syslog,Adiscon User Interface .resw source; locale=es-ES; revision=edd9fe10d4a120194e4a0a1e60a5d04d661b79ab
WINSyslogClient.WinUI/Strings/Resources,WINSyslogClient.WinUI Resources,bUseCustomEventLog,Habilitar canal Eventlog personalizado,Adiscon User Interface .resw source; locale=es-ES; revision=edd9fe10d4a120194e4a0a1e60a5d04d661b79ab
WINSyslogClient.WinUI/Strings/Resources,WINSyslogClient.WinUI Resources,bUseLegacyFormat,Usar formato heredado,Adiscon User Interface .resw source; locale=es-ES; revision=edd9fe10d4a120194e4a0a1e60a5d04d661b79ab
WINSyslogClient.WinUI/Strings/Resources,WINSyslogClient.WinUI Resources,bUseTLS,Utilice cifrado TLS/SSL,Adiscon User Interface .resw source; locale=es-ES; revision=edd9fe10d4a120194e4a0a1e60a5d04d661b79ab
WINSyslogClient.WinUI/Strings/Resources,WINSyslogClient.WinUI Resources,btnButtonDBMonReloadLastPos,Recargar índice DB,Adiscon User Interface .resw source; locale=es-ES; revision=edd9fe10d4a120194e4a0a1e60a5d04d661b79ab
WINSyslogClient.WinUI/Strings/Resources,WINSyslogClient.WinUI Resources,btnButtonFileMonResetAllLastPos,Restablecer todos los contadores de posición,Adiscon User Interface .resw source; locale=es-ES; revision=edd9fe10d4a120194e4a0a1e60a5d04d661b79ab
WINSyslogClient.WinUI/Strings/Resources,WINSyslogClient.WinUI Resources,btnButtonPassiveSyslogTest,Probar servidor Syslog pasivo,Adiscon User Interface .resw source; locale=es-ES; revision=edd9fe10d4a120194e4a0a1e60a5d04d661b79ab
WINSyslogClient.WinUI/Strings/Resources,WINSyslogClient.WinUI Resources,btnButtonResetLastPos,Restablecer índice DB,Adiscon User Interface .resw source; locale=es-ES; revision=edd9fe10d4a120194e4a0a1e60a5d04d661b79ab
WINSyslogClient.WinUI/Strings/Resources,WINSyslogClient.WinUI Resources,btnButtonSendSyslog,Probar servidor Syslog,Adiscon User Interface .resw source; locale=es-ES; revision=edd9fe10d4a120194e4a0a1e60a5d04d661b79ab
WINSyslogClient.WinUI/Strings/Resources,WINSyslogClient.WinUI Resources,btnCreateDB,Crear base de datos,Adiscon User Interface .resw source; locale=es-ES; revision=edd9fe10d4a120194e4a0a1e60a5d04d661b79ab
WINSyslogClient.WinUI/Strings/Resources,WINSyslogClient.WinUI Resources,btnEventLogDeSelectAll,Deseleccionar todo,Adiscon User Interface .resw source; locale=es-ES; revision=edd9fe10d4a120194e4a0a1e60a5d04d661b79ab
WINSyslogClient.WinUI/Strings/Resources,WINSyslogClient.WinUI Resources,btnEventLogReloadLastRecords,Recargar todos los últimos registros,Adiscon User Interface .resw source; locale=es-ES; revision=edd9fe10d4a120194e4a0a1e60a5d04d661b79ab
WINSyslogClient.WinUI/Strings/Resources,WINSyslogClient.WinUI Resources,btnEventLogRemoveDead,Eliminar canales inexistentes,Adiscon User Interface .resw source; locale=es-ES; revision=edd9fe10d4a120194e4a0a1e60a5d04d661b79ab
WINSyslogClient.WinUI/Strings/Resources,WINSyslogClient.WinUI Resources,btnEventLogResetLastRecords,Restablecer todos los últimos registros,Adiscon User Interface .resw source; locale=es-ES; revision=edd9fe10d4a120194e4a0a1e60a5d04d661b79ab
WINSyslogClient.WinUI/Strings/Resources,WINSyslogClient.WinUI Resources,btnEventLogScan,(Re)Escanear canales EventLog,Adiscon User Interface .resw source; locale=es-ES; revision=edd9fe10d4a120194e4a0a1e60a5d04d661b79ab
WINSyslogClient.WinUI/Strings/Resources,WINSyslogClient.WinUI Resources,btnEventLogSelectAll,Seleccionar todo,Adiscon User Interface .resw source; locale=es-ES; revision=edd9fe10d4a120194e4a0a1e60a5d04d661b79ab
WINSyslogClient.WinUI/Strings/Resources,WINSyslogClient.WinUI Resources,btnPostProcessImport,Importar reglas,Adiscon User Interface .resw source; locale=es-ES; revision=edd9fe10d4a120194e4a0a1e60a5d04d661b79ab
WINSyslogClient.WinUI/Strings/Resources,WINSyslogClient.WinUI Resources,btnPostProcessSave,Exportar reglas,Adiscon User Interface .resw source; locale=es-ES; revision=edd9fe10d4a120194e4a0a1e60a5d04d661b79ab
WINSyslogClient.WinUI/Strings/Resources,WINSyslogClient.WinUI Resources,btnReloadLastRecordV1,Recargar,Adiscon User Interface .resw source; locale=es-ES; revision=edd9fe10d4a120194e4a0a1e60a5d04d661b79ab
WINSyslogClient.WinUI/Strings/Resources,WINSyslogClient.WinUI Resources,btnReloadLastRecordV2,Recargar,Adiscon User Interface .resw source; locale=es-ES; revision=edd9fe10d4a120194e4a0a1e60a5d04d661b79ab
WINSyslogClient.WinUI/Strings/Resources,WINSyslogClient.WinUI Resources,btnResetLastRecordV1,Restablecer ,Adiscon User Interface .resw source; locale=es-ES; revision=edd9fe10d4a120194e4a0a1e60a5d04d661b79ab
WINSyslogClient.WinUI/Strings/Resources,WINSyslogClient.WinUI Resources,btnResetLastRecordV2,Restablecer,Adiscon User Interface .resw source; locale=es-ES; revision=edd9fe10d4a120194e4a0a1e60a5d04d661b79ab
WINSyslogClient.WinUI/Strings/Resources,WINSyslogClient.WinUI Resources,btnRestOutputResetJsonProperties,Restablecer formato,Adiscon User Interface .resw source; locale=es-ES; revision=edd9fe10d4a120194e4a0a1e60a5d04d661b79ab
WINSyslogClient.WinUI/Strings/Resources,WINSyslogClient.WinUI Resources,btnRun,Correr,Adiscon User Interface .resw source; locale=es-ES; revision=edd9fe10d4a120194e4a0a1e60a5d04d661b79ab
WINSyslogClient.WinUI/Strings/Resources,WINSyslogClient.WinUI Resources,btnVerifyEvtV1,Verificar conexión,Adiscon User Interface .resw source; locale=es-ES; revision=edd9fe10d4a120194e4a0a1e60a5d04d661b79ab
WINSyslogClient.WinUI/Strings/Resources,WINSyslogClient.WinUI Resources,btnVerifyEvtV2,Verificar conexión,Adiscon User Interface .resw source; locale=es-ES; revision=edd9fe10d4a120194e4a0a1e60a5d04d661b79ab
WINSyslogClient.WinUI/Strings/Resources,WINSyslogClient.WinUI Resources,btnszODBCDsn,Configurar DSN,Adiscon User Interface .resw source; locale=es-ES; revision=edd9fe10d4a120194e4a0a1e60a5d04d661b79ab
WINSyslogClient.WinUI/Strings/Resources,WINSyslogClient.WinUI Resources,chkeventchannels,Habilitar,Adiscon User Interface .resw source; locale=es-ES; revision=edd9fe10d4a120194e4a0a1e60a5d04d661b79ab
WINSyslogClient.WinUI/Strings/Resources,WINSyslogClient.WinUI Resources,datafields,Campos de datos,Adiscon User Interface .resw source; locale=es-ES; revision=edd9fe10d4a120194e4a0a1e60a5d04d661b79ab
WINSyslogClient.WinUI/Strings/Resources,WINSyslogClient.WinUI Resources,eventchannels,Canales del registro de eventos,Adiscon User Interface .resw source; locale=es-ES; revision=edd9fe10d4a120194e4a0a1e60a5d04d661b79ab
WINSyslogClient.WinUI/Strings/Resources,WINSyslogClient.WinUI Resources,fileitems,Archivo procesado,Adiscon User Interface .resw source; locale=es-ES; revision=edd9fe10d4a120194e4a0a1e60a5d04d661b79ab
WINSyslogClient.WinUI/Strings/Resources,WINSyslogClient.WinUI Resources,hostlist,Lista de hosts,Adiscon User Interface .resw source; locale=es-ES; revision=edd9fe10d4a120194e4a0a1e60a5d04d661b79ab
WINSyslogClient.WinUI/Strings/Resources,WINSyslogClient.WinUI Resources,iLastDBID,Último índice DB,Adiscon User Interface .resw source; locale=es-ES; revision=edd9fe10d4a120194e4a0a1e60a5d04d661b79ab
WINSyslogClient.WinUI/Strings/Resources,WINSyslogClient.WinUI Resources,interactive_path,Ruta && Nombre de archivo para la aplicación,Adiscon User Interface .resw source; locale=es-ES; revision=edd9fe10d4a120194e4a0a1e60a5d04d661b79ab
WINSyslogClient.WinUI/Strings/Resources,WINSyslogClient.WinUI Resources,lblDecrement,Decrementar valor (-),Adiscon User Interface .resw source; locale=es-ES; revision=edd9fe10d4a120194e4a0a1e60a5d04d661b79ab
WINSyslogClient.WinUI/Strings/Resources,WINSyslogClient.WinUI Resources,lblIncrement,Incrementar valor (+),Adiscon User Interface .resw source; locale=es-ES; revision=edd9fe10d4a120194e4a0a1e60a5d04d661b79ab
WINSyslogClient.WinUI/Strings/Resources,WINSyslogClient.WinUI Resources,lbl_EventLogSource_Replace,Reemplazar origen Event Log,Adiscon User Interface .resw source; locale=es-ES; revision=edd9fe10d4a120194e4a0a1e60a5d04d661b79ab
WINSyslogClient.WinUI/Strings/Resources,WINSyslogClient.WinUI Resources,lbl_EventLogSource_Service,Usar logsource del servicio,Adiscon User Interface .resw source; locale=es-ES; revision=edd9fe10d4a120194e4a0a1e60a5d04d661b79ab
WINSyslogClient.WinUI/Strings/Resources,WINSyslogClient.WinUI Resources,lbl_nAction1,Iniciar,Adiscon User Interface .resw source; locale=es-ES; revision=edd9fe10d4a120194e4a0a1e60a5d04d661b79ab
WINSyslogClient.WinUI/Strings/Resources,WINSyslogClient.WinUI Resources,lbl_nAction2,Detener,Adiscon User Interface .resw source; locale=es-ES; revision=edd9fe10d4a120194e4a0a1e60a5d04d661b79ab
WINSyslogClient.WinUI/Strings/Resources,WINSyslogClient.WinUI Resources,lbl_nAction3,Reiniciar,Adiscon User Interface .resw source; locale=es-ES; revision=edd9fe10d4a120194e4a0a1e60a5d04d661b79ab
WINSyslogClient.WinUI/Strings/Resources,WINSyslogClient.WinUI Resources,lbl_nAction4,Pausar,Adiscon User Interface .resw source; locale=es-ES; revision=edd9fe10d4a120194e4a0a1e60a5d04d661b79ab
WINSyslogClient.WinUI/Strings/Resources,WINSyslogClient.WinUI Resources,lbl_nAction5,Reanudar,Adiscon User Interface .resw source; locale=es-ES; revision=edd9fe10d4a120194e4a0a1e60a5d04d661b79ab
WINSyslogClient.WinUI/Strings/Resources,WINSyslogClient.WinUI Resources,lbl_nMessageMode_csv,CSV (valores separados por comas),Adiscon User Interface .resw source; locale=es-ES; revision=edd9fe10d4a120194e4a0a1e60a5d04d661b79ab
WINSyslogClient.WinUI/Strings/Resources,WINSyslogClient.WinUI Resources,lbl_nMessageMode_custom,Personalizado,Adiscon User Interface .resw source; locale=es-ES; revision=edd9fe10d4a120194e4a0a1e60a5d04d661b79ab
WINSyslogClient.WinUI/Strings/Resources,WINSyslogClient.WinUI Resources,lbl_nMessageMode_none,Ninguno,Adiscon User Interface .resw source; locale=es-ES; revision=edd9fe10d4a120194e4a0a1e60a5d04d661b79ab
WINSyslogClient.WinUI/Strings/Resources,WINSyslogClient.WinUI Resources,lbl_procmode0,Procesamiento síncrono (esperar finalización),Adiscon User Interface .resw source; locale=es-ES; revision=edd9fe10d4a120194e4a0a1e60a5d04d661b79ab
WINSyslogClient.WinUI/Strings/Resources,WINSyslogClient.WinUI Resources,lbl_procmode1,Procesamiento asíncrono,Adiscon User Interface .resw source; locale=es-ES; revision=edd9fe10d4a120194e4a0a1e60a5d04d661b79ab
WINSyslogClient.WinUI/Strings/Resources,WINSyslogClient.WinUI Resources,lbl_request_get,CONSEGUIR,Adiscon User Interface .resw source; locale=es-ES; revision=edd9fe10d4a120194e4a0a1e60a5d04d661b79ab
WINSyslogClient.WinUI/Strings/Resources,WINSyslogClient.WinUI Resources,lbl_request_head,CABEZA,Adiscon User Interface .resw source; locale=es-ES; revision=edd9fe10d4a120194e4a0a1e60a5d04d661b79ab
WINSyslogClient.WinUI/Strings/Resources,WINSyslogClient.WinUI Resources,lbl_syslogRFC3195,RFC3195,Adiscon User Interface .resw source; locale=es-ES; revision=edd9fe10d4a120194e4a0a1e60a5d04d661b79ab
WINSyslogClient.WinUI/Strings/Resources,WINSyslogClient.WinUI Resources,lbl_syslogRFC3195RAW,RFC3195 crudo,Adiscon User Interface .resw source; locale=es-ES; revision=edd9fe10d4a120194e4a0a1e60a5d04d661b79ab
WINSyslogClient.WinUI/Strings/Resources,WINSyslogClient.WinUI Resources,lbl_syslogTCP,TCP,Adiscon User Interface .resw source; locale=es-ES; revision=edd9fe10d4a120194e4a0a1e60a5d04d661b79ab
WINSyslogClient.WinUI/Strings/Resources,WINSyslogClient.WinUI Resources,lbl_syslogTCPOctetCount,"TCP (Conexión persistente, encuadre basado en octetos)",Adiscon User Interface .resw source; locale=es-ES; revision=edd9fe10d4a120194e4a0a1e60a5d04d661b79ab
WINSyslogClient.WinUI/Strings/Resources,WINSyslogClient.WinUI Resources,lbl_syslogTCPOneMSG,"TCP (NO RECOMENDADO, un mensaje por conexión)",Adiscon User Interface .resw source; locale=es-ES; revision=edd9fe10d4a120194e4a0a1e60a5d04d661b79ab
WINSyslogClient.WinUI/Strings/Resources,WINSyslogClient.WinUI Resources,lbl_syslogTCPPersistant,TCP (Conexión persistente),Adiscon User Interface .resw source; locale=es-ES; revision=edd9fe10d4a120194e4a0a1e60a5d04d661b79ab
WINSyslogClient.WinUI/Strings/Resources,WINSyslogClient.WinUI Resources,lbl_syslogUDP,UDP,Adiscon User Interface .resw source; locale=es-ES; revision=edd9fe10d4a120194e4a0a1e60a5d04d661b79ab
WINSyslogClient.WinUI/Strings/Resources,WINSyslogClient.WinUI Resources,loganalyzer_path,Ruta && Nombre de archivo para la aplicación,Adiscon User Interface .resw source; locale=es-ES; revision=edd9fe10d4a120194e4a0a1e60a5d04d661b79ab
WINSyslogClient.WinUI/Strings/Resources,WINSyslogClient.WinUI Resources,logfilemgr_path,Ruta && Nombre de archivo para la aplicación,Adiscon User Interface .resw source; locale=es-ES; revision=edd9fe10d4a120194e4a0a1e60a5d04d661b79ab
WINSyslogClient.WinUI/Strings/Resources,WINSyslogClient.WinUI Resources,logsearch_path,Ruta && Nombre de archivo para la aplicación,Adiscon User Interface .resw source; locale=es-ES; revision=edd9fe10d4a120194e4a0a1e60a5d04d661b79ab
WINSyslogClient.WinUI/Strings/Resources,WINSyslogClient.WinUI Resources,msgseps,Lista de separadores de mensajes,Adiscon User Interface .resw source; locale=es-ES; revision=edd9fe10d4a120194e4a0a1e60a5d04d661b79ab
WINSyslogClient.WinUI/Strings/Resources,WINSyslogClient.WinUI Resources,nAction,Acción a realizar,Adiscon User Interface .resw source; locale=es-ES; revision=edd9fe10d4a120194e4a0a1e60a5d04d661b79ab
WINSyslogClient.WinUI/Strings/Resources,WINSyslogClient.WinUI Resources,nAddLogType,Añadir tipo de registro,Adiscon User Interface .resw source; locale=es-ES; revision=edd9fe10d4a120194e4a0a1e60a5d04d661b79ab
WINSyslogClient.WinUI/Strings/Resources,WINSyslogClient.WinUI Resources,nAddMibDescriptionToMsg,"Añadir descripción MIB después del nombre MIB (¡Atención, puede ser mucha información!)",Adiscon User Interface .resw source; locale=es-ES; revision=edd9fe10d4a120194e4a0a1e60a5d04d661b79ab
WINSyslogClient.WinUI/Strings/Resources,WINSyslogClient.WinUI Resources,nAddUserName,Añadir nombre de usuario,Adiscon User Interface .resw source; locale=es-ES; revision=edd9fe10d4a120194e4a0a1e60a5d04d661b79ab
WINSyslogClient.WinUI/Strings/Resources,WINSyslogClient.WinUI Resources,nApiReadMode,Modo de procesamiento,Adiscon User Interface .resw source; locale=es-ES; revision=edd9fe10d4a120194e4a0a1e60a5d04d661b79ab
WINSyslogClient.WinUI/Strings/Resources,WINSyslogClient.WinUI Resources,nApiReadMode_Polling,Sondeo del registro de eventos (tiempo de espera),Adiscon User Interface .resw source; locale=es-ES; revision=edd9fe10d4a120194e4a0a1e60a5d04d661b79ab
WINSyslogClient.WinUI/Strings/Resources,WINSyslogClient.WinUI Resources,nApiReadMode_Subscription,Suscripción al registro de eventos (tiempo real),Adiscon User Interface .resw source; locale=es-ES; revision=edd9fe10d4a120194e4a0a1e60a5d04d661b79ab
WINSyslogClient.WinUI/Strings/Resources,WINSyslogClient.WinUI Resources,nAsyncMaxProc,Máx. procesos asíncronos,Adiscon User Interface .resw source; locale=es-ES; revision=edd9fe10d4a120194e4a0a1e60a5d04d661b79ab
WINSyslogClient.WinUI/Strings/Resources,WINSyslogClient.WinUI Resources,nAutoReloadDelayTime,Retraso aleatorio máx.,Adiscon User Interface .resw source; locale=es-ES; revision=edd9fe10d4a120194e4a0a1e60a5d04d661b79ab
WINSyslogClient.WinUI/Strings/Resources,WINSyslogClient.WinUI Resources,nBps,Bits por segundo,Adiscon User Interface .resw source; locale=es-ES; revision=edd9fe10d4a120194e4a0a1e60a5d04d661b79ab
WINSyslogClient.WinUI/Strings/Resources,WINSyslogClient.WinUI Resources,nCPUEnable,Habilitar comprobación CPU,Adiscon User Interface .resw source; locale=es-ES; revision=edd9fe10d4a120194e4a0a1e60a5d04d661b79ab
WINSyslogClient.WinUI/Strings/Resources,WINSyslogClient.WinUI Resources,nCPUOccurences,Apariciones hasta alarma CPU,Adiscon User Interface .resw source; locale=es-ES; revision=edd9fe10d4a120194e4a0a1e60a5d04d661b79ab
WINSyslogClient.WinUI/Strings/Resources,WINSyslogClient.WinUI Resources,nCPUReportIfBelowAlarm,Informar también si CPU está por debajo del nivel de alarma,Adiscon User Interface .resw source; locale=es-ES; revision=edd9fe10d4a120194e4a0a1e60a5d04d661b79ab
WINSyslogClient.WinUI/Strings/Resources,WINSyslogClient.WinUI Resources,nCPUSingle,Solo multiprocesador: informar por cada CPU,Adiscon User Interface .resw source; locale=es-ES; revision=edd9fe10d4a120194e4a0a1e60a5d04d661b79ab
WINSyslogClient.WinUI/Strings/Resources,WINSyslogClient.WinUI Resources,nCPUUsageAlarmLevel,Nivel alarma uso CPU,Adiscon User Interface .resw source; locale=es-ES; revision=edd9fe10d4a120194e4a0a1e60a5d04d661b79ab
WINSyslogClient.WinUI/Strings/Resources,WINSyslogClient.WinUI Resources,nCacheEventCategory,Caché de categoría de evento (campo Tarea) ,Adiscon User Interface .resw source; locale=es-ES; revision=edd9fe10d4a120194e4a0a1e60a5d04d661b79ab
WINSyslogClient.WinUI/Strings/Resources,WINSyslogClient.WinUI Resources,nCacheEventKeyword,Palabra clave de caché de eventos,Adiscon User Interface .resw source; locale=es-ES; revision=edd9fe10d4a120194e4a0a1e60a5d04d661b79ab
WINSyslogClient.WinUI/Strings/Resources,WINSyslogClient.WinUI Resources,nCacheEventLevel,"Caché de niveles de evento (como Advertencia, Información, Error)",Adiscon User Interface .resw source; locale=es-ES; revision=edd9fe10d4a120194e4a0a1e60a5d04d661b79ab
WINSyslogClient.WinUI/Strings/Resources,WINSyslogClient.WinUI Resources,nCacheEventPublisher,Caché de identificadores de publicador de eventos (origen del evento) ,Adiscon User Interface .resw source; locale=es-ES; revision=edd9fe10d4a120194e4a0a1e60a5d04d661b79ab
WINSyslogClient.WinUI/Strings/Resources,WINSyslogClient.WinUI Resources,nCacheNameEntry,Entrada de host resuelta en caché,Adiscon User Interface .resw source; locale=es-ES; revision=edd9fe10d4a120194e4a0a1e60a5d04d661b79ab
WINSyslogClient.WinUI/Strings/Resources,WINSyslogClient.WinUI Resources,nChangeVal,Valor de operación,Adiscon User Interface .resw source; locale=es-ES; revision=edd9fe10d4a120194e4a0a1e60a5d04d661b79ab
WINSyslogClient.WinUI/Strings/Resources,WINSyslogClient.WinUI Resources,nCheckAutoBackupLogFiles,Comprobar archivos de registro de respaldo creados por Windows (véase KB312571),Adiscon User Interface .resw source; locale=es-ES; revision=edd9fe10d4a120194e4a0a1e60a5d04d661b79ab
WINSyslogClient.WinUI/Strings/Resources,WINSyslogClient.WinUI Resources,nCheckPort,Puerto SNMP,Adiscon User Interface .resw source; locale=es-ES; revision=edd9fe10d4a120194e4a0a1e60a5d04d661b79ab
WINSyslogClient.WinUI/Strings/Resources,WINSyslogClient.WinUI Resources,nCircularLogging,Usar registro circular,Adiscon User Interface .resw source; locale=es-ES; revision=edd9fe10d4a120194e4a0a1e60a5d04d661b79ab
WINSyslogClient.WinUI/Strings/Resources,WINSyslogClient.WinUI Resources,nCleanFileHandlesTimeout,Tiempo hasta cerrar manejadores de archivo no usados,Adiscon User Interface .resw source; locale=es-ES; revision=edd9fe10d4a120194e4a0a1e60a5d04d661b79ab
WINSyslogClient.WinUI/Strings/Resources,WINSyslogClient.WinUI Resources,nClearEventLog,Manejo de borrado del registro de eventos,Adiscon User Interface .resw source; locale=es-ES; revision=edd9fe10d4a120194e4a0a1e60a5d04d661b79ab
WINSyslogClient.WinUI/Strings/Resources,WINSyslogClient.WinUI Resources,nCompLevel,Nivel de compresión,Adiscon User Interface .resw source; locale=es-ES; revision=edd9fe10d4a120194e4a0a1e60a5d04d661b79ab
WINSyslogClient.WinUI/Strings/Resources,WINSyslogClient.WinUI Resources,nCompressControlChars,Comprimir espacios y eliminar caracteres de control,Adiscon User Interface .resw source; locale=es-ES; revision=edd9fe10d4a120194e4a0a1e60a5d04d661b79ab
WINSyslogClient.WinUI/Strings/Resources,WINSyslogClient.WinUI Resources,nCompressOutputFormat,Comprimir formato de salida (eliminar espacios/comillas),Adiscon User Interface .resw source; locale=es-ES; revision=edd9fe10d4a120194e4a0a1e60a5d04d661b79ab
WINSyslogClient.WinUI/Strings/Resources,WINSyslogClient.WinUI Resources,nCompressSpaces,Comprimir espacios,Adiscon User Interface .resw source; locale=es-ES; revision=edd9fe10d4a120194e4a0a1e60a5d04d661b79ab
WINSyslogClient.WinUI/Strings/Resources,WINSyslogClient.WinUI Resources,nCompressionLevel,Nivel de compresión,Adiscon User Interface .resw source; locale=es-ES; revision=edd9fe10d4a120194e4a0a1e60a5d04d661b79ab
WINSyslogClient.WinUI/Strings/Resources,WINSyslogClient.WinUI Resources,nConnectTimeOut,Tiempo de espera de conexión,Adiscon User Interface .resw source; locale=es-ES; revision=edd9fe10d4a120194e4a0a1e60a5d04d661b79ab
WINSyslogClient.WinUI/Strings/Resources,WINSyslogClient.WinUI Resources,nConvertToEventLogMonitorV1,Convertir a eventos compatibles con EventLog Monitor V1,Adiscon User Interface .resw source; locale=es-ES; revision=edd9fe10d4a120194e4a0a1e60a5d04d661b79ab
WINSyslogClient.WinUI/Strings/Resources,WINSyslogClient.WinUI Resources,nCopyFormatIntoProperty,Seleccionar formato de mensaje,Adiscon User Interface .resw source; locale=es-ES; revision=edd9fe10d4a120194e4a0a1e60a5d04d661b79ab
WINSyslogClient.WinUI/Strings/Resources,WINSyslogClient.WinUI Resources,nCount,Playcount (Con qué frecuencia se reproduce el archivo),Adiscon User Interface .resw source; locale=es-ES; revision=edd9fe10d4a120194e4a0a1e60a5d04d661b79ab
WINSyslogClient.WinUI/Strings/Resources,WINSyslogClient.WinUI Resources,nCustomerID,CustomerID,Adiscon User Interface .resw source; locale=es-ES; revision=edd9fe10d4a120194e4a0a1e60a5d04d661b79ab
WINSyslogClient.WinUI/Strings/Resources,WINSyslogClient.WinUI Resources,nCustomizeSearchPath,Personalizar ruta de búsqueda para archivos de registro de respaldo del registro de eventos,Adiscon User Interface .resw source; locale=es-ES; revision=edd9fe10d4a120194e4a0a1e60a5d04d661b79ab
WINSyslogClient.WinUI/Strings/Resources,WINSyslogClient.WinUI Resources,nDBPassEncryption,Habilitar cifrado,Adiscon User Interface .resw source; locale=es-ES; revision=edd9fe10d4a120194e4a0a1e60a5d04d661b79ab
WINSyslogClient.WinUI/Strings/Resources,WINSyslogClient.WinUI Resources,nDNSCacheLimit,¿Cuántos registros DNS se pueden cachear?,Adiscon User Interface .resw source; locale=es-ES; revision=edd9fe10d4a120194e4a0a1e60a5d04d661b79ab
WINSyslogClient.WinUI/Strings/Resources,WINSyslogClient.WinUI Resources,nDNSCacheTime,¿Cuánto tiempo cachear nombres DNS?,Adiscon User Interface .resw source; locale=es-ES; revision=edd9fe10d4a120194e4a0a1e60a5d04d661b79ab
WINSyslogClient.WinUI/Strings/Resources,WINSyslogClient.WinUI Resources,nDNSInetProtocol,Tipo protocolo Internet,Adiscon User Interface .resw source; locale=es-ES; revision=edd9fe10d4a120194e4a0a1e60a5d04d661b79ab
WINSyslogClient.WinUI/Strings/Resources,WINSyslogClient.WinUI Resources,nDTLSSendPort,Puerto DTLS,Adiscon User Interface .resw source; locale=es-ES; revision=edd9fe10d4a120194e4a0a1e60a5d04d661b79ab
WINSyslogClient.WinUI/Strings/Resources,WINSyslogClient.WinUI Resources,nDatabits,Bits de datos,Adiscon User Interface .resw source; locale=es-ES; revision=edd9fe10d4a120194e4a0a1e60a5d04d661b79ab
WINSyslogClient.WinUI/Strings/Resources,WINSyslogClient.WinUI Resources,nDebugErrors,Errores y advertencias,Adiscon User Interface .resw source; locale=es-ES; revision=edd9fe10d4a120194e4a0a1e60a5d04d661b79ab
WINSyslogClient.WinUI/Strings/Resources,WINSyslogClient.WinUI Resources,nDebugInternal,Salida información,Adiscon User Interface .resw source; locale=es-ES; revision=edd9fe10d4a120194e4a0a1e60a5d04d661b79ab
WINSyslogClient.WinUI/Strings/Resources,WINSyslogClient.WinUI Resources,nDebugMini,Salida mínima,Adiscon User Interface .resw source; locale=es-ES; revision=edd9fe10d4a120194e4a0a1e60a5d04d661b79ab
WINSyslogClient.WinUI/Strings/Resources,WINSyslogClient.WinUI Resources,nDebugRuleEngine,Salida Rule y Filter Engine,Adiscon User Interface .resw source; locale=es-ES; revision=edd9fe10d4a120194e4a0a1e60a5d04d661b79ab
WINSyslogClient.WinUI/Strings/Resources,WINSyslogClient.WinUI Resources,nDebugUltra,Salida ultra detallada,Adiscon User Interface .resw source; locale=es-ES; revision=edd9fe10d4a120194e4a0a1e60a5d04d661b79ab
WINSyslogClient.WinUI/Strings/Resources,WINSyslogClient.WinUI Resources,nDefaultBuffer,Tamaño de búfer predeterminado,Adiscon User Interface .resw source; locale=es-ES; revision=edd9fe10d4a120194e4a0a1e60a5d04d661b79ab
WINSyslogClient.WinUI/Strings/Resources,WINSyslogClient.WinUI Resources,nDelay,Retraso entre las reproducciones de sonido (ms),Adiscon User Interface .resw source; locale=es-ES; revision=edd9fe10d4a120194e4a0a1e60a5d04d661b79ab
WINSyslogClient.WinUI/Strings/Resources,WINSyslogClient.WinUI Resources,nDelayOnStartup,Retraso en el inicio en milisegundos (1000 ms --> 1 segundo),Adiscon User Interface .resw source; locale=es-ES; revision=edd9fe10d4a120194e4a0a1e60a5d04d661b79ab
WINSyslogClient.WinUI/Strings/Resources,WINSyslogClient.WinUI Resources,nDiskCacheWait,Tiempo entre intentos,Adiscon User Interface .resw source; locale=es-ES; revision=edd9fe10d4a120194e4a0a1e60a5d04d661b79ab
WINSyslogClient.WinUI/Strings/Resources,WINSyslogClient.WinUI Resources,nDiskQueueMaxFileSize,Dividir archivos si se alcanza,Adiscon User Interface .resw source; locale=es-ES; revision=edd9fe10d4a120194e4a0a1e60a5d04d661b79ab
WINSyslogClient.WinUI/Strings/Resources,WINSyslogClient.WinUI Resources,nDoNotProcessLastRecord,NO procesar entradas existentes cuando ocurre corrupción del registro de eventos,Adiscon User Interface .resw source; locale=es-ES; revision=edd9fe10d4a120194e4a0a1e60a5d04d661b79ab
WINSyslogClient.WinUI/Strings/Resources,WINSyslogClient.WinUI Resources,nDoNotProcessLastRecordOnStartup,NO procesar entradas existentes al iniciar el servicio,Adiscon User Interface .resw source; locale=es-ES; revision=edd9fe10d4a120194e4a0a1e60a5d04d661b79ab
WINSyslogClient.WinUI/Strings/Resources,WINSyslogClient.WinUI Resources,nDtsControl,Flujo de control DTR,Adiscon User Interface .resw source; locale=es-ES; revision=edd9fe10d4a120194e4a0a1e60a5d04d661b79ab
WINSyslogClient.WinUI/Strings/Resources,WINSyslogClient.WinUI Resources,nEmptyStringsAsNull,Insertar NULL si cadena vacía,Adiscon User Interface .resw source; locale=es-ES; revision=edd9fe10d4a120194e4a0a1e60a5d04d661b79ab
WINSyslogClient.WinUI/Strings/Resources,WINSyslogClient.WinUI Resources,nEmulateParameters,Emular propiedades %Param% del antiguo EventLog Monitor,Adiscon User Interface .resw source; locale=es-ES; revision=edd9fe10d4a120194e4a0a1e60a5d04d661b79ab
WINSyslogClient.WinUI/Strings/Resources,WINSyslogClient.WinUI Resources,nEnableAutoConfigReload,Recargar servicio al cambiar config,Adiscon User Interface .resw source; locale=es-ES; revision=edd9fe10d4a120194e4a0a1e60a5d04d661b79ab
WINSyslogClient.WinUI/Strings/Resources,WINSyslogClient.WinUI Resources,nEnableBackupServer,Servidor de respaldo si falla el primero,Adiscon User Interface .resw source; locale=es-ES; revision=edd9fe10d4a120194e4a0a1e60a5d04d661b79ab
WINSyslogClient.WinUI/Strings/Resources,WINSyslogClient.WinUI Resources,nEnableCommunicate,Habilitar comunicación,Adiscon User Interface .resw source; locale=es-ES; revision=edd9fe10d4a120194e4a0a1e60a5d04d661b79ab
WINSyslogClient.WinUI/Strings/Resources,WINSyslogClient.WinUI Resources,nEnableDNSCache,Caché DNS interna,Adiscon User Interface .resw source; locale=es-ES; revision=edd9fe10d4a120194e4a0a1e60a5d04d661b79ab
WINSyslogClient.WinUI/Strings/Resources,WINSyslogClient.WinUI Resources,nEnableDateReplacements,Habilitar caracteres de reemplazo de fecha (véase el manual para más),Adiscon User Interface .resw source; locale=es-ES; revision=edd9fe10d4a120194e4a0a1e60a5d04d661b79ab
WINSyslogClient.WinUI/Strings/Resources,WINSyslogClient.WinUI Resources,nEnableDateReplacementsOffset,Desplazamiento en segundos,Adiscon User Interface .resw source; locale=es-ES; revision=edd9fe10d4a120194e4a0a1e60a5d04d661b79ab
WINSyslogClient.WinUI/Strings/Resources,WINSyslogClient.WinUI Resources,nEnableDebugOutput,Salida debug a archivo,Adiscon User Interface .resw source; locale=es-ES; revision=edd9fe10d4a120194e4a0a1e60a5d04d661b79ab
WINSyslogClient.WinUI/Strings/Resources,WINSyslogClient.WinUI Resources,nEnableEventlogWarnings,Registrar advertencias en Eventlog de Windows,Adiscon User Interface .resw source; locale=es-ES; revision=edd9fe10d4a120194e4a0a1e60a5d04d661b79ab
WINSyslogClient.WinUI/Strings/Resources,WINSyslogClient.WinUI Resources,nEnableLastRecordDelay,Retrasar escritura del último registro ,Adiscon User Interface .resw source; locale=es-ES; revision=edd9fe10d4a120194e4a0a1e60a5d04d661b79ab
WINSyslogClient.WinUI/Strings/Resources,WINSyslogClient.WinUI Resources,nEnableMultiCastGroup,Habilitar recepción desde un grupo de multidifusión UDP,Adiscon User Interface .resw source; locale=es-ES; revision=edd9fe10d4a120194e4a0a1e60a5d04d661b79ab
WINSyslogClient.WinUI/Strings/Resources,WINSyslogClient.WinUI Resources,nEnableMultiTCPMsgSep,Habilitar múltiples separadores de mensajes,Adiscon User Interface .resw source; locale=es-ES; revision=edd9fe10d4a120194e4a0a1e60a5d04d661b79ab
WINSyslogClient.WinUI/Strings/Resources,WINSyslogClient.WinUI Resources,nEnablePermittedSenders,Lista de remitentes permitidos habilitada. ,Adiscon User Interface .resw source; locale=es-ES; revision=edd9fe10d4a120194e4a0a1e60a5d04d661b79ab
WINSyslogClient.WinUI/Strings/Resources,WINSyslogClient.WinUI Resources,nEnablePropertyFileName,Habilitar reemplazos de propiedades en nombre de archivo,Adiscon User Interface .resw source; locale=es-ES; revision=edd9fe10d4a120194e4a0a1e60a5d04d661b79ab
WINSyslogClient.WinUI/Strings/Resources,WINSyslogClient.WinUI Resources,nEnableRetry,Reintentar Actions si fallan,Adiscon User Interface .resw source; locale=es-ES; revision=edd9fe10d4a120194e4a0a1e60a5d04d661b79ab
WINSyslogClient.WinUI/Strings/Resources,WINSyslogClient.WinUI Resources,nEnableRingBuffer,Habilitar caché disco Queue Manager,Adiscon User Interface .resw source; locale=es-ES; revision=edd9fe10d4a120194e4a0a1e60a5d04d661b79ab
WINSyslogClient.WinUI/Strings/Resources,WINSyslogClient.WinUI Resources,nEnableTCPMsgSep,Los mensajes se separan por la siguiente secuencia,Adiscon User Interface .resw source; locale=es-ES; revision=edd9fe10d4a120194e4a0a1e60a5d04d661b79ab
WINSyslogClient.WinUI/Strings/Resources,WINSyslogClient.WinUI Resources,nEnableUnknownChannels,Procesar canales desconocidos o no configurados del registro de eventos,Adiscon User Interface .resw source; locale=es-ES; revision=edd9fe10d4a120194e4a0a1e60a5d04d661b79ab
WINSyslogClient.WinUI/Strings/Resources,WINSyslogClient.WinUI Resources,nEnableUpdateFileTime,Actualizar explícitamente fecha de creación y modificación,Adiscon User Interface .resw source; locale=es-ES; revision=edd9fe10d4a120194e4a0a1e60a5d04d661b79ab
WINSyslogClient.WinUI/Strings/Resources,WINSyslogClient.WinUI Resources,nEnabled,Canal habilitado,Adiscon User Interface .resw source; locale=es-ES; revision=edd9fe10d4a120194e4a0a1e60a5d04d661b79ab
WINSyslogClient.WinUI/Strings/Resources,WINSyslogClient.WinUI Resources,nEnabledRemote,Habilitar supervisión remota del registro de eventos,Adiscon User Interface .resw source; locale=es-ES; revision=edd9fe10d4a120194e4a0a1e60a5d04d661b79ab
WINSyslogClient.WinUI/Strings/Resources,WINSyslogClient.WinUI Resources,nEscapeControlCharacters,Escapar caracteres de control,Adiscon User Interface .resw source; locale=es-ES; revision=edd9fe10d4a120194e4a0a1e60a5d04d661b79ab
WINSyslogClient.WinUI/Strings/Resources,WINSyslogClient.WinUI Resources,nEventID,ID de evento,Adiscon User Interface .resw source; locale=es-ES; revision=edd9fe10d4a120194e4a0a1e60a5d04d661b79ab
WINSyslogClient.WinUI/Strings/Resources,WINSyslogClient.WinUI Resources,nEventLogCor,¿Cómo manejar la corrupción del registro de eventos?,Adiscon User Interface .resw source; locale=es-ES; revision=edd9fe10d4a120194e4a0a1e60a5d04d661b79ab
WINSyslogClient.WinUI/Strings/Resources,WINSyslogClient.WinUI Resources,nEventScanLastEventByChecksum,Buscar siempre el último evento procesado usando la suma de comprobación,Adiscon User Interface .resw source; locale=es-ES; revision=edd9fe10d4a120194e4a0a1e60a5d04d661b79ab
WINSyslogClient.WinUI/Strings/Resources,WINSyslogClient.WinUI Resources,nEventType,Usar tipo Eventlog personalizado,Adiscon User Interface .resw source; locale=es-ES; revision=edd9fe10d4a120194e4a0a1e60a5d04d661b79ab
WINSyslogClient.WinUI/Strings/Resources,WINSyslogClient.WinUI Resources,nEventUseChecksum,Usar suma de comprobación para verificar el último evento procesado,Adiscon User Interface .resw source; locale=es-ES; revision=edd9fe10d4a120194e4a0a1e60a5d04d661b79ab
WINSyslogClient.WinUI/Strings/Resources,WINSyslogClient.WinUI Resources,nEvtClearIfEmpty,Borrar el registro incluso si está vacío,Adiscon User Interface .resw source; locale=es-ES; revision=edd9fe10d4a120194e4a0a1e60a5d04d661b79ab
WINSyslogClient.WinUI/Strings/Resources,WINSyslogClient.WinUI Resources,nEvtClrPollingCycles,Borrar después de N ejecuciones,Adiscon User Interface .resw source; locale=es-ES; revision=edd9fe10d4a120194e4a0a1e60a5d04d661b79ab
WINSyslogClient.WinUI/Strings/Resources,WINSyslogClient.WinUI Resources,nEvtClrSaveToFile,Crear una copia de seguridad del registro de eventos,Adiscon User Interface .resw source; locale=es-ES; revision=edd9fe10d4a120194e4a0a1e60a5d04d661b79ab
WINSyslogClient.WinUI/Strings/Resources,WINSyslogClient.WinUI Resources,nEvtClrTime,Seleccionar borrado en,Adiscon User Interface .resw source; locale=es-ES; revision=edd9fe10d4a120194e4a0a1e60a5d04d661b79ab
WINSyslogClient.WinUI/Strings/Resources,WINSyslogClient.WinUI Resources,nEvtLogSuccessfullClear,Registrar si el borrado fue exitoso,Adiscon User Interface .resw source; locale=es-ES; revision=edd9fe10d4a120194e4a0a1e60a5d04d661b79ab
WINSyslogClient.WinUI/Strings/Resources,WINSyslogClient.WinUI Resources,nFTPPort,Puerto FTP,Adiscon User Interface .resw source; locale=es-ES; revision=edd9fe10d4a120194e4a0a1e60a5d04d661b79ab
WINSyslogClient.WinUI/Strings/Resources,WINSyslogClient.WinUI Resources,nFacility,Facilidad Syslog,Adiscon User Interface .resw source; locale=es-ES; revision=edd9fe10d4a120194e4a0a1e60a5d04d661b79ab
WINSyslogClient.WinUI/Strings/Resources,WINSyslogClient.WinUI Resources,nFieldType_,Tipo de campo,Adiscon User Interface .resw source; locale=es-ES; revision=edd9fe10d4a120194e4a0a1e60a5d04d661b79ab
WINSyslogClient.WinUI/Strings/Resources,WINSyslogClient.WinUI Resources,nFileDateTime,Incluir fecha y hora,Adiscon User Interface .resw source; locale=es-ES; revision=edd9fe10d4a120194e4a0a1e60a5d04d661b79ab
WINSyslogClient.WinUI/Strings/Resources,WINSyslogClient.WinUI Resources,nFileDateTimeReported,Incluir fecha y hora reportadas por dispositivo,Adiscon User Interface .resw source; locale=es-ES; revision=edd9fe10d4a120194e4a0a1e60a5d04d661b79ab
WINSyslogClient.WinUI/Strings/Resources,WINSyslogClient.WinUI Resources,nFileFacility,Incluir Facility Syslog,Adiscon User Interface .resw source; locale=es-ES; revision=edd9fe10d4a120194e4a0a1e60a5d04d661b79ab
WINSyslogClient.WinUI/Strings/Resources,WINSyslogClient.WinUI Resources,nFileFormat,Formato archivo,Adiscon User Interface .resw source; locale=es-ES; revision=edd9fe10d4a120194e4a0a1e60a5d04d661b79ab
WINSyslogClient.WinUI/Strings/Resources,WINSyslogClient.WinUI Resources,nFilePriority,Incluir Priority Syslog,Adiscon User Interface .resw source; locale=es-ES; revision=edd9fe10d4a120194e4a0a1e60a5d04d661b79ab
WINSyslogClient.WinUI/Strings/Resources,WINSyslogClient.WinUI Resources,nFileSource,Incluir origen,Adiscon User Interface .resw source; locale=es-ES; revision=edd9fe10d4a120194e4a0a1e60a5d04d661b79ab
WINSyslogClient.WinUI/Strings/Resources,WINSyslogClient.WinUI Resources,nForceConnectionClose,Cerrar conexión tras cada intervalo,Adiscon User Interface .resw source; locale=es-ES; revision=edd9fe10d4a120194e4a0a1e60a5d04d661b79ab
WINSyslogClient.WinUI/Strings/Resources,WINSyslogClient.WinUI Resources,nForceUTF8Decoding,Forzar decodificación UTF8 si la codificación no se pudo detectar automáticamente.,Adiscon User Interface .resw source; locale=es-ES; revision=edd9fe10d4a120194e4a0a1e60a5d04d661b79ab
WINSyslogClient.WinUI/Strings/Resources,WINSyslogClient.WinUI Resources,nFormatType,Seleccionar formato de mensaje,Adiscon User Interface .resw source; locale=es-ES; revision=edd9fe10d4a120194e4a0a1e60a5d04d661b79ab
WINSyslogClient.WinUI/Strings/Resources,WINSyslogClient.WinUI Resources,nFormatType_DISABLED,Deshabilitado,Adiscon User Interface .resw source; locale=es-ES; revision=edd9fe10d4a120194e4a0a1e60a5d04d661b79ab
WINSyslogClient.WinUI/Strings/Resources,WINSyslogClient.WinUI Resources,nFormatType_Json,Formato JSON,Adiscon User Interface .resw source; locale=es-ES; revision=edd9fe10d4a120194e4a0a1e60a5d04d661b79ab
WINSyslogClient.WinUI/Strings/Resources,WINSyslogClient.WinUI Resources,nFormatType_JsonSiem,Formato JSON LogPoint SIEM,Adiscon User Interface .resw source; locale=es-ES; revision=edd9fe10d4a120194e4a0a1e60a5d04d661b79ab
WINSyslogClient.WinUI/Strings/Resources,WINSyslogClient.WinUI Resources,nFormatType_Predefined,Formato de evento predefinido,Adiscon User Interface .resw source; locale=es-ES; revision=edd9fe10d4a120194e4a0a1e60a5d04d661b79ab
WINSyslogClient.WinUI/Strings/Resources,WINSyslogClient.WinUI Resources,nFormatType_XML,Formato XML sin procesar,Adiscon User Interface .resw source; locale=es-ES; revision=edd9fe10d4a120194e4a0a1e60a5d04d661b79ab
WINSyslogClient.WinUI/Strings/Resources,WINSyslogClient.WinUI Resources,nForwardIUT,Reenviar como código de representación XML de MWAgent,Adiscon User Interface .resw source; locale=es-ES; revision=edd9fe10d4a120194e4a0a1e60a5d04d661b79ab
WINSyslogClient.WinUI/Strings/Resources,WINSyslogClient.WinUI Resources,nGenerateOnSuccess,Generar un evento si la sonda FTP fue exitosa,Adiscon User Interface .resw source; locale=es-ES; revision=edd9fe10d4a120194e4a0a1e60a5d04d661b79ab
WINSyslogClient.WinUI/Strings/Resources,WINSyslogClient.WinUI Resources,nGenericName,Nombre genérico,Adiscon User Interface .resw source; locale=es-ES; revision=edd9fe10d4a120194e4a0a1e60a5d04d661b79ab
WINSyslogClient.WinUI/Strings/Resources,WINSyslogClient.WinUI Resources,nHTTPPort,Puerto HTTP,Adiscon User Interface .resw source; locale=es-ES; revision=edd9fe10d4a120194e4a0a1e60a5d04d661b79ab
WINSyslogClient.WinUI/Strings/Resources,WINSyslogClient.WinUI Resources,nIMAPPort,Puerto IMAP,Adiscon User Interface .resw source; locale=es-ES; revision=edd9fe10d4a120194e4a0a1e60a5d04d661b79ab
WINSyslogClient.WinUI/Strings/Resources,WINSyslogClient.WinUI Resources,nIgnoreEmptyLines,Ignorar líneas vacías,Adiscon User Interface .resw source; locale=es-ES; revision=edd9fe10d4a120194e4a0a1e60a5d04d661b79ab
WINSyslogClient.WinUI/Strings/Resources,WINSyslogClient.WinUI Resources,nIncludeEventParameters,¿Incluir parámetros opcionales del evento como propiedades?,Adiscon User Interface .resw source; locale=es-ES; revision=edd9fe10d4a120194e4a0a1e60a5d04d661b79ab
WINSyslogClient.WinUI/Strings/Resources,WINSyslogClient.WinUI Resources,nIncludeMessage,Incluir mensaje,Adiscon User Interface .resw source; locale=es-ES; revision=edd9fe10d4a120194e4a0a1e60a5d04d661b79ab
WINSyslogClient.WinUI/Strings/Resources,WINSyslogClient.WinUI Resources,nIncludeRAWMessage,Incluir mensaje RAW,Adiscon User Interface .resw source; locale=es-ES; revision=edd9fe10d4a120194e4a0a1e60a5d04d661b79ab
WINSyslogClient.WinUI/Strings/Resources,WINSyslogClient.WinUI Resources,nIncludeSourceInFilename,Incluir origen en nombre de archivo,Adiscon User Interface .resw source; locale=es-ES; revision=edd9fe10d4a120194e4a0a1e60a5d04d661b79ab
WINSyslogClient.WinUI/Strings/Resources,WINSyslogClient.WinUI Resources,nInstanceID,Subidentificador de instancia,Adiscon User Interface .resw source; locale=es-ES; revision=edd9fe10d4a120194e4a0a1e60a5d04d661b79ab
WINSyslogClient.WinUI/Strings/Resources,WINSyslogClient.WinUI Resources,nJSONIncludeMessageProperty,Incluir propiedad Message en formato CEE,Adiscon User Interface .resw source; locale=es-ES; revision=edd9fe10d4a120194e4a0a1e60a5d04d661b79ab
WINSyslogClient.WinUI/Strings/Resources,WINSyslogClient.WinUI Resources,nJapanStringHandling,Conversión Unicode especial para sistemas japoneses,Adiscon User Interface .resw source; locale=es-ES; revision=edd9fe10d4a120194e4a0a1e60a5d04d661b79ab
WINSyslogClient.WinUI/Strings/Resources,WINSyslogClient.WinUI Resources,nKeepReadingUntilNew,Seguir leyendo hasta nuevo archivo,Adiscon User Interface .resw source; locale=es-ES; revision=edd9fe10d4a120194e4a0a1e60a5d04d661b79ab
WINSyslogClient.WinUI/Strings/Resources,WINSyslogClient.WinUI Resources,nLanguageLCID,Idioma preferido,Adiscon User Interface .resw source; locale=es-ES; revision=edd9fe10d4a120194e4a0a1e60a5d04d661b79ab
WINSyslogClient.WinUI/Strings/Resources,WINSyslogClient.WinUI Resources,nLastPos,Última posición de archivo,Adiscon User Interface .resw source; locale=es-ES; revision=edd9fe10d4a120194e4a0a1e60a5d04d661b79ab
WINSyslogClient.WinUI/Strings/Resources,WINSyslogClient.WinUI Resources,nLastRecord,Último registro,Adiscon User Interface .resw source; locale=es-ES; revision=edd9fe10d4a120194e4a0a1e60a5d04d661b79ab
WINSyslogClient.WinUI/Strings/Resources,WINSyslogClient.WinUI Resources,nLastRecordDelayCount,Guardar después de cantidad de entradas,Adiscon User Interface .resw source; locale=es-ES; revision=edd9fe10d4a120194e4a0a1e60a5d04d661b79ab
WINSyslogClient.WinUI/Strings/Resources,WINSyslogClient.WinUI Resources,nLastRecordDelayTime,Guardar después del tiempo de espera,Adiscon User Interface .resw source; locale=es-ES; revision=edd9fe10d4a120194e4a0a1e60a5d04d661b79ab
WINSyslogClient.WinUI/Strings/Resources,WINSyslogClient.WinUI Resources,nLastWriteTime,Última hora de escritura,Adiscon User Interface .resw source; locale=es-ES; revision=edd9fe10d4a120194e4a0a1e60a5d04d661b79ab
WINSyslogClient.WinUI/Strings/Resources,WINSyslogClient.WinUI Resources,nLibCacheTimeOut,¿Cuánto tiempo cachear bibliotecas?,Adiscon User Interface .resw source; locale=es-ES; revision=edd9fe10d4a120194e4a0a1e60a5d04d661b79ab
WINSyslogClient.WinUI/Strings/Resources,WINSyslogClient.WinUI Resources,nListenPort,Puerto de escucha,Adiscon User Interface .resw source; locale=es-ES; revision=edd9fe10d4a120194e4a0a1e60a5d04d661b79ab
WINSyslogClient.WinUI/Strings/Resources,WINSyslogClient.WinUI Resources,nLogDoNotRotateOnShutdown,No rotar archivos al cerrar ,Adiscon User Interface .resw source; locale=es-ES; revision=edd9fe10d4a120194e4a0a1e60a5d04d661b79ab
WINSyslogClient.WinUI/Strings/Resources,WINSyslogClient.WinUI Resources,nLogEnableRotate,Habilitar rotación de registros,Adiscon User Interface .resw source; locale=es-ES; revision=edd9fe10d4a120194e4a0a1e60a5d04d661b79ab
WINSyslogClient.WinUI/Strings/Resources,WINSyslogClient.WinUI Resources,nLogEnableRotateTimeOfTheDay,Rotar a hora del día,Adiscon User Interface .resw source; locale=es-ES; revision=edd9fe10d4a120194e4a0a1e60a5d04d661b79ab
WINSyslogClient.WinUI/Strings/Resources,WINSyslogClient.WinUI Resources,nLogEnableRotateTimeout,Rotación por tiempo,Adiscon User Interface .resw source; locale=es-ES; revision=edd9fe10d4a120194e4a0a1e60a5d04d661b79ab
WINSyslogClient.WinUI/Strings/Resources,WINSyslogClient.WinUI Resources,nLogFileType,Tipo de archivo de registro,Adiscon User Interface .resw source; locale=es-ES; revision=edd9fe10d4a120194e4a0a1e60a5d04d661b79ab
WINSyslogClient.WinUI/Strings/Resources,WINSyslogClient.WinUI Resources,nLogMoveAfterRotate,Mover archivo tras rotación,Adiscon User Interface .resw source; locale=es-ES; revision=edd9fe10d4a120194e4a0a1e60a5d04d661b79ab
WINSyslogClient.WinUI/Strings/Resources,WINSyslogClient.WinUI Resources,nLogRotateMaxFiles,Máx. archivos rotados a conservar,Adiscon User Interface .resw source; locale=es-ES; revision=edd9fe10d4a120194e4a0a1e60a5d04d661b79ab
WINSyslogClient.WinUI/Strings/Resources,WINSyslogClient.WinUI Resources,nLogRotateMaxWait,Tiempo máx. espera para rotación,Adiscon User Interface .resw source; locale=es-ES; revision=edd9fe10d4a120194e4a0a1e60a5d04d661b79ab
WINSyslogClient.WinUI/Strings/Resources,WINSyslogClient.WinUI Resources,nLogRotateOnClose,Rotar al cerrar cada archivo,Adiscon User Interface .resw source; locale=es-ES; revision=edd9fe10d4a120194e4a0a1e60a5d04d661b79ab
WINSyslogClient.WinUI/Strings/Resources,WINSyslogClient.WinUI Resources,nLogRotateOnSizeLimit,Rotar si se alcanza:,Adiscon User Interface .resw source; locale=es-ES; revision=edd9fe10d4a120194e4a0a1e60a5d04d661b79ab
WINSyslogClient.WinUI/Strings/Resources,WINSyslogClient.WinUI Resources,nLogRotateSizeLimit,Límite tamaño (KB),Adiscon User Interface .resw source; locale=es-ES; revision=edd9fe10d4a120194e4a0a1e60a5d04d661b79ab
WINSyslogClient.WinUI/Strings/Resources,WINSyslogClient.WinUI Resources,nLogRotateTimeOfTheDay,Rotar a esta hora,Adiscon User Interface .resw source; locale=es-ES; revision=edd9fe10d4a120194e4a0a1e60a5d04d661b79ab
WINSyslogClient.WinUI/Strings/Resources,WINSyslogClient.WinUI Resources,nLogRotateTimeOfTheDayFriday,Viernes,Adiscon User Interface .resw source; locale=es-ES; revision=edd9fe10d4a120194e4a0a1e60a5d04d661b79ab
WINSyslogClient.WinUI/Strings/Resources,WINSyslogClient.WinUI Resources,nLogRotateTimeOfTheDayMonday,Lunes,Adiscon User Interface .resw source; locale=es-ES; revision=edd9fe10d4a120194e4a0a1e60a5d04d661b79ab
WINSyslogClient.WinUI/Strings/Resources,WINSyslogClient.WinUI Resources,nLogRotateTimeOfTheDaySaturday,Sábado,Adiscon User Interface .resw source; locale=es-ES; revision=edd9fe10d4a120194e4a0a1e60a5d04d661b79ab
WINSyslogClient.WinUI/Strings/Resources,WINSyslogClient.WinUI Resources,nLogRotateTimeOfTheDaySunday,Domingo,Adiscon User Interface .resw source; locale=es-ES; revision=edd9fe10d4a120194e4a0a1e60a5d04d661b79ab
WINSyslogClient.WinUI/Strings/Resources,WINSyslogClient.WinUI Resources,nLogRotateTimeOfTheDayThusday,Jueves,Adiscon User Interface .resw source; locale=es-ES; revision=edd9fe10d4a120194e4a0a1e60a5d04d661b79ab
WINSyslogClient.WinUI/Strings/Resources,WINSyslogClient.WinUI Resources,nLogRotateTimeOfTheDayTuesday,Martes,Adiscon User Interface .resw source; locale=es-ES; revision=edd9fe10d4a120194e4a0a1e60a5d04d661b79ab
WINSyslogClient.WinUI/Strings/Resources,WINSyslogClient.WinUI Resources,nLogRotateTimeOfTheDayWednesday,Miércoles,Adiscon User Interface .resw source; locale=es-ES; revision=edd9fe10d4a120194e4a0a1e60a5d04d661b79ab
WINSyslogClient.WinUI/Strings/Resources,WINSyslogClient.WinUI Resources,nLogRotateTimeout,Rotar archivos más antiguos que:,Adiscon User Interface .resw source; locale=es-ES; revision=edd9fe10d4a120194e4a0a1e60a5d04d661b79ab
WINSyslogClient.WinUI/Strings/Resources,WINSyslogClient.WinUI Resources,nLogRotateTimeoutUnit,Unidad,Adiscon User Interface .resw source; locale=es-ES; revision=edd9fe10d4a120194e4a0a1e60a5d04d661b79ab
WINSyslogClient.WinUI/Strings/Resources,WINSyslogClient.WinUI Resources,nLogRotateWorkerCount,Número de workers de rotación de logs,Adiscon User Interface .resw source; locale=es-ES; revision=edd9fe10d4a120194e4a0a1e60a5d04d661b79ab
WINSyslogClient.WinUI/Strings/Resources,WINSyslogClient.WinUI Resources,nLogRotateWorkerEnable,Habilitar workers en cola para la rotación de logs,Adiscon User Interface .resw source; locale=es-ES; revision=edd9fe10d4a120194e4a0a1e60a5d04d661b79ab
WINSyslogClient.WinUI/Strings/Resources,WINSyslogClient.WinUI Resources,nLogRotateWorkerSleepTime,Tiempo de espera entre comprobaciones de cola,Adiscon User Interface .resw source; locale=es-ES; revision=edd9fe10d4a120194e4a0a1e60a5d04d661b79ab
WINSyslogClient.WinUI/Strings/Resources,WINSyslogClient.WinUI Resources,nLogRotateWorkerStopWaitTimeout,Tiempo de espera al detener el servicio para trabajos de rotación en cola,Adiscon User Interface .resw source; locale=es-ES; revision=edd9fe10d4a120194e4a0a1e60a5d04d661b79ab
WINSyslogClient.WinUI/Strings/Resources,WINSyslogClient.WinUI Resources,nLogZipAfterRotate,Comprimir archivo tras rotación,Adiscon User Interface .resw source; locale=es-ES; revision=edd9fe10d4a120194e4a0a1e60a5d04d661b79ab
WINSyslogClient.WinUI/Strings/Resources,WINSyslogClient.WinUI Resources,nLogZipAfterRotateFormat,Formato compresión,Adiscon User Interface .resw source; locale=es-ES; revision=edd9fe10d4a120194e4a0a1e60a5d04d661b79ab
WINSyslogClient.WinUI/Strings/Resources,WINSyslogClient.WinUI Resources,nLogZipCompressionLevel,Nivel de compresión,Adiscon User Interface .resw source; locale=es-ES; revision=edd9fe10d4a120194e4a0a1e60a5d04d661b79ab
WINSyslogClient.WinUI/Strings/Resources,WINSyslogClient.WinUI Resources,nMAX_LONGVCHAR_LEN,Long. texto máx. (bytes),Adiscon User Interface .resw source; locale=es-ES; revision=edd9fe10d4a120194e4a0a1e60a5d04d661b79ab
WINSyslogClient.WinUI/Strings/Resources,WINSyslogClient.WinUI Resources,nMAX_VCHAR_LEN,Long. char máx. (bytes),Adiscon User Interface .resw source; locale=es-ES; revision=edd9fe10d4a120194e4a0a1e60a5d04d661b79ab
WINSyslogClient.WinUI/Strings/Resources,WINSyslogClient.WinUI Resources,nMEMEnable,Habilitar comprobación memoria,Adiscon User Interface .resw source; locale=es-ES; revision=edd9fe10d4a120194e4a0a1e60a5d04d661b79ab
WINSyslogClient.WinUI/Strings/Resources,WINSyslogClient.WinUI Resources,nMEMOccurences,Apariciones hasta alarma memoria,Adiscon User Interface .resw source; locale=es-ES; revision=edd9fe10d4a120194e4a0a1e60a5d04d661b79ab
WINSyslogClient.WinUI/Strings/Resources,WINSyslogClient.WinUI Resources,nMEMPsyEnable,Habilitar comprobación memoria física,Adiscon User Interface .resw source; locale=es-ES; revision=edd9fe10d4a120194e4a0a1e60a5d04d661b79ab
WINSyslogClient.WinUI/Strings/Resources,WINSyslogClient.WinUI Resources,nMEMPsyOccurences,Apariciones hasta alarma memoria física,Adiscon User Interface .resw source; locale=es-ES; revision=edd9fe10d4a120194e4a0a1e60a5d04d661b79ab
WINSyslogClient.WinUI/Strings/Resources,WINSyslogClient.WinUI Resources,nMEMPsyReportIfBelowAlarm,Informar también si memoria física está por debajo,Adiscon User Interface .resw source; locale=es-ES; revision=edd9fe10d4a120194e4a0a1e60a5d04d661b79ab
WINSyslogClient.WinUI/Strings/Resources,WINSyslogClient.WinUI Resources,nMEMPsyUsageAlarmLevel,Nivel alarma uso memoria física,Adiscon User Interface .resw source; locale=es-ES; revision=edd9fe10d4a120194e4a0a1e60a5d04d661b79ab
WINSyslogClient.WinUI/Strings/Resources,WINSyslogClient.WinUI Resources,nMEMReportIfBelowAlarm,Informar también si memoria está por debajo,Adiscon User Interface .resw source; locale=es-ES; revision=edd9fe10d4a120194e4a0a1e60a5d04d661b79ab
WINSyslogClient.WinUI/Strings/Resources,WINSyslogClient.WinUI Resources,nMEMUsageAlarmLevel,Nivel alarma uso memoria,Adiscon User Interface .resw source; locale=es-ES; revision=edd9fe10d4a120194e4a0a1e60a5d04d661b79ab
WINSyslogClient.WinUI/Strings/Resources,WINSyslogClient.WinUI Resources,nMEMVirtEnable,Habilitar comprobación memoria virtual,Adiscon User Interface .resw source; locale=es-ES; revision=edd9fe10d4a120194e4a0a1e60a5d04d661b79ab
WINSyslogClient.WinUI/Strings/Resources,WINSyslogClient.WinUI Resources,nMEMVirtOccurences,Apariciones hasta alarma memoria virtual,Adiscon User Interface .resw source; locale=es-ES; revision=edd9fe10d4a120194e4a0a1e60a5d04d661b79ab
WINSyslogClient.WinUI/Strings/Resources,WINSyslogClient.WinUI Resources,nMEMVirtReportIfBelowAlarm,Informar también si memoria virtual está por debajo,Adiscon User Interface .resw source; locale=es-ES; revision=edd9fe10d4a120194e4a0a1e60a5d04d661b79ab
WINSyslogClient.WinUI/Strings/Resources,WINSyslogClient.WinUI Resources,nMEMVirtUsageAlarmLevel,Nivel alarma uso memoria virtual,Adiscon User Interface .resw source; locale=es-ES; revision=edd9fe10d4a120194e4a0a1e60a5d04d661b79ab
WINSyslogClient.WinUI/Strings/Resources,WINSyslogClient.WinUI Resources,nMIAPSendPort,Puerto SETP predeterminado,Adiscon User Interface .resw source; locale=es-ES; revision=edd9fe10d4a120194e4a0a1e60a5d04d661b79ab
WINSyslogClient.WinUI/Strings/Resources,WINSyslogClient.WinUI Resources,nMailPriority,Prioridad correo,Adiscon User Interface .resw source; locale=es-ES; revision=edd9fe10d4a120194e4a0a1e60a5d04d661b79ab
WINSyslogClient.WinUI/Strings/Resources,WINSyslogClient.WinUI Resources,nMaxBytesPerMessage,Máx. bytes por mensaje,Adiscon User Interface .resw source; locale=es-ES; revision=edd9fe10d4a120194e4a0a1e60a5d04d661b79ab
WINSyslogClient.WinUI/Strings/Resources,WINSyslogClient.WinUI Resources,nMaxFileSize,Tamaño máx. (KB),Adiscon User Interface .resw source; locale=es-ES; revision=edd9fe10d4a120194e4a0a1e60a5d04d661b79ab
WINSyslogClient.WinUI/Strings/Resources,WINSyslogClient.WinUI Resources,nMaxValueLength,Longitud máx. valor (bytes):,Adiscon User Interface .resw source; locale=es-ES; revision=edd9fe10d4a120194e4a0a1e60a5d04d661b79ab
WINSyslogClient.WinUI/Strings/Resources,WINSyslogClient.WinUI Resources,nMessagePriority,Prioridad de cola,Adiscon User Interface .resw source; locale=es-ES; revision=edd9fe10d4a120194e4a0a1e60a5d04d661b79ab
WINSyslogClient.WinUI/Strings/Resources,WINSyslogClient.WinUI Resources,nMultipleFiles,Permitir directorios o leer varios archivos (requiere comodín en nombre de archivo),Adiscon User Interface .resw source; locale=es-ES; revision=edd9fe10d4a120194e4a0a1e60a5d04d661b79ab
WINSyslogClient.WinUI/Strings/Resources,WINSyslogClient.WinUI Resources,nNNTPPort,Puerto NNTP,Adiscon User Interface .resw source; locale=es-ES; revision=edd9fe10d4a120194e4a0a1e60a5d04d661b79ab
WINSyslogClient.WinUI/Strings/Resources,WINSyslogClient.WinUI Resources,nNbrOfRetries,Número de reintentos,Adiscon User Interface .resw source; locale=es-ES; revision=edd9fe10d4a120194e4a0a1e60a5d04d661b79ab
WINSyslogClient.WinUI/Strings/Resources,WINSyslogClient.WinUI Resources,nNoExistingEntries,NO procesar entradas existentes,Adiscon User Interface .resw source; locale=es-ES; revision=edd9fe10d4a120194e4a0a1e60a5d04d661b79ab
WINSyslogClient.WinUI/Strings/Resources,WINSyslogClient.WinUI Resources,nNumberOfLogfiles,Número de archivos de registro,Adiscon User Interface .resw source; locale=es-ES; revision=edd9fe10d4a120194e4a0a1e60a5d04d661b79ab
WINSyslogClient.WinUI/Strings/Resources,WINSyslogClient.WinUI Resources,nODBCEnCryption,Cifrar contraseña,Adiscon User Interface .resw source; locale=es-ES; revision=edd9fe10d4a120194e4a0a1e60a5d04d661b79ab
WINSyslogClient.WinUI/Strings/Resources,WINSyslogClient.WinUI Resources,nOleDbEnCryption,Cifrar contraseña,Adiscon User Interface .resw source; locale=es-ES; revision=edd9fe10d4a120194e4a0a1e60a5d04d661b79ab
WINSyslogClient.WinUI/Strings/Resources,WINSyslogClient.WinUI Resources,nOnMaxProc,Al alcanzar máx. procesos,Adiscon User Interface .resw source; locale=es-ES; revision=edd9fe10d4a120194e4a0a1e60a5d04d661b79ab
WINSyslogClient.WinUI/Strings/Resources,WINSyslogClient.WinUI Resources,nOnMaxProcWait,Tiempo de espera al alcanzar máx. procesos,Adiscon User Interface .resw source; locale=es-ES; revision=edd9fe10d4a120194e4a0a1e60a5d04d661b79ab
WINSyslogClient.WinUI/Strings/Resources,WINSyslogClient.WinUI Resources,nOutputEncodingUTF8BOM,Incluir BOM UTF8 en el mensaje,Adiscon User Interface .resw source; locale=es-ES; revision=edd9fe10d4a120194e4a0a1e60a5d04d661b79ab
WINSyslogClient.WinUI/Strings/Resources,WINSyslogClient.WinUI Resources,nOutputFormat,Formato de salida Lognorm,Adiscon User Interface .resw source; locale=es-ES; revision=edd9fe10d4a120194e4a0a1e60a5d04d661b79ab
WINSyslogClient.WinUI/Strings/Resources,WINSyslogClient.WinUI Resources,nPOP3Port,Puerto POP3,Adiscon User Interface .resw source; locale=es-ES; revision=edd9fe10d4a120194e4a0a1e60a5d04d661b79ab
WINSyslogClient.WinUI/Strings/Resources,WINSyslogClient.WinUI Resources,nParity,Paridad,Adiscon User Interface .resw source; locale=es-ES; revision=edd9fe10d4a120194e4a0a1e60a5d04d661b79ab
WINSyslogClient.WinUI/Strings/Resources,WINSyslogClient.WinUI Resources,nParseSyslogDate,Usar marca de tiempo original del mensaje (RFC 3164),Adiscon User Interface .resw source; locale=es-ES; revision=edd9fe10d4a120194e4a0a1e60a5d04d661b79ab
WINSyslogClient.WinUI/Strings/Resources,WINSyslogClient.WinUI Resources,nPort,Puerto HTTP,Adiscon User Interface .resw source; locale=es-ES; revision=edd9fe10d4a120194e4a0a1e60a5d04d661b79ab
WINSyslogClient.WinUI/Strings/Resources,WINSyslogClient.WinUI Resources,nPortNumber,Puerto,Adiscon User Interface .resw source; locale=es-ES; revision=edd9fe10d4a120194e4a0a1e60a5d04d661b79ab
WINSyslogClient.WinUI/Strings/Resources,WINSyslogClient.WinUI Resources,nPort_,Puerto,Adiscon User Interface .resw source; locale=es-ES; revision=edd9fe10d4a120194e4a0a1e60a5d04d661b79ab
WINSyslogClient.WinUI/Strings/Resources,WINSyslogClient.WinUI Resources,nPreventOverrunDelay,Retraso prevención desbordamiento (ms),Adiscon User Interface .resw source; locale=es-ES; revision=edd9fe10d4a120194e4a0a1e60a5d04d661b79ab
WINSyslogClient.WinUI/Strings/Resources,WINSyslogClient.WinUI Resources,nPriorityAuditFailure,Error de auditoría,Adiscon User Interface .resw source; locale=es-ES; revision=edd9fe10d4a120194e4a0a1e60a5d04d661b79ab
WINSyslogClient.WinUI/Strings/Resources,WINSyslogClient.WinUI Resources,nPriorityAuditSuccess,Éxito de auditoría,Adiscon User Interface .resw source; locale=es-ES; revision=edd9fe10d4a120194e4a0a1e60a5d04d661b79ab
WINSyslogClient.WinUI/Strings/Resources,WINSyslogClient.WinUI Resources,nPriorityCritical,Crítico,Adiscon User Interface .resw source; locale=es-ES; revision=edd9fe10d4a120194e4a0a1e60a5d04d661b79ab
WINSyslogClient.WinUI/Strings/Resources,WINSyslogClient.WinUI Resources,nPriorityError,Error,Adiscon User Interface .resw source; locale=es-ES; revision=edd9fe10d4a120194e4a0a1e60a5d04d661b79ab
WINSyslogClient.WinUI/Strings/Resources,WINSyslogClient.WinUI Resources,nPriorityInfo,Información,Adiscon User Interface .resw source; locale=es-ES; revision=edd9fe10d4a120194e4a0a1e60a5d04d661b79ab
WINSyslogClient.WinUI/Strings/Resources,WINSyslogClient.WinUI Resources,nPriorityInformation,Información,Adiscon User Interface .resw source; locale=es-ES; revision=edd9fe10d4a120194e4a0a1e60a5d04d661b79ab
WINSyslogClient.WinUI/Strings/Resources,WINSyslogClient.WinUI Resources,nPrioritySuccess,Éxito,Adiscon User Interface .resw source; locale=es-ES; revision=edd9fe10d4a120194e4a0a1e60a5d04d661b79ab
WINSyslogClient.WinUI/Strings/Resources,WINSyslogClient.WinUI Resources,nPriorityVerbose,Detallado,Adiscon User Interface .resw source; locale=es-ES; revision=edd9fe10d4a120194e4a0a1e60a5d04d661b79ab
WINSyslogClient.WinUI/Strings/Resources,WINSyslogClient.WinUI Resources,nPriorityWarning,Advertencia,Adiscon User Interface .resw source; locale=es-ES; revision=edd9fe10d4a120194e4a0a1e60a5d04d661b79ab
WINSyslogClient.WinUI/Strings/Resources,WINSyslogClient.WinUI Resources,nProcMode,Modo de procesamiento,Adiscon User Interface .resw source; locale=es-ES; revision=edd9fe10d4a120194e4a0a1e60a5d04d661b79ab
WINSyslogClient.WinUI/Strings/Resources,WINSyslogClient.WinUI Resources,nProcessPriority,Prioridad proceso,Adiscon User Interface .resw source; locale=es-ES; revision=edd9fe10d4a120194e4a0a1e60a5d04d661b79ab
WINSyslogClient.WinUI/Strings/Resources,WINSyslogClient.WinUI Resources,nProcessRestOfFile,Procesar el resto del archivo como un mensaje (si no se encuentra más separador de mensajes),Adiscon User Interface .resw source; locale=es-ES; revision=edd9fe10d4a120194e4a0a1e60a5d04d661b79ab
WINSyslogClient.WinUI/Strings/Resources,WINSyslogClient.WinUI Resources,nProcessingLow,Puntero procesamiento,Adiscon User Interface .resw source; locale=es-ES; revision=edd9fe10d4a120194e4a0a1e60a5d04d661b79ab
WINSyslogClient.WinUI/Strings/Resources,WINSyslogClient.WinUI Resources,nPropertiesTable,Registro detallado de propiedades,Adiscon User Interface .resw source; locale=es-ES; revision=edd9fe10d4a120194e4a0a1e60a5d04d661b79ab
WINSyslogClient.WinUI/Strings/Resources,WINSyslogClient.WinUI Resources,nPropertyMsgSep,Guardar separador de mensaje en propiedad (%msgsep%),Adiscon User Interface .resw source; locale=es-ES; revision=edd9fe10d4a120194e4a0a1e60a5d04d661b79ab
WINSyslogClient.WinUI/Strings/Resources,WINSyslogClient.WinUI Resources,nPropertyMsgSepReset,Restablecer separador de mensajes después de cada ejecución,Adiscon User Interface .resw source; locale=es-ES; revision=edd9fe10d4a120194e4a0a1e60a5d04d661b79ab
WINSyslogClient.WinUI/Strings/Resources,WINSyslogClient.WinUI Resources,nProtectAgainstShutdown,Proteger servicio contra cierre,Adiscon User Interface .resw source; locale=es-ES; revision=edd9fe10d4a120194e4a0a1e60a5d04d661b79ab
WINSyslogClient.WinUI/Strings/Resources,WINSyslogClient.WinUI Resources,nProtocolType,Tipo de protocolo,Adiscon User Interface .resw source; locale=es-ES; revision=edd9fe10d4a120194e4a0a1e60a5d04d661b79ab
WINSyslogClient.WinUI/Strings/Resources,WINSyslogClient.WinUI Resources,nQueueLimit,Límite cola,Adiscon User Interface .resw source; locale=es-ES; revision=edd9fe10d4a120194e4a0a1e60a5d04d661b79ab
WINSyslogClient.WinUI/Strings/Resources,WINSyslogClient.WinUI Resources,nRFC3164DetectYear,Intentar analizar el año desde la marca de tiempo del mensaje (RFC 3164),Adiscon User Interface .resw source; locale=es-ES; revision=edd9fe10d4a120194e4a0a1e60a5d04d661b79ab
WINSyslogClient.WinUI/Strings/Resources,WINSyslogClient.WinUI Resources,nRFC3164Parsing,Habilitar análisis RFC3164,Adiscon User Interface .resw source; locale=es-ES; revision=edd9fe10d4a120194e4a0a1e60a5d04d661b79ab
WINSyslogClient.WinUI/Strings/Resources,WINSyslogClient.WinUI Resources,nRFC5424AddProcID2SyslogTag,Añadir ProcessID a Syslogtag si está disponible,Adiscon User Interface .resw source; locale=es-ES; revision=edd9fe10d4a120194e4a0a1e60a5d04d661b79ab
WINSyslogClient.WinUI/Strings/Resources,WINSyslogClient.WinUI Resources,nRFC5424Parsing,Habilitar análisis RFC5424,Adiscon User Interface .resw source; locale=es-ES; revision=edd9fe10d4a120194e4a0a1e60a5d04d661b79ab
WINSyslogClient.WinUI/Strings/Resources,WINSyslogClient.WinUI Resources,nReUseFile,Limpiar en vez de borrar,Adiscon User Interface .resw source; locale=es-ES; revision=edd9fe10d4a120194e4a0a1e60a5d04d661b79ab
WINSyslogClient.WinUI/Strings/Resources,WINSyslogClient.WinUI Resources,nReadFileBuffer,Tamaño del búfer de lectura de archivo,Adiscon User Interface .resw source; locale=es-ES; revision=edd9fe10d4a120194e4a0a1e60a5d04d661b79ab
WINSyslogClient.WinUI/Strings/Resources,WINSyslogClient.WinUI Resources,nReadFromFile,Leer registro de eventos desde archivo,Adiscon User Interface .resw source; locale=es-ES; revision=edd9fe10d4a120194e4a0a1e60a5d04d661b79ab
WINSyslogClient.WinUI/Strings/Resources,WINSyslogClient.WinUI Resources,nReadSourceLocally,Leer orígenes del registro de eventos desde la máquina local,Adiscon User Interface .resw source; locale=es-ES; revision=edd9fe10d4a120194e4a0a1e60a5d04d661b79ab
WINSyslogClient.WinUI/Strings/Resources,WINSyslogClient.WinUI Resources,nRemoveControlChars,Eliminar caracteres de control,Adiscon User Interface .resw source; locale=es-ES; revision=edd9fe10d4a120194e4a0a1e60a5d04d661b79ab
WINSyslogClient.WinUI/Strings/Resources,WINSyslogClient.WinUI Resources,nRemoveControlCharsFromParams,Eliminar caracteres de control de parámetros de cadena,Adiscon User Interface .resw source; locale=es-ES; revision=edd9fe10d4a120194e4a0a1e60a5d04d661b79ab
WINSyslogClient.WinUI/Strings/Resources,WINSyslogClient.WinUI Resources,nRemoveLeadingSpaces,Eliminar espacio inicial,Adiscon User Interface .resw source; locale=es-ES; revision=edd9fe10d4a120194e4a0a1e60a5d04d661b79ab
WINSyslogClient.WinUI/Strings/Resources,WINSyslogClient.WinUI Resources,nReplaceNullBytes,Reemplazar bytes NULL con espacios,Adiscon User Interface .resw source; locale=es-ES; revision=edd9fe10d4a120194e4a0a1e60a5d04d661b79ab
WINSyslogClient.WinUI/Strings/Resources,WINSyslogClient.WinUI Resources,nReportCrash,Enviar informes automáticamente,Adiscon User Interface .resw source; locale=es-ES; revision=edd9fe10d4a120194e4a0a1e60a5d04d661b79ab
WINSyslogClient.WinUI/Strings/Resources,WINSyslogClient.WinUI Resources,nReportErrorOnFNF,Informar error si no se encontró el archivo (se escribirá en el registro de eventos de la aplicación),Adiscon User Interface .resw source; locale=es-ES; revision=edd9fe10d4a120194e4a0a1e60a5d04d661b79ab
WINSyslogClient.WinUI/Strings/Resources,WINSyslogClient.WinUI Resources,nReportInJSON,Usar formato Syslog mejorado CEE,Adiscon User Interface .resw source; locale=es-ES; revision=edd9fe10d4a120194e4a0a1e60a5d04d661b79ab
WINSyslogClient.WinUI/Strings/Resources,WINSyslogClient.WinUI Resources,nResolveIfName,Resuelva también el nombre si la propiedad de origen ya es un nombre.,Adiscon User Interface .resw source; locale=es-ES; revision=edd9fe10d4a120194e4a0a1e60a5d04d661b79ab
WINSyslogClient.WinUI/Strings/Resources,WINSyslogClient.WinUI Resources,nResolveLongMibNames,Resolver completamente nombres MIB (formato largo),Adiscon User Interface .resw source; locale=es-ES; revision=edd9fe10d4a120194e4a0a1e60a5d04d661b79ab
WINSyslogClient.WinUI/Strings/Resources,WINSyslogClient.WinUI Resources,nResolveMibNamesShort,Usar formato corto (solo última porción),Adiscon User Interface .resw source; locale=es-ES; revision=edd9fe10d4a120194e4a0a1e60a5d04d661b79ab
WINSyslogClient.WinUI/Strings/Resources,WINSyslogClient.WinUI Resources,nResolveNames,Resolver nombres de host,Adiscon User Interface .resw source; locale=es-ES; revision=edd9fe10d4a120194e4a0a1e60a5d04d661b79ab
WINSyslogClient.WinUI/Strings/Resources,WINSyslogClient.WinUI Resources,nRetryCount,Número de reintentos,Adiscon User Interface .resw source; locale=es-ES; revision=edd9fe10d4a120194e4a0a1e60a5d04d661b79ab
WINSyslogClient.WinUI/Strings/Resources,WINSyslogClient.WinUI Resources,nRetryInterval,Intervalo de reintento (ms),Adiscon User Interface .resw source; locale=es-ES; revision=edd9fe10d4a120194e4a0a1e60a5d04d661b79ab
WINSyslogClient.WinUI/Strings/Resources,WINSyslogClient.WinUI Resources,nRetryPeriod,Período reintento (ms),Adiscon User Interface .resw source; locale=es-ES; revision=edd9fe10d4a120194e4a0a1e60a5d04d661b79ab
WINSyslogClient.WinUI/Strings/Resources,WINSyslogClient.WinUI Resources,nRingBufferSize,Tamaño archivo cola (estático),Adiscon User Interface .resw source; locale=es-ES; revision=edd9fe10d4a120194e4a0a1e60a5d04d661b79ab
WINSyslogClient.WinUI/Strings/Resources,WINSyslogClient.WinUI Resources,nRoundRobinMsgCount,Cantidad de mensajes enviados a cada servidor syslog antes del balanceo de carga,Adiscon User Interface .resw source; locale=es-ES; revision=edd9fe10d4a120194e4a0a1e60a5d04d661b79ab
WINSyslogClient.WinUI/Strings/Resources,WINSyslogClient.WinUI Resources,nRtsControl,Flujo de control RTS,Adiscon User Interface .resw source; locale=es-ES; revision=edd9fe10d4a120194e4a0a1e60a5d04d661b79ab
WINSyslogClient.WinUI/Strings/Resources,WINSyslogClient.WinUI Resources,nSMTPPort,Puerto servidor,Adiscon User Interface .resw source; locale=es-ES; revision=edd9fe10d4a120194e4a0a1e60a5d04d661b79ab
WINSyslogClient.WinUI/Strings/Resources,WINSyslogClient.WinUI Resources,nSMTPPortBackup,Puerto respaldo,Adiscon User Interface .resw source; locale=es-ES; revision=edd9fe10d4a120194e4a0a1e60a5d04d661b79ab
WINSyslogClient.WinUI/Strings/Resources,WINSyslogClient.WinUI Resources,nSQLConnectionTimeOut,Timeout conexión SQL,Adiscon User Interface .resw source; locale=es-ES; revision=edd9fe10d4a120194e4a0a1e60a5d04d661b79ab
WINSyslogClient.WinUI/Strings/Resources,WINSyslogClient.WinUI Resources,nSQLStatementType,Tipo sentencia,Adiscon User Interface .resw source; locale=es-ES; revision=edd9fe10d4a120194e4a0a1e60a5d04d661b79ab
WINSyslogClient.WinUI/Strings/Resources,WINSyslogClient.WinUI Resources,nSaveSourceIntoProperty,Guardar origen original en propiedad,Adiscon User Interface .resw source; locale=es-ES; revision=edd9fe10d4a120194e4a0a1e60a5d04d661b79ab
WINSyslogClient.WinUI/Strings/Resources,WINSyslogClient.WinUI Resources,nSavingLow,Puntero guardado,Adiscon User Interface .resw source; locale=es-ES; revision=edd9fe10d4a120194e4a0a1e60a5d04d661b79ab
WINSyslogClient.WinUI/Strings/Resources,WINSyslogClient.WinUI Resources,nSegmentFileBySize,Tamaño segmento (KB),Adiscon User Interface .resw source; locale=es-ES; revision=edd9fe10d4a120194e4a0a1e60a5d04d661b79ab
WINSyslogClient.WinUI/Strings/Resources,WINSyslogClient.WinUI Resources,nSegmentFileEnable,Segmentar si se alcanza (KB),Adiscon User Interface .resw source; locale=es-ES; revision=edd9fe10d4a120194e4a0a1e60a5d04d661b79ab
WINSyslogClient.WinUI/Strings/Resources,WINSyslogClient.WinUI Resources,nSelpSendPort,Puerto RELP,Adiscon User Interface .resw source; locale=es-ES; revision=edd9fe10d4a120194e4a0a1e60a5d04d661b79ab
WINSyslogClient.WinUI/Strings/Resources,WINSyslogClient.WinUI Resources,nSendExpect,Enviar mensaje y comprobar mensaje esperado,Adiscon User Interface .resw source; locale=es-ES; revision=edd9fe10d4a120194e4a0a1e60a5d04d661b79ab
WINSyslogClient.WinUI/Strings/Resources,WINSyslogClient.WinUI Resources,nSendMode,Modo de envío Syslog,Adiscon User Interface .resw source; locale=es-ES; revision=edd9fe10d4a120194e4a0a1e60a5d04d661b79ab
WINSyslogClient.WinUI/Strings/Resources,WINSyslogClient.WinUI Resources,nSendRecvTimeOut,Tiempo de espera de envío/recepción,Adiscon User Interface .resw source; locale=es-ES; revision=edd9fe10d4a120194e4a0a1e60a5d04d661b79ab
WINSyslogClient.WinUI/Strings/Resources,WINSyslogClient.WinUI Resources,nSendTimeOut,Tiempo de espera de envío/recepción,Adiscon User Interface .resw source; locale=es-ES; revision=edd9fe10d4a120194e4a0a1e60a5d04d661b79ab
WINSyslogClient.WinUI/Strings/Resources,WINSyslogClient.WinUI Resources,nShutdownProtectionTimeout,Tiempo límite de protección durante el cierre,Adiscon User Interface .resw source; locale=es-ES; revision=edd9fe10d4a120194e4a0a1e60a5d04d661b79ab
WINSyslogClient.WinUI/Strings/Resources,WINSyslogClient.WinUI Resources,nShutdownProtectionTimeout_Description,0 espera sin límite de tiempo. Un valor positivo limita todo el cierre protegido en milisegundos; al alcanzarlo pueden perderse mensajes que aún no estén almacenados de forma duradera.,Adiscon User Interface .resw source; locale=es-ES; revision=edd9fe10d4a120194e4a0a1e60a5d04d661b79ab
WINSyslogClient.WinUI/Strings/Resources,WINSyslogClient.WinUI Resources,nShutdownProtectionTimeout_ZeroLabel,0 (sin límite),Adiscon User Interface .resw source; locale=es-ES; revision=edd9fe10d4a120194e4a0a1e60a5d04d661b79ab
WINSyslogClient.WinUI/Strings/Resources,WINSyslogClient.WinUI Resources,nSkipLinesEnabled,Omitir todas las líneas al iniciar,Adiscon User Interface .resw source; locale=es-ES; revision=edd9fe10d4a120194e4a0a1e60a5d04d661b79ab
WINSyslogClient.WinUI/Strings/Resources,WINSyslogClient.WinUI Resources,nSleepTime,Intervalo comprobación (ms),Adiscon User Interface .resw source; locale=es-ES; revision=edd9fe10d4a120194e4a0a1e60a5d04d661b79ab
WINSyslogClient.WinUI/Strings/Resources,WINSyslogClient.WinUI Resources,nSnmpVersion,Versión SNMP,Adiscon User Interface .resw source; locale=es-ES; revision=edd9fe10d4a120194e4a0a1e60a5d04d661b79ab
WINSyslogClient.WinUI/Strings/Resources,WINSyslogClient.WinUI Resources,nSpecificType,Tipo específico,Adiscon User Interface .resw source; locale=es-ES; revision=edd9fe10d4a120194e4a0a1e60a5d04d661b79ab
WINSyslogClient.WinUI/Strings/Resources,WINSyslogClient.WinUI Resources,nSpoofIPAddress,Habilitar suplantación de IP para el protocolo UDP. Consulte el manual para más detalles,Adiscon User Interface .resw source; locale=es-ES; revision=edd9fe10d4a120194e4a0a1e60a5d04d661b79ab
WINSyslogClient.WinUI/Strings/Resources,WINSyslogClient.WinUI Resources,nStopbits,Bits de parada,Adiscon User Interface .resw source; locale=es-ES; revision=edd9fe10d4a120194e4a0a1e60a5d04d661b79ab
WINSyslogClient.WinUI/Strings/Resources,WINSyslogClient.WinUI Resources,nSubscriptionSleepTime,Tiempo de espera después de fallo de acción,Adiscon User Interface .resw source; locale=es-ES; revision=edd9fe10d4a120194e4a0a1e60a5d04d661b79ab
WINSyslogClient.WinUI/Strings/Resources,WINSyslogClient.WinUI Resources,nSyncTimeOut,Tiempo de espera de sincronización,Adiscon User Interface .resw source; locale=es-ES; revision=edd9fe10d4a120194e4a0a1e60a5d04d661b79ab
WINSyslogClient.WinUI/Strings/Resources,WINSyslogClient.WinUI Resources,nSyntax_,Tipo,Adiscon User Interface .resw source; locale=es-ES; revision=edd9fe10d4a120194e4a0a1e60a5d04d661b79ab
WINSyslogClient.WinUI/Strings/Resources,WINSyslogClient.WinUI Resources,nSyslogInsertSource,Añadir origen Syslog al reenviar a otros servidores Syslog,Adiscon User Interface .resw source; locale=es-ES; revision=edd9fe10d4a120194e4a0a1e60a5d04d661b79ab
WINSyslogClient.WinUI/Strings/Resources,WINSyslogClient.WinUI Resources,nSyslogMaxMessageSize,Tamaño máx. mensaje Syslog (bytes),Adiscon User Interface .resw source; locale=es-ES; revision=edd9fe10d4a120194e4a0a1e60a5d04d661b79ab
WINSyslogClient.WinUI/Strings/Resources,WINSyslogClient.WinUI Resources,nSyslogPortBackup,Puerto Syslog de respaldo,Adiscon User Interface .resw source; locale=es-ES; revision=edd9fe10d4a120194e4a0a1e60a5d04d661b79ab
WINSyslogClient.WinUI/Strings/Resources,WINSyslogClient.WinUI Resources,nSyslogPort_,Puerto Syslog,Adiscon User Interface .resw source; locale=es-ES; revision=edd9fe10d4a120194e4a0a1e60a5d04d661b79ab
WINSyslogClient.WinUI/Strings/Resources,WINSyslogClient.WinUI Resources,nSyslogSendPort,Puerto Syslog,Adiscon User Interface .resw source; locale=es-ES; revision=edd9fe10d4a120194e4a0a1e60a5d04d661b79ab
WINSyslogClient.WinUI/Strings/Resources,WINSyslogClient.WinUI Resources,nSystemID,SystemID,Adiscon User Interface .resw source; locale=es-ES; revision=edd9fe10d4a120194e4a0a1e60a5d04d661b79ab
WINSyslogClient.WinUI/Strings/Resources,WINSyslogClient.WinUI Resources,nTCPMaxSessions,Sesiones TCP maximas,Adiscon User Interface .resw source; locale=es-ES; revision=edd9fe10d4a120194e4a0a1e60a5d04d661b79ab
WINSyslogClient.WinUI/Strings/Resources,WINSyslogClient.WinUI Resources,nTLSAllowExpiredCerts,Permitir certificados de pares expirados,Adiscon User Interface .resw source; locale=es-ES; revision=edd9fe10d4a120194e4a0a1e60a5d04d661b79ab
WINSyslogClient.WinUI/Strings/Resources,WINSyslogClient.WinUI Resources,nTLSFailOnConfigCommandError,Fallar ante errores de comandos TLS,Adiscon User Interface .resw source; locale=es-ES; revision=edd9fe10d4a120194e4a0a1e60a5d04d661b79ab
WINSyslogClient.WinUI/Strings/Resources,WINSyslogClient.WinUI Resources,nTLSHandshakeTimeout,Tiempo de espera del handshake TLS,Adiscon User Interface .resw source; locale=es-ES; revision=edd9fe10d4a120194e4a0a1e60a5d04d661b79ab
WINSyslogClient.WinUI/Strings/Resources,WINSyslogClient.WinUI Resources,nTLSLegacyFingerprintMatch,Permitir coincidencia heredada de huella,Adiscon User Interface .resw source; locale=es-ES; revision=edd9fe10d4a120194e4a0a1e60a5d04d661b79ab
WINSyslogClient.WinUI/Strings/Resources,WINSyslogClient.WinUI Resources,nTLSLegacyPeerNameMatch,Permitir coincidencia heredada de nombre de par,Adiscon User Interface .resw source; locale=es-ES; revision=edd9fe10d4a120194e4a0a1e60a5d04d661b79ab
WINSyslogClient.WinUI/Strings/Resources,WINSyslogClient.WinUI Resources,nTakeSourceSysFromSyslogMsg,Tomar sistema de origen del mensaje Syslog,Adiscon User Interface .resw source; locale=es-ES; revision=edd9fe10d4a120194e4a0a1e60a5d04d661b79ab
WINSyslogClient.WinUI/Strings/Resources,WINSyslogClient.WinUI Resources,nTimeMode,Valores tiempo basados en,Adiscon User Interface .resw source; locale=es-ES; revision=edd9fe10d4a120194e4a0a1e60a5d04d661b79ab
WINSyslogClient.WinUI/Strings/Resources,WINSyslogClient.WinUI Resources,nTimeOutLimit,Límite de tiempo de espera,Adiscon User Interface .resw source; locale=es-ES; revision=edd9fe10d4a120194e4a0a1e60a5d04d661b79ab
WINSyslogClient.WinUI/Strings/Resources,WINSyslogClient.WinUI Resources,nTimeOutMsg,Tiempo de espera de finalización del mensaje,Adiscon User Interface .resw source; locale=es-ES; revision=edd9fe10d4a120194e4a0a1e60a5d04d661b79ab
WINSyslogClient.WinUI/Strings/Resources,WINSyslogClient.WinUI Resources,nTimeOutSession,Tiempo de espera de sesión,Adiscon User Interface .resw source; locale=es-ES; revision=edd9fe10d4a120194e4a0a1e60a5d04d661b79ab
WINSyslogClient.WinUI/Strings/Resources,WINSyslogClient.WinUI Resources,nTimeoutValue,Tiempo de espera de sesión,Adiscon User Interface .resw source; locale=es-ES; revision=edd9fe10d4a120194e4a0a1e60a5d04d661b79ab
WINSyslogClient.WinUI/Strings/Resources,WINSyslogClient.WinUI Resources,nTryConvSIDtoObj,Intentar convertir ID de seguridad (SID) a nombres de objeto,Adiscon User Interface .resw source; locale=es-ES; revision=edd9fe10d4a120194e4a0a1e60a5d04d661b79ab
WINSyslogClient.WinUI/Strings/Resources,WINSyslogClient.WinUI Resources,nTryConvertDsClasses,Intentar convertir clases de objetos de Active Directory,Adiscon User Interface .resw source; locale=es-ES; revision=edd9fe10d4a120194e4a0a1e60a5d04d661b79ab
WINSyslogClient.WinUI/Strings/Resources,WINSyslogClient.WinUI Resources,nTryDetectMessageEncoding,"Detectar automáticamente la codificación del mensaje (UTF8, SHIFT_JIS, EUC-JP)",Adiscon User Interface .resw source; locale=es-ES; revision=edd9fe10d4a120194e4a0a1e60a5d04d661b79ab
WINSyslogClient.WinUI/Strings/Resources,WINSyslogClient.WinUI Resources,nType,Tipo de protocolo,Adiscon User Interface .resw source; locale=es-ES; revision=edd9fe10d4a120194e4a0a1e60a5d04d661b79ab
WINSyslogClient.WinUI/Strings/Resources,WINSyslogClient.WinUI Resources,nUniqueFileName,Crear nombres únicos,Adiscon User Interface .resw source; locale=es-ES; revision=edd9fe10d4a120194e4a0a1e60a5d04d661b79ab
WINSyslogClient.WinUI/Strings/Resources,WINSyslogClient.WinUI Resources,nUseCompression,Usar compresión zLib para comprimir los datos.,Adiscon User Interface .resw source; locale=es-ES; revision=edd9fe10d4a120194e4a0a1e60a5d04d661b79ab
WINSyslogClient.WinUI/Strings/Resources,WINSyslogClient.WinUI Resources,nUseCustomSeparator,Usar separador personalizado,Adiscon User Interface .resw source; locale=es-ES; revision=edd9fe10d4a120194e4a0a1e60a5d04d661b79ab
WINSyslogClient.WinUI/Strings/Resources,WINSyslogClient.WinUI Resources,nUseLegacyProcessing,Usar procesamiento de parámetros heredado,Adiscon User Interface .resw source; locale=es-ES; revision=edd9fe10d4a120194e4a0a1e60a5d04d661b79ab
WINSyslogClient.WinUI/Strings/Resources,WINSyslogClient.WinUI Resources,nUseLegacySubjectProcessing,Procesar asunto legacy,Adiscon User Interface .resw source; locale=es-ES; revision=edd9fe10d4a120194e4a0a1e60a5d04d661b79ab
WINSyslogClient.WinUI/Strings/Resources,WINSyslogClient.WinUI Resources,nUseSMTPAuth,Autenticación SMTP,Adiscon User Interface .resw source; locale=es-ES; revision=edd9fe10d4a120194e4a0a1e60a5d04d661b79ab
WINSyslogClient.WinUI/Strings/Resources,WINSyslogClient.WinUI Resources,nUseSSL,Conexión SSL,Adiscon User Interface .resw source; locale=es-ES; revision=edd9fe10d4a120194e4a0a1e60a5d04d661b79ab
WINSyslogClient.WinUI/Strings/Resources,WINSyslogClient.WinUI Resources,nUseStartTLSMethod,Usar STARTTLS,Adiscon User Interface .resw source; locale=es-ES; revision=edd9fe10d4a120194e4a0a1e60a5d04d661b79ab
WINSyslogClient.WinUI/Strings/Resources,WINSyslogClient.WinUI Resources,nUseUTCForTimestamps,Usar UTC para marcas de tiempo,Adiscon User Interface .resw source; locale=es-ES; revision=edd9fe10d4a120194e4a0a1e60a5d04d661b79ab
WINSyslogClient.WinUI/Strings/Resources,WINSyslogClient.WinUI Resources,nUseUTCInFileName,Usar UTC en nombre de archivo,Adiscon User Interface .resw source; locale=es-ES; revision=edd9fe10d4a120194e4a0a1e60a5d04d661b79ab
WINSyslogClient.WinUI/Strings/Resources,WINSyslogClient.WinUI Resources,nUseUTCTimeStamp,UTC en cabecera fecha,Adiscon User Interface .resw source; locale=es-ES; revision=edd9fe10d4a120194e4a0a1e60a5d04d661b79ab
WINSyslogClient.WinUI/Strings/Resources,WINSyslogClient.WinUI Resources,nUseWildcard,Usar comodines en nombre de archivo,Adiscon User Interface .resw source; locale=es-ES; revision=edd9fe10d4a120194e4a0a1e60a5d04d661b79ab
WINSyslogClient.WinUI/Strings/Resources,WINSyslogClient.WinUI Resources,nUseXMLtoReport,Usar XML para informar,Adiscon User Interface .resw source; locale=es-ES; revision=edd9fe10d4a120194e4a0a1e60a5d04d661b79ab
WINSyslogClient.WinUI/Strings/Resources,WINSyslogClient.WinUI Resources,nVariableType_,Tipo de variable,Adiscon User Interface .resw source; locale=es-ES; revision=edd9fe10d4a120194e4a0a1e60a5d04d661b79ab
WINSyslogClient.WinUI/Strings/Resources,WINSyslogClient.WinUI Resources,nWorkerThreads,Número de hilos de trabajo,Adiscon User Interface .resw source; locale=es-ES; revision=edd9fe10d4a120194e4a0a1e60a5d04d661b79ab
WINSyslogClient.WinUI/Strings/Resources,WINSyslogClient.WinUI Resources,nWriteLastDBINdex,Escribir LastDBIndex con frecuencia,Adiscon User Interface .resw source; locale=es-ES; revision=edd9fe10d4a120194e4a0a1e60a5d04d661b79ab
WINSyslogClient.WinUI/Strings/Resources,WINSyslogClient.WinUI Resources,nZlibComp,Usar compresión zLib para comprimir los datos,Adiscon User Interface .resw source; locale=es-ES; revision=edd9fe10d4a120194e4a0a1e60a5d04d661b79ab
WINSyslogClient.WinUI/Strings/Resources,WINSyslogClient.WinUI Resources,ninteractive,Visor interactivo Syslog,Adiscon User Interface .resw source; locale=es-ES; revision=edd9fe10d4a120194e4a0a1e60a5d04d661b79ab
WINSyslogClient.WinUI/Strings/Resources,WINSyslogClient.WinUI Resources,nloganalyzer,Herramienta de análisis y reporte de registros,Adiscon User Interface .resw source; locale=es-ES; revision=edd9fe10d4a120194e4a0a1e60a5d04d661b79ab
WINSyslogClient.WinUI/Strings/Resources,WINSyslogClient.WinUI Resources,nlogfilemgr,Herramienta de gestión de archivos de registro,Adiscon User Interface .resw source; locale=es-ES; revision=edd9fe10d4a120194e4a0a1e60a5d04d661b79ab
WINSyslogClient.WinUI/Strings/Resources,WINSyslogClient.WinUI Resources,nlogsearch,Herramienta de búsqueda de registros,Adiscon User Interface .resw source; locale=es-ES; revision=edd9fe10d4a120194e4a0a1e60a5d04d661b79ab
WINSyslogClient.WinUI/Strings/Resources,WINSyslogClient.WinUI Resources,permittedsenders,Recibir mensajes syslog solo desde las siguientes direcciones IP. ,Adiscon User Interface .resw source; locale=es-ES; revision=edd9fe10d4a120194e4a0a1e60a5d04d661b79ab
WINSyslogClient.WinUI/Strings/Resources,WINSyslogClient.WinUI Resources,processedfiles,Propiedades del archivo procesado,Adiscon User Interface .resw source; locale=es-ES; revision=edd9fe10d4a120194e4a0a1e60a5d04d661b79ab
WINSyslogClient.WinUI/Strings/Resources,WINSyslogClient.WinUI Resources,propertylist,Lista de propiedades,Adiscon User Interface .resw source; locale=es-ES; revision=edd9fe10d4a120194e4a0a1e60a5d04d661b79ab
WINSyslogClient.WinUI/Strings/Resources,WINSyslogClient.WinUI Resources,snmpvars,Variables SNMP,Adiscon User Interface .resw source; locale=es-ES; revision=edd9fe10d4a120194e4a0a1e60a5d04d661b79ab
WINSyslogClient.WinUI/Strings/Resources,WINSyslogClient.WinUI Resources,syslogservers,Servidores Syslog,Adiscon User Interface .resw source; locale=es-ES; revision=edd9fe10d4a120194e4a0a1e60a5d04d661b79ab
WINSyslogClient.WinUI/Strings/Resources,WINSyslogClient.WinUI Resources,szActionCacheOptions,Opciones de cola de acciones,Adiscon User Interface .resw source; locale=es-ES; revision=edd9fe10d4a120194e4a0a1e60a5d04d661b79ab
WINSyslogClient.WinUI/Strings/Resources,WINSyslogClient.WinUI Resources,szActionSpecific,Específico de Action,Adiscon User Interface .resw source; locale=es-ES; revision=edd9fe10d4a120194e4a0a1e60a5d04d661b79ab
WINSyslogClient.WinUI/Strings/Resources,WINSyslogClient.WinUI Resources,szAdvancedOptions,Opciones de tiempo de espera,Adiscon User Interface .resw source; locale=es-ES; revision=edd9fe10d4a120194e4a0a1e60a5d04d661b79ab
WINSyslogClient.WinUI/Strings/Resources,WINSyslogClient.WinUI Resources,szAgent,SNMP Servidor,Adiscon User Interface .resw source; locale=es-ES; revision=edd9fe10d4a120194e4a0a1e60a5d04d661b79ab
WINSyslogClient.WinUI/Strings/Resources,WINSyslogClient.WinUI Resources,szAgentIP,Dirección IP del agente,Adiscon User Interface .resw source; locale=es-ES; revision=edd9fe10d4a120194e4a0a1e60a5d04d661b79ab
WINSyslogClient.WinUI/Strings/Resources,WINSyslogClient.WinUI Resources,szAutoBackPath,Ruta de búsqueda,Adiscon User Interface .resw source; locale=es-ES; revision=edd9fe10d4a120194e4a0a1e60a5d04d661b79ab
WINSyslogClient.WinUI/Strings/Resources,WINSyslogClient.WinUI Resources,szAutoBackupRunCommand,Comando de posprocesamiento,Adiscon User Interface .resw source; locale=es-ES; revision=edd9fe10d4a120194e4a0a1e60a5d04d661b79ab
WINSyslogClient.WinUI/Strings/Resources,WINSyslogClient.WinUI Resources,szButtonVerifyLicense,Verificar licencia,Adiscon User Interface .resw source; locale=es-ES; revision=edd9fe10d4a120194e4a0a1e60a5d04d661b79ab
WINSyslogClient.WinUI/Strings/Resources,WINSyslogClient.WinUI Resources,szCacheEventInfo,"Por razones de rendimiento recomendamos usar todas las opciones de caché disponibles. Sin embargo, si no desea almacenar en caché los datos consultados del registro de eventos, puede deshabilitarlas aquí. ",Adiscon User Interface .resw source; locale=es-ES; revision=edd9fe10d4a120194e4a0a1e60a5d04d661b79ab
WINSyslogClient.WinUI/Strings/Resources,WINSyslogClient.WinUI Resources,szCharMatch,Coincidencia de personajes,Adiscon User Interface .resw source; locale=es-ES; revision=edd9fe10d4a120194e4a0a1e60a5d04d661b79ab
WINSyslogClient.WinUI/Strings/Resources,WINSyslogClient.WinUI Resources,szCharacterProcessing,Opciones relacionadas con el procesamiento de caracteres,Adiscon User Interface .resw source; locale=es-ES; revision=edd9fe10d4a120194e4a0a1e60a5d04d661b79ab
WINSyslogClient.WinUI/Strings/Resources,WINSyslogClient.WinUI Resources,szCircularDisabled,Registro continuo,Adiscon User Interface .resw source; locale=es-ES; revision=edd9fe10d4a120194e4a0a1e60a5d04d661b79ab
WINSyslogClient.WinUI/Strings/Resources,WINSyslogClient.WinUI Resources,szCircularEnabled,Registro circular,Adiscon User Interface .resw source; locale=es-ES; revision=edd9fe10d4a120194e4a0a1e60a5d04d661b79ab
WINSyslogClient.WinUI/Strings/Resources,WINSyslogClient.WinUI Resources,szClearEventLog0,Nunca borrar (predeterminado),Adiscon User Interface .resw source; locale=es-ES; revision=edd9fe10d4a120194e4a0a1e60a5d04d661b79ab
WINSyslogClient.WinUI/Strings/Resources,WINSyslogClient.WinUI Resources,szClearEventLog1,"Borrar después de ciclos de sondeo, cada vez",Adiscon User Interface .resw source; locale=es-ES; revision=edd9fe10d4a120194e4a0a1e60a5d04d661b79ab
WINSyslogClient.WinUI/Strings/Resources,WINSyslogClient.WinUI Resources,szClearEventLog2,"Borrar una vez al día, comenzando a la hora configurada",Adiscon User Interface .resw source; locale=es-ES; revision=edd9fe10d4a120194e4a0a1e60a5d04d661b79ab
WINSyslogClient.WinUI/Strings/Resources,WINSyslogClient.WinUI Resources,szCommand,Comando a ejecutar,Adiscon User Interface .resw source; locale=es-ES; revision=edd9fe10d4a120194e4a0a1e60a5d04d661b79ab
WINSyslogClient.WinUI/Strings/Resources,WINSyslogClient.WinUI Resources,szCommunity,Comunidad,Adiscon User Interface .resw source; locale=es-ES; revision=edd9fe10d4a120194e4a0a1e60a5d04d661b79ab
WINSyslogClient.WinUI/Strings/Resources,WINSyslogClient.WinUI Resources,szComputerName,Nombre de la computadora del servidor/IP,Adiscon User Interface .resw source; locale=es-ES; revision=edd9fe10d4a120194e4a0a1e60a5d04d661b79ab
WINSyslogClient.WinUI/Strings/Resources,WINSyslogClient.WinUI Resources,szConfigPostProcessPreview,Mensaje Vista previa de tus reglas,Adiscon User Interface .resw source; locale=es-ES; revision=edd9fe10d4a120194e4a0a1e60a5d04d661b79ab
WINSyslogClient.WinUI/Strings/Resources,WINSyslogClient.WinUI Resources,szConfigRequestPreview,Vista previa de la solicitud,Adiscon User Interface .resw source; locale=es-ES; revision=edd9fe10d4a120194e4a0a1e60a5d04d661b79ab
WINSyslogClient.WinUI/Strings/Resources,WINSyslogClient.WinUI Resources,szConfigUrlPreview,Vista previa de URL,Adiscon User Interface .resw source; locale=es-ES; revision=edd9fe10d4a120194e4a0a1e60a5d04d661b79ab
WINSyslogClient.WinUI/Strings/Resources,WINSyslogClient.WinUI Resources,szConnectionString,Configurar conexión OLEDB,Adiscon User Interface .resw source; locale=es-ES; revision=edd9fe10d4a120194e4a0a1e60a5d04d661b79ab
WINSyslogClient.WinUI/Strings/Resources,WINSyslogClient.WinUI Resources,szContentType,Content-Type,Adiscon User Interface .resw source; locale=es-ES; revision=edd9fe10d4a120194e4a0a1e60a5d04d661b79ab
WINSyslogClient.WinUI/Strings/Resources,WINSyslogClient.WinUI Resources,szCopyFormatIntoProperty,almacenar en propiedad,Adiscon User Interface .resw source; locale=es-ES; revision=edd9fe10d4a120194e4a0a1e60a5d04d661b79ab
WINSyslogClient.WinUI/Strings/Resources,WINSyslogClient.WinUI Resources,szCopyFormatIntoPropertyGroup,Copiar formato a propiedad,Adiscon User Interface .resw source; locale=es-ES; revision=edd9fe10d4a120194e4a0a1e60a5d04d661b79ab
WINSyslogClient.WinUI/Strings/Resources,WINSyslogClient.WinUI Resources,szCrashReporting,Informes de fallos,Adiscon User Interface .resw source; locale=es-ES; revision=edd9fe10d4a120194e4a0a1e60a5d04d661b79ab
WINSyslogClient.WinUI/Strings/Resources,WINSyslogClient.WinUI Resources,szCustomEventLog,Canal Eventlog personalizado,Adiscon User Interface .resw source; locale=es-ES; revision=edd9fe10d4a120194e4a0a1e60a5d04d661b79ab
WINSyslogClient.WinUI/Strings/Resources,WINSyslogClient.WinUI Resources,szCustomMessageFormat,Formato mensaje personalizado,Adiscon User Interface .resw source; locale=es-ES; revision=edd9fe10d4a120194e4a0a1e60a5d04d661b79ab
WINSyslogClient.WinUI/Strings/Resources,WINSyslogClient.WinUI Resources,szCustomSeparator,Separador personalizado,Adiscon User Interface .resw source; locale=es-ES; revision=edd9fe10d4a120194e4a0a1e60a5d04d661b79ab
WINSyslogClient.WinUI/Strings/Resources,WINSyslogClient.WinUI Resources,szCustomSource,Origen Eventlog personalizado,Adiscon User Interface .resw source; locale=es-ES; revision=edd9fe10d4a120194e4a0a1e60a5d04d661b79ab
WINSyslogClient.WinUI/Strings/Resources,WINSyslogClient.WinUI Resources,szCustomSyslogHeader,Usar encabezado Syslog personalizado,Adiscon User Interface .resw source; locale=es-ES; revision=edd9fe10d4a120194e4a0a1e60a5d04d661b79ab
WINSyslogClient.WinUI/Strings/Resources,WINSyslogClient.WinUI Resources,szDBDSN,DSN,Adiscon User Interface .resw source; locale=es-ES; revision=edd9fe10d4a120194e4a0a1e60a5d04d661b79ab
WINSyslogClient.WinUI/Strings/Resources,WINSyslogClient.WinUI Resources,szDBPass,Contraseña,Adiscon User Interface .resw source; locale=es-ES; revision=edd9fe10d4a120194e4a0a1e60a5d04d661b79ab
WINSyslogClient.WinUI/Strings/Resources,WINSyslogClient.WinUI Resources,szDBSelect,Sentencia SELECT,Adiscon User Interface .resw source; locale=es-ES; revision=edd9fe10d4a120194e4a0a1e60a5d04d661b79ab
WINSyslogClient.WinUI/Strings/Resources,WINSyslogClient.WinUI Resources,szDBTableName,Tabla base de datos,Adiscon User Interface .resw source; locale=es-ES; revision=edd9fe10d4a120194e4a0a1e60a5d04d661b79ab
WINSyslogClient.WinUI/Strings/Resources,WINSyslogClient.WinUI Resources,szDBUser,ID de usuario,Adiscon User Interface .resw source; locale=es-ES; revision=edd9fe10d4a120194e4a0a1e60a5d04d661b79ab
WINSyslogClient.WinUI/Strings/Resources,WINSyslogClient.WinUI Resources,szDTLSServer,Nombre del servidor DTLS,Adiscon User Interface .resw source; locale=es-ES; revision=edd9fe10d4a120194e4a0a1e60a5d04d661b79ab
WINSyslogClient.WinUI/Strings/Resources,WINSyslogClient.WinUI Resources,szDataCatalog,Catálogo de datos,Adiscon User Interface .resw source; locale=es-ES; revision=edd9fe10d4a120194e4a0a1e60a5d04d661b79ab
WINSyslogClient.WinUI/Strings/Resources,WINSyslogClient.WinUI Resources,szDataSource,Origen datos,Adiscon User Interface .resw source; locale=es-ES; revision=edd9fe10d4a120194e4a0a1e60a5d04d661b79ab
WINSyslogClient.WinUI/Strings/Resources,WINSyslogClient.WinUI Resources,szDatabaseValues,Propiedades base de datos,Adiscon User Interface .resw source; locale=es-ES; revision=edd9fe10d4a120194e4a0a1e60a5d04d661b79ab
WINSyslogClient.WinUI/Strings/Resources,WINSyslogClient.WinUI Resources,szDateTimeLT,Fecha/hora local,Adiscon User Interface .resw source; locale=es-ES; revision=edd9fe10d4a120194e4a0a1e60a5d04d661b79ab
WINSyslogClient.WinUI/Strings/Resources,WINSyslogClient.WinUI Resources,szDateTimeUTC,FechaHora UTC,Adiscon User Interface .resw source; locale=es-ES; revision=edd9fe10d4a120194e4a0a1e60a5d04d661b79ab
WINSyslogClient.WinUI/Strings/Resources,WINSyslogClient.WinUI Resources,szDebugFileName,Archivo y ruta,Adiscon User Interface .resw source; locale=es-ES; revision=edd9fe10d4a120194e4a0a1e60a5d04d661b79ab
WINSyslogClient.WinUI/Strings/Resources,WINSyslogClient.WinUI Resources,szDestinationPropertyName,Propiedad de destino en la que se guardará el nombre resuelto,Adiscon User Interface .resw source; locale=es-ES; revision=edd9fe10d4a120194e4a0a1e60a5d04d661b79ab
WINSyslogClient.WinUI/Strings/Resources,WINSyslogClient.WinUI Resources,szDetailProperties,Detalles,Adiscon User Interface .resw source; locale=es-ES; revision=edd9fe10d4a120194e4a0a1e60a5d04d661b79ab
WINSyslogClient.WinUI/Strings/Resources,WINSyslogClient.WinUI Resources,szDisabled,Deshabilitado,Adiscon User Interface .resw source; locale=es-ES; revision=edd9fe10d4a120194e4a0a1e60a5d04d661b79ab
WINSyslogClient.WinUI/Strings/Resources,WINSyslogClient.WinUI Resources,szDtsControlDisable,Deshabilitar control DTR,Adiscon User Interface .resw source; locale=es-ES; revision=edd9fe10d4a120194e4a0a1e60a5d04d661b79ab
WINSyslogClient.WinUI/Strings/Resources,WINSyslogClient.WinUI Resources,szDtsControlEnable,Habilitar control DTR,Adiscon User Interface .resw source; locale=es-ES; revision=edd9fe10d4a120194e4a0a1e60a5d04d661b79ab
WINSyslogClient.WinUI/Strings/Resources,WINSyslogClient.WinUI Resources,szDtsControlHandshake,Control de enlace DTR,Adiscon User Interface .resw source; locale=es-ES; revision=edd9fe10d4a120194e4a0a1e60a5d04d661b79ab
WINSyslogClient.WinUI/Strings/Resources,WINSyslogClient.WinUI Resources,szEditionInformation,"Tenga en cuenta que si activa la lista de remitentes permitidos, todos los servicios de red solo recibirán mensajes de los dispositivos configurados.

La configuración de la lista no tiene límite.
Pero si su licencia está limitada a 10 dispositivos, por ejemplo, solo funcionarán los primeros 10 remitentes configurados.",Adiscon User Interface .resw source; locale=es-ES; revision=edd9fe10d4a120194e4a0a1e60a5d04d661b79ab
WINSyslogClient.WinUI/Strings/Resources,WINSyslogClient.WinUI Resources,szEnableReportCrash,¿Habilitar informes de fallos?,Adiscon User Interface .resw source; locale=es-ES; revision=edd9fe10d4a120194e4a0a1e60a5d04d661b79ab
WINSyslogClient.WinUI/Strings/Resources,WINSyslogClient.WinUI Resources,szEnterprise,OID empresarial,Adiscon User Interface .resw source; locale=es-ES; revision=edd9fe10d4a120194e4a0a1e60a5d04d661b79ab
WINSyslogClient.WinUI/Strings/Resources,WINSyslogClient.WinUI Resources,szErrorLoadingConfiguration,Error al cargar la configuración,Adiscon User Interface .resw source; locale=es-ES; revision=edd9fe10d4a120194e4a0a1e60a5d04d661b79ab
WINSyslogClient.WinUI/Strings/Resources,WINSyslogClient.WinUI Resources,szErrorLoadingConfigurationText,No se pudo cargar la configuración:,Adiscon User Interface .resw source; locale=es-ES; revision=edd9fe10d4a120194e4a0a1e60a5d04d661b79ab
WINSyslogClient.WinUI/Strings/Resources,WINSyslogClient.WinUI Resources,szErrorRegistryAccessFailed,Error al acceder al registro de configuración local con el siguiente error: ,Adiscon User Interface .resw source; locale=es-ES; revision=edd9fe10d4a120194e4a0a1e60a5d04d661b79ab
WINSyslogClient.WinUI/Strings/Resources,WINSyslogClient.WinUI Resources,szErrorRemoteRegistryFailed,Error al acceder al registro de configuración remoto con el siguiente error:,Adiscon User Interface .resw source; locale=es-ES; revision=edd9fe10d4a120194e4a0a1e60a5d04d661b79ab
WINSyslogClient.WinUI/Strings/Resources,WINSyslogClient.WinUI Resources,szErrorRemoteRegistryFailed2,El cliente recargará la configuración local ahora.,Adiscon User Interface .resw source; locale=es-ES; revision=edd9fe10d4a120194e4a0a1e60a5d04d661b79ab
WINSyslogClient.WinUI/Strings/Resources,WINSyslogClient.WinUI Resources,szErrorSavingConfiguration,Error al guardar la configuración,Adiscon User Interface .resw source; locale=es-ES; revision=edd9fe10d4a120194e4a0a1e60a5d04d661b79ab
WINSyslogClient.WinUI/Strings/Resources,WINSyslogClient.WinUI Resources,szErrorSavingConfigurationText,No se pudo guardar la configuración: ,Adiscon User Interface .resw source; locale=es-ES; revision=edd9fe10d4a120194e4a0a1e60a5d04d661b79ab
WINSyslogClient.WinUI/Strings/Resources,WINSyslogClient.WinUI Resources,szErrorSavingData,Error al guardar las variables de datos,Adiscon User Interface .resw source; locale=es-ES; revision=edd9fe10d4a120194e4a0a1e60a5d04d661b79ab
WINSyslogClient.WinUI/Strings/Resources,WINSyslogClient.WinUI Resources,szErrorSavingDataText,Error al guardar las variables de datos para el siguiente directorio: ,Adiscon User Interface .resw source; locale=es-ES; revision=edd9fe10d4a120194e4a0a1e60a5d04d661b79ab
WINSyslogClient.WinUI/Strings/Resources,WINSyslogClient.WinUI Resources,szEvenParity,Paridad par,Adiscon User Interface .resw source; locale=es-ES; revision=edd9fe10d4a120194e4a0a1e60a5d04d661b79ab
WINSyslogClient.WinUI/Strings/Resources,WINSyslogClient.WinUI Resources,szEventLogCor_clear,Borrar todos los eventos del registro de eventos,Adiscon User Interface .resw source; locale=es-ES; revision=edd9fe10d4a120194e4a0a1e60a5d04d661b79ab
WINSyslogClient.WinUI/Strings/Resources,WINSyslogClient.WinUI Resources,szEventLogCor_ignore,Ignorar entrada corrupta del registro de eventos,Adiscon User Interface .resw source; locale=es-ES; revision=edd9fe10d4a120194e4a0a1e60a5d04d661b79ab
WINSyslogClient.WinUI/Strings/Resources,WINSyslogClient.WinUI Resources,szEventLogCor_retry,Reintentar procesamiento desde el principio,Adiscon User Interface .resw source; locale=es-ES; revision=edd9fe10d4a120194e4a0a1e60a5d04d661b79ab
WINSyslogClient.WinUI/Strings/Resources,WINSyslogClient.WinUI Resources,szEventLogV2WarningOnWinXp,Advertencia: esta versión de Windows no admite la nueva API del registro de eventos de Windows necesaria para este servicio. Puede configurar este servicio si tiene la intención de usar esta configuración en una máquina con un nivel de SO superior más adelante.,Adiscon User Interface .resw source; locale=es-ES; revision=edd9fe10d4a120194e4a0a1e60a5d04d661b79ab
WINSyslogClient.WinUI/Strings/Resources,WINSyslogClient.WinUI Resources,szEventPollingOptions,Opciones relacionadas con el sondeo de eventos,Adiscon User Interface .resw source; locale=es-ES; revision=edd9fe10d4a120194e4a0a1e60a5d04d661b79ab
WINSyslogClient.WinUI/Strings/Resources,WINSyslogClient.WinUI Resources,szEventTypesManage,Administrar canales de eventos,Adiscon User Interface .resw source; locale=es-ES; revision=edd9fe10d4a120194e4a0a1e60a5d04d661b79ab
WINSyslogClient.WinUI/Strings/Resources,WINSyslogClient.WinUI Resources,szEventTypesToLog,Tipos de registro de eventos a registrar,Adiscon User Interface .resw source; locale=es-ES; revision=edd9fe10d4a120194e4a0a1e60a5d04d661b79ab
WINSyslogClient.WinUI/Strings/Resources,WINSyslogClient.WinUI Resources,szEvtClrSaveFile,Nombre de archivo de respaldo,Adiscon User Interface .resw source; locale=es-ES; revision=edd9fe10d4a120194e4a0a1e60a5d04d661b79ab
WINSyslogClient.WinUI/Strings/Resources,WINSyslogClient.WinUI Resources,szFTPServer,Servidor FTP,Adiscon User Interface .resw source; locale=es-ES; revision=edd9fe10d4a120194e4a0a1e60a5d04d661b79ab
WINSyslogClient.WinUI/Strings/Resources,WINSyslogClient.WinUI Resources,szFieldContent_,Contenido campo,Adiscon User Interface .resw source; locale=es-ES; revision=edd9fe10d4a120194e4a0a1e60a5d04d661b79ab
WINSyslogClient.WinUI/Strings/Resources,WINSyslogClient.WinUI Resources,szFieldName_,Nombre campo,Adiscon User Interface .resw source; locale=es-ES; revision=edd9fe10d4a120194e4a0a1e60a5d04d661b79ab
WINSyslogClient.WinUI/Strings/Resources,WINSyslogClient.WinUI Resources,szFileBaseName,Nombre base archivo,Adiscon User Interface .resw source; locale=es-ES; revision=edd9fe10d4a120194e4a0a1e60a5d04d661b79ab
WINSyslogClient.WinUI/Strings/Resources,WINSyslogClient.WinUI Resources,szFileExtension,Extensión archivo,Adiscon User Interface .resw source; locale=es-ES; revision=edd9fe10d4a120194e4a0a1e60a5d04d661b79ab
WINSyslogClient.WinUI/Strings/Resources,WINSyslogClient.WinUI Resources,szFileFormatAdiscon,Adiscon,Adiscon User Interface .resw source; locale=es-ES; revision=edd9fe10d4a120194e4a0a1e60a5d04d661b79ab
WINSyslogClient.WinUI/Strings/Resources,WINSyslogClient.WinUI Resources,szFileFormatCustom,Formato personalizado,Adiscon User Interface .resw source; locale=es-ES; revision=edd9fe10d4a120194e4a0a1e60a5d04d661b79ab
WINSyslogClient.WinUI/Strings/Resources,WINSyslogClient.WinUI Resources,szFileFormatRaw,Mensaje Syslog RAW,Adiscon User Interface .resw source; locale=es-ES; revision=edd9fe10d4a120194e4a0a1e60a5d04d661b79ab
WINSyslogClient.WinUI/Strings/Resources,WINSyslogClient.WinUI Resources,szFileFormatWebtrends,Compatible Webtrends syslog,Adiscon User Interface .resw source; locale=es-ES; revision=edd9fe10d4a120194e4a0a1e60a5d04d661b79ab
WINSyslogClient.WinUI/Strings/Resources,WINSyslogClient.WinUI Resources,szFileHandlingOptions,Opciones manejo archivos,Adiscon User Interface .resw source; locale=es-ES; revision=edd9fe10d4a120194e4a0a1e60a5d04d661b79ab
WINSyslogClient.WinUI/Strings/Resources,WINSyslogClient.WinUI Resources,szFileNameOptions,Opciones nombre de archivo,Adiscon User Interface .resw source; locale=es-ES; revision=edd9fe10d4a120194e4a0a1e60a5d04d661b79ab
WINSyslogClient.WinUI/Strings/Resources,WINSyslogClient.WinUI Resources,szFilePath,Ruta,Adiscon User Interface .resw source; locale=es-ES; revision=edd9fe10d4a120194e4a0a1e60a5d04d661b79ab
WINSyslogClient.WinUI/Strings/Resources,WINSyslogClient.WinUI Resources,szFilename,Nombre del archivo de sonido,Adiscon User Interface .resw source; locale=es-ES; revision=edd9fe10d4a120194e4a0a1e60a5d04d661b79ab
WINSyslogClient.WinUI/Strings/Resources,WINSyslogClient.WinUI Resources,szFilenamePreview,Vista previa nombre,Adiscon User Interface .resw source; locale=es-ES; revision=edd9fe10d4a120194e4a0a1e60a5d04d661b79ab
WINSyslogClient.WinUI/Strings/Resources,WINSyslogClient.WinUI Resources,szFilenamePreviewLegendBase,Nombre base,Adiscon User Interface .resw source; locale=es-ES; revision=edd9fe10d4a120194e4a0a1e60a5d04d661b79ab
WINSyslogClient.WinUI/Strings/Resources,WINSyslogClient.WinUI Resources,szFilenamePreviewLegendDate,Origen / Fecha,Adiscon User Interface .resw source; locale=es-ES; revision=edd9fe10d4a120194e4a0a1e60a5d04d661b79ab
WINSyslogClient.WinUI/Strings/Resources,WINSyslogClient.WinUI Resources,szFilenamePreviewLegendExt,Extensión,Adiscon User Interface .resw source; locale=es-ES; revision=edd9fe10d4a120194e4a0a1e60a5d04d661b79ab
WINSyslogClient.WinUI/Strings/Resources,WINSyslogClient.WinUI Resources,szFilenamePreviewLegendPath,Ruta,Adiscon User Interface .resw source; locale=es-ES; revision=edd9fe10d4a120194e4a0a1e60a5d04d661b79ab
WINSyslogClient.WinUI/Strings/Resources,WINSyslogClient.WinUI Resources,szFilenamePreviewLegendSegment,Segmento #,Adiscon User Interface .resw source; locale=es-ES; revision=edd9fe10d4a120194e4a0a1e60a5d04d661b79ab
WINSyslogClient.WinUI/Strings/Resources,WINSyslogClient.WinUI Resources,szFilenamePreviewLegendTime,Hora: HH-MM-SS,Adiscon User Interface .resw source; locale=es-ES; revision=edd9fe10d4a120194e4a0a1e60a5d04d661b79ab
WINSyslogClient.WinUI/Strings/Resources,WINSyslogClient.WinUI Resources,szGeneralOptions,Opciones generales archivo,Adiscon User Interface .resw source; locale=es-ES; revision=edd9fe10d4a120194e4a0a1e60a5d04d661b79ab
WINSyslogClient.WinUI/Strings/Resources,WINSyslogClient.WinUI Resources,szGeneralValues,Valores generales,Adiscon User Interface .resw source; locale=es-ES; revision=edd9fe10d4a120194e4a0a1e60a5d04d661b79ab
WINSyslogClient.WinUI/Strings/Resources,WINSyslogClient.WinUI Resources,szGenericName0,0 - Arranque en frío,Adiscon User Interface .resw source; locale=es-ES; revision=edd9fe10d4a120194e4a0a1e60a5d04d661b79ab
WINSyslogClient.WinUI/Strings/Resources,WINSyslogClient.WinUI Resources,szGenericName1,1 - Arranque en caliente,Adiscon User Interface .resw source; locale=es-ES; revision=edd9fe10d4a120194e4a0a1e60a5d04d661b79ab
WINSyslogClient.WinUI/Strings/Resources,WINSyslogClient.WinUI Resources,szGenericName2,2 - Enlace caído,Adiscon User Interface .resw source; locale=es-ES; revision=edd9fe10d4a120194e4a0a1e60a5d04d661b79ab
WINSyslogClient.WinUI/Strings/Resources,WINSyslogClient.WinUI Resources,szGenericName3,3 - Enlace,Adiscon User Interface .resw source; locale=es-ES; revision=edd9fe10d4a120194e4a0a1e60a5d04d661b79ab
WINSyslogClient.WinUI/Strings/Resources,WINSyslogClient.WinUI Resources,szGenericName4,4 - Fallo de autenticación,Adiscon User Interface .resw source; locale=es-ES; revision=edd9fe10d4a120194e4a0a1e60a5d04d661b79ab
WINSyslogClient.WinUI/Strings/Resources,WINSyslogClient.WinUI Resources,szGenericName5,5 - Pérdida de vecino EGP,Adiscon User Interface .resw source; locale=es-ES; revision=edd9fe10d4a120194e4a0a1e60a5d04d661b79ab
WINSyslogClient.WinUI/Strings/Resources,WINSyslogClient.WinUI Resources,szGenericName6,6 - Específico de la empresa,Adiscon User Interface .resw source; locale=es-ES; revision=edd9fe10d4a120194e4a0a1e60a5d04d661b79ab
WINSyslogClient.WinUI/Strings/Resources,WINSyslogClient.WinUI Resources,szHTTPServer,Servidor HTTP,Adiscon User Interface .resw source; locale=es-ES; revision=edd9fe10d4a120194e4a0a1e60a5d04d661b79ab
WINSyslogClient.WinUI/Strings/Resources,WINSyslogClient.WinUI Resources,szHost,Anfitrión,Adiscon User Interface .resw source; locale=es-ES; revision=edd9fe10d4a120194e4a0a1e60a5d04d661b79ab
WINSyslogClient.WinUI/Strings/Resources,WINSyslogClient.WinUI Resources,szIMAPServer,Servidor IMAP,Adiscon User Interface .resw source; locale=es-ES; revision=edd9fe10d4a120194e4a0a1e60a5d04d661b79ab
WINSyslogClient.WinUI/Strings/Resources,WINSyslogClient.WinUI Resources,szIPAddress,Dirección IP o nombre de host,Adiscon User Interface .resw source; locale=es-ES; revision=edd9fe10d4a120194e4a0a1e60a5d04d661b79ab
WINSyslogClient.WinUI/Strings/Resources,WINSyslogClient.WinUI Resources,szIP_,Dirección IP,Adiscon User Interface .resw source; locale=es-ES; revision=edd9fe10d4a120194e4a0a1e60a5d04d661b79ab
WINSyslogClient.WinUI/Strings/Resources,WINSyslogClient.WinUI Resources,szIPv4,Dirección IP V4,Adiscon User Interface .resw source; locale=es-ES; revision=edd9fe10d4a120194e4a0a1e60a5d04d661b79ab
WINSyslogClient.WinUI/Strings/Resources,WINSyslogClient.WinUI Resources,szIgnoreTlsCertWarning,Desactiva la validación del certificado TLS. Úselo solo en entornos de laboratorio o prueba.,Adiscon User Interface .resw source; locale=es-ES; revision=edd9fe10d4a120194e4a0a1e60a5d04d661b79ab
WINSyslogClient.WinUI/Strings/Resources,WINSyslogClient.WinUI Resources,szIncludeMsgSepInMessageDisabled,No incluir separador de mensaje en el mensaje,Adiscon User Interface .resw source; locale=es-ES; revision=edd9fe10d4a120194e4a0a1e60a5d04d661b79ab
WINSyslogClient.WinUI/Strings/Resources,WINSyslogClient.WinUI Resources,szIncludeMsgSepInMessageLastMsgSepPrepend,Anteponer separador encontrado anteriormente al mensaje,Adiscon User Interface .resw source; locale=es-ES; revision=edd9fe10d4a120194e4a0a1e60a5d04d661b79ab
WINSyslogClient.WinUI/Strings/Resources,WINSyslogClient.WinUI Resources,szIncludeMsgSepInMessageMsgSepAppend,Añadir separador encontrado al mensaje,Adiscon User Interface .resw source; locale=es-ES; revision=edd9fe10d4a120194e4a0a1e60a5d04d661b79ab
WINSyslogClient.WinUI/Strings/Resources,WINSyslogClient.WinUI Resources,szIncludeMsgSepInMessageMsgSepPrepend,Anteponer separador encontrado al mensaje,Adiscon User Interface .resw source; locale=es-ES; revision=edd9fe10d4a120194e4a0a1e60a5d04d661b79ab
WINSyslogClient.WinUI/Strings/Resources,WINSyslogClient.WinUI Resources,szInsertStatement,INSERTAR,Adiscon User Interface .resw source; locale=es-ES; revision=edd9fe10d4a120194e4a0a1e60a5d04d661b79ab
WINSyslogClient.WinUI/Strings/Resources,WINSyslogClient.WinUI Resources,szInt,entero,Adiscon User Interface .resw source; locale=es-ES; revision=edd9fe10d4a120194e4a0a1e60a5d04d661b79ab
WINSyslogClient.WinUI/Strings/Resources,WINSyslogClient.WinUI Resources,szInteger,Entero,Adiscon User Interface .resw source; locale=es-ES; revision=edd9fe10d4a120194e4a0a1e60a5d04d661b79ab
WINSyslogClient.WinUI/Strings/Resources,WINSyslogClient.WinUI Resources,szIsoTimestamp,Marca de tiempo similar a ISO,Adiscon User Interface .resw source; locale=es-ES; revision=edd9fe10d4a120194e4a0a1e60a5d04d661b79ab
WINSyslogClient.WinUI/Strings/Resources,WINSyslogClient.WinUI Resources,szIutFormat,Reenviar como código de representación XML de MWAgent,Adiscon User Interface .resw source; locale=es-ES; revision=edd9fe10d4a120194e4a0a1e60a5d04d661b79ab
WINSyslogClient.WinUI/Strings/Resources,WINSyslogClient.WinUI Resources,szJsonFormat,Usar formato Syslog mejorado CEE,Adiscon User Interface .resw source; locale=es-ES; revision=edd9fe10d4a120194e4a0a1e60a5d04d661b79ab
WINSyslogClient.WinUI/Strings/Resources,WINSyslogClient.WinUI Resources,szLastDBIndex,Último índice procesado,Adiscon User Interface .resw source; locale=es-ES; revision=edd9fe10d4a120194e4a0a1e60a5d04d661b79ab
WINSyslogClient.WinUI/Strings/Resources,WINSyslogClient.WinUI Resources,szLicense,Información de licencia,Adiscon User Interface .resw source; locale=es-ES; revision=edd9fe10d4a120194e4a0a1e60a5d04d661b79ab
WINSyslogClient.WinUI/Strings/Resources,WINSyslogClient.WinUI Resources,szLicenseFileIntro,"Coloque su archivo de licencia (.alic) en %DEFAULTLICENSEV2PATH%, o selecciónelo o arrástrelo aquí. Deje la ruta vacía para usar la ubicación predeterminada.",Adiscon User Interface .resw source; locale=es-ES; revision=edd9fe10d4a120194e4a0a1e60a5d04d661b79ab
WINSyslogClient.WinUI/Strings/Resources,WINSyslogClient.WinUI Resources,szLicenseV2,Archivo de licencia,Adiscon User Interface .resw source; locale=es-ES; revision=edd9fe10d4a120194e4a0a1e60a5d04d661b79ab
WINSyslogClient.WinUI/Strings/Resources,WINSyslogClient.WinUI Resources,szLicenseV2DefaultPath,Ruta predeterminada en tiempo de ejecución: %DEFAULTLICENSEV2PATH%. Deje este campo vacío para usar esa ubicación.,Adiscon User Interface .resw source; locale=es-ES; revision=edd9fe10d4a120194e4a0a1e60a5d04d661b79ab
WINSyslogClient.WinUI/Strings/Resources,WINSyslogClient.WinUI Resources,szLicenseV2Expired,El archivo de licencia ha caducado.,Adiscon User Interface .resw source; locale=es-ES; revision=edd9fe10d4a120194e4a0a1e60a5d04d661b79ab
WINSyslogClient.WinUI/Strings/Resources,WINSyslogClient.WinUI Resources,szLicenseV2NotYetValid,Este archivo de licencia aún no está activo. Será válido el %VALIDFROMLOCAL% (UTC: %VALIDFROMUTC%). Vuelva a intentarlo después de esa hora.,Adiscon User Interface .resw source; locale=es-ES; revision=edd9fe10d4a120194e4a0a1e60a5d04d661b79ab
WINSyslogClient.WinUI/Strings/Resources,WINSyslogClient.WinUI Resources,szLicenseV2NotYetValidGeneric,El archivo de licencia aún no es válido.,Adiscon User Interface .resw source; locale=es-ES; revision=edd9fe10d4a120194e4a0a1e60a5d04d661b79ab
WINSyslogClient.WinUI/Strings/Resources,WINSyslogClient.WinUI Resources,szLicenseV2NotYetValidIssued,La licencia se emitió el %ISSUEDATLOCAL%.,Adiscon User Interface .resw source; locale=es-ES; revision=edd9fe10d4a120194e4a0a1e60a5d04d661b79ab
WINSyslogClient.WinUI/Strings/Resources,WINSyslogClient.WinUI Resources,szLicenseV2Path,License file path,Adiscon User Interface .resw source; locale=es-ES; revision=edd9fe10d4a120194e4a0a1e60a5d04d661b79ab
WINSyslogClient.WinUI/Strings/Resources,WINSyslogClient.WinUI Resources,szLineFormat,Formato línea personalizado,Adiscon User Interface .resw source; locale=es-ES; revision=edd9fe10d4a120194e4a0a1e60a5d04d661b79ab
WINSyslogClient.WinUI/Strings/Resources,WINSyslogClient.WinUI Resources,szLoadedRuleSet,Conjunto de reglas cargado: ,Adiscon User Interface .resw source; locale=es-ES; revision=edd9fe10d4a120194e4a0a1e60a5d04d661b79ab
WINSyslogClient.WinUI/Strings/Resources,WINSyslogClient.WinUI Resources,szLoadedService,Servicio cargado: ,Adiscon User Interface .resw source; locale=es-ES; revision=edd9fe10d4a120194e4a0a1e60a5d04d661b79ab
WINSyslogClient.WinUI/Strings/Resources,WINSyslogClient.WinUI Resources,szLocation,Ubicación,Adiscon User Interface .resw source; locale=es-ES; revision=edd9fe10d4a120194e4a0a1e60a5d04d661b79ab
WINSyslogClient.WinUI/Strings/Resources,WINSyslogClient.WinUI Resources,szLogFileName,Archivo y nombre de ruta,Adiscon User Interface .resw source; locale=es-ES; revision=edd9fe10d4a120194e4a0a1e60a5d04d661b79ab
WINSyslogClient.WinUI/Strings/Resources,WINSyslogClient.WinUI Resources,szLogFileTypeStandard,Estándar,Adiscon User Interface .resw source; locale=es-ES; revision=edd9fe10d4a120194e4a0a1e60a5d04d661b79ab
WINSyslogClient.WinUI/Strings/Resources,WINSyslogClient.WinUI Resources,szLogFileTypeW3C,Archivo de registro de servidor web W3C,Adiscon User Interface .resw source; locale=es-ES; revision=edd9fe10d4a120194e4a0a1e60a5d04d661b79ab
WINSyslogClient.WinUI/Strings/Resources,WINSyslogClient.WinUI Resources,szLogMoveAfterRotatePath,Directorio destino,Adiscon User Interface .resw source; locale=es-ES; revision=edd9fe10d4a120194e4a0a1e60a5d04d661b79ab
WINSyslogClient.WinUI/Strings/Resources,WINSyslogClient.WinUI Resources,szLogPostProcessing,Postprocesado,Adiscon User Interface .resw source; locale=es-ES; revision=edd9fe10d4a120194e4a0a1e60a5d04d661b79ab
WINSyslogClient.WinUI/Strings/Resources,WINSyslogClient.WinUI Resources,szLogRotateDisableUniqueFilenameMessage,"La rotación gestiona automáticamente los nombres de archivo.

Ejemplo:
  application.log   → archivo actual
  application.log.1  → archivo anterior (rotado)
  application.log.2  → archivo más antiguo (rotado)

'Crear nombres únicos' añade marcas de tiempo. La rotación ya añade sufijos numéricos. Tener ambos activos es redundante.

¿Deshabilitar 'Crear nombres únicos'?",Adiscon User Interface .resw source; locale=es-ES; revision=edd9fe10d4a120194e4a0a1e60a5d04d661b79ab
WINSyslogClient.WinUI/Strings/Resources,WINSyslogClient.WinUI Resources,szLogRotateDisableUniqueFilenameTitle,Rotación,Adiscon User Interface .resw source; locale=es-ES; revision=edd9fe10d4a120194e4a0a1e60a5d04d661b79ab
WINSyslogClient.WinUI/Strings/Resources,WINSyslogClient.WinUI Resources,szLogRotateTimeoutUnitDays,Días,Adiscon User Interface .resw source; locale=es-ES; revision=edd9fe10d4a120194e4a0a1e60a5d04d661b79ab
WINSyslogClient.WinUI/Strings/Resources,WINSyslogClient.WinUI Resources,szLogRotateTimeoutUnitHours,Horas,Adiscon User Interface .resw source; locale=es-ES; revision=edd9fe10d4a120194e4a0a1e60a5d04d661b79ab
WINSyslogClient.WinUI/Strings/Resources,WINSyslogClient.WinUI Resources,szLogRotateTimeoutUnitMinutes,Minutos,Adiscon User Interface .resw source; locale=es-ES; revision=edd9fe10d4a120194e4a0a1e60a5d04d661b79ab
WINSyslogClient.WinUI/Strings/Resources,WINSyslogClient.WinUI Resources,szLogRotateTimeoutUnitMonths,Meses,Adiscon User Interface .resw source; locale=es-ES; revision=edd9fe10d4a120194e4a0a1e60a5d04d661b79ab
WINSyslogClient.WinUI/Strings/Resources,WINSyslogClient.WinUI Resources,szLogRotateTimeoutUnitSeconds,Segundos,Adiscon User Interface .resw source; locale=es-ES; revision=edd9fe10d4a120194e4a0a1e60a5d04d661b79ab
WINSyslogClient.WinUI/Strings/Resources,WINSyslogClient.WinUI Resources,szLogRotateTimeoutUnitWeeks,Semanas,Adiscon User Interface .resw source; locale=es-ES; revision=edd9fe10d4a120194e4a0a1e60a5d04d661b79ab
WINSyslogClient.WinUI/Strings/Resources,WINSyslogClient.WinUI Resources,szLogRotateTimeoutWarningCancelled,"El intervalo de rotación no se aplicó. Elija Sí para conservar un intervalo inferior a cinco minutos, o alargue el intervalo antes de confirmar los cambios.",Adiscon User Interface .resw source; locale=es-ES; revision=edd9fe10d4a120194e4a0a1e60a5d04d661b79ab
WINSyslogClient.WinUI/Strings/Resources,WINSyslogClient.WinUI Resources,szLogRotateTimeoutWarningNo,No,Adiscon User Interface .resw source; locale=es-ES; revision=edd9fe10d4a120194e4a0a1e60a5d04d661b79ab
WINSyslogClient.WinUI/Strings/Resources,WINSyslogClient.WinUI Resources,szLogRotateTimeoutWarningText,Rotar archivos de registro con una frecuencia superior a una vez cada cinco minutos puede crear muchos archivos y afectar al rendimiento del registro. ¿Desea mantener este intervalo?,Adiscon User Interface .resw source; locale=es-ES; revision=edd9fe10d4a120194e4a0a1e60a5d04d661b79ab
WINSyslogClient.WinUI/Strings/Resources,WINSyslogClient.WinUI Resources,szLogRotateTimeoutWarningTitle,Intervalo corto de rotación,Adiscon User Interface .resw source; locale=es-ES; revision=edd9fe10d4a120194e4a0a1e60a5d04d661b79ab
WINSyslogClient.WinUI/Strings/Resources,WINSyslogClient.WinUI Resources,szLogRotateTimeoutWarningUnavailable,"No se pudo mostrar la advertencia del intervalo. Alargue el intervalo a al menos cinco minutos, o inténtelo de nuevo.",Adiscon User Interface .resw source; locale=es-ES; revision=edd9fe10d4a120194e4a0a1e60a5d04d661b79ab
WINSyslogClient.WinUI/Strings/Resources,WINSyslogClient.WinUI Resources,szLogRotateTimeoutWarningYes,Sí,Adiscon User Interface .resw source; locale=es-ES; revision=edd9fe10d4a120194e4a0a1e60a5d04d661b79ab
WINSyslogClient.WinUI/Strings/Resources,WINSyslogClient.WinUI Resources,szLogType,Tipo de registro de eventos,Adiscon User Interface .resw source; locale=es-ES; revision=edd9fe10d4a120194e4a0a1e60a5d04d661b79ab
WINSyslogClient.WinUI/Strings/Resources,WINSyslogClient.WinUI Resources,szLogZipGzip,Compresión GZIP,Adiscon User Interface .resw source; locale=es-ES; revision=edd9fe10d4a120194e4a0a1e60a5d04d661b79ab
WINSyslogClient.WinUI/Strings/Resources,WINSyslogClient.WinUI Resources,szLogZipZip,Compresión ZIP,Adiscon User Interface .resw source; locale=es-ES; revision=edd9fe10d4a120194e4a0a1e60a5d04d661b79ab
WINSyslogClient.WinUI/Strings/Resources,WINSyslogClient.WinUI Resources,szMIBSPath,Ubicación MIBs SNMP,Adiscon User Interface .resw source; locale=es-ES; revision=edd9fe10d4a120194e4a0a1e60a5d04d661b79ab
WINSyslogClient.WinUI/Strings/Resources,WINSyslogClient.WinUI Resources,szMailServer,SMTP Servidor,Adiscon User Interface .resw source; locale=es-ES; revision=edd9fe10d4a120194e4a0a1e60a5d04d661b79ab
WINSyslogClient.WinUI/Strings/Resources,WINSyslogClient.WinUI Resources,szMarkParity,Paridad de marca,Adiscon User Interface .resw source; locale=es-ES; revision=edd9fe10d4a120194e4a0a1e60a5d04d661b79ab
WINSyslogClient.WinUI/Strings/Resources,WINSyslogClient.WinUI Resources,szMessage,Parámetro de normalización,Adiscon User Interface .resw source; locale=es-ES; revision=edd9fe10d4a120194e4a0a1e60a5d04d661b79ab
WINSyslogClient.WinUI/Strings/Resources,WINSyslogClient.WinUI Resources,szMessageBegin,Enviar esto al iniciar,Adiscon User Interface .resw source; locale=es-ES; revision=edd9fe10d4a120194e4a0a1e60a5d04d661b79ab
WINSyslogClient.WinUI/Strings/Resources,WINSyslogClient.WinUI Resources,szMessageEnd,Cómo termina el mensaje,Adiscon User Interface .resw source; locale=es-ES; revision=edd9fe10d4a120194e4a0a1e60a5d04d661b79ab
WINSyslogClient.WinUI/Strings/Resources,WINSyslogClient.WinUI Resources,szMessageExpected,Mensaje esperado: ,Adiscon User Interface .resw source; locale=es-ES; revision=edd9fe10d4a120194e4a0a1e60a5d04d661b79ab
WINSyslogClient.WinUI/Strings/Resources,WINSyslogClient.WinUI Resources,szMessageFormat,Formato del mensaje,Adiscon User Interface .resw source; locale=es-ES; revision=edd9fe10d4a120194e4a0a1e60a5d04d661b79ab
WINSyslogClient.WinUI/Strings/Resources,WINSyslogClient.WinUI Resources,szMessageMode,Campo de mensaje (%msg%),Adiscon User Interface .resw source; locale=es-ES; revision=edd9fe10d4a120194e4a0a1e60a5d04d661b79ab
WINSyslogClient.WinUI/Strings/Resources,WINSyslogClient.WinUI Resources,szMessageProcessing,Opciones relacionadas con el procesamiento de mensajes,Adiscon User Interface .resw source; locale=es-ES; revision=edd9fe10d4a120194e4a0a1e60a5d04d661b79ab
WINSyslogClient.WinUI/Strings/Resources,WINSyslogClient.WinUI Resources,szMessageToSend,Mensaje a enviar: ,Adiscon User Interface .resw source; locale=es-ES; revision=edd9fe10d4a120194e4a0a1e60a5d04d661b79ab
WINSyslogClient.WinUI/Strings/Resources,WINSyslogClient.WinUI Resources,szMessagecontent,Mensaje a registrar,Adiscon User Interface .resw source; locale=es-ES; revision=edd9fe10d4a120194e4a0a1e60a5d04d661b79ab
WINSyslogClient.WinUI/Strings/Resources,WINSyslogClient.WinUI Resources,szMoreInfoCrash,"Si está habilitado, los volcados se subirán automáticamente a http://crashdump.adiscon.com.
No contienen datos personales. Solo se envían datos relacionados con el problema.",Adiscon User Interface .resw source; locale=es-ES; revision=edd9fe10d4a120194e4a0a1e60a5d04d661b79ab
WINSyslogClient.WinUI/Strings/Resources,WINSyslogClient.WinUI Resources,szMoreInformation,Puede encontrar más información en nuestra página de inicio,Adiscon User Interface .resw source; locale=es-ES; revision=edd9fe10d4a120194e4a0a1e60a5d04d661b79ab
WINSyslogClient.WinUI/Strings/Resources,WINSyslogClient.WinUI Resources,szMsgSep_,Secuencia de separación de mensajes,Adiscon User Interface .resw source; locale=es-ES; revision=edd9fe10d4a120194e4a0a1e60a5d04d661b79ab
WINSyslogClient.WinUI/Strings/Resources,WINSyslogClient.WinUI Resources,szMultiCastAddress,Dirección de multidifusión,Adiscon User Interface .resw source; locale=es-ES; revision=edd9fe10d4a120194e4a0a1e60a5d04d661b79ab
WINSyslogClient.WinUI/Strings/Resources,WINSyslogClient.WinUI Resources,szMyIPAddress,Dirección de escucha IP,Adiscon User Interface .resw source; locale=es-ES; revision=edd9fe10d4a120194e4a0a1e60a5d04d661b79ab
WINSyslogClient.WinUI/Strings/Resources,WINSyslogClient.WinUI Resources,szNNTPServer,Servidor NNTP,Adiscon User Interface .resw source; locale=es-ES; revision=edd9fe10d4a120194e4a0a1e60a5d04d661b79ab
WINSyslogClient.WinUI/Strings/Resources,WINSyslogClient.WinUI Resources,szNetworkOptions,Específico de red,Adiscon User Interface .resw source; locale=es-ES; revision=edd9fe10d4a120194e4a0a1e60a5d04d661b79ab
WINSyslogClient.WinUI/Strings/Resources,WINSyslogClient.WinUI Resources,szNoParity,Sin paridad,Adiscon User Interface .resw source; locale=es-ES; revision=edd9fe10d4a120194e4a0a1e60a5d04d661b79ab
WINSyslogClient.WinUI/Strings/Resources,WINSyslogClient.WinUI Resources,szODBCDsn,DSN,Adiscon User Interface .resw source; locale=es-ES; revision=edd9fe10d4a120194e4a0a1e60a5d04d661b79ab
WINSyslogClient.WinUI/Strings/Resources,WINSyslogClient.WinUI Resources,szODBCPwd,Contraseña,Adiscon User Interface .resw source; locale=es-ES; revision=edd9fe10d4a120194e4a0a1e60a5d04d661b79ab
WINSyslogClient.WinUI/Strings/Resources,WINSyslogClient.WinUI Resources,szODBCUid,ID de usuario,Adiscon User Interface .resw source; locale=es-ES; revision=edd9fe10d4a120194e4a0a1e60a5d04d661b79ab
WINSyslogClient.WinUI/Strings/Resources,WINSyslogClient.WinUI Resources,szOddParity,Paridad impar,Adiscon User Interface .resw source; locale=es-ES; revision=edd9fe10d4a120194e4a0a1e60a5d04d661b79ab
WINSyslogClient.WinUI/Strings/Resources,WINSyslogClient.WinUI Resources,szOne5StopBits,"1,5 bit de parada",Adiscon User Interface .resw source; locale=es-ES; revision=edd9fe10d4a120194e4a0a1e60a5d04d661b79ab
WINSyslogClient.WinUI/Strings/Resources,WINSyslogClient.WinUI Resources,szOneStopBit,1 bit de parada,Adiscon User Interface .resw source; locale=es-ES; revision=edd9fe10d4a120194e4a0a1e60a5d04d661b79ab
WINSyslogClient.WinUI/Strings/Resources,WINSyslogClient.WinUI Resources,szOpenSearchOptions,Opciones de OpenSearch,Adiscon User Interface .resw source; locale=es-ES; revision=edd9fe10d4a120194e4a0a1e60a5d04d661b79ab
WINSyslogClient.WinUI/Strings/Resources,WINSyslogClient.WinUI Resources,szOperationType,Tipo de operación,Adiscon User Interface .resw source; locale=es-ES; revision=edd9fe10d4a120194e4a0a1e60a5d04d661b79ab
WINSyslogClient.WinUI/Strings/Resources,WINSyslogClient.WinUI Resources,szOptions,Opciones,Adiscon User Interface .resw source; locale=es-ES; revision=edd9fe10d4a120194e4a0a1e60a5d04d661b79ab
WINSyslogClient.WinUI/Strings/Resources,WINSyslogClient.WinUI Resources,szOtherOptions,Otras opciones Engine,Adiscon User Interface .resw source; locale=es-ES; revision=edd9fe10d4a120194e4a0a1e60a5d04d661b79ab
WINSyslogClient.WinUI/Strings/Resources,WINSyslogClient.WinUI Resources,szOutputFormat_CSV,Formato CSV,Adiscon User Interface .resw source; locale=es-ES; revision=edd9fe10d4a120194e4a0a1e60a5d04d661b79ab
WINSyslogClient.WinUI/Strings/Resources,WINSyslogClient.WinUI Resources,szOutputFormat_Disabled,Deshabilitado,Adiscon User Interface .resw source; locale=es-ES; revision=edd9fe10d4a120194e4a0a1e60a5d04d661b79ab
WINSyslogClient.WinUI/Strings/Resources,WINSyslogClient.WinUI Resources,szOutputFormat_JSON,Formato JSON,Adiscon User Interface .resw source; locale=es-ES; revision=edd9fe10d4a120194e4a0a1e60a5d04d661b79ab
WINSyslogClient.WinUI/Strings/Resources,WINSyslogClient.WinUI Resources,szOutputFormat_XML,Formato XML,Adiscon User Interface .resw source; locale=es-ES; revision=edd9fe10d4a120194e4a0a1e60a5d04d661b79ab
WINSyslogClient.WinUI/Strings/Resources,WINSyslogClient.WinUI Resources,szOutputProperty,Propiedad de salida,Adiscon User Interface .resw source; locale=es-ES; revision=edd9fe10d4a120194e4a0a1e60a5d04d661b79ab
WINSyslogClient.WinUI/Strings/Resources,WINSyslogClient.WinUI Resources,szOverwriteValues,Sobrescribir propiedades Syslog,Adiscon User Interface .resw source; locale=es-ES; revision=edd9fe10d4a120194e4a0a1e60a5d04d661b79ab
WINSyslogClient.WinUI/Strings/Resources,WINSyslogClient.WinUI Resources,szPOP3Server,Servidor POP3,Adiscon User Interface .resw source; locale=es-ES; revision=edd9fe10d4a120194e4a0a1e60a5d04d661b79ab
WINSyslogClient.WinUI/Strings/Resources,WINSyslogClient.WinUI Resources,szParameters,Parámetros del comando,Adiscon User Interface .resw source; locale=es-ES; revision=edd9fe10d4a120194e4a0a1e60a5d04d661b79ab
WINSyslogClient.WinUI/Strings/Resources,WINSyslogClient.WinUI Resources,szParsValue_,Valor,Adiscon User Interface .resw source; locale=es-ES; revision=edd9fe10d4a120194e4a0a1e60a5d04d661b79ab
WINSyslogClient.WinUI/Strings/Resources,WINSyslogClient.WinUI Resources,szPassword,Contraseña,Adiscon User Interface .resw source; locale=es-ES; revision=edd9fe10d4a120194e4a0a1e60a5d04d661b79ab
WINSyslogClient.WinUI/Strings/Resources,WINSyslogClient.WinUI Resources,szPathAndFileName,Archivo y nombre de ruta,Adiscon User Interface .resw source; locale=es-ES; revision=edd9fe10d4a120194e4a0a1e60a5d04d661b79ab
WINSyslogClient.WinUI/Strings/Resources,WINSyslogClient.WinUI Resources,szPortName,Enviar mensaje a este puerto de comunicación,Adiscon User Interface .resw source; locale=es-ES; revision=edd9fe10d4a120194e4a0a1e60a5d04d661b79ab
WINSyslogClient.WinUI/Strings/Resources,WINSyslogClient.WinUI Resources,szPortSettings,Configuración del puerto,Adiscon User Interface .resw source; locale=es-ES; revision=edd9fe10d4a120194e4a0a1e60a5d04d661b79ab
WINSyslogClient.WinUI/Strings/Resources,WINSyslogClient.WinUI Resources,szPostProcessApps,Solicitudes de posproceso disponibles,Adiscon User Interface .resw source; locale=es-ES; revision=edd9fe10d4a120194e4a0a1e60a5d04d661b79ab
WINSyslogClient.WinUI/Strings/Resources,WINSyslogClient.WinUI Resources,szPriorityLow,Prioridad baja,Adiscon User Interface .resw source; locale=es-ES; revision=edd9fe10d4a120194e4a0a1e60a5d04d661b79ab
WINSyslogClient.WinUI/Strings/Resources,WINSyslogClient.WinUI Resources,szPriorityNormal,Prioridad normal,Adiscon User Interface .resw source; locale=es-ES; revision=edd9fe10d4a120194e4a0a1e60a5d04d661b79ab
WINSyslogClient.WinUI/Strings/Resources,WINSyslogClient.WinUI Resources,szPriorityhigh,alta prioridad,Adiscon User Interface .resw source; locale=es-ES; revision=edd9fe10d4a120194e4a0a1e60a5d04d661b79ab
WINSyslogClient.WinUI/Strings/Resources,WINSyslogClient.WinUI Resources,szPropertiesTableName,Nombre tabla datos detalle,Adiscon User Interface .resw source; locale=es-ES; revision=edd9fe10d4a120194e4a0a1e60a5d04d661b79ab
WINSyslogClient.WinUI/Strings/Resources,WINSyslogClient.WinUI Resources,szPropertyName,Nombre de la variable de estado,Adiscon User Interface .resw source; locale=es-ES; revision=edd9fe10d4a120194e4a0a1e60a5d04d661b79ab
WINSyslogClient.WinUI/Strings/Resources,WINSyslogClient.WinUI Resources,szPropertyType,Seleccionar tipo de propiedad,Adiscon User Interface .resw source; locale=es-ES; revision=edd9fe10d4a120194e4a0a1e60a5d04d661b79ab
WINSyslogClient.WinUI/Strings/Resources,WINSyslogClient.WinUI Resources,szPropertyValue,Establecer valor de propiedad,Adiscon User Interface .resw source; locale=es-ES; revision=edd9fe10d4a120194e4a0a1e60a5d04d661b79ab
WINSyslogClient.WinUI/Strings/Resources,WINSyslogClient.WinUI Resources,szProperty_,Nombre de la propiedad,Adiscon User Interface .resw source; locale=es-ES; revision=edd9fe10d4a120194e4a0a1e60a5d04d661b79ab
WINSyslogClient.WinUI/Strings/Resources,WINSyslogClient.WinUI Resources,szProvider,Proveedor,Adiscon User Interface .resw source; locale=es-ES; revision=edd9fe10d4a120194e4a0a1e60a5d04d661b79ab
WINSyslogClient.WinUI/Strings/Resources,WINSyslogClient.WinUI Resources,szQueueBody,Cuerpo del mensaje en cola,Adiscon User Interface .resw source; locale=es-ES; revision=edd9fe10d4a120194e4a0a1e60a5d04d661b79ab
WINSyslogClient.WinUI/Strings/Resources,WINSyslogClient.WinUI Resources,szQueueLable,Etiqueta de mensaje en cola,Adiscon User Interface .resw source; locale=es-ES; revision=edd9fe10d4a120194e4a0a1e60a5d04d661b79ab
WINSyslogClient.WinUI/Strings/Resources,WINSyslogClient.WinUI Resources,szQueueName,nombre de cola,Adiscon User Interface .resw source; locale=es-ES; revision=edd9fe10d4a120194e4a0a1e60a5d04d661b79ab
WINSyslogClient.WinUI/Strings/Resources,WINSyslogClient.WinUI Resources,szRELPOptions,Opciones generales,Adiscon User Interface .resw source; locale=es-ES; revision=edd9fe10d4a120194e4a0a1e60a5d04d661b79ab
WINSyslogClient.WinUI/Strings/Resources,WINSyslogClient.WinUI Resources,szROM,Resto del mensaje,Adiscon User Interface .resw source; locale=es-ES; revision=edd9fe10d4a120194e4a0a1e60a5d04d661b79ab
WINSyslogClient.WinUI/Strings/Resources,WINSyslogClient.WinUI Resources,szReadFileBufferInfo,"El File Monitor lee archivos en fragmentos (bloques) según el tamaño del búfer.
El tamaño predeterminado es 4096 bytes, un buen equilibrio entre rendimiento y memoria.

Puede aumentar el tamaño si usa separadores de mensajes regex y sus líneas de registro superan el búfer predeterminado. En caso contrario, recomendamos no cambiar este valor.",Adiscon User Interface .resw source; locale=es-ES; revision=edd9fe10d4a120194e4a0a1e60a5d04d661b79ab
WINSyslogClient.WinUI/Strings/Resources,WINSyslogClient.WinUI Resources,szReferer,árbitro,Adiscon User Interface .resw source; locale=es-ES; revision=edd9fe10d4a120194e4a0a1e60a5d04d661b79ab
WINSyslogClient.WinUI/Strings/Resources,WINSyslogClient.WinUI Resources,szRegistryError,Error al acceder al registro de configuración,Adiscon User Interface .resw source; locale=es-ES; revision=edd9fe10d4a120194e4a0a1e60a5d04d661b79ab
WINSyslogClient.WinUI/Strings/Resources,WINSyslogClient.WinUI Resources,szRemoteHost,Host remoto,Adiscon User Interface .resw source; locale=es-ES; revision=edd9fe10d4a120194e4a0a1e60a5d04d661b79ab
WINSyslogClient.WinUI/Strings/Resources,WINSyslogClient.WinUI Resources,szRequestTemplateAdvancedHint,Deje la lista de propiedades JSON vacía y ambos campos en blanco para serializar automáticamente todas las propiedades InfoUnit como JSON (véase la vista previa). La plantilla avanzada reemplaza la lista de propiedades cuando no está vacía.,Adiscon User Interface .resw source; locale=es-ES; revision=edd9fe10d4a120194e4a0a1e60a5d04d661b79ab
WINSyslogClient.WinUI/Strings/Resources,WINSyslogClient.WinUI Resources,szRequestType,Tipo de solicitud,Adiscon User Interface .resw source; locale=es-ES; revision=edd9fe10d4a120194e4a0a1e60a5d04d661b79ab
WINSyslogClient.WinUI/Strings/Resources,WINSyslogClient.WinUI Resources,szResetValue,Restablecer valor,Adiscon User Interface .resw source; locale=es-ES; revision=edd9fe10d4a120194e4a0a1e60a5d04d661b79ab
WINSyslogClient.WinUI/Strings/Resources,WINSyslogClient.WinUI Resources,szRessourceOptions,Opciones de caché de biblioteca de recursos,Adiscon User Interface .resw source; locale=es-ES; revision=edd9fe10d4a120194e4a0a1e60a5d04d661b79ab
WINSyslogClient.WinUI/Strings/Resources,WINSyslogClient.WinUI Resources,szRestOutputAdvancedTab,Avanzado,Adiscon User Interface .resw source; locale=es-ES; revision=edd9fe10d4a120194e4a0a1e60a5d04d661b79ab
WINSyslogClient.WinUI/Strings/Resources,WINSyslogClient.WinUI Resources,szRestOutputGeneralTab,General,Adiscon User Interface .resw source; locale=es-ES; revision=edd9fe10d4a120194e4a0a1e60a5d04d661b79ab
WINSyslogClient.WinUI/Strings/Resources,WINSyslogClient.WinUI Resources,szRestOutputRequestTab,Solicitud,Adiscon User Interface .resw source; locale=es-ES; revision=edd9fe10d4a120194e4a0a1e60a5d04d661b79ab
WINSyslogClient.WinUI/Strings/Resources,WINSyslogClient.WinUI Resources,szRingBufferFile,Archivo y ruta,Adiscon User Interface .resw source; locale=es-ES; revision=edd9fe10d4a120194e4a0a1e60a5d04d661b79ab
WINSyslogClient.WinUI/Strings/Resources,WINSyslogClient.WinUI Resources,szRingBufferWarning,"Advertencia: si habilita caché en disco, ralentizará el procesamiento. Solo habilítelo si desea guardar la cola en disco por motivos de conmutación por error. Si el procesamiento se interrumpe, el servicio cargará la cola al iniciar y procesará lo que había en la cola.",Adiscon User Interface .resw source; locale=es-ES; revision=edd9fe10d4a120194e4a0a1e60a5d04d661b79ab
WINSyslogClient.WinUI/Strings/Resources,WINSyslogClient.WinUI Resources,szRotateConditions,Condiciones rotación,Adiscon User Interface .resw source; locale=es-ES; revision=edd9fe10d4a120194e4a0a1e60a5d04d661b79ab
WINSyslogClient.WinUI/Strings/Resources,WINSyslogClient.WinUI Resources,szRotatePostProcessing,PostProcessing tras rotación,Adiscon User Interface .resw source; locale=es-ES; revision=edd9fe10d4a120194e4a0a1e60a5d04d661b79ab
WINSyslogClient.WinUI/Strings/Resources,WINSyslogClient.WinUI Resources,szRotateWorkerOptions,Worker LogRotate en segundo plano,Adiscon User Interface .resw source; locale=es-ES; revision=edd9fe10d4a120194e4a0a1e60a5d04d661b79ab
WINSyslogClient.WinUI/Strings/Resources,WINSyslogClient.WinUI Resources,szRotateWorkerOptionsDescription,"El subsistema LogRotate en cola prepara archivos desacoplados y procesa trabajos de rotación en segundo plano.
Los trabajos pendientes se guardan en LogRotationQueue.json y continúan tras reiniciar.
Pueden aparecer archivos .staging temporales mientras se preparan archivos para rotación, compresión o movimiento.",Adiscon User Interface .resw source; locale=es-ES; revision=edd9fe10d4a120194e4a0a1e60a5d04d661b79ab
WINSyslogClient.WinUI/Strings/Resources,WINSyslogClient.WinUI Resources,szRtsControlDisable,Deshabilitar control RTS,Adiscon User Interface .resw source; locale=es-ES; revision=edd9fe10d4a120194e4a0a1e60a5d04d661b79ab
WINSyslogClient.WinUI/Strings/Resources,WINSyslogClient.WinUI Resources,szRtsControlEnable,Habilitar control RTS,Adiscon User Interface .resw source; locale=es-ES; revision=edd9fe10d4a120194e4a0a1e60a5d04d661b79ab
WINSyslogClient.WinUI/Strings/Resources,WINSyslogClient.WinUI Resources,szRtsControlHandshake,Control de enlace RTS,Adiscon User Interface .resw source; locale=es-ES; revision=edd9fe10d4a120194e4a0a1e60a5d04d661b79ab
WINSyslogClient.WinUI/Strings/Resources,WINSyslogClient.WinUI Resources,szRtsControlToggle,Alternar control RTS,Adiscon User Interface .resw source; locale=es-ES; revision=edd9fe10d4a120194e4a0a1e60a5d04d661b79ab
WINSyslogClient.WinUI/Strings/Resources,WINSyslogClient.WinUI Resources,szRuleEngineSpecific,Específico Rule Engine,Adiscon User Interface .resw source; locale=es-ES; revision=edd9fe10d4a120194e4a0a1e60a5d04d661b79ab
WINSyslogClient.WinUI/Strings/Resources,WINSyslogClient.WinUI Resources,szRuleSet,RuleSet a procesar,Adiscon User Interface .resw source; locale=es-ES; revision=edd9fe10d4a120194e4a0a1e60a5d04d661b79ab
WINSyslogClient.WinUI/Strings/Resources,WINSyslogClient.WinUI Resources,szRuleSetEngineOptions,RuleSet Motor,Adiscon User Interface .resw source; locale=es-ES; revision=edd9fe10d4a120194e4a0a1e60a5d04d661b79ab
WINSyslogClient.WinUI/Strings/Resources,WINSyslogClient.WinUI Resources,szRulebase,Seleccionar archivo de reglas,Adiscon User Interface .resw source; locale=es-ES; revision=edd9fe10d4a120194e4a0a1e60a5d04d661b79ab
WINSyslogClient.WinUI/Strings/Resources,WINSyslogClient.WinUI Resources,szSETPOptions,Opciones generales,Adiscon User Interface .resw source; locale=es-ES; revision=edd9fe10d4a120194e4a0a1e60a5d04d661b79ab
WINSyslogClient.WinUI/Strings/Resources,WINSyslogClient.WinUI Resources,szSMTPBody,Formato mensaje correo,Adiscon User Interface .resw source; locale=es-ES; revision=edd9fe10d4a120194e4a0a1e60a5d04d661b79ab
WINSyslogClient.WinUI/Strings/Resources,WINSyslogClient.WinUI Resources,szSMTPPassword,Contraseña SMTP,Adiscon User Interface .resw source; locale=es-ES; revision=edd9fe10d4a120194e4a0a1e60a5d04d661b79ab
WINSyslogClient.WinUI/Strings/Resources,WINSyslogClient.WinUI Resources,szSMTPRecipient,Destinatario,Adiscon User Interface .resw source; locale=es-ES; revision=edd9fe10d4a120194e4a0a1e60a5d04d661b79ab
WINSyslogClient.WinUI/Strings/Resources,WINSyslogClient.WinUI Resources,szSMTPSender,Remitente,Adiscon User Interface .resw source; locale=es-ES; revision=edd9fe10d4a120194e4a0a1e60a5d04d661b79ab
WINSyslogClient.WinUI/Strings/Resources,WINSyslogClient.WinUI Resources,szSMTPServer,Servidor correo,Adiscon User Interface .resw source; locale=es-ES; revision=edd9fe10d4a120194e4a0a1e60a5d04d661b79ab
WINSyslogClient.WinUI/Strings/Resources,WINSyslogClient.WinUI Resources,szSMTPServerBackup,Servidor respaldo,Adiscon User Interface .resw source; locale=es-ES; revision=edd9fe10d4a120194e4a0a1e60a5d04d661b79ab
WINSyslogClient.WinUI/Strings/Resources,WINSyslogClient.WinUI Resources,szSMTPSubject,Asunto,Adiscon User Interface .resw source; locale=es-ES; revision=edd9fe10d4a120194e4a0a1e60a5d04d661b79ab
WINSyslogClient.WinUI/Strings/Resources,WINSyslogClient.WinUI Resources,szSMTPUsername,Usuario SMTP,Adiscon User Interface .resw source; locale=es-ES; revision=edd9fe10d4a120194e4a0a1e60a5d04d661b79ab
WINSyslogClient.WinUI/Strings/Resources,WINSyslogClient.WinUI Resources,szSNMPOptions,SNMP Opciones,Adiscon User Interface .resw source; locale=es-ES; revision=edd9fe10d4a120194e4a0a1e60a5d04d661b79ab
WINSyslogClient.WinUI/Strings/Resources,WINSyslogClient.WinUI Resources,szSQLConnectionOptions,Opciones conexión,Adiscon User Interface .resw source; locale=es-ES; revision=edd9fe10d4a120194e4a0a1e60a5d04d661b79ab
WINSyslogClient.WinUI/Strings/Resources,WINSyslogClient.WinUI Resources,szSQLOptions,Opciones SQL,Adiscon User Interface .resw source; locale=es-ES; revision=edd9fe10d4a120194e4a0a1e60a5d04d661b79ab
WINSyslogClient.WinUI/Strings/Resources,WINSyslogClient.WinUI Resources,szSSLOptions,Opciones SSL,Adiscon User Interface .resw source; locale=es-ES; revision=edd9fe10d4a120194e4a0a1e60a5d04d661b79ab
WINSyslogClient.WinUI/Strings/Resources,WINSyslogClient.WinUI Resources,szSaveSourceProperty,Nombre de propiedad: ,Adiscon User Interface .resw source; locale=es-ES; revision=edd9fe10d4a120194e4a0a1e60a5d04d661b79ab
WINSyslogClient.WinUI/Strings/Resources,WINSyslogClient.WinUI Resources,szSelectStatement,Propiedades relacionadas con sentencia,Adiscon User Interface .resw source; locale=es-ES; revision=edd9fe10d4a120194e4a0a1e60a5d04d661b79ab
WINSyslogClient.WinUI/Strings/Resources,WINSyslogClient.WinUI Resources,szSelectStatementFROM,DE,Adiscon User Interface .resw source; locale=es-ES; revision=edd9fe10d4a120194e4a0a1e60a5d04d661b79ab
WINSyslogClient.WinUI/Strings/Resources,WINSyslogClient.WinUI Resources,szSelectStatementSELECT,SELECCIONAR,Adiscon User Interface .resw source; locale=es-ES; revision=edd9fe10d4a120194e4a0a1e60a5d04d661b79ab
WINSyslogClient.WinUI/Strings/Resources,WINSyslogClient.WinUI Resources,szSelpSendServer,Nombre del servidor RELP,Adiscon User Interface .resw source; locale=es-ES; revision=edd9fe10d4a120194e4a0a1e60a5d04d661b79ab
WINSyslogClient.WinUI/Strings/Resources,WINSyslogClient.WinUI Resources,szSendModeRoundRobin,Usar round robin (múltiples servidores syslog),Adiscon User Interface .resw source; locale=es-ES; revision=edd9fe10d4a120194e4a0a1e60a5d04d661b79ab
WINSyslogClient.WinUI/Strings/Resources,WINSyslogClient.WinUI Resources,szSendModeSingle,Usar un solo servidor syslog con servidor de respaldo opcional,Adiscon User Interface .resw source; locale=es-ES; revision=edd9fe10d4a120194e4a0a1e60a5d04d661b79ab
WINSyslogClient.WinUI/Strings/Resources,WINSyslogClient.WinUI Resources,szServer,Nombre del servidor,Adiscon User Interface .resw source; locale=es-ES; revision=edd9fe10d4a120194e4a0a1e60a5d04d661b79ab
WINSyslogClient.WinUI/Strings/Resources,WINSyslogClient.WinUI Resources,szServerName,Supervisar registro de eventos desde este host,Adiscon User Interface .resw source; locale=es-ES; revision=edd9fe10d4a120194e4a0a1e60a5d04d661b79ab
WINSyslogClient.WinUI/Strings/Resources,WINSyslogClient.WinUI Resources,szServiceName,Nombre del servicio,Adiscon User Interface .resw source; locale=es-ES; revision=edd9fe10d4a120194e4a0a1e60a5d04d661b79ab
WINSyslogClient.WinUI/Strings/Resources,WINSyslogClient.WinUI Resources,szSnmpCheckOid,OID de consulta (ID de objeto),Adiscon User Interface .resw source; locale=es-ES; revision=edd9fe10d4a120194e4a0a1e60a5d04d661b79ab
WINSyslogClient.WinUI/Strings/Resources,WINSyslogClient.WinUI Resources,szSnmpGeneralOptions,Opciones generales de SNMP,Adiscon User Interface .resw source; locale=es-ES; revision=edd9fe10d4a120194e4a0a1e60a5d04d661b79ab
WINSyslogClient.WinUI/Strings/Resources,WINSyslogClient.WinUI Resources,szSnmpRelatedValues,Consulta SNMP relacionada,Adiscon User Interface .resw source; locale=es-ES; revision=edd9fe10d4a120194e4a0a1e60a5d04d661b79ab
WINSyslogClient.WinUI/Strings/Resources,WINSyslogClient.WinUI Resources,szSnmpv2Oid,OID de trampa,Adiscon User Interface .resw source; locale=es-ES; revision=edd9fe10d4a120194e4a0a1e60a5d04d661b79ab
WINSyslogClient.WinUI/Strings/Resources,WINSyslogClient.WinUI Resources,szSourcePropertyName,Seleccione la propiedad de origen a partir de la cual se resolverá el nombre.,Adiscon User Interface .resw source; locale=es-ES; revision=edd9fe10d4a120194e4a0a1e60a5d04d661b79ab
WINSyslogClient.WinUI/Strings/Resources,WINSyslogClient.WinUI Resources,szSpaceParity,Paridad de espacio,Adiscon User Interface .resw source; locale=es-ES; revision=edd9fe10d4a120194e4a0a1e60a5d04d661b79ab
WINSyslogClient.WinUI/Strings/Resources,WINSyslogClient.WinUI Resources,szSpoofedIPAddress,IP fija o propiedad única,Adiscon User Interface .resw source; locale=es-ES; revision=edd9fe10d4a120194e4a0a1e60a5d04d661b79ab
WINSyslogClient.WinUI/Strings/Resources,WINSyslogClient.WinUI Resources,szStatusVar,Variable de estado,Adiscon User Interface .resw source; locale=es-ES; revision=edd9fe10d4a120194e4a0a1e60a5d04d661b79ab
WINSyslogClient.WinUI/Strings/Resources,WINSyslogClient.WinUI Resources,szStoredProcedure,CALL (procedimiento MSSQL),Adiscon User Interface .resw source; locale=es-ES; revision=edd9fe10d4a120194e4a0a1e60a5d04d661b79ab
WINSyslogClient.WinUI/Strings/Resources,WINSyslogClient.WinUI Resources,szSubscriptionOptions,Opciones relacionadas con la suscripción,Adiscon User Interface .resw source; locale=es-ES; revision=edd9fe10d4a120194e4a0a1e60a5d04d661b79ab
WINSyslogClient.WinUI/Strings/Resources,WINSyslogClient.WinUI Resources,szSyslogHeaderOptions,Opciones cabecera Syslog,Adiscon User Interface .resw source; locale=es-ES; revision=edd9fe10d4a120194e4a0a1e60a5d04d661b79ab
WINSyslogClient.WinUI/Strings/Resources,WINSyslogClient.WinUI Resources,szSyslogMaxMessageSizeDescription,"Con mensajes Syslog TCP grandes, este límite define cuándo dividir. Por defecto TCP: 1024000 bytes (1MB). UDP: 65536 bytes por límites del protocolo.",Adiscon User Interface .resw source; locale=es-ES; revision=edd9fe10d4a120194e4a0a1e60a5d04d661b79ab
WINSyslogClient.WinUI/Strings/Resources,WINSyslogClient.WinUI Resources,szSyslogMessageOptions,Opciones de mensaje Syslog,Adiscon User Interface .resw source; locale=es-ES; revision=edd9fe10d4a120194e4a0a1e60a5d04d661b79ab
WINSyslogClient.WinUI/Strings/Resources,WINSyslogClient.WinUI Resources,szSyslogNetworkOptions,Opciones relacionadas con la red,Adiscon User Interface .resw source; locale=es-ES; revision=edd9fe10d4a120194e4a0a1e60a5d04d661b79ab
WINSyslogClient.WinUI/Strings/Resources,WINSyslogClient.WinUI Resources,szSyslogProcessingCustomHeader,Usar encabezado Syslog personalizado,Adiscon User Interface .resw source; locale=es-ES; revision=edd9fe10d4a120194e4a0a1e60a5d04d661b79ab
WINSyslogClient.WinUI/Strings/Resources,WINSyslogClient.WinUI Resources,szSyslogProcessingDisabled,"Deshabilitar procesamiento, reenviar tal cual.",Adiscon User Interface .resw source; locale=es-ES; revision=edd9fe10d4a120194e4a0a1e60a5d04d661b79ab
WINSyslogClient.WinUI/Strings/Resources,WINSyslogClient.WinUI Resources,szSyslogProcessingRFC3164,Usar procesamiento RFC 3164 heredado,Adiscon User Interface .resw source; locale=es-ES; revision=edd9fe10d4a120194e4a0a1e60a5d04d661b79ab
WINSyslogClient.WinUI/Strings/Resources,WINSyslogClient.WinUI Resources,szSyslogProcessingRFC5424,Usar procesamiento RFC 5424 (recomendado),Adiscon User Interface .resw source; locale=es-ES; revision=edd9fe10d4a120194e4a0a1e60a5d04d661b79ab
WINSyslogClient.WinUI/Strings/Resources,WINSyslogClient.WinUI Resources,szSyslogQueue,Nombre de SyslogQueue,Adiscon User Interface .resw source; locale=es-ES; revision=edd9fe10d4a120194e4a0a1e60a5d04d661b79ab
WINSyslogClient.WinUI/Strings/Resources,WINSyslogClient.WinUI Resources,szSyslogQueueOptions,Opciones SyslogQueue,Adiscon User Interface .resw source; locale=es-ES; revision=edd9fe10d4a120194e4a0a1e60a5d04d661b79ab
WINSyslogClient.WinUI/Strings/Resources,WINSyslogClient.WinUI Resources,szSyslogSSLOptions,Opciones relacionadas con SSL/TLS,Adiscon User Interface .resw source; locale=es-ES; revision=edd9fe10d4a120194e4a0a1e60a5d04d661b79ab
WINSyslogClient.WinUI/Strings/Resources,WINSyslogClient.WinUI Resources,szSyslogSendServer,Servidor Syslog,Adiscon User Interface .resw source; locale=es-ES; revision=edd9fe10d4a120194e4a0a1e60a5d04d661b79ab
WINSyslogClient.WinUI/Strings/Resources,WINSyslogClient.WinUI Resources,szSyslogServerBackup,Servidor Syslog de respaldo,Adiscon User Interface .resw source; locale=es-ES; revision=edd9fe10d4a120194e4a0a1e60a5d04d661b79ab
WINSyslogClient.WinUI/Strings/Resources,WINSyslogClient.WinUI Resources,szSyslogServerOptions,Opciones del receptor Syslog,Adiscon User Interface .resw source; locale=es-ES; revision=edd9fe10d4a120194e4a0a1e60a5d04d661b79ab
WINSyslogClient.WinUI/Strings/Resources,WINSyslogClient.WinUI Resources,szSyslogServer_,Servidor Syslog,Adiscon User Interface .resw source; locale=es-ES; revision=edd9fe10d4a120194e4a0a1e60a5d04d661b79ab
WINSyslogClient.WinUI/Strings/Resources,WINSyslogClient.WinUI Resources,szSyslogTCPOptions,Opciones relacionadas con TCP,Adiscon User Interface .resw source; locale=es-ES; revision=edd9fe10d4a120194e4a0a1e60a5d04d661b79ab
WINSyslogClient.WinUI/Strings/Resources,WINSyslogClient.WinUI Resources,szSyslogTagValue,Valor de etiqueta Syslog,Adiscon User Interface .resw source; locale=es-ES; revision=edd9fe10d4a120194e4a0a1e60a5d04d661b79ab
WINSyslogClient.WinUI/Strings/Resources,WINSyslogClient.WinUI Resources,szSyslogTargetOptions,Opciones de destino Syslog,Adiscon User Interface .resw source; locale=es-ES; revision=edd9fe10d4a120194e4a0a1e60a5d04d661b79ab
WINSyslogClient.WinUI/Strings/Resources,WINSyslogClient.WinUI Resources,szSyslogUDPOptions,Opciones relacionadas con UDP,Adiscon User Interface .resw source; locale=es-ES; revision=edd9fe10d4a120194e4a0a1e60a5d04d661b79ab
WINSyslogClient.WinUI/Strings/Resources,WINSyslogClient.WinUI Resources,szTCPMsgSep,Secuencia de separación de mensajes,Adiscon User Interface .resw source; locale=es-ES; revision=edd9fe10d4a120194e4a0a1e60a5d04d661b79ab
WINSyslogClient.WinUI/Strings/Resources,WINSyslogClient.WinUI Resources,szTCPOptions,Opciones TCP,Adiscon User Interface .resw source; locale=es-ES; revision=edd9fe10d4a120194e4a0a1e60a5d04d661b79ab
WINSyslogClient.WinUI/Strings/Resources,WINSyslogClient.WinUI Resources,szTLSAdvancedOptions,TLS avanzado,Adiscon User Interface .resw source; locale=es-ES; revision=edd9fe10d4a120194e4a0a1e60a5d04d661b79ab
WINSyslogClient.WinUI/Strings/Resources,WINSyslogClient.WinUI Resources,szTLSCommandsInfo,"Al habilitar esta opción, puede establecer comandos de configuración OpenSSL directamente. Para más información sobre los parámetros de configuración disponibles para cada tipo de comando, visite: ",Adiscon User Interface .resw source; locale=es-ES; revision=edd9fe10d4a120194e4a0a1e60a5d04d661b79ab
WINSyslogClient.WinUI/Strings/Resources,WINSyslogClient.WinUI Resources,szTLSCommandsInfoLink,Documentación de OpenSSL SSL_CONF_cmd,Adiscon User Interface .resw source; locale=es-ES; revision=edd9fe10d4a120194e4a0a1e60a5d04d661b79ab
WINSyslogClient.WinUI/Strings/Resources,WINSyslogClient.WinUI Resources,szTLSOptions,Opciones TLS,Adiscon User Interface .resw source; locale=es-ES; revision=edd9fe10d4a120194e4a0a1e60a5d04d661b79ab
WINSyslogClient.WinUI/Strings/Resources,WINSyslogClient.WinUI Resources,szTabAdvanced,Opciones avanzadas,Adiscon User Interface .resw source; locale=es-ES; revision=edd9fe10d4a120194e4a0a1e60a5d04d661b79ab
WINSyslogClient.WinUI/Strings/Resources,WINSyslogClient.WinUI Resources,szTabCPU,UPC,Adiscon User Interface .resw source; locale=es-ES; revision=edd9fe10d4a120194e4a0a1e60a5d04d661b79ab
WINSyslogClient.WinUI/Strings/Resources,WINSyslogClient.WinUI Resources,szTabCaching,Almacenamiento en caché de eventos,Adiscon User Interface .resw source; locale=es-ES; revision=edd9fe10d4a120194e4a0a1e60a5d04d661b79ab
WINSyslogClient.WinUI/Strings/Resources,WINSyslogClient.WinUI Resources,szTabEncoding,Codificación,Adiscon User Interface .resw source; locale=es-ES; revision=edd9fe10d4a120194e4a0a1e60a5d04d661b79ab
WINSyslogClient.WinUI/Strings/Resources,WINSyslogClient.WinUI Resources,szTabEventChannels,Canales de eventos,Adiscon User Interface .resw source; locale=es-ES; revision=edd9fe10d4a120194e4a0a1e60a5d04d661b79ab
WINSyslogClient.WinUI/Strings/Resources,WINSyslogClient.WinUI Resources,szTabFiles,Archivos procesados,Adiscon User Interface .resw source; locale=es-ES; revision=edd9fe10d4a120194e4a0a1e60a5d04d661b79ab
WINSyslogClient.WinUI/Strings/Resources,WINSyslogClient.WinUI Resources,szTabGeneral,Opciones generales,Adiscon User Interface .resw source; locale=es-ES; revision=edd9fe10d4a120194e4a0a1e60a5d04d661b79ab
WINSyslogClient.WinUI/Strings/Resources,WINSyslogClient.WinUI Resources,szTabMailFormatOptions,Opciones formato correo,Adiscon User Interface .resw source; locale=es-ES; revision=edd9fe10d4a120194e4a0a1e60a5d04d661b79ab
WINSyslogClient.WinUI/Strings/Resources,WINSyslogClient.WinUI Resources,szTabMailServerOptions,Opciones servidor correo,Adiscon User Interface .resw source; locale=es-ES; revision=edd9fe10d4a120194e4a0a1e60a5d04d661b79ab
WINSyslogClient.WinUI/Strings/Resources,WINSyslogClient.WinUI Resources,szTabMemory,Memoria total,Adiscon User Interface .resw source; locale=es-ES; revision=edd9fe10d4a120194e4a0a1e60a5d04d661b79ab
WINSyslogClient.WinUI/Strings/Resources,WINSyslogClient.WinUI Resources,szTabMsgSep,Separadores de mensajes,Adiscon User Interface .resw source; locale=es-ES; revision=edd9fe10d4a120194e4a0a1e60a5d04d661b79ab
WINSyslogClient.WinUI/Strings/Resources,WINSyslogClient.WinUI Resources,szTabPhyMemory,Memoria física,Adiscon User Interface .resw source; locale=es-ES; revision=edd9fe10d4a120194e4a0a1e60a5d04d661b79ab
WINSyslogClient.WinUI/Strings/Resources,WINSyslogClient.WinUI Resources,szTabVirtMemory,Memoria virtual,Adiscon User Interface .resw source; locale=es-ES; revision=edd9fe10d4a120194e4a0a1e60a5d04d661b79ab
WINSyslogClient.WinUI/Strings/Resources,WINSyslogClient.WinUI Resources,szTableID,Nombre del campo ID,Adiscon User Interface .resw source; locale=es-ES; revision=edd9fe10d4a120194e4a0a1e60a5d04d661b79ab
WINSyslogClient.WinUI/Strings/Resources,WINSyslogClient.WinUI Resources,szTableName,Nombre tabla,Adiscon User Interface .resw source; locale=es-ES; revision=edd9fe10d4a120194e4a0a1e60a5d04d661b79ab
WINSyslogClient.WinUI/Strings/Resources,WINSyslogClient.WinUI Resources,szTarget,Máquina objetivo,Adiscon User Interface .resw source; locale=es-ES; revision=edd9fe10d4a120194e4a0a1e60a5d04d661b79ab
WINSyslogClient.WinUI/Strings/Resources,WINSyslogClient.WinUI Resources,szText,texto,Adiscon User Interface .resw source; locale=es-ES; revision=edd9fe10d4a120194e4a0a1e60a5d04d661b79ab
WINSyslogClient.WinUI/Strings/Resources,WINSyslogClient.WinUI Resources,szTwoStopBits,2 bits de parada,Adiscon User Interface .resw source; locale=es-ES; revision=edd9fe10d4a120194e4a0a1e60a5d04d661b79ab
WINSyslogClient.WinUI/Strings/Resources,WINSyslogClient.WinUI Resources,szTypeAgentcap,Gorra de agente,Adiscon User Interface .resw source; locale=es-ES; revision=edd9fe10d4a120194e4a0a1e60a5d04d661b79ab
WINSyslogClient.WinUI/Strings/Resources,WINSyslogClient.WinUI Resources,szTypeBitstring,Cadena de bits,Adiscon User Interface .resw source; locale=es-ES; revision=edd9fe10d4a120194e4a0a1e60a5d04d661b79ab
WINSyslogClient.WinUI/Strings/Resources,WINSyslogClient.WinUI Resources,szTypeCounter,Encimera,Adiscon User Interface .resw source; locale=es-ES; revision=edd9fe10d4a120194e4a0a1e60a5d04d661b79ab
WINSyslogClient.WinUI/Strings/Resources,WINSyslogClient.WinUI Resources,szTypeCounter64,contador64,Adiscon User Interface .resw source; locale=es-ES; revision=edd9fe10d4a120194e4a0a1e60a5d04d661b79ab
WINSyslogClient.WinUI/Strings/Resources,WINSyslogClient.WinUI Resources,szTypeGauge,Indicador,Adiscon User Interface .resw source; locale=es-ES; revision=edd9fe10d4a120194e4a0a1e60a5d04d661b79ab
WINSyslogClient.WinUI/Strings/Resources,WINSyslogClient.WinUI Resources,szTypeInteger,Entero,Adiscon User Interface .resw source; locale=es-ES; revision=edd9fe10d4a120194e4a0a1e60a5d04d661b79ab
WINSyslogClient.WinUI/Strings/Resources,WINSyslogClient.WinUI Resources,szTypeInteger32,Entero con signo32,Adiscon User Interface .resw source; locale=es-ES; revision=edd9fe10d4a120194e4a0a1e60a5d04d661b79ab
WINSyslogClient.WinUI/Strings/Resources,WINSyslogClient.WinUI Resources,szTypeIpaddr,Dirección IP,Adiscon User Interface .resw source; locale=es-ES; revision=edd9fe10d4a120194e4a0a1e60a5d04d661b79ab
WINSyslogClient.WinUI/Strings/Resources,WINSyslogClient.WinUI Resources,szTypeModcomp,Compensación de mods,Adiscon User Interface .resw source; locale=es-ES; revision=edd9fe10d4a120194e4a0a1e60a5d04d661b79ab
WINSyslogClient.WinUI/Strings/Resources,WINSyslogClient.WinUI Resources,szTypeModid,ID de modificación,Adiscon User Interface .resw source; locale=es-ES; revision=edd9fe10d4a120194e4a0a1e60a5d04d661b79ab
WINSyslogClient.WinUI/Strings/Resources,WINSyslogClient.WinUI Resources,szTypeNetaddr,Dirección neta,Adiscon User Interface .resw source; locale=es-ES; revision=edd9fe10d4a120194e4a0a1e60a5d04d661b79ab
WINSyslogClient.WinUI/Strings/Resources,WINSyslogClient.WinUI Resources,szTypeNotiftype,Tipo de notificación,Adiscon User Interface .resw source; locale=es-ES; revision=edd9fe10d4a120194e4a0a1e60a5d04d661b79ab
WINSyslogClient.WinUI/Strings/Resources,WINSyslogClient.WinUI Resources,szTypeNsapaddress,Dirección NSAP,Adiscon User Interface .resw source; locale=es-ES; revision=edd9fe10d4a120194e4a0a1e60a5d04d661b79ab
WINSyslogClient.WinUI/Strings/Resources,WINSyslogClient.WinUI Resources,szTypeNull,Nulo,Adiscon User Interface .resw source; locale=es-ES; revision=edd9fe10d4a120194e4a0a1e60a5d04d661b79ab
WINSyslogClient.WinUI/Strings/Resources,WINSyslogClient.WinUI Resources,szTypeObjgroup,Grupo de objetos,Adiscon User Interface .resw source; locale=es-ES; revision=edd9fe10d4a120194e4a0a1e60a5d04d661b79ab
WINSyslogClient.WinUI/Strings/Resources,WINSyslogClient.WinUI Resources,szTypeObjid,ID de objeto,Adiscon User Interface .resw source; locale=es-ES; revision=edd9fe10d4a120194e4a0a1e60a5d04d661b79ab
WINSyslogClient.WinUI/Strings/Resources,WINSyslogClient.WinUI Resources,szTypeOctetstr,Cadena de octeto,Adiscon User Interface .resw source; locale=es-ES; revision=edd9fe10d4a120194e4a0a1e60a5d04d661b79ab
WINSyslogClient.WinUI/Strings/Resources,WINSyslogClient.WinUI Resources,szTypeOpaque,Opaco,Adiscon User Interface .resw source; locale=es-ES; revision=edd9fe10d4a120194e4a0a1e60a5d04d661b79ab
WINSyslogClient.WinUI/Strings/Resources,WINSyslogClient.WinUI Resources,szTypeOther,Otro,Adiscon User Interface .resw source; locale=es-ES; revision=edd9fe10d4a120194e4a0a1e60a5d04d661b79ab
WINSyslogClient.WinUI/Strings/Resources,WINSyslogClient.WinUI Resources,szTypeTimeticks,Marcas de tiempo,Adiscon User Interface .resw source; locale=es-ES; revision=edd9fe10d4a120194e4a0a1e60a5d04d661b79ab
WINSyslogClient.WinUI/Strings/Resources,WINSyslogClient.WinUI Resources,szTypeTraptype,Tipo de trampa,Adiscon User Interface .resw source; locale=es-ES; revision=edd9fe10d4a120194e4a0a1e60a5d04d661b79ab
WINSyslogClient.WinUI/Strings/Resources,WINSyslogClient.WinUI Resources,szTypeUinteger,UInteger,Adiscon User Interface .resw source; locale=es-ES; revision=edd9fe10d4a120194e4a0a1e60a5d04d661b79ab
WINSyslogClient.WinUI/Strings/Resources,WINSyslogClient.WinUI Resources,szTypeUnsigned32,Entero sin signo32,Adiscon User Interface .resw source; locale=es-ES; revision=edd9fe10d4a120194e4a0a1e60a5d04d661b79ab
WINSyslogClient.WinUI/Strings/Resources,WINSyslogClient.WinUI Resources,szUDPOptions,Opciones UDP,Adiscon User Interface .resw source; locale=es-ES; revision=edd9fe10d4a120194e4a0a1e60a5d04d661b79ab
WINSyslogClient.WinUI/Strings/Resources,WINSyslogClient.WinUI Resources,szUnixTimestamp,Marca de tiempo similar a UNIX/LINUX,Adiscon User Interface .resw source; locale=es-ES; revision=edd9fe10d4a120194e4a0a1e60a5d04d661b79ab
WINSyslogClient.WinUI/Strings/Resources,WINSyslogClient.WinUI Resources,szUpTo,Hasta,Adiscon User Interface .resw source; locale=es-ES; revision=edd9fe10d4a120194e4a0a1e60a5d04d661b79ab
WINSyslogClient.WinUI/Strings/Resources,WINSyslogClient.WinUI Resources,szUrl,URL y cadena de consulta,Adiscon User Interface .resw source; locale=es-ES; revision=edd9fe10d4a120194e4a0a1e60a5d04d661b79ab
WINSyslogClient.WinUI/Strings/Resources,WINSyslogClient.WinUI Resources,szUserAgent,Agente de usuario (navegador),Adiscon User Interface .resw source; locale=es-ES; revision=edd9fe10d4a120194e4a0a1e60a5d04d661b79ab
WINSyslogClient.WinUI/Strings/Resources,WINSyslogClient.WinUI Resources,szUsername,Nombre de usuario,Adiscon User Interface .resw source; locale=es-ES; revision=edd9fe10d4a120194e4a0a1e60a5d04d661b79ab
WINSyslogClient.WinUI/Strings/Resources,WINSyslogClient.WinUI Resources,szVarChar,varchar,Adiscon User Interface .resw source; locale=es-ES; revision=edd9fe10d4a120194e4a0a1e60a5d04d661b79ab
WINSyslogClient.WinUI/Strings/Resources,WINSyslogClient.WinUI Resources,szVariableOID_,OID variable,Adiscon User Interface .resw source; locale=es-ES; revision=edd9fe10d4a120194e4a0a1e60a5d04d661b79ab
WINSyslogClient.WinUI/Strings/Resources,WINSyslogClient.WinUI Resources,szVariableValue_,Valor variable,Adiscon User Interface .resw source; locale=es-ES; revision=edd9fe10d4a120194e4a0a1e60a5d04d661b79ab
WINSyslogClient.WinUI/Strings/Resources,WINSyslogClient.WinUI Resources,szW3CHeader,Valor de encabezado W3C,Adiscon User Interface .resw source; locale=es-ES; revision=edd9fe10d4a120194e4a0a1e60a5d04d661b79ab
WINSyslogClient.WinUI/Strings/Resources,WINSyslogClient.WinUI Resources,szWarningSavingConfiguration,Advertencia al guardar la configuración,Adiscon User Interface .resw source; locale=es-ES; revision=edd9fe10d4a120194e4a0a1e60a5d04d661b79ab
WINSyslogClient.WinUI/Strings/Resources,WINSyslogClient.WinUI Resources,szWarningSavingConfigurationBackup,Error al crear copia de seguridad del archivo de configuración anterior. Guardar la configuración en el siguiente archivo puede fallar: ,Adiscon User Interface .resw source; locale=es-ES; revision=edd9fe10d4a120194e4a0a1e60a5d04d661b79ab
WINSyslogClient.WinUI/Strings/Resources,WINSyslogClient.WinUI Resources,szWarningSavingConfigurationOldFile,Error al eliminar un archivo de configuración anterior. El archivo puede estar bloqueado por otro proceso. Deberá eliminar manualmente el siguiente archivo: ,Adiscon User Interface .resw source; locale=es-ES; revision=edd9fe10d4a120194e4a0a1e60a5d04d661b79ab
WINSyslogClient.WinUI/Strings/Resources,WINSyslogClient.WinUI Resources,szWord,Una sola palabra,Adiscon User Interface .resw source; locale=es-ES; revision=edd9fe10d4a120194e4a0a1e60a5d04d661b79ab
WINSyslogClient.WinUI/Strings/Resources,WINSyslogClient.WinUI Resources,szXMLBookmark,Último registro,Adiscon User Interface .resw source; locale=es-ES; revision=edd9fe10d4a120194e4a0a1e60a5d04d661b79ab
WINSyslogClient.WinUI/Strings/Resources,WINSyslogClient.WinUI Resources,szXmlFormat,Formato XML,Adiscon User Interface .resw source; locale=es-ES; revision=edd9fe10d4a120194e4a0a1e60a5d04d661b79ab
WINSyslogClient.WinUI/Strings/Resources,WINSyslogClient.WinUI Resources,sz_runhigh,Alto,Adiscon User Interface .resw source; locale=es-ES; revision=edd9fe10d4a120194e4a0a1e60a5d04d661b79ab
WINSyslogClient.WinUI/Strings/Resources,WINSyslogClient.WinUI Resources,sz_runidle,Prioridad inactiva,Adiscon User Interface .resw source; locale=es-ES; revision=edd9fe10d4a120194e4a0a1e60a5d04d661b79ab
WINSyslogClient.WinUI/Strings/Resources,WINSyslogClient.WinUI Resources,sz_runlow,Bajo,Adiscon User Interface .resw source; locale=es-ES; revision=edd9fe10d4a120194e4a0a1e60a5d04d661b79ab
WINSyslogClient.WinUI/Strings/Resources,WINSyslogClient.WinUI Resources,sz_runnormal,Normal,Adiscon User Interface .resw source; locale=es-ES; revision=edd9fe10d4a120194e4a0a1e60a5d04d661b79ab
WINSyslogClient.WinUI/Strings/Resources,WINSyslogClient.WinUI Resources,tlsallowedentries,Pares permitidos,Adiscon User Interface .resw source; locale=es-ES; revision=edd9fe10d4a120194e4a0a1e60a5d04d661b79ab
WINSyslogClient.WinUI/Strings/Resources,WINSyslogClient.WinUI Resources,txteventchannels,Canal del registro de eventos,Adiscon User Interface .resw source; locale=es-ES; revision=edd9fe10d4a120194e4a0a1e60a5d04d661b79ab
WINSyslogClient.WinUI/Strings/Resources,WINSyslogClient.WinUI Resources,txtfileitems,Nombre de archivo,Adiscon User Interface .resw source; locale=es-ES; revision=edd9fe10d4a120194e4a0a1e60a5d04d661b79ab
WINSyslogClient.WinUI/Strings/Resources,WINSyslogClient.WinUI Resources,txtprocessedfiles,Nombre de archivo procesado,Adiscon User Interface .resw source; locale=es-ES; revision=edd9fe10d4a120194e4a0a1e60a5d04d661b79ab
