Unit,Unit Name,ID,Text,Comment
WINSyslogClient.WinUI/Strings/Resources,WINSyslogClient.WinUI Resources,AppDisplayName,WinSyslog,Adiscon User Interface .resw source; locale=et-EE; revision=edd9fe10d4a120194e4a0a1e60a5d04d661b79ab
WINSyslogClient.WinUI/Strings/Resources,WINSyslogClient.WinUI Resources,Help_ApplicationIdentityTitle,Rakenduse identiteet,Adiscon User Interface .resw source; locale=et-EE; revision=edd9fe10d4a120194e4a0a1e60a5d04d661b79ab
WINSyslogClient.WinUI/Strings/Resources,WINSyslogClient.WinUI Resources,Help_ExecutableFormat,Pärandväljundi nimi: {0},Adiscon User Interface .resw source; locale=et-EE; revision=edd9fe10d4a120194e4a0a1e60a5d04d661b79ab
WINSyslogClient.WinUI/Strings/Resources,WINSyslogClient.WinUI Resources,Help_OnlineResourcesTitle,Veebiressursid,Adiscon User Interface .resw source; locale=et-EE; revision=edd9fe10d4a120194e4a0a1e60a5d04d661b79ab
WINSyslogClient.WinUI/Strings/Resources,WINSyslogClient.WinUI Resources,Help_OpenOnlineDocs,Ava veebidokumentatsioon,Adiscon User Interface .resw source; locale=et-EE; revision=edd9fe10d4a120194e4a0a1e60a5d04d661b79ab
WINSyslogClient.WinUI/Strings/Resources,WINSyslogClient.WinUI Resources,Help_OpenProductSite,Ava toote veebisait,Adiscon User Interface .resw source; locale=et-EE; revision=edd9fe10d4a120194e4a0a1e60a5d04d661b79ab
WINSyslogClient.WinUI/Strings/Resources,WINSyslogClient.WinUI Resources,Help_OpenSupport,Ava tugi,Adiscon User Interface .resw source; locale=et-EE; revision=edd9fe10d4a120194e4a0a1e60a5d04d661b79ab
WINSyslogClient.WinUI/Strings/Resources,WINSyslogClient.WinUI Resources,Help_OpenedOnlineDocs,Veebidokumentatsioon avati.,Adiscon User Interface .resw source; locale=et-EE; revision=edd9fe10d4a120194e4a0a1e60a5d04d661b79ab
WINSyslogClient.WinUI/Strings/Resources,WINSyslogClient.WinUI Resources,Help_OpenedProductSite,Toote veebisait avati.,Adiscon User Interface .resw source; locale=et-EE; revision=edd9fe10d4a120194e4a0a1e60a5d04d661b79ab
WINSyslogClient.WinUI/Strings/Resources,WINSyslogClient.WinUI Resources,Help_OpenedSupport,Toe veebisait avati.,Adiscon User Interface .resw source; locale=et-EE; revision=edd9fe10d4a120194e4a0a1e60a5d04d661b79ab
WINSyslogClient.WinUI/Strings/Resources,WINSyslogClient.WinUI Resources,Help_ProductFormat,Toode: {0},Adiscon User Interface .resw source; locale=et-EE; revision=edd9fe10d4a120194e4a0a1e60a5d04d661b79ab
WINSyslogClient.WinUI/Strings/Resources,WINSyslogClient.WinUI Resources,Help_StatusMessage,"Kasuta allolevaid toote, dokumentatsiooni ja toe linke selle kliendi jaoks.",Adiscon User Interface .resw source; locale=et-EE; revision=edd9fe10d4a120194e4a0a1e60a5d04d661b79ab
WINSyslogClient.WinUI/Strings/Resources,WINSyslogClient.WinUI Resources,Help_Title,Abi / Teave,Adiscon User Interface .resw source; locale=et-EE; revision=edd9fe10d4a120194e4a0a1e60a5d04d661b79ab
WINSyslogClient.WinUI/Strings/Resources,WINSyslogClient.WinUI Resources,Help_UnknownVersion,teadmata,Adiscon User Interface .resw source; locale=et-EE; revision=edd9fe10d4a120194e4a0a1e60a5d04d661b79ab
WINSyslogClient.WinUI/Strings/Resources,WINSyslogClient.WinUI Resources,Help_VersionFormat,Praegune versioon: {0},Adiscon User Interface .resw source; locale=et-EE; revision=edd9fe10d4a120194e4a0a1e60a5d04d661b79ab
WINSyslogClient.WinUI/Strings/Resources,WINSyslogClient.WinUI Resources,Help_WindowTitleFormat,Akna pealkiri: {0},Adiscon User Interface .resw source; locale=et-EE; revision=edd9fe10d4a120194e4a0a1e60a5d04d661b79ab
WINSyslogClient.WinUI/Strings/Resources,WINSyslogClient.WinUI Resources,Language_ApplyButton,Rakenda keel,Adiscon User Interface .resw source; locale=et-EE; revision=edd9fe10d4a120194e4a0a1e60a5d04d661b79ab
WINSyslogClient.WinUI/Strings/Resources,WINSyslogClient.WinUI Resources,Language_ClientLanguageHeader,Kliendi keel,Adiscon User Interface .resw source; locale=et-EE; revision=edd9fe10d4a120194e4a0a1e60a5d04d661b79ab
WINSyslogClient.WinUI/Strings/Resources,WINSyslogClient.WinUI Resources,Language_CurrentSelectionFormat,Valitud keel: {0} | Praegune kasutajaliidese kultuur: {1},Adiscon User Interface .resw source; locale=et-EE; revision=edd9fe10d4a120194e4a0a1e60a5d04d661b79ab
WINSyslogClient.WinUI/Strings/Resources,WINSyslogClient.WinUI Resources,Language_DisplayLanguageTitle,Kuvakeel,Adiscon User Interface .resw source; locale=et-EE; revision=edd9fe10d4a120194e4a0a1e60a5d04d661b79ab
WINSyslogClient.WinUI/Strings/Resources,WINSyslogClient.WinUI Resources,Language_IntroFormat,Valige selle {0} kliendi kuvakeel.,Adiscon User Interface .resw source; locale=et-EE; revision=edd9fe10d4a120194e4a0a1e60a5d04d661b79ab
WINSyslogClient.WinUI/Strings/Resources,WINSyslogClient.WinUI Resources,Language_InvariantCulture,invariantne,Adiscon User Interface .resw source; locale=et-EE; revision=edd9fe10d4a120194e4a0a1e60a5d04d661b79ab
WINSyslogClient.WinUI/Strings/Resources,WINSyslogClient.WinUI Resources,Language_ResourceCoverageText,"See klient sisaldab keeleressursse konfiguratsioonisiltide, valikute teksti ja ühiste laadimis-/salvestusteadete jaoks inglise, saksa, hispaania, prantsuse, itaalia, portugali, eesti ja jaapani keeles. Süsteemi vaikeseade järgib Windowsi keele-eelistusi.",Adiscon User Interface .resw source; locale=et-EE; revision=edd9fe10d4a120194e4a0a1e60a5d04d661b79ab
WINSyslogClient.WinUI/Strings/Resources,WINSyslogClient.WinUI Resources,Language_ResourceCoverageTitle,Keeleressursside katvus,Adiscon User Interface .resw source; locale=et-EE; revision=edd9fe10d4a120194e4a0a1e60a5d04d661b79ab
WINSyslogClient.WinUI/Strings/Resources,WINSyslogClient.WinUI Resources,Language_RestartDialogContentFormat,"Klient tuleb taaskäivitada, enne kui kõik sildid ja teated kasutavad keelt {0}. Kas taaskäivitada kohe?",Adiscon User Interface .resw source; locale=et-EE; revision=edd9fe10d4a120194e4a0a1e60a5d04d661b79ab
WINSyslogClient.WinUI/Strings/Resources,WINSyslogClient.WinUI Resources,Language_RestartDialogLater,Later,Adiscon User Interface .resw source; locale=et-EE; revision=edd9fe10d4a120194e4a0a1e60a5d04d661b79ab
WINSyslogClient.WinUI/Strings/Resources,WINSyslogClient.WinUI Resources,Language_RestartDialogRestartNow,Restart now,Adiscon User Interface .resw source; locale=et-EE; revision=edd9fe10d4a120194e4a0a1e60a5d04d661b79ab
WINSyslogClient.WinUI/Strings/Resources,WINSyslogClient.WinUI Resources,Language_RestartDialogTitle,Restart client now?,Adiscon User Interface .resw source; locale=et-EE; revision=edd9fe10d4a120194e4a0a1e60a5d04d661b79ab
WINSyslogClient.WinUI/Strings/Resources,WINSyslogClient.WinUI Resources,Language_RestartFailedFormat,"Language was saved, but automatic restart failed: {0}",Adiscon User Interface .resw source; locale=et-EE; revision=edd9fe10d4a120194e4a0a1e60a5d04d661b79ab
WINSyslogClient.WinUI/Strings/Resources,WINSyslogClient.WinUI Resources,Language_RestartFailedNoProcessPath,"Language was saved, but the client could not determine the executable path for automatic restart.",Adiscon User Interface .resw source; locale=et-EE; revision=edd9fe10d4a120194e4a0a1e60a5d04d661b79ab
WINSyslogClient.WinUI/Strings/Resources,WINSyslogClient.WinUI Resources,Language_RestartRequiredText,"Pärast keele muutmist taaskäivitage klient, et sildid ja teated laaditaks ühtlaselt uuesti.",Adiscon User Interface .resw source; locale=et-EE; revision=edd9fe10d4a120194e4a0a1e60a5d04d661b79ab
WINSyslogClient.WinUI/Strings/Resources,WINSyslogClient.WinUI Resources,Language_SelectedFormat,Valitud keel: {0}. {1},Adiscon User Interface .resw source; locale=et-EE; revision=edd9fe10d4a120194e4a0a1e60a5d04d661b79ab
WINSyslogClient.WinUI/Strings/Resources,WINSyslogClient.WinUI Resources,Language_SelectedLanguageFormat,Selected language: {0},Adiscon User Interface .resw source; locale=et-EE; revision=edd9fe10d4a120194e4a0a1e60a5d04d661b79ab
WINSyslogClient.WinUI/Strings/Resources,WINSyslogClient.WinUI Resources,Language_SelectedSystemDefault,Valitud keel: süsteemi vaikeseade,Adiscon User Interface .resw source; locale=et-EE; revision=edd9fe10d4a120194e4a0a1e60a5d04d661b79ab
WINSyslogClient.WinUI/Strings/Resources,WINSyslogClient.WinUI Resources,Language_StatusLanguageRestartFormat,Keeleks määrati {0}. Keele ressurside uuesti laadimiseks taaskäivitage klient.,Adiscon User Interface .resw source; locale=et-EE; revision=edd9fe10d4a120194e4a0a1e60a5d04d661b79ab
WINSyslogClient.WinUI/Strings/Resources,WINSyslogClient.WinUI Resources,Language_StatusLoaded,Language selection is loaded.,Adiscon User Interface .resw source; locale=et-EE; revision=edd9fe10d4a120194e4a0a1e60a5d04d661b79ab
WINSyslogClient.WinUI/Strings/Resources,WINSyslogClient.WinUI Resources,Language_StatusSystemDefaultRestart,Keel lähtestati Windowsi süsteemi vaikeväärtusele. Keele ressurside uuesti laadimiseks taaskäivitage klient.,Adiscon User Interface .resw source; locale=et-EE; revision=edd9fe10d4a120194e4a0a1e60a5d04d661b79ab
WINSyslogClient.WinUI/Strings/Resources,WINSyslogClient.WinUI Resources,Language_SystemDefault,Süsteemi vaikeseade,Adiscon User Interface .resw source; locale=et-EE; revision=edd9fe10d4a120194e4a0a1e60a5d04d661b79ab
WINSyslogClient.WinUI/Strings/Resources,WINSyslogClient.WinUI Resources,Language_Title,Keel,Adiscon User Interface .resw source; locale=et-EE; revision=edd9fe10d4a120194e4a0a1e60a5d04d661b79ab
WINSyslogClient.WinUI/Strings/Resources,WINSyslogClient.WinUI Resources,LicenseStatus_Expired,Litsentsifail on aegunud.,Adiscon User Interface .resw source; locale=et-EE; revision=edd9fe10d4a120194e4a0a1e60a5d04d661b79ab
WINSyslogClient.WinUI/Strings/Resources,WINSyslogClient.WinUI Resources,LicenseStatus_FileLicensed,Litsentsifail on litsentsitud.,Adiscon User Interface .resw source; locale=et-EE; revision=edd9fe10d4a120194e4a0a1e60a5d04d661b79ab
WINSyslogClient.WinUI/Strings/Resources,WINSyslogClient.WinUI Resources,LicenseStatus_FileLicensedFor,Litsentsifail on litsentsitud kasutajale %LICENSEE%.,Adiscon User Interface .resw source; locale=et-EE; revision=edd9fe10d4a120194e4a0a1e60a5d04d661b79ab
WINSyslogClient.WinUI/Strings/Resources,WINSyslogClient.WinUI Resources,LicenseStatus_FileTrial,Litsentsifaili prooviversioon on konfigureeritud.,Adiscon User Interface .resw source; locale=et-EE; revision=edd9fe10d4a120194e4a0a1e60a5d04d661b79ab
WINSyslogClient.WinUI/Strings/Resources,WINSyslogClient.WinUI Resources,LicenseStatus_FileTrialWithDays,"Litsentsifaili prooviversioon, päevi jäänud: %DAYSLEFT%.",Adiscon User Interface .resw source; locale=et-EE; revision=edd9fe10d4a120194e4a0a1e60a5d04d661b79ab
WINSyslogClient.WinUI/Strings/Resources,WINSyslogClient.WinUI Resources,LicenseStatus_FreeNoLicense,Tasuta versioon / litsentsi pole konfigureeritud.,Adiscon User Interface .resw source; locale=et-EE; revision=edd9fe10d4a120194e4a0a1e60a5d04d661b79ab
WINSyslogClient.WinUI/Strings/Resources,WINSyslogClient.WinUI Resources,LicenseStatus_InvalidFile,Kehtivat litsentsifaili pole konfigureeritud.,Adiscon User Interface .resw source; locale=et-EE; revision=edd9fe10d4a120194e4a0a1e60a5d04d661b79ab
WINSyslogClient.WinUI/Strings/Resources,WINSyslogClient.WinUI Resources,LicenseStatus_Licensed,Litsentsitud.,Adiscon User Interface .resw source; locale=et-EE; revision=edd9fe10d4a120194e4a0a1e60a5d04d661b79ab
WINSyslogClient.WinUI/Strings/Resources,WINSyslogClient.WinUI Resources,LicenseStatus_LicensedFor,Litsentsitud kasutajale %LICENSEE%.,Adiscon User Interface .resw source; locale=et-EE; revision=edd9fe10d4a120194e4a0a1e60a5d04d661b79ab
WINSyslogClient.WinUI/Strings/Resources,WINSyslogClient.WinUI Resources,LicenseStatus_MissingFile,Litsentsifail puudub.,Adiscon User Interface .resw source; locale=et-EE; revision=edd9fe10d4a120194e4a0a1e60a5d04d661b79ab
WINSyslogClient.WinUI/Strings/Resources,WINSyslogClient.WinUI Resources,LicenseStatus_NoBlock,Litsentsiplokki ei ole laaditud.,Adiscon User Interface .resw source; locale=et-EE; revision=edd9fe10d4a120194e4a0a1e60a5d04d661b79ab
WINSyslogClient.WinUI/Strings/Resources,WINSyslogClient.WinUI Resources,LicenseStatus_NoLicense,Litsentsi pole konfigureeritud.,Adiscon User Interface .resw source; locale=et-EE; revision=edd9fe10d4a120194e4a0a1e60a5d04d661b79ab
WINSyslogClient.WinUI/Strings/Resources,WINSyslogClient.WinUI Resources,LicenseStatus_ReleaseTrial,Väljalaske prooviversioon.,Adiscon User Interface .resw source; locale=et-EE; revision=edd9fe10d4a120194e4a0a1e60a5d04d661b79ab
WINSyslogClient.WinUI/Strings/Resources,WINSyslogClient.WinUI Resources,LicenseStatus_ReleaseTrialExpired,Väljalaske prooviversioon on aegunud.,Adiscon User Interface .resw source; locale=et-EE; revision=edd9fe10d4a120194e4a0a1e60a5d04d661b79ab
WINSyslogClient.WinUI/Strings/Resources,WINSyslogClient.WinUI Resources,LicenseStatus_ReleaseTrialWithDays,"Väljalaske prooviversioon, päevi jäänud: %DAYSLEFT%.",Adiscon User Interface .resw source; locale=et-EE; revision=edd9fe10d4a120194e4a0a1e60a5d04d661b79ab
WINSyslogClient.WinUI/Strings/Resources,WINSyslogClient.WinUI Resources,LicenseStatus_TrialVersion,Prooviversioon.,Adiscon User Interface .resw source; locale=et-EE; revision=edd9fe10d4a120194e4a0a1e60a5d04d661b79ab
WINSyslogClient.WinUI/Strings/Resources,WINSyslogClient.WinUI Resources,LicenseStatus_TrialVersionWithDays,"Prooviversioon, päevi jäänud: %DAYSLEFT%.",Adiscon User Interface .resw source; locale=et-EE; revision=edd9fe10d4a120194e4a0a1e60a5d04d661b79ab
WINSyslogClient.WinUI/Strings/Resources,WINSyslogClient.WinUI Resources,LicenseValidation_ChooseFile,Valige litsentsifail (.alic).,Adiscon User Interface .resw source; locale=et-EE; revision=edd9fe10d4a120194e4a0a1e60a5d04d661b79ab
WINSyslogClient.WinUI/Strings/Resources,WINSyslogClient.WinUI Resources,LicenseValidation_ClientLimit,Kliendipiirang: %VALUE%.,Adiscon User Interface .resw source; locale=et-EE; revision=edd9fe10d4a120194e4a0a1e60a5d04d661b79ab
WINSyslogClient.WinUI/Strings/Resources,WINSyslogClient.WinUI Resources,LicenseValidation_Edition,Väljaanne: %VALUE%.,Adiscon User Interface .resw source; locale=et-EE; revision=edd9fe10d4a120194e4a0a1e60a5d04d661b79ab
WINSyslogClient.WinUI/Strings/Resources,WINSyslogClient.WinUI Resources,LicenseValidation_Expires,Aegub: %VALUE%.,Adiscon User Interface .resw source; locale=et-EE; revision=edd9fe10d4a120194e4a0a1e60a5d04d661b79ab
WINSyslogClient.WinUI/Strings/Resources,WINSyslogClient.WinUI Resources,LicenseValidation_FileMissing,Valitud litsentsifaili ei ole olemas: %PATH%.,Adiscon User Interface .resw source; locale=et-EE; revision=edd9fe10d4a120194e4a0a1e60a5d04d661b79ab
WINSyslogClient.WinUI/Strings/Resources,WINSyslogClient.WinUI Resources,LicenseValidation_Licensee,Litsentsisaaja: %VALUE%.,Adiscon User Interface .resw source; locale=et-EE; revision=edd9fe10d4a120194e4a0a1e60a5d04d661b79ab
WINSyslogClient.WinUI/Strings/Resources,WINSyslogClient.WinUI Resources,LicenseValidation_Product,Toode: %VALUE%.,Adiscon User Interface .resw source; locale=et-EE; revision=edd9fe10d4a120194e4a0a1e60a5d04d661b79ab
WINSyslogClient.WinUI/Strings/Resources,WINSyslogClient.WinUI Resources,LicenseValidation_ProductNotApplicable,Litsentsifail ei kehti selle %PRODUCT% installi jaoks.,Adiscon User Interface .resw source; locale=et-EE; revision=edd9fe10d4a120194e4a0a1e60a5d04d661b79ab
WINSyslogClient.WinUI/Strings/Resources,WINSyslogClient.WinUI Resources,LicenseValidation_ServiceVersionMismatch,"Litsentsifail on versioonile %LICENSEVERSION%, kuid installitud teenus teatab versioonist %SERVICEVERSION%.",Adiscon User Interface .resw source; locale=et-EE; revision=edd9fe10d4a120194e4a0a1e60a5d04d661b79ab
WINSyslogClient.WinUI/Strings/Resources,WINSyslogClient.WinUI Resources,LicenseValidation_UnsupportedEdition,Litsentsifail sisaldab toetamata väljaannet.,Adiscon User Interface .resw source; locale=et-EE; revision=edd9fe10d4a120194e4a0a1e60a5d04d661b79ab
WINSyslogClient.WinUI/Strings/Resources,WINSyslogClient.WinUI Resources,LicenseValidation_Verified,Litsentsifaili allkirjad on kinnitatud.,Adiscon User Interface .resw source; locale=et-EE; revision=edd9fe10d4a120194e4a0a1e60a5d04d661b79ab
WINSyslogClient.WinUI/Strings/Resources,WINSyslogClient.WinUI Resources,LicenseValidation_VerifierMissing,OpenSSL 3.5.6+ valideerijat ei leitud.,Adiscon User Interface .resw source; locale=et-EE; revision=edd9fe10d4a120194e4a0a1e60a5d04d661b79ab
WINSyslogClient.WinUI/Strings/Resources,WINSyslogClient.WinUI Resources,ProductSection_AdvancedNote,"Kasutage seda jaotist eksperdivoogude ja tootespetsiifiliste sätete jaoks, mis ei kuulu põhikonfiguratsiooni töövoogu.",Adiscon User Interface .resw source; locale=et-EE; revision=edd9fe10d4a120194e4a0a1e60a5d04d661b79ab
WINSyslogClient.WinUI/Strings/Resources,WINSyslogClient.WinUI Resources,ProductSection_AdvancedStatus,Täpsem on saadaval tootespetsiifiliste eksperdisätete jaoks.,Adiscon User Interface .resw source; locale=et-EE; revision=edd9fe10d4a120194e4a0a1e60a5d04d661b79ab
WINSyslogClient.WinUI/Strings/Resources,WINSyslogClient.WinUI Resources,ProductSection_AdvancedTitle,Täpsem,Adiscon User Interface .resw source; locale=et-EE; revision=edd9fe10d4a120194e4a0a1e60a5d04d661b79ab
WINSyslogClient.WinUI/Strings/Resources,WINSyslogClient.WinUI Resources,ProductSection_AdvancedWinSyslogNote,WinSyslog keeps Post Process Apps in the Configuration Console for Japanese builds.,Adiscon User Interface .resw source; locale=et-EE; revision=edd9fe10d4a120194e4a0a1e60a5d04d661b79ab
WINSyslogClient.WinUI/Strings/Resources,WINSyslogClient.WinUI Resources,ProductSection_CountsFormat,Üldplokid: {0} | Teenused: {1} | Reegligruppid: {2},Adiscon User Interface .resw source; locale=et-EE; revision=edd9fe10d4a120194e4a0a1e60a5d04d661b79ab
WINSyslogClient.WinUI/Strings/Resources,WINSyslogClient.WinUI Resources,ProductSection_LinksNote,"Kasuta selle kliendi toote-, dokumentatsiooni-, toe- ja diagnostikalinke.",Adiscon User Interface .resw source; locale=et-EE; revision=edd9fe10d4a120194e4a0a1e60a5d04d661b79ab
WINSyslogClient.WinUI/Strings/Resources,WINSyslogClient.WinUI Resources,ProductSection_LinksTitle,Lingid ja järeltegevus,Adiscon User Interface .resw source; locale=et-EE; revision=edd9fe10d4a120194e4a0a1e60a5d04d661b79ab
WINSyslogClient.WinUI/Strings/Resources,WINSyslogClient.WinUI Resources,ProductSection_LiveConfigurationContextTitle,Reaalajas konfiguratsiooni kontekst,Adiscon User Interface .resw source; locale=et-EE; revision=edd9fe10d4a120194e4a0a1e60a5d04d661b79ab
WINSyslogClient.WinUI/Strings/Resources,WINSyslogClient.WinUI Resources,ProductSection_ServiceStateFormat,Teenus: {0} | Olek: {1},Adiscon User Interface .resw source; locale=et-EE; revision=edd9fe10d4a120194e4a0a1e60a5d04d661b79ab
WINSyslogClient.WinUI/Strings/Resources,WINSyslogClient.WinUI Resources,ProductSection_SourceFormat,Allikas: {0},Adiscon User Interface .resw source; locale=et-EE; revision=edd9fe10d4a120194e4a0a1e60a5d04d661b79ab
WINSyslogClient.WinUI/Strings/Resources,WINSyslogClient.WinUI Resources,ProductSection_ToolsNote,"Diagnostika põhineb aktiivsel konfiguratsioonitõmmisel, et tugi alustaks sama lugeja ja teenuse olekuga, mida näidatakse mujal shellis.",Adiscon User Interface .resw source; locale=et-EE; revision=edd9fe10d4a120194e4a0a1e60a5d04d661b79ab
WINSyslogClient.WinUI/Strings/Resources,WINSyslogClient.WinUI Resources,ProductSection_ToolsStatus,Tööriistad kuvavad tootespetsiifilise dokumentatsiooni ja reaalajas konfiguratsiooni konteksti.,Adiscon User Interface .resw source; locale=et-EE; revision=edd9fe10d4a120194e4a0a1e60a5d04d661b79ab
WINSyslogClient.WinUI/Strings/Resources,WINSyslogClient.WinUI Resources,ProductSection_ToolsTitle,Tööriistad,Adiscon User Interface .resw source; locale=et-EE; revision=edd9fe10d4a120194e4a0a1e60a5d04d661b79ab
WINSyslogClient.WinUI/Strings/Resources,WINSyslogClient.WinUI Resources,ServiceRuntime_ButtonKillProcess,Kill service process,Adiscon User Interface .resw source; locale=et-EE; revision=edd9fe10d4a120194e4a0a1e60a5d04d661b79ab
WINSyslogClient.WinUI/Strings/Resources,WINSyslogClient.WinUI Resources,ServiceRuntime_ButtonOpenServices,Open Windows Services,Adiscon User Interface .resw source; locale=et-EE; revision=edd9fe10d4a120194e4a0a1e60a5d04d661b79ab
WINSyslogClient.WinUI/Strings/Resources,WINSyslogClient.WinUI Resources,ServiceRuntime_ButtonRefresh,Refresh,Adiscon User Interface .resw source; locale=et-EE; revision=edd9fe10d4a120194e4a0a1e60a5d04d661b79ab
WINSyslogClient.WinUI/Strings/Resources,WINSyslogClient.WinUI Resources,ServiceRuntime_ButtonRestart,Restart,Adiscon User Interface .resw source; locale=et-EE; revision=edd9fe10d4a120194e4a0a1e60a5d04d661b79ab
WINSyslogClient.WinUI/Strings/Resources,WINSyslogClient.WinUI Resources,ServiceRuntime_ButtonStart,Start,Adiscon User Interface .resw source; locale=et-EE; revision=edd9fe10d4a120194e4a0a1e60a5d04d661b79ab
WINSyslogClient.WinUI/Strings/Resources,WINSyslogClient.WinUI Resources,ServiceRuntime_ButtonStop,Stop,Adiscon User Interface .resw source; locale=et-EE; revision=edd9fe10d4a120194e4a0a1e60a5d04d661b79ab
WINSyslogClient.WinUI/Strings/Resources,WINSyslogClient.WinUI Resources,ServiceRuntime_DisabledAccessDenied,Administrator rights are needed to query or control the background service.,Adiscon User Interface .resw source; locale=et-EE; revision=edd9fe10d4a120194e4a0a1e60a5d04d661b79ab
WINSyslogClient.WinUI/Strings/Resources,WINSyslogClient.WinUI Resources,ServiceRuntime_DisabledControlUnavailable,"Windows cannot send service control commands right now. Wait, check Windows Services, or kill the service process if it is still running.",Adiscon User Interface .resw source; locale=et-EE; revision=edd9fe10d4a120194e4a0a1e60a5d04d661b79ab
WINSyslogClient.WinUI/Strings/Resources,WINSyslogClient.WinUI Resources,ServiceRuntime_DisabledNotInstalled,The Windows service is not installed.,Adiscon User Interface .resw source; locale=et-EE; revision=edd9fe10d4a120194e4a0a1e60a5d04d661b79ab
WINSyslogClient.WinUI/Strings/Resources,WINSyslogClient.WinUI Resources,ServiceRuntime_DisabledNotLoaded,Service state has not been loaded yet.,Adiscon User Interface .resw source; locale=et-EE; revision=edd9fe10d4a120194e4a0a1e60a5d04d661b79ab
WINSyslogClient.WinUI/Strings/Resources,WINSyslogClient.WinUI Resources,ServiceRuntime_DisabledPaused,Service is paused while reloading configuration. Stop and Restart are disabled until reload completes.,Adiscon User Interface .resw source; locale=et-EE; revision=edd9fe10d4a120194e4a0a1e60a5d04d661b79ab
WINSyslogClient.WinUI/Strings/Resources,WINSyslogClient.WinUI Resources,ServiceRuntime_DisabledPausing,Service is pausing. Wait for Windows to finish the transition.,Adiscon User Interface .resw source; locale=et-EE; revision=edd9fe10d4a120194e4a0a1e60a5d04d661b79ab
WINSyslogClient.WinUI/Strings/Resources,WINSyslogClient.WinUI Resources,ServiceRuntime_DisabledProcessMismatch,The service process is running without clean Windows service control. Use Kill service process or check Windows Services.,Adiscon User Interface .resw source; locale=et-EE; revision=edd9fe10d4a120194e4a0a1e60a5d04d661b79ab
WINSyslogClient.WinUI/Strings/Resources,WINSyslogClient.WinUI Resources,ServiceRuntime_DisabledResuming,Service is resuming. Wait for Windows to finish the transition.,Adiscon User Interface .resw source; locale=et-EE; revision=edd9fe10d4a120194e4a0a1e60a5d04d661b79ab
WINSyslogClient.WinUI/Strings/Resources,WINSyslogClient.WinUI Resources,ServiceRuntime_DisabledStarting,Service is starting. Wait for Windows to finish the transition.,Adiscon User Interface .resw source; locale=et-EE; revision=edd9fe10d4a120194e4a0a1e60a5d04d661b79ab
WINSyslogClient.WinUI/Strings/Resources,WINSyslogClient.WinUI Resources,ServiceRuntime_DisabledStopping,Service is stopping. Wait for Windows to finish the transition.,Adiscon User Interface .resw source; locale=et-EE; revision=edd9fe10d4a120194e4a0a1e60a5d04d661b79ab
WINSyslogClient.WinUI/Strings/Resources,WINSyslogClient.WinUI Resources,ServiceRuntime_DisabledUnavailable,Windows service state is unavailable. Check Windows Services.,Adiscon User Interface .resw source; locale=et-EE; revision=edd9fe10d4a120194e4a0a1e60a5d04d661b79ab
WINSyslogClient.WinUI/Strings/Resources,WINSyslogClient.WinUI Resources,ServiceRuntime_DisabledUnknown,Service state is unknown. Refresh runtime state or check Windows Services.,Adiscon User Interface .resw source; locale=et-EE; revision=edd9fe10d4a120194e4a0a1e60a5d04d661b79ab
WINSyslogClient.WinUI/Strings/Resources,WINSyslogClient.WinUI Resources,ServiceRuntime_RecoveryAccessDenied,Restart as administrator to control the background service.,Adiscon User Interface .resw source; locale=et-EE; revision=edd9fe10d4a120194e4a0a1e60a5d04d661b79ab
WINSyslogClient.WinUI/Strings/Resources,WINSyslogClient.WinUI Resources,ServiceRuntime_RecoveryPending,"If this state remains for a long time, open Windows Services to compare the SCM state.",Adiscon User Interface .resw source; locale=et-EE; revision=edd9fe10d4a120194e4a0a1e60a5d04d661b79ab
WINSyslogClient.WinUI/Strings/Resources,WINSyslogClient.WinUI Resources,ServiceRuntime_RecoveryProcessRunning,A matching service process is still running. Kill service process is available as a recovery action after confirmation.,Adiscon User Interface .resw source; locale=et-EE; revision=edd9fe10d4a120194e4a0a1e60a5d04d661b79ab
WINSyslogClient.WinUI/Strings/Resources,WINSyslogClient.WinUI Resources,ServiceRuntime_StateAccessDenied,Cannot query service (access denied),Adiscon User Interface .resw source; locale=et-EE; revision=edd9fe10d4a120194e4a0a1e60a5d04d661b79ab
WINSyslogClient.WinUI/Strings/Resources,WINSyslogClient.WinUI Resources,ServiceRuntime_StateControlUnavailable,Control unavailable,Adiscon User Interface .resw source; locale=et-EE; revision=edd9fe10d4a120194e4a0a1e60a5d04d661b79ab
WINSyslogClient.WinUI/Strings/Resources,WINSyslogClient.WinUI Resources,ServiceRuntime_StateNotInstalled,Not installed,Adiscon User Interface .resw source; locale=et-EE; revision=edd9fe10d4a120194e4a0a1e60a5d04d661b79ab
WINSyslogClient.WinUI/Strings/Resources,WINSyslogClient.WinUI Resources,ServiceRuntime_StatePaused,Paused (Reloading),Adiscon User Interface .resw source; locale=et-EE; revision=edd9fe10d4a120194e4a0a1e60a5d04d661b79ab
WINSyslogClient.WinUI/Strings/Resources,WINSyslogClient.WinUI Resources,ServiceRuntime_StatePausing,Pausing,Adiscon User Interface .resw source; locale=et-EE; revision=edd9fe10d4a120194e4a0a1e60a5d04d661b79ab
WINSyslogClient.WinUI/Strings/Resources,WINSyslogClient.WinUI Resources,ServiceRuntime_StateProcessMismatch,Process running without service,Adiscon User Interface .resw source; locale=et-EE; revision=edd9fe10d4a120194e4a0a1e60a5d04d661b79ab
WINSyslogClient.WinUI/Strings/Resources,WINSyslogClient.WinUI Resources,ServiceRuntime_StateResuming,Resuming,Adiscon User Interface .resw source; locale=et-EE; revision=edd9fe10d4a120194e4a0a1e60a5d04d661b79ab
WINSyslogClient.WinUI/Strings/Resources,WINSyslogClient.WinUI Resources,ServiceRuntime_StateRunning,Running,Adiscon User Interface .resw source; locale=et-EE; revision=edd9fe10d4a120194e4a0a1e60a5d04d661b79ab
WINSyslogClient.WinUI/Strings/Resources,WINSyslogClient.WinUI Resources,ServiceRuntime_StateStarting,Starting,Adiscon User Interface .resw source; locale=et-EE; revision=edd9fe10d4a120194e4a0a1e60a5d04d661b79ab
WINSyslogClient.WinUI/Strings/Resources,WINSyslogClient.WinUI Resources,ServiceRuntime_StateStopped,Stopped,Adiscon User Interface .resw source; locale=et-EE; revision=edd9fe10d4a120194e4a0a1e60a5d04d661b79ab
WINSyslogClient.WinUI/Strings/Resources,WINSyslogClient.WinUI Resources,ServiceRuntime_StateStopping,Stopping,Adiscon User Interface .resw source; locale=et-EE; revision=edd9fe10d4a120194e4a0a1e60a5d04d661b79ab
WINSyslogClient.WinUI/Strings/Resources,WINSyslogClient.WinUI Resources,ServiceRuntime_StateUnavailable,Unavailable,Adiscon User Interface .resw source; locale=et-EE; revision=edd9fe10d4a120194e4a0a1e60a5d04d661b79ab
WINSyslogClient.WinUI/Strings/Resources,WINSyslogClient.WinUI Resources,ServiceRuntime_StateUnknown,Unknown,Adiscon User Interface .resw source; locale=et-EE; revision=edd9fe10d4a120194e4a0a1e60a5d04d661b79ab
WINSyslogClient.WinUI/Strings/Resources,WINSyslogClient.WinUI Resources,ServiceRuntime_Summary,Start and restart save pending configuration changes before running the service. Stop refreshes the shared runtime state without forcing a save first.,Adiscon User Interface .resw source; locale=et-EE; revision=edd9fe10d4a120194e4a0a1e60a5d04d661b79ab
WINSyslogClient.WinUI/Strings/Resources,WINSyslogClient.WinUI Resources,ServiceRuntime_Title,Windows service,Adiscon User Interface .resw source; locale=et-EE; revision=edd9fe10d4a120194e4a0a1e60a5d04d661b79ab
WINSyslogClient.WinUI/Strings/Resources,WINSyslogClient.WinUI Resources,Shell_Nav_advanced_Description,Ava tootespetsiifilised eksperdisätted.,Adiscon User Interface .resw source; locale=et-EE; revision=edd9fe10d4a120194e4a0a1e60a5d04d661b79ab
WINSyslogClient.WinUI/Strings/Resources,WINSyslogClient.WinUI Resources,Shell_Nav_advanced_Label,Täpsem,Adiscon User Interface .resw source; locale=et-EE; revision=edd9fe10d4a120194e4a0a1e60a5d04d661b79ab
WINSyslogClient.WinUI/Strings/Resources,WINSyslogClient.WinUI Resources,Shell_Nav_configuration_ChildSectionHeader,Konfiguratsioonialad,Adiscon User Interface .resw source; locale=et-EE; revision=edd9fe10d4a120194e4a0a1e60a5d04d661b79ab
WINSyslogClient.WinUI/Strings/Resources,WINSyslogClient.WinUI Resources,Shell_Nav_configuration_Description,Kasuta konfiguratsioonipuud peamise navigeerijana ja muuda valitud üksust töölaual.,Adiscon User Interface .resw source; locale=et-EE; revision=edd9fe10d4a120194e4a0a1e60a5d04d661b79ab
WINSyslogClient.WinUI/Strings/Resources,WINSyslogClient.WinUI Resources,Shell_Nav_configuration_Label,Konfiguratsiooni töölaud,Adiscon User Interface .resw source; locale=et-EE; revision=edd9fe10d4a120194e4a0a1e60a5d04d661b79ab
WINSyslogClient.WinUI/Strings/Resources,WINSyslogClient.WinUI Resources,Shell_Nav_help_ChildSectionHeader,Kliendi suvandid,Adiscon User Interface .resw source; locale=et-EE; revision=edd9fe10d4a120194e4a0a1e60a5d04d661b79ab
WINSyslogClient.WinUI/Strings/Resources,WINSyslogClient.WinUI Resources,Shell_Nav_help_Description,"Ava versiooniteave, tootelinkid ja toeviited.",Adiscon User Interface .resw source; locale=et-EE; revision=edd9fe10d4a120194e4a0a1e60a5d04d661b79ab
WINSyslogClient.WinUI/Strings/Resources,WINSyslogClient.WinUI Resources,Shell_Nav_help_Label,Abi / Teave,Adiscon User Interface .resw source; locale=et-EE; revision=edd9fe10d4a120194e4a0a1e60a5d04d661b79ab
WINSyslogClient.WinUI/Strings/Resources,WINSyslogClient.WinUI Resources,Shell_Nav_help_language_Description,Vali kliendi kuvakeel ja pakitud ressursside alistus.,Adiscon User Interface .resw source; locale=et-EE; revision=edd9fe10d4a120194e4a0a1e60a5d04d661b79ab
WINSyslogClient.WinUI/Strings/Resources,WINSyslogClient.WinUI Resources,Shell_Nav_help_language_Label,Keel,Adiscon User Interface .resw source; locale=et-EE; revision=edd9fe10d4a120194e4a0a1e60a5d04d661b79ab
WINSyslogClient.WinUI/Strings/Resources,WINSyslogClient.WinUI Resources,Shell_Nav_home_Description,Ava toote töölaud ja praegune käituse kokkuvõte.,Adiscon User Interface .resw source; locale=et-EE; revision=edd9fe10d4a120194e4a0a1e60a5d04d661b79ab
WINSyslogClient.WinUI/Strings/Resources,WINSyslogClient.WinUI Resources,Shell_Nav_home_Label,Töölaud,Adiscon User Interface .resw source; locale=et-EE; revision=edd9fe10d4a120194e4a0a1e60a5d04d661b79ab
WINSyslogClient.WinUI/Strings/Resources,WINSyslogClient.WinUI Resources,Shell_Nav_home_TopLevelSectionHeader,Peamised tööalad,Adiscon User Interface .resw source; locale=et-EE; revision=edd9fe10d4a120194e4a0a1e60a5d04d661b79ab
WINSyslogClient.WinUI/Strings/Resources,WINSyslogClient.WinUI Resources,Shell_Nav_post_process_apps_Description,Open WinSyslog post processing application settings in the Configuration Console.,Adiscon User Interface .resw source; locale=et-EE; revision=edd9fe10d4a120194e4a0a1e60a5d04d661b79ab
WINSyslogClient.WinUI/Strings/Resources,WINSyslogClient.WinUI Resources,Shell_Nav_post_process_apps_Label,Post Process Apps,Adiscon User Interface .resw source; locale=et-EE; revision=edd9fe10d4a120194e4a0a1e60a5d04d661b79ab
WINSyslogClient.WinUI/Strings/Resources,WINSyslogClient.WinUI Resources,Shell_Nav_tools_ChildSectionHeader,Diagnostika- ja kaugtööriistad,Adiscon User Interface .resw source; locale=et-EE; revision=edd9fe10d4a120194e4a0a1e60a5d04d661b79ab
WINSyslogClient.WinUI/Strings/Resources,WINSyslogClient.WinUI Resources,Shell_Nav_tools_Description,Ava kaugregistri ja avastamise tööriistad.,Adiscon User Interface .resw source; locale=et-EE; revision=edd9fe10d4a120194e4a0a1e60a5d04d661b79ab
WINSyslogClient.WinUI/Strings/Resources,WINSyslogClient.WinUI Resources,Shell_Nav_tools_Label,Tööriistad,Adiscon User Interface .resw source; locale=et-EE; revision=edd9fe10d4a120194e4a0a1e60a5d04d661b79ab
WINSyslogClient.WinUI/Strings/Resources,WINSyslogClient.WinUI Resources,Shell_Nav_tools_TopLevelSectionHeader,Utiliidid,Adiscon User Interface .resw source; locale=et-EE; revision=edd9fe10d4a120194e4a0a1e60a5d04d661b79ab
WINSyslogClient.WinUI/Strings/Resources,WINSyslogClient.WinUI Resources,Shell_Nav_tools_connect_Label,Ühenda kaugregistriga,Adiscon User Interface .resw source; locale=et-EE; revision=edd9fe10d4a120194e4a0a1e60a5d04d661b79ab
WINSyslogClient.WinUI/Strings/Resources,WINSyslogClient.WinUI Resources,Shell_Nav_tools_debug_log_viewer_Description,Laadi ja analüüsi aktiivset silumislogi faili.,Adiscon User Interface .resw source; locale=et-EE; revision=edd9fe10d4a120194e4a0a1e60a5d04d661b79ab
WINSyslogClient.WinUI/Strings/Resources,WINSyslogClient.WinUI Resources,Shell_Nav_tools_debug_log_viewer_Label,Silumislogi,Adiscon User Interface .resw source; locale=et-EE; revision=edd9fe10d4a120194e4a0a1e60a5d04d661b79ab
WINSyslogClient.WinUI/Strings/Resources,WINSyslogClient.WinUI Resources,Shell_Nav_tools_discovery_Label,Võrgu avastamine (WMI),Adiscon User Interface .resw source; locale=et-EE; revision=edd9fe10d4a120194e4a0a1e60a5d04d661b79ab
WINSyslogClient.WinUI/Strings/Resources,WINSyslogClient.WinUI Resources,Shell_Nav_tools_storage_source_Description,Ava töölaua salvestusallika utiliidipaneel.,Adiscon User Interface .resw source; locale=et-EE; revision=edd9fe10d4a120194e4a0a1e60a5d04d661b79ab
WINSyslogClient.WinUI/Strings/Resources,WINSyslogClient.WinUI Resources,Shell_Nav_tools_storage_source_Label,Salvestusallikas,Adiscon User Interface .resw source; locale=et-EE; revision=edd9fe10d4a120194e4a0a1e60a5d04d661b79ab
WINSyslogClient.WinUI/Strings/Resources,WINSyslogClient.WinUI Resources,Shell_Nav_tools_syslog_test_message_Description,Saada Syslogi testteade kuulaja ja võrguteede kontrollimiseks.,Adiscon User Interface .resw source; locale=et-EE; revision=edd9fe10d4a120194e4a0a1e60a5d04d661b79ab
WINSyslogClient.WinUI/Strings/Resources,WINSyslogClient.WinUI Resources,Shell_Nav_tools_syslog_test_message_Label,Syslogi testteade,Adiscon User Interface .resw source; locale=et-EE; revision=edd9fe10d4a120194e4a0a1e60a5d04d661b79ab
WINSyslogClient.WinUI/Strings/Resources,WINSyslogClient.WinUI Resources,Shell_Nav_tools_windows_service_Description,Ava töölaua Windowsi teenuse utiliidipaneel.,Adiscon User Interface .resw source; locale=et-EE; revision=edd9fe10d4a120194e4a0a1e60a5d04d661b79ab
WINSyslogClient.WinUI/Strings/Resources,WINSyslogClient.WinUI Resources,Shell_Nav_tools_windows_service_Label,Windowsi teenus,Adiscon User Interface .resw source; locale=et-EE; revision=edd9fe10d4a120194e4a0a1e60a5d04d661b79ab
WINSyslogClient.WinUI/Strings/Resources,WINSyslogClient.WinUI Resources,Shell_NoUrlConfigured,Selle toimingu jaoks pole URL-i konfigureeritud.,Adiscon User Interface .resw source; locale=et-EE; revision=edd9fe10d4a120194e4a0a1e60a5d04d661b79ab
WINSyslogClient.WinUI/Strings/Resources,WINSyslogClient.WinUI Resources,Shell_PaneFooter,"See riba vahetab rakenduse alasid, mitte konfiguratsioonidokumendi üksusi.",Adiscon User Interface .resw source; locale=et-EE; revision=edd9fe10d4a120194e4a0a1e60a5d04d661b79ab
WINSyslogClient.WinUI/Strings/Resources,WINSyslogClient.WinUI Resources,Shell_PaneIntroFormat,Valige siin {0} tööala. Dokumendipuu kuvatakse ainult konfiguratsioonis ja kajastab laaditud konfiguratsioonifaili.,Adiscon User Interface .resw source; locale=et-EE; revision=edd9fe10d4a120194e4a0a1e60a5d04d661b79ab
WINSyslogClient.WinUI/Strings/Resources,WINSyslogClient.WinUI Resources,Shell_PaneIntroTitle,Rakenduse navigeerimine,Adiscon User Interface .resw source; locale=et-EE; revision=edd9fe10d4a120194e4a0a1e60a5d04d661b79ab
WINSyslogClient.WinUI/Strings/Resources,WINSyslogClient.WinUI Resources,Shell_StartupErrorTitle,Käivitustõrge,Adiscon User Interface .resw source; locale=et-EE; revision=edd9fe10d4a120194e4a0a1e60a5d04d661b79ab
WINSyslogClient.WinUI/Strings/Resources,WINSyslogClient.WinUI Resources,Shell_UrlOpenFailed,Windows ei avanud taotletud URL-i.,Adiscon User Interface .resw source; locale=et-EE; revision=edd9fe10d4a120194e4a0a1e60a5d04d661b79ab
WINSyslogClient.WinUI/Strings/Resources,WINSyslogClient.WinUI Resources,Workbench_CatalogCategory_Database_monitoring,Andmebaasi jälgimine,Adiscon User Interface .resw source; locale=et-EE; revision=edd9fe10d4a120194e4a0a1e60a5d04d661b79ab
WINSyslogClient.WinUI/Strings/Resources,WINSyslogClient.WinUI Resources,Workbench_CatalogCategory_Database_output,Andmebaasiväljund,Adiscon User Interface .resw source; locale=et-EE; revision=edd9fe10d4a120194e4a0a1e60a5d04d661b79ab
WINSyslogClient.WinUI/Strings/Resources,WINSyslogClient.WinUI Resources,Workbench_CatalogCategory_Device_monitoring,Seadmete jälgimine,Adiscon User Interface .resw source; locale=et-EE; revision=edd9fe10d4a120194e4a0a1e60a5d04d661b79ab
WINSyslogClient.WinUI/Strings/Resources,WINSyslogClient.WinUI Resources,Workbench_CatalogCategory_Device_output,Seadmeväljund,Adiscon User Interface .resw source; locale=et-EE; revision=edd9fe10d4a120194e4a0a1e60a5d04d661b79ab
WINSyslogClient.WinUI/Strings/Resources,WINSyslogClient.WinUI Resources,Workbench_CatalogCategory_Event_collection,Sündmuste kogumine,Adiscon User Interface .resw source; locale=et-EE; revision=edd9fe10d4a120194e4a0a1e60a5d04d661b79ab
WINSyslogClient.WinUI/Strings/Resources,WINSyslogClient.WinUI Resources,Workbench_CatalogCategory_Event_enrichment,Sündmuste rikastamine,Adiscon User Interface .resw source; locale=et-EE; revision=edd9fe10d4a120194e4a0a1e60a5d04d661b79ab
WINSyslogClient.WinUI/Strings/Resources,WINSyslogClient.WinUI Resources,Workbench_CatalogCategory_File_monitoring,Failide jälgimine,Adiscon User Interface .resw source; locale=et-EE; revision=edd9fe10d4a120194e4a0a1e60a5d04d661b79ab
WINSyslogClient.WinUI/Strings/Resources,WINSyslogClient.WinUI Resources,Workbench_CatalogCategory_Local_output,Kohalik väljund,Adiscon User Interface .resw source; locale=et-EE; revision=edd9fe10d4a120194e4a0a1e60a5d04d661b79ab
WINSyslogClient.WinUI/Strings/Resources,WINSyslogClient.WinUI Resources,Workbench_CatalogCategory_Message_listeners,Sõnumikuulajad,Adiscon User Interface .resw source; locale=et-EE; revision=edd9fe10d4a120194e4a0a1e60a5d04d661b79ab
WINSyslogClient.WinUI/Strings/Resources,WINSyslogClient.WinUI Resources,Workbench_CatalogCategory_Network_output,Võrguväljund,Adiscon User Interface .resw source; locale=et-EE; revision=edd9fe10d4a120194e4a0a1e60a5d04d661b79ab
WINSyslogClient.WinUI/Strings/Resources,WINSyslogClient.WinUI Resources,Workbench_CatalogCategory_Network_probes,Võrgukontrollid,Adiscon User Interface .resw source; locale=et-EE; revision=edd9fe10d4a120194e4a0a1e60a5d04d661b79ab
WINSyslogClient.WinUI/Strings/Resources,WINSyslogClient.WinUI Resources,Workbench_CatalogCategory_Other,Muu,Adiscon User Interface .resw source; locale=et-EE; revision=edd9fe10d4a120194e4a0a1e60a5d04d661b79ab
WINSyslogClient.WinUI/Strings/Resources,WINSyslogClient.WinUI Resources,Workbench_CatalogCategory_Rule_flow,Reeglivoo juhtimine,Adiscon User Interface .resw source; locale=et-EE; revision=edd9fe10d4a120194e4a0a1e60a5d04d661b79ab
WINSyslogClient.WinUI/Strings/Resources,WINSyslogClient.WinUI Resources,Workbench_CatalogCategory_System_monitoring,Süsteemi jälgimine,Adiscon User Interface .resw source; locale=et-EE; revision=edd9fe10d4a120194e4a0a1e60a5d04d661b79ab
WINSyslogClient.WinUI/Strings/Resources,WINSyslogClient.WinUI Resources,Workbench_CatalogCategory_System_operations,Süsteemitoimingud,Adiscon User Interface .resw source; locale=et-EE; revision=edd9fe10d4a120194e4a0a1e60a5d04d661b79ab
WINSyslogClient.WinUI/Strings/Resources,WINSyslogClient.WinUI Resources,Workbench_CatalogPurposeFormat,Seadista {0}.,Adiscon User Interface .resw source; locale=et-EE; revision=edd9fe10d4a120194e4a0a1e60a5d04d661b79ab
WINSyslogClient.WinUI/Strings/Resources,WINSyslogClient.WinUI Resources,Workbench_DisplayLabel_CustomerID,Kliendi ID,Adiscon User Interface .resw source; locale=et-EE; revision=edd9fe10d4a120194e4a0a1e60a5d04d661b79ab
WINSyslogClient.WinUI/Strings/Resources,WINSyslogClient.WinUI Resources,Workbench_DisplayLabel_Database_OLEDB,OLE DB andmebaas,Adiscon User Interface .resw source; locale=et-EE; revision=edd9fe10d4a120194e4a0a1e60a5d04d661b79ab
WINSyslogClient.WinUI/Strings/Resources,WINSyslogClient.WinUI Resources,Workbench_DisplayLabel_FileAndSystem,Faili- ja süsteemimonitorid,Adiscon User Interface .resw source; locale=et-EE; revision=edd9fe10d4a120194e4a0a1e60a5d04d661b79ab
WINSyslogClient.WinUI/Strings/Resources,WINSyslogClient.WinUI Resources,Workbench_DisplayLabel_QueueManager,Järjekorrahaldur,Adiscon User Interface .resw source; locale=et-EE; revision=edd9fe10d4a120194e4a0a1e60a5d04d661b79ab
WINSyslogClient.WinUI/Strings/Resources,WINSyslogClient.WinUI Resources,Workbench_DisplayLabel_Queuelimit,Järjekorra piirang,Adiscon User Interface .resw source; locale=et-EE; revision=edd9fe10d4a120194e4a0a1e60a5d04d661b79ab
WINSyslogClient.WinUI/Strings/Resources,WINSyslogClient.WinUI Resources,Workbench_DisplayLabel_SNMP_Mibs,SNMP MIB-id,Adiscon User Interface .resw source; locale=et-EE; revision=edd9fe10d4a120194e4a0a1e60a5d04d661b79ab
WINSyslogClient.WinUI/Strings/Resources,WINSyslogClient.WinUI Resources,Workbench_DisplayLabel_SystemID,Süsteemi ID,Adiscon User Interface .resw source; locale=et-EE; revision=edd9fe10d4a120194e4a0a1e60a5d04d661b79ab
WINSyslogClient.WinUI/Strings/Resources,WINSyslogClient.WinUI Resources,Workbench_DisplayLabel_TCPOptions,TCP suvandid,Adiscon User Interface .resw source; locale=et-EE; revision=edd9fe10d4a120194e4a0a1e60a5d04d661b79ab
WINSyslogClient.WinUI/Strings/Resources,WINSyslogClient.WinUI Resources,Workbench_DisplayLabel_TLSAdvanced_Options,Täpsemad TLS-i suvandid,Adiscon User Interface .resw source; locale=et-EE; revision=edd9fe10d4a120194e4a0a1e60a5d04d661b79ab
WINSyslogClient.WinUI/Strings/Resources,WINSyslogClient.WinUI Resources,Workbench_FilterGroup_Basic_Filters,Põhifiltrid,Adiscon User Interface .resw source; locale=et-EE; revision=edd9fe10d4a120194e4a0a1e60a5d04d661b79ab
WINSyslogClient.WinUI/Strings/Resources,WINSyslogClient.WinUI Resources,Workbench_FilterGroup_CPU_and_memory_monitor,CPU and memory monitor,Adiscon User Interface .resw source; locale=et-EE; revision=edd9fe10d4a120194e4a0a1e60a5d04d661b79ab
WINSyslogClient.WinUI/Strings/Resources,WINSyslogClient.WinUI Resources,Workbench_FilterGroup_Custom_Property,Kohandatud atribuut,Adiscon User Interface .resw source; locale=et-EE; revision=edd9fe10d4a120194e4a0a1e60a5d04d661b79ab
WINSyslogClient.WinUI/Strings/Resources,WINSyslogClient.WinUI Resources,Workbench_FilterGroup_Date_Time,Kuupäev/kellaaeg,Adiscon User Interface .resw source; locale=et-EE; revision=edd9fe10d4a120194e4a0a1e60a5d04d661b79ab
WINSyslogClient.WinUI/Strings/Resources,WINSyslogClient.WinUI Resources,Workbench_FilterGroup_Date_and_time,Date and time,Adiscon User Interface .resw source; locale=et-EE; revision=edd9fe10d4a120194e4a0a1e60a5d04d661b79ab
WINSyslogClient.WinUI/Strings/Resources,WINSyslogClient.WinUI Resources,Workbench_FilterGroup_Disk_Space_Monitor,Disk Space Monitor,Adiscon User Interface .resw source; locale=et-EE; revision=edd9fe10d4a120194e4a0a1e60a5d04d661b79ab
WINSyslogClient.WinUI/Strings/Resources,WINSyslogClient.WinUI Resources,Workbench_FilterGroup_Event_Log_Monitor,EventMonitorV1,Adiscon User Interface .resw source; locale=et-EE; revision=edd9fe10d4a120194e4a0a1e60a5d04d661b79ab
WINSyslogClient.WinUI/Strings/Resources,WINSyslogClient.WinUI Resources,Workbench_FilterGroup_Event_Log_Monitor_V2,EventMonitorV2,Adiscon User Interface .resw source; locale=et-EE; revision=edd9fe10d4a120194e4a0a1e60a5d04d661b79ab
WINSyslogClient.WinUI/Strings/Resources,WINSyslogClient.WinUI Resources,Workbench_FilterGroup_Extended_IP_Property,Laiendatud IP-omadus,Adiscon User Interface .resw source; locale=et-EE; revision=edd9fe10d4a120194e4a0a1e60a5d04d661b79ab
WINSyslogClient.WinUI/Strings/Resources,WINSyslogClient.WinUI Resources,Workbench_FilterGroup_Extended_Number_Property,Laiendatud numbriomadus,Adiscon User Interface .resw source; locale=et-EE; revision=edd9fe10d4a120194e4a0a1e60a5d04d661b79ab
WINSyslogClient.WinUI/Strings/Resources,WINSyslogClient.WinUI Resources,Workbench_FilterGroup_FTP_Probe,FTP sond,Adiscon User Interface .resw source; locale=et-EE; revision=edd9fe10d4a120194e4a0a1e60a5d04d661b79ab
WINSyslogClient.WinUI/Strings/Resources,WINSyslogClient.WinUI Resources,Workbench_FilterGroup_File_Exists,Fail on olemas,Adiscon User Interface .resw source; locale=et-EE; revision=edd9fe10d4a120194e4a0a1e60a5d04d661b79ab
WINSyslogClient.WinUI/Strings/Resources,WINSyslogClient.WinUI Resources,Workbench_FilterGroup_File_Monitor,FileMonitor,Adiscon User Interface .resw source; locale=et-EE; revision=edd9fe10d4a120194e4a0a1e60a5d04d661b79ab
WINSyslogClient.WinUI/Strings/Resources,WINSyslogClient.WinUI Resources,Workbench_FilterGroup_File_and_system_services,File and system services,Adiscon User Interface .resw source; locale=et-EE; revision=edd9fe10d4a120194e4a0a1e60a5d04d661b79ab
WINSyslogClient.WinUI/Strings/Resources,WINSyslogClient.WinUI Resources,Workbench_FilterGroup_General,Üldine,Adiscon User Interface .resw source; locale=et-EE; revision=edd9fe10d4a120194e4a0a1e60a5d04d661b79ab
WINSyslogClient.WinUI/Strings/Resources,WINSyslogClient.WinUI Resources,Workbench_FilterGroup_HTTP_Probe,HTTP-sond,Adiscon User Interface .resw source; locale=et-EE; revision=edd9fe10d4a120194e4a0a1e60a5d04d661b79ab
WINSyslogClient.WinUI/Strings/Resources,WINSyslogClient.WinUI Resources,Workbench_FilterGroup_IMAP_Probe,IMAP-sond,Adiscon User Interface .resw source; locale=et-EE; revision=edd9fe10d4a120194e4a0a1e60a5d04d661b79ab
WINSyslogClient.WinUI/Strings/Resources,WINSyslogClient.WinUI Resources,Workbench_FilterGroup_Information_unit_type,Information unit type,Adiscon User Interface .resw source; locale=et-EE; revision=edd9fe10d4a120194e4a0a1e60a5d04d661b79ab
WINSyslogClient.WinUI/Strings/Resources,WINSyslogClient.WinUI Resources,Workbench_FilterGroup_Modern_shortcuts,Modern shortcuts,Adiscon User Interface .resw source; locale=et-EE; revision=edd9fe10d4a120194e4a0a1e60a5d04d661b79ab
WINSyslogClient.WinUI/Strings/Resources,WINSyslogClient.WinUI Resources,Workbench_FilterGroup_NNTP_Probe,NNTP sond,Adiscon User Interface .resw source; locale=et-EE; revision=edd9fe10d4a120194e4a0a1e60a5d04d661b79ab
WINSyslogClient.WinUI/Strings/Resources,WINSyslogClient.WinUI Resources,Workbench_FilterGroup_NT_Service_Monitor,NT Service Monitor,Adiscon User Interface .resw source; locale=et-EE; revision=edd9fe10d4a120194e4a0a1e60a5d04d661b79ab
WINSyslogClient.WinUI/Strings/Resources,WINSyslogClient.WinUI Resources,Workbench_FilterGroup_Network_Related_Services,Võrguteenused,Adiscon User Interface .resw source; locale=et-EE; revision=edd9fe10d4a120194e4a0a1e60a5d04d661b79ab
WINSyslogClient.WinUI/Strings/Resources,WINSyslogClient.WinUI Resources,Workbench_FilterGroup_Network_services,Network services,Adiscon User Interface .resw source; locale=et-EE; revision=edd9fe10d4a120194e4a0a1e60a5d04d661b79ab
WINSyslogClient.WinUI/Strings/Resources,WINSyslogClient.WinUI Resources,Workbench_FilterGroup_Other_services,Muud teenused,Adiscon User Interface .resw source; locale=et-EE; revision=edd9fe10d4a120194e4a0a1e60a5d04d661b79ab
WINSyslogClient.WinUI/Strings/Resources,WINSyslogClient.WinUI Resources,Workbench_FilterGroup_POP3_Probe,POP3 sond,Adiscon User Interface .resw source; locale=et-EE; revision=edd9fe10d4a120194e4a0a1e60a5d04d661b79ab
WINSyslogClient.WinUI/Strings/Resources,WINSyslogClient.WinUI Resources,Workbench_FilterGroup_Probe_services,Sondteenused,Adiscon User Interface .resw source; locale=et-EE; revision=edd9fe10d4a120194e4a0a1e60a5d04d661b79ab
WINSyslogClient.WinUI/Strings/Resources,WINSyslogClient.WinUI Resources,Workbench_FilterGroup_SMTP_Probe,SMTP Sond,Adiscon User Interface .resw source; locale=et-EE; revision=edd9fe10d4a120194e4a0a1e60a5d04d661b79ab
WINSyslogClient.WinUI/Strings/Resources,WINSyslogClient.WinUI Resources,Workbench_FilterGroup_SNMP_trap,SNMP trap,Adiscon User Interface .resw source; locale=et-EE; revision=edd9fe10d4a120194e4a0a1e60a5d04d661b79ab
WINSyslogClient.WinUI/Strings/Resources,WINSyslogClient.WinUI Resources,Workbench_FilterGroup_Serial_Port_Monitor,Serial Port Monitor,Adiscon User Interface .resw source; locale=et-EE; revision=edd9fe10d4a120194e4a0a1e60a5d04d661b79ab
WINSyslogClient.WinUI/Strings/Resources,WINSyslogClient.WinUI Resources,Workbench_FilterGroup_Syslog,Syslog,Adiscon User Interface .resw source; locale=et-EE; revision=edd9fe10d4a120194e4a0a1e60a5d04d661b79ab
WINSyslogClient.WinUI/Strings/Resources,WINSyslogClient.WinUI Resources,Workbench_FilterGroup_Weekday,Weekday,Adiscon User Interface .resw source; locale=et-EE; revision=edd9fe10d4a120194e4a0a1e60a5d04d661b79ab
WINSyslogClient.WinUI/Strings/Resources,WINSyslogClient.WinUI Resources,Workbench_FilterPreset_eval_cpu_load_Description,CPU load percentage,Adiscon User Interface .resw source; locale=et-EE; revision=edd9fe10d4a120194e4a0a1e60a5d04d661b79ab
WINSyslogClient.WinUI/Strings/Resources,WINSyslogClient.WinUI Resources,Workbench_FilterPreset_eval_cpu_load_Title,CPU load,Adiscon User Interface .resw source; locale=et-EE; revision=edd9fe10d4a120194e4a0a1e60a5d04d661b79ab
WINSyslogClient.WinUI/Strings/Resources,WINSyslogClient.WinUI Resources,Workbench_FilterPreset_eval_cpu_number_Description,CPU number,Adiscon User Interface .resw source; locale=et-EE; revision=edd9fe10d4a120194e4a0a1e60a5d04d661b79ab
WINSyslogClient.WinUI/Strings/Resources,WINSyslogClient.WinUI Resources,Workbench_FilterPreset_eval_cpu_number_Title,CPU number,Adiscon User Interface .resw source; locale=et-EE; revision=edd9fe10d4a120194e4a0a1e60a5d04d661b79ab
WINSyslogClient.WinUI/Strings/Resources,WINSyslogClient.WinUI Resources,Workbench_FilterPreset_eval_custom_Description,"Custom property, comparison, and value",Adiscon User Interface .resw source; locale=et-EE; revision=edd9fe10d4a120194e4a0a1e60a5d04d661b79ab
WINSyslogClient.WinUI/Strings/Resources,WINSyslogClient.WinUI Resources,Workbench_FilterPreset_eval_custom_Title,Custom EVAL,Adiscon User Interface .resw source; locale=et-EE; revision=edd9fe10d4a120194e4a0a1e60a5d04d661b79ab
WINSyslogClient.WinUI/Strings/Resources,WINSyslogClient.WinUI Resources,Workbench_FilterPreset_eval_customerid_Description,Customer identifier,Adiscon User Interface .resw source; locale=et-EE; revision=edd9fe10d4a120194e4a0a1e60a5d04d661b79ab
WINSyslogClient.WinUI/Strings/Resources,WINSyslogClient.WinUI Resources,Workbench_FilterPreset_eval_customerid_Title,Customer ID,Adiscon User Interface .resw source; locale=et-EE; revision=edd9fe10d4a120194e4a0a1e60a5d04d661b79ab
WINSyslogClient.WinUI/Strings/Resources,WINSyslogClient.WinUI Resources,Workbench_FilterPreset_eval_datetime_Description,Date or time window,Adiscon User Interface .resw source; locale=et-EE; revision=edd9fe10d4a120194e4a0a1e60a5d04d661b79ab
WINSyslogClient.WinUI/Strings/Resources,WINSyslogClient.WinUI Resources,Workbench_FilterPreset_eval_datetime_Title,Date / time,Adiscon User Interface .resw source; locale=et-EE; revision=edd9fe10d4a120194e4a0a1e60a5d04d661b79ab
WINSyslogClient.WinUI/Strings/Resources,WINSyslogClient.WinUI Resources,Workbench_FilterPreset_eval_disk_space_gigabytes_Description,Remaining disk space in gigabytes,Adiscon User Interface .resw source; locale=et-EE; revision=edd9fe10d4a120194e4a0a1e60a5d04d661b79ab
WINSyslogClient.WinUI/Strings/Resources,WINSyslogClient.WinUI Resources,Workbench_FilterPreset_eval_disk_space_gigabytes_Title,Disk space left (GB),Adiscon User Interface .resw source; locale=et-EE; revision=edd9fe10d4a120194e4a0a1e60a5d04d661b79ab
WINSyslogClient.WinUI/Strings/Resources,WINSyslogClient.WinUI Resources,Workbench_FilterPreset_eval_disk_space_megabytes_Description,Remaining disk space in megabytes,Adiscon User Interface .resw source; locale=et-EE; revision=edd9fe10d4a120194e4a0a1e60a5d04d661b79ab
WINSyslogClient.WinUI/Strings/Resources,WINSyslogClient.WinUI Resources,Workbench_FilterPreset_eval_disk_space_megabytes_Title,Disk space left (MB),Adiscon User Interface .resw source; locale=et-EE; revision=edd9fe10d4a120194e4a0a1e60a5d04d661b79ab
WINSyslogClient.WinUI/Strings/Resources,WINSyslogClient.WinUI Resources,Workbench_FilterPreset_eval_disk_space_percent_Description,Remaining disk space percentage,Adiscon User Interface .resw source; locale=et-EE; revision=edd9fe10d4a120194e4a0a1e60a5d04d661b79ab
WINSyslogClient.WinUI/Strings/Resources,WINSyslogClient.WinUI Resources,Workbench_FilterPreset_eval_disk_space_percent_Title,Disk space left (%),Adiscon User Interface .resw source; locale=et-EE; revision=edd9fe10d4a120194e4a0a1e60a5d04d661b79ab
WINSyslogClient.WinUI/Strings/Resources,WINSyslogClient.WinUI Resources,Workbench_FilterPreset_eval_event_v1_category_Description,Classic Event Log category,Adiscon User Interface .resw source; locale=et-EE; revision=edd9fe10d4a120194e4a0a1e60a5d04d661b79ab
WINSyslogClient.WinUI/Strings/Resources,WINSyslogClient.WinUI Resources,Workbench_FilterPreset_eval_event_v1_category_Title,Event Category,Adiscon User Interface .resw source; locale=et-EE; revision=edd9fe10d4a120194e4a0a1e60a5d04d661b79ab
WINSyslogClient.WinUI/Strings/Resources,WINSyslogClient.WinUI Resources,Workbench_FilterPreset_eval_event_v1_category_name_Description,Classic Event Log category name,Adiscon User Interface .resw source; locale=et-EE; revision=edd9fe10d4a120194e4a0a1e60a5d04d661b79ab
WINSyslogClient.WinUI/Strings/Resources,WINSyslogClient.WinUI Resources,Workbench_FilterPreset_eval_event_v1_category_name_Title,Event category name,Adiscon User Interface .resw source; locale=et-EE; revision=edd9fe10d4a120194e4a0a1e60a5d04d661b79ab
WINSyslogClient.WinUI/Strings/Resources,WINSyslogClient.WinUI Resources,Workbench_FilterPreset_eval_event_v1_record_number_Description,Classic Event Log record number,Adiscon User Interface .resw source; locale=et-EE; revision=edd9fe10d4a120194e4a0a1e60a5d04d661b79ab
WINSyslogClient.WinUI/Strings/Resources,WINSyslogClient.WinUI Resources,Workbench_FilterPreset_eval_event_v1_record_number_Title,Event record number,Adiscon User Interface .resw source; locale=et-EE; revision=edd9fe10d4a120194e4a0a1e60a5d04d661b79ab
WINSyslogClient.WinUI/Strings/Resources,WINSyslogClient.WinUI Resources,Workbench_FilterPreset_eval_event_v1_severity_Description,Classic Event Log severity,Adiscon User Interface .resw source; locale=et-EE; revision=edd9fe10d4a120194e4a0a1e60a5d04d661b79ab
WINSyslogClient.WinUI/Strings/Resources,WINSyslogClient.WinUI Resources,Workbench_FilterPreset_eval_event_v1_severity_Title,Sündmuse tõsidus,Adiscon User Interface .resw source; locale=et-EE; revision=edd9fe10d4a120194e4a0a1e60a5d04d661b79ab
WINSyslogClient.WinUI/Strings/Resources,WINSyslogClient.WinUI Resources,Workbench_FilterPreset_eval_event_v1_source_Description,Classic Event Log source,Adiscon User Interface .resw source; locale=et-EE; revision=edd9fe10d4a120194e4a0a1e60a5d04d661b79ab
WINSyslogClient.WinUI/Strings/Resources,WINSyslogClient.WinUI Resources,Workbench_FilterPreset_eval_event_v1_source_Title,Event Source,Adiscon User Interface .resw source; locale=et-EE; revision=edd9fe10d4a120194e4a0a1e60a5d04d661b79ab
WINSyslogClient.WinUI/Strings/Resources,WINSyslogClient.WinUI Resources,Workbench_FilterPreset_eval_event_v1_type_Description,Classic Event Log event type,Adiscon User Interface .resw source; locale=et-EE; revision=edd9fe10d4a120194e4a0a1e60a5d04d661b79ab
WINSyslogClient.WinUI/Strings/Resources,WINSyslogClient.WinUI Resources,Workbench_FilterPreset_eval_event_v1_type_Title,Sündmuse tüüp,Adiscon User Interface .resw source; locale=et-EE; revision=edd9fe10d4a120194e4a0a1e60a5d04d661b79ab
WINSyslogClient.WinUI/Strings/Resources,WINSyslogClient.WinUI Resources,Workbench_FilterPreset_eval_event_v1_user_Description,Classic Event Log user,Adiscon User Interface .resw source; locale=et-EE; revision=edd9fe10d4a120194e4a0a1e60a5d04d661b79ab
WINSyslogClient.WinUI/Strings/Resources,WINSyslogClient.WinUI Resources,Workbench_FilterPreset_eval_event_v1_user_Title,Sündmuse kasutaja,Adiscon User Interface .resw source; locale=et-EE; revision=edd9fe10d4a120194e4a0a1e60a5d04d661b79ab
WINSyslogClient.WinUI/Strings/Resources,WINSyslogClient.WinUI Resources,Workbench_FilterPreset_eval_event_v2_category_Description,Event Log Monitor V2 category,Adiscon User Interface .resw source; locale=et-EE; revision=edd9fe10d4a120194e4a0a1e60a5d04d661b79ab
WINSyslogClient.WinUI/Strings/Resources,WINSyslogClient.WinUI Resources,Workbench_FilterPreset_eval_event_v2_category_Title,Event Category,Adiscon User Interface .resw source; locale=et-EE; revision=edd9fe10d4a120194e4a0a1e60a5d04d661b79ab
WINSyslogClient.WinUI/Strings/Resources,WINSyslogClient.WinUI Resources,Workbench_FilterPreset_eval_event_v2_category_name_Description,Event Log Monitor V2 category name,Adiscon User Interface .resw source; locale=et-EE; revision=edd9fe10d4a120194e4a0a1e60a5d04d661b79ab
WINSyslogClient.WinUI/Strings/Resources,WINSyslogClient.WinUI Resources,Workbench_FilterPreset_eval_event_v2_category_name_Title,Event category name,Adiscon User Interface .resw source; locale=et-EE; revision=edd9fe10d4a120194e4a0a1e60a5d04d661b79ab
WINSyslogClient.WinUI/Strings/Resources,WINSyslogClient.WinUI Resources,Workbench_FilterPreset_eval_event_v2_channel_Description,Event Log Monitor V2 channel,Adiscon User Interface .resw source; locale=et-EE; revision=edd9fe10d4a120194e4a0a1e60a5d04d661b79ab
WINSyslogClient.WinUI/Strings/Resources,WINSyslogClient.WinUI Resources,Workbench_FilterPreset_eval_event_v2_channel_Title,Event Channel,Adiscon User Interface .resw source; locale=et-EE; revision=edd9fe10d4a120194e4a0a1e60a5d04d661b79ab
WINSyslogClient.WinUI/Strings/Resources,WINSyslogClient.WinUI Resources,Workbench_FilterPreset_eval_event_v2_id_Description,Event Log Monitor V2 event ID,Adiscon User Interface .resw source; locale=et-EE; revision=edd9fe10d4a120194e4a0a1e60a5d04d661b79ab
WINSyslogClient.WinUI/Strings/Resources,WINSyslogClient.WinUI Resources,Workbench_FilterPreset_eval_event_v2_id_Title,Event ID,Adiscon User Interface .resw source; locale=et-EE; revision=edd9fe10d4a120194e4a0a1e60a5d04d661b79ab
WINSyslogClient.WinUI/Strings/Resources,WINSyslogClient.WinUI Resources,Workbench_FilterPreset_eval_event_v2_keyword_Description,Event Log Monitor V2 keyword,Adiscon User Interface .resw source; locale=et-EE; revision=edd9fe10d4a120194e4a0a1e60a5d04d661b79ab
WINSyslogClient.WinUI/Strings/Resources,WINSyslogClient.WinUI Resources,Workbench_FilterPreset_eval_event_v2_keyword_Title,Sündmuse märksõna,Adiscon User Interface .resw source; locale=et-EE; revision=edd9fe10d4a120194e4a0a1e60a5d04d661b79ab
WINSyslogClient.WinUI/Strings/Resources,WINSyslogClient.WinUI Resources,Workbench_FilterPreset_eval_event_v2_keyword_id_Description,Event Log Monitor V2 keyword ID,Adiscon User Interface .resw source; locale=et-EE; revision=edd9fe10d4a120194e4a0a1e60a5d04d661b79ab
WINSyslogClient.WinUI/Strings/Resources,WINSyslogClient.WinUI Resources,Workbench_FilterPreset_eval_event_v2_keyword_id_Title,Sündmuse märksõna ID,Adiscon User Interface .resw source; locale=et-EE; revision=edd9fe10d4a120194e4a0a1e60a5d04d661b79ab
WINSyslogClient.WinUI/Strings/Resources,WINSyslogClient.WinUI Resources,Workbench_FilterPreset_eval_event_v2_level_Description,Event Log Monitor V2 level,Adiscon User Interface .resw source; locale=et-EE; revision=edd9fe10d4a120194e4a0a1e60a5d04d661b79ab
WINSyslogClient.WinUI/Strings/Resources,WINSyslogClient.WinUI Resources,Workbench_FilterPreset_eval_event_v2_level_Title,Sündmuse tase,Adiscon User Interface .resw source; locale=et-EE; revision=edd9fe10d4a120194e4a0a1e60a5d04d661b79ab
WINSyslogClient.WinUI/Strings/Resources,WINSyslogClient.WinUI Resources,Workbench_FilterPreset_eval_event_v2_raw_source_Description,Event Log Monitor V2 raw source,Adiscon User Interface .resw source; locale=et-EE; revision=edd9fe10d4a120194e4a0a1e60a5d04d661b79ab
WINSyslogClient.WinUI/Strings/Resources,WINSyslogClient.WinUI Resources,Workbench_FilterPreset_eval_event_v2_raw_source_Title,Raw event source,Adiscon User Interface .resw source; locale=et-EE; revision=edd9fe10d4a120194e4a0a1e60a5d04d661b79ab
WINSyslogClient.WinUI/Strings/Resources,WINSyslogClient.WinUI Resources,Workbench_FilterPreset_eval_event_v2_severity_Description,Event Log Monitor V2 severity,Adiscon User Interface .resw source; locale=et-EE; revision=edd9fe10d4a120194e4a0a1e60a5d04d661b79ab
WINSyslogClient.WinUI/Strings/Resources,WINSyslogClient.WinUI Resources,Workbench_FilterPreset_eval_event_v2_severity_Title,Sündmuse tõsidus,Adiscon User Interface .resw source; locale=et-EE; revision=edd9fe10d4a120194e4a0a1e60a5d04d661b79ab
WINSyslogClient.WinUI/Strings/Resources,WINSyslogClient.WinUI Resources,Workbench_FilterPreset_eval_event_v2_severity_id_Description,Event Log Monitor V2 severity ID,Adiscon User Interface .resw source; locale=et-EE; revision=edd9fe10d4a120194e4a0a1e60a5d04d661b79ab
WINSyslogClient.WinUI/Strings/Resources,WINSyslogClient.WinUI Resources,Workbench_FilterPreset_eval_event_v2_severity_id_Title,Sündmuse tõsiduse ID,Adiscon User Interface .resw source; locale=et-EE; revision=edd9fe10d4a120194e4a0a1e60a5d04d661b79ab
WINSyslogClient.WinUI/Strings/Resources,WINSyslogClient.WinUI Resources,Workbench_FilterPreset_eval_event_v2_source_Description,Event Log Monitor V2 source,Adiscon User Interface .resw source; locale=et-EE; revision=edd9fe10d4a120194e4a0a1e60a5d04d661b79ab
WINSyslogClient.WinUI/Strings/Resources,WINSyslogClient.WinUI Resources,Workbench_FilterPreset_eval_event_v2_source_Title,Event Source,Adiscon User Interface .resw source; locale=et-EE; revision=edd9fe10d4a120194e4a0a1e60a5d04d661b79ab
WINSyslogClient.WinUI/Strings/Resources,WINSyslogClient.WinUI Resources,Workbench_FilterPreset_eval_event_v2_user_Description,Event Log Monitor V2 user,Adiscon User Interface .resw source; locale=et-EE; revision=edd9fe10d4a120194e4a0a1e60a5d04d661b79ab
WINSyslogClient.WinUI/Strings/Resources,WINSyslogClient.WinUI Resources,Workbench_FilterPreset_eval_event_v2_user_Title,Sündmuse kasutaja,Adiscon User Interface .resw source; locale=et-EE; revision=edd9fe10d4a120194e4a0a1e60a5d04d661b79ab
WINSyslogClient.WinUI/Strings/Resources,WINSyslogClient.WinUI Resources,Workbench_FilterPreset_eval_eventid_Description,Classic Event Log event ID,Adiscon User Interface .resw source; locale=et-EE; revision=edd9fe10d4a120194e4a0a1e60a5d04d661b79ab
WINSyslogClient.WinUI/Strings/Resources,WINSyslogClient.WinUI Resources,Workbench_FilterPreset_eval_eventid_Title,Event ID,Adiscon User Interface .resw source; locale=et-EE; revision=edd9fe10d4a120194e4a0a1e60a5d04d661b79ab
WINSyslogClient.WinUI/Strings/Resources,WINSyslogClient.WinUI Resources,Workbench_FilterPreset_eval_extended_ip_Description,IP extended property,Adiscon User Interface .resw source; locale=et-EE; revision=edd9fe10d4a120194e4a0a1e60a5d04d661b79ab
WINSyslogClient.WinUI/Strings/Resources,WINSyslogClient.WinUI Resources,Workbench_FilterPreset_eval_extended_ip_Title,Laiendatud IP-omadus,Adiscon User Interface .resw source; locale=et-EE; revision=edd9fe10d4a120194e4a0a1e60a5d04d661b79ab
WINSyslogClient.WinUI/Strings/Resources,WINSyslogClient.WinUI Resources,Workbench_FilterPreset_eval_extended_number_Description,Numeric extended property,Adiscon User Interface .resw source; locale=et-EE; revision=edd9fe10d4a120194e4a0a1e60a5d04d661b79ab
WINSyslogClient.WinUI/Strings/Resources,WINSyslogClient.WinUI Resources,Workbench_FilterPreset_eval_extended_number_Title,Laiendatud numbriomadus,Adiscon User Interface .resw source; locale=et-EE; revision=edd9fe10d4a120194e4a0a1e60a5d04d661b79ab
WINSyslogClient.WinUI/Strings/Resources,WINSyslogClient.WinUI Resources,Workbench_FilterPreset_eval_file_exists_Description,File-exists condition,Adiscon User Interface .resw source; locale=et-EE; revision=edd9fe10d4a120194e4a0a1e60a5d04d661b79ab
WINSyslogClient.WinUI/Strings/Resources,WINSyslogClient.WinUI Resources,Workbench_FilterPreset_eval_file_exists_Title,Fail on olemas,Adiscon User Interface .resw source; locale=et-EE; revision=edd9fe10d4a120194e4a0a1e60a5d04d661b79ab
WINSyslogClient.WinUI/Strings/Resources,WINSyslogClient.WinUI Resources,Workbench_FilterPreset_eval_file_generated_base_name_Description,Generated base filename,Adiscon User Interface .resw source; locale=et-EE; revision=edd9fe10d4a120194e4a0a1e60a5d04d661b79ab
WINSyslogClient.WinUI/Strings/Resources,WINSyslogClient.WinUI Resources,Workbench_FilterPreset_eval_file_generated_base_name_Title,Generated filename without path,Adiscon User Interface .resw source; locale=et-EE; revision=edd9fe10d4a120194e4a0a1e60a5d04d661b79ab
WINSyslogClient.WinUI/Strings/Resources,WINSyslogClient.WinUI Resources,Workbench_FilterPreset_eval_file_generated_name_Description,Generated filename including path,Adiscon User Interface .resw source; locale=et-EE; revision=edd9fe10d4a120194e4a0a1e60a5d04d661b79ab
WINSyslogClient.WinUI/Strings/Resources,WINSyslogClient.WinUI Resources,Workbench_FilterPreset_eval_file_generated_name_Title,Generated Filename,Adiscon User Interface .resw source; locale=et-EE; revision=edd9fe10d4a120194e4a0a1e60a5d04d661b79ab
WINSyslogClient.WinUI/Strings/Resources,WINSyslogClient.WinUI Resources,Workbench_FilterPreset_eval_filesystem_Description,Generic file-system monitor property,Adiscon User Interface .resw source; locale=et-EE; revision=edd9fe10d4a120194e4a0a1e60a5d04d661b79ab
WINSyslogClient.WinUI/Strings/Resources,WINSyslogClient.WinUI Resources,Workbench_FilterPreset_eval_filesystem_Title,File system monitoring,Adiscon User Interface .resw source; locale=et-EE; revision=edd9fe10d4a120194e4a0a1e60a5d04d661b79ab
WINSyslogClient.WinUI/Strings/Resources,WINSyslogClient.WinUI Resources,Workbench_FilterPreset_eval_ftp_response_Description,FTP probe response,Adiscon User Interface .resw source; locale=et-EE; revision=edd9fe10d4a120194e4a0a1e60a5d04d661b79ab
WINSyslogClient.WinUI/Strings/Resources,WINSyslogClient.WinUI Resources,Workbench_FilterPreset_eval_ftp_response_Title,FTP response,Adiscon User Interface .resw source; locale=et-EE; revision=edd9fe10d4a120194e4a0a1e60a5d04d661b79ab
WINSyslogClient.WinUI/Strings/Resources,WINSyslogClient.WinUI Resources,Workbench_FilterPreset_eval_ftp_status_Description,FTP probe status code,Adiscon User Interface .resw source; locale=et-EE; revision=edd9fe10d4a120194e4a0a1e60a5d04d661b79ab
WINSyslogClient.WinUI/Strings/Resources,WINSyslogClient.WinUI Resources,Workbench_FilterPreset_eval_ftp_status_Title,FTP status code,Adiscon User Interface .resw source; locale=et-EE; revision=edd9fe10d4a120194e4a0a1e60a5d04d661b79ab
WINSyslogClient.WinUI/Strings/Resources,WINSyslogClient.WinUI Resources,Workbench_FilterPreset_eval_hostname_Description,Kohalik hostinimi,Adiscon User Interface .resw source; locale=et-EE; revision=edd9fe10d4a120194e4a0a1e60a5d04d661b79ab
WINSyslogClient.WinUI/Strings/Resources,WINSyslogClient.WinUI Resources,Workbench_FilterPreset_eval_hostname_Title,Kohalik hostinimi,Adiscon User Interface .resw source; locale=et-EE; revision=edd9fe10d4a120194e4a0a1e60a5d04d661b79ab
WINSyslogClient.WinUI/Strings/Resources,WINSyslogClient.WinUI Resources,Workbench_FilterPreset_eval_http_response_Description,HTTP probe response,Adiscon User Interface .resw source; locale=et-EE; revision=edd9fe10d4a120194e4a0a1e60a5d04d661b79ab
WINSyslogClient.WinUI/Strings/Resources,WINSyslogClient.WinUI Resources,Workbench_FilterPreset_eval_http_response_Title,HTTP response,Adiscon User Interface .resw source; locale=et-EE; revision=edd9fe10d4a120194e4a0a1e60a5d04d661b79ab
WINSyslogClient.WinUI/Strings/Resources,WINSyslogClient.WinUI Resources,Workbench_FilterPreset_eval_http_status_Description,HTTP probe status code,Adiscon User Interface .resw source; locale=et-EE; revision=edd9fe10d4a120194e4a0a1e60a5d04d661b79ab
WINSyslogClient.WinUI/Strings/Resources,WINSyslogClient.WinUI Resources,Workbench_FilterPreset_eval_http_status_Title,HTTP status code,Adiscon User Interface .resw source; locale=et-EE; revision=edd9fe10d4a120194e4a0a1e60a5d04d661b79ab
WINSyslogClient.WinUI/Strings/Resources,WINSyslogClient.WinUI Resources,Workbench_FilterPreset_eval_imap_response_Description,IMAP probe response,Adiscon User Interface .resw source; locale=et-EE; revision=edd9fe10d4a120194e4a0a1e60a5d04d661b79ab
WINSyslogClient.WinUI/Strings/Resources,WINSyslogClient.WinUI Resources,Workbench_FilterPreset_eval_imap_response_Title,IMAP response,Adiscon User Interface .resw source; locale=et-EE; revision=edd9fe10d4a120194e4a0a1e60a5d04d661b79ab
WINSyslogClient.WinUI/Strings/Resources,WINSyslogClient.WinUI Resources,Workbench_FilterPreset_eval_imap_status_Description,IMAP probe status code,Adiscon User Interface .resw source; locale=et-EE; revision=edd9fe10d4a120194e4a0a1e60a5d04d661b79ab
WINSyslogClient.WinUI/Strings/Resources,WINSyslogClient.WinUI Resources,Workbench_FilterPreset_eval_imap_status_Title,IMAP status code,Adiscon User Interface .resw source; locale=et-EE; revision=edd9fe10d4a120194e4a0a1e60a5d04d661b79ab
WINSyslogClient.WinUI/Strings/Resources,WINSyslogClient.WinUI Resources,Workbench_FilterPreset_eval_iscpumemorymonitor_Description,CPU and memory monitor information-unit flag,Adiscon User Interface .resw source; locale=et-EE; revision=edd9fe10d4a120194e4a0a1e60a5d04d661b79ab
WINSyslogClient.WinUI/Strings/Resources,WINSyslogClient.WinUI Resources,Workbench_FilterPreset_eval_iscpumemorymonitor_Title,CPU and memory monitor,Adiscon User Interface .resw source; locale=et-EE; revision=edd9fe10d4a120194e4a0a1e60a5d04d661b79ab
WINSyslogClient.WinUI/Strings/Resources,WINSyslogClient.WinUI Resources,Workbench_FilterPreset_eval_isdatabasemonitor_Description,Database Monitor information-unit flag,Adiscon User Interface .resw source; locale=et-EE; revision=edd9fe10d4a120194e4a0a1e60a5d04d661b79ab
WINSyslogClient.WinUI/Strings/Resources,WINSyslogClient.WinUI Resources,Workbench_FilterPreset_eval_isdatabasemonitor_Title,Andmebaasi monitor,Adiscon User Interface .resw source; locale=et-EE; revision=edd9fe10d4a120194e4a0a1e60a5d04d661b79ab
WINSyslogClient.WinUI/Strings/Resources,WINSyslogClient.WinUI Resources,Workbench_FilterPreset_eval_isdiskspacemonitor_Description,Disk Space Monitor information-unit flag,Adiscon User Interface .resw source; locale=et-EE; revision=edd9fe10d4a120194e4a0a1e60a5d04d661b79ab
WINSyslogClient.WinUI/Strings/Resources,WINSyslogClient.WinUI Resources,Workbench_FilterPreset_eval_isdiskspacemonitor_Title,Disk Space Monitor,Adiscon User Interface .resw source; locale=et-EE; revision=edd9fe10d4a120194e4a0a1e60a5d04d661b79ab
WINSyslogClient.WinUI/Strings/Resources,WINSyslogClient.WinUI Resources,Workbench_FilterPreset_eval_iseventlogmonitor_Description,Event Log Monitor information-unit flag,Adiscon User Interface .resw source; locale=et-EE; revision=edd9fe10d4a120194e4a0a1e60a5d04d661b79ab
WINSyslogClient.WinUI/Strings/Resources,WINSyslogClient.WinUI Resources,Workbench_FilterPreset_eval_iseventlogmonitor_Title,EventMonitorV1,Adiscon User Interface .resw source; locale=et-EE; revision=edd9fe10d4a120194e4a0a1e60a5d04d661b79ab
WINSyslogClient.WinUI/Strings/Resources,WINSyslogClient.WinUI Resources,Workbench_FilterPreset_eval_iseventlogmonitorv2_Description,Event Log Monitor V2 information-unit flag,Adiscon User Interface .resw source; locale=et-EE; revision=edd9fe10d4a120194e4a0a1e60a5d04d661b79ab
WINSyslogClient.WinUI/Strings/Resources,WINSyslogClient.WinUI Resources,Workbench_FilterPreset_eval_iseventlogmonitorv2_Title,EventMonitorV2,Adiscon User Interface .resw source; locale=et-EE; revision=edd9fe10d4a120194e4a0a1e60a5d04d661b79ab
WINSyslogClient.WinUI/Strings/Resources,WINSyslogClient.WinUI Resources,Workbench_FilterPreset_eval_isfilemonitor_Description,File Monitor information-unit flag,Adiscon User Interface .resw source; locale=et-EE; revision=edd9fe10d4a120194e4a0a1e60a5d04d661b79ab
WINSyslogClient.WinUI/Strings/Resources,WINSyslogClient.WinUI Resources,Workbench_FilterPreset_eval_isfilemonitor_Title,FileMonitor,Adiscon User Interface .resw source; locale=et-EE; revision=edd9fe10d4a120194e4a0a1e60a5d04d661b79ab
WINSyslogClient.WinUI/Strings/Resources,WINSyslogClient.WinUI Resources,Workbench_FilterPreset_eval_isftpprobe_Description,FTP Probe information-unit flag,Adiscon User Interface .resw source; locale=et-EE; revision=edd9fe10d4a120194e4a0a1e60a5d04d661b79ab
WINSyslogClient.WinUI/Strings/Resources,WINSyslogClient.WinUI Resources,Workbench_FilterPreset_eval_isftpprobe_Title,FTP sond,Adiscon User Interface .resw source; locale=et-EE; revision=edd9fe10d4a120194e4a0a1e60a5d04d661b79ab
WINSyslogClient.WinUI/Strings/Resources,WINSyslogClient.WinUI Resources,Workbench_FilterPreset_eval_isheartbeat_Description,Heartbeat information-unit flag,Adiscon User Interface .resw source; locale=et-EE; revision=edd9fe10d4a120194e4a0a1e60a5d04d661b79ab
WINSyslogClient.WinUI/Strings/Resources,WINSyslogClient.WinUI Resources,Workbench_FilterPreset_eval_isheartbeat_Title,Heart Beat,Adiscon User Interface .resw source; locale=et-EE; revision=edd9fe10d4a120194e4a0a1e60a5d04d661b79ab
WINSyslogClient.WinUI/Strings/Resources,WINSyslogClient.WinUI Resources,Workbench_FilterPreset_eval_ishttpprobe_Description,HTTP Probe information-unit flag,Adiscon User Interface .resw source; locale=et-EE; revision=edd9fe10d4a120194e4a0a1e60a5d04d661b79ab
WINSyslogClient.WinUI/Strings/Resources,WINSyslogClient.WinUI Resources,Workbench_FilterPreset_eval_ishttpprobe_Title,HTTP-sond,Adiscon User Interface .resw source; locale=et-EE; revision=edd9fe10d4a120194e4a0a1e60a5d04d661b79ab
WINSyslogClient.WinUI/Strings/Resources,WINSyslogClient.WinUI Resources,Workbench_FilterPreset_eval_isimapprobe_Description,IMAP Probe information-unit flag,Adiscon User Interface .resw source; locale=et-EE; revision=edd9fe10d4a120194e4a0a1e60a5d04d661b79ab
WINSyslogClient.WinUI/Strings/Resources,WINSyslogClient.WinUI Resources,Workbench_FilterPreset_eval_isimapprobe_Title,IMAP-sond,Adiscon User Interface .resw source; locale=et-EE; revision=edd9fe10d4a120194e4a0a1e60a5d04d661b79ab
WINSyslogClient.WinUI/Strings/Resources,WINSyslogClient.WinUI Resources,Workbench_FilterPreset_eval_isnntpprobe_Description,NNTP Probe information-unit flag,Adiscon User Interface .resw source; locale=et-EE; revision=edd9fe10d4a120194e4a0a1e60a5d04d661b79ab
WINSyslogClient.WinUI/Strings/Resources,WINSyslogClient.WinUI Resources,Workbench_FilterPreset_eval_isnntpprobe_Title,NNTP sond,Adiscon User Interface .resw source; locale=et-EE; revision=edd9fe10d4a120194e4a0a1e60a5d04d661b79ab
WINSyslogClient.WinUI/Strings/Resources,WINSyslogClient.WinUI Resources,Workbench_FilterPreset_eval_isntservicemonitor_Description,NT Service Monitor information-unit flag,Adiscon User Interface .resw source; locale=et-EE; revision=edd9fe10d4a120194e4a0a1e60a5d04d661b79ab
WINSyslogClient.WinUI/Strings/Resources,WINSyslogClient.WinUI Resources,Workbench_FilterPreset_eval_isntservicemonitor_Title,NT Service Monitor,Adiscon User Interface .resw source; locale=et-EE; revision=edd9fe10d4a120194e4a0a1e60a5d04d661b79ab
WINSyslogClient.WinUI/Strings/Resources,WINSyslogClient.WinUI Resources,Workbench_FilterPreset_eval_ispingprobe_Description,Ping Probe information-unit flag,Adiscon User Interface .resw source; locale=et-EE; revision=edd9fe10d4a120194e4a0a1e60a5d04d661b79ab
WINSyslogClient.WinUI/Strings/Resources,WINSyslogClient.WinUI Resources,Workbench_FilterPreset_eval_ispingprobe_Title,Ping Probe,Adiscon User Interface .resw source; locale=et-EE; revision=edd9fe10d4a120194e4a0a1e60a5d04d661b79ab
WINSyslogClient.WinUI/Strings/Resources,WINSyslogClient.WinUI Resources,Workbench_FilterPreset_eval_ispop3probe_Description,POP3 Probe information-unit flag,Adiscon User Interface .resw source; locale=et-EE; revision=edd9fe10d4a120194e4a0a1e60a5d04d661b79ab
WINSyslogClient.WinUI/Strings/Resources,WINSyslogClient.WinUI Resources,Workbench_FilterPreset_eval_ispop3probe_Title,POP3 sond,Adiscon User Interface .resw source; locale=et-EE; revision=edd9fe10d4a120194e4a0a1e60a5d04d661b79ab
WINSyslogClient.WinUI/Strings/Resources,WINSyslogClient.WinUI Resources,Workbench_FilterPreset_eval_isportprobe_Description,Port Probe information-unit flag,Adiscon User Interface .resw source; locale=et-EE; revision=edd9fe10d4a120194e4a0a1e60a5d04d661b79ab
WINSyslogClient.WinUI/Strings/Resources,WINSyslogClient.WinUI Resources,Workbench_FilterPreset_eval_isportprobe_Title,Sadama sond,Adiscon User Interface .resw source; locale=et-EE; revision=edd9fe10d4a120194e4a0a1e60a5d04d661b79ab
WINSyslogClient.WinUI/Strings/Resources,WINSyslogClient.WinUI Resources,Workbench_FilterPreset_eval_isrelplistener_Description,RELP Listener information-unit flag,Adiscon User Interface .resw source; locale=et-EE; revision=edd9fe10d4a120194e4a0a1e60a5d04d661b79ab
WINSyslogClient.WinUI/Strings/Resources,WINSyslogClient.WinUI Resources,Workbench_FilterPreset_eval_isrelplistener_Title,RELPListener,Adiscon User Interface .resw source; locale=et-EE; revision=edd9fe10d4a120194e4a0a1e60a5d04d661b79ab
WINSyslogClient.WinUI/Strings/Resources,WINSyslogClient.WinUI Resources,Workbench_FilterPreset_eval_isserialportmonitor_Description,Serial Port Monitor information-unit flag,Adiscon User Interface .resw source; locale=et-EE; revision=edd9fe10d4a120194e4a0a1e60a5d04d661b79ab
WINSyslogClient.WinUI/Strings/Resources,WINSyslogClient.WinUI Resources,Workbench_FilterPreset_eval_isserialportmonitor_Title,Serial Port Monitor,Adiscon User Interface .resw source; locale=et-EE; revision=edd9fe10d4a120194e4a0a1e60a5d04d661b79ab
WINSyslogClient.WinUI/Strings/Resources,WINSyslogClient.WinUI Resources,Workbench_FilterPreset_eval_issmtplistener_Description,SMTP Listener information-unit flag,Adiscon User Interface .resw source; locale=et-EE; revision=edd9fe10d4a120194e4a0a1e60a5d04d661b79ab
WINSyslogClient.WinUI/Strings/Resources,WINSyslogClient.WinUI Resources,Workbench_FilterPreset_eval_issmtplistener_Title,SMTP Kuulaja,Adiscon User Interface .resw source; locale=et-EE; revision=edd9fe10d4a120194e4a0a1e60a5d04d661b79ab
WINSyslogClient.WinUI/Strings/Resources,WINSyslogClient.WinUI Resources,Workbench_FilterPreset_eval_issmtpprobe_Description,SMTP Probe information-unit flag,Adiscon User Interface .resw source; locale=et-EE; revision=edd9fe10d4a120194e4a0a1e60a5d04d661b79ab
WINSyslogClient.WinUI/Strings/Resources,WINSyslogClient.WinUI Resources,Workbench_FilterPreset_eval_issmtpprobe_Title,SMTP Sond,Adiscon User Interface .resw source; locale=et-EE; revision=edd9fe10d4a120194e4a0a1e60a5d04d661b79ab
WINSyslogClient.WinUI/Strings/Resources,WINSyslogClient.WinUI Resources,Workbench_FilterPreset_eval_issnmpmonitor_Description,SNMP Monitor information-unit flag,Adiscon User Interface .resw source; locale=et-EE; revision=edd9fe10d4a120194e4a0a1e60a5d04d661b79ab
WINSyslogClient.WinUI/Strings/Resources,WINSyslogClient.WinUI Resources,Workbench_FilterPreset_eval_issnmpmonitor_Title,SNMP Monitor,Adiscon User Interface .resw source; locale=et-EE; revision=edd9fe10d4a120194e4a0a1e60a5d04d661b79ab
WINSyslogClient.WinUI/Strings/Resources,WINSyslogClient.WinUI Resources,Workbench_FilterPreset_eval_issnmptrap_Description,SNMP trap information-unit flag,Adiscon User Interface .resw source; locale=et-EE; revision=edd9fe10d4a120194e4a0a1e60a5d04d661b79ab
WINSyslogClient.WinUI/Strings/Resources,WINSyslogClient.WinUI Resources,Workbench_FilterPreset_eval_issnmptrap_Title,SNMP trap,Adiscon User Interface .resw source; locale=et-EE; revision=edd9fe10d4a120194e4a0a1e60a5d04d661b79ab
WINSyslogClient.WinUI/Strings/Resources,WINSyslogClient.WinUI Resources,Workbench_FilterPreset_eval_issyslog_Description,Syslog information-unit flag,Adiscon User Interface .resw source; locale=et-EE; revision=edd9fe10d4a120194e4a0a1e60a5d04d661b79ab
WINSyslogClient.WinUI/Strings/Resources,WINSyslogClient.WinUI Resources,Workbench_FilterPreset_eval_issyslog_Title,Syslog,Adiscon User Interface .resw source; locale=et-EE; revision=edd9fe10d4a120194e4a0a1e60a5d04d661b79ab
WINSyslogClient.WinUI/Strings/Resources,WINSyslogClient.WinUI Resources,Workbench_FilterPreset_eval_memory_physical_free_Description,Free physical memory in megabytes,Adiscon User Interface .resw source; locale=et-EE; revision=edd9fe10d4a120194e4a0a1e60a5d04d661b79ab
WINSyslogClient.WinUI/Strings/Resources,WINSyslogClient.WinUI Resources,Workbench_FilterPreset_eval_memory_physical_free_Title,Free physical memory,Adiscon User Interface .resw source; locale=et-EE; revision=edd9fe10d4a120194e4a0a1e60a5d04d661b79ab
WINSyslogClient.WinUI/Strings/Resources,WINSyslogClient.WinUI Resources,Workbench_FilterPreset_eval_memory_physical_load_Description,Physical memory load percentage,Adiscon User Interface .resw source; locale=et-EE; revision=edd9fe10d4a120194e4a0a1e60a5d04d661b79ab
WINSyslogClient.WinUI/Strings/Resources,WINSyslogClient.WinUI Resources,Workbench_FilterPreset_eval_memory_physical_load_Title,Physical memory load,Adiscon User Interface .resw source; locale=et-EE; revision=edd9fe10d4a120194e4a0a1e60a5d04d661b79ab
WINSyslogClient.WinUI/Strings/Resources,WINSyslogClient.WinUI Resources,Workbench_FilterPreset_eval_memory_physical_max_Description,Maximum physical memory in megabytes,Adiscon User Interface .resw source; locale=et-EE; revision=edd9fe10d4a120194e4a0a1e60a5d04d661b79ab
WINSyslogClient.WinUI/Strings/Resources,WINSyslogClient.WinUI Resources,Workbench_FilterPreset_eval_memory_physical_max_Title,Maximum physical memory,Adiscon User Interface .resw source; locale=et-EE; revision=edd9fe10d4a120194e4a0a1e60a5d04d661b79ab
WINSyslogClient.WinUI/Strings/Resources,WINSyslogClient.WinUI Resources,Workbench_FilterPreset_eval_memory_total_free_Description,Free total memory in megabytes,Adiscon User Interface .resw source; locale=et-EE; revision=edd9fe10d4a120194e4a0a1e60a5d04d661b79ab
WINSyslogClient.WinUI/Strings/Resources,WINSyslogClient.WinUI Resources,Workbench_FilterPreset_eval_memory_total_free_Title,Free total memory,Adiscon User Interface .resw source; locale=et-EE; revision=edd9fe10d4a120194e4a0a1e60a5d04d661b79ab
WINSyslogClient.WinUI/Strings/Resources,WINSyslogClient.WinUI Resources,Workbench_FilterPreset_eval_memory_total_load_Description,Total memory load percentage,Adiscon User Interface .resw source; locale=et-EE; revision=edd9fe10d4a120194e4a0a1e60a5d04d661b79ab
WINSyslogClient.WinUI/Strings/Resources,WINSyslogClient.WinUI Resources,Workbench_FilterPreset_eval_memory_total_load_Title,Total memory load,Adiscon User Interface .resw source; locale=et-EE; revision=edd9fe10d4a120194e4a0a1e60a5d04d661b79ab
WINSyslogClient.WinUI/Strings/Resources,WINSyslogClient.WinUI Resources,Workbench_FilterPreset_eval_memory_total_max_Description,Maximum total memory in megabytes,Adiscon User Interface .resw source; locale=et-EE; revision=edd9fe10d4a120194e4a0a1e60a5d04d661b79ab
WINSyslogClient.WinUI/Strings/Resources,WINSyslogClient.WinUI Resources,Workbench_FilterPreset_eval_memory_total_max_Title,Maximum total memory,Adiscon User Interface .resw source; locale=et-EE; revision=edd9fe10d4a120194e4a0a1e60a5d04d661b79ab
WINSyslogClient.WinUI/Strings/Resources,WINSyslogClient.WinUI Resources,Workbench_FilterPreset_eval_memory_virtual_free_Description,Free virtual memory in megabytes,Adiscon User Interface .resw source; locale=et-EE; revision=edd9fe10d4a120194e4a0a1e60a5d04d661b79ab
WINSyslogClient.WinUI/Strings/Resources,WINSyslogClient.WinUI Resources,Workbench_FilterPreset_eval_memory_virtual_free_Title,Free virtual memory,Adiscon User Interface .resw source; locale=et-EE; revision=edd9fe10d4a120194e4a0a1e60a5d04d661b79ab
WINSyslogClient.WinUI/Strings/Resources,WINSyslogClient.WinUI Resources,Workbench_FilterPreset_eval_memory_virtual_load_Description,Virtual memory load percentage,Adiscon User Interface .resw source; locale=et-EE; revision=edd9fe10d4a120194e4a0a1e60a5d04d661b79ab
WINSyslogClient.WinUI/Strings/Resources,WINSyslogClient.WinUI Resources,Workbench_FilterPreset_eval_memory_virtual_load_Title,Virtual memory load,Adiscon User Interface .resw source; locale=et-EE; revision=edd9fe10d4a120194e4a0a1e60a5d04d661b79ab
WINSyslogClient.WinUI/Strings/Resources,WINSyslogClient.WinUI Resources,Workbench_FilterPreset_eval_memory_virtual_max_Description,Maximum virtual memory in megabytes,Adiscon User Interface .resw source; locale=et-EE; revision=edd9fe10d4a120194e4a0a1e60a5d04d661b79ab
WINSyslogClient.WinUI/Strings/Resources,WINSyslogClient.WinUI Resources,Workbench_FilterPreset_eval_memory_virtual_max_Title,Maximum virtual memory,Adiscon User Interface .resw source; locale=et-EE; revision=edd9fe10d4a120194e4a0a1e60a5d04d661b79ab
WINSyslogClient.WinUI/Strings/Resources,WINSyslogClient.WinUI Resources,Workbench_FilterPreset_eval_msg_Description,Message content,Adiscon User Interface .resw source; locale=et-EE; revision=edd9fe10d4a120194e4a0a1e60a5d04d661b79ab
WINSyslogClient.WinUI/Strings/Resources,WINSyslogClient.WinUI Resources,Workbench_FilterPreset_eval_msg_Title,Sõnum,Adiscon User Interface .resw source; locale=et-EE; revision=edd9fe10d4a120194e4a0a1e60a5d04d661b79ab
WINSyslogClient.WinUI/Strings/Resources,WINSyslogClient.WinUI Resources,Workbench_FilterPreset_eval_nntp_response_Description,NNTP probe response,Adiscon User Interface .resw source; locale=et-EE; revision=edd9fe10d4a120194e4a0a1e60a5d04d661b79ab
WINSyslogClient.WinUI/Strings/Resources,WINSyslogClient.WinUI Resources,Workbench_FilterPreset_eval_nntp_response_Title,NNTP response,Adiscon User Interface .resw source; locale=et-EE; revision=edd9fe10d4a120194e4a0a1e60a5d04d661b79ab
WINSyslogClient.WinUI/Strings/Resources,WINSyslogClient.WinUI Resources,Workbench_FilterPreset_eval_nntp_status_Description,NNTP probe status code,Adiscon User Interface .resw source; locale=et-EE; revision=edd9fe10d4a120194e4a0a1e60a5d04d661b79ab
WINSyslogClient.WinUI/Strings/Resources,WINSyslogClient.WinUI Resources,Workbench_FilterPreset_eval_nntp_status_Title,NNTP status code,Adiscon User Interface .resw source; locale=et-EE; revision=edd9fe10d4a120194e4a0a1e60a5d04d661b79ab
WINSyslogClient.WinUI/Strings/Resources,WINSyslogClient.WinUI Resources,Workbench_FilterPreset_eval_nt_service_display_name_Description,NT service display name,Adiscon User Interface .resw source; locale=et-EE; revision=edd9fe10d4a120194e4a0a1e60a5d04d661b79ab
WINSyslogClient.WinUI/Strings/Resources,WINSyslogClient.WinUI Resources,Workbench_FilterPreset_eval_nt_service_display_name_Title,Service display name,Adiscon User Interface .resw source; locale=et-EE; revision=edd9fe10d4a120194e4a0a1e60a5d04d661b79ab
WINSyslogClient.WinUI/Strings/Resources,WINSyslogClient.WinUI Resources,Workbench_FilterPreset_eval_nt_service_name_Description,NT service name,Adiscon User Interface .resw source; locale=et-EE; revision=edd9fe10d4a120194e4a0a1e60a5d04d661b79ab
WINSyslogClient.WinUI/Strings/Resources,WINSyslogClient.WinUI Resources,Workbench_FilterPreset_eval_nt_service_name_Title,Service name,Adiscon User Interface .resw source; locale=et-EE; revision=edd9fe10d4a120194e4a0a1e60a5d04d661b79ab
WINSyslogClient.WinUI/Strings/Resources,WINSyslogClient.WinUI Resources,Workbench_FilterPreset_eval_other_service_Description,Generic service-type property,Adiscon User Interface .resw source; locale=et-EE; revision=edd9fe10d4a120194e4a0a1e60a5d04d661b79ab
WINSyslogClient.WinUI/Strings/Resources,WINSyslogClient.WinUI Resources,Workbench_FilterPreset_eval_other_service_Title,Muud teenused,Adiscon User Interface .resw source; locale=et-EE; revision=edd9fe10d4a120194e4a0a1e60a5d04d661b79ab
WINSyslogClient.WinUI/Strings/Resources,WINSyslogClient.WinUI Resources,Workbench_FilterPreset_eval_pop3_response_Description,POP3 probe response,Adiscon User Interface .resw source; locale=et-EE; revision=edd9fe10d4a120194e4a0a1e60a5d04d661b79ab
WINSyslogClient.WinUI/Strings/Resources,WINSyslogClient.WinUI Resources,Workbench_FilterPreset_eval_pop3_response_Title,POP3 response,Adiscon User Interface .resw source; locale=et-EE; revision=edd9fe10d4a120194e4a0a1e60a5d04d661b79ab
WINSyslogClient.WinUI/Strings/Resources,WINSyslogClient.WinUI Resources,Workbench_FilterPreset_eval_pop3_status_Description,POP3 probe status code,Adiscon User Interface .resw source; locale=et-EE; revision=edd9fe10d4a120194e4a0a1e60a5d04d661b79ab
WINSyslogClient.WinUI/Strings/Resources,WINSyslogClient.WinUI Resources,Workbench_FilterPreset_eval_pop3_status_Title,POP3 status code,Adiscon User Interface .resw source; locale=et-EE; revision=edd9fe10d4a120194e4a0a1e60a5d04d661b79ab
WINSyslogClient.WinUI/Strings/Resources,WINSyslogClient.WinUI Resources,Workbench_FilterPreset_eval_probe_Description,Generic probe-service property,Adiscon User Interface .resw source; locale=et-EE; revision=edd9fe10d4a120194e4a0a1e60a5d04d661b79ab
WINSyslogClient.WinUI/Strings/Resources,WINSyslogClient.WinUI Resources,Workbench_FilterPreset_eval_probe_Title,Sondteenused,Adiscon User Interface .resw source; locale=et-EE; revision=edd9fe10d4a120194e4a0a1e60a5d04d661b79ab
WINSyslogClient.WinUI/Strings/Resources,WINSyslogClient.WinUI Resources,Workbench_FilterPreset_eval_serial_port_name_Description,Serial port name,Adiscon User Interface .resw source; locale=et-EE; revision=edd9fe10d4a120194e4a0a1e60a5d04d661b79ab
WINSyslogClient.WinUI/Strings/Resources,WINSyslogClient.WinUI Resources,Workbench_FilterPreset_eval_serial_port_name_Title,Port name,Adiscon User Interface .resw source; locale=et-EE; revision=edd9fe10d4a120194e4a0a1e60a5d04d661b79ab
WINSyslogClient.WinUI/Strings/Resources,WINSyslogClient.WinUI Resources,Workbench_FilterPreset_eval_smtp_response_Description,SMTP probe response,Adiscon User Interface .resw source; locale=et-EE; revision=edd9fe10d4a120194e4a0a1e60a5d04d661b79ab
WINSyslogClient.WinUI/Strings/Resources,WINSyslogClient.WinUI Resources,Workbench_FilterPreset_eval_smtp_response_Title,SMTP response,Adiscon User Interface .resw source; locale=et-EE; revision=edd9fe10d4a120194e4a0a1e60a5d04d661b79ab
WINSyslogClient.WinUI/Strings/Resources,WINSyslogClient.WinUI Resources,Workbench_FilterPreset_eval_smtp_status_Description,SMTP probe status code,Adiscon User Interface .resw source; locale=et-EE; revision=edd9fe10d4a120194e4a0a1e60a5d04d661b79ab
WINSyslogClient.WinUI/Strings/Resources,WINSyslogClient.WinUI Resources,Workbench_FilterPreset_eval_smtp_status_Title,SMTP status code,Adiscon User Interface .resw source; locale=et-EE; revision=edd9fe10d4a120194e4a0a1e60a5d04d661b79ab
WINSyslogClient.WinUI/Strings/Resources,WINSyslogClient.WinUI Resources,Workbench_FilterPreset_eval_snmp_agent_ip_Description,SNMP agent IP address,Adiscon User Interface .resw source; locale=et-EE; revision=edd9fe10d4a120194e4a0a1e60a5d04d661b79ab
WINSyslogClient.WinUI/Strings/Resources,WINSyslogClient.WinUI Resources,Workbench_FilterPreset_eval_snmp_agent_ip_Title,Agent IP,Adiscon User Interface .resw source; locale=et-EE; revision=edd9fe10d4a120194e4a0a1e60a5d04d661b79ab
WINSyslogClient.WinUI/Strings/Resources,WINSyslogClient.WinUI Resources,Workbench_FilterPreset_eval_snmp_community_Description,SNMP community,Adiscon User Interface .resw source; locale=et-EE; revision=edd9fe10d4a120194e4a0a1e60a5d04d661b79ab
WINSyslogClient.WinUI/Strings/Resources,WINSyslogClient.WinUI Resources,Workbench_FilterPreset_eval_snmp_community_Title,Community,Adiscon User Interface .resw source; locale=et-EE; revision=edd9fe10d4a120194e4a0a1e60a5d04d661b79ab
WINSyslogClient.WinUI/Strings/Resources,WINSyslogClient.WinUI Resources,Workbench_FilterPreset_eval_snmp_enterprise_Description,SNMP enterprise,Adiscon User Interface .resw source; locale=et-EE; revision=edd9fe10d4a120194e4a0a1e60a5d04d661b79ab
WINSyslogClient.WinUI/Strings/Resources,WINSyslogClient.WinUI Resources,Workbench_FilterPreset_eval_snmp_enterprise_Title,Enterprise,Adiscon User Interface .resw source; locale=et-EE; revision=edd9fe10d4a120194e4a0a1e60a5d04d661b79ab
WINSyslogClient.WinUI/Strings/Resources,WINSyslogClient.WinUI Resources,Workbench_FilterPreset_eval_snmp_generic_name_Description,SNMP generic name,Adiscon User Interface .resw source; locale=et-EE; revision=edd9fe10d4a120194e4a0a1e60a5d04d661b79ab
WINSyslogClient.WinUI/Strings/Resources,WINSyslogClient.WinUI Resources,Workbench_FilterPreset_eval_snmp_generic_name_Title,Generic name,Adiscon User Interface .resw source; locale=et-EE; revision=edd9fe10d4a120194e4a0a1e60a5d04d661b79ab
WINSyslogClient.WinUI/Strings/Resources,WINSyslogClient.WinUI Resources,Workbench_FilterPreset_eval_snmp_specific_type_Description,SNMP specific trap type,Adiscon User Interface .resw source; locale=et-EE; revision=edd9fe10d4a120194e4a0a1e60a5d04d661b79ab
WINSyslogClient.WinUI/Strings/Resources,WINSyslogClient.WinUI Resources,Workbench_FilterPreset_eval_snmp_specific_type_Title,Specific type,Adiscon User Interface .resw source; locale=et-EE; revision=edd9fe10d4a120194e4a0a1e60a5d04d661b79ab
WINSyslogClient.WinUI/Strings/Resources,WINSyslogClient.WinUI Resources,Workbench_FilterPreset_eval_snmp_uptime_Description,SNMP uptime,Adiscon User Interface .resw source; locale=et-EE; revision=edd9fe10d4a120194e4a0a1e60a5d04d661b79ab
WINSyslogClient.WinUI/Strings/Resources,WINSyslogClient.WinUI Resources,Workbench_FilterPreset_eval_snmp_uptime_Title,Uptime,Adiscon User Interface .resw source; locale=et-EE; revision=edd9fe10d4a120194e4a0a1e60a5d04d661b79ab
WINSyslogClient.WinUI/Strings/Resources,WINSyslogClient.WinUI Resources,Workbench_FilterPreset_eval_snmp_version_Description,SNMP version,Adiscon User Interface .resw source; locale=et-EE; revision=edd9fe10d4a120194e4a0a1e60a5d04d661b79ab
WINSyslogClient.WinUI/Strings/Resources,WINSyslogClient.WinUI Resources,Workbench_FilterPreset_eval_snmp_version_Title,Version,Adiscon User Interface .resw source; locale=et-EE; revision=edd9fe10d4a120194e4a0a1e60a5d04d661b79ab
WINSyslogClient.WinUI/Strings/Resources,WINSyslogClient.WinUI Resources,Workbench_FilterPreset_eval_source_Description,Source address,Adiscon User Interface .resw source; locale=et-EE; revision=edd9fe10d4a120194e4a0a1e60a5d04d661b79ab
WINSyslogClient.WinUI/Strings/Resources,WINSyslogClient.WinUI Resources,Workbench_FilterPreset_eval_source_Title,Allikas,Adiscon User Interface .resw source; locale=et-EE; revision=edd9fe10d4a120194e4a0a1e60a5d04d661b79ab
WINSyslogClient.WinUI/Strings/Resources,WINSyslogClient.WinUI Resources,Workbench_FilterPreset_eval_source_ip_type_Description,Source address using IP-aware comparison,Adiscon User Interface .resw source; locale=et-EE; revision=edd9fe10d4a120194e4a0a1e60a5d04d661b79ab
WINSyslogClient.WinUI/Strings/Resources,WINSyslogClient.WinUI Resources,Workbench_FilterPreset_eval_source_ip_type_Title,Source IP type,Adiscon User Interface .resw source; locale=et-EE; revision=edd9fe10d4a120194e4a0a1e60a5d04d661b79ab
WINSyslogClient.WinUI/Strings/Resources,WINSyslogClient.WinUI Resources,Workbench_FilterPreset_eval_status_name_value_Description,Status property name and value,Adiscon User Interface .resw source; locale=et-EE; revision=edd9fe10d4a120194e4a0a1e60a5d04d661b79ab
WINSyslogClient.WinUI/Strings/Resources,WINSyslogClient.WinUI Resources,Workbench_FilterPreset_eval_status_name_value_Title,Status name and value,Adiscon User Interface .resw source; locale=et-EE; revision=edd9fe10d4a120194e4a0a1e60a5d04d661b79ab
WINSyslogClient.WinUI/Strings/Resources,WINSyslogClient.WinUI Resources,Workbench_FilterPreset_eval_syslogappname_Description,Syslog APP-NAME,Adiscon User Interface .resw source; locale=et-EE; revision=edd9fe10d4a120194e4a0a1e60a5d04d661b79ab
WINSyslogClient.WinUI/Strings/Resources,WINSyslogClient.WinUI Resources,Workbench_FilterPreset_eval_syslogappname_Title,Syslog app name,Adiscon User Interface .resw source; locale=et-EE; revision=edd9fe10d4a120194e4a0a1e60a5d04d661b79ab
WINSyslogClient.WinUI/Strings/Resources,WINSyslogClient.WinUI Resources,Workbench_FilterPreset_eval_syslogfacility_Description,Syslog facility,Adiscon User Interface .resw source; locale=et-EE; revision=edd9fe10d4a120194e4a0a1e60a5d04d661b79ab
WINSyslogClient.WinUI/Strings/Resources,WINSyslogClient.WinUI Resources,Workbench_FilterPreset_eval_syslogfacility_Title,Syslog facility,Adiscon User Interface .resw source; locale=et-EE; revision=edd9fe10d4a120194e4a0a1e60a5d04d661b79ab
WINSyslogClient.WinUI/Strings/Resources,WINSyslogClient.WinUI Resources,Workbench_FilterPreset_eval_syslogmsgid_Description,Syslog MSGID,Adiscon User Interface .resw source; locale=et-EE; revision=edd9fe10d4a120194e4a0a1e60a5d04d661b79ab
WINSyslogClient.WinUI/Strings/Resources,WINSyslogClient.WinUI Resources,Workbench_FilterPreset_eval_syslogmsgid_Title,Syslog message ID,Adiscon User Interface .resw source; locale=et-EE; revision=edd9fe10d4a120194e4a0a1e60a5d04d661b79ab
WINSyslogClient.WinUI/Strings/Resources,WINSyslogClient.WinUI Resources,Workbench_FilterPreset_eval_syslogpriority_Description,Syslog priority,Adiscon User Interface .resw source; locale=et-EE; revision=edd9fe10d4a120194e4a0a1e60a5d04d661b79ab
WINSyslogClient.WinUI/Strings/Resources,WINSyslogClient.WinUI Resources,Workbench_FilterPreset_eval_syslogpriority_Title,Syslog priority,Adiscon User Interface .resw source; locale=et-EE; revision=edd9fe10d4a120194e4a0a1e60a5d04d661b79ab
WINSyslogClient.WinUI/Strings/Resources,WINSyslogClient.WinUI Resources,Workbench_FilterPreset_eval_syslogprocid_Description,Syslog ProcID,Adiscon User Interface .resw source; locale=et-EE; revision=edd9fe10d4a120194e4a0a1e60a5d04d661b79ab
WINSyslogClient.WinUI/Strings/Resources,WINSyslogClient.WinUI Resources,Workbench_FilterPreset_eval_syslogprocid_Title,Syslog process ID,Adiscon User Interface .resw source; locale=et-EE; revision=edd9fe10d4a120194e4a0a1e60a5d04d661b79ab
WINSyslogClient.WinUI/Strings/Resources,WINSyslogClient.WinUI Resources,Workbench_FilterPreset_eval_syslogstructdata_Description,Syslog structured data,Adiscon User Interface .resw source; locale=et-EE; revision=edd9fe10d4a120194e4a0a1e60a5d04d661b79ab
WINSyslogClient.WinUI/Strings/Resources,WINSyslogClient.WinUI Resources,Workbench_FilterPreset_eval_syslogstructdata_Title,Syslog structured data,Adiscon User Interface .resw source; locale=et-EE; revision=edd9fe10d4a120194e4a0a1e60a5d04d661b79ab
WINSyslogClient.WinUI/Strings/Resources,WINSyslogClient.WinUI Resources,Workbench_FilterPreset_eval_syslogtag_Description,Syslog Silt,Adiscon User Interface .resw source; locale=et-EE; revision=edd9fe10d4a120194e4a0a1e60a5d04d661b79ab
WINSyslogClient.WinUI/Strings/Resources,WINSyslogClient.WinUI Resources,Workbench_FilterPreset_eval_syslogtag_Title,Syslog Silt,Adiscon User Interface .resw source; locale=et-EE; revision=edd9fe10d4a120194e4a0a1e60a5d04d661b79ab
WINSyslogClient.WinUI/Strings/Resources,WINSyslogClient.WinUI Resources,Workbench_FilterPreset_eval_syslogversion_Description,Syslog protocol version,Adiscon User Interface .resw source; locale=et-EE; revision=edd9fe10d4a120194e4a0a1e60a5d04d661b79ab
WINSyslogClient.WinUI/Strings/Resources,WINSyslogClient.WinUI Resources,Workbench_FilterPreset_eval_syslogversion_Title,Syslog versioon,Adiscon User Interface .resw source; locale=et-EE; revision=edd9fe10d4a120194e4a0a1e60a5d04d661b79ab
WINSyslogClient.WinUI/Strings/Resources,WINSyslogClient.WinUI Resources,Workbench_FilterPreset_eval_systemid_Description,System identifier,Adiscon User Interface .resw source; locale=et-EE; revision=edd9fe10d4a120194e4a0a1e60a5d04d661b79ab
WINSyslogClient.WinUI/Strings/Resources,WINSyslogClient.WinUI Resources,Workbench_FilterPreset_eval_systemid_Title,System ID,Adiscon User Interface .resw source; locale=et-EE; revision=edd9fe10d4a120194e4a0a1e60a5d04d661b79ab
WINSyslogClient.WinUI/Strings/Resources,WINSyslogClient.WinUI Resources,Workbench_FilterPreset_eval_weekday_friday_Description,Jookse reedel,Adiscon User Interface .resw source; locale=et-EE; revision=edd9fe10d4a120194e4a0a1e60a5d04d661b79ab
WINSyslogClient.WinUI/Strings/Resources,WINSyslogClient.WinUI Resources,Workbench_FilterPreset_eval_weekday_friday_Title,Friday,Adiscon User Interface .resw source; locale=et-EE; revision=edd9fe10d4a120194e4a0a1e60a5d04d661b79ab
WINSyslogClient.WinUI/Strings/Resources,WINSyslogClient.WinUI Resources,Workbench_FilterPreset_eval_weekday_monday_Description,Jookse esmaspäeval,Adiscon User Interface .resw source; locale=et-EE; revision=edd9fe10d4a120194e4a0a1e60a5d04d661b79ab
WINSyslogClient.WinUI/Strings/Resources,WINSyslogClient.WinUI Resources,Workbench_FilterPreset_eval_weekday_monday_Title,Monday,Adiscon User Interface .resw source; locale=et-EE; revision=edd9fe10d4a120194e4a0a1e60a5d04d661b79ab
WINSyslogClient.WinUI/Strings/Resources,WINSyslogClient.WinUI Resources,Workbench_FilterPreset_eval_weekday_saturday_Description,Jookse laupäeval,Adiscon User Interface .resw source; locale=et-EE; revision=edd9fe10d4a120194e4a0a1e60a5d04d661b79ab
WINSyslogClient.WinUI/Strings/Resources,WINSyslogClient.WinUI Resources,Workbench_FilterPreset_eval_weekday_saturday_Title,Saturday,Adiscon User Interface .resw source; locale=et-EE; revision=edd9fe10d4a120194e4a0a1e60a5d04d661b79ab
WINSyslogClient.WinUI/Strings/Resources,WINSyslogClient.WinUI Resources,Workbench_FilterPreset_eval_weekday_sunday_Description,Jookse pühapäeval,Adiscon User Interface .resw source; locale=et-EE; revision=edd9fe10d4a120194e4a0a1e60a5d04d661b79ab
WINSyslogClient.WinUI/Strings/Resources,WINSyslogClient.WinUI Resources,Workbench_FilterPreset_eval_weekday_sunday_Title,Sunday,Adiscon User Interface .resw source; locale=et-EE; revision=edd9fe10d4a120194e4a0a1e60a5d04d661b79ab
WINSyslogClient.WinUI/Strings/Resources,WINSyslogClient.WinUI Resources,Workbench_FilterPreset_eval_weekday_thursday_Description,Jookse neljapäeval,Adiscon User Interface .resw source; locale=et-EE; revision=edd9fe10d4a120194e4a0a1e60a5d04d661b79ab
WINSyslogClient.WinUI/Strings/Resources,WINSyslogClient.WinUI Resources,Workbench_FilterPreset_eval_weekday_thursday_Title,Thursday,Adiscon User Interface .resw source; locale=et-EE; revision=edd9fe10d4a120194e4a0a1e60a5d04d661b79ab
WINSyslogClient.WinUI/Strings/Resources,WINSyslogClient.WinUI Resources,Workbench_FilterPreset_eval_weekday_tuesday_Description,Jookse teisipäeval,Adiscon User Interface .resw source; locale=et-EE; revision=edd9fe10d4a120194e4a0a1e60a5d04d661b79ab
WINSyslogClient.WinUI/Strings/Resources,WINSyslogClient.WinUI Resources,Workbench_FilterPreset_eval_weekday_tuesday_Title,Tuesday,Adiscon User Interface .resw source; locale=et-EE; revision=edd9fe10d4a120194e4a0a1e60a5d04d661b79ab
WINSyslogClient.WinUI/Strings/Resources,WINSyslogClient.WinUI Resources,Workbench_FilterPreset_eval_weekday_wednesday_Description,Jookse kolmapäeval,Adiscon User Interface .resw source; locale=et-EE; revision=edd9fe10d4a120194e4a0a1e60a5d04d661b79ab
WINSyslogClient.WinUI/Strings/Resources,WINSyslogClient.WinUI Resources,Workbench_FilterPreset_eval_weekday_wednesday_Title,Wednesday,Adiscon User Interface .resw source; locale=et-EE; revision=edd9fe10d4a120194e4a0a1e60a5d04d661b79ab
WINSyslogClient.WinUI/Strings/Resources,WINSyslogClient.WinUI Resources,Workbench_FilterPreset_op_and_Description,All children must match,Adiscon User Interface .resw source; locale=et-EE; revision=edd9fe10d4a120194e4a0a1e60a5d04d661b79ab
WINSyslogClient.WinUI/Strings/Resources,WINSyslogClient.WinUI Resources,Workbench_FilterPreset_op_and_Title,AND,Adiscon User Interface .resw source; locale=et-EE; revision=edd9fe10d4a120194e4a0a1e60a5d04d661b79ab
WINSyslogClient.WinUI/Strings/Resources,WINSyslogClient.WinUI Resources,Workbench_FilterPreset_op_false_Description,Always false,Adiscon User Interface .resw source; locale=et-EE; revision=edd9fe10d4a120194e4a0a1e60a5d04d661b79ab
WINSyslogClient.WinUI/Strings/Resources,WINSyslogClient.WinUI Resources,Workbench_FilterPreset_op_false_Title,FALSE,Adiscon User Interface .resw source; locale=et-EE; revision=edd9fe10d4a120194e4a0a1e60a5d04d661b79ab
WINSyslogClient.WinUI/Strings/Resources,WINSyslogClient.WinUI Resources,Workbench_FilterPreset_op_not_Description,Negates one child,Adiscon User Interface .resw source; locale=et-EE; revision=edd9fe10d4a120194e4a0a1e60a5d04d661b79ab
WINSyslogClient.WinUI/Strings/Resources,WINSyslogClient.WinUI Resources,Workbench_FilterPreset_op_not_Title,NOT,Adiscon User Interface .resw source; locale=et-EE; revision=edd9fe10d4a120194e4a0a1e60a5d04d661b79ab
WINSyslogClient.WinUI/Strings/Resources,WINSyslogClient.WinUI Resources,Workbench_FilterPreset_op_or_Description,Any child may match,Adiscon User Interface .resw source; locale=et-EE; revision=edd9fe10d4a120194e4a0a1e60a5d04d661b79ab
WINSyslogClient.WinUI/Strings/Resources,WINSyslogClient.WinUI Resources,Workbench_FilterPreset_op_or_Title,OR,Adiscon User Interface .resw source; locale=et-EE; revision=edd9fe10d4a120194e4a0a1e60a5d04d661b79ab
WINSyslogClient.WinUI/Strings/Resources,WINSyslogClient.WinUI Resources,Workbench_FilterPreset_op_true_Description,Always true,Adiscon User Interface .resw source; locale=et-EE; revision=edd9fe10d4a120194e4a0a1e60a5d04d661b79ab
WINSyslogClient.WinUI/Strings/Resources,WINSyslogClient.WinUI Resources,Workbench_FilterPreset_op_true_Title,TRUE,Adiscon User Interface .resw source; locale=et-EE; revision=edd9fe10d4a120194e4a0a1e60a5d04d661b79ab
WINSyslogClient.WinUI/Strings/Resources,WINSyslogClient.WinUI Resources,Workbench_FilterPreset_op_xor_Description,Exactly one child may match,Adiscon User Interface .resw source; locale=et-EE; revision=edd9fe10d4a120194e4a0a1e60a5d04d661b79ab
WINSyslogClient.WinUI/Strings/Resources,WINSyslogClient.WinUI Resources,Workbench_FilterPreset_op_xor_Title,XOR,Adiscon User Interface .resw source; locale=et-EE; revision=edd9fe10d4a120194e4a0a1e60a5d04d661b79ab
WINSyslogClient.WinUI/Strings/Resources,WINSyslogClient.WinUI Resources,Workbench_FilterRoot_Help,Root of the rule condition tree. Add operator or condition filters below this item.,Adiscon User Interface .resw source; locale=et-EE; revision=edd9fe10d4a120194e4a0a1e60a5d04d661b79ab
WINSyslogClient.WinUI/Strings/Resources,WINSyslogClient.WinUI Resources,Workbench_FilterRoot_Name,Filter root,Adiscon User Interface .resw source; locale=et-EE; revision=edd9fe10d4a120194e4a0a1e60a5d04d661b79ab
WINSyslogClient.WinUI/Strings/Resources,WINSyslogClient.WinUI Resources,Workbench_RuleTemplate_Empty_Description,Loo reegel ilma toiminguta.,Adiscon User Interface .resw source; locale=et-EE; revision=edd9fe10d4a120194e4a0a1e60a5d04d661b79ab
WINSyslogClient.WinUI/Strings/Resources,WINSyslogClient.WinUI Resources,Workbench_RuleTemplate_Empty_Title,Tühi reegel,Adiscon User Interface .resw source; locale=et-EE; revision=edd9fe10d4a120194e4a0a1e60a5d04d661b79ab
WINSyslogClient.WinUI/Strings/Resources,WINSyslogClient.WinUI Resources,Workbench_RuleTemplate_WithAction_Description,Loo reegel ja vali selle esimene toiming.,Adiscon User Interface .resw source; locale=et-EE; revision=edd9fe10d4a120194e4a0a1e60a5d04d661b79ab
WINSyslogClient.WinUI/Strings/Resources,WINSyslogClient.WinUI Resources,Workbench_RuleTemplate_WithAction_Title,Toiminguga reegel,Adiscon User Interface .resw source; locale=et-EE; revision=edd9fe10d4a120194e4a0a1e60a5d04d661b79ab
WINSyslogClient.WinUI/Strings/Resources,WINSyslogClient.WinUI Resources,bAbortRuleOnFailure,"Kas katkestada reegli täitmine, kui üks reegel ebaõnnestub?",Adiscon User Interface .resw source; locale=et-EE; revision=edd9fe10d4a120194e4a0a1e60a5d04d661b79ab
WINSyslogClient.WinUI/Strings/Resources,WINSyslogClient.WinUI Resources,bAddFacilityString,Lisage Facilitystring,Adiscon User Interface .resw source; locale=et-EE; revision=edd9fe10d4a120194e4a0a1e60a5d04d661b79ab
WINSyslogClient.WinUI/Strings/Resources,WINSyslogClient.WinUI Resources,bAutoReloadRandomDelay,Lubage uute konfiguratsioonide kontrollimisel juhuslik ooteaja viivitus,Adiscon User Interface .resw source; locale=et-EE; revision=edd9fe10d4a120194e4a0a1e60a5d04d661b79ab
WINSyslogClient.WinUI/Strings/Resources,WINSyslogClient.WinUI Resources,bIgnoreTlsCertificateErrors,Ignoreeri TLS sertifikaadi vigu,Adiscon User Interface .resw source; locale=et-EE; revision=edd9fe10d4a120194e4a0a1e60a5d04d661b79ab
WINSyslogClient.WinUI/Strings/Resources,WINSyslogClient.WinUI Resources,bIndicateErrorToOrigin,Kas teavitada saatjat reegli toimingu vigadest?,Adiscon User Interface .resw source; locale=et-EE; revision=edd9fe10d4a120194e4a0a1e60a5d04d661b79ab
WINSyslogClient.WinUI/Strings/Resources,WINSyslogClient.WinUI Resources,bIsRegex_,Luba regulaaravaldis,Adiscon User Interface .resw source; locale=et-EE; revision=edd9fe10d4a120194e4a0a1e60a5d04d661b79ab
WINSyslogClient.WinUI/Strings/Resources,WINSyslogClient.WinUI Resources,bReportInXML,Kasutage teatamiseks XML-i,Adiscon User Interface .resw source; locale=et-EE; revision=edd9fe10d4a120194e4a0a1e60a5d04d661b79ab
WINSyslogClient.WinUI/Strings/Resources,WINSyslogClient.WinUI Resources,bReportTruncatedLog,Teata kärbitud logist,Adiscon User Interface .resw source; locale=et-EE; revision=edd9fe10d4a120194e4a0a1e60a5d04d661b79ab
WINSyslogClient.WinUI/Strings/Resources,WINSyslogClient.WinUI Resources,bShowEvtChannelAdmin,Kuva töö-/halduskanalid,Adiscon User Interface .resw source; locale=et-EE; revision=edd9fe10d4a120194e4a0a1e60a5d04d661b79ab
WINSyslogClient.WinUI/Strings/Resources,WINSyslogClient.WinUI Resources,bShowEvtChannelDebug,Kuva silumis-/analüütilised kanalid,Adiscon User Interface .resw source; locale=et-EE; revision=edd9fe10d4a120194e4a0a1e60a5d04d661b79ab
WINSyslogClient.WinUI/Strings/Resources,WINSyslogClient.WinUI Resources,bShowSyslogMsgNbr,Syslog Sõnuminumbrid,Adiscon User Interface .resw source; locale=et-EE; revision=edd9fe10d4a120194e4a0a1e60a5d04d661b79ab
WINSyslogClient.WinUI/Strings/Resources,WINSyslogClient.WinUI Resources,bUseCustomEventLog,Luba kohandatud sündmustelogi kanal,Adiscon User Interface .resw source; locale=et-EE; revision=edd9fe10d4a120194e4a0a1e60a5d04d661b79ab
WINSyslogClient.WinUI/Strings/Resources,WINSyslogClient.WinUI Resources,bUseLegacyFormat,Kasutage pärandvormingut,Adiscon User Interface .resw source; locale=et-EE; revision=edd9fe10d4a120194e4a0a1e60a5d04d661b79ab
WINSyslogClient.WinUI/Strings/Resources,WINSyslogClient.WinUI Resources,bUseTLS,Kasutage TLS/SSL-krüptimist,Adiscon User Interface .resw source; locale=et-EE; revision=edd9fe10d4a120194e4a0a1e60a5d04d661b79ab
WINSyslogClient.WinUI/Strings/Resources,WINSyslogClient.WinUI Resources,btnButtonDBMonReloadLastPos,Laadi uuesti DB indeksi number,Adiscon User Interface .resw source; locale=et-EE; revision=edd9fe10d4a120194e4a0a1e60a5d04d661b79ab
WINSyslogClient.WinUI/Strings/Resources,WINSyslogClient.WinUI Resources,btnButtonFileMonResetAllLastPos,Lähtestage kõik positsiooniloendurid,Adiscon User Interface .resw source; locale=et-EE; revision=edd9fe10d4a120194e4a0a1e60a5d04d661b79ab
WINSyslogClient.WinUI/Strings/Resources,WINSyslogClient.WinUI Resources,btnButtonPassiveSyslogTest,Testige passiivset Syslogserverit,Adiscon User Interface .resw source; locale=et-EE; revision=edd9fe10d4a120194e4a0a1e60a5d04d661b79ab
WINSyslogClient.WinUI/Strings/Resources,WINSyslogClient.WinUI Resources,btnButtonResetLastPos,Lähtestage DB indeksi number,Adiscon User Interface .resw source; locale=et-EE; revision=edd9fe10d4a120194e4a0a1e60a5d04d661b79ab
WINSyslogClient.WinUI/Strings/Resources,WINSyslogClient.WinUI Resources,btnButtonSendSyslog,Testige Syslog serverit,Adiscon User Interface .resw source; locale=et-EE; revision=edd9fe10d4a120194e4a0a1e60a5d04d661b79ab
WINSyslogClient.WinUI/Strings/Resources,WINSyslogClient.WinUI Resources,btnCreateDB,Loo andmebaas,Adiscon User Interface .resw source; locale=et-EE; revision=edd9fe10d4a120194e4a0a1e60a5d04d661b79ab
WINSyslogClient.WinUI/Strings/Resources,WINSyslogClient.WinUI Resources,btnEventLogDeSelectAll,Kustutage valik Kõik,Adiscon User Interface .resw source; locale=et-EE; revision=edd9fe10d4a120194e4a0a1e60a5d04d661b79ab
WINSyslogClient.WinUI/Strings/Resources,WINSyslogClient.WinUI Resources,btnEventLogReloadLastRecords,Laadige uuesti kõik viimased kirjed,Adiscon User Interface .resw source; locale=et-EE; revision=edd9fe10d4a120194e4a0a1e60a5d04d661b79ab
WINSyslogClient.WinUI/Strings/Resources,WINSyslogClient.WinUI Resources,btnEventLogRemoveDead,Eemaldage olemasolevad kanalid,Adiscon User Interface .resw source; locale=et-EE; revision=edd9fe10d4a120194e4a0a1e60a5d04d661b79ab
WINSyslogClient.WinUI/Strings/Resources,WINSyslogClient.WinUI Resources,btnEventLogResetLastRecords,Lähtestage kõik viimased kirjed,Adiscon User Interface .resw source; locale=et-EE; revision=edd9fe10d4a120194e4a0a1e60a5d04d661b79ab
WINSyslogClient.WinUI/Strings/Resources,WINSyslogClient.WinUI Resources,btnEventLogScan,(Uuesti) otsige EventLog kanaleid,Adiscon User Interface .resw source; locale=et-EE; revision=edd9fe10d4a120194e4a0a1e60a5d04d661b79ab
WINSyslogClient.WinUI/Strings/Resources,WINSyslogClient.WinUI Resources,btnEventLogSelectAll,Valige Kõik,Adiscon User Interface .resw source; locale=et-EE; revision=edd9fe10d4a120194e4a0a1e60a5d04d661b79ab
WINSyslogClient.WinUI/Strings/Resources,WINSyslogClient.WinUI Resources,btnPostProcessImport,Impordi reeglid,Adiscon User Interface .resw source; locale=et-EE; revision=edd9fe10d4a120194e4a0a1e60a5d04d661b79ab
WINSyslogClient.WinUI/Strings/Resources,WINSyslogClient.WinUI Resources,btnPostProcessSave,Ekspordi reeglid,Adiscon User Interface .resw source; locale=et-EE; revision=edd9fe10d4a120194e4a0a1e60a5d04d661b79ab
WINSyslogClient.WinUI/Strings/Resources,WINSyslogClient.WinUI Resources,btnReloadLastRecordV1,Laadi uuesti,Adiscon User Interface .resw source; locale=et-EE; revision=edd9fe10d4a120194e4a0a1e60a5d04d661b79ab
WINSyslogClient.WinUI/Strings/Resources,WINSyslogClient.WinUI Resources,btnReloadLastRecordV2,Laadi uuesti,Adiscon User Interface .resw source; locale=et-EE; revision=edd9fe10d4a120194e4a0a1e60a5d04d661b79ab
WINSyslogClient.WinUI/Strings/Resources,WINSyslogClient.WinUI Resources,btnResetLastRecordV1,Lähtesta,Adiscon User Interface .resw source; locale=et-EE; revision=edd9fe10d4a120194e4a0a1e60a5d04d661b79ab
WINSyslogClient.WinUI/Strings/Resources,WINSyslogClient.WinUI Resources,btnResetLastRecordV2,Lähtesta,Adiscon User Interface .resw source; locale=et-EE; revision=edd9fe10d4a120194e4a0a1e60a5d04d661b79ab
WINSyslogClient.WinUI/Strings/Resources,WINSyslogClient.WinUI Resources,btnRestOutputResetJsonProperties,Lähtesta vorming,Adiscon User Interface .resw source; locale=et-EE; revision=edd9fe10d4a120194e4a0a1e60a5d04d661b79ab
WINSyslogClient.WinUI/Strings/Resources,WINSyslogClient.WinUI Resources,btnRun,Jookse,Adiscon User Interface .resw source; locale=et-EE; revision=edd9fe10d4a120194e4a0a1e60a5d04d661b79ab
WINSyslogClient.WinUI/Strings/Resources,WINSyslogClient.WinUI Resources,btnVerifyEvtV1,Ühenduse kinnitamine,Adiscon User Interface .resw source; locale=et-EE; revision=edd9fe10d4a120194e4a0a1e60a5d04d661b79ab
WINSyslogClient.WinUI/Strings/Resources,WINSyslogClient.WinUI Resources,btnVerifyEvtV2,Ühenduse kinnitamine,Adiscon User Interface .resw source; locale=et-EE; revision=edd9fe10d4a120194e4a0a1e60a5d04d661b79ab
WINSyslogClient.WinUI/Strings/Resources,WINSyslogClient.WinUI Resources,btnszODBCDsn,Konfigureerige DSN,Adiscon User Interface .resw source; locale=et-EE; revision=edd9fe10d4a120194e4a0a1e60a5d04d661b79ab
WINSyslogClient.WinUI/Strings/Resources,WINSyslogClient.WinUI Resources,chkeventchannels,Luba,Adiscon User Interface .resw source; locale=et-EE; revision=edd9fe10d4a120194e4a0a1e60a5d04d661b79ab
WINSyslogClient.WinUI/Strings/Resources,WINSyslogClient.WinUI Resources,datafields,Andmeväljad,Adiscon User Interface .resw source; locale=et-EE; revision=edd9fe10d4a120194e4a0a1e60a5d04d661b79ab
WINSyslogClient.WinUI/Strings/Resources,WINSyslogClient.WinUI Resources,eventchannels,Sündmuste logi kanalid,Adiscon User Interface .resw source; locale=et-EE; revision=edd9fe10d4a120194e4a0a1e60a5d04d661b79ab
WINSyslogClient.WinUI/Strings/Resources,WINSyslogClient.WinUI Resources,fileitems,Töödeldud fail,Adiscon User Interface .resw source; locale=et-EE; revision=edd9fe10d4a120194e4a0a1e60a5d04d661b79ab
WINSyslogClient.WinUI/Strings/Resources,WINSyslogClient.WinUI Resources,hostlist,Võõrustajate nimekiri,Adiscon User Interface .resw source; locale=et-EE; revision=edd9fe10d4a120194e4a0a1e60a5d04d661b79ab
WINSyslogClient.WinUI/Strings/Resources,WINSyslogClient.WinUI Resources,iLastDBID,Viimane DB indeks,Adiscon User Interface .resw source; locale=et-EE; revision=edd9fe10d4a120194e4a0a1e60a5d04d661b79ab
WINSyslogClient.WinUI/Strings/Resources,WINSyslogClient.WinUI Resources,interactive_path,Rakenduse tee && failinimi,Adiscon User Interface .resw source; locale=et-EE; revision=edd9fe10d4a120194e4a0a1e60a5d04d661b79ab
WINSyslogClient.WinUI/Strings/Resources,WINSyslogClient.WinUI Resources,lblDecrement,Väärtuse vähendamine (-),Adiscon User Interface .resw source; locale=et-EE; revision=edd9fe10d4a120194e4a0a1e60a5d04d661b79ab
WINSyslogClient.WinUI/Strings/Resources,WINSyslogClient.WinUI Resources,lblIncrement,Suurenda väärtust (+),Adiscon User Interface .resw source; locale=et-EE; revision=edd9fe10d4a120194e4a0a1e60a5d04d661b79ab
WINSyslogClient.WinUI/Strings/Resources,WINSyslogClient.WinUI Resources,lbl_EventLogSource_Replace,Asenda sündmuste logi allikas,Adiscon User Interface .resw source; locale=et-EE; revision=edd9fe10d4a120194e4a0a1e60a5d04d661b79ab
WINSyslogClient.WinUI/Strings/Resources,WINSyslogClient.WinUI Resources,lbl_EventLogSource_Service,Kasutage teenuse logiallikat,Adiscon User Interface .resw source; locale=et-EE; revision=edd9fe10d4a120194e4a0a1e60a5d04d661b79ab
WINSyslogClient.WinUI/Strings/Resources,WINSyslogClient.WinUI Resources,lbl_nAction1,Alusta,Adiscon User Interface .resw source; locale=et-EE; revision=edd9fe10d4a120194e4a0a1e60a5d04d661b79ab
WINSyslogClient.WinUI/Strings/Resources,WINSyslogClient.WinUI Resources,lbl_nAction2,Peatus,Adiscon User Interface .resw source; locale=et-EE; revision=edd9fe10d4a120194e4a0a1e60a5d04d661b79ab
WINSyslogClient.WinUI/Strings/Resources,WINSyslogClient.WinUI Resources,lbl_nAction3,Taaskäivitage,Adiscon User Interface .resw source; locale=et-EE; revision=edd9fe10d4a120194e4a0a1e60a5d04d661b79ab
WINSyslogClient.WinUI/Strings/Resources,WINSyslogClient.WinUI Resources,lbl_nAction4,Paus,Adiscon User Interface .resw source; locale=et-EE; revision=edd9fe10d4a120194e4a0a1e60a5d04d661b79ab
WINSyslogClient.WinUI/Strings/Resources,WINSyslogClient.WinUI Resources,lbl_nAction5,Tühista paus,Adiscon User Interface .resw source; locale=et-EE; revision=edd9fe10d4a120194e4a0a1e60a5d04d661b79ab
WINSyslogClient.WinUI/Strings/Resources,WINSyslogClient.WinUI Resources,lbl_nMessageMode_csv,CSV (komadega eraldatud väärtused),Adiscon User Interface .resw source; locale=et-EE; revision=edd9fe10d4a120194e4a0a1e60a5d04d661b79ab
WINSyslogClient.WinUI/Strings/Resources,WINSyslogClient.WinUI Resources,lbl_nMessageMode_custom,Kohandatud,Adiscon User Interface .resw source; locale=et-EE; revision=edd9fe10d4a120194e4a0a1e60a5d04d661b79ab
WINSyslogClient.WinUI/Strings/Resources,WINSyslogClient.WinUI Resources,lbl_nMessageMode_none,Mitte ühtegi,Adiscon User Interface .resw source; locale=et-EE; revision=edd9fe10d4a120194e4a0a1e60a5d04d661b79ab
WINSyslogClient.WinUI/Strings/Resources,WINSyslogClient.WinUI Resources,lbl_procmode0,Sünkroontöötlus (oodake lõpetamist),Adiscon User Interface .resw source; locale=et-EE; revision=edd9fe10d4a120194e4a0a1e60a5d04d661b79ab
WINSyslogClient.WinUI/Strings/Resources,WINSyslogClient.WinUI Resources,lbl_procmode1,Asünkroonne töötlemine,Adiscon User Interface .resw source; locale=et-EE; revision=edd9fe10d4a120194e4a0a1e60a5d04d661b79ab
WINSyslogClient.WinUI/Strings/Resources,WINSyslogClient.WinUI Resources,lbl_request_get,SAADA,Adiscon User Interface .resw source; locale=et-EE; revision=edd9fe10d4a120194e4a0a1e60a5d04d661b79ab
WINSyslogClient.WinUI/Strings/Resources,WINSyslogClient.WinUI Resources,lbl_request_head,PEA,Adiscon User Interface .resw source; locale=et-EE; revision=edd9fe10d4a120194e4a0a1e60a5d04d661b79ab
WINSyslogClient.WinUI/Strings/Resources,WINSyslogClient.WinUI Resources,lbl_syslogRFC3195,RFC3195,Adiscon User Interface .resw source; locale=et-EE; revision=edd9fe10d4a120194e4a0a1e60a5d04d661b79ab
WINSyslogClient.WinUI/Strings/Resources,WINSyslogClient.WinUI Resources,lbl_syslogRFC3195RAW,RFC3195 töötlemata,Adiscon User Interface .resw source; locale=et-EE; revision=edd9fe10d4a120194e4a0a1e60a5d04d661b79ab
WINSyslogClient.WinUI/Strings/Resources,WINSyslogClient.WinUI Resources,lbl_syslogTCP,TCP,Adiscon User Interface .resw source; locale=et-EE; revision=edd9fe10d4a120194e4a0a1e60a5d04d661b79ab
WINSyslogClient.WinUI/Strings/Resources,WINSyslogClient.WinUI Resources,lbl_syslogTCPOctetCount,"TCP (püsiv ühendus, oktetipõhine raamimine)",Adiscon User Interface .resw source; locale=et-EE; revision=edd9fe10d4a120194e4a0a1e60a5d04d661b79ab
WINSyslogClient.WinUI/Strings/Resources,WINSyslogClient.WinUI Resources,lbl_syslogTCPOneMSG,"TCP (EI SOOVITATA, üks sõnum ühenduse kohta)",Adiscon User Interface .resw source; locale=et-EE; revision=edd9fe10d4a120194e4a0a1e60a5d04d661b79ab
WINSyslogClient.WinUI/Strings/Resources,WINSyslogClient.WinUI Resources,lbl_syslogTCPPersistant,TCP (püsiv ühendus),Adiscon User Interface .resw source; locale=et-EE; revision=edd9fe10d4a120194e4a0a1e60a5d04d661b79ab
WINSyslogClient.WinUI/Strings/Resources,WINSyslogClient.WinUI Resources,lbl_syslogUDP,UDP,Adiscon User Interface .resw source; locale=et-EE; revision=edd9fe10d4a120194e4a0a1e60a5d04d661b79ab
WINSyslogClient.WinUI/Strings/Resources,WINSyslogClient.WinUI Resources,loganalyzer_path,Rakenduse tee && failinimi,Adiscon User Interface .resw source; locale=et-EE; revision=edd9fe10d4a120194e4a0a1e60a5d04d661b79ab
WINSyslogClient.WinUI/Strings/Resources,WINSyslogClient.WinUI Resources,logfilemgr_path,Rakenduse tee && failinimi,Adiscon User Interface .resw source; locale=et-EE; revision=edd9fe10d4a120194e4a0a1e60a5d04d661b79ab
WINSyslogClient.WinUI/Strings/Resources,WINSyslogClient.WinUI Resources,logsearch_path,Rakenduse tee && failinimi,Adiscon User Interface .resw source; locale=et-EE; revision=edd9fe10d4a120194e4a0a1e60a5d04d661b79ab
WINSyslogClient.WinUI/Strings/Resources,WINSyslogClient.WinUI Resources,msgseps,Sõnumi eraldajate loend,Adiscon User Interface .resw source; locale=et-EE; revision=edd9fe10d4a120194e4a0a1e60a5d04d661b79ab
WINSyslogClient.WinUI/Strings/Resources,WINSyslogClient.WinUI Resources,nAction,Tehtav toiming,Adiscon User Interface .resw source; locale=et-EE; revision=edd9fe10d4a120194e4a0a1e60a5d04d661b79ab
WINSyslogClient.WinUI/Strings/Resources,WINSyslogClient.WinUI Resources,nAddLogType,Lisa logitüüp,Adiscon User Interface .resw source; locale=et-EE; revision=edd9fe10d4a120194e4a0a1e60a5d04d661b79ab
WINSyslogClient.WinUI/Strings/Resources,WINSyslogClient.WinUI Resources,nAddMibDescriptionToMsg,"Lisage Mibname järele MIB-i kirjeldus (tähelepanu, võib olla palju teavet!)",Adiscon User Interface .resw source; locale=et-EE; revision=edd9fe10d4a120194e4a0a1e60a5d04d661b79ab
WINSyslogClient.WinUI/Strings/Resources,WINSyslogClient.WinUI Resources,nAddUserName,Lisa kasutajanimi,Adiscon User Interface .resw source; locale=et-EE; revision=edd9fe10d4a120194e4a0a1e60a5d04d661b79ab
WINSyslogClient.WinUI/Strings/Resources,WINSyslogClient.WinUI Resources,nApiReadMode,Töötlemisrežiim,Adiscon User Interface .resw source; locale=et-EE; revision=edd9fe10d4a120194e4a0a1e60a5d04d661b79ab
WINSyslogClient.WinUI/Strings/Resources,WINSyslogClient.WinUI Resources,nApiReadMode_Polling,Sündmuste logi küsitlus (uneaeg),Adiscon User Interface .resw source; locale=et-EE; revision=edd9fe10d4a120194e4a0a1e60a5d04d661b79ab
WINSyslogClient.WinUI/Strings/Resources,WINSyslogClient.WinUI Resources,nApiReadMode_Subscription,Sündmuste logi tellimus (reaalajas),Adiscon User Interface .resw source; locale=et-EE; revision=edd9fe10d4a120194e4a0a1e60a5d04d661b79ab
WINSyslogClient.WinUI/Strings/Resources,WINSyslogClient.WinUI Resources,nAsyncMaxProc,Async Max protsessid,Adiscon User Interface .resw source; locale=et-EE; revision=edd9fe10d4a120194e4a0a1e60a5d04d661b79ab
WINSyslogClient.WinUI/Strings/Resources,WINSyslogClient.WinUI Resources,nAutoReloadDelayTime,Maksimaalne juhuslik viivitusaeg,Adiscon User Interface .resw source; locale=et-EE; revision=edd9fe10d4a120194e4a0a1e60a5d04d661b79ab
WINSyslogClient.WinUI/Strings/Resources,WINSyslogClient.WinUI Resources,nBps,Bitti sekundis,Adiscon User Interface .resw source; locale=et-EE; revision=edd9fe10d4a120194e4a0a1e60a5d04d661b79ab
WINSyslogClient.WinUI/Strings/Resources,WINSyslogClient.WinUI Resources,nCPUEnable,Luba CPU kontroll,Adiscon User Interface .resw source; locale=et-EE; revision=edd9fe10d4a120194e4a0a1e60a5d04d661b79ab
WINSyslogClient.WinUI/Strings/Resources,WINSyslogClient.WinUI Resources,nCPUOccurences,Esinemised kuni CPU alarmi tõstmiseni,Adiscon User Interface .resw source; locale=et-EE; revision=edd9fe10d4a120194e4a0a1e60a5d04d661b79ab
WINSyslogClient.WinUI/Strings/Resources,WINSyslogClient.WinUI Resources,nCPUReportIfBelowAlarm,"Teatage ka sellest, kui CPULe on häiretasemest madalam",Adiscon User Interface .resw source; locale=et-EE; revision=edd9fe10d4a120194e4a0a1e60a5d04d661b79ab
WINSyslogClient.WinUI/Strings/Resources,WINSyslogClient.WinUI Resources,nCPUSingle,Ainult mitmeprotsessoriliste süsteemide puhul: aruanne iga CPU kohta,Adiscon User Interface .resw source; locale=et-EE; revision=edd9fe10d4a120194e4a0a1e60a5d04d661b79ab
WINSyslogClient.WinUI/Strings/Resources,WINSyslogClient.WinUI Resources,nCPUUsageAlarmLevel,CPU kasutuse häiretase,Adiscon User Interface .resw source; locale=et-EE; revision=edd9fe10d4a120194e4a0a1e60a5d04d661b79ab
WINSyslogClient.WinUI/Strings/Resources,WINSyslogClient.WinUI Resources,nCacheEventCategory,Vahemälu sündmuse kategooria (ülesande väli),Adiscon User Interface .resw source; locale=et-EE; revision=edd9fe10d4a120194e4a0a1e60a5d04d661b79ab
WINSyslogClient.WinUI/Strings/Resources,WINSyslogClient.WinUI Resources,nCacheEventKeyword,Vahemälu sündmuse märksõna,Adiscon User Interface .resw source; locale=et-EE; revision=edd9fe10d4a120194e4a0a1e60a5d04d661b79ab
WINSyslogClient.WinUI/Strings/Resources,WINSyslogClient.WinUI Resources,nCacheEventLevel,"Vahemälu sündmuste tasemed (nagu hoiatus, teave, tõrge)",Adiscon User Interface .resw source; locale=et-EE; revision=edd9fe10d4a120194e4a0a1e60a5d04d661b79ab
WINSyslogClient.WinUI/Strings/Resources,WINSyslogClient.WinUI Resources,nCacheEventPublisher,Vahemälu sündmuste avaldaja käepidemed (sündmuse allikas),Adiscon User Interface .resw source; locale=et-EE; revision=edd9fe10d4a120194e4a0a1e60a5d04d661b79ab
WINSyslogClient.WinUI/Strings/Resources,WINSyslogClient.WinUI Resources,nCacheNameEntry,Vahemälu lahendas hosti kirje,Adiscon User Interface .resw source; locale=et-EE; revision=edd9fe10d4a120194e4a0a1e60a5d04d661b79ab
WINSyslogClient.WinUI/Strings/Resources,WINSyslogClient.WinUI Resources,nChangeVal,Operatsiooni väärtus,Adiscon User Interface .resw source; locale=et-EE; revision=edd9fe10d4a120194e4a0a1e60a5d04d661b79ab
WINSyslogClient.WinUI/Strings/Resources,WINSyslogClient.WinUI Resources,nCheckAutoBackupLogFiles,Kontrollige Windowsi tehtud varukoopiate logifaile (vt KB312571),Adiscon User Interface .resw source; locale=et-EE; revision=edd9fe10d4a120194e4a0a1e60a5d04d661b79ab
WINSyslogClient.WinUI/Strings/Resources,WINSyslogClient.WinUI Resources,nCheckPort,SNMP Port,Adiscon User Interface .resw source; locale=et-EE; revision=edd9fe10d4a120194e4a0a1e60a5d04d661b79ab
WINSyslogClient.WinUI/Strings/Resources,WINSyslogClient.WinUI Resources,nCircularLogging,Kasutage ringikujulist logimist,Adiscon User Interface .resw source; locale=et-EE; revision=edd9fe10d4a120194e4a0a1e60a5d04d661b79ab
WINSyslogClient.WinUI/Strings/Resources,WINSyslogClient.WinUI Resources,nCleanFileHandlesTimeout,"Aegumine, kuni kasutamata failikäepidemed suletakse",Adiscon User Interface .resw source; locale=et-EE; revision=edd9fe10d4a120194e4a0a1e60a5d04d661b79ab
WINSyslogClient.WinUI/Strings/Resources,WINSyslogClient.WinUI Resources,nClearEventLog,Tühjenda sündmuste logi käsitlemine,Adiscon User Interface .resw source; locale=et-EE; revision=edd9fe10d4a120194e4a0a1e60a5d04d661b79ab
WINSyslogClient.WinUI/Strings/Resources,WINSyslogClient.WinUI Resources,nCompLevel,Kompressioonitase,Adiscon User Interface .resw source; locale=et-EE; revision=edd9fe10d4a120194e4a0a1e60a5d04d661b79ab
WINSyslogClient.WinUI/Strings/Resources,WINSyslogClient.WinUI Resources,nCompressControlChars,Tihendage tühikud ja eemaldage juhtmärgid,Adiscon User Interface .resw source; locale=et-EE; revision=edd9fe10d4a120194e4a0a1e60a5d04d661b79ab
WINSyslogClient.WinUI/Strings/Resources,WINSyslogClient.WinUI Resources,nCompressOutputFormat,Väljundvormingu tihendamine (eemaldage tühikud/jutumärgid),Adiscon User Interface .resw source; locale=et-EE; revision=edd9fe10d4a120194e4a0a1e60a5d04d661b79ab
WINSyslogClient.WinUI/Strings/Resources,WINSyslogClient.WinUI Resources,nCompressSpaces,Tihendage tühikud,Adiscon User Interface .resw source; locale=et-EE; revision=edd9fe10d4a120194e4a0a1e60a5d04d661b79ab
WINSyslogClient.WinUI/Strings/Resources,WINSyslogClient.WinUI Resources,nCompressionLevel,Kompressioonitase,Adiscon User Interface .resw source; locale=et-EE; revision=edd9fe10d4a120194e4a0a1e60a5d04d661b79ab
WINSyslogClient.WinUI/Strings/Resources,WINSyslogClient.WinUI Resources,nConnectTimeOut,Ühenduse ajalõpp,Adiscon User Interface .resw source; locale=et-EE; revision=edd9fe10d4a120194e4a0a1e60a5d04d661b79ab
WINSyslogClient.WinUI/Strings/Resources,WINSyslogClient.WinUI Resources,nConvertToEventLogMonitorV1,Teisendage EventLog Monitor V1-ga ühilduvateks sündmusteks,Adiscon User Interface .resw source; locale=et-EE; revision=edd9fe10d4a120194e4a0a1e60a5d04d661b79ab
WINSyslogClient.WinUI/Strings/Resources,WINSyslogClient.WinUI Resources,nCopyFormatIntoProperty,Valige Sõnumivorming,Adiscon User Interface .resw source; locale=et-EE; revision=edd9fe10d4a120194e4a0a1e60a5d04d661b79ab
WINSyslogClient.WinUI/Strings/Resources,WINSyslogClient.WinUI Resources,nCount,Esituste arv (kui sageli faili esitatakse),Adiscon User Interface .resw source; locale=et-EE; revision=edd9fe10d4a120194e4a0a1e60a5d04d661b79ab
WINSyslogClient.WinUI/Strings/Resources,WINSyslogClient.WinUI Resources,nCustomerID,Kliendi ID,Adiscon User Interface .resw source; locale=et-EE; revision=edd9fe10d4a120194e4a0a1e60a5d04d661b79ab
WINSyslogClient.WinUI/Strings/Resources,WINSyslogClient.WinUI Resources,nCustomizeSearchPath,Kohandage sündmuste logi varukoopiate logifailide otsinguteed,Adiscon User Interface .resw source; locale=et-EE; revision=edd9fe10d4a120194e4a0a1e60a5d04d661b79ab
WINSyslogClient.WinUI/Strings/Resources,WINSyslogClient.WinUI Resources,nDBPassEncryption,Luba krüpteerimine,Adiscon User Interface .resw source; locale=et-EE; revision=edd9fe10d4a120194e4a0a1e60a5d04d661b79ab
WINSyslogClient.WinUI/Strings/Resources,WINSyslogClient.WinUI Resources,nDNSCacheLimit,Kui palju DNS-kirjeid saab vahemällu salvestada?,Adiscon User Interface .resw source; locale=et-EE; revision=edd9fe10d4a120194e4a0a1e60a5d04d661b79ab
WINSyslogClient.WinUI/Strings/Resources,WINSyslogClient.WinUI Resources,nDNSCacheTime,Kui kaua tuleks DNS-nimesid vahemällu salvestada?,Adiscon User Interface .resw source; locale=et-EE; revision=edd9fe10d4a120194e4a0a1e60a5d04d661b79ab
WINSyslogClient.WinUI/Strings/Resources,WINSyslogClient.WinUI Resources,nDNSInetProtocol,Interneti-protokolli tüüp,Adiscon User Interface .resw source; locale=et-EE; revision=edd9fe10d4a120194e4a0a1e60a5d04d661b79ab
WINSyslogClient.WinUI/Strings/Resources,WINSyslogClient.WinUI Resources,nDTLSSendPort,DTLS-port,Adiscon User Interface .resw source; locale=et-EE; revision=edd9fe10d4a120194e4a0a1e60a5d04d661b79ab
WINSyslogClient.WinUI/Strings/Resources,WINSyslogClient.WinUI Resources,nDatabits,Andmebitid,Adiscon User Interface .resw source; locale=et-EE; revision=edd9fe10d4a120194e4a0a1e60a5d04d661b79ab
WINSyslogClient.WinUI/Strings/Resources,WINSyslogClient.WinUI Resources,nDebugErrors,Vead ja hoiatused,Adiscon User Interface .resw source; locale=et-EE; revision=edd9fe10d4a120194e4a0a1e60a5d04d661b79ab
WINSyslogClient.WinUI/Strings/Resources,WINSyslogClient.WinUI Resources,nDebugInternal,Teabe väljund,Adiscon User Interface .resw source; locale=et-EE; revision=edd9fe10d4a120194e4a0a1e60a5d04d661b79ab
WINSyslogClient.WinUI/Strings/Resources,WINSyslogClient.WinUI Resources,nDebugMini,Minimaalne väljund,Adiscon User Interface .resw source; locale=et-EE; revision=edd9fe10d4a120194e4a0a1e60a5d04d661b79ab
WINSyslogClient.WinUI/Strings/Resources,WINSyslogClient.WinUI Resources,nDebugRuleEngine,Reegli- ja filtrimootori väljund,Adiscon User Interface .resw source; locale=et-EE; revision=edd9fe10d4a120194e4a0a1e60a5d04d661b79ab
WINSyslogClient.WinUI/Strings/Resources,WINSyslogClient.WinUI Resources,nDebugUltra,Ülisõnaline väljund,Adiscon User Interface .resw source; locale=et-EE; revision=edd9fe10d4a120194e4a0a1e60a5d04d661b79ab
WINSyslogClient.WinUI/Strings/Resources,WINSyslogClient.WinUI Resources,nDefaultBuffer,Vaikimisi puhvri suurus,Adiscon User Interface .resw source; locale=et-EE; revision=edd9fe10d4a120194e4a0a1e60a5d04d661b79ab
WINSyslogClient.WinUI/Strings/Resources,WINSyslogClient.WinUI Resources,nDelay,Viivitus heliesituste vahel (ms),Adiscon User Interface .resw source; locale=et-EE; revision=edd9fe10d4a120194e4a0a1e60a5d04d661b79ab
WINSyslogClient.WinUI/Strings/Resources,WINSyslogClient.WinUI Resources,nDelayOnStartup,Käivitamise viivitus millisekundites (1000 ms --> 1 sekund),Adiscon User Interface .resw source; locale=et-EE; revision=edd9fe10d4a120194e4a0a1e60a5d04d661b79ab
WINSyslogClient.WinUI/Strings/Resources,WINSyslogClient.WinUI Resources,nDiskCacheWait,Ühenduskatsete vaheline ooteaeg,Adiscon User Interface .resw source; locale=et-EE; revision=edd9fe10d4a120194e4a0a1e60a5d04d661b79ab
WINSyslogClient.WinUI/Strings/Resources,WINSyslogClient.WinUI Resources,nDiskQueueMaxFileSize,"Kui see suurus on saavutatud, jagage failid pooleks",Adiscon User Interface .resw source; locale=et-EE; revision=edd9fe10d4a120194e4a0a1e60a5d04d661b79ab
WINSyslogClient.WinUI/Strings/Resources,WINSyslogClient.WinUI Resources,nDoNotProcessLastRecord,"ÄRGE töötlege olemasolevaid kirjeid, kui sündmuselogi rikutakse",Adiscon User Interface .resw source; locale=et-EE; revision=edd9fe10d4a120194e4a0a1e60a5d04d661b79ab
WINSyslogClient.WinUI/Strings/Resources,WINSyslogClient.WinUI Resources,nDoNotProcessLastRecordOnStartup,ÄRGE töötlege teenuse käivitamisel olemasolevaid kirjeid,Adiscon User Interface .resw source; locale=et-EE; revision=edd9fe10d4a120194e4a0a1e60a5d04d661b79ab
WINSyslogClient.WinUI/Strings/Resources,WINSyslogClient.WinUI Resources,nDtsControl,DTR juhtimisvoog,Adiscon User Interface .resw source; locale=et-EE; revision=edd9fe10d4a120194e4a0a1e60a5d04d661b79ab
WINSyslogClient.WinUI/Strings/Resources,WINSyslogClient.WinUI Resources,nEmptyStringsAsNull,"Kui string on tühi, sisestage NULLValue",Adiscon User Interface .resw source; locale=et-EE; revision=edd9fe10d4a120194e4a0a1e60a5d04d661b79ab
WINSyslogClient.WinUI/Strings/Resources,WINSyslogClient.WinUI Resources,nEmulateParameters,Emuleeri %Param% atribuute vanast EventLog monitorist,Adiscon User Interface .resw source; locale=et-EE; revision=edd9fe10d4a120194e4a0a1e60a5d04d661b79ab
WINSyslogClient.WinUI/Strings/Resources,WINSyslogClient.WinUI Resources,nEnableAutoConfigReload,Laadi teenus automaatselt uuesti konfiguratsioonimuudatuste korral,Adiscon User Interface .resw source; locale=et-EE; revision=edd9fe10d4a120194e4a0a1e60a5d04d661b79ab
WINSyslogClient.WinUI/Strings/Resources,WINSyslogClient.WinUI Resources,nEnableBackupServer,"Luba varuserver, mida kasutatakse, kui esimene meiliserver ebaõnnestub",Adiscon User Interface .resw source; locale=et-EE; revision=edd9fe10d4a120194e4a0a1e60a5d04d661b79ab
WINSyslogClient.WinUI/Strings/Resources,WINSyslogClient.WinUI Resources,nEnableCommunicate,Luba suhtlus,Adiscon User Interface .resw source; locale=et-EE; revision=edd9fe10d4a120194e4a0a1e60a5d04d661b79ab
WINSyslogClient.WinUI/Strings/Resources,WINSyslogClient.WinUI Resources,nEnableDNSCache,Luba sisemine DNS-i vahemälu,Adiscon User Interface .resw source; locale=et-EE; revision=edd9fe10d4a120194e4a0a1e60a5d04d661b79ab
WINSyslogClient.WinUI/Strings/Resources,WINSyslogClient.WinUI Resources,nEnableDateReplacements,Luba kuupäeva asendamise tähemärgid (lisateavet leiate kasutusjuhendist),Adiscon User Interface .resw source; locale=et-EE; revision=edd9fe10d4a120194e4a0a1e60a5d04d661b79ab
WINSyslogClient.WinUI/Strings/Resources,WINSyslogClient.WinUI Resources,nEnableDateReplacementsOffset,Nihe sekundites,Adiscon User Interface .resw source; locale=et-EE; revision=edd9fe10d4a120194e4a0a1e60a5d04d661b79ab
WINSyslogClient.WinUI/Strings/Resources,WINSyslogClient.WinUI Resources,nEnableDebugOutput,Luba silumisväljund failis,Adiscon User Interface .resw source; locale=et-EE; revision=edd9fe10d4a120194e4a0a1e60a5d04d661b79ab
WINSyslogClient.WinUI/Strings/Resources,WINSyslogClient.WinUI Resources,nEnableEventlogWarnings,Logige hoiatused Windowsi rakenduste sündmuste logisse,Adiscon User Interface .resw source; locale=et-EE; revision=edd9fe10d4a120194e4a0a1e60a5d04d661b79ab
WINSyslogClient.WinUI/Strings/Resources,WINSyslogClient.WinUI Resources,nEnableLastRecordDelay,LastRecordi kirjutamise viivitus,Adiscon User Interface .resw source; locale=et-EE; revision=edd9fe10d4a120194e4a0a1e60a5d04d661b79ab
WINSyslogClient.WinUI/Strings/Resources,WINSyslogClient.WinUI Resources,nEnableMultiCastGroup,Lubage vastuvõtmine UDP multisaaterühmast,Adiscon User Interface .resw source; locale=et-EE; revision=edd9fe10d4a120194e4a0a1e60a5d04d661b79ab
WINSyslogClient.WinUI/Strings/Resources,WINSyslogClient.WinUI Resources,nEnableMultiTCPMsgSep,Mitme sõnumi eraldaja lubamine,Adiscon User Interface .resw source; locale=et-EE; revision=edd9fe10d4a120194e4a0a1e60a5d04d661b79ab
WINSyslogClient.WinUI/Strings/Resources,WINSyslogClient.WinUI Resources,nEnablePermittedSenders,Lubatud saatjate loend.,Adiscon User Interface .resw source; locale=et-EE; revision=edd9fe10d4a120194e4a0a1e60a5d04d661b79ab
WINSyslogClient.WinUI/Strings/Resources,WINSyslogClient.WinUI Resources,nEnablePropertyFileName,Lubage failinimes atribuutide asendused,Adiscon User Interface .resw source; locale=et-EE; revision=edd9fe10d4a120194e4a0a1e60a5d04d661b79ab
WINSyslogClient.WinUI/Strings/Resources,WINSyslogClient.WinUI Resources,nEnableRetry,Luba toimingute korduskatse ebaõnnestumise korral,Adiscon User Interface .resw source; locale=et-EE; revision=edd9fe10d4a120194e4a0a1e60a5d04d661b79ab
WINSyslogClient.WinUI/Strings/Resources,WINSyslogClient.WinUI Resources,nEnableRingBuffer,Luba järjekorrahalduri kettavahemälu,Adiscon User Interface .resw source; locale=et-EE; revision=edd9fe10d4a120194e4a0a1e60a5d04d661b79ab
WINSyslogClient.WinUI/Strings/Resources,WINSyslogClient.WinUI Resources,nEnableTCPMsgSep,Sõnumid on eraldatud järgmise järjestusega,Adiscon User Interface .resw source; locale=et-EE; revision=edd9fe10d4a120194e4a0a1e60a5d04d661b79ab
WINSyslogClient.WinUI/Strings/Resources,WINSyslogClient.WinUI Resources,nEnableUnknownChannels,Töötle tundmatuid/konfigureerimata sündmustelogi kanaleid,Adiscon User Interface .resw source; locale=et-EE; revision=edd9fe10d4a120194e4a0a1e60a5d04d661b79ab
WINSyslogClient.WinUI/Strings/Resources,WINSyslogClient.WinUI Resources,nEnableUpdateFileTime,Loomise ja muudetud faili ajatempli selgesõnaline värskendamine,Adiscon User Interface .resw source; locale=et-EE; revision=edd9fe10d4a120194e4a0a1e60a5d04d661b79ab
WINSyslogClient.WinUI/Strings/Resources,WINSyslogClient.WinUI Resources,nEnabled,Kanal lubatud,Adiscon User Interface .resw source; locale=et-EE; revision=edd9fe10d4a120194e4a0a1e60a5d04d661b79ab
WINSyslogClient.WinUI/Strings/Resources,WINSyslogClient.WinUI Resources,nEnabledRemote,Lubage kaugjälgimine EventLog,Adiscon User Interface .resw source; locale=et-EE; revision=edd9fe10d4a120194e4a0a1e60a5d04d661b79ab
WINSyslogClient.WinUI/Strings/Resources,WINSyslogClient.WinUI Resources,nEscapeControlCharacters,Põgenemise juhttegelased,Adiscon User Interface .resw source; locale=et-EE; revision=edd9fe10d4a120194e4a0a1e60a5d04d661b79ab
WINSyslogClient.WinUI/Strings/Resources,WINSyslogClient.WinUI Resources,nEventID,Event ID,Adiscon User Interface .resw source; locale=et-EE; revision=edd9fe10d4a120194e4a0a1e60a5d04d661b79ab
WINSyslogClient.WinUI/Strings/Resources,WINSyslogClient.WinUI Resources,nEventLogCor,Kuidas sündmustelogi korruptsiooniga toime tulla?,Adiscon User Interface .resw source; locale=et-EE; revision=edd9fe10d4a120194e4a0a1e60a5d04d661b79ab
WINSyslogClient.WinUI/Strings/Resources,WINSyslogClient.WinUI Resources,nEventScanLastEventByChecksum,Otsige alati viimati töödeldud sündmust kontrollsumma abil,Adiscon User Interface .resw source; locale=et-EE; revision=edd9fe10d4a120194e4a0a1e60a5d04d661b79ab
WINSyslogClient.WinUI/Strings/Resources,WINSyslogClient.WinUI Resources,nEventType,Kasutage kohandatud sündmuste logi tüüpi,Adiscon User Interface .resw source; locale=et-EE; revision=edd9fe10d4a120194e4a0a1e60a5d04d661b79ab
WINSyslogClient.WinUI/Strings/Resources,WINSyslogClient.WinUI Resources,nEventUseChecksum,"Kasutage kontrollsummat, et kontrollida viimati töödeldud sündmust",Adiscon User Interface .resw source; locale=et-EE; revision=edd9fe10d4a120194e4a0a1e60a5d04d661b79ab
WINSyslogClient.WinUI/Strings/Resources,WINSyslogClient.WinUI Resources,nEvtClearIfEmpty,"Tühjendage logi isegi siis, kui see on tühi",Adiscon User Interface .resw source; locale=et-EE; revision=edd9fe10d4a120194e4a0a1e60a5d04d661b79ab
WINSyslogClient.WinUI/Strings/Resources,WINSyslogClient.WinUI Resources,nEvtClrPollingCycles,Selge pärast Nbr Runs,Adiscon User Interface .resw source; locale=et-EE; revision=edd9fe10d4a120194e4a0a1e60a5d04d661b79ab
WINSyslogClient.WinUI/Strings/Resources,WINSyslogClient.WinUI Resources,nEvtClrSaveToFile,Looge EventLog varukoopia,Adiscon User Interface .resw source; locale=et-EE; revision=edd9fe10d4a120194e4a0a1e60a5d04d661b79ab
WINSyslogClient.WinUI/Strings/Resources,WINSyslogClient.WinUI Resources,nEvtClrTime,Valige Kustutamine kell,Adiscon User Interface .resw source; locale=et-EE; revision=edd9fe10d4a120194e4a0a1e60a5d04d661b79ab
WINSyslogClient.WinUI/Strings/Resources,WINSyslogClient.WinUI Resources,nEvtLogSuccessfullClear,"Logige sisse, kui tühjendamine õnnestus",Adiscon User Interface .resw source; locale=et-EE; revision=edd9fe10d4a120194e4a0a1e60a5d04d661b79ab
WINSyslogClient.WinUI/Strings/Resources,WINSyslogClient.WinUI Resources,nFTPPort,FTP port,Adiscon User Interface .resw source; locale=et-EE; revision=edd9fe10d4a120194e4a0a1e60a5d04d661b79ab
WINSyslogClient.WinUI/Strings/Resources,WINSyslogClient.WinUI Resources,nFacility,Syslog Rajatis,Adiscon User Interface .resw source; locale=et-EE; revision=edd9fe10d4a120194e4a0a1e60a5d04d661b79ab
WINSyslogClient.WinUI/Strings/Resources,WINSyslogClient.WinUI Resources,nFieldType_,Väljatüüp,Adiscon User Interface .resw source; locale=et-EE; revision=edd9fe10d4a120194e4a0a1e60a5d04d661b79ab
WINSyslogClient.WinUI/Strings/Resources,WINSyslogClient.WinUI Resources,nFileDateTime,Kaasake kuupäev ja kellaaeg,Adiscon User Interface .resw source; locale=et-EE; revision=edd9fe10d4a120194e4a0a1e60a5d04d661b79ab
WINSyslogClient.WinUI/Strings/Resources,WINSyslogClient.WinUI Resources,nFileDateTimeReported,Kaasake seadme teatatud kuupäev ja kellaaeg,Adiscon User Interface .resw source; locale=et-EE; revision=edd9fe10d4a120194e4a0a1e60a5d04d661b79ab
WINSyslogClient.WinUI/Strings/Resources,WINSyslogClient.WinUI Resources,nFileFacility,Kaasake Syslog rajatis,Adiscon User Interface .resw source; locale=et-EE; revision=edd9fe10d4a120194e4a0a1e60a5d04d661b79ab
WINSyslogClient.WinUI/Strings/Resources,WINSyslogClient.WinUI Resources,nFileFormat,Failivorming,Adiscon User Interface .resw source; locale=et-EE; revision=edd9fe10d4a120194e4a0a1e60a5d04d661b79ab
WINSyslogClient.WinUI/Strings/Resources,WINSyslogClient.WinUI Resources,nFilePriority,Kaasake Syslog prioriteet,Adiscon User Interface .resw source; locale=et-EE; revision=edd9fe10d4a120194e4a0a1e60a5d04d661b79ab
WINSyslogClient.WinUI/Strings/Resources,WINSyslogClient.WinUI Resources,nFileSource,Kaasa allikas,Adiscon User Interface .resw source; locale=et-EE; revision=edd9fe10d4a120194e4a0a1e60a5d04d661b79ab
WINSyslogClient.WinUI/Strings/Resources,WINSyslogClient.WinUI Resources,nForceConnectionClose,Sulgege ühendus pärast iga kontrollintervalli,Adiscon User Interface .resw source; locale=et-EE; revision=edd9fe10d4a120194e4a0a1e60a5d04d661b79ab
WINSyslogClient.WinUI/Strings/Resources,WINSyslogClient.WinUI Resources,nForceUTF8Decoding,"Sundige UTF8 dekodeerimine, kui kodeeringut ei õnnestunud automaatselt tuvastada.",Adiscon User Interface .resw source; locale=et-EE; revision=edd9fe10d4a120194e4a0a1e60a5d04d661b79ab
WINSyslogClient.WinUI/Strings/Resources,WINSyslogClient.WinUI Resources,nFormatType,Valige Sõnumivorming,Adiscon User Interface .resw source; locale=et-EE; revision=edd9fe10d4a120194e4a0a1e60a5d04d661b79ab
WINSyslogClient.WinUI/Strings/Resources,WINSyslogClient.WinUI Resources,nFormatType_DISABLED,Keelatud,Adiscon User Interface .resw source; locale=et-EE; revision=edd9fe10d4a120194e4a0a1e60a5d04d661b79ab
WINSyslogClient.WinUI/Strings/Resources,WINSyslogClient.WinUI Resources,nFormatType_Json,JSON-vorming,Adiscon User Interface .resw source; locale=et-EE; revision=edd9fe10d4a120194e4a0a1e60a5d04d661b79ab
WINSyslogClient.WinUI/Strings/Resources,WINSyslogClient.WinUI Resources,nFormatType_JsonSiem,LogPoint SIEM JSON-vorming,Adiscon User Interface .resw source; locale=et-EE; revision=edd9fe10d4a120194e4a0a1e60a5d04d661b79ab
WINSyslogClient.WinUI/Strings/Resources,WINSyslogClient.WinUI Resources,nFormatType_Predefined,Eelmääratletud sündmuse vorming,Adiscon User Interface .resw source; locale=et-EE; revision=edd9fe10d4a120194e4a0a1e60a5d04d661b79ab
WINSyslogClient.WinUI/Strings/Resources,WINSyslogClient.WinUI Resources,nFormatType_XML,Toores XML-vorming,Adiscon User Interface .resw source; locale=et-EE; revision=edd9fe10d4a120194e4a0a1e60a5d04d661b79ab
WINSyslogClient.WinUI/Strings/Resources,WINSyslogClient.WinUI Resources,nForwardIUT,Edasta MWAgenti XML-i esituskoodina,Adiscon User Interface .resw source; locale=et-EE; revision=edd9fe10d4a120194e4a0a1e60a5d04d661b79ab
WINSyslogClient.WinUI/Strings/Resources,WINSyslogClient.WinUI Resources,nGenerateOnSuccess,"Kui FTP Probe õnnestus, genereerige sündmus",Adiscon User Interface .resw source; locale=et-EE; revision=edd9fe10d4a120194e4a0a1e60a5d04d661b79ab
WINSyslogClient.WinUI/Strings/Resources,WINSyslogClient.WinUI Resources,nGenericName,Generic Name,Adiscon User Interface .resw source; locale=et-EE; revision=edd9fe10d4a120194e4a0a1e60a5d04d661b79ab
WINSyslogClient.WinUI/Strings/Resources,WINSyslogClient.WinUI Resources,nHTTPPort,HTTP-port,Adiscon User Interface .resw source; locale=et-EE; revision=edd9fe10d4a120194e4a0a1e60a5d04d661b79ab
WINSyslogClient.WinUI/Strings/Resources,WINSyslogClient.WinUI Resources,nIMAPPort,IMAP-port,Adiscon User Interface .resw source; locale=et-EE; revision=edd9fe10d4a120194e4a0a1e60a5d04d661b79ab
WINSyslogClient.WinUI/Strings/Resources,WINSyslogClient.WinUI Resources,nIgnoreEmptyLines,Ignoreeri tühje ridu,Adiscon User Interface .resw source; locale=et-EE; revision=edd9fe10d4a120194e4a0a1e60a5d04d661b79ab
WINSyslogClient.WinUI/Strings/Resources,WINSyslogClient.WinUI Resources,nIncludeEventParameters,Kas lisada atribuutidena valikulised sündmuse parameetrid?,Adiscon User Interface .resw source; locale=et-EE; revision=edd9fe10d4a120194e4a0a1e60a5d04d661b79ab
WINSyslogClient.WinUI/Strings/Resources,WINSyslogClient.WinUI Resources,nIncludeMessage,Kaasa sõnum,Adiscon User Interface .resw source; locale=et-EE; revision=edd9fe10d4a120194e4a0a1e60a5d04d661b79ab
WINSyslogClient.WinUI/Strings/Resources,WINSyslogClient.WinUI Resources,nIncludeRAWMessage,Kaasake RAW-sõnum,Adiscon User Interface .resw source; locale=et-EE; revision=edd9fe10d4a120194e4a0a1e60a5d04d661b79ab
WINSyslogClient.WinUI/Strings/Resources,WINSyslogClient.WinUI Resources,nIncludeSourceInFilename,Kaasake failinimesse allikas,Adiscon User Interface .resw source; locale=et-EE; revision=edd9fe10d4a120194e4a0a1e60a5d04d661b79ab
WINSyslogClient.WinUI/Strings/Resources,WINSyslogClient.WinUI Resources,nInstanceID,Eksemplari alamidentifikaator,Adiscon User Interface .resw source; locale=et-EE; revision=edd9fe10d4a120194e4a0a1e60a5d04d661b79ab
WINSyslogClient.WinUI/Strings/Resources,WINSyslogClient.WinUI Resources,nJSONIncludeMessageProperty,Kaasa sõnumi atribuut CEE formaadis,Adiscon User Interface .resw source; locale=et-EE; revision=edd9fe10d4a120194e4a0a1e60a5d04d661b79ab
WINSyslogClient.WinUI/Strings/Resources,WINSyslogClient.WinUI Resources,nJapanStringHandling,Spetsiaalne Unicoderi teisendus Jaapani süsteemidele,Adiscon User Interface .resw source; locale=et-EE; revision=edd9fe10d4a120194e4a0a1e60a5d04d661b79ab
WINSyslogClient.WinUI/Strings/Resources,WINSyslogClient.WinUI Resources,nKeepReadingUntilNew,Jätkake praegu avatud faili lugemist kuni uue loomiseni,Adiscon User Interface .resw source; locale=et-EE; revision=edd9fe10d4a120194e4a0a1e60a5d04d661b79ab
WINSyslogClient.WinUI/Strings/Resources,WINSyslogClient.WinUI Resources,nLanguageLCID,Eelistatud keel,Adiscon User Interface .resw source; locale=et-EE; revision=edd9fe10d4a120194e4a0a1e60a5d04d661b79ab
WINSyslogClient.WinUI/Strings/Resources,WINSyslogClient.WinUI Resources,nLastPos,Viimane faili asukoht,Adiscon User Interface .resw source; locale=et-EE; revision=edd9fe10d4a120194e4a0a1e60a5d04d661b79ab
WINSyslogClient.WinUI/Strings/Resources,WINSyslogClient.WinUI Resources,nLastRecord,Viimane rekord,Adiscon User Interface .resw source; locale=et-EE; revision=edd9fe10d4a120194e4a0a1e60a5d04d661b79ab
WINSyslogClient.WinUI/Strings/Resources,WINSyslogClient.WinUI Resources,nLastRecordDelayCount,Salvestage pärast kirjete arvu,Adiscon User Interface .resw source; locale=et-EE; revision=edd9fe10d4a120194e4a0a1e60a5d04d661b79ab
WINSyslogClient.WinUI/Strings/Resources,WINSyslogClient.WinUI Resources,nLastRecordDelayTime,Salvestage pärast ooteaega,Adiscon User Interface .resw source; locale=et-EE; revision=edd9fe10d4a120194e4a0a1e60a5d04d661b79ab
WINSyslogClient.WinUI/Strings/Resources,WINSyslogClient.WinUI Resources,nLastWriteTime,Viimane kirjutamisaeg,Adiscon User Interface .resw source; locale=et-EE; revision=edd9fe10d4a120194e4a0a1e60a5d04d661b79ab
WINSyslogClient.WinUI/Strings/Resources,WINSyslogClient.WinUI Resources,nLibCacheTimeOut,Kui kaua tuleks raamatukogusid vahemällu salvestada?,Adiscon User Interface .resw source; locale=et-EE; revision=edd9fe10d4a120194e4a0a1e60a5d04d661b79ab
WINSyslogClient.WinUI/Strings/Resources,WINSyslogClient.WinUI Resources,nListenPort,Kuulaja port,Adiscon User Interface .resw source; locale=et-EE; revision=edd9fe10d4a120194e4a0a1e60a5d04d661b79ab
WINSyslogClient.WinUI/Strings/Resources,WINSyslogClient.WinUI Resources,nLogDoNotRotateOnShutdown,Ärge pöörake faile sulgemisel,Adiscon User Interface .resw source; locale=et-EE; revision=edd9fe10d4a120194e4a0a1e60a5d04d661b79ab
WINSyslogClient.WinUI/Strings/Resources,WINSyslogClient.WinUI Resources,nLogEnableRotate,Logi sisse lülitamine,Adiscon User Interface .resw source; locale=et-EE; revision=edd9fe10d4a120194e4a0a1e60a5d04d661b79ab
WINSyslogClient.WinUI/Strings/Resources,WINSyslogClient.WinUI Resources,nLogEnableRotateTimeOfTheDay,Lubage kellaaja järgi pööramine,Adiscon User Interface .resw source; locale=et-EE; revision=edd9fe10d4a120194e4a0a1e60a5d04d661b79ab
WINSyslogClient.WinUI/Strings/Resources,WINSyslogClient.WinUI Resources,nLogEnableRotateTimeout,Luba ajapõhine pööramine,Adiscon User Interface .resw source; locale=et-EE; revision=edd9fe10d4a120194e4a0a1e60a5d04d661b79ab
WINSyslogClient.WinUI/Strings/Resources,WINSyslogClient.WinUI Resources,nLogFileType,Logifaili tüüp,Adiscon User Interface .resw source; locale=et-EE; revision=edd9fe10d4a120194e4a0a1e60a5d04d661b79ab
WINSyslogClient.WinUI/Strings/Resources,WINSyslogClient.WinUI Resources,nLogMoveAfterRotate,Teisalda fail pärast logi pööramist,Adiscon User Interface .resw source; locale=et-EE; revision=edd9fe10d4a120194e4a0a1e60a5d04d661b79ab
WINSyslogClient.WinUI/Strings/Resources,WINSyslogClient.WinUI Resources,nLogRotateMaxFiles,Säilitatavate pööratud logifailide maksimaalne arv,Adiscon User Interface .resw source; locale=et-EE; revision=edd9fe10d4a120194e4a0a1e60a5d04d661b79ab
WINSyslogClient.WinUI/Strings/Resources,WINSyslogClient.WinUI Resources,nLogRotateMaxWait,Maksimaalne logi pööramise ooteaeg,Adiscon User Interface .resw source; locale=et-EE; revision=edd9fe10d4a120194e4a0a1e60a5d04d661b79ab
WINSyslogClient.WinUI/Strings/Resources,WINSyslogClient.WinUI Resources,nLogRotateOnClose,"Pöörake iga kord, kui fail suletakse",Adiscon User Interface .resw source; locale=et-EE; revision=edd9fe10d4a120194e4a0a1e60a5d04d661b79ab
WINSyslogClient.WinUI/Strings/Resources,WINSyslogClient.WinUI Resources,nLogRotateOnSizeLimit,"Pöörake, kui see failimahu limiit on saavutatud:",Adiscon User Interface .resw source; locale=et-EE; revision=edd9fe10d4a120194e4a0a1e60a5d04d661b79ab
WINSyslogClient.WinUI/Strings/Resources,WINSyslogClient.WinUI Resources,nLogRotateSizeLimit,Faili suuruse piirang (KB),Adiscon User Interface .resw source; locale=et-EE; revision=edd9fe10d4a120194e4a0a1e60a5d04d661b79ab
WINSyslogClient.WinUI/Strings/Resources,WINSyslogClient.WinUI Resources,nLogRotateTimeOfTheDay,Pööra faile sel ajal (tund: minut),Adiscon User Interface .resw source; locale=et-EE; revision=edd9fe10d4a120194e4a0a1e60a5d04d661b79ab
WINSyslogClient.WinUI/Strings/Resources,WINSyslogClient.WinUI Resources,nLogRotateTimeOfTheDayFriday,reedel,Adiscon User Interface .resw source; locale=et-EE; revision=edd9fe10d4a120194e4a0a1e60a5d04d661b79ab
WINSyslogClient.WinUI/Strings/Resources,WINSyslogClient.WinUI Resources,nLogRotateTimeOfTheDayMonday,esmaspäev,Adiscon User Interface .resw source; locale=et-EE; revision=edd9fe10d4a120194e4a0a1e60a5d04d661b79ab
WINSyslogClient.WinUI/Strings/Resources,WINSyslogClient.WinUI Resources,nLogRotateTimeOfTheDaySaturday,laupäeval,Adiscon User Interface .resw source; locale=et-EE; revision=edd9fe10d4a120194e4a0a1e60a5d04d661b79ab
WINSyslogClient.WinUI/Strings/Resources,WINSyslogClient.WinUI Resources,nLogRotateTimeOfTheDaySunday,pühapäev,Adiscon User Interface .resw source; locale=et-EE; revision=edd9fe10d4a120194e4a0a1e60a5d04d661b79ab
WINSyslogClient.WinUI/Strings/Resources,WINSyslogClient.WinUI Resources,nLogRotateTimeOfTheDayThusday,neljapäeval,Adiscon User Interface .resw source; locale=et-EE; revision=edd9fe10d4a120194e4a0a1e60a5d04d661b79ab
WINSyslogClient.WinUI/Strings/Resources,WINSyslogClient.WinUI Resources,nLogRotateTimeOfTheDayTuesday,teisipäeval,Adiscon User Interface .resw source; locale=et-EE; revision=edd9fe10d4a120194e4a0a1e60a5d04d661b79ab
WINSyslogClient.WinUI/Strings/Resources,WINSyslogClient.WinUI Resources,nLogRotateTimeOfTheDayWednesday,kolmapäeval,Adiscon User Interface .resw source; locale=et-EE; revision=edd9fe10d4a120194e4a0a1e60a5d04d661b79ab
WINSyslogClient.WinUI/Strings/Resources,WINSyslogClient.WinUI Resources,nLogRotateTimeout,"Pööra logifaile, mis on vanemad kui:",Adiscon User Interface .resw source; locale=et-EE; revision=edd9fe10d4a120194e4a0a1e60a5d04d661b79ab
WINSyslogClient.WinUI/Strings/Resources,WINSyslogClient.WinUI Resources,nLogRotateTimeoutUnit,Ühik,Adiscon User Interface .resw source; locale=et-EE; revision=edd9fe10d4a120194e4a0a1e60a5d04d661b79ab
WINSyslogClient.WinUI/Strings/Resources,WINSyslogClient.WinUI Resources,nLogRotateWorkerCount,Logipöörde töötajate arv,Adiscon User Interface .resw source; locale=et-EE; revision=edd9fe10d4a120194e4a0a1e60a5d04d661b79ab
WINSyslogClient.WinUI/Strings/Resources,WINSyslogClient.WinUI Resources,nLogRotateWorkerEnable,Luba järjekorraga logipöörde töötajad,Adiscon User Interface .resw source; locale=et-EE; revision=edd9fe10d4a120194e4a0a1e60a5d04d661b79ab
WINSyslogClient.WinUI/Strings/Resources,WINSyslogClient.WinUI Resources,nLogRotateWorkerSleepTime,Ooteaeg järjekorra kontrollide vahel,Adiscon User Interface .resw source; locale=et-EE; revision=edd9fe10d4a120194e4a0a1e60a5d04d661b79ab
WINSyslogClient.WinUI/Strings/Resources,WINSyslogClient.WinUI Resources,nLogRotateWorkerStopWaitTimeout,Teenuse peatamise ooteaeg järjekorras olevatele logipöörde töödele,Adiscon User Interface .resw source; locale=et-EE; revision=edd9fe10d4a120194e4a0a1e60a5d04d661b79ab
WINSyslogClient.WinUI/Strings/Resources,WINSyslogClient.WinUI Resources,nLogZipAfterRotate,Tihendage fail pärast logi pööramist,Adiscon User Interface .resw source; locale=et-EE; revision=edd9fe10d4a120194e4a0a1e60a5d04d661b79ab
WINSyslogClient.WinUI/Strings/Resources,WINSyslogClient.WinUI Resources,nLogZipAfterRotateFormat,Tihendusvorming,Adiscon User Interface .resw source; locale=et-EE; revision=edd9fe10d4a120194e4a0a1e60a5d04d661b79ab
WINSyslogClient.WinUI/Strings/Resources,WINSyslogClient.WinUI Resources,nLogZipCompressionLevel,Kompressioonitase,Adiscon User Interface .resw source; locale=et-EE; revision=edd9fe10d4a120194e4a0a1e60a5d04d661b79ab
WINSyslogClient.WinUI/Strings/Resources,WINSyslogClient.WinUI Resources,nMAX_LONGVCHAR_LEN,Maksimaalne teksti pikkus (baitides),Adiscon User Interface .resw source; locale=et-EE; revision=edd9fe10d4a120194e4a0a1e60a5d04d661b79ab
WINSyslogClient.WinUI/Strings/Resources,WINSyslogClient.WinUI Resources,nMAX_VCHAR_LEN,Maksimaalne tähemärgi pikkus (baitides),Adiscon User Interface .resw source; locale=et-EE; revision=edd9fe10d4a120194e4a0a1e60a5d04d661b79ab
WINSyslogClient.WinUI/Strings/Resources,WINSyslogClient.WinUI Resources,nMEMEnable,Luba mälukontroll,Adiscon User Interface .resw source; locale=et-EE; revision=edd9fe10d4a120194e4a0a1e60a5d04d661b79ab
WINSyslogClient.WinUI/Strings/Resources,WINSyslogClient.WinUI Resources,nMEMOccurences,Esineb kuni mäluhäire esilekutsumiseni,Adiscon User Interface .resw source; locale=et-EE; revision=edd9fe10d4a120194e4a0a1e60a5d04d661b79ab
WINSyslogClient.WinUI/Strings/Resources,WINSyslogClient.WinUI Resources,nMEMPsyEnable,Füüsilise mälu kontrolli lubamine,Adiscon User Interface .resw source; locale=et-EE; revision=edd9fe10d4a120194e4a0a1e60a5d04d661b79ab
WINSyslogClient.WinUI/Strings/Resources,WINSyslogClient.WinUI Resources,nMEMPsyOccurences,Esinemised kuni füüsilise mälu häireni,Adiscon User Interface .resw source; locale=et-EE; revision=edd9fe10d4a120194e4a0a1e60a5d04d661b79ab
WINSyslogClient.WinUI/Strings/Resources,WINSyslogClient.WinUI Resources,nMEMPsyReportIfBelowAlarm,"Teatage ka sellest, kui füüsilise mälu tase on häiretasemest madalam",Adiscon User Interface .resw source; locale=et-EE; revision=edd9fe10d4a120194e4a0a1e60a5d04d661b79ab
WINSyslogClient.WinUI/Strings/Resources,WINSyslogClient.WinUI Resources,nMEMPsyUsageAlarmLevel,Füüsilise mälu kasutamise häiretase,Adiscon User Interface .resw source; locale=et-EE; revision=edd9fe10d4a120194e4a0a1e60a5d04d661b79ab
WINSyslogClient.WinUI/Strings/Resources,WINSyslogClient.WinUI Resources,nMEMReportIfBelowAlarm,"Teatage ka sellest, kui mälutase on häiretasemest madalam",Adiscon User Interface .resw source; locale=et-EE; revision=edd9fe10d4a120194e4a0a1e60a5d04d661b79ab
WINSyslogClient.WinUI/Strings/Resources,WINSyslogClient.WinUI Resources,nMEMUsageAlarmLevel,Mälu kasutamise häiretase,Adiscon User Interface .resw source; locale=et-EE; revision=edd9fe10d4a120194e4a0a1e60a5d04d661b79ab
WINSyslogClient.WinUI/Strings/Resources,WINSyslogClient.WinUI Resources,nMEMVirtEnable,Virtuaalse mälu kontrollimise lubamine,Adiscon User Interface .resw source; locale=et-EE; revision=edd9fe10d4a120194e4a0a1e60a5d04d661b79ab
WINSyslogClient.WinUI/Strings/Resources,WINSyslogClient.WinUI Resources,nMEMVirtOccurences,Esineb kuni virtuaalse mälu häireni,Adiscon User Interface .resw source; locale=et-EE; revision=edd9fe10d4a120194e4a0a1e60a5d04d661b79ab
WINSyslogClient.WinUI/Strings/Resources,WINSyslogClient.WinUI Resources,nMEMVirtReportIfBelowAlarm,"Teatage ka sellest, kui virtuaalmälu tase on häiretasemest madalam",Adiscon User Interface .resw source; locale=et-EE; revision=edd9fe10d4a120194e4a0a1e60a5d04d661b79ab
WINSyslogClient.WinUI/Strings/Resources,WINSyslogClient.WinUI Resources,nMEMVirtUsageAlarmLevel,Virtuaalse mälu kasutamise häiretase,Adiscon User Interface .resw source; locale=et-EE; revision=edd9fe10d4a120194e4a0a1e60a5d04d661b79ab
WINSyslogClient.WinUI/Strings/Resources,WINSyslogClient.WinUI Resources,nMIAPSendPort,Vaikimisi SETP Port,Adiscon User Interface .resw source; locale=et-EE; revision=edd9fe10d4a120194e4a0a1e60a5d04d661b79ab
WINSyslogClient.WinUI/Strings/Resources,WINSyslogClient.WinUI Resources,nMailPriority,Posti prioriteet,Adiscon User Interface .resw source; locale=et-EE; revision=edd9fe10d4a120194e4a0a1e60a5d04d661b79ab
WINSyslogClient.WinUI/Strings/Resources,WINSyslogClient.WinUI Resources,nMaxBytesPerMessage,Max baite sõnumi kohta,Adiscon User Interface .resw source; locale=et-EE; revision=edd9fe10d4a120194e4a0a1e60a5d04d661b79ab
WINSyslogClient.WinUI/Strings/Resources,WINSyslogClient.WinUI Resources,nMaxFileSize,Maksimaalne failimaht (KB),Adiscon User Interface .resw source; locale=et-EE; revision=edd9fe10d4a120194e4a0a1e60a5d04d661b79ab
WINSyslogClient.WinUI/Strings/Resources,WINSyslogClient.WinUI Resources,nMaxValueLength,Maksimaalse väärtuse pikkus (baitides):,Adiscon User Interface .resw source; locale=et-EE; revision=edd9fe10d4a120194e4a0a1e60a5d04d661b79ab
WINSyslogClient.WinUI/Strings/Resources,WINSyslogClient.WinUI Resources,nMessagePriority,Järjekorra prioriteet,Adiscon User Interface .resw source; locale=et-EE; revision=edd9fe10d4a120194e4a0a1e60a5d04d661b79ab
WINSyslogClient.WinUI/Strings/Resources,WINSyslogClient.WinUI Resources,nMultipleFiles,Kataloogide lubamine või mitme faili lugemine (Vajab failinimes metamärki),Adiscon User Interface .resw source; locale=et-EE; revision=edd9fe10d4a120194e4a0a1e60a5d04d661b79ab
WINSyslogClient.WinUI/Strings/Resources,WINSyslogClient.WinUI Resources,nNNTPPort,NNTP port,Adiscon User Interface .resw source; locale=et-EE; revision=edd9fe10d4a120194e4a0a1e60a5d04d661b79ab
WINSyslogClient.WinUI/Strings/Resources,WINSyslogClient.WinUI Resources,nNbrOfRetries,Korduskatsete arv,Adiscon User Interface .resw source; locale=et-EE; revision=edd9fe10d4a120194e4a0a1e60a5d04d661b79ab
WINSyslogClient.WinUI/Strings/Resources,WINSyslogClient.WinUI Resources,nNoExistingEntries,ÄRGE töötlege olemasolevaid kirjeid,Adiscon User Interface .resw source; locale=et-EE; revision=edd9fe10d4a120194e4a0a1e60a5d04d661b79ab
WINSyslogClient.WinUI/Strings/Resources,WINSyslogClient.WinUI Resources,nNumberOfLogfiles,Logifailide arv,Adiscon User Interface .resw source; locale=et-EE; revision=edd9fe10d4a120194e4a0a1e60a5d04d661b79ab
WINSyslogClient.WinUI/Strings/Resources,WINSyslogClient.WinUI Resources,nODBCEnCryption,Luba parooli krüpteerimine,Adiscon User Interface .resw source; locale=et-EE; revision=edd9fe10d4a120194e4a0a1e60a5d04d661b79ab
WINSyslogClient.WinUI/Strings/Resources,WINSyslogClient.WinUI Resources,nOleDbEnCryption,Krüpteeri parool,Adiscon User Interface .resw source; locale=et-EE; revision=edd9fe10d4a120194e4a0a1e60a5d04d661b79ab
WINSyslogClient.WinUI/Strings/Resources,WINSyslogClient.WinUI Resources,nOnMaxProc,Max protsesside kohta,Adiscon User Interface .resw source; locale=et-EE; revision=edd9fe10d4a120194e4a0a1e60a5d04d661b79ab
WINSyslogClient.WinUI/Strings/Resources,WINSyslogClient.WinUI Resources,nOnMaxProcWait,Max protsesside ooteaeg,Adiscon User Interface .resw source; locale=et-EE; revision=edd9fe10d4a120194e4a0a1e60a5d04d661b79ab
WINSyslogClient.WinUI/Strings/Resources,WINSyslogClient.WinUI Resources,nOutputEncodingUTF8BOM,Kaasake sõnumisse UTF8 BOM,Adiscon User Interface .resw source; locale=et-EE; revision=edd9fe10d4a120194e4a0a1e60a5d04d661b79ab
WINSyslogClient.WinUI/Strings/Resources,WINSyslogClient.WinUI Resources,nOutputFormat,Lognormi väljundvorming,Adiscon User Interface .resw source; locale=et-EE; revision=edd9fe10d4a120194e4a0a1e60a5d04d661b79ab
WINSyslogClient.WinUI/Strings/Resources,WINSyslogClient.WinUI Resources,nPOP3Port,POP3 port,Adiscon User Interface .resw source; locale=et-EE; revision=edd9fe10d4a120194e4a0a1e60a5d04d661b79ab
WINSyslogClient.WinUI/Strings/Resources,WINSyslogClient.WinUI Resources,nParity,Pariteet,Adiscon User Interface .resw source; locale=et-EE; revision=edd9fe10d4a120194e4a0a1e60a5d04d661b79ab
WINSyslogClient.WinUI/Strings/Resources,WINSyslogClient.WinUI Resources,nParseSyslogDate,Kasutage algse sõnumi ajatemplit (RFC 3164),Adiscon User Interface .resw source; locale=et-EE; revision=edd9fe10d4a120194e4a0a1e60a5d04d661b79ab
WINSyslogClient.WinUI/Strings/Resources,WINSyslogClient.WinUI Resources,nPort,HTTP-port,Adiscon User Interface .resw source; locale=et-EE; revision=edd9fe10d4a120194e4a0a1e60a5d04d661b79ab
WINSyslogClient.WinUI/Strings/Resources,WINSyslogClient.WinUI Resources,nPortNumber,Port,Adiscon User Interface .resw source; locale=et-EE; revision=edd9fe10d4a120194e4a0a1e60a5d04d661b79ab
WINSyslogClient.WinUI/Strings/Resources,WINSyslogClient.WinUI Resources,nPort_,Port,Adiscon User Interface .resw source; locale=et-EE; revision=edd9fe10d4a120194e4a0a1e60a5d04d661b79ab
WINSyslogClient.WinUI/Strings/Resources,WINSyslogClient.WinUI Resources,nPreventOverrunDelay,Ülesõidu vältimise viivitus (ms),Adiscon User Interface .resw source; locale=et-EE; revision=edd9fe10d4a120194e4a0a1e60a5d04d661b79ab
WINSyslogClient.WinUI/Strings/Resources,WINSyslogClient.WinUI Resources,nPriorityAuditFailure,Auditi ebaõnnestumine,Adiscon User Interface .resw source; locale=et-EE; revision=edd9fe10d4a120194e4a0a1e60a5d04d661b79ab
WINSyslogClient.WinUI/Strings/Resources,WINSyslogClient.WinUI Resources,nPriorityAuditSuccess,Auditi edu,Adiscon User Interface .resw source; locale=et-EE; revision=edd9fe10d4a120194e4a0a1e60a5d04d661b79ab
WINSyslogClient.WinUI/Strings/Resources,WINSyslogClient.WinUI Resources,nPriorityCritical,Kriitiline,Adiscon User Interface .resw source; locale=et-EE; revision=edd9fe10d4a120194e4a0a1e60a5d04d661b79ab
WINSyslogClient.WinUI/Strings/Resources,WINSyslogClient.WinUI Resources,nPriorityError,Viga,Adiscon User Interface .resw source; locale=et-EE; revision=edd9fe10d4a120194e4a0a1e60a5d04d661b79ab
WINSyslogClient.WinUI/Strings/Resources,WINSyslogClient.WinUI Resources,nPriorityInfo,Teave,Adiscon User Interface .resw source; locale=et-EE; revision=edd9fe10d4a120194e4a0a1e60a5d04d661b79ab
WINSyslogClient.WinUI/Strings/Resources,WINSyslogClient.WinUI Resources,nPriorityInformation,Teave,Adiscon User Interface .resw source; locale=et-EE; revision=edd9fe10d4a120194e4a0a1e60a5d04d661b79ab
WINSyslogClient.WinUI/Strings/Resources,WINSyslogClient.WinUI Resources,nPrioritySuccess,Edu,Adiscon User Interface .resw source; locale=et-EE; revision=edd9fe10d4a120194e4a0a1e60a5d04d661b79ab
WINSyslogClient.WinUI/Strings/Resources,WINSyslogClient.WinUI Resources,nPriorityVerbose,Paljusõnaline,Adiscon User Interface .resw source; locale=et-EE; revision=edd9fe10d4a120194e4a0a1e60a5d04d661b79ab
WINSyslogClient.WinUI/Strings/Resources,WINSyslogClient.WinUI Resources,nPriorityWarning,Hoiatus,Adiscon User Interface .resw source; locale=et-EE; revision=edd9fe10d4a120194e4a0a1e60a5d04d661b79ab
WINSyslogClient.WinUI/Strings/Resources,WINSyslogClient.WinUI Resources,nProcMode,Töötlemisrežiim,Adiscon User Interface .resw source; locale=et-EE; revision=edd9fe10d4a120194e4a0a1e60a5d04d661b79ab
WINSyslogClient.WinUI/Strings/Resources,WINSyslogClient.WinUI Resources,nProcessPriority,Protsessi prioriteet,Adiscon User Interface .resw source; locale=et-EE; revision=edd9fe10d4a120194e4a0a1e60a5d04d661b79ab
WINSyslogClient.WinUI/Strings/Resources,WINSyslogClient.WinUI Resources,nProcessRestOfFile,Töötle ülejäänud faili ühe sõnumina (kui ükski sõnumi eraldaja ei vasta enam),Adiscon User Interface .resw source; locale=et-EE; revision=edd9fe10d4a120194e4a0a1e60a5d04d661b79ab
WINSyslogClient.WinUI/Strings/Resources,WINSyslogClient.WinUI Resources,nProcessingLow,Töötlemise osuti,Adiscon User Interface .resw source; locale=et-EE; revision=edd9fe10d4a120194e4a0a1e60a5d04d661b79ab
WINSyslogClient.WinUI/Strings/Resources,WINSyslogClient.WinUI Resources,nPropertiesTable,Luba üksikasjade atribuutide logimine,Adiscon User Interface .resw source; locale=et-EE; revision=edd9fe10d4a120194e4a0a1e60a5d04d661b79ab
WINSyslogClient.WinUI/Strings/Resources,WINSyslogClient.WinUI Resources,nPropertyMsgSep,Salvesta sõnumi eraldaja atribuuti (%msgsep%),Adiscon User Interface .resw source; locale=et-EE; revision=edd9fe10d4a120194e4a0a1e60a5d04d661b79ab
WINSyslogClient.WinUI/Strings/Resources,WINSyslogClient.WinUI Resources,nPropertyMsgSepReset,Lähtestage sõnumi eraldaja pärast iga käitamist,Adiscon User Interface .resw source; locale=et-EE; revision=edd9fe10d4a120194e4a0a1e60a5d04d661b79ab
WINSyslogClient.WinUI/Strings/Resources,WINSyslogClient.WinUI Resources,nProtectAgainstShutdown,Kaitse teenust väljalülitamise eest,Adiscon User Interface .resw source; locale=et-EE; revision=edd9fe10d4a120194e4a0a1e60a5d04d661b79ab
WINSyslogClient.WinUI/Strings/Resources,WINSyslogClient.WinUI Resources,nProtocolType,Protokolli tüüp,Adiscon User Interface .resw source; locale=et-EE; revision=edd9fe10d4a120194e4a0a1e60a5d04d661b79ab
WINSyslogClient.WinUI/Strings/Resources,WINSyslogClient.WinUI Resources,nQueueLimit,Järjekorrapiirang,Adiscon User Interface .resw source; locale=et-EE; revision=edd9fe10d4a120194e4a0a1e60a5d04d661b79ab
WINSyslogClient.WinUI/Strings/Resources,WINSyslogClient.WinUI Resources,nRFC3164DetectYear,Proovige sõeluda aastat sõnumi ajatemplist (RFC 3164),Adiscon User Interface .resw source; locale=et-EE; revision=edd9fe10d4a120194e4a0a1e60a5d04d661b79ab
WINSyslogClient.WinUI/Strings/Resources,WINSyslogClient.WinUI Resources,nRFC3164Parsing,Lubage RFC3164 sõelumine,Adiscon User Interface .resw source; locale=et-EE; revision=edd9fe10d4a120194e4a0a1e60a5d04d661b79ab
WINSyslogClient.WinUI/Strings/Resources,WINSyslogClient.WinUI Resources,nRFC5424AddProcID2SyslogTag,"Lisage protsessi ID märgisele Syslog, kui see on saadaval",Adiscon User Interface .resw source; locale=et-EE; revision=edd9fe10d4a120194e4a0a1e60a5d04d661b79ab
WINSyslogClient.WinUI/Strings/Resources,WINSyslogClient.WinUI Resources,nRFC5424Parsing,Lubage RFC5424 sõelumine,Adiscon User Interface .resw source; locale=et-EE; revision=edd9fe10d4a120194e4a0a1e60a5d04d661b79ab
WINSyslogClient.WinUI/Strings/Resources,WINSyslogClient.WinUI Resources,nReUseFile,Kustutamise asemel tühjendage logifail (faili kasutatakse uuesti),Adiscon User Interface .resw source; locale=et-EE; revision=edd9fe10d4a120194e4a0a1e60a5d04d661b79ab
WINSyslogClient.WinUI/Strings/Resources,WINSyslogClient.WinUI Resources,nReadFileBuffer,Lugege failipuhvri suurust,Adiscon User Interface .resw source; locale=et-EE; revision=edd9fe10d4a120194e4a0a1e60a5d04d661b79ab
WINSyslogClient.WinUI/Strings/Resources,WINSyslogClient.WinUI Resources,nReadFromFile,Lugege failist sündmuste logi,Adiscon User Interface .resw source; locale=et-EE; revision=edd9fe10d4a120194e4a0a1e60a5d04d661b79ab
WINSyslogClient.WinUI/Strings/Resources,WINSyslogClient.WinUI Resources,nReadSourceLocally,Lugege EventLog allikaid kohalikust masinast,Adiscon User Interface .resw source; locale=et-EE; revision=edd9fe10d4a120194e4a0a1e60a5d04d661b79ab
WINSyslogClient.WinUI/Strings/Resources,WINSyslogClient.WinUI Resources,nRemoveControlChars,Eemaldage juhtmärgid,Adiscon User Interface .resw source; locale=et-EE; revision=edd9fe10d4a120194e4a0a1e60a5d04d661b79ab
WINSyslogClient.WinUI/Strings/Resources,WINSyslogClient.WinUI Resources,nRemoveControlCharsFromParams,Eemaldage stringiparameetritest juhtmärgid,Adiscon User Interface .resw source; locale=et-EE; revision=edd9fe10d4a120194e4a0a1e60a5d04d661b79ab
WINSyslogClient.WinUI/Strings/Resources,WINSyslogClient.WinUI Resources,nRemoveLeadingSpaces,Eemaldage juhtruum,Adiscon User Interface .resw source; locale=et-EE; revision=edd9fe10d4a120194e4a0a1e60a5d04d661b79ab
WINSyslogClient.WinUI/Strings/Resources,WINSyslogClient.WinUI Resources,nReplaceNullBytes,Asendage NULL-baidid tühikutega,Adiscon User Interface .resw source; locale=et-EE; revision=edd9fe10d4a120194e4a0a1e60a5d04d661b79ab
WINSyslogClient.WinUI/Strings/Resources,WINSyslogClient.WinUI Resources,nReportCrash,Saatke probleemiaruanded automaatselt Adiscon toele,Adiscon User Interface .resw source; locale=et-EE; revision=edd9fe10d4a120194e4a0a1e60a5d04d661b79ab
WINSyslogClient.WinUI/Strings/Resources,WINSyslogClient.WinUI Resources,nReportErrorOnFNF,"Teatage veast, kui faili ei leitud (kirjutatakse rakenduse sündmuste logisse)",Adiscon User Interface .resw source; locale=et-EE; revision=edd9fe10d4a120194e4a0a1e60a5d04d661b79ab
WINSyslogClient.WinUI/Strings/Resources,WINSyslogClient.WinUI Resources,nReportInJSON,Kasutage CEE täiustatud Syslog vormingut,Adiscon User Interface .resw source; locale=et-EE; revision=edd9fe10d4a120194e4a0a1e60a5d04d661b79ab
WINSyslogClient.WinUI/Strings/Resources,WINSyslogClient.WinUI Resources,nResolveIfName,"Lahendage ka nimi, kui lähteatribuut on juba nimi",Adiscon User Interface .resw source; locale=et-EE; revision=edd9fe10d4a120194e4a0a1e60a5d04d661b79ab
WINSyslogClient.WinUI/Strings/Resources,WINSyslogClient.WinUI Resources,nResolveLongMibNames,Lahendage Mib-nimed täielikult (pikk vorming),Adiscon User Interface .resw source; locale=et-EE; revision=edd9fe10d4a120194e4a0a1e60a5d04d661b79ab
WINSyslogClient.WinUI/Strings/Resources,WINSyslogClient.WinUI Resources,nResolveMibNamesShort,Kasutage lühikest vormingut (ainult viimane osa),Adiscon User Interface .resw source; locale=et-EE; revision=edd9fe10d4a120194e4a0a1e60a5d04d661b79ab
WINSyslogClient.WinUI/Strings/Resources,WINSyslogClient.WinUI Resources,nResolveNames,Hostinimede lahendamine,Adiscon User Interface .resw source; locale=et-EE; revision=edd9fe10d4a120194e4a0a1e60a5d04d661b79ab
WINSyslogClient.WinUI/Strings/Resources,WINSyslogClient.WinUI Resources,nRetryCount,Korduskatsete arv,Adiscon User Interface .resw source; locale=et-EE; revision=edd9fe10d4a120194e4a0a1e60a5d04d661b79ab
WINSyslogClient.WinUI/Strings/Resources,WINSyslogClient.WinUI Resources,nRetryInterval,Uuesti proovimise intervall (ms),Adiscon User Interface .resw source; locale=et-EE; revision=edd9fe10d4a120194e4a0a1e60a5d04d661b79ab
WINSyslogClient.WinUI/Strings/Resources,WINSyslogClient.WinUI Resources,nRetryPeriod,Korduskatse periood (ms),Adiscon User Interface .resw source; locale=et-EE; revision=edd9fe10d4a120194e4a0a1e60a5d04d661b79ab
WINSyslogClient.WinUI/Strings/Resources,WINSyslogClient.WinUI Resources,nRingBufferSize,Järjekorra faili suurus (staatiline),Adiscon User Interface .resw source; locale=et-EE; revision=edd9fe10d4a120194e4a0a1e60a5d04d661b79ab
WINSyslogClient.WinUI/Strings/Resources,WINSyslogClient.WinUI Resources,nRoundRobinMsgCount,Igasse syslogi serverisse enne koormuse tasakaalustamist saadetud sõnumite arv,Adiscon User Interface .resw source; locale=et-EE; revision=edd9fe10d4a120194e4a0a1e60a5d04d661b79ab
WINSyslogClient.WinUI/Strings/Resources,WINSyslogClient.WinUI Resources,nRtsControl,RTS juhtimisvoog,Adiscon User Interface .resw source; locale=et-EE; revision=edd9fe10d4a120194e4a0a1e60a5d04d661b79ab
WINSyslogClient.WinUI/Strings/Resources,WINSyslogClient.WinUI Resources,nSMTPPort,Postiserveri port,Adiscon User Interface .resw source; locale=et-EE; revision=edd9fe10d4a120194e4a0a1e60a5d04d661b79ab
WINSyslogClient.WinUI/Strings/Resources,WINSyslogClient.WinUI Resources,nSMTPPortBackup,Varunda meiliserveri port,Adiscon User Interface .resw source; locale=et-EE; revision=edd9fe10d4a120194e4a0a1e60a5d04d661b79ab
WINSyslogClient.WinUI/Strings/Resources,WINSyslogClient.WinUI Resources,nSQLConnectionTimeOut,SQL-i ühenduse ajalõpp,Adiscon User Interface .resw source; locale=et-EE; revision=edd9fe10d4a120194e4a0a1e60a5d04d661b79ab
WINSyslogClient.WinUI/Strings/Resources,WINSyslogClient.WinUI Resources,nSQLStatementType,Avalduse tüüp,Adiscon User Interface .resw source; locale=et-EE; revision=edd9fe10d4a120194e4a0a1e60a5d04d661b79ab
WINSyslogClient.WinUI/Strings/Resources,WINSyslogClient.WinUI Resources,nSaveSourceIntoProperty,Salvestage algallikas varasse,Adiscon User Interface .resw source; locale=et-EE; revision=edd9fe10d4a120194e4a0a1e60a5d04d661b79ab
WINSyslogClient.WinUI/Strings/Resources,WINSyslogClient.WinUI Resources,nSavingLow,Salvestav kursor,Adiscon User Interface .resw source; locale=et-EE; revision=edd9fe10d4a120194e4a0a1e60a5d04d661b79ab
WINSyslogClient.WinUI/Strings/Resources,WINSyslogClient.WinUI Resources,nSegmentFileBySize,Segmendi faili suurus (KB),Adiscon User Interface .resw source; locale=et-EE; revision=edd9fe10d4a120194e4a0a1e60a5d04d661b79ab
WINSyslogClient.WinUI/Strings/Resources,WINSyslogClient.WinUI Resources,nSegmentFileEnable,"Failide segmentimine, kui on saavutatud järgmine failisuurus (KB)",Adiscon User Interface .resw source; locale=et-EE; revision=edd9fe10d4a120194e4a0a1e60a5d04d661b79ab
WINSyslogClient.WinUI/Strings/Resources,WINSyslogClient.WinUI Resources,nSelpSendPort,RELP Port,Adiscon User Interface .resw source; locale=et-EE; revision=edd9fe10d4a120194e4a0a1e60a5d04d661b79ab
WINSyslogClient.WinUI/Strings/Resources,WINSyslogClient.WinUI Resources,nSendExpect,Saatke sõnum ja kontrollige oodatud sõnumit,Adiscon User Interface .resw source; locale=et-EE; revision=edd9fe10d4a120194e4a0a1e60a5d04d661b79ab
WINSyslogClient.WinUI/Strings/Resources,WINSyslogClient.WinUI Resources,nSendMode,Syslog SaatmisreÅ¾iim,Adiscon User Interface .resw source; locale=et-EE; revision=edd9fe10d4a120194e4a0a1e60a5d04d661b79ab
WINSyslogClient.WinUI/Strings/Resources,WINSyslogClient.WinUI Resources,nSendRecvTimeOut,Saatmise/vastuvõtmise ajalõpp,Adiscon User Interface .resw source; locale=et-EE; revision=edd9fe10d4a120194e4a0a1e60a5d04d661b79ab
WINSyslogClient.WinUI/Strings/Resources,WINSyslogClient.WinUI Resources,nSendTimeOut,Saatmise/vastuvõtmise ajalõpp,Adiscon User Interface .resw source; locale=et-EE; revision=edd9fe10d4a120194e4a0a1e60a5d04d661b79ab
WINSyslogClient.WinUI/Strings/Resources,WINSyslogClient.WinUI Resources,nShutdownProtectionTimeout,Seiskamiskaitse ajalimiit,Adiscon User Interface .resw source; locale=et-EE; revision=edd9fe10d4a120194e4a0a1e60a5d04d661b79ab
WINSyslogClient.WinUI/Strings/Resources,WINSyslogClient.WinUI Resources,nShutdownProtectionTimeout_Description,0 ootab ajalimiidita. Positiivne väärtus piirab kogu kaitstud seiskamise aega millisekundites; limiidi täitumisel võivad püsivalt salvestamata sõnumid kaotsi minna.,Adiscon User Interface .resw source; locale=et-EE; revision=edd9fe10d4a120194e4a0a1e60a5d04d661b79ab
WINSyslogClient.WinUI/Strings/Resources,WINSyslogClient.WinUI Resources,nShutdownProtectionTimeout_ZeroLabel,0 (piiramatu),Adiscon User Interface .resw source; locale=et-EE; revision=edd9fe10d4a120194e4a0a1e60a5d04d661b79ab
WINSyslogClient.WinUI/Strings/Resources,WINSyslogClient.WinUI Resources,nSkipLinesEnabled,Jätke käivitamisel kõik read vahele,Adiscon User Interface .resw source; locale=et-EE; revision=edd9fe10d4a120194e4a0a1e60a5d04d661b79ab
WINSyslogClient.WinUI/Strings/Resources,WINSyslogClient.WinUI Resources,nSleepTime,Kontrolli intervalli (ms),Adiscon User Interface .resw source; locale=et-EE; revision=edd9fe10d4a120194e4a0a1e60a5d04d661b79ab
WINSyslogClient.WinUI/Strings/Resources,WINSyslogClient.WinUI Resources,nSnmpVersion,SNMP versioon,Adiscon User Interface .resw source; locale=et-EE; revision=edd9fe10d4a120194e4a0a1e60a5d04d661b79ab
WINSyslogClient.WinUI/Strings/Resources,WINSyslogClient.WinUI Resources,nSpecificType,Konkreetne tüüp,Adiscon User Interface .resw source; locale=et-EE; revision=edd9fe10d4a120194e4a0a1e60a5d04d661b79ab
WINSyslogClient.WinUI/Strings/Resources,WINSyslogClient.WinUI Resources,nSpoofIPAddress,Lubage UDP-protokolli IP-võltsimine. Lisateavet leiate juhendist,Adiscon User Interface .resw source; locale=et-EE; revision=edd9fe10d4a120194e4a0a1e60a5d04d661b79ab
WINSyslogClient.WinUI/Strings/Resources,WINSyslogClient.WinUI Resources,nStopbits,Stop bits,Adiscon User Interface .resw source; locale=et-EE; revision=edd9fe10d4a120194e4a0a1e60a5d04d661b79ab
WINSyslogClient.WinUI/Strings/Resources,WINSyslogClient.WinUI Resources,nSubscriptionSleepTime,Oodake aega pärast toimingu ebaõnnestumist,Adiscon User Interface .resw source; locale=et-EE; revision=edd9fe10d4a120194e4a0a1e60a5d04d661b79ab
WINSyslogClient.WinUI/Strings/Resources,WINSyslogClient.WinUI Resources,nSyncTimeOut,Sünkroonimise ajalõpp,Adiscon User Interface .resw source; locale=et-EE; revision=edd9fe10d4a120194e4a0a1e60a5d04d661b79ab
WINSyslogClient.WinUI/Strings/Resources,WINSyslogClient.WinUI Resources,nSyntax_,Tüüp,Adiscon User Interface .resw source; locale=et-EE; revision=edd9fe10d4a120194e4a0a1e60a5d04d661b79ab
WINSyslogClient.WinUI/Strings/Resources,WINSyslogClient.WinUI Resources,nSyslogInsertSource,"Lisage Syslog allikas, kui edastate teistele Syslog serveritele",Adiscon User Interface .resw source; locale=et-EE; revision=edd9fe10d4a120194e4a0a1e60a5d04d661b79ab
WINSyslogClient.WinUI/Strings/Resources,WINSyslogClient.WinUI Resources,nSyslogMaxMessageSize,Maksimaalne Syslog sõnumi suurus (baitides),Adiscon User Interface .resw source; locale=et-EE; revision=edd9fe10d4a120194e4a0a1e60a5d04d661b79ab
WINSyslogClient.WinUI/Strings/Resources,WINSyslogClient.WinUI Resources,nSyslogPortBackup,Varundus Syslog Port,Adiscon User Interface .resw source; locale=et-EE; revision=edd9fe10d4a120194e4a0a1e60a5d04d661b79ab
WINSyslogClient.WinUI/Strings/Resources,WINSyslogClient.WinUI Resources,nSyslogPort_,Syslog Port,Adiscon User Interface .resw source; locale=et-EE; revision=edd9fe10d4a120194e4a0a1e60a5d04d661b79ab
WINSyslogClient.WinUI/Strings/Resources,WINSyslogClient.WinUI Resources,nSyslogSendPort,Syslog Port,Adiscon User Interface .resw source; locale=et-EE; revision=edd9fe10d4a120194e4a0a1e60a5d04d661b79ab
WINSyslogClient.WinUI/Strings/Resources,WINSyslogClient.WinUI Resources,nSystemID,Süsteemi ID,Adiscon User Interface .resw source; locale=et-EE; revision=edd9fe10d4a120194e4a0a1e60a5d04d661b79ab
WINSyslogClient.WinUI/Strings/Resources,WINSyslogClient.WinUI Resources,nTCPMaxSessions,Maksimaalsed TCP-seansid,Adiscon User Interface .resw source; locale=et-EE; revision=edd9fe10d4a120194e4a0a1e60a5d04d661b79ab
WINSyslogClient.WinUI/Strings/Resources,WINSyslogClient.WinUI Resources,nTLSAllowExpiredCerts,Luba aegunud partnerisertifikaadid,Adiscon User Interface .resw source; locale=et-EE; revision=edd9fe10d4a120194e4a0a1e60a5d04d661b79ab
WINSyslogClient.WinUI/Strings/Resources,WINSyslogClient.WinUI Resources,nTLSFailOnConfigCommandError,TLS-i konfiguratsioonikasu vigade korral nurju,Adiscon User Interface .resw source; locale=et-EE; revision=edd9fe10d4a120194e4a0a1e60a5d04d661b79ab
WINSyslogClient.WinUI/Strings/Resources,WINSyslogClient.WinUI Resources,nTLSHandshakeTimeout,TLS-kaepigistuse ajalimiit,Adiscon User Interface .resw source; locale=et-EE; revision=edd9fe10d4a120194e4a0a1e60a5d04d661b79ab
WINSyslogClient.WinUI/Strings/Resources,WINSyslogClient.WinUI Resources,nTLSLegacyFingerprintMatch,Luba legacy fingerprint sobitamine,Adiscon User Interface .resw source; locale=et-EE; revision=edd9fe10d4a120194e4a0a1e60a5d04d661b79ab
WINSyslogClient.WinUI/Strings/Resources,WINSyslogClient.WinUI Resources,nTLSLegacyPeerNameMatch,Luba parandreziimi partnerinime sobitamine,Adiscon User Interface .resw source; locale=et-EE; revision=edd9fe10d4a120194e4a0a1e60a5d04d661b79ab
WINSyslogClient.WinUI/Strings/Resources,WINSyslogClient.WinUI Resources,nTakeSourceSysFromSyslogMsg,Võtke lähtesüsteem Syslog sõnumist,Adiscon User Interface .resw source; locale=et-EE; revision=edd9fe10d4a120194e4a0a1e60a5d04d661b79ab
WINSyslogClient.WinUI/Strings/Resources,WINSyslogClient.WinUI Resources,nTimeMode,Vaikeajaväärtused põhinevad,Adiscon User Interface .resw source; locale=et-EE; revision=edd9fe10d4a120194e4a0a1e60a5d04d661b79ab
WINSyslogClient.WinUI/Strings/Resources,WINSyslogClient.WinUI Resources,nTimeOutLimit,Timeout Limit,Adiscon User Interface .resw source; locale=et-EE; revision=edd9fe10d4a120194e4a0a1e60a5d04d661b79ab
WINSyslogClient.WinUI/Strings/Resources,WINSyslogClient.WinUI Resources,nTimeOutMsg,Sõnumi lõpetamise ajalõpp,Adiscon User Interface .resw source; locale=et-EE; revision=edd9fe10d4a120194e4a0a1e60a5d04d661b79ab
WINSyslogClient.WinUI/Strings/Resources,WINSyslogClient.WinUI Resources,nTimeOutSession,Seansi ajalõpp,Adiscon User Interface .resw source; locale=et-EE; revision=edd9fe10d4a120194e4a0a1e60a5d04d661b79ab
WINSyslogClient.WinUI/Strings/Resources,WINSyslogClient.WinUI Resources,nTimeoutValue,Seansi ajalõpp,Adiscon User Interface .resw source; locale=et-EE; revision=edd9fe10d4a120194e4a0a1e60a5d04d661b79ab
WINSyslogClient.WinUI/Strings/Resources,WINSyslogClient.WinUI Resources,nTryConvSIDtoObj,Proovige turva-ID-d (SID) teisendada objektinimedeks,Adiscon User Interface .resw source; locale=et-EE; revision=edd9fe10d4a120194e4a0a1e60a5d04d661b79ab
WINSyslogClient.WinUI/Strings/Resources,WINSyslogClient.WinUI Resources,nTryConvertDsClasses,Proovige teisendada Active Directory objektiklasse,Adiscon User Interface .resw source; locale=et-EE; revision=edd9fe10d4a120194e4a0a1e60a5d04d661b79ab
WINSyslogClient.WinUI/Strings/Resources,WINSyslogClient.WinUI Resources,nTryDetectMessageEncoding,"Tuvastage automaatselt sõnumi kodeering (UTF8, SHIFT_JIS, EUC-JP)",Adiscon User Interface .resw source; locale=et-EE; revision=edd9fe10d4a120194e4a0a1e60a5d04d661b79ab
WINSyslogClient.WinUI/Strings/Resources,WINSyslogClient.WinUI Resources,nType,Protokolli tüüp,Adiscon User Interface .resw source; locale=et-EE; revision=edd9fe10d4a120194e4a0a1e60a5d04d661b79ab
WINSyslogClient.WinUI/Strings/Resources,WINSyslogClient.WinUI Resources,nUniqueFileName,Looge ainulaadseid failinimesid,Adiscon User Interface .resw source; locale=et-EE; revision=edd9fe10d4a120194e4a0a1e60a5d04d661b79ab
WINSyslogClient.WinUI/Strings/Resources,WINSyslogClient.WinUI Resources,nUseCompression,Kasutage andmete tihendamiseks zLib Compression.,Adiscon User Interface .resw source; locale=et-EE; revision=edd9fe10d4a120194e4a0a1e60a5d04d661b79ab
WINSyslogClient.WinUI/Strings/Resources,WINSyslogClient.WinUI Resources,nUseCustomSeparator,Kasutage kohandatud eraldajat,Adiscon User Interface .resw source; locale=et-EE; revision=edd9fe10d4a120194e4a0a1e60a5d04d661b79ab
WINSyslogClient.WinUI/Strings/Resources,WINSyslogClient.WinUI Resources,nUseLegacyProcessing,Kasutage pärandparameetrite töötlemist,Adiscon User Interface .resw source; locale=et-EE; revision=edd9fe10d4a120194e4a0a1e60a5d04d661b79ab
WINSyslogClient.WinUI/Strings/Resources,WINSyslogClient.WinUI Resources,nUseLegacySubjectProcessing,Kasutage pärandainerea töötlemist,Adiscon User Interface .resw source; locale=et-EE; revision=edd9fe10d4a120194e4a0a1e60a5d04d661b79ab
WINSyslogClient.WinUI/Strings/Resources,WINSyslogClient.WinUI Resources,nUseSMTPAuth,Kasutage SMTP autentimist,Adiscon User Interface .resw source; locale=et-EE; revision=edd9fe10d4a120194e4a0a1e60a5d04d661b79ab
WINSyslogClient.WinUI/Strings/Resources,WINSyslogClient.WinUI Resources,nUseSSL,Kasutage meiliserveriga turvalist ühendust (SSL).,Adiscon User Interface .resw source; locale=et-EE; revision=edd9fe10d4a120194e4a0a1e60a5d04d661b79ab
WINSyslogClient.WinUI/Strings/Resources,WINSyslogClient.WinUI Resources,nUseStartTLSMethod,Kasutage STARTTLS SMTP laiendust,Adiscon User Interface .resw source; locale=et-EE; revision=edd9fe10d4a120194e4a0a1e60a5d04d661b79ab
WINSyslogClient.WinUI/Strings/Resources,WINSyslogClient.WinUI Resources,nUseUTCForTimestamps,Kasutage ajatemplite jaoks UTC-d,Adiscon User Interface .resw source; locale=et-EE; revision=edd9fe10d4a120194e4a0a1e60a5d04d661b79ab
WINSyslogClient.WinUI/Strings/Resources,WINSyslogClient.WinUI Resources,nUseUTCInFileName,Kasutage failinimes UTC-d,Adiscon User Interface .resw source; locale=et-EE; revision=edd9fe10d4a120194e4a0a1e60a5d04d661b79ab
WINSyslogClient.WinUI/Strings/Resources,WINSyslogClient.WinUI Resources,nUseUTCTimeStamp,Kasutage kuupäeva päises UTC aega,Adiscon User Interface .resw source; locale=et-EE; revision=edd9fe10d4a120194e4a0a1e60a5d04d661b79ab
WINSyslogClient.WinUI/Strings/Resources,WINSyslogClient.WinUI Resources,nUseWildcard,Kasutage failinimes metamärke,Adiscon User Interface .resw source; locale=et-EE; revision=edd9fe10d4a120194e4a0a1e60a5d04d661b79ab
WINSyslogClient.WinUI/Strings/Resources,WINSyslogClient.WinUI Resources,nUseXMLtoReport,Kasutage teatamiseks XML-i,Adiscon User Interface .resw source; locale=et-EE; revision=edd9fe10d4a120194e4a0a1e60a5d04d661b79ab
WINSyslogClient.WinUI/Strings/Resources,WINSyslogClient.WinUI Resources,nVariableType_,Muutuja tüüp,Adiscon User Interface .resw source; locale=et-EE; revision=edd9fe10d4a120194e4a0a1e60a5d04d661b79ab
WINSyslogClient.WinUI/Strings/Resources,WINSyslogClient.WinUI Resources,nWorkerThreads,Tööliste lõimede arv,Adiscon User Interface .resw source; locale=et-EE; revision=edd9fe10d4a120194e4a0a1e60a5d04d661b79ab
WINSyslogClient.WinUI/Strings/Resources,WINSyslogClient.WinUI Resources,nWriteLastDBINdex,Kirjutage sagedaste ajavahemike järel LastDBIndex,Adiscon User Interface .resw source; locale=et-EE; revision=edd9fe10d4a120194e4a0a1e60a5d04d661b79ab
WINSyslogClient.WinUI/Strings/Resources,WINSyslogClient.WinUI Resources,nZlibComp,Kasutage andmete tihendamiseks zLib Compression,Adiscon User Interface .resw source; locale=et-EE; revision=edd9fe10d4a120194e4a0a1e60a5d04d661b79ab
WINSyslogClient.WinUI/Strings/Resources,WINSyslogClient.WinUI Resources,ninteractive,Interaktiivne SyslogViewer,Adiscon User Interface .resw source; locale=et-EE; revision=edd9fe10d4a120194e4a0a1e60a5d04d661b79ab
WINSyslogClient.WinUI/Strings/Resources,WINSyslogClient.WinUI Resources,nloganalyzer,Logianalüsaatori ja reporteri tööriist,Adiscon User Interface .resw source; locale=et-EE; revision=edd9fe10d4a120194e4a0a1e60a5d04d661b79ab
WINSyslogClient.WinUI/Strings/Resources,WINSyslogClient.WinUI Resources,nlogfilemgr,Logifailide haldamise tööriist,Adiscon User Interface .resw source; locale=et-EE; revision=edd9fe10d4a120194e4a0a1e60a5d04d661b79ab
WINSyslogClient.WinUI/Strings/Resources,WINSyslogClient.WinUI Resources,nlogsearch,Logiotsingu tööriist,Adiscon User Interface .resw source; locale=et-EE; revision=edd9fe10d4a120194e4a0a1e60a5d04d661b79ab
WINSyslogClient.WinUI/Strings/Resources,WINSyslogClient.WinUI Resources,permittedsenders,Saate syslogi sõnumeid ainult järgmistelt IP-aadressidelt.,Adiscon User Interface .resw source; locale=et-EE; revision=edd9fe10d4a120194e4a0a1e60a5d04d661b79ab
WINSyslogClient.WinUI/Strings/Resources,WINSyslogClient.WinUI Resources,processedfiles,Töödeldud faili atribuudid,Adiscon User Interface .resw source; locale=et-EE; revision=edd9fe10d4a120194e4a0a1e60a5d04d661b79ab
WINSyslogClient.WinUI/Strings/Resources,WINSyslogClient.WinUI Resources,propertylist,Kinnisvarade loend,Adiscon User Interface .resw source; locale=et-EE; revision=edd9fe10d4a120194e4a0a1e60a5d04d661b79ab
WINSyslogClient.WinUI/Strings/Resources,WINSyslogClient.WinUI Resources,snmpvars,SNMP Muutujad,Adiscon User Interface .resw source; locale=et-EE; revision=edd9fe10d4a120194e4a0a1e60a5d04d661b79ab
WINSyslogClient.WinUI/Strings/Resources,WINSyslogClient.WinUI Resources,syslogservers,Syslog serverid,Adiscon User Interface .resw source; locale=et-EE; revision=edd9fe10d4a120194e4a0a1e60a5d04d661b79ab
WINSyslogClient.WinUI/Strings/Resources,WINSyslogClient.WinUI Resources,szActionCacheOptions,Toimingu järjekorra valikud,Adiscon User Interface .resw source; locale=et-EE; revision=edd9fe10d4a120194e4a0a1e60a5d04d661b79ab
WINSyslogClient.WinUI/Strings/Resources,WINSyslogClient.WinUI Resources,szActionSpecific,Toimingupõhine,Adiscon User Interface .resw source; locale=et-EE; revision=edd9fe10d4a120194e4a0a1e60a5d04d661b79ab
WINSyslogClient.WinUI/Strings/Resources,WINSyslogClient.WinUI Resources,szAdvancedOptions,Aegumisvalikud,Adiscon User Interface .resw source; locale=et-EE; revision=edd9fe10d4a120194e4a0a1e60a5d04d661b79ab
WINSyslogClient.WinUI/Strings/Resources,WINSyslogClient.WinUI Resources,szAgent,SNMP Server,Adiscon User Interface .resw source; locale=et-EE; revision=edd9fe10d4a120194e4a0a1e60a5d04d661b79ab
WINSyslogClient.WinUI/Strings/Resources,WINSyslogClient.WinUI Resources,szAgentIP,Agendi IP-aadress,Adiscon User Interface .resw source; locale=et-EE; revision=edd9fe10d4a120194e4a0a1e60a5d04d661b79ab
WINSyslogClient.WinUI/Strings/Resources,WINSyslogClient.WinUI Resources,szAutoBackPath,Otsingutee,Adiscon User Interface .resw source; locale=et-EE; revision=edd9fe10d4a120194e4a0a1e60a5d04d661b79ab
WINSyslogClient.WinUI/Strings/Resources,WINSyslogClient.WinUI Resources,szAutoBackupRunCommand,Järeltöötluse käsk,Adiscon User Interface .resw source; locale=et-EE; revision=edd9fe10d4a120194e4a0a1e60a5d04d661b79ab
WINSyslogClient.WinUI/Strings/Resources,WINSyslogClient.WinUI Resources,szButtonVerifyLicense,Kinnitage litsents,Adiscon User Interface .resw source; locale=et-EE; revision=edd9fe10d4a120194e4a0a1e60a5d04d661b79ab
WINSyslogClient.WinUI/Strings/Resources,WINSyslogClient.WinUI Resources,szCacheEventInfo,"Toimivuse huvides soovitame kasutada kõiki saadaolevaid vahemällu salvestamise võimalusi. Kui te aga ei soovi sündmustelogist küsitud andmeid vahemällu salvestada, saate need siin keelata.",Adiscon User Interface .resw source; locale=et-EE; revision=edd9fe10d4a120194e4a0a1e60a5d04d661b79ab
WINSyslogClient.WinUI/Strings/Resources,WINSyslogClient.WinUI Resources,szCharMatch,Karakterite vaste,Adiscon User Interface .resw source; locale=et-EE; revision=edd9fe10d4a120194e4a0a1e60a5d04d661b79ab
WINSyslogClient.WinUI/Strings/Resources,WINSyslogClient.WinUI Resources,szCharacterProcessing,Tähemärkide töötlemisega seotud valikud,Adiscon User Interface .resw source; locale=et-EE; revision=edd9fe10d4a120194e4a0a1e60a5d04d661b79ab
WINSyslogClient.WinUI/Strings/Resources,WINSyslogClient.WinUI Resources,szCircularDisabled,Pidev logimine,Adiscon User Interface .resw source; locale=et-EE; revision=edd9fe10d4a120194e4a0a1e60a5d04d661b79ab
WINSyslogClient.WinUI/Strings/Resources,WINSyslogClient.WinUI Resources,szCircularEnabled,Ringikujuline metsaraie,Adiscon User Interface .resw source; locale=et-EE; revision=edd9fe10d4a120194e4a0a1e60a5d04d661b79ab
WINSyslogClient.WinUI/Strings/Resources,WINSyslogClient.WinUI Resources,szClearEventLog0,Ära kunagi tühjenda (vaikeseade),Adiscon User Interface .resw source; locale=et-EE; revision=edd9fe10d4a120194e4a0a1e60a5d04d661b79ab
WINSyslogClient.WinUI/Strings/Resources,WINSyslogClient.WinUI Resources,szClearEventLog1,Kustuta pärast küsitlustsükleid iga kord,Adiscon User Interface .resw source; locale=et-EE; revision=edd9fe10d4a120194e4a0a1e60a5d04d661b79ab
WINSyslogClient.WinUI/Strings/Resources,WINSyslogClient.WinUI Resources,szClearEventLog2,"Tühjendage üks kord päevas, alates seadistatud kellaajast",Adiscon User Interface .resw source; locale=et-EE; revision=edd9fe10d4a120194e4a0a1e60a5d04d661b79ab
WINSyslogClient.WinUI/Strings/Resources,WINSyslogClient.WinUI Resources,szCommand,Käsk täitmiseks,Adiscon User Interface .resw source; locale=et-EE; revision=edd9fe10d4a120194e4a0a1e60a5d04d661b79ab
WINSyslogClient.WinUI/Strings/Resources,WINSyslogClient.WinUI Resources,szCommunity,kogukond,Adiscon User Interface .resw source; locale=et-EE; revision=edd9fe10d4a120194e4a0a1e60a5d04d661b79ab
WINSyslogClient.WinUI/Strings/Resources,WINSyslogClient.WinUI Resources,szComputerName,Server Arvutinimi/IP,Adiscon User Interface .resw source; locale=et-EE; revision=edd9fe10d4a120194e4a0a1e60a5d04d661b79ab
WINSyslogClient.WinUI/Strings/Resources,WINSyslogClient.WinUI Resources,szConfigPostProcessPreview,Sõnum Teie reeglite eelvaade,Adiscon User Interface .resw source; locale=et-EE; revision=edd9fe10d4a120194e4a0a1e60a5d04d661b79ab
WINSyslogClient.WinUI/Strings/Resources,WINSyslogClient.WinUI Resources,szConfigRequestPreview,Päringu eelvaade,Adiscon User Interface .resw source; locale=et-EE; revision=edd9fe10d4a120194e4a0a1e60a5d04d661b79ab
WINSyslogClient.WinUI/Strings/Resources,WINSyslogClient.WinUI Resources,szConfigUrlPreview,URL-i eelvaade,Adiscon User Interface .resw source; locale=et-EE; revision=edd9fe10d4a120194e4a0a1e60a5d04d661b79ab
WINSyslogClient.WinUI/Strings/Resources,WINSyslogClient.WinUI Resources,szConnectionString,OLEDB-ühenduse konfigureerimine,Adiscon User Interface .resw source; locale=et-EE; revision=edd9fe10d4a120194e4a0a1e60a5d04d661b79ab
WINSyslogClient.WinUI/Strings/Resources,WINSyslogClient.WinUI Resources,szContentType,Content-Type,Adiscon User Interface .resw source; locale=et-EE; revision=edd9fe10d4a120194e4a0a1e60a5d04d661b79ab
WINSyslogClient.WinUI/Strings/Resources,WINSyslogClient.WinUI Resources,szCopyFormatIntoProperty,salvestada kinnistusse,Adiscon User Interface .resw source; locale=et-EE; revision=edd9fe10d4a120194e4a0a1e60a5d04d661b79ab
WINSyslogClient.WinUI/Strings/Resources,WINSyslogClient.WinUI Resources,szCopyFormatIntoPropertyGroup,Kopeerige vorming atribuuti,Adiscon User Interface .resw source; locale=et-EE; revision=edd9fe10d4a120194e4a0a1e60a5d04d661b79ab
WINSyslogClient.WinUI/Strings/Resources,WINSyslogClient.WinUI Resources,szCrashReporting,Krahhiste aruandlus,Adiscon User Interface .resw source; locale=et-EE; revision=edd9fe10d4a120194e4a0a1e60a5d04d661b79ab
WINSyslogClient.WinUI/Strings/Resources,WINSyslogClient.WinUI Resources,szCustomEventLog,Kohandatud sündmustelogi kanal,Adiscon User Interface .resw source; locale=et-EE; revision=edd9fe10d4a120194e4a0a1e60a5d04d661b79ab
WINSyslogClient.WinUI/Strings/Resources,WINSyslogClient.WinUI Resources,szCustomMessageFormat,Kohandatud sõnumivorming,Adiscon User Interface .resw source; locale=et-EE; revision=edd9fe10d4a120194e4a0a1e60a5d04d661b79ab
WINSyslogClient.WinUI/Strings/Resources,WINSyslogClient.WinUI Resources,szCustomSeparator,Kohandatud eraldaja,Adiscon User Interface .resw source; locale=et-EE; revision=edd9fe10d4a120194e4a0a1e60a5d04d661b79ab
WINSyslogClient.WinUI/Strings/Resources,WINSyslogClient.WinUI Resources,szCustomSource,Kohandatud sündmuste logi allikas,Adiscon User Interface .resw source; locale=et-EE; revision=edd9fe10d4a120194e4a0a1e60a5d04d661b79ab
WINSyslogClient.WinUI/Strings/Resources,WINSyslogClient.WinUI Resources,szCustomSyslogHeader,Kasutage kohandatud Syslog päist,Adiscon User Interface .resw source; locale=et-EE; revision=edd9fe10d4a120194e4a0a1e60a5d04d661b79ab
WINSyslogClient.WinUI/Strings/Resources,WINSyslogClient.WinUI Resources,szDBDSN,DSN,Adiscon User Interface .resw source; locale=et-EE; revision=edd9fe10d4a120194e4a0a1e60a5d04d661b79ab
WINSyslogClient.WinUI/Strings/Resources,WINSyslogClient.WinUI Resources,szDBPass,Parool,Adiscon User Interface .resw source; locale=et-EE; revision=edd9fe10d4a120194e4a0a1e60a5d04d661b79ab
WINSyslogClient.WinUI/Strings/Resources,WINSyslogClient.WinUI Resources,szDBSelect,Valige väljavõte,Adiscon User Interface .resw source; locale=et-EE; revision=edd9fe10d4a120194e4a0a1e60a5d04d661b79ab
WINSyslogClient.WinUI/Strings/Resources,WINSyslogClient.WinUI Resources,szDBTableName,Andmebaasi tabel,Adiscon User Interface .resw source; locale=et-EE; revision=edd9fe10d4a120194e4a0a1e60a5d04d661b79ab
WINSyslogClient.WinUI/Strings/Resources,WINSyslogClient.WinUI Resources,szDBUser,Kasutaja ID,Adiscon User Interface .resw source; locale=et-EE; revision=edd9fe10d4a120194e4a0a1e60a5d04d661b79ab
WINSyslogClient.WinUI/Strings/Resources,WINSyslogClient.WinUI Resources,szDTLSServer,DTLS serveri nimi,Adiscon User Interface .resw source; locale=et-EE; revision=edd9fe10d4a120194e4a0a1e60a5d04d661b79ab
WINSyslogClient.WinUI/Strings/Resources,WINSyslogClient.WinUI Resources,szDataCatalog,Andmekataloog,Adiscon User Interface .resw source; locale=et-EE; revision=edd9fe10d4a120194e4a0a1e60a5d04d661b79ab
WINSyslogClient.WinUI/Strings/Resources,WINSyslogClient.WinUI Resources,szDataSource,Andmeallikas,Adiscon User Interface .resw source; locale=et-EE; revision=edd9fe10d4a120194e4a0a1e60a5d04d661b79ab
WINSyslogClient.WinUI/Strings/Resources,WINSyslogClient.WinUI Resources,szDatabaseValues,Andmebaasi omadused,Adiscon User Interface .resw source; locale=et-EE; revision=edd9fe10d4a120194e4a0a1e60a5d04d661b79ab
WINSyslogClient.WinUI/Strings/Resources,WINSyslogClient.WinUI Resources,szDateTimeLT,Kuupäev Kellaaeg Kohalik aeg,Adiscon User Interface .resw source; locale=et-EE; revision=edd9fe10d4a120194e4a0a1e60a5d04d661b79ab
WINSyslogClient.WinUI/Strings/Resources,WINSyslogClient.WinUI Resources,szDateTimeUTC,Kuupäev ja kellaaeg UTC,Adiscon User Interface .resw source; locale=et-EE; revision=edd9fe10d4a120194e4a0a1e60a5d04d661b79ab
WINSyslogClient.WinUI/Strings/Resources,WINSyslogClient.WinUI Resources,szDebugFileName,Faili ja tee nimi,Adiscon User Interface .resw source; locale=et-EE; revision=edd9fe10d4a120194e4a0a1e60a5d04d661b79ab
WINSyslogClient.WinUI/Strings/Resources,WINSyslogClient.WinUI Resources,szDestinationPropertyName,"Sihtkoha atribuut, kuhu lahendatud nimi salvestatakse",Adiscon User Interface .resw source; locale=et-EE; revision=edd9fe10d4a120194e4a0a1e60a5d04d661b79ab
WINSyslogClient.WinUI/Strings/Resources,WINSyslogClient.WinUI Resources,szDetailProperties,Üksikasjad,Adiscon User Interface .resw source; locale=et-EE; revision=edd9fe10d4a120194e4a0a1e60a5d04d661b79ab
WINSyslogClient.WinUI/Strings/Resources,WINSyslogClient.WinUI Resources,szDisabled,Keelatud,Adiscon User Interface .resw source; locale=et-EE; revision=edd9fe10d4a120194e4a0a1e60a5d04d661b79ab
WINSyslogClient.WinUI/Strings/Resources,WINSyslogClient.WinUI Resources,szDtsControlDisable,DTR-juhtimise keelamine,Adiscon User Interface .resw source; locale=et-EE; revision=edd9fe10d4a120194e4a0a1e60a5d04d661b79ab
WINSyslogClient.WinUI/Strings/Resources,WINSyslogClient.WinUI Resources,szDtsControlEnable,DTR-juhtimise lubamine,Adiscon User Interface .resw source; locale=et-EE; revision=edd9fe10d4a120194e4a0a1e60a5d04d661b79ab
WINSyslogClient.WinUI/Strings/Resources,WINSyslogClient.WinUI Resources,szDtsControlHandshake,DTR-i juhtimise käepigistus,Adiscon User Interface .resw source; locale=et-EE; revision=edd9fe10d4a120194e4a0a1e60a5d04d661b79ab
WINSyslogClient.WinUI/Strings/Resources,WINSyslogClient.WinUI Resources,szEditionInformation,"Pange tähele, et kui aktiveerite lubatud saatjate loendi, on kõik võrguga seotud teenused piiratud sõnumite vastuvõtmisega ainult konfigureeritud seadmetelt.

Loendi konfiguratsioon ise ei ole piiratud.
Kuid kui teie litsents on piiratud näiteks 10 seadmega, töötavad ainult esimesed 10 konfigureeritud saatjat.",Adiscon User Interface .resw source; locale=et-EE; revision=edd9fe10d4a120194e4a0a1e60a5d04d661b79ab
WINSyslogClient.WinUI/Strings/Resources,WINSyslogClient.WinUI Resources,szEnableReportCrash,Kas soovite lubada krahhi aruandluse?,Adiscon User Interface .resw source; locale=et-EE; revision=edd9fe10d4a120194e4a0a1e60a5d04d661b79ab
WINSyslogClient.WinUI/Strings/Resources,WINSyslogClient.WinUI Resources,szEnterprise,Ettevõtte OID,Adiscon User Interface .resw source; locale=et-EE; revision=edd9fe10d4a120194e4a0a1e60a5d04d661b79ab
WINSyslogClient.WinUI/Strings/Resources,WINSyslogClient.WinUI Resources,szErrorLoadingConfiguration,Viga konfiguratsiooni laadimisel,Adiscon User Interface .resw source; locale=et-EE; revision=edd9fe10d4a120194e4a0a1e60a5d04d661b79ab
WINSyslogClient.WinUI/Strings/Resources,WINSyslogClient.WinUI Resources,szErrorLoadingConfigurationText,Konfiguratsiooni ei saanud laadida:,Adiscon User Interface .resw source; locale=et-EE; revision=edd9fe10d4a120194e4a0a1e60a5d04d661b79ab
WINSyslogClient.WinUI/Strings/Resources,WINSyslogClient.WinUI Resources,szErrorRegistryAccessFailed,Juurdepääs kohalikule konfiguratsiooniregistrile ebaõnnestus järgmise veaga:,Adiscon User Interface .resw source; locale=et-EE; revision=edd9fe10d4a120194e4a0a1e60a5d04d661b79ab
WINSyslogClient.WinUI/Strings/Resources,WINSyslogClient.WinUI Resources,szErrorRemoteRegistryFailed,Juurdepääs kaugkonfiguratsiooni registrile ebaõnnestus järgmise veaga:,Adiscon User Interface .resw source; locale=et-EE; revision=edd9fe10d4a120194e4a0a1e60a5d04d661b79ab
WINSyslogClient.WinUI/Strings/Resources,WINSyslogClient.WinUI Resources,szErrorRemoteRegistryFailed2,Klient laadib kohe kohaliku konfiguratsiooni uuesti.,Adiscon User Interface .resw source; locale=et-EE; revision=edd9fe10d4a120194e4a0a1e60a5d04d661b79ab
WINSyslogClient.WinUI/Strings/Resources,WINSyslogClient.WinUI Resources,szErrorSavingConfiguration,Viga konfiguratsiooni salvestamisel,Adiscon User Interface .resw source; locale=et-EE; revision=edd9fe10d4a120194e4a0a1e60a5d04d661b79ab
WINSyslogClient.WinUI/Strings/Resources,WINSyslogClient.WinUI Resources,szErrorSavingConfigurationText,Konfiguratsiooni ei saanud salvestada:,Adiscon User Interface .resw source; locale=et-EE; revision=edd9fe10d4a120194e4a0a1e60a5d04d661b79ab
WINSyslogClient.WinUI/Strings/Resources,WINSyslogClient.WinUI Resources,szErrorSavingData,Andmemuutujate salvestamine ebaõnnestus,Adiscon User Interface .resw source; locale=et-EE; revision=edd9fe10d4a120194e4a0a1e60a5d04d661b79ab
WINSyslogClient.WinUI/Strings/Resources,WINSyslogClient.WinUI Resources,szErrorSavingDataText,Andmemuutujate salvestamine ebaõnnestus järgmises kataloogis:,Adiscon User Interface .resw source; locale=et-EE; revision=edd9fe10d4a120194e4a0a1e60a5d04d661b79ab
WINSyslogClient.WinUI/Strings/Resources,WINSyslogClient.WinUI Resources,szEvenParity,Isegi Parity,Adiscon User Interface .resw source; locale=et-EE; revision=edd9fe10d4a120194e4a0a1e60a5d04d661b79ab
WINSyslogClient.WinUI/Strings/Resources,WINSyslogClient.WinUI Resources,szEventLogCor_clear,Kustuta kõik sündmused sündmustelogist,Adiscon User Interface .resw source; locale=et-EE; revision=edd9fe10d4a120194e4a0a1e60a5d04d661b79ab
WINSyslogClient.WinUI/Strings/Resources,WINSyslogClient.WinUI Resources,szEventLogCor_ignore,Ignoreeri rikutud sündmustelogi kirjet,Adiscon User Interface .resw source; locale=et-EE; revision=edd9fe10d4a120194e4a0a1e60a5d04d661b79ab
WINSyslogClient.WinUI/Strings/Resources,WINSyslogClient.WinUI Resources,szEventLogCor_retry,Proovige töötlemist algusest uuesti,Adiscon User Interface .resw source; locale=et-EE; revision=edd9fe10d4a120194e4a0a1e60a5d04d661b79ab
WINSyslogClient.WinUI/Strings/Resources,WINSyslogClient.WinUI Resources,szEventLogV2WarningOnWinXp,"Hoiatus, see Windowsi versioon ei toeta selle teenuse jaoks vajalikku uut Windows Eventlog API-t. Saate seda teenust konfigureerida, kui kavatsete seda konfiguratsiooni hiljem kasutada kõrgema OS-tasemega masinas.",Adiscon User Interface .resw source; locale=et-EE; revision=edd9fe10d4a120194e4a0a1e60a5d04d661b79ab
WINSyslogClient.WinUI/Strings/Resources,WINSyslogClient.WinUI Resources,szEventPollingOptions,Sündmuste küsitlemisega seotud valikud,Adiscon User Interface .resw source; locale=et-EE; revision=edd9fe10d4a120194e4a0a1e60a5d04d661b79ab
WINSyslogClient.WinUI/Strings/Resources,WINSyslogClient.WinUI Resources,szEventTypesManage,Hallake sündmuste kanaleid,Adiscon User Interface .resw source; locale=et-EE; revision=edd9fe10d4a120194e4a0a1e60a5d04d661b79ab
WINSyslogClient.WinUI/Strings/Resources,WINSyslogClient.WinUI Resources,szEventTypesToLog,Logitavad sündmuste logitüübid,Adiscon User Interface .resw source; locale=et-EE; revision=edd9fe10d4a120194e4a0a1e60a5d04d661b79ab
WINSyslogClient.WinUI/Strings/Resources,WINSyslogClient.WinUI Resources,szEvtClrSaveFile,Varukoopia failinimi,Adiscon User Interface .resw source; locale=et-EE; revision=edd9fe10d4a120194e4a0a1e60a5d04d661b79ab
WINSyslogClient.WinUI/Strings/Resources,WINSyslogClient.WinUI Resources,szFTPServer,FTP server,Adiscon User Interface .resw source; locale=et-EE; revision=edd9fe10d4a120194e4a0a1e60a5d04d661b79ab
WINSyslogClient.WinUI/Strings/Resources,WINSyslogClient.WinUI Resources,szFieldContent_,Väljasisu,Adiscon User Interface .resw source; locale=et-EE; revision=edd9fe10d4a120194e4a0a1e60a5d04d661b79ab
WINSyslogClient.WinUI/Strings/Resources,WINSyslogClient.WinUI Resources,szFieldName_,Väljanimi,Adiscon User Interface .resw source; locale=et-EE; revision=edd9fe10d4a120194e4a0a1e60a5d04d661b79ab
WINSyslogClient.WinUI/Strings/Resources,WINSyslogClient.WinUI Resources,szFileBaseName,Faili baasnimi,Adiscon User Interface .resw source; locale=et-EE; revision=edd9fe10d4a120194e4a0a1e60a5d04d661b79ab
WINSyslogClient.WinUI/Strings/Resources,WINSyslogClient.WinUI Resources,szFileExtension,Faililaiend,Adiscon User Interface .resw source; locale=et-EE; revision=edd9fe10d4a120194e4a0a1e60a5d04d661b79ab
WINSyslogClient.WinUI/Strings/Resources,WINSyslogClient.WinUI Resources,szFileFormatAdiscon,Adiscon,Adiscon User Interface .resw source; locale=et-EE; revision=edd9fe10d4a120194e4a0a1e60a5d04d661b79ab
WINSyslogClient.WinUI/Strings/Resources,WINSyslogClient.WinUI Resources,szFileFormatCustom,Kohandatud vorming,Adiscon User Interface .resw source; locale=et-EE; revision=edd9fe10d4a120194e4a0a1e60a5d04d661b79ab
WINSyslogClient.WinUI/Strings/Resources,WINSyslogClient.WinUI Resources,szFileFormatRaw,Toores Syslog sõnum,Adiscon User Interface .resw source; locale=et-EE; revision=edd9fe10d4a120194e4a0a1e60a5d04d661b79ab
WINSyslogClient.WinUI/Strings/Resources,WINSyslogClient.WinUI Resources,szFileFormatWebtrends,Webtrends syslog ühilduv,Adiscon User Interface .resw source; locale=et-EE; revision=edd9fe10d4a120194e4a0a1e60a5d04d661b79ab
WINSyslogClient.WinUI/Strings/Resources,WINSyslogClient.WinUI Resources,szFileHandlingOptions,Failide käsitlemise valikud,Adiscon User Interface .resw source; locale=et-EE; revision=edd9fe10d4a120194e4a0a1e60a5d04d661b79ab
WINSyslogClient.WinUI/Strings/Resources,WINSyslogClient.WinUI Resources,szFileNameOptions,Failinimega seotud valikud,Adiscon User Interface .resw source; locale=et-EE; revision=edd9fe10d4a120194e4a0a1e60a5d04d661b79ab
WINSyslogClient.WinUI/Strings/Resources,WINSyslogClient.WinUI Resources,szFilePath,Faili tee nimi,Adiscon User Interface .resw source; locale=et-EE; revision=edd9fe10d4a120194e4a0a1e60a5d04d661b79ab
WINSyslogClient.WinUI/Strings/Resources,WINSyslogClient.WinUI Resources,szFilename,Helifaili failinimi,Adiscon User Interface .resw source; locale=et-EE; revision=edd9fe10d4a120194e4a0a1e60a5d04d661b79ab
WINSyslogClient.WinUI/Strings/Resources,WINSyslogClient.WinUI Resources,szFilenamePreview,Failinime eelvaade,Adiscon User Interface .resw source; locale=et-EE; revision=edd9fe10d4a120194e4a0a1e60a5d04d661b79ab
WINSyslogClient.WinUI/Strings/Resources,WINSyslogClient.WinUI Resources,szFilenamePreviewLegendBase,Põhinimi,Adiscon User Interface .resw source; locale=et-EE; revision=edd9fe10d4a120194e4a0a1e60a5d04d661b79ab
WINSyslogClient.WinUI/Strings/Resources,WINSyslogClient.WinUI Resources,szFilenamePreviewLegendDate,Allikas / kuupäev (dünaamiline),Adiscon User Interface .resw source; locale=et-EE; revision=edd9fe10d4a120194e4a0a1e60a5d04d661b79ab
WINSyslogClient.WinUI/Strings/Resources,WINSyslogClient.WinUI Resources,szFilenamePreviewLegendExt,Laiendus,Adiscon User Interface .resw source; locale=et-EE; revision=edd9fe10d4a120194e4a0a1e60a5d04d661b79ab
WINSyslogClient.WinUI/Strings/Resources,WINSyslogClient.WinUI Resources,szFilenamePreviewLegendPath,Faili tee,Adiscon User Interface .resw source; locale=et-EE; revision=edd9fe10d4a120194e4a0a1e60a5d04d661b79ab
WINSyslogClient.WinUI/Strings/Resources,WINSyslogClient.WinUI Resources,szFilenamePreviewLegendSegment,Segment # (dünaamiline),Adiscon User Interface .resw source; locale=et-EE; revision=edd9fe10d4a120194e4a0a1e60a5d04d661b79ab
WINSyslogClient.WinUI/Strings/Resources,WINSyslogClient.WinUI Resources,szFilenamePreviewLegendTime,Aeg (dünaamiline): TT-MM-SS,Adiscon User Interface .resw source; locale=et-EE; revision=edd9fe10d4a120194e4a0a1e60a5d04d661b79ab
WINSyslogClient.WinUI/Strings/Resources,WINSyslogClient.WinUI Resources,szGeneralOptions,Üldised failivalikud,Adiscon User Interface .resw source; locale=et-EE; revision=edd9fe10d4a120194e4a0a1e60a5d04d661b79ab
WINSyslogClient.WinUI/Strings/Resources,WINSyslogClient.WinUI Resources,szGeneralValues,Üldväärtused,Adiscon User Interface .resw source; locale=et-EE; revision=edd9fe10d4a120194e4a0a1e60a5d04d661b79ab
WINSyslogClient.WinUI/Strings/Resources,WINSyslogClient.WinUI Resources,szGenericName0,0 - külmkäivitus,Adiscon User Interface .resw source; locale=et-EE; revision=edd9fe10d4a120194e4a0a1e60a5d04d661b79ab
WINSyslogClient.WinUI/Strings/Resources,WINSyslogClient.WinUI Resources,szGenericName1,1 – soe start,Adiscon User Interface .resw source; locale=et-EE; revision=edd9fe10d4a120194e4a0a1e60a5d04d661b79ab
WINSyslogClient.WinUI/Strings/Resources,WINSyslogClient.WinUI Resources,szGenericName2,2 – Ühendage alla,Adiscon User Interface .resw source; locale=et-EE; revision=edd9fe10d4a120194e4a0a1e60a5d04d661b79ab
WINSyslogClient.WinUI/Strings/Resources,WINSyslogClient.WinUI Resources,szGenericName3,3 – Ühendage,Adiscon User Interface .resw source; locale=et-EE; revision=edd9fe10d4a120194e4a0a1e60a5d04d661b79ab
WINSyslogClient.WinUI/Strings/Resources,WINSyslogClient.WinUI Resources,szGenericName4,4 – Autentimise tõrge,Adiscon User Interface .resw source; locale=et-EE; revision=edd9fe10d4a120194e4a0a1e60a5d04d661b79ab
WINSyslogClient.WinUI/Strings/Resources,WINSyslogClient.WinUI Resources,szGenericName5,5 – EGP naabri kaotus,Adiscon User Interface .resw source; locale=et-EE; revision=edd9fe10d4a120194e4a0a1e60a5d04d661b79ab
WINSyslogClient.WinUI/Strings/Resources,WINSyslogClient.WinUI Resources,szGenericName6,6 – Ettevõttespetsiifiline,Adiscon User Interface .resw source; locale=et-EE; revision=edd9fe10d4a120194e4a0a1e60a5d04d661b79ab
WINSyslogClient.WinUI/Strings/Resources,WINSyslogClient.WinUI Resources,szHTTPServer,HTTP server,Adiscon User Interface .resw source; locale=et-EE; revision=edd9fe10d4a120194e4a0a1e60a5d04d661b79ab
WINSyslogClient.WinUI/Strings/Resources,WINSyslogClient.WinUI Resources,szHost,Host,Adiscon User Interface .resw source; locale=et-EE; revision=edd9fe10d4a120194e4a0a1e60a5d04d661b79ab
WINSyslogClient.WinUI/Strings/Resources,WINSyslogClient.WinUI Resources,szIMAPServer,IMAP-server,Adiscon User Interface .resw source; locale=et-EE; revision=edd9fe10d4a120194e4a0a1e60a5d04d661b79ab
WINSyslogClient.WinUI/Strings/Resources,WINSyslogClient.WinUI Resources,szIPAddress,IP-aadress või hostinimi,Adiscon User Interface .resw source; locale=et-EE; revision=edd9fe10d4a120194e4a0a1e60a5d04d661b79ab
WINSyslogClient.WinUI/Strings/Resources,WINSyslogClient.WinUI Resources,szIP_,IP-aadress,Adiscon User Interface .resw source; locale=et-EE; revision=edd9fe10d4a120194e4a0a1e60a5d04d661b79ab
WINSyslogClient.WinUI/Strings/Resources,WINSyslogClient.WinUI Resources,szIPv4,IP V4 aadress,Adiscon User Interface .resw source; locale=et-EE; revision=edd9fe10d4a120194e4a0a1e60a5d04d661b79ab
WINSyslogClient.WinUI/Strings/Resources,WINSyslogClient.WinUI Resources,szIgnoreTlsCertWarning,Lülitab TLS sertifikaadi valideerimise välja. Kasutage ainult labori- või testkeskkonnas.,Adiscon User Interface .resw source; locale=et-EE; revision=edd9fe10d4a120194e4a0a1e60a5d04d661b79ab
WINSyslogClient.WinUI/Strings/Resources,WINSyslogClient.WinUI Resources,szIncludeMsgSepInMessageDisabled,Ärge lisage sõnumisse sõnumi eraldajat,Adiscon User Interface .resw source; locale=et-EE; revision=edd9fe10d4a120194e4a0a1e60a5d04d661b79ab
WINSyslogClient.WinUI/Strings/Resources,WINSyslogClient.WinUI Resources,szIncludeMsgSepInMessageLastMsgSepPrepend,Lisage sõnumile eelmine leitud eraldaja,Adiscon User Interface .resw source; locale=et-EE; revision=edd9fe10d4a120194e4a0a1e60a5d04d661b79ab
WINSyslogClient.WinUI/Strings/Resources,WINSyslogClient.WinUI Resources,szIncludeMsgSepInMessageMsgSepAppend,Lisage sõnumile leitud eraldaja,Adiscon User Interface .resw source; locale=et-EE; revision=edd9fe10d4a120194e4a0a1e60a5d04d661b79ab
WINSyslogClient.WinUI/Strings/Resources,WINSyslogClient.WinUI Resources,szIncludeMsgSepInMessageMsgSepPrepend,Lisage sõnumile leitud eraldaja,Adiscon User Interface .resw source; locale=et-EE; revision=edd9fe10d4a120194e4a0a1e60a5d04d661b79ab
WINSyslogClient.WinUI/Strings/Resources,WINSyslogClient.WinUI Resources,szInsertStatement,LISA,Adiscon User Interface .resw source; locale=et-EE; revision=edd9fe10d4a120194e4a0a1e60a5d04d661b79ab
WINSyslogClient.WinUI/Strings/Resources,WINSyslogClient.WinUI Resources,szInt,int,Adiscon User Interface .resw source; locale=et-EE; revision=edd9fe10d4a120194e4a0a1e60a5d04d661b79ab
WINSyslogClient.WinUI/Strings/Resources,WINSyslogClient.WinUI Resources,szInteger,Täisarv,Adiscon User Interface .resw source; locale=et-EE; revision=edd9fe10d4a120194e4a0a1e60a5d04d661b79ab
WINSyslogClient.WinUI/Strings/Resources,WINSyslogClient.WinUI Resources,szIsoTimestamp,ISO-laadne ajatempel,Adiscon User Interface .resw source; locale=et-EE; revision=edd9fe10d4a120194e4a0a1e60a5d04d661b79ab
WINSyslogClient.WinUI/Strings/Resources,WINSyslogClient.WinUI Resources,szIutFormat,Edasta MWAgenti XML-i esituskoodina,Adiscon User Interface .resw source; locale=et-EE; revision=edd9fe10d4a120194e4a0a1e60a5d04d661b79ab
WINSyslogClient.WinUI/Strings/Resources,WINSyslogClient.WinUI Resources,szJsonFormat,Kasutage CEE täiustatud Syslog vormingut,Adiscon User Interface .resw source; locale=et-EE; revision=edd9fe10d4a120194e4a0a1e60a5d04d661b79ab
WINSyslogClient.WinUI/Strings/Resources,WINSyslogClient.WinUI Resources,szLastDBIndex,Viimati töödeldud DB indeksi number,Adiscon User Interface .resw source; locale=et-EE; revision=edd9fe10d4a120194e4a0a1e60a5d04d661b79ab
WINSyslogClient.WinUI/Strings/Resources,WINSyslogClient.WinUI Resources,szLicense,Litsentsi teave,Adiscon User Interface .resw source; locale=et-EE; revision=edd9fe10d4a120194e4a0a1e60a5d04d661b79ab
WINSyslogClient.WinUI/Strings/Resources,WINSyslogClient.WinUI Resources,szLicenseFileIntro,Paigutage oma litsentsifail (.alic) asukohta %DEFAULTLICENSEV2PATH% või sirvige/pukseerige fail allpool. Jätke tee tühjaks vaikeasukoha kasutamiseks.,Adiscon User Interface .resw source; locale=et-EE; revision=edd9fe10d4a120194e4a0a1e60a5d04d661b79ab
WINSyslogClient.WinUI/Strings/Resources,WINSyslogClient.WinUI Resources,szLicenseV2,Litsentsifail,Adiscon User Interface .resw source; locale=et-EE; revision=edd9fe10d4a120194e4a0a1e60a5d04d661b79ab
WINSyslogClient.WinUI/Strings/Resources,WINSyslogClient.WinUI Resources,szLicenseV2DefaultPath,"Vaikimisi käivitusteekond: %DEFAULTLICENSEV2PATH%. Jätke väli tühjaks, et kasutada seda asukohta.",Adiscon User Interface .resw source; locale=et-EE; revision=edd9fe10d4a120194e4a0a1e60a5d04d661b79ab
WINSyslogClient.WinUI/Strings/Resources,WINSyslogClient.WinUI Resources,szLicenseV2Expired,Litsentsifail on aegunud.,Adiscon User Interface .resw source; locale=et-EE; revision=edd9fe10d4a120194e4a0a1e60a5d04d661b79ab
WINSyslogClient.WinUI/Strings/Resources,WINSyslogClient.WinUI Resources,szLicenseV2NotYetValid,See litsentsifail pole veel aktiivne. See muutub kehtivaks %VALIDFROMLOCAL% (UTC: %VALIDFROMUTC%). Proovige pärast seda aega uuesti.,Adiscon User Interface .resw source; locale=et-EE; revision=edd9fe10d4a120194e4a0a1e60a5d04d661b79ab
WINSyslogClient.WinUI/Strings/Resources,WINSyslogClient.WinUI Resources,szLicenseV2NotYetValidGeneric,Litsentsifail pole veel kehtiv.,Adiscon User Interface .resw source; locale=et-EE; revision=edd9fe10d4a120194e4a0a1e60a5d04d661b79ab
WINSyslogClient.WinUI/Strings/Resources,WINSyslogClient.WinUI Resources,szLicenseV2NotYetValidIssued,Litsents väljastati %ISSUEDATLOCAL%.,Adiscon User Interface .resw source; locale=et-EE; revision=edd9fe10d4a120194e4a0a1e60a5d04d661b79ab
WINSyslogClient.WinUI/Strings/Resources,WINSyslogClient.WinUI Resources,szLicenseV2Path,License file path,Adiscon User Interface .resw source; locale=et-EE; revision=edd9fe10d4a120194e4a0a1e60a5d04d661b79ab
WINSyslogClient.WinUI/Strings/Resources,WINSyslogClient.WinUI Resources,szLineFormat,Kohandatud reavorming,Adiscon User Interface .resw source; locale=et-EE; revision=edd9fe10d4a120194e4a0a1e60a5d04d661b79ab
WINSyslogClient.WinUI/Strings/Resources,WINSyslogClient.WinUI Resources,szLoadedRuleSet,Laaditud reeglistik:,Adiscon User Interface .resw source; locale=et-EE; revision=edd9fe10d4a120194e4a0a1e60a5d04d661b79ab
WINSyslogClient.WinUI/Strings/Resources,WINSyslogClient.WinUI Resources,szLoadedService,Laaditud teenus:,Adiscon User Interface .resw source; locale=et-EE; revision=edd9fe10d4a120194e4a0a1e60a5d04d661b79ab
WINSyslogClient.WinUI/Strings/Resources,WINSyslogClient.WinUI Resources,szLocation,Asukoht,Adiscon User Interface .resw source; locale=et-EE; revision=edd9fe10d4a120194e4a0a1e60a5d04d661b79ab
WINSyslogClient.WinUI/Strings/Resources,WINSyslogClient.WinUI Resources,szLogFileName,Faili ja tee nimi,Adiscon User Interface .resw source; locale=et-EE; revision=edd9fe10d4a120194e4a0a1e60a5d04d661b79ab
WINSyslogClient.WinUI/Strings/Resources,WINSyslogClient.WinUI Resources,szLogFileTypeStandard,Standardne,Adiscon User Interface .resw source; locale=et-EE; revision=edd9fe10d4a120194e4a0a1e60a5d04d661b79ab
WINSyslogClient.WinUI/Strings/Resources,WINSyslogClient.WinUI Resources,szLogFileTypeW3C,W3C veebiserveri logifail,Adiscon User Interface .resw source; locale=et-EE; revision=edd9fe10d4a120194e4a0a1e60a5d04d661b79ab
WINSyslogClient.WinUI/Strings/Resources,WINSyslogClient.WinUI Resources,szLogMoveAfterRotatePath,Sihtkataloog,Adiscon User Interface .resw source; locale=et-EE; revision=edd9fe10d4a120194e4a0a1e60a5d04d661b79ab
WINSyslogClient.WinUI/Strings/Resources,WINSyslogClient.WinUI Resources,szLogPostProcessing,Järeltöötlus,Adiscon User Interface .resw source; locale=et-EE; revision=edd9fe10d4a120194e4a0a1e60a5d04d661b79ab
WINSyslogClient.WinUI/Strings/Resources,WINSyslogClient.WinUI Resources,szLogRotateDisableUniqueFilenameMessage,"Logi pööramine haldab pööramisel automaatselt failinimesid.

Näide logi pööramisega:
  application.log → praegune fail
  application.log.1 → eelmine fail (pööratud)
  application.log.2 → vanem fail (pööratud)

„Loo kordumatuid failinimesid” lisab ajatemplid (nt app_2024-01-15.log), et vältida ülekirjutamist. Logi pööramine tegeleb sellega juba numbriliste järelliidete lisamisega. Mõlema lubamine on üleliigne.

Kas soovite ""Loo kordumatuid failinimesid"" keelata?",Adiscon User Interface .resw source; locale=et-EE; revision=edd9fe10d4a120194e4a0a1e60a5d04d661b79ab
WINSyslogClient.WinUI/Strings/Resources,WINSyslogClient.WinUI Resources,szLogRotateDisableUniqueFilenameTitle,Logi pööramine,Adiscon User Interface .resw source; locale=et-EE; revision=edd9fe10d4a120194e4a0a1e60a5d04d661b79ab
WINSyslogClient.WinUI/Strings/Resources,WINSyslogClient.WinUI Resources,szLogRotateTimeoutUnitDays,Päevad,Adiscon User Interface .resw source; locale=et-EE; revision=edd9fe10d4a120194e4a0a1e60a5d04d661b79ab
WINSyslogClient.WinUI/Strings/Resources,WINSyslogClient.WinUI Resources,szLogRotateTimeoutUnitHours,Tunnid,Adiscon User Interface .resw source; locale=et-EE; revision=edd9fe10d4a120194e4a0a1e60a5d04d661b79ab
WINSyslogClient.WinUI/Strings/Resources,WINSyslogClient.WinUI Resources,szLogRotateTimeoutUnitMinutes,Minutid,Adiscon User Interface .resw source; locale=et-EE; revision=edd9fe10d4a120194e4a0a1e60a5d04d661b79ab
WINSyslogClient.WinUI/Strings/Resources,WINSyslogClient.WinUI Resources,szLogRotateTimeoutUnitMonths,Kuud,Adiscon User Interface .resw source; locale=et-EE; revision=edd9fe10d4a120194e4a0a1e60a5d04d661b79ab
WINSyslogClient.WinUI/Strings/Resources,WINSyslogClient.WinUI Resources,szLogRotateTimeoutUnitSeconds,Sekundid,Adiscon User Interface .resw source; locale=et-EE; revision=edd9fe10d4a120194e4a0a1e60a5d04d661b79ab
WINSyslogClient.WinUI/Strings/Resources,WINSyslogClient.WinUI Resources,szLogRotateTimeoutUnitWeeks,Nädalad,Adiscon User Interface .resw source; locale=et-EE; revision=edd9fe10d4a120194e4a0a1e60a5d04d661b79ab
WINSyslogClient.WinUI/Strings/Resources,WINSyslogClient.WinUI Resources,szLogRotateTimeoutWarningCancelled,"Pööramise intervalli ei rakendatud. Valige Jah, et hoida alla viie minuti pikkust intervalli, või pikendage intervalli enne muudatuste kinnitamist.",Adiscon User Interface .resw source; locale=et-EE; revision=edd9fe10d4a120194e4a0a1e60a5d04d661b79ab
WINSyslogClient.WinUI/Strings/Resources,WINSyslogClient.WinUI Resources,szLogRotateTimeoutWarningNo,Ei,Adiscon User Interface .resw source; locale=et-EE; revision=edd9fe10d4a120194e4a0a1e60a5d04d661b79ab
WINSyslogClient.WinUI/Strings/Resources,WINSyslogClient.WinUI Resources,szLogRotateTimeoutWarningText,Logifailide pööramine sagedamini kui iga viie minuti järel võib luua palju faile ja mõjutada logimise jõudlust. Kas soovite seda intervalli säilitada?,Adiscon User Interface .resw source; locale=et-EE; revision=edd9fe10d4a120194e4a0a1e60a5d04d661b79ab
WINSyslogClient.WinUI/Strings/Resources,WINSyslogClient.WinUI Resources,szLogRotateTimeoutWarningTitle,Lühike logi pööramisintervall,Adiscon User Interface .resw source; locale=et-EE; revision=edd9fe10d4a120194e4a0a1e60a5d04d661b79ab
WINSyslogClient.WinUI/Strings/Resources,WINSyslogClient.WinUI Resources,szLogRotateTimeoutWarningUnavailable,Intervalli hoiatust ei saanud kuvada. Pikendage intervall vähemalt viie minutini või proovige uuesti.,Adiscon User Interface .resw source; locale=et-EE; revision=edd9fe10d4a120194e4a0a1e60a5d04d661b79ab
WINSyslogClient.WinUI/Strings/Resources,WINSyslogClient.WinUI Resources,szLogRotateTimeoutWarningYes,Jah,Adiscon User Interface .resw source; locale=et-EE; revision=edd9fe10d4a120194e4a0a1e60a5d04d661b79ab
WINSyslogClient.WinUI/Strings/Resources,WINSyslogClient.WinUI Resources,szLogType,Sündmuste logi tüüp,Adiscon User Interface .resw source; locale=et-EE; revision=edd9fe10d4a120194e4a0a1e60a5d04d661b79ab
WINSyslogClient.WinUI/Strings/Resources,WINSyslogClient.WinUI Resources,szLogZipGzip,GZIP (.gz) tihendamine,Adiscon User Interface .resw source; locale=et-EE; revision=edd9fe10d4a120194e4a0a1e60a5d04d661b79ab
WINSyslogClient.WinUI/Strings/Resources,WINSyslogClient.WinUI Resources,szLogZipZip,ZIP (.zip) tihendamine,Adiscon User Interface .resw source; locale=et-EE; revision=edd9fe10d4a120194e4a0a1e60a5d04d661b79ab
WINSyslogClient.WinUI/Strings/Resources,WINSyslogClient.WinUI Resources,szMIBSPath,Teie SNMP Mibsi asukoht,Adiscon User Interface .resw source; locale=et-EE; revision=edd9fe10d4a120194e4a0a1e60a5d04d661b79ab
WINSyslogClient.WinUI/Strings/Resources,WINSyslogClient.WinUI Resources,szMailServer,SMTP Server,Adiscon User Interface .resw source; locale=et-EE; revision=edd9fe10d4a120194e4a0a1e60a5d04d661b79ab
WINSyslogClient.WinUI/Strings/Resources,WINSyslogClient.WinUI Resources,szMarkParity,Mark Parity,Adiscon User Interface .resw source; locale=et-EE; revision=edd9fe10d4a120194e4a0a1e60a5d04d661b79ab
WINSyslogClient.WinUI/Strings/Resources,WINSyslogClient.WinUI Resources,szMessage,Parameetri normaliseerimine,Adiscon User Interface .resw source; locale=et-EE; revision=edd9fe10d4a120194e4a0a1e60a5d04d661b79ab
WINSyslogClient.WinUI/Strings/Resources,WINSyslogClient.WinUI Resources,szMessageBegin,Saatke see käivitamisel,Adiscon User Interface .resw source; locale=et-EE; revision=edd9fe10d4a120194e4a0a1e60a5d04d661b79ab
WINSyslogClient.WinUI/Strings/Resources,WINSyslogClient.WinUI Resources,szMessageEnd,Kuidas sõnum lõpeb,Adiscon User Interface .resw source; locale=et-EE; revision=edd9fe10d4a120194e4a0a1e60a5d04d661b79ab
WINSyslogClient.WinUI/Strings/Resources,WINSyslogClient.WinUI Resources,szMessageExpected,Eeldatav sõnum:,Adiscon User Interface .resw source; locale=et-EE; revision=edd9fe10d4a120194e4a0a1e60a5d04d661b79ab
WINSyslogClient.WinUI/Strings/Resources,WINSyslogClient.WinUI Resources,szMessageFormat,Sõnumi vorming,Adiscon User Interface .resw source; locale=et-EE; revision=edd9fe10d4a120194e4a0a1e60a5d04d661b79ab
WINSyslogClient.WinUI/Strings/Resources,WINSyslogClient.WinUI Resources,szMessageMode,Sõnumiväli (%msg%),Adiscon User Interface .resw source; locale=et-EE; revision=edd9fe10d4a120194e4a0a1e60a5d04d661b79ab
WINSyslogClient.WinUI/Strings/Resources,WINSyslogClient.WinUI Resources,szMessageProcessing,Sõnumite töötlemisega seotud valikud,Adiscon User Interface .resw source; locale=et-EE; revision=edd9fe10d4a120194e4a0a1e60a5d04d661b79ab
WINSyslogClient.WinUI/Strings/Resources,WINSyslogClient.WinUI Resources,szMessageToSend,Saatmiseks sõnum:,Adiscon User Interface .resw source; locale=et-EE; revision=edd9fe10d4a120194e4a0a1e60a5d04d661b79ab
WINSyslogClient.WinUI/Strings/Resources,WINSyslogClient.WinUI Resources,szMessagecontent,Sõnum logimiseks,Adiscon User Interface .resw source; locale=et-EE; revision=edd9fe10d4a120194e4a0a1e60a5d04d661b79ab
WINSyslogClient.WinUI/Strings/Resources,WINSyslogClient.WinUI Resources,szMoreInfoCrash,"Kui see on lubatud, laaditakse crashdumps automaatselt üles aadressile http://crashdump.adiscon.com.
Need kokkupõrked ei sisalda isikuandmeid.
Saadakse ainult probleemiga seotud andmed.",Adiscon User Interface .resw source; locale=et-EE; revision=edd9fe10d4a120194e4a0a1e60a5d04d661b79ab
WINSyslogClient.WinUI/Strings/Resources,WINSyslogClient.WinUI Resources,szMoreInformation,Lisateavet leiate meie kodulehelt,Adiscon User Interface .resw source; locale=et-EE; revision=edd9fe10d4a120194e4a0a1e60a5d04d661b79ab
WINSyslogClient.WinUI/Strings/Resources,WINSyslogClient.WinUI Resources,szMsgSep_,Sõnumite eraldamise järjekord,Adiscon User Interface .resw source; locale=et-EE; revision=edd9fe10d4a120194e4a0a1e60a5d04d661b79ab
WINSyslogClient.WinUI/Strings/Resources,WINSyslogClient.WinUI Resources,szMultiCastAddress,Multisaate aadress,Adiscon User Interface .resw source; locale=et-EE; revision=edd9fe10d4a120194e4a0a1e60a5d04d661b79ab
WINSyslogClient.WinUI/Strings/Resources,WINSyslogClient.WinUI Resources,szMyIPAddress,IP-kuulaja aadress,Adiscon User Interface .resw source; locale=et-EE; revision=edd9fe10d4a120194e4a0a1e60a5d04d661b79ab
WINSyslogClient.WinUI/Strings/Resources,WINSyslogClient.WinUI Resources,szNNTPServer,NNTP server,Adiscon User Interface .resw source; locale=et-EE; revision=edd9fe10d4a120194e4a0a1e60a5d04d661b79ab
WINSyslogClient.WinUI/Strings/Resources,WINSyslogClient.WinUI Resources,szNetworkOptions,Võrgupõhine,Adiscon User Interface .resw source; locale=et-EE; revision=edd9fe10d4a120194e4a0a1e60a5d04d661b79ab
WINSyslogClient.WinUI/Strings/Resources,WINSyslogClient.WinUI Resources,szNoParity,Pariteeti pole,Adiscon User Interface .resw source; locale=et-EE; revision=edd9fe10d4a120194e4a0a1e60a5d04d661b79ab
WINSyslogClient.WinUI/Strings/Resources,WINSyslogClient.WinUI Resources,szODBCDsn,DSN,Adiscon User Interface .resw source; locale=et-EE; revision=edd9fe10d4a120194e4a0a1e60a5d04d661b79ab
WINSyslogClient.WinUI/Strings/Resources,WINSyslogClient.WinUI Resources,szODBCPwd,Parool,Adiscon User Interface .resw source; locale=et-EE; revision=edd9fe10d4a120194e4a0a1e60a5d04d661b79ab
WINSyslogClient.WinUI/Strings/Resources,WINSyslogClient.WinUI Resources,szODBCUid,Kasutaja ID,Adiscon User Interface .resw source; locale=et-EE; revision=edd9fe10d4a120194e4a0a1e60a5d04d661b79ab
WINSyslogClient.WinUI/Strings/Resources,WINSyslogClient.WinUI Resources,szOddParity,Odd Parity,Adiscon User Interface .resw source; locale=et-EE; revision=edd9fe10d4a120194e4a0a1e60a5d04d661b79ab
WINSyslogClient.WinUI/Strings/Resources,WINSyslogClient.WinUI Resources,szOne5StopBits,"1,5 Stop bit",Adiscon User Interface .resw source; locale=et-EE; revision=edd9fe10d4a120194e4a0a1e60a5d04d661b79ab
WINSyslogClient.WinUI/Strings/Resources,WINSyslogClient.WinUI Resources,szOneStopBit,1 Stop bit,Adiscon User Interface .resw source; locale=et-EE; revision=edd9fe10d4a120194e4a0a1e60a5d04d661b79ab
WINSyslogClient.WinUI/Strings/Resources,WINSyslogClient.WinUI Resources,szOpenSearchOptions,OpenSearchi valikud,Adiscon User Interface .resw source; locale=et-EE; revision=edd9fe10d4a120194e4a0a1e60a5d04d661b79ab
WINSyslogClient.WinUI/Strings/Resources,WINSyslogClient.WinUI Resources,szOperationType,Operatsiooni tüüp,Adiscon User Interface .resw source; locale=et-EE; revision=edd9fe10d4a120194e4a0a1e60a5d04d661b79ab
WINSyslogClient.WinUI/Strings/Resources,WINSyslogClient.WinUI Resources,szOptions,Valikud,Adiscon User Interface .resw source; locale=et-EE; revision=edd9fe10d4a120194e4a0a1e60a5d04d661b79ab
WINSyslogClient.WinUI/Strings/Resources,WINSyslogClient.WinUI Resources,szOtherOptions,Muud mootori valikud,Adiscon User Interface .resw source; locale=et-EE; revision=edd9fe10d4a120194e4a0a1e60a5d04d661b79ab
WINSyslogClient.WinUI/Strings/Resources,WINSyslogClient.WinUI Resources,szOutputFormat_CSV,CSV-vorming,Adiscon User Interface .resw source; locale=et-EE; revision=edd9fe10d4a120194e4a0a1e60a5d04d661b79ab
WINSyslogClient.WinUI/Strings/Resources,WINSyslogClient.WinUI Resources,szOutputFormat_Disabled,Keelatud,Adiscon User Interface .resw source; locale=et-EE; revision=edd9fe10d4a120194e4a0a1e60a5d04d661b79ab
WINSyslogClient.WinUI/Strings/Resources,WINSyslogClient.WinUI Resources,szOutputFormat_JSON,JSON-vorming,Adiscon User Interface .resw source; locale=et-EE; revision=edd9fe10d4a120194e4a0a1e60a5d04d661b79ab
WINSyslogClient.WinUI/Strings/Resources,WINSyslogClient.WinUI Resources,szOutputFormat_XML,XML-vorming,Adiscon User Interface .resw source; locale=et-EE; revision=edd9fe10d4a120194e4a0a1e60a5d04d661b79ab
WINSyslogClient.WinUI/Strings/Resources,WINSyslogClient.WinUI Resources,szOutputProperty,Väljundomadused,Adiscon User Interface .resw source; locale=et-EE; revision=edd9fe10d4a120194e4a0a1e60a5d04d661b79ab
WINSyslogClient.WinUI/Strings/Resources,WINSyslogClient.WinUI Resources,szOverwriteValues,Syslog atribuutide ülekirjutamine,Adiscon User Interface .resw source; locale=et-EE; revision=edd9fe10d4a120194e4a0a1e60a5d04d661b79ab
WINSyslogClient.WinUI/Strings/Resources,WINSyslogClient.WinUI Resources,szPOP3Server,POP3 server,Adiscon User Interface .resw source; locale=et-EE; revision=edd9fe10d4a120194e4a0a1e60a5d04d661b79ab
WINSyslogClient.WinUI/Strings/Resources,WINSyslogClient.WinUI Resources,szParameters,Käskude parameetrid,Adiscon User Interface .resw source; locale=et-EE; revision=edd9fe10d4a120194e4a0a1e60a5d04d661b79ab
WINSyslogClient.WinUI/Strings/Resources,WINSyslogClient.WinUI Resources,szParsValue_,Väärtus,Adiscon User Interface .resw source; locale=et-EE; revision=edd9fe10d4a120194e4a0a1e60a5d04d661b79ab
WINSyslogClient.WinUI/Strings/Resources,WINSyslogClient.WinUI Resources,szPassword,Parool,Adiscon User Interface .resw source; locale=et-EE; revision=edd9fe10d4a120194e4a0a1e60a5d04d661b79ab
WINSyslogClient.WinUI/Strings/Resources,WINSyslogClient.WinUI Resources,szPathAndFileName,Faili ja tee nimi,Adiscon User Interface .resw source; locale=et-EE; revision=edd9fe10d4a120194e4a0a1e60a5d04d661b79ab
WINSyslogClient.WinUI/Strings/Resources,WINSyslogClient.WinUI Resources,szPortName,Saada sõnum sellele sidepordile,Adiscon User Interface .resw source; locale=et-EE; revision=edd9fe10d4a120194e4a0a1e60a5d04d661b79ab
WINSyslogClient.WinUI/Strings/Resources,WINSyslogClient.WinUI Resources,szPortSettings,Pordi sätted,Adiscon User Interface .resw source; locale=et-EE; revision=edd9fe10d4a120194e4a0a1e60a5d04d661b79ab
WINSyslogClient.WinUI/Strings/Resources,WINSyslogClient.WinUI Resources,szPostProcessApps,Saadaval protsessijärgsed rakendused,Adiscon User Interface .resw source; locale=et-EE; revision=edd9fe10d4a120194e4a0a1e60a5d04d661b79ab
WINSyslogClient.WinUI/Strings/Resources,WINSyslogClient.WinUI Resources,szPriorityLow,Madal prioriteet,Adiscon User Interface .resw source; locale=et-EE; revision=edd9fe10d4a120194e4a0a1e60a5d04d661b79ab
WINSyslogClient.WinUI/Strings/Resources,WINSyslogClient.WinUI Resources,szPriorityNormal,Tavaline prioriteet,Adiscon User Interface .resw source; locale=et-EE; revision=edd9fe10d4a120194e4a0a1e60a5d04d661b79ab
WINSyslogClient.WinUI/Strings/Resources,WINSyslogClient.WinUI Resources,szPriorityhigh,Kõrge prioriteet,Adiscon User Interface .resw source; locale=et-EE; revision=edd9fe10d4a120194e4a0a1e60a5d04d661b79ab
WINSyslogClient.WinUI/Strings/Resources,WINSyslogClient.WinUI Resources,szPropertiesTableName,Detailandmete tabeli nimi,Adiscon User Interface .resw source; locale=et-EE; revision=edd9fe10d4a120194e4a0a1e60a5d04d661b79ab
WINSyslogClient.WinUI/Strings/Resources,WINSyslogClient.WinUI Resources,szPropertyName,Olekumuutuja nimi,Adiscon User Interface .resw source; locale=et-EE; revision=edd9fe10d4a120194e4a0a1e60a5d04d661b79ab
WINSyslogClient.WinUI/Strings/Resources,WINSyslogClient.WinUI Resources,szPropertyType,Valige atribuudi tüüp,Adiscon User Interface .resw source; locale=et-EE; revision=edd9fe10d4a120194e4a0a1e60a5d04d661b79ab
WINSyslogClient.WinUI/Strings/Resources,WINSyslogClient.WinUI Resources,szPropertyValue,Määra kinnisvara väärtus,Adiscon User Interface .resw source; locale=et-EE; revision=edd9fe10d4a120194e4a0a1e60a5d04d661b79ab
WINSyslogClient.WinUI/Strings/Resources,WINSyslogClient.WinUI Resources,szProperty_,Kinnisvara nimi,Adiscon User Interface .resw source; locale=et-EE; revision=edd9fe10d4a120194e4a0a1e60a5d04d661b79ab
WINSyslogClient.WinUI/Strings/Resources,WINSyslogClient.WinUI Resources,szProvider,Pakkuja,Adiscon User Interface .resw source; locale=et-EE; revision=edd9fe10d4a120194e4a0a1e60a5d04d661b79ab
WINSyslogClient.WinUI/Strings/Resources,WINSyslogClient.WinUI Resources,szQueueBody,Järjekorra sõnumi sisu,Adiscon User Interface .resw source; locale=et-EE; revision=edd9fe10d4a120194e4a0a1e60a5d04d661b79ab
WINSyslogClient.WinUI/Strings/Resources,WINSyslogClient.WinUI Resources,szQueueLable,Järjekorra sõnumi silt,Adiscon User Interface .resw source; locale=et-EE; revision=edd9fe10d4a120194e4a0a1e60a5d04d661b79ab
WINSyslogClient.WinUI/Strings/Resources,WINSyslogClient.WinUI Resources,szQueueName,Järjekorranimi,Adiscon User Interface .resw source; locale=et-EE; revision=edd9fe10d4a120194e4a0a1e60a5d04d661b79ab
WINSyslogClient.WinUI/Strings/Resources,WINSyslogClient.WinUI Resources,szRELPOptions,Üldised valikud,Adiscon User Interface .resw source; locale=et-EE; revision=edd9fe10d4a120194e4a0a1e60a5d04d661b79ab
WINSyslogClient.WinUI/Strings/Resources,WINSyslogClient.WinUI Resources,szROM,Ülejäänud sõnum,Adiscon User Interface .resw source; locale=et-EE; revision=edd9fe10d4a120194e4a0a1e60a5d04d661b79ab
WINSyslogClient.WinUI/Strings/Resources,WINSyslogClient.WinUI Resources,szReadFileBufferInfo,"Failimonitor loeb faile tükkidena (plokkidena) loetava failipuhvri suurusega.
Vaikimisi puhvri suurus on 4096 baiti, mis on hea tasakaal jõudluse ja mälukasutuse vahel.

Kui kasutate regex-sõnumi eraldajaid, võite soovida suurust suurendada ja logiread suurendavad failipuhvri vaikesuurust. Vastasel juhul soovitame seda väärtust mitte muuta!",Adiscon User Interface .resw source; locale=et-EE; revision=edd9fe10d4a120194e4a0a1e60a5d04d661b79ab
WINSyslogClient.WinUI/Strings/Resources,WINSyslogClient.WinUI Resources,szReferer,Viitaja,Adiscon User Interface .resw source; locale=et-EE; revision=edd9fe10d4a120194e4a0a1e60a5d04d661b79ab
WINSyslogClient.WinUI/Strings/Resources,WINSyslogClient.WinUI Resources,szRegistryError,Viga konfiguratsiooniregistrile juurdepääsul,Adiscon User Interface .resw source; locale=et-EE; revision=edd9fe10d4a120194e4a0a1e60a5d04d661b79ab
WINSyslogClient.WinUI/Strings/Resources,WINSyslogClient.WinUI Resources,szRemoteHost,Kaughost,Adiscon User Interface .resw source; locale=et-EE; revision=edd9fe10d4a120194e4a0a1e60a5d04d661b79ab
WINSyslogClient.WinUI/Strings/Resources,WINSyslogClient.WinUI Resources,szRequestTemplateAdvancedHint,"Jätke JSON-i omaduste loend tühjaks ja mõlemad väljad all tühjaks, et kõik InfoUniti omadused JSON-ina automaatselt serialiseerida (vt eelvaadet). Täpsem mall asendab omaduste loendi, kui see pole tühi.",Adiscon User Interface .resw source; locale=et-EE; revision=edd9fe10d4a120194e4a0a1e60a5d04d661b79ab
WINSyslogClient.WinUI/Strings/Resources,WINSyslogClient.WinUI Resources,szRequestType,Taotluse tüüp,Adiscon User Interface .resw source; locale=et-EE; revision=edd9fe10d4a120194e4a0a1e60a5d04d661b79ab
WINSyslogClient.WinUI/Strings/Resources,WINSyslogClient.WinUI Resources,szResetValue,Lähtesta väärtus,Adiscon User Interface .resw source; locale=et-EE; revision=edd9fe10d4a120194e4a0a1e60a5d04d661b79ab
WINSyslogClient.WinUI/Strings/Resources,WINSyslogClient.WinUI Resources,szRessourceOptions,Ressursiteegi vahemälu valikud,Adiscon User Interface .resw source; locale=et-EE; revision=edd9fe10d4a120194e4a0a1e60a5d04d661b79ab
WINSyslogClient.WinUI/Strings/Resources,WINSyslogClient.WinUI Resources,szRestOutputAdvancedTab,Täpsemad,Adiscon User Interface .resw source; locale=et-EE; revision=edd9fe10d4a120194e4a0a1e60a5d04d661b79ab
WINSyslogClient.WinUI/Strings/Resources,WINSyslogClient.WinUI Resources,szRestOutputGeneralTab,Üldine,Adiscon User Interface .resw source; locale=et-EE; revision=edd9fe10d4a120194e4a0a1e60a5d04d661b79ab
WINSyslogClient.WinUI/Strings/Resources,WINSyslogClient.WinUI Resources,szRestOutputRequestTab,Päring,Adiscon User Interface .resw source; locale=et-EE; revision=edd9fe10d4a120194e4a0a1e60a5d04d661b79ab
WINSyslogClient.WinUI/Strings/Resources,WINSyslogClient.WinUI Resources,szRingBufferFile,Faili ja tee nimi,Adiscon User Interface .resw source; locale=et-EE; revision=edd9fe10d4a120194e4a0a1e60a5d04d661b79ab
WINSyslogClient.WinUI/Strings/Resources,WINSyslogClient.WinUI Resources,szRingBufferWarning,"Hoiatus! Kui lubate kettavahemälu, aeglustab see toimingute töötlemist. See sõltub kõvaketta kiirusest. Lubage see funktsioon ainult siis, kui soovite tõesti tõrkeotsingu põhjustel järjekorda kettale vahemällu salvestada. Kui töötlemine mingil põhjusel katkeb, laadib teenuse käivitamisel järjekorra ja töötleb seda, mis oli järjekorras varem.",Adiscon User Interface .resw source; locale=et-EE; revision=edd9fe10d4a120194e4a0a1e60a5d04d661b79ab
WINSyslogClient.WinUI/Strings/Resources,WINSyslogClient.WinUI Resources,szRotateConditions,Tingimuste pööramine,Adiscon User Interface .resw source; locale=et-EE; revision=edd9fe10d4a120194e4a0a1e60a5d04d661b79ab
WINSyslogClient.WinUI/Strings/Resources,WINSyslogClient.WinUI Resources,szRotatePostProcessing,Pööra järeltöötlust,Adiscon User Interface .resw source; locale=et-EE; revision=edd9fe10d4a120194e4a0a1e60a5d04d661b79ab
WINSyslogClient.WinUI/Strings/Resources,WINSyslogClient.WinUI Resources,szRotateWorkerOptions,LogRotate taustatöötaja,Adiscon User Interface .resw source; locale=et-EE; revision=edd9fe10d4a120194e4a0a1e60a5d04d661b79ab
WINSyslogClient.WinUI/Strings/Resources,WINSyslogClient.WinUI Resources,szRotateWorkerOptionsDescription,"Järjekorraga LogRotate'i alamsüsteem valmistab ette eraldatud failid ja töötleb logipöörde töid taustal.
Ootel tööd salvestatakse faili LogRotationQueue.json ja jätkuvad pärast taaskäivitust.
Ajutised .staging failid võivad ilmuda, kui faile valmistatakse ette logipöördeks, tihendamiseks või teisaldamiseks.",Adiscon User Interface .resw source; locale=et-EE; revision=edd9fe10d4a120194e4a0a1e60a5d04d661b79ab
WINSyslogClient.WinUI/Strings/Resources,WINSyslogClient.WinUI Resources,szRtsControlDisable,RTS-juhtimise keelamine,Adiscon User Interface .resw source; locale=et-EE; revision=edd9fe10d4a120194e4a0a1e60a5d04d661b79ab
WINSyslogClient.WinUI/Strings/Resources,WINSyslogClient.WinUI Resources,szRtsControlEnable,RTS-juhtimise lubamine,Adiscon User Interface .resw source; locale=et-EE; revision=edd9fe10d4a120194e4a0a1e60a5d04d661b79ab
WINSyslogClient.WinUI/Strings/Resources,WINSyslogClient.WinUI Resources,szRtsControlHandshake,RTS Control Handshake,Adiscon User Interface .resw source; locale=et-EE; revision=edd9fe10d4a120194e4a0a1e60a5d04d661b79ab
WINSyslogClient.WinUI/Strings/Resources,WINSyslogClient.WinUI Resources,szRtsControlToggle,RTS-juhtimise lüliti,Adiscon User Interface .resw source; locale=et-EE; revision=edd9fe10d4a120194e4a0a1e60a5d04d661b79ab
WINSyslogClient.WinUI/Strings/Resources,WINSyslogClient.WinUI Resources,szRuleEngineSpecific,Reeglimootoripõhine,Adiscon User Interface .resw source; locale=et-EE; revision=edd9fe10d4a120194e4a0a1e60a5d04d661b79ab
WINSyslogClient.WinUI/Strings/Resources,WINSyslogClient.WinUI Resources,szRuleSet,Töödeldav reeglistik,Adiscon User Interface .resw source; locale=et-EE; revision=edd9fe10d4a120194e4a0a1e60a5d04d661b79ab
WINSyslogClient.WinUI/Strings/Resources,WINSyslogClient.WinUI Resources,szRuleSetEngineOptions,Reeglistiku mootor,Adiscon User Interface .resw source; locale=et-EE; revision=edd9fe10d4a120194e4a0a1e60a5d04d661b79ab
WINSyslogClient.WinUI/Strings/Resources,WINSyslogClient.WinUI Resources,szRulebase,Valige Rulebaasfail,Adiscon User Interface .resw source; locale=et-EE; revision=edd9fe10d4a120194e4a0a1e60a5d04d661b79ab
WINSyslogClient.WinUI/Strings/Resources,WINSyslogClient.WinUI Resources,szSETPOptions,Üldised valikud,Adiscon User Interface .resw source; locale=et-EE; revision=edd9fe10d4a120194e4a0a1e60a5d04d661b79ab
WINSyslogClient.WinUI/Strings/Resources,WINSyslogClient.WinUI Resources,szSMTPBody,Meilisõnumi vorming,Adiscon User Interface .resw source; locale=et-EE; revision=edd9fe10d4a120194e4a0a1e60a5d04d661b79ab
WINSyslogClient.WinUI/Strings/Resources,WINSyslogClient.WinUI Resources,szSMTPPassword,SMTP Parool,Adiscon User Interface .resw source; locale=et-EE; revision=edd9fe10d4a120194e4a0a1e60a5d04d661b79ab
WINSyslogClient.WinUI/Strings/Resources,WINSyslogClient.WinUI Resources,szSMTPRecipient,Saaja e-posti aadress,Adiscon User Interface .resw source; locale=et-EE; revision=edd9fe10d4a120194e4a0a1e60a5d04d661b79ab
WINSyslogClient.WinUI/Strings/Resources,WINSyslogClient.WinUI Resources,szSMTPSender,Saatja meiliaadress,Adiscon User Interface .resw source; locale=et-EE; revision=edd9fe10d4a120194e4a0a1e60a5d04d661b79ab
WINSyslogClient.WinUI/Strings/Resources,WINSyslogClient.WinUI Resources,szSMTPServer,Meiliserver,Adiscon User Interface .resw source; locale=et-EE; revision=edd9fe10d4a120194e4a0a1e60a5d04d661b79ab
WINSyslogClient.WinUI/Strings/Resources,WINSyslogClient.WinUI Resources,szSMTPServerBackup,Varukoopia meiliserver,Adiscon User Interface .resw source; locale=et-EE; revision=edd9fe10d4a120194e4a0a1e60a5d04d661b79ab
WINSyslogClient.WinUI/Strings/Resources,WINSyslogClient.WinUI Resources,szSMTPSubject,Teema,Adiscon User Interface .resw source; locale=et-EE; revision=edd9fe10d4a120194e4a0a1e60a5d04d661b79ab
WINSyslogClient.WinUI/Strings/Resources,WINSyslogClient.WinUI Resources,szSMTPUsername,SMTP Kasutajanimi,Adiscon User Interface .resw source; locale=et-EE; revision=edd9fe10d4a120194e4a0a1e60a5d04d661b79ab
WINSyslogClient.WinUI/Strings/Resources,WINSyslogClient.WinUI Resources,szSNMPOptions,SNMP Valikud,Adiscon User Interface .resw source; locale=et-EE; revision=edd9fe10d4a120194e4a0a1e60a5d04d661b79ab
WINSyslogClient.WinUI/Strings/Resources,WINSyslogClient.WinUI Resources,szSQLConnectionOptions,Ühenduse valikud,Adiscon User Interface .resw source; locale=et-EE; revision=edd9fe10d4a120194e4a0a1e60a5d04d661b79ab
WINSyslogClient.WinUI/Strings/Resources,WINSyslogClient.WinUI Resources,szSQLOptions,SQL-i valikud,Adiscon User Interface .resw source; locale=et-EE; revision=edd9fe10d4a120194e4a0a1e60a5d04d661b79ab
WINSyslogClient.WinUI/Strings/Resources,WINSyslogClient.WinUI Resources,szSSLOptions,SSL-i valikud,Adiscon User Interface .resw source; locale=et-EE; revision=edd9fe10d4a120194e4a0a1e60a5d04d661b79ab
WINSyslogClient.WinUI/Strings/Resources,WINSyslogClient.WinUI Resources,szSaveSourceProperty,Kinnisvara nimi:,Adiscon User Interface .resw source; locale=et-EE; revision=edd9fe10d4a120194e4a0a1e60a5d04d661b79ab
WINSyslogClient.WinUI/Strings/Resources,WINSyslogClient.WinUI Resources,szSelectStatement,Väljavõttega seotud omadused,Adiscon User Interface .resw source; locale=et-EE; revision=edd9fe10d4a120194e4a0a1e60a5d04d661b79ab
WINSyslogClient.WinUI/Strings/Resources,WINSyslogClient.WinUI Resources,szSelectStatementFROM,FROM,Adiscon User Interface .resw source; locale=et-EE; revision=edd9fe10d4a120194e4a0a1e60a5d04d661b79ab
WINSyslogClient.WinUI/Strings/Resources,WINSyslogClient.WinUI Resources,szSelectStatementSELECT,VALI,Adiscon User Interface .resw source; locale=et-EE; revision=edd9fe10d4a120194e4a0a1e60a5d04d661b79ab
WINSyslogClient.WinUI/Strings/Resources,WINSyslogClient.WinUI Resources,szSelpSendServer,RELP Serverinimi,Adiscon User Interface .resw source; locale=et-EE; revision=edd9fe10d4a120194e4a0a1e60a5d04d661b79ab
WINSyslogClient.WinUI/Strings/Resources,WINSyslogClient.WinUI Resources,szSendModeRoundRobin,Ümberringi kasutamine (mitu syslogi serverit),Adiscon User Interface .resw source; locale=et-EE; revision=edd9fe10d4a120194e4a0a1e60a5d04d661b79ab
WINSyslogClient.WinUI/Strings/Resources,WINSyslogClient.WinUI Resources,szSendModeSingle,Kasutage ühte syslogi serverit koos valikulise varuserveriga,Adiscon User Interface .resw source; locale=et-EE; revision=edd9fe10d4a120194e4a0a1e60a5d04d661b79ab
WINSyslogClient.WinUI/Strings/Resources,WINSyslogClient.WinUI Resources,szServer,Serveri nimi,Adiscon User Interface .resw source; locale=et-EE; revision=edd9fe10d4a120194e4a0a1e60a5d04d661b79ab
WINSyslogClient.WinUI/Strings/Resources,WINSyslogClient.WinUI Resources,szServerName,Jälgige selle hosti sündmuste logi,Adiscon User Interface .resw source; locale=et-EE; revision=edd9fe10d4a120194e4a0a1e60a5d04d661b79ab
WINSyslogClient.WinUI/Strings/Resources,WINSyslogClient.WinUI Resources,szServiceName,Teenuse nimi,Adiscon User Interface .resw source; locale=et-EE; revision=edd9fe10d4a120194e4a0a1e60a5d04d661b79ab
WINSyslogClient.WinUI/Strings/Resources,WINSyslogClient.WinUI Resources,szSnmpCheckOid,Päringu OID (objekti ID),Adiscon User Interface .resw source; locale=et-EE; revision=edd9fe10d4a120194e4a0a1e60a5d04d661b79ab
WINSyslogClient.WinUI/Strings/Resources,WINSyslogClient.WinUI Resources,szSnmpGeneralOptions,Üldised SNMP valikud,Adiscon User Interface .resw source; locale=et-EE; revision=edd9fe10d4a120194e4a0a1e60a5d04d661b79ab
WINSyslogClient.WinUI/Strings/Resources,WINSyslogClient.WinUI Resources,szSnmpRelatedValues,SNMP Päring on seotud,Adiscon User Interface .resw source; locale=et-EE; revision=edd9fe10d4a120194e4a0a1e60a5d04d661b79ab
WINSyslogClient.WinUI/Strings/Resources,WINSyslogClient.WinUI Resources,szSnmpv2Oid,Trap OID,Adiscon User Interface .resw source; locale=et-EE; revision=edd9fe10d4a120194e4a0a1e60a5d04d661b79ab
WINSyslogClient.WinUI/Strings/Resources,WINSyslogClient.WinUI Resources,szSourcePropertyName,"Valige allika atribuut, millest nimi lahendatakse",Adiscon User Interface .resw source; locale=et-EE; revision=edd9fe10d4a120194e4a0a1e60a5d04d661b79ab
WINSyslogClient.WinUI/Strings/Resources,WINSyslogClient.WinUI Resources,szSpaceParity,Kosmose pariteet,Adiscon User Interface .resw source; locale=et-EE; revision=edd9fe10d4a120194e4a0a1e60a5d04d661b79ab
WINSyslogClient.WinUI/Strings/Resources,WINSyslogClient.WinUI Resources,szSpoofedIPAddress,Fikseeritud IP või üksik vara,Adiscon User Interface .resw source; locale=et-EE; revision=edd9fe10d4a120194e4a0a1e60a5d04d661b79ab
WINSyslogClient.WinUI/Strings/Resources,WINSyslogClient.WinUI Resources,szStatusVar,Olekumuutuja,Adiscon User Interface .resw source; locale=et-EE; revision=edd9fe10d4a120194e4a0a1e60a5d04d661b79ab
WINSyslogClient.WinUI/Strings/Resources,WINSyslogClient.WinUI Resources,szStoredProcedure,KÕNE (MSSQL-i salvestatud protseduur),Adiscon User Interface .resw source; locale=et-EE; revision=edd9fe10d4a120194e4a0a1e60a5d04d661b79ab
WINSyslogClient.WinUI/Strings/Resources,WINSyslogClient.WinUI Resources,szSubscriptionOptions,Tellimisega seotud valikud,Adiscon User Interface .resw source; locale=et-EE; revision=edd9fe10d4a120194e4a0a1e60a5d04d661b79ab
WINSyslogClient.WinUI/Strings/Resources,WINSyslogClient.WinUI Resources,szSyslogHeaderOptions,SyslogPäise valikud,Adiscon User Interface .resw source; locale=et-EE; revision=edd9fe10d4a120194e4a0a1e60a5d04d661b79ab
WINSyslogClient.WinUI/Strings/Resources,WINSyslogClient.WinUI Resources,szSyslogMaxMessageSizeDescription,"Kui üle Syslog TCP-ga võetakse vastu liiga suuri sõnumeid, määrab see suuruse piirang, millal peame sõnumi poolitama.
Vaikimisi on TCP maksimaalseks suuruseks seatud 1024000 baiti (1 MB). Syslog UDP puhul on UDP-protokolli piirangute tõttu limiit 65536 baiti.",Adiscon User Interface .resw source; locale=et-EE; revision=edd9fe10d4a120194e4a0a1e60a5d04d661b79ab
WINSyslogClient.WinUI/Strings/Resources,WINSyslogClient.WinUI Resources,szSyslogMessageOptions,Syslog Sõnumi valikud,Adiscon User Interface .resw source; locale=et-EE; revision=edd9fe10d4a120194e4a0a1e60a5d04d661b79ab
WINSyslogClient.WinUI/Strings/Resources,WINSyslogClient.WinUI Resources,szSyslogNetworkOptions,Võrguga seotud valikud,Adiscon User Interface .resw source; locale=et-EE; revision=edd9fe10d4a120194e4a0a1e60a5d04d661b79ab
WINSyslogClient.WinUI/Strings/Resources,WINSyslogClient.WinUI Resources,szSyslogProcessingCustomHeader,Kasutage kohandatud Syslog päist,Adiscon User Interface .resw source; locale=et-EE; revision=edd9fe10d4a120194e4a0a1e60a5d04d661b79ab
WINSyslogClient.WinUI/Strings/Resources,WINSyslogClient.WinUI Resources,szSyslogProcessingDisabled,"Keela töötlemine, edasta nii nagu see on.",Adiscon User Interface .resw source; locale=et-EE; revision=edd9fe10d4a120194e4a0a1e60a5d04d661b79ab
WINSyslogClient.WinUI/Strings/Resources,WINSyslogClient.WinUI Resources,szSyslogProcessingRFC3164,Kasutage pärand RFC 3164 töötlemist,Adiscon User Interface .resw source; locale=et-EE; revision=edd9fe10d4a120194e4a0a1e60a5d04d661b79ab
WINSyslogClient.WinUI/Strings/Resources,WINSyslogClient.WinUI Resources,szSyslogProcessingRFC5424,Kasutage RFC 5424 töötlemist (soovitatav),Adiscon User Interface .resw source; locale=et-EE; revision=edd9fe10d4a120194e4a0a1e60a5d04d661b79ab
WINSyslogClient.WinUI/Strings/Resources,WINSyslogClient.WinUI Resources,szSyslogQueue,SyslogQueue Nimi,Adiscon User Interface .resw source; locale=et-EE; revision=edd9fe10d4a120194e4a0a1e60a5d04d661b79ab
WINSyslogClient.WinUI/Strings/Resources,WINSyslogClient.WinUI Resources,szSyslogQueueOptions,SyslogQueue Valikud,Adiscon User Interface .resw source; locale=et-EE; revision=edd9fe10d4a120194e4a0a1e60a5d04d661b79ab
WINSyslogClient.WinUI/Strings/Resources,WINSyslogClient.WinUI Resources,szSyslogSSLOptions,SSL/TLS-iga seotud valikud,Adiscon User Interface .resw source; locale=et-EE; revision=edd9fe10d4a120194e4a0a1e60a5d04d661b79ab
WINSyslogClient.WinUI/Strings/Resources,WINSyslogClient.WinUI Resources,szSyslogSendServer,Syslog server,Adiscon User Interface .resw source; locale=et-EE; revision=edd9fe10d4a120194e4a0a1e60a5d04d661b79ab
WINSyslogClient.WinUI/Strings/Resources,WINSyslogClient.WinUI Resources,szSyslogServerBackup,Varunda Syslog server,Adiscon User Interface .resw source; locale=et-EE; revision=edd9fe10d4a120194e4a0a1e60a5d04d661b79ab
WINSyslogClient.WinUI/Strings/Resources,WINSyslogClient.WinUI Resources,szSyslogServerOptions,Syslog Vastuvõtja valikud,Adiscon User Interface .resw source; locale=et-EE; revision=edd9fe10d4a120194e4a0a1e60a5d04d661b79ab
WINSyslogClient.WinUI/Strings/Resources,WINSyslogClient.WinUI Resources,szSyslogServer_,Syslog server,Adiscon User Interface .resw source; locale=et-EE; revision=edd9fe10d4a120194e4a0a1e60a5d04d661b79ab
WINSyslogClient.WinUI/Strings/Resources,WINSyslogClient.WinUI Resources,szSyslogTCPOptions,TCP-ga seotud valikud,Adiscon User Interface .resw source; locale=et-EE; revision=edd9fe10d4a120194e4a0a1e60a5d04d661b79ab
WINSyslogClient.WinUI/Strings/Resources,WINSyslogClient.WinUI Resources,szSyslogTagValue,Syslog Märgendi väärtus,Adiscon User Interface .resw source; locale=et-EE; revision=edd9fe10d4a120194e4a0a1e60a5d04d661b79ab
WINSyslogClient.WinUI/Strings/Resources,WINSyslogClient.WinUI Resources,szSyslogTargetOptions,Syslog Sihtimisvalikud,Adiscon User Interface .resw source; locale=et-EE; revision=edd9fe10d4a120194e4a0a1e60a5d04d661b79ab
WINSyslogClient.WinUI/Strings/Resources,WINSyslogClient.WinUI Resources,szSyslogUDPOptions,UDP-ga seotud valikud,Adiscon User Interface .resw source; locale=et-EE; revision=edd9fe10d4a120194e4a0a1e60a5d04d661b79ab
WINSyslogClient.WinUI/Strings/Resources,WINSyslogClient.WinUI Resources,szTCPMsgSep,Sõnumite eraldamise järjekord,Adiscon User Interface .resw source; locale=et-EE; revision=edd9fe10d4a120194e4a0a1e60a5d04d661b79ab
WINSyslogClient.WinUI/Strings/Resources,WINSyslogClient.WinUI Resources,szTCPOptions,TCPO valikud,Adiscon User Interface .resw source; locale=et-EE; revision=edd9fe10d4a120194e4a0a1e60a5d04d661b79ab
WINSyslogClient.WinUI/Strings/Resources,WINSyslogClient.WinUI Resources,szTLSAdvancedOptions,TLS taiendatud,Adiscon User Interface .resw source; locale=et-EE; revision=edd9fe10d4a120194e4a0a1e60a5d04d661b79ab
WINSyslogClient.WinUI/Strings/Resources,WINSyslogClient.WinUI Resources,szTLSCommandsInfo,Selle suvandi lubamisel saate määrata OpenSSL-i konfiguratsioonikäsud otse. Iga käsutüübi jaoks saadaolevate konfiguratsiooniparameetrite kohta lisateabe saamiseks külastage:,Adiscon User Interface .resw source; locale=et-EE; revision=edd9fe10d4a120194e4a0a1e60a5d04d661b79ab
WINSyslogClient.WinUI/Strings/Resources,WINSyslogClient.WinUI Resources,szTLSCommandsInfoLink,OpenSSL SSL_CONF_cmd dokumentatsioon,Adiscon User Interface .resw source; locale=et-EE; revision=edd9fe10d4a120194e4a0a1e60a5d04d661b79ab
WINSyslogClient.WinUI/Strings/Resources,WINSyslogClient.WinUI Resources,szTLSOptions,TLS-i valikud,Adiscon User Interface .resw source; locale=et-EE; revision=edd9fe10d4a120194e4a0a1e60a5d04d661b79ab
WINSyslogClient.WinUI/Strings/Resources,WINSyslogClient.WinUI Resources,szTabAdvanced,Täpsemad suvandid,Adiscon User Interface .resw source; locale=et-EE; revision=edd9fe10d4a120194e4a0a1e60a5d04d661b79ab
WINSyslogClient.WinUI/Strings/Resources,WINSyslogClient.WinUI Resources,szTabCPU,CPU,Adiscon User Interface .resw source; locale=et-EE; revision=edd9fe10d4a120194e4a0a1e60a5d04d661b79ab
WINSyslogClient.WinUI/Strings/Resources,WINSyslogClient.WinUI Resources,szTabCaching,Sündmuste vahemälu,Adiscon User Interface .resw source; locale=et-EE; revision=edd9fe10d4a120194e4a0a1e60a5d04d661b79ab
WINSyslogClient.WinUI/Strings/Resources,WINSyslogClient.WinUI Resources,szTabEncoding,Kodeerimine,Adiscon User Interface .resw source; locale=et-EE; revision=edd9fe10d4a120194e4a0a1e60a5d04d661b79ab
WINSyslogClient.WinUI/Strings/Resources,WINSyslogClient.WinUI Resources,szTabEventChannels,Event Channels,Adiscon User Interface .resw source; locale=et-EE; revision=edd9fe10d4a120194e4a0a1e60a5d04d661b79ab
WINSyslogClient.WinUI/Strings/Resources,WINSyslogClient.WinUI Resources,szTabFiles,Töödeldud failid,Adiscon User Interface .resw source; locale=et-EE; revision=edd9fe10d4a120194e4a0a1e60a5d04d661b79ab
WINSyslogClient.WinUI/Strings/Resources,WINSyslogClient.WinUI Resources,szTabGeneral,Üldised valikud,Adiscon User Interface .resw source; locale=et-EE; revision=edd9fe10d4a120194e4a0a1e60a5d04d661b79ab
WINSyslogClient.WinUI/Strings/Resources,WINSyslogClient.WinUI Resources,szTabMailFormatOptions,Meilivormingu valikud,Adiscon User Interface .resw source; locale=et-EE; revision=edd9fe10d4a120194e4a0a1e60a5d04d661b79ab
WINSyslogClient.WinUI/Strings/Resources,WINSyslogClient.WinUI Resources,szTabMailServerOptions,Meiliserveri valikud,Adiscon User Interface .resw source; locale=et-EE; revision=edd9fe10d4a120194e4a0a1e60a5d04d661b79ab
WINSyslogClient.WinUI/Strings/Resources,WINSyslogClient.WinUI Resources,szTabMemory,Kogu mälu,Adiscon User Interface .resw source; locale=et-EE; revision=edd9fe10d4a120194e4a0a1e60a5d04d661b79ab
WINSyslogClient.WinUI/Strings/Resources,WINSyslogClient.WinUI Resources,szTabMsgSep,Sõnumi eraldajad,Adiscon User Interface .resw source; locale=et-EE; revision=edd9fe10d4a120194e4a0a1e60a5d04d661b79ab
WINSyslogClient.WinUI/Strings/Resources,WINSyslogClient.WinUI Resources,szTabPhyMemory,Füüsiline mälu,Adiscon User Interface .resw source; locale=et-EE; revision=edd9fe10d4a120194e4a0a1e60a5d04d661b79ab
WINSyslogClient.WinUI/Strings/Resources,WINSyslogClient.WinUI Resources,szTabVirtMemory,Virtuaalne mälu,Adiscon User Interface .resw source; locale=et-EE; revision=edd9fe10d4a120194e4a0a1e60a5d04d661b79ab
WINSyslogClient.WinUI/Strings/Resources,WINSyslogClient.WinUI Resources,szTableID,ID Välja nimi,Adiscon User Interface .resw source; locale=et-EE; revision=edd9fe10d4a120194e4a0a1e60a5d04d661b79ab
WINSyslogClient.WinUI/Strings/Resources,WINSyslogClient.WinUI Resources,szTableName,Tabeli nimi,Adiscon User Interface .resw source; locale=et-EE; revision=edd9fe10d4a120194e4a0a1e60a5d04d661b79ab
WINSyslogClient.WinUI/Strings/Resources,WINSyslogClient.WinUI Resources,szTarget,Sihtmasin,Adiscon User Interface .resw source; locale=et-EE; revision=edd9fe10d4a120194e4a0a1e60a5d04d661b79ab
WINSyslogClient.WinUI/Strings/Resources,WINSyslogClient.WinUI Resources,szText,tekst,Adiscon User Interface .resw source; locale=et-EE; revision=edd9fe10d4a120194e4a0a1e60a5d04d661b79ab
WINSyslogClient.WinUI/Strings/Resources,WINSyslogClient.WinUI Resources,szTwoStopBits,2 Stop bitti,Adiscon User Interface .resw source; locale=et-EE; revision=edd9fe10d4a120194e4a0a1e60a5d04d661b79ab
WINSyslogClient.WinUI/Strings/Resources,WINSyslogClient.WinUI Resources,szTypeAgentcap,Agent Cap,Adiscon User Interface .resw source; locale=et-EE; revision=edd9fe10d4a120194e4a0a1e60a5d04d661b79ab
WINSyslogClient.WinUI/Strings/Resources,WINSyslogClient.WinUI Resources,szTypeBitstring,Bit String,Adiscon User Interface .resw source; locale=et-EE; revision=edd9fe10d4a120194e4a0a1e60a5d04d661b79ab
WINSyslogClient.WinUI/Strings/Resources,WINSyslogClient.WinUI Resources,szTypeCounter,Loendur,Adiscon User Interface .resw source; locale=et-EE; revision=edd9fe10d4a120194e4a0a1e60a5d04d661b79ab
WINSyslogClient.WinUI/Strings/Resources,WINSyslogClient.WinUI Resources,szTypeCounter64,Counter64,Adiscon User Interface .resw source; locale=et-EE; revision=edd9fe10d4a120194e4a0a1e60a5d04d661b79ab
WINSyslogClient.WinUI/Strings/Resources,WINSyslogClient.WinUI Resources,szTypeGauge,Mõõtur,Adiscon User Interface .resw source; locale=et-EE; revision=edd9fe10d4a120194e4a0a1e60a5d04d661b79ab
WINSyslogClient.WinUI/Strings/Resources,WINSyslogClient.WinUI Resources,szTypeInteger,Täisarv,Adiscon User Interface .resw source; locale=et-EE; revision=edd9fe10d4a120194e4a0a1e60a5d04d661b79ab
WINSyslogClient.WinUI/Strings/Resources,WINSyslogClient.WinUI Resources,szTypeInteger32,Signeeritud täisarv32,Adiscon User Interface .resw source; locale=et-EE; revision=edd9fe10d4a120194e4a0a1e60a5d04d661b79ab
WINSyslogClient.WinUI/Strings/Resources,WINSyslogClient.WinUI Resources,szTypeIpaddr,IP-aadress,Adiscon User Interface .resw source; locale=et-EE; revision=edd9fe10d4a120194e4a0a1e60a5d04d661b79ab
WINSyslogClient.WinUI/Strings/Resources,WINSyslogClient.WinUI Resources,szTypeModcomp,Mod Comp,Adiscon User Interface .resw source; locale=et-EE; revision=edd9fe10d4a120194e4a0a1e60a5d04d661b79ab
WINSyslogClient.WinUI/Strings/Resources,WINSyslogClient.WinUI Resources,szTypeModid,ModID,Adiscon User Interface .resw source; locale=et-EE; revision=edd9fe10d4a120194e4a0a1e60a5d04d661b79ab
WINSyslogClient.WinUI/Strings/Resources,WINSyslogClient.WinUI Resources,szTypeNetaddr,Interneti-aadress,Adiscon User Interface .resw source; locale=et-EE; revision=edd9fe10d4a120194e4a0a1e60a5d04d661b79ab
WINSyslogClient.WinUI/Strings/Resources,WINSyslogClient.WinUI Resources,szTypeNotiftype,Teavituse tüüp,Adiscon User Interface .resw source; locale=et-EE; revision=edd9fe10d4a120194e4a0a1e60a5d04d661b79ab
WINSyslogClient.WinUI/Strings/Resources,WINSyslogClient.WinUI Resources,szTypeNsapaddress,NSAP aadress,Adiscon User Interface .resw source; locale=et-EE; revision=edd9fe10d4a120194e4a0a1e60a5d04d661b79ab
WINSyslogClient.WinUI/Strings/Resources,WINSyslogClient.WinUI Resources,szTypeNull,Null,Adiscon User Interface .resw source; locale=et-EE; revision=edd9fe10d4a120194e4a0a1e60a5d04d661b79ab
WINSyslogClient.WinUI/Strings/Resources,WINSyslogClient.WinUI Resources,szTypeObjgroup,Objektirühm,Adiscon User Interface .resw source; locale=et-EE; revision=edd9fe10d4a120194e4a0a1e60a5d04d661b79ab
WINSyslogClient.WinUI/Strings/Resources,WINSyslogClient.WinUI Resources,szTypeObjid,Objekti ID,Adiscon User Interface .resw source; locale=et-EE; revision=edd9fe10d4a120194e4a0a1e60a5d04d661b79ab
WINSyslogClient.WinUI/Strings/Resources,WINSyslogClient.WinUI Resources,szTypeOctetstr,Okteti keel,Adiscon User Interface .resw source; locale=et-EE; revision=edd9fe10d4a120194e4a0a1e60a5d04d661b79ab
WINSyslogClient.WinUI/Strings/Resources,WINSyslogClient.WinUI Resources,szTypeOpaque,Läbipaistmatu,Adiscon User Interface .resw source; locale=et-EE; revision=edd9fe10d4a120194e4a0a1e60a5d04d661b79ab
WINSyslogClient.WinUI/Strings/Resources,WINSyslogClient.WinUI Resources,szTypeOther,muud,Adiscon User Interface .resw source; locale=et-EE; revision=edd9fe10d4a120194e4a0a1e60a5d04d661b79ab
WINSyslogClient.WinUI/Strings/Resources,WINSyslogClient.WinUI Resources,szTypeTimeticks,Ajamõõtjad,Adiscon User Interface .resw source; locale=et-EE; revision=edd9fe10d4a120194e4a0a1e60a5d04d661b79ab
WINSyslogClient.WinUI/Strings/Resources,WINSyslogClient.WinUI Resources,szTypeTraptype,Lõksu tüüp,Adiscon User Interface .resw source; locale=et-EE; revision=edd9fe10d4a120194e4a0a1e60a5d04d661b79ab
WINSyslogClient.WinUI/Strings/Resources,WINSyslogClient.WinUI Resources,szTypeUinteger,UTäisarv,Adiscon User Interface .resw source; locale=et-EE; revision=edd9fe10d4a120194e4a0a1e60a5d04d661b79ab
WINSyslogClient.WinUI/Strings/Resources,WINSyslogClient.WinUI Resources,szTypeUnsigned32,Märgita täisarv32,Adiscon User Interface .resw source; locale=et-EE; revision=edd9fe10d4a120194e4a0a1e60a5d04d661b79ab
WINSyslogClient.WinUI/Strings/Resources,WINSyslogClient.WinUI Resources,szUDPOptions,UDP valikud,Adiscon User Interface .resw source; locale=et-EE; revision=edd9fe10d4a120194e4a0a1e60a5d04d661b79ab
WINSyslogClient.WinUI/Strings/Resources,WINSyslogClient.WinUI Resources,szUnixTimestamp,UNIX-i/LINUX-i sarnane ajatempel,Adiscon User Interface .resw source; locale=et-EE; revision=edd9fe10d4a120194e4a0a1e60a5d04d661b79ab
WINSyslogClient.WinUI/Strings/Resources,WINSyslogClient.WinUI Resources,szUpTo,Kuni,Adiscon User Interface .resw source; locale=et-EE; revision=edd9fe10d4a120194e4a0a1e60a5d04d661b79ab
WINSyslogClient.WinUI/Strings/Resources,WINSyslogClient.WinUI Resources,szUrl,URL ja päringustring,Adiscon User Interface .resw source; locale=et-EE; revision=edd9fe10d4a120194e4a0a1e60a5d04d661b79ab
WINSyslogClient.WinUI/Strings/Resources,WINSyslogClient.WinUI Resources,szUserAgent,Kasutajaagent (brauser),Adiscon User Interface .resw source; locale=et-EE; revision=edd9fe10d4a120194e4a0a1e60a5d04d661b79ab
WINSyslogClient.WinUI/Strings/Resources,WINSyslogClient.WinUI Resources,szUsername,Kasutajanimi,Adiscon User Interface .resw source; locale=et-EE; revision=edd9fe10d4a120194e4a0a1e60a5d04d661b79ab
WINSyslogClient.WinUI/Strings/Resources,WINSyslogClient.WinUI Resources,szVarChar,varchar,Adiscon User Interface .resw source; locale=et-EE; revision=edd9fe10d4a120194e4a0a1e60a5d04d661b79ab
WINSyslogClient.WinUI/Strings/Resources,WINSyslogClient.WinUI Resources,szVariableOID_,Muutuv OID,Adiscon User Interface .resw source; locale=et-EE; revision=edd9fe10d4a120194e4a0a1e60a5d04d661b79ab
WINSyslogClient.WinUI/Strings/Resources,WINSyslogClient.WinUI Resources,szVariableValue_,Muutuv väärtus,Adiscon User Interface .resw source; locale=et-EE; revision=edd9fe10d4a120194e4a0a1e60a5d04d661b79ab
WINSyslogClient.WinUI/Strings/Resources,WINSyslogClient.WinUI Resources,szW3CHeader,W3C päise väärtus,Adiscon User Interface .resw source; locale=et-EE; revision=edd9fe10d4a120194e4a0a1e60a5d04d661b79ab
WINSyslogClient.WinUI/Strings/Resources,WINSyslogClient.WinUI Resources,szWarningSavingConfiguration,Hoiatus konfiguratsiooni salvestamisel,Adiscon User Interface .resw source; locale=et-EE; revision=edd9fe10d4a120194e4a0a1e60a5d04d661b79ab
WINSyslogClient.WinUI/Strings/Resources,WINSyslogClient.WinUI Resources,szWarningSavingConfigurationBackup,Vana konfiguratsioonifaili varundamine ebaõnnestus. Konfiguratsiooni salvestamine järgmisse faili võib ebaõnnestuda:,Adiscon User Interface .resw source; locale=et-EE; revision=edd9fe10d4a120194e4a0a1e60a5d04d661b79ab
WINSyslogClient.WinUI/Strings/Resources,WINSyslogClient.WinUI Resources,szWarningSavingConfigurationOldFile,Vana konfiguratsioonifaili kustutamine ebaõnnestus. Fail võib olla blokeeritud mõne muu protsessi poolt. Peate järgmise faili käsitsi kustutama:,Adiscon User Interface .resw source; locale=et-EE; revision=edd9fe10d4a120194e4a0a1e60a5d04d661b79ab
WINSyslogClient.WinUI/Strings/Resources,WINSyslogClient.WinUI Resources,szWord,Üksik Sõna,Adiscon User Interface .resw source; locale=et-EE; revision=edd9fe10d4a120194e4a0a1e60a5d04d661b79ab
WINSyslogClient.WinUI/Strings/Resources,WINSyslogClient.WinUI Resources,szXMLBookmark,Viimane rekord,Adiscon User Interface .resw source; locale=et-EE; revision=edd9fe10d4a120194e4a0a1e60a5d04d661b79ab
WINSyslogClient.WinUI/Strings/Resources,WINSyslogClient.WinUI Resources,szXmlFormat,XML-vorming,Adiscon User Interface .resw source; locale=et-EE; revision=edd9fe10d4a120194e4a0a1e60a5d04d661b79ab
WINSyslogClient.WinUI/Strings/Resources,WINSyslogClient.WinUI Resources,sz_runhigh,Kõrge,Adiscon User Interface .resw source; locale=et-EE; revision=edd9fe10d4a120194e4a0a1e60a5d04d661b79ab
WINSyslogClient.WinUI/Strings/Resources,WINSyslogClient.WinUI Resources,sz_runidle,Käivitage tühikäigu prioriteediga,Adiscon User Interface .resw source; locale=et-EE; revision=edd9fe10d4a120194e4a0a1e60a5d04d661b79ab
WINSyslogClient.WinUI/Strings/Resources,WINSyslogClient.WinUI Resources,sz_runlow,Madal,Adiscon User Interface .resw source; locale=et-EE; revision=edd9fe10d4a120194e4a0a1e60a5d04d661b79ab
WINSyslogClient.WinUI/Strings/Resources,WINSyslogClient.WinUI Resources,sz_runnormal,Tavaline,Adiscon User Interface .resw source; locale=et-EE; revision=edd9fe10d4a120194e4a0a1e60a5d04d661b79ab
WINSyslogClient.WinUI/Strings/Resources,WINSyslogClient.WinUI Resources,tlsallowedentries,Lubatud eakaaslased,Adiscon User Interface .resw source; locale=et-EE; revision=edd9fe10d4a120194e4a0a1e60a5d04d661b79ab
WINSyslogClient.WinUI/Strings/Resources,WINSyslogClient.WinUI Resources,txteventchannels,Sündmuste logi kanal,Adiscon User Interface .resw source; locale=et-EE; revision=edd9fe10d4a120194e4a0a1e60a5d04d661b79ab
WINSyslogClient.WinUI/Strings/Resources,WINSyslogClient.WinUI Resources,txtfileitems,Failinimi,Adiscon User Interface .resw source; locale=et-EE; revision=edd9fe10d4a120194e4a0a1e60a5d04d661b79ab
WINSyslogClient.WinUI/Strings/Resources,WINSyslogClient.WinUI Resources,txtprocessedfiles,Töödeldud failinimi,Adiscon User Interface .resw source; locale=et-EE; revision=edd9fe10d4a120194e4a0a1e60a5d04d661b79ab
