Unit,Unit Name,ID,Text,Comment
WINSyslogClient.WinUI/Strings/Resources,WINSyslogClient.WinUI Resources,AppDisplayName,WinSyslog,NG .resw source; locale=ja-JP; revision=7d81679f19f5fdaf5c8becaed58204869d1ac857
WINSyslogClient.WinUI/Strings/Resources,WINSyslogClient.WinUI Resources,Help_ApplicationIdentityTitle,アプリケーション ID,NG .resw source; locale=ja-JP; revision=7d81679f19f5fdaf5c8becaed58204869d1ac857
WINSyslogClient.WinUI/Strings/Resources,WINSyslogClient.WinUI Resources,Help_ExecutableFormat,レガシー出力名: {0},NG .resw source; locale=ja-JP; revision=7d81679f19f5fdaf5c8becaed58204869d1ac857
WINSyslogClient.WinUI/Strings/Resources,WINSyslogClient.WinUI Resources,Help_OnlineResourcesTitle,オンライン リソース,NG .resw source; locale=ja-JP; revision=7d81679f19f5fdaf5c8becaed58204869d1ac857
WINSyslogClient.WinUI/Strings/Resources,WINSyslogClient.WinUI Resources,Help_OpenOnlineDocs,オンライン ドキュメントを開く,NG .resw source; locale=ja-JP; revision=7d81679f19f5fdaf5c8becaed58204869d1ac857
WINSyslogClient.WinUI/Strings/Resources,WINSyslogClient.WinUI Resources,Help_OpenProductSite,製品サイトを開く,NG .resw source; locale=ja-JP; revision=7d81679f19f5fdaf5c8becaed58204869d1ac857
WINSyslogClient.WinUI/Strings/Resources,WINSyslogClient.WinUI Resources,Help_OpenSupport,サポートを開く,NG .resw source; locale=ja-JP; revision=7d81679f19f5fdaf5c8becaed58204869d1ac857
WINSyslogClient.WinUI/Strings/Resources,WINSyslogClient.WinUI Resources,Help_OpenedOnlineDocs,オンライン ドキュメントを開きました。,NG .resw source; locale=ja-JP; revision=7d81679f19f5fdaf5c8becaed58204869d1ac857
WINSyslogClient.WinUI/Strings/Resources,WINSyslogClient.WinUI Resources,Help_OpenedProductSite,製品サイトを開きました。,NG .resw source; locale=ja-JP; revision=7d81679f19f5fdaf5c8becaed58204869d1ac857
WINSyslogClient.WinUI/Strings/Resources,WINSyslogClient.WinUI Resources,Help_OpenedSupport,サポート サイトを開きました。,NG .resw source; locale=ja-JP; revision=7d81679f19f5fdaf5c8becaed58204869d1ac857
WINSyslogClient.WinUI/Strings/Resources,WINSyslogClient.WinUI Resources,Help_ProductFormat,製品: {0},NG .resw source; locale=ja-JP; revision=7d81679f19f5fdaf5c8becaed58204869d1ac857
WINSyslogClient.WinUI/Strings/Resources,WINSyslogClient.WinUI Resources,Help_StatusMessage,このクライアントの製品、ドキュメント、サポートのリンクを使用してください。,NG .resw source; locale=ja-JP; revision=7d81679f19f5fdaf5c8becaed58204869d1ac857
WINSyslogClient.WinUI/Strings/Resources,WINSyslogClient.WinUI Resources,Help_Title,ヘルプ / バージョン情報,NG .resw source; locale=ja-JP; revision=7d81679f19f5fdaf5c8becaed58204869d1ac857
WINSyslogClient.WinUI/Strings/Resources,WINSyslogClient.WinUI Resources,Help_UnknownVersion,不明,NG .resw source; locale=ja-JP; revision=7d81679f19f5fdaf5c8becaed58204869d1ac857
WINSyslogClient.WinUI/Strings/Resources,WINSyslogClient.WinUI Resources,Help_VersionFormat,現在のバージョン: {0},NG .resw source; locale=ja-JP; revision=7d81679f19f5fdaf5c8becaed58204869d1ac857
WINSyslogClient.WinUI/Strings/Resources,WINSyslogClient.WinUI Resources,Help_WindowTitleFormat,ウィンドウ タイトル: {0},NG .resw source; locale=ja-JP; revision=7d81679f19f5fdaf5c8becaed58204869d1ac857
WINSyslogClient.WinUI/Strings/Resources,WINSyslogClient.WinUI Resources,Language_ApplyButton,言語を適用,NG .resw source; locale=ja-JP; revision=7d81679f19f5fdaf5c8becaed58204869d1ac857
WINSyslogClient.WinUI/Strings/Resources,WINSyslogClient.WinUI Resources,Language_ClientLanguageHeader,クライアント言語,NG .resw source; locale=ja-JP; revision=7d81679f19f5fdaf5c8becaed58204869d1ac857
WINSyslogClient.WinUI/Strings/Resources,WINSyslogClient.WinUI Resources,Language_CurrentSelectionFormat,選択した言語: {0} | 現在の UI カルチャ: {1},NG .resw source; locale=ja-JP; revision=7d81679f19f5fdaf5c8becaed58204869d1ac857
WINSyslogClient.WinUI/Strings/Resources,WINSyslogClient.WinUI Resources,Language_DisplayLanguageTitle,表示言語,NG .resw source; locale=ja-JP; revision=7d81679f19f5fdaf5c8becaed58204869d1ac857
WINSyslogClient.WinUI/Strings/Resources,WINSyslogClient.WinUI Resources,Language_IntroFormat,この {0} クライアントの表示言語を選択します。,NG .resw source; locale=ja-JP; revision=7d81679f19f5fdaf5c8becaed58204869d1ac857
WINSyslogClient.WinUI/Strings/Resources,WINSyslogClient.WinUI Resources,Language_InvariantCulture,インバリアント,NG .resw source; locale=ja-JP; revision=7d81679f19f5fdaf5c8becaed58204869d1ac857
WINSyslogClient.WinUI/Strings/Resources,WINSyslogClient.WinUI Resources,Language_ResourceCoverageText,このクライアントには、英語、ドイツ語、スペイン語、フランス語、イタリア語、ポルトガル語、エストニア語、日本語の構成ラベル、オプション テキスト、共有の読み込み/保存メッセージ用の言語リソースが含まれています。システム既定は Windows の言語設定に従います。,NG .resw source; locale=ja-JP; revision=7d81679f19f5fdaf5c8becaed58204869d1ac857
WINSyslogClient.WinUI/Strings/Resources,WINSyslogClient.WinUI Resources,Language_ResourceCoverageTitle,言語リソースの範囲,NG .resw source; locale=ja-JP; revision=7d81679f19f5fdaf5c8becaed58204869d1ac857
WINSyslogClient.WinUI/Strings/Resources,WINSyslogClient.WinUI Resources,Language_RestartDialogContentFormat,すべてのラベルとメッセージで {0} を使用するには、クライアントの再起動が必要です。今すぐ再起動しますか?,NG .resw source; locale=ja-JP; revision=7d81679f19f5fdaf5c8becaed58204869d1ac857
WINSyslogClient.WinUI/Strings/Resources,WINSyslogClient.WinUI Resources,Language_RestartDialogLater,Later,NG .resw source; locale=ja-JP; revision=7d81679f19f5fdaf5c8becaed58204869d1ac857
WINSyslogClient.WinUI/Strings/Resources,WINSyslogClient.WinUI Resources,Language_RestartDialogRestartNow,Restart now,NG .resw source; locale=ja-JP; revision=7d81679f19f5fdaf5c8becaed58204869d1ac857
WINSyslogClient.WinUI/Strings/Resources,WINSyslogClient.WinUI Resources,Language_RestartDialogTitle,Restart client now?,NG .resw source; locale=ja-JP; revision=7d81679f19f5fdaf5c8becaed58204869d1ac857
WINSyslogClient.WinUI/Strings/Resources,WINSyslogClient.WinUI Resources,Language_RestartFailedFormat,"Language was saved, but automatic restart failed: {0}",NG .resw source; locale=ja-JP; revision=7d81679f19f5fdaf5c8becaed58204869d1ac857
WINSyslogClient.WinUI/Strings/Resources,WINSyslogClient.WinUI Resources,Language_RestartFailedNoProcessPath,"Language was saved, but the client could not determine the executable path for automatic restart.",NG .resw source; locale=ja-JP; revision=7d81679f19f5fdaf5c8becaed58204869d1ac857
WINSyslogClient.WinUI/Strings/Resources,WINSyslogClient.WinUI Resources,Language_RestartRequiredText,言語を変更した後は、ラベルとメッセージを一貫して再読み込みするためにクライアントを再起動してください。,NG .resw source; locale=ja-JP; revision=7d81679f19f5fdaf5c8becaed58204869d1ac857
WINSyslogClient.WinUI/Strings/Resources,WINSyslogClient.WinUI Resources,Language_SelectedFormat,選択した言語: {0}. {1},NG .resw source; locale=ja-JP; revision=7d81679f19f5fdaf5c8becaed58204869d1ac857
WINSyslogClient.WinUI/Strings/Resources,WINSyslogClient.WinUI Resources,Language_SelectedLanguageFormat,Selected language: {0},NG .resw source; locale=ja-JP; revision=7d81679f19f5fdaf5c8becaed58204869d1ac857
WINSyslogClient.WinUI/Strings/Resources,WINSyslogClient.WinUI Resources,Language_SelectedSystemDefault,選択した言語: システム既定,NG .resw source; locale=ja-JP; revision=7d81679f19f5fdaf5c8becaed58204869d1ac857
WINSyslogClient.WinUI/Strings/Resources,WINSyslogClient.WinUI Resources,Language_StatusLanguageRestartFormat,言語を {0} に設定しました。言語リソースを再読み込みするにはクライアントを再起動してください。,NG .resw source; locale=ja-JP; revision=7d81679f19f5fdaf5c8becaed58204869d1ac857
WINSyslogClient.WinUI/Strings/Resources,WINSyslogClient.WinUI Resources,Language_StatusLoaded,Language selection is loaded.,NG .resw source; locale=ja-JP; revision=7d81679f19f5fdaf5c8becaed58204869d1ac857
WINSyslogClient.WinUI/Strings/Resources,WINSyslogClient.WinUI Resources,Language_StatusSystemDefaultRestart,言語を Windows のシステム既定に戻しました。言語リソースを再読み込みするにはクライアントを再起動してください。,NG .resw source; locale=ja-JP; revision=7d81679f19f5fdaf5c8becaed58204869d1ac857
WINSyslogClient.WinUI/Strings/Resources,WINSyslogClient.WinUI Resources,Language_SystemDefault,システム既定,NG .resw source; locale=ja-JP; revision=7d81679f19f5fdaf5c8becaed58204869d1ac857
WINSyslogClient.WinUI/Strings/Resources,WINSyslogClient.WinUI Resources,Language_Title,言語,NG .resw source; locale=ja-JP; revision=7d81679f19f5fdaf5c8becaed58204869d1ac857
WINSyslogClient.WinUI/Strings/Resources,WINSyslogClient.WinUI Resources,LicenseStatus_Expired,ライセンス ファイルの有効期限が切れています。,NG .resw source; locale=ja-JP; revision=7d81679f19f5fdaf5c8becaed58204869d1ac857
WINSyslogClient.WinUI/Strings/Resources,WINSyslogClient.WinUI Resources,LicenseStatus_FileLicensed,ライセンス ファイルはライセンス済みです。,NG .resw source; locale=ja-JP; revision=7d81679f19f5fdaf5c8becaed58204869d1ac857
WINSyslogClient.WinUI/Strings/Resources,WINSyslogClient.WinUI Resources,LicenseStatus_FileLicensedFor,ライセンス ファイルは %LICENSEE% 用にライセンスされています。,NG .resw source; locale=ja-JP; revision=7d81679f19f5fdaf5c8becaed58204869d1ac857
WINSyslogClient.WinUI/Strings/Resources,WINSyslogClient.WinUI Resources,LicenseStatus_FileTrial,ライセンス ファイルの試用版が構成されています。,NG .resw source; locale=ja-JP; revision=7d81679f19f5fdaf5c8becaed58204869d1ac857
WINSyslogClient.WinUI/Strings/Resources,WINSyslogClient.WinUI Resources,LicenseStatus_FileTrialWithDays,ライセンス ファイルの試用版、残り日数: %DAYSLEFT%。,NG .resw source; locale=ja-JP; revision=7d81679f19f5fdaf5c8becaed58204869d1ac857
WINSyslogClient.WinUI/Strings/Resources,WINSyslogClient.WinUI Resources,LicenseStatus_FreeNoLicense,無償版 / ライセンスが構成されていません。,NG .resw source; locale=ja-JP; revision=7d81679f19f5fdaf5c8becaed58204869d1ac857
WINSyslogClient.WinUI/Strings/Resources,WINSyslogClient.WinUI Resources,LicenseStatus_InvalidFile,有効なライセンス ファイルが構成されていません。,NG .resw source; locale=ja-JP; revision=7d81679f19f5fdaf5c8becaed58204869d1ac857
WINSyslogClient.WinUI/Strings/Resources,WINSyslogClient.WinUI Resources,LicenseStatus_Licensed,ライセンス済み。,NG .resw source; locale=ja-JP; revision=7d81679f19f5fdaf5c8becaed58204869d1ac857
WINSyslogClient.WinUI/Strings/Resources,WINSyslogClient.WinUI Resources,LicenseStatus_LicensedFor,%LICENSEE% 用にライセンスされています。,NG .resw source; locale=ja-JP; revision=7d81679f19f5fdaf5c8becaed58204869d1ac857
WINSyslogClient.WinUI/Strings/Resources,WINSyslogClient.WinUI Resources,LicenseStatus_MissingFile,ライセンス ファイルが見つかりません。,NG .resw source; locale=ja-JP; revision=7d81679f19f5fdaf5c8becaed58204869d1ac857
WINSyslogClient.WinUI/Strings/Resources,WINSyslogClient.WinUI Resources,LicenseStatus_NoBlock,ライセンス ブロックが読み込まれていません。,NG .resw source; locale=ja-JP; revision=7d81679f19f5fdaf5c8becaed58204869d1ac857
WINSyslogClient.WinUI/Strings/Resources,WINSyslogClient.WinUI Resources,LicenseStatus_NoLicense,ライセンスが構成されていません。,NG .resw source; locale=ja-JP; revision=7d81679f19f5fdaf5c8becaed58204869d1ac857
WINSyslogClient.WinUI/Strings/Resources,WINSyslogClient.WinUI Resources,LicenseStatus_ReleaseTrial,リリース試用版。,NG .resw source; locale=ja-JP; revision=7d81679f19f5fdaf5c8becaed58204869d1ac857
WINSyslogClient.WinUI/Strings/Resources,WINSyslogClient.WinUI Resources,LicenseStatus_ReleaseTrialExpired,リリース試用版の期限が切れています。,NG .resw source; locale=ja-JP; revision=7d81679f19f5fdaf5c8becaed58204869d1ac857
WINSyslogClient.WinUI/Strings/Resources,WINSyslogClient.WinUI Resources,LicenseStatus_ReleaseTrialWithDays,リリース試用版、残り日数: %DAYSLEFT%。,NG .resw source; locale=ja-JP; revision=7d81679f19f5fdaf5c8becaed58204869d1ac857
WINSyslogClient.WinUI/Strings/Resources,WINSyslogClient.WinUI Resources,LicenseStatus_TrialVersion,試用版。,NG .resw source; locale=ja-JP; revision=7d81679f19f5fdaf5c8becaed58204869d1ac857
WINSyslogClient.WinUI/Strings/Resources,WINSyslogClient.WinUI Resources,LicenseStatus_TrialVersionWithDays,試用版、残り日数: %DAYSLEFT%。,NG .resw source; locale=ja-JP; revision=7d81679f19f5fdaf5c8becaed58204869d1ac857
WINSyslogClient.WinUI/Strings/Resources,WINSyslogClient.WinUI Resources,LicenseValidation_ChooseFile,ライセンス ファイル (.alic) を選択してください。,NG .resw source; locale=ja-JP; revision=7d81679f19f5fdaf5c8becaed58204869d1ac857
WINSyslogClient.WinUI/Strings/Resources,WINSyslogClient.WinUI Resources,LicenseValidation_ClientLimit,クライアント上限: %VALUE%。,NG .resw source; locale=ja-JP; revision=7d81679f19f5fdaf5c8becaed58204869d1ac857
WINSyslogClient.WinUI/Strings/Resources,WINSyslogClient.WinUI Resources,LicenseValidation_Edition,エディション: %VALUE%。,NG .resw source; locale=ja-JP; revision=7d81679f19f5fdaf5c8becaed58204869d1ac857
WINSyslogClient.WinUI/Strings/Resources,WINSyslogClient.WinUI Resources,LicenseValidation_Expires,有効期限: %VALUE%。,NG .resw source; locale=ja-JP; revision=7d81679f19f5fdaf5c8becaed58204869d1ac857
WINSyslogClient.WinUI/Strings/Resources,WINSyslogClient.WinUI Resources,LicenseValidation_FileMissing,選択したライセンス ファイルが存在しません: %PATH%。,NG .resw source; locale=ja-JP; revision=7d81679f19f5fdaf5c8becaed58204869d1ac857
WINSyslogClient.WinUI/Strings/Resources,WINSyslogClient.WinUI Resources,LicenseValidation_Licensee,ライセンス所有者: %VALUE%。,NG .resw source; locale=ja-JP; revision=7d81679f19f5fdaf5c8becaed58204869d1ac857
WINSyslogClient.WinUI/Strings/Resources,WINSyslogClient.WinUI Resources,LicenseValidation_Product,製品: %VALUE%。,NG .resw source; locale=ja-JP; revision=7d81679f19f5fdaf5c8becaed58204869d1ac857
WINSyslogClient.WinUI/Strings/Resources,WINSyslogClient.WinUI Resources,LicenseValidation_ProductNotApplicable,この %PRODUCT% インストールではライセンス ファイルは無効です。,NG .resw source; locale=ja-JP; revision=7d81679f19f5fdaf5c8becaed58204869d1ac857
WINSyslogClient.WinUI/Strings/Resources,WINSyslogClient.WinUI Resources,LicenseValidation_ServiceVersionMismatch,ライセンス ファイルはバージョン %LICENSEVERSION% 用ですが、インストール済みサービスは %SERVICEVERSION% です。,NG .resw source; locale=ja-JP; revision=7d81679f19f5fdaf5c8becaed58204869d1ac857
WINSyslogClient.WinUI/Strings/Resources,WINSyslogClient.WinUI Resources,LicenseValidation_UnsupportedEdition,ライセンス ファイルにサポートされていないエディションが含まれています。,NG .resw source; locale=ja-JP; revision=7d81679f19f5fdaf5c8becaed58204869d1ac857
WINSyslogClient.WinUI/Strings/Resources,WINSyslogClient.WinUI Resources,LicenseValidation_Verified,ライセンス ファイルの署名を検証しました。,NG .resw source; locale=ja-JP; revision=7d81679f19f5fdaf5c8becaed58204869d1ac857
WINSyslogClient.WinUI/Strings/Resources,WINSyslogClient.WinUI Resources,LicenseValidation_VerifierMissing,OpenSSL 3.5.6 以降の検証ツールが見つかりません。,NG .resw source; locale=ja-JP; revision=7d81679f19f5fdaf5c8becaed58204869d1ac857
WINSyslogClient.WinUI/Strings/Resources,WINSyslogClient.WinUI Resources,ProductSection_AdvancedNote,このセクションは、メイン構成ワークフローに属さないエキスパート向けフローと製品固有の設定に使用します。,NG .resw source; locale=ja-JP; revision=7d81679f19f5fdaf5c8becaed58204869d1ac857
WINSyslogClient.WinUI/Strings/Resources,WINSyslogClient.WinUI Resources,ProductSection_AdvancedStatus,詳細は製品固有のエキスパート設定で使用できます。,NG .resw source; locale=ja-JP; revision=7d81679f19f5fdaf5c8becaed58204869d1ac857
WINSyslogClient.WinUI/Strings/Resources,WINSyslogClient.WinUI Resources,ProductSection_AdvancedTitle,詳細,NG .resw source; locale=ja-JP; revision=7d81679f19f5fdaf5c8becaed58204869d1ac857
WINSyslogClient.WinUI/Strings/Resources,WINSyslogClient.WinUI Resources,ProductSection_AdvancedWinSyslogNote,WinSyslog keeps Post Process Apps in the Configuration Console for Japanese builds.,NG .resw source; locale=ja-JP; revision=7d81679f19f5fdaf5c8becaed58204869d1ac857
WINSyslogClient.WinUI/Strings/Resources,WINSyslogClient.WinUI Resources,ProductSection_CountsFormat,全般ブロック: {0} | サービス: {1} | ルール グループ: {2},NG .resw source; locale=ja-JP; revision=7d81679f19f5fdaf5c8becaed58204869d1ac857
WINSyslogClient.WinUI/Strings/Resources,WINSyslogClient.WinUI Resources,ProductSection_LinksNote,このクライアントの製品、ドキュメント、サポート、診断リンクを使用してください。,NG .resw source; locale=ja-JP; revision=7d81679f19f5fdaf5c8becaed58204869d1ac857
WINSyslogClient.WinUI/Strings/Resources,WINSyslogClient.WinUI Resources,ProductSection_LinksTitle,リンクとフォローアップ,NG .resw source; locale=ja-JP; revision=7d81679f19f5fdaf5c8becaed58204869d1ac857
WINSyslogClient.WinUI/Strings/Resources,WINSyslogClient.WinUI Resources,ProductSection_LiveConfigurationContextTitle,ライブ構成コンテキスト,NG .resw source; locale=ja-JP; revision=7d81679f19f5fdaf5c8becaed58204869d1ac857
WINSyslogClient.WinUI/Strings/Resources,WINSyslogClient.WinUI Resources,ProductSection_ServiceStateFormat,サービス: {0} | 状態: {1},NG .resw source; locale=ja-JP; revision=7d81679f19f5fdaf5c8becaed58204869d1ac857
WINSyslogClient.WinUI/Strings/Resources,WINSyslogClient.WinUI Resources,ProductSection_SourceFormat,ソース: {0},NG .resw source; locale=ja-JP; revision=7d81679f19f5fdaf5c8becaed58204869d1ac857
WINSyslogClient.WinUI/Strings/Resources,WINSyslogClient.WinUI Resources,ProductSection_ToolsNote,診断はアクティブな構成スナップショットに基づくため、サポート作業はシェルの他の場所に表示される同じリーダーとサービス状態から開始できます。,NG .resw source; locale=ja-JP; revision=7d81679f19f5fdaf5c8becaed58204869d1ac857
WINSyslogClient.WinUI/Strings/Resources,WINSyslogClient.WinUI Resources,ProductSection_ToolsStatus,ツールは製品固有のドキュメントとライブ構成コンテキストを表示します。,NG .resw source; locale=ja-JP; revision=7d81679f19f5fdaf5c8becaed58204869d1ac857
WINSyslogClient.WinUI/Strings/Resources,WINSyslogClient.WinUI Resources,ProductSection_ToolsTitle,ツール,NG .resw source; locale=ja-JP; revision=7d81679f19f5fdaf5c8becaed58204869d1ac857
WINSyslogClient.WinUI/Strings/Resources,WINSyslogClient.WinUI Resources,ServiceRuntime_ButtonKillProcess,Kill service process,NG .resw source; locale=ja-JP; revision=7d81679f19f5fdaf5c8becaed58204869d1ac857
WINSyslogClient.WinUI/Strings/Resources,WINSyslogClient.WinUI Resources,ServiceRuntime_ButtonOpenServices,Open Windows Services,NG .resw source; locale=ja-JP; revision=7d81679f19f5fdaf5c8becaed58204869d1ac857
WINSyslogClient.WinUI/Strings/Resources,WINSyslogClient.WinUI Resources,ServiceRuntime_ButtonRefresh,Refresh,NG .resw source; locale=ja-JP; revision=7d81679f19f5fdaf5c8becaed58204869d1ac857
WINSyslogClient.WinUI/Strings/Resources,WINSyslogClient.WinUI Resources,ServiceRuntime_ButtonRestart,Restart,NG .resw source; locale=ja-JP; revision=7d81679f19f5fdaf5c8becaed58204869d1ac857
WINSyslogClient.WinUI/Strings/Resources,WINSyslogClient.WinUI Resources,ServiceRuntime_ButtonStart,Start,NG .resw source; locale=ja-JP; revision=7d81679f19f5fdaf5c8becaed58204869d1ac857
WINSyslogClient.WinUI/Strings/Resources,WINSyslogClient.WinUI Resources,ServiceRuntime_ButtonStop,Stop,NG .resw source; locale=ja-JP; revision=7d81679f19f5fdaf5c8becaed58204869d1ac857
WINSyslogClient.WinUI/Strings/Resources,WINSyslogClient.WinUI Resources,ServiceRuntime_DisabledAccessDenied,Administrator rights are needed to query or control the background service.,NG .resw source; locale=ja-JP; revision=7d81679f19f5fdaf5c8becaed58204869d1ac857
WINSyslogClient.WinUI/Strings/Resources,WINSyslogClient.WinUI Resources,ServiceRuntime_DisabledControlUnavailable,"Windows cannot send service control commands right now. Wait, check Windows Services, or kill the service process if it is still running.",NG .resw source; locale=ja-JP; revision=7d81679f19f5fdaf5c8becaed58204869d1ac857
WINSyslogClient.WinUI/Strings/Resources,WINSyslogClient.WinUI Resources,ServiceRuntime_DisabledNotInstalled,The Windows service is not installed.,NG .resw source; locale=ja-JP; revision=7d81679f19f5fdaf5c8becaed58204869d1ac857
WINSyslogClient.WinUI/Strings/Resources,WINSyslogClient.WinUI Resources,ServiceRuntime_DisabledNotLoaded,Service state has not been loaded yet.,NG .resw source; locale=ja-JP; revision=7d81679f19f5fdaf5c8becaed58204869d1ac857
WINSyslogClient.WinUI/Strings/Resources,WINSyslogClient.WinUI Resources,ServiceRuntime_DisabledPaused,Service is paused while reloading configuration. Stop and Restart are disabled until reload completes.,NG .resw source; locale=ja-JP; revision=7d81679f19f5fdaf5c8becaed58204869d1ac857
WINSyslogClient.WinUI/Strings/Resources,WINSyslogClient.WinUI Resources,ServiceRuntime_DisabledPausing,Service is pausing. Wait for Windows to finish the transition.,NG .resw source; locale=ja-JP; revision=7d81679f19f5fdaf5c8becaed58204869d1ac857
WINSyslogClient.WinUI/Strings/Resources,WINSyslogClient.WinUI Resources,ServiceRuntime_DisabledProcessMismatch,The service process is running without clean Windows service control. Use Kill service process or check Windows Services.,NG .resw source; locale=ja-JP; revision=7d81679f19f5fdaf5c8becaed58204869d1ac857
WINSyslogClient.WinUI/Strings/Resources,WINSyslogClient.WinUI Resources,ServiceRuntime_DisabledResuming,Service is resuming. Wait for Windows to finish the transition.,NG .resw source; locale=ja-JP; revision=7d81679f19f5fdaf5c8becaed58204869d1ac857
WINSyslogClient.WinUI/Strings/Resources,WINSyslogClient.WinUI Resources,ServiceRuntime_DisabledStarting,Service is starting. Wait for Windows to finish the transition.,NG .resw source; locale=ja-JP; revision=7d81679f19f5fdaf5c8becaed58204869d1ac857
WINSyslogClient.WinUI/Strings/Resources,WINSyslogClient.WinUI Resources,ServiceRuntime_DisabledStopping,Service is stopping. Wait for Windows to finish the transition.,NG .resw source; locale=ja-JP; revision=7d81679f19f5fdaf5c8becaed58204869d1ac857
WINSyslogClient.WinUI/Strings/Resources,WINSyslogClient.WinUI Resources,ServiceRuntime_DisabledUnavailable,Windows service state is unavailable. Check Windows Services.,NG .resw source; locale=ja-JP; revision=7d81679f19f5fdaf5c8becaed58204869d1ac857
WINSyslogClient.WinUI/Strings/Resources,WINSyslogClient.WinUI Resources,ServiceRuntime_DisabledUnknown,Service state is unknown. Refresh runtime state or check Windows Services.,NG .resw source; locale=ja-JP; revision=7d81679f19f5fdaf5c8becaed58204869d1ac857
WINSyslogClient.WinUI/Strings/Resources,WINSyslogClient.WinUI Resources,ServiceRuntime_RecoveryAccessDenied,Restart as administrator to control the background service.,NG .resw source; locale=ja-JP; revision=7d81679f19f5fdaf5c8becaed58204869d1ac857
WINSyslogClient.WinUI/Strings/Resources,WINSyslogClient.WinUI Resources,ServiceRuntime_RecoveryPending,"If this state remains for a long time, open Windows Services to compare the SCM state.",NG .resw source; locale=ja-JP; revision=7d81679f19f5fdaf5c8becaed58204869d1ac857
WINSyslogClient.WinUI/Strings/Resources,WINSyslogClient.WinUI Resources,ServiceRuntime_RecoveryProcessRunning,A matching service process is still running. Kill service process is available as a recovery action after confirmation.,NG .resw source; locale=ja-JP; revision=7d81679f19f5fdaf5c8becaed58204869d1ac857
WINSyslogClient.WinUI/Strings/Resources,WINSyslogClient.WinUI Resources,ServiceRuntime_StateAccessDenied,Cannot query service (access denied),NG .resw source; locale=ja-JP; revision=7d81679f19f5fdaf5c8becaed58204869d1ac857
WINSyslogClient.WinUI/Strings/Resources,WINSyslogClient.WinUI Resources,ServiceRuntime_StateControlUnavailable,Control unavailable,NG .resw source; locale=ja-JP; revision=7d81679f19f5fdaf5c8becaed58204869d1ac857
WINSyslogClient.WinUI/Strings/Resources,WINSyslogClient.WinUI Resources,ServiceRuntime_StateNotInstalled,Not installed,NG .resw source; locale=ja-JP; revision=7d81679f19f5fdaf5c8becaed58204869d1ac857
WINSyslogClient.WinUI/Strings/Resources,WINSyslogClient.WinUI Resources,ServiceRuntime_StatePaused,Paused (Reloading),NG .resw source; locale=ja-JP; revision=7d81679f19f5fdaf5c8becaed58204869d1ac857
WINSyslogClient.WinUI/Strings/Resources,WINSyslogClient.WinUI Resources,ServiceRuntime_StatePausing,Pausing,NG .resw source; locale=ja-JP; revision=7d81679f19f5fdaf5c8becaed58204869d1ac857
WINSyslogClient.WinUI/Strings/Resources,WINSyslogClient.WinUI Resources,ServiceRuntime_StateProcessMismatch,Process running without service,NG .resw source; locale=ja-JP; revision=7d81679f19f5fdaf5c8becaed58204869d1ac857
WINSyslogClient.WinUI/Strings/Resources,WINSyslogClient.WinUI Resources,ServiceRuntime_StateResuming,Resuming,NG .resw source; locale=ja-JP; revision=7d81679f19f5fdaf5c8becaed58204869d1ac857
WINSyslogClient.WinUI/Strings/Resources,WINSyslogClient.WinUI Resources,ServiceRuntime_StateRunning,Running,NG .resw source; locale=ja-JP; revision=7d81679f19f5fdaf5c8becaed58204869d1ac857
WINSyslogClient.WinUI/Strings/Resources,WINSyslogClient.WinUI Resources,ServiceRuntime_StateStarting,Starting,NG .resw source; locale=ja-JP; revision=7d81679f19f5fdaf5c8becaed58204869d1ac857
WINSyslogClient.WinUI/Strings/Resources,WINSyslogClient.WinUI Resources,ServiceRuntime_StateStopped,Stopped,NG .resw source; locale=ja-JP; revision=7d81679f19f5fdaf5c8becaed58204869d1ac857
WINSyslogClient.WinUI/Strings/Resources,WINSyslogClient.WinUI Resources,ServiceRuntime_StateStopping,Stopping,NG .resw source; locale=ja-JP; revision=7d81679f19f5fdaf5c8becaed58204869d1ac857
WINSyslogClient.WinUI/Strings/Resources,WINSyslogClient.WinUI Resources,ServiceRuntime_StateUnavailable,Unavailable,NG .resw source; locale=ja-JP; revision=7d81679f19f5fdaf5c8becaed58204869d1ac857
WINSyslogClient.WinUI/Strings/Resources,WINSyslogClient.WinUI Resources,ServiceRuntime_StateUnknown,Unknown,NG .resw source; locale=ja-JP; revision=7d81679f19f5fdaf5c8becaed58204869d1ac857
WINSyslogClient.WinUI/Strings/Resources,WINSyslogClient.WinUI Resources,ServiceRuntime_Summary,Start and restart save pending configuration changes before running the service. Stop refreshes the shared runtime state without forcing a save first.,NG .resw source; locale=ja-JP; revision=7d81679f19f5fdaf5c8becaed58204869d1ac857
WINSyslogClient.WinUI/Strings/Resources,WINSyslogClient.WinUI Resources,ServiceRuntime_Title,Windows service,NG .resw source; locale=ja-JP; revision=7d81679f19f5fdaf5c8becaed58204869d1ac857
WINSyslogClient.WinUI/Strings/Resources,WINSyslogClient.WinUI Resources,Shell_Nav_advanced_Description,製品固有のエキスパート設定を開きます。,NG .resw source; locale=ja-JP; revision=7d81679f19f5fdaf5c8becaed58204869d1ac857
WINSyslogClient.WinUI/Strings/Resources,WINSyslogClient.WinUI Resources,Shell_Nav_advanced_Label,詳細,NG .resw source; locale=ja-JP; revision=7d81679f19f5fdaf5c8becaed58204869d1ac857
WINSyslogClient.WinUI/Strings/Resources,WINSyslogClient.WinUI Resources,Shell_Nav_configuration_ChildSectionHeader,構成領域,NG .resw source; locale=ja-JP; revision=7d81679f19f5fdaf5c8becaed58204869d1ac857
WINSyslogClient.WinUI/Strings/Resources,WINSyslogClient.WinUI Resources,Shell_Nav_configuration_Description,構成ツリーを主なナビゲータとして使用し、選択した項目をワークベンチで編集します。,NG .resw source; locale=ja-JP; revision=7d81679f19f5fdaf5c8becaed58204869d1ac857
WINSyslogClient.WinUI/Strings/Resources,WINSyslogClient.WinUI Resources,Shell_Nav_configuration_Label,構成ワークベンチ,NG .resw source; locale=ja-JP; revision=7d81679f19f5fdaf5c8becaed58204869d1ac857
WINSyslogClient.WinUI/Strings/Resources,WINSyslogClient.WinUI Resources,Shell_Nav_help_ChildSectionHeader,クライアント オプション,NG .resw source; locale=ja-JP; revision=7d81679f19f5fdaf5c8becaed58204869d1ac857
WINSyslogClient.WinUI/Strings/Resources,WINSyslogClient.WinUI Resources,Shell_Nav_help_Description,バージョン情報、製品リンク、サポート参照を開きます。,NG .resw source; locale=ja-JP; revision=7d81679f19f5fdaf5c8becaed58204869d1ac857
WINSyslogClient.WinUI/Strings/Resources,WINSyslogClient.WinUI Resources,Shell_Nav_help_Label,ヘルプ / バージョン情報,NG .resw source; locale=ja-JP; revision=7d81679f19f5fdaf5c8becaed58204869d1ac857
WINSyslogClient.WinUI/Strings/Resources,WINSyslogClient.WinUI Resources,Shell_Nav_help_language_Description,クライアントの表示言語とパッケージ リソースの上書きを選択します。,NG .resw source; locale=ja-JP; revision=7d81679f19f5fdaf5c8becaed58204869d1ac857
WINSyslogClient.WinUI/Strings/Resources,WINSyslogClient.WinUI Resources,Shell_Nav_help_language_Label,言語,NG .resw source; locale=ja-JP; revision=7d81679f19f5fdaf5c8becaed58204869d1ac857
WINSyslogClient.WinUI/Strings/Resources,WINSyslogClient.WinUI Resources,Shell_Nav_home_Description,製品ダッシュボードと現在の実行時サマリーを開きます。,NG .resw source; locale=ja-JP; revision=7d81679f19f5fdaf5c8becaed58204869d1ac857
WINSyslogClient.WinUI/Strings/Resources,WINSyslogClient.WinUI Resources,Shell_Nav_home_Label,ダッシュボード,NG .resw source; locale=ja-JP; revision=7d81679f19f5fdaf5c8becaed58204869d1ac857
WINSyslogClient.WinUI/Strings/Resources,WINSyslogClient.WinUI Resources,Shell_Nav_home_TopLevelSectionHeader,主要な作業領域,NG .resw source; locale=ja-JP; revision=7d81679f19f5fdaf5c8becaed58204869d1ac857
WINSyslogClient.WinUI/Strings/Resources,WINSyslogClient.WinUI Resources,Shell_Nav_post_process_apps_Description,Open WinSyslog post processing application settings in the Configuration Console.,NG .resw source; locale=ja-JP; revision=7d81679f19f5fdaf5c8becaed58204869d1ac857
WINSyslogClient.WinUI/Strings/Resources,WINSyslogClient.WinUI Resources,Shell_Nav_post_process_apps_Label,Post Process Apps,NG .resw source; locale=ja-JP; revision=7d81679f19f5fdaf5c8becaed58204869d1ac857
WINSyslogClient.WinUI/Strings/Resources,WINSyslogClient.WinUI Resources,Shell_Nav_tools_ChildSectionHeader,診断およびリモート ツール,NG .resw source; locale=ja-JP; revision=7d81679f19f5fdaf5c8becaed58204869d1ac857
WINSyslogClient.WinUI/Strings/Resources,WINSyslogClient.WinUI Resources,Shell_Nav_tools_Description,リモート レジストリと検出ツールを開きます。,NG .resw source; locale=ja-JP; revision=7d81679f19f5fdaf5c8becaed58204869d1ac857
WINSyslogClient.WinUI/Strings/Resources,WINSyslogClient.WinUI Resources,Shell_Nav_tools_Label,ツール,NG .resw source; locale=ja-JP; revision=7d81679f19f5fdaf5c8becaed58204869d1ac857
WINSyslogClient.WinUI/Strings/Resources,WINSyslogClient.WinUI Resources,Shell_Nav_tools_TopLevelSectionHeader,ユーティリティ,NG .resw source; locale=ja-JP; revision=7d81679f19f5fdaf5c8becaed58204869d1ac857
WINSyslogClient.WinUI/Strings/Resources,WINSyslogClient.WinUI Resources,Shell_Nav_tools_connect_Label,リモート レジストリに接続,NG .resw source; locale=ja-JP; revision=7d81679f19f5fdaf5c8becaed58204869d1ac857
WINSyslogClient.WinUI/Strings/Resources,WINSyslogClient.WinUI Resources,Shell_Nav_tools_debug_log_viewer_Description,アクティブなデバッグ ログ ファイルを読み込んで分析します。,NG .resw source; locale=ja-JP; revision=7d81679f19f5fdaf5c8becaed58204869d1ac857
WINSyslogClient.WinUI/Strings/Resources,WINSyslogClient.WinUI Resources,Shell_Nav_tools_debug_log_viewer_Label,デバッグ ログ,NG .resw source; locale=ja-JP; revision=7d81679f19f5fdaf5c8becaed58204869d1ac857
WINSyslogClient.WinUI/Strings/Resources,WINSyslogClient.WinUI Resources,Shell_Nav_tools_discovery_Label,ネットワーク検出 (WMI),NG .resw source; locale=ja-JP; revision=7d81679f19f5fdaf5c8becaed58204869d1ac857
WINSyslogClient.WinUI/Strings/Resources,WINSyslogClient.WinUI Resources,Shell_Nav_tools_storage_source_Description,ワークベンチのストレージ ソース ユーティリティ パネルを開きます。,NG .resw source; locale=ja-JP; revision=7d81679f19f5fdaf5c8becaed58204869d1ac857
WINSyslogClient.WinUI/Strings/Resources,WINSyslogClient.WinUI Resources,Shell_Nav_tools_storage_source_Label,ストレージ ソース,NG .resw source; locale=ja-JP; revision=7d81679f19f5fdaf5c8becaed58204869d1ac857
WINSyslogClient.WinUI/Strings/Resources,WINSyslogClient.WinUI Resources,Shell_Nav_tools_syslog_test_message_Description,リスナーとネットワーク パスを検証するために Syslog テスト メッセージを送信します。,NG .resw source; locale=ja-JP; revision=7d81679f19f5fdaf5c8becaed58204869d1ac857
WINSyslogClient.WinUI/Strings/Resources,WINSyslogClient.WinUI Resources,Shell_Nav_tools_syslog_test_message_Label,Syslog テスト メッセージ,NG .resw source; locale=ja-JP; revision=7d81679f19f5fdaf5c8becaed58204869d1ac857
WINSyslogClient.WinUI/Strings/Resources,WINSyslogClient.WinUI Resources,Shell_Nav_tools_windows_service_Description,ワークベンチの Windows サービス ユーティリティ パネルを開きます。,NG .resw source; locale=ja-JP; revision=7d81679f19f5fdaf5c8becaed58204869d1ac857
WINSyslogClient.WinUI/Strings/Resources,WINSyslogClient.WinUI Resources,Shell_Nav_tools_windows_service_Label,Windows サービス,NG .resw source; locale=ja-JP; revision=7d81679f19f5fdaf5c8becaed58204869d1ac857
WINSyslogClient.WinUI/Strings/Resources,WINSyslogClient.WinUI Resources,Shell_NoUrlConfigured,この操作に URL が構成されていません。,NG .resw source; locale=ja-JP; revision=7d81679f19f5fdaf5c8becaed58204869d1ac857
WINSyslogClient.WinUI/Strings/Resources,WINSyslogClient.WinUI Resources,Shell_PaneFooter,このレールはアプリ領域を切り替えます。構成ドキュメント内の項目は切り替えません。,NG .resw source; locale=ja-JP; revision=7d81679f19f5fdaf5c8becaed58204869d1ac857
WINSyslogClient.WinUI/Strings/Resources,WINSyslogClient.WinUI Resources,Shell_PaneIntroFormat,ここで {0} の作業領域を選択します。ドキュメント ツリーは構成内にのみ表示され、読み込まれた構成ファイルを反映します。,NG .resw source; locale=ja-JP; revision=7d81679f19f5fdaf5c8becaed58204869d1ac857
WINSyslogClient.WinUI/Strings/Resources,WINSyslogClient.WinUI Resources,Shell_PaneIntroTitle,アプリ ナビゲーション,NG .resw source; locale=ja-JP; revision=7d81679f19f5fdaf5c8becaed58204869d1ac857
WINSyslogClient.WinUI/Strings/Resources,WINSyslogClient.WinUI Resources,Shell_StartupErrorTitle,起動エラー,NG .resw source; locale=ja-JP; revision=7d81679f19f5fdaf5c8becaed58204869d1ac857
WINSyslogClient.WinUI/Strings/Resources,WINSyslogClient.WinUI Resources,Shell_UrlOpenFailed,Windows は要求された URL を開けませんでした。,NG .resw source; locale=ja-JP; revision=7d81679f19f5fdaf5c8becaed58204869d1ac857
WINSyslogClient.WinUI/Strings/Resources,WINSyslogClient.WinUI Resources,Workbench_CatalogCategory_Database_monitoring,データベース監視,NG .resw source; locale=ja-JP; revision=7d81679f19f5fdaf5c8becaed58204869d1ac857
WINSyslogClient.WinUI/Strings/Resources,WINSyslogClient.WinUI Resources,Workbench_CatalogCategory_Database_output,データベース出力,NG .resw source; locale=ja-JP; revision=7d81679f19f5fdaf5c8becaed58204869d1ac857
WINSyslogClient.WinUI/Strings/Resources,WINSyslogClient.WinUI Resources,Workbench_CatalogCategory_Device_monitoring,デバイス監視,NG .resw source; locale=ja-JP; revision=7d81679f19f5fdaf5c8becaed58204869d1ac857
WINSyslogClient.WinUI/Strings/Resources,WINSyslogClient.WinUI Resources,Workbench_CatalogCategory_Device_output,デバイス出力,NG .resw source; locale=ja-JP; revision=7d81679f19f5fdaf5c8becaed58204869d1ac857
WINSyslogClient.WinUI/Strings/Resources,WINSyslogClient.WinUI Resources,Workbench_CatalogCategory_Event_collection,イベント収集,NG .resw source; locale=ja-JP; revision=7d81679f19f5fdaf5c8becaed58204869d1ac857
WINSyslogClient.WinUI/Strings/Resources,WINSyslogClient.WinUI Resources,Workbench_CatalogCategory_Event_enrichment,イベント拡張,NG .resw source; locale=ja-JP; revision=7d81679f19f5fdaf5c8becaed58204869d1ac857
WINSyslogClient.WinUI/Strings/Resources,WINSyslogClient.WinUI Resources,Workbench_CatalogCategory_File_monitoring,ファイル監視,NG .resw source; locale=ja-JP; revision=7d81679f19f5fdaf5c8becaed58204869d1ac857
WINSyslogClient.WinUI/Strings/Resources,WINSyslogClient.WinUI Resources,Workbench_CatalogCategory_Local_output,ローカル出力,NG .resw source; locale=ja-JP; revision=7d81679f19f5fdaf5c8becaed58204869d1ac857
WINSyslogClient.WinUI/Strings/Resources,WINSyslogClient.WinUI Resources,Workbench_CatalogCategory_Message_listeners,メッセージ リスナー,NG .resw source; locale=ja-JP; revision=7d81679f19f5fdaf5c8becaed58204869d1ac857
WINSyslogClient.WinUI/Strings/Resources,WINSyslogClient.WinUI Resources,Workbench_CatalogCategory_Network_output,ネットワーク出力,NG .resw source; locale=ja-JP; revision=7d81679f19f5fdaf5c8becaed58204869d1ac857
WINSyslogClient.WinUI/Strings/Resources,WINSyslogClient.WinUI Resources,Workbench_CatalogCategory_Network_probes,ネットワーク プローブ,NG .resw source; locale=ja-JP; revision=7d81679f19f5fdaf5c8becaed58204869d1ac857
WINSyslogClient.WinUI/Strings/Resources,WINSyslogClient.WinUI Resources,Workbench_CatalogCategory_Other,その他,NG .resw source; locale=ja-JP; revision=7d81679f19f5fdaf5c8becaed58204869d1ac857
WINSyslogClient.WinUI/Strings/Resources,WINSyslogClient.WinUI Resources,Workbench_CatalogCategory_Rule_flow,ルール フロー,NG .resw source; locale=ja-JP; revision=7d81679f19f5fdaf5c8becaed58204869d1ac857
WINSyslogClient.WinUI/Strings/Resources,WINSyslogClient.WinUI Resources,Workbench_CatalogCategory_System_monitoring,システム監視,NG .resw source; locale=ja-JP; revision=7d81679f19f5fdaf5c8becaed58204869d1ac857
WINSyslogClient.WinUI/Strings/Resources,WINSyslogClient.WinUI Resources,Workbench_CatalogCategory_System_operations,システム操作,NG .resw source; locale=ja-JP; revision=7d81679f19f5fdaf5c8becaed58204869d1ac857
WINSyslogClient.WinUI/Strings/Resources,WINSyslogClient.WinUI Resources,Workbench_CatalogPurposeFormat,{0} を構成します。,NG .resw source; locale=ja-JP; revision=7d81679f19f5fdaf5c8becaed58204869d1ac857
WINSyslogClient.WinUI/Strings/Resources,WINSyslogClient.WinUI Resources,Workbench_DisplayLabel_CustomerID,顧客 ID,NG .resw source; locale=ja-JP; revision=7d81679f19f5fdaf5c8becaed58204869d1ac857
WINSyslogClient.WinUI/Strings/Resources,WINSyslogClient.WinUI Resources,Workbench_DisplayLabel_Database_OLEDB,データベース OLE DB,NG .resw source; locale=ja-JP; revision=7d81679f19f5fdaf5c8becaed58204869d1ac857
WINSyslogClient.WinUI/Strings/Resources,WINSyslogClient.WinUI Resources,Workbench_DisplayLabel_FileAndSystem,ファイルおよびシステム モニター,NG .resw source; locale=ja-JP; revision=7d81679f19f5fdaf5c8becaed58204869d1ac857
WINSyslogClient.WinUI/Strings/Resources,WINSyslogClient.WinUI Resources,Workbench_DisplayLabel_QueueManager,キュー マネージャー,NG .resw source; locale=ja-JP; revision=7d81679f19f5fdaf5c8becaed58204869d1ac857
WINSyslogClient.WinUI/Strings/Resources,WINSyslogClient.WinUI Resources,Workbench_DisplayLabel_Queuelimit,キュー制限,NG .resw source; locale=ja-JP; revision=7d81679f19f5fdaf5c8becaed58204869d1ac857
WINSyslogClient.WinUI/Strings/Resources,WINSyslogClient.WinUI Resources,Workbench_DisplayLabel_SNMP_Mibs,SNMP MIB,NG .resw source; locale=ja-JP; revision=7d81679f19f5fdaf5c8becaed58204869d1ac857
WINSyslogClient.WinUI/Strings/Resources,WINSyslogClient.WinUI Resources,Workbench_DisplayLabel_SystemID,システム ID,NG .resw source; locale=ja-JP; revision=7d81679f19f5fdaf5c8becaed58204869d1ac857
WINSyslogClient.WinUI/Strings/Resources,WINSyslogClient.WinUI Resources,Workbench_DisplayLabel_TCPOptions,TCP オプション,NG .resw source; locale=ja-JP; revision=7d81679f19f5fdaf5c8becaed58204869d1ac857
WINSyslogClient.WinUI/Strings/Resources,WINSyslogClient.WinUI Resources,Workbench_DisplayLabel_TLSAdvanced_Options,詳細 TLS オプション,NG .resw source; locale=ja-JP; revision=7d81679f19f5fdaf5c8becaed58204869d1ac857
WINSyslogClient.WinUI/Strings/Resources,WINSyslogClient.WinUI Resources,Workbench_FilterGroup_Basic_Filters,ベーシック フィルタ,NG .resw source; locale=ja-JP; revision=7d81679f19f5fdaf5c8becaed58204869d1ac857
WINSyslogClient.WinUI/Strings/Resources,WINSyslogClient.WinUI Resources,Workbench_FilterGroup_CPU_and_memory_monitor,CPU and memory monitor,NG .resw source; locale=ja-JP; revision=7d81679f19f5fdaf5c8becaed58204869d1ac857
WINSyslogClient.WinUI/Strings/Resources,WINSyslogClient.WinUI Resources,Workbench_FilterGroup_Custom_Property,カスタム プロパティ,NG .resw source; locale=ja-JP; revision=7d81679f19f5fdaf5c8becaed58204869d1ac857
WINSyslogClient.WinUI/Strings/Resources,WINSyslogClient.WinUI Resources,Workbench_FilterGroup_Date_Time,曜日/時間,NG .resw source; locale=ja-JP; revision=7d81679f19f5fdaf5c8becaed58204869d1ac857
WINSyslogClient.WinUI/Strings/Resources,WINSyslogClient.WinUI Resources,Workbench_FilterGroup_Date_and_time,Date and time,NG .resw source; locale=ja-JP; revision=7d81679f19f5fdaf5c8becaed58204869d1ac857
WINSyslogClient.WinUI/Strings/Resources,WINSyslogClient.WinUI Resources,Workbench_FilterGroup_Disk_Space_Monitor,Disk Space Monitor,NG .resw source; locale=ja-JP; revision=7d81679f19f5fdaf5c8becaed58204869d1ac857
WINSyslogClient.WinUI/Strings/Resources,WINSyslogClient.WinUI Resources,Workbench_FilterGroup_Event_Log_Monitor,イベントログの監視,NG .resw source; locale=ja-JP; revision=7d81679f19f5fdaf5c8becaed58204869d1ac857
WINSyslogClient.WinUI/Strings/Resources,WINSyslogClient.WinUI Resources,Workbench_FilterGroup_Event_Log_Monitor_V2,イベントログの監視 V2,NG .resw source; locale=ja-JP; revision=7d81679f19f5fdaf5c8becaed58204869d1ac857
WINSyslogClient.WinUI/Strings/Resources,WINSyslogClient.WinUI Resources,Workbench_FilterGroup_Extended_IP_Property,拡張IPプロパティ,NG .resw source; locale=ja-JP; revision=7d81679f19f5fdaf5c8becaed58204869d1ac857
WINSyslogClient.WinUI/Strings/Resources,WINSyslogClient.WinUI Resources,Workbench_FilterGroup_Extended_Number_Property,拡張プロパティ,NG .resw source; locale=ja-JP; revision=7d81679f19f5fdaf5c8becaed58204869d1ac857
WINSyslogClient.WinUI/Strings/Resources,WINSyslogClient.WinUI Resources,Workbench_FilterGroup_FTP_Probe,FTP 探査,NG .resw source; locale=ja-JP; revision=7d81679f19f5fdaf5c8becaed58204869d1ac857
WINSyslogClient.WinUI/Strings/Resources,WINSyslogClient.WinUI Resources,Workbench_FilterGroup_File_Exists,ファイル確認,NG .resw source; locale=ja-JP; revision=7d81679f19f5fdaf5c8becaed58204869d1ac857
WINSyslogClient.WinUI/Strings/Resources,WINSyslogClient.WinUI Resources,Workbench_FilterGroup_File_Monitor,ファイル モニタ,NG .resw source; locale=ja-JP; revision=7d81679f19f5fdaf5c8becaed58204869d1ac857
WINSyslogClient.WinUI/Strings/Resources,WINSyslogClient.WinUI Resources,Workbench_FilterGroup_File_and_system_services,File and system services,NG .resw source; locale=ja-JP; revision=7d81679f19f5fdaf5c8becaed58204869d1ac857
WINSyslogClient.WinUI/Strings/Resources,WINSyslogClient.WinUI Resources,Workbench_FilterGroup_General,全般,NG .resw source; locale=ja-JP; revision=7d81679f19f5fdaf5c8becaed58204869d1ac857
WINSyslogClient.WinUI/Strings/Resources,WINSyslogClient.WinUI Resources,Workbench_FilterGroup_HTTP_Probe,HTTP 探査,NG .resw source; locale=ja-JP; revision=7d81679f19f5fdaf5c8becaed58204869d1ac857
WINSyslogClient.WinUI/Strings/Resources,WINSyslogClient.WinUI Resources,Workbench_FilterGroup_IMAP_Probe,IMAP 探査,NG .resw source; locale=ja-JP; revision=7d81679f19f5fdaf5c8becaed58204869d1ac857
WINSyslogClient.WinUI/Strings/Resources,WINSyslogClient.WinUI Resources,Workbench_FilterGroup_Information_unit_type,Information unit type,NG .resw source; locale=ja-JP; revision=7d81679f19f5fdaf5c8becaed58204869d1ac857
WINSyslogClient.WinUI/Strings/Resources,WINSyslogClient.WinUI Resources,Workbench_FilterGroup_Modern_shortcuts,Modern shortcuts,NG .resw source; locale=ja-JP; revision=7d81679f19f5fdaf5c8becaed58204869d1ac857
WINSyslogClient.WinUI/Strings/Resources,WINSyslogClient.WinUI Resources,Workbench_FilterGroup_NNTP_Probe,NNTP 探査,NG .resw source; locale=ja-JP; revision=7d81679f19f5fdaf5c8becaed58204869d1ac857
WINSyslogClient.WinUI/Strings/Resources,WINSyslogClient.WinUI Resources,Workbench_FilterGroup_NT_Service_Monitor,NT Service Monitor,NG .resw source; locale=ja-JP; revision=7d81679f19f5fdaf5c8becaed58204869d1ac857
WINSyslogClient.WinUI/Strings/Resources,WINSyslogClient.WinUI Resources,Workbench_FilterGroup_Network_Related_Services,ネットワーク関連のサービス,NG .resw source; locale=ja-JP; revision=7d81679f19f5fdaf5c8becaed58204869d1ac857
WINSyslogClient.WinUI/Strings/Resources,WINSyslogClient.WinUI Resources,Workbench_FilterGroup_Network_services,Network services,NG .resw source; locale=ja-JP; revision=7d81679f19f5fdaf5c8becaed58204869d1ac857
WINSyslogClient.WinUI/Strings/Resources,WINSyslogClient.WinUI Resources,Workbench_FilterGroup_Other_services,その他のサービス,NG .resw source; locale=ja-JP; revision=7d81679f19f5fdaf5c8becaed58204869d1ac857
WINSyslogClient.WinUI/Strings/Resources,WINSyslogClient.WinUI Resources,Workbench_FilterGroup_POP3_Probe,POP3 探査,NG .resw source; locale=ja-JP; revision=7d81679f19f5fdaf5c8becaed58204869d1ac857
WINSyslogClient.WinUI/Strings/Resources,WINSyslogClient.WinUI Resources,Workbench_FilterGroup_Probe_services,探査サービス,NG .resw source; locale=ja-JP; revision=7d81679f19f5fdaf5c8becaed58204869d1ac857
WINSyslogClient.WinUI/Strings/Resources,WINSyslogClient.WinUI Resources,Workbench_FilterGroup_SMTP_Probe,SMTP 探査,NG .resw source; locale=ja-JP; revision=7d81679f19f5fdaf5c8becaed58204869d1ac857
WINSyslogClient.WinUI/Strings/Resources,WINSyslogClient.WinUI Resources,Workbench_FilterGroup_SNMP_trap,SNMP trap,NG .resw source; locale=ja-JP; revision=7d81679f19f5fdaf5c8becaed58204869d1ac857
WINSyslogClient.WinUI/Strings/Resources,WINSyslogClient.WinUI Resources,Workbench_FilterGroup_Serial_Port_Monitor,Serial Port Monitor,NG .resw source; locale=ja-JP; revision=7d81679f19f5fdaf5c8becaed58204869d1ac857
WINSyslogClient.WinUI/Strings/Resources,WINSyslogClient.WinUI Resources,Workbench_FilterGroup_Syslog,Syslog,NG .resw source; locale=ja-JP; revision=7d81679f19f5fdaf5c8becaed58204869d1ac857
WINSyslogClient.WinUI/Strings/Resources,WINSyslogClient.WinUI Resources,Workbench_FilterGroup_Weekday,Weekday,NG .resw source; locale=ja-JP; revision=7d81679f19f5fdaf5c8becaed58204869d1ac857
WINSyslogClient.WinUI/Strings/Resources,WINSyslogClient.WinUI Resources,Workbench_FilterPreset_eval_cpu_load_Description,CPU load percentage,NG .resw source; locale=ja-JP; revision=7d81679f19f5fdaf5c8becaed58204869d1ac857
WINSyslogClient.WinUI/Strings/Resources,WINSyslogClient.WinUI Resources,Workbench_FilterPreset_eval_cpu_load_Title,CPU load,NG .resw source; locale=ja-JP; revision=7d81679f19f5fdaf5c8becaed58204869d1ac857
WINSyslogClient.WinUI/Strings/Resources,WINSyslogClient.WinUI Resources,Workbench_FilterPreset_eval_cpu_number_Description,CPU number,NG .resw source; locale=ja-JP; revision=7d81679f19f5fdaf5c8becaed58204869d1ac857
WINSyslogClient.WinUI/Strings/Resources,WINSyslogClient.WinUI Resources,Workbench_FilterPreset_eval_cpu_number_Title,CPU number,NG .resw source; locale=ja-JP; revision=7d81679f19f5fdaf5c8becaed58204869d1ac857
WINSyslogClient.WinUI/Strings/Resources,WINSyslogClient.WinUI Resources,Workbench_FilterPreset_eval_custom_Description,"Custom property, comparison, and value",NG .resw source; locale=ja-JP; revision=7d81679f19f5fdaf5c8becaed58204869d1ac857
WINSyslogClient.WinUI/Strings/Resources,WINSyslogClient.WinUI Resources,Workbench_FilterPreset_eval_custom_Title,Custom EVAL,NG .resw source; locale=ja-JP; revision=7d81679f19f5fdaf5c8becaed58204869d1ac857
WINSyslogClient.WinUI/Strings/Resources,WINSyslogClient.WinUI Resources,Workbench_FilterPreset_eval_customerid_Description,Customer identifier,NG .resw source; locale=ja-JP; revision=7d81679f19f5fdaf5c8becaed58204869d1ac857
WINSyslogClient.WinUI/Strings/Resources,WINSyslogClient.WinUI Resources,Workbench_FilterPreset_eval_customerid_Title,Customer ID,NG .resw source; locale=ja-JP; revision=7d81679f19f5fdaf5c8becaed58204869d1ac857
WINSyslogClient.WinUI/Strings/Resources,WINSyslogClient.WinUI Resources,Workbench_FilterPreset_eval_datetime_Description,Date or time window,NG .resw source; locale=ja-JP; revision=7d81679f19f5fdaf5c8becaed58204869d1ac857
WINSyslogClient.WinUI/Strings/Resources,WINSyslogClient.WinUI Resources,Workbench_FilterPreset_eval_datetime_Title,Date / time,NG .resw source; locale=ja-JP; revision=7d81679f19f5fdaf5c8becaed58204869d1ac857
WINSyslogClient.WinUI/Strings/Resources,WINSyslogClient.WinUI Resources,Workbench_FilterPreset_eval_disk_space_gigabytes_Description,Remaining disk space in gigabytes,NG .resw source; locale=ja-JP; revision=7d81679f19f5fdaf5c8becaed58204869d1ac857
WINSyslogClient.WinUI/Strings/Resources,WINSyslogClient.WinUI Resources,Workbench_FilterPreset_eval_disk_space_gigabytes_Title,Disk space left (GB),NG .resw source; locale=ja-JP; revision=7d81679f19f5fdaf5c8becaed58204869d1ac857
WINSyslogClient.WinUI/Strings/Resources,WINSyslogClient.WinUI Resources,Workbench_FilterPreset_eval_disk_space_megabytes_Description,Remaining disk space in megabytes,NG .resw source; locale=ja-JP; revision=7d81679f19f5fdaf5c8becaed58204869d1ac857
WINSyslogClient.WinUI/Strings/Resources,WINSyslogClient.WinUI Resources,Workbench_FilterPreset_eval_disk_space_megabytes_Title,Disk space left (MB),NG .resw source; locale=ja-JP; revision=7d81679f19f5fdaf5c8becaed58204869d1ac857
WINSyslogClient.WinUI/Strings/Resources,WINSyslogClient.WinUI Resources,Workbench_FilterPreset_eval_disk_space_percent_Description,Remaining disk space percentage,NG .resw source; locale=ja-JP; revision=7d81679f19f5fdaf5c8becaed58204869d1ac857
WINSyslogClient.WinUI/Strings/Resources,WINSyslogClient.WinUI Resources,Workbench_FilterPreset_eval_disk_space_percent_Title,Disk space left (%),NG .resw source; locale=ja-JP; revision=7d81679f19f5fdaf5c8becaed58204869d1ac857
WINSyslogClient.WinUI/Strings/Resources,WINSyslogClient.WinUI Resources,Workbench_FilterPreset_eval_event_v1_category_Description,Classic Event Log category,NG .resw source; locale=ja-JP; revision=7d81679f19f5fdaf5c8becaed58204869d1ac857
WINSyslogClient.WinUI/Strings/Resources,WINSyslogClient.WinUI Resources,Workbench_FilterPreset_eval_event_v1_category_Title,イベント カテゴリ,NG .resw source; locale=ja-JP; revision=7d81679f19f5fdaf5c8becaed58204869d1ac857
WINSyslogClient.WinUI/Strings/Resources,WINSyslogClient.WinUI Resources,Workbench_FilterPreset_eval_event_v1_category_name_Description,Classic Event Log category name,NG .resw source; locale=ja-JP; revision=7d81679f19f5fdaf5c8becaed58204869d1ac857
WINSyslogClient.WinUI/Strings/Resources,WINSyslogClient.WinUI Resources,Workbench_FilterPreset_eval_event_v1_category_name_Title,Event category name,NG .resw source; locale=ja-JP; revision=7d81679f19f5fdaf5c8becaed58204869d1ac857
WINSyslogClient.WinUI/Strings/Resources,WINSyslogClient.WinUI Resources,Workbench_FilterPreset_eval_event_v1_record_number_Description,Classic Event Log record number,NG .resw source; locale=ja-JP; revision=7d81679f19f5fdaf5c8becaed58204869d1ac857
WINSyslogClient.WinUI/Strings/Resources,WINSyslogClient.WinUI Resources,Workbench_FilterPreset_eval_event_v1_record_number_Title,Event record number,NG .resw source; locale=ja-JP; revision=7d81679f19f5fdaf5c8becaed58204869d1ac857
WINSyslogClient.WinUI/Strings/Resources,WINSyslogClient.WinUI Resources,Workbench_FilterPreset_eval_event_v1_severity_Description,Classic Event Log severity,NG .resw source; locale=ja-JP; revision=7d81679f19f5fdaf5c8becaed58204869d1ac857
WINSyslogClient.WinUI/Strings/Resources,WINSyslogClient.WinUI Resources,Workbench_FilterPreset_eval_event_v1_severity_Title,イベント 重要度,NG .resw source; locale=ja-JP; revision=7d81679f19f5fdaf5c8becaed58204869d1ac857
WINSyslogClient.WinUI/Strings/Resources,WINSyslogClient.WinUI Resources,Workbench_FilterPreset_eval_event_v1_source_Description,Classic Event Log source,NG .resw source; locale=ja-JP; revision=7d81679f19f5fdaf5c8becaed58204869d1ac857
WINSyslogClient.WinUI/Strings/Resources,WINSyslogClient.WinUI Resources,Workbench_FilterPreset_eval_event_v1_source_Title,イベント ソース,NG .resw source; locale=ja-JP; revision=7d81679f19f5fdaf5c8becaed58204869d1ac857
WINSyslogClient.WinUI/Strings/Resources,WINSyslogClient.WinUI Resources,Workbench_FilterPreset_eval_event_v1_type_Description,Classic Event Log event type,NG .resw source; locale=ja-JP; revision=7d81679f19f5fdaf5c8becaed58204869d1ac857
WINSyslogClient.WinUI/Strings/Resources,WINSyslogClient.WinUI Resources,Workbench_FilterPreset_eval_event_v1_type_Title,イベント タイプ,NG .resw source; locale=ja-JP; revision=7d81679f19f5fdaf5c8becaed58204869d1ac857
WINSyslogClient.WinUI/Strings/Resources,WINSyslogClient.WinUI Resources,Workbench_FilterPreset_eval_event_v1_user_Description,Classic Event Log user,NG .resw source; locale=ja-JP; revision=7d81679f19f5fdaf5c8becaed58204869d1ac857
WINSyslogClient.WinUI/Strings/Resources,WINSyslogClient.WinUI Resources,Workbench_FilterPreset_eval_event_v1_user_Title,イベント ユーザー,NG .resw source; locale=ja-JP; revision=7d81679f19f5fdaf5c8becaed58204869d1ac857
WINSyslogClient.WinUI/Strings/Resources,WINSyslogClient.WinUI Resources,Workbench_FilterPreset_eval_event_v2_category_Description,Event Log Monitor V2 category,NG .resw source; locale=ja-JP; revision=7d81679f19f5fdaf5c8becaed58204869d1ac857
WINSyslogClient.WinUI/Strings/Resources,WINSyslogClient.WinUI Resources,Workbench_FilterPreset_eval_event_v2_category_Title,イベント カテゴリ,NG .resw source; locale=ja-JP; revision=7d81679f19f5fdaf5c8becaed58204869d1ac857
WINSyslogClient.WinUI/Strings/Resources,WINSyslogClient.WinUI Resources,Workbench_FilterPreset_eval_event_v2_category_name_Description,Event Log Monitor V2 category name,NG .resw source; locale=ja-JP; revision=7d81679f19f5fdaf5c8becaed58204869d1ac857
WINSyslogClient.WinUI/Strings/Resources,WINSyslogClient.WinUI Resources,Workbench_FilterPreset_eval_event_v2_category_name_Title,Event category name,NG .resw source; locale=ja-JP; revision=7d81679f19f5fdaf5c8becaed58204869d1ac857
WINSyslogClient.WinUI/Strings/Resources,WINSyslogClient.WinUI Resources,Workbench_FilterPreset_eval_event_v2_channel_Description,Event Log Monitor V2 channel,NG .resw source; locale=ja-JP; revision=7d81679f19f5fdaf5c8becaed58204869d1ac857
WINSyslogClient.WinUI/Strings/Resources,WINSyslogClient.WinUI Resources,Workbench_FilterPreset_eval_event_v2_channel_Title,イベント チャンネル,NG .resw source; locale=ja-JP; revision=7d81679f19f5fdaf5c8becaed58204869d1ac857
WINSyslogClient.WinUI/Strings/Resources,WINSyslogClient.WinUI Resources,Workbench_FilterPreset_eval_event_v2_id_Description,Event Log Monitor V2 event ID,NG .resw source; locale=ja-JP; revision=7d81679f19f5fdaf5c8becaed58204869d1ac857
WINSyslogClient.WinUI/Strings/Resources,WINSyslogClient.WinUI Resources,Workbench_FilterPreset_eval_event_v2_id_Title,イベント ID,NG .resw source; locale=ja-JP; revision=7d81679f19f5fdaf5c8becaed58204869d1ac857
WINSyslogClient.WinUI/Strings/Resources,WINSyslogClient.WinUI Resources,Workbench_FilterPreset_eval_event_v2_keyword_Description,Event Log Monitor V2 keyword,NG .resw source; locale=ja-JP; revision=7d81679f19f5fdaf5c8becaed58204869d1ac857
WINSyslogClient.WinUI/Strings/Resources,WINSyslogClient.WinUI Resources,Workbench_FilterPreset_eval_event_v2_keyword_Title,イベント キーワード,NG .resw source; locale=ja-JP; revision=7d81679f19f5fdaf5c8becaed58204869d1ac857
WINSyslogClient.WinUI/Strings/Resources,WINSyslogClient.WinUI Resources,Workbench_FilterPreset_eval_event_v2_keyword_id_Description,Event Log Monitor V2 keyword ID,NG .resw source; locale=ja-JP; revision=7d81679f19f5fdaf5c8becaed58204869d1ac857
WINSyslogClient.WinUI/Strings/Resources,WINSyslogClient.WinUI Resources,Workbench_FilterPreset_eval_event_v2_keyword_id_Title,イベント キーワード ID,NG .resw source; locale=ja-JP; revision=7d81679f19f5fdaf5c8becaed58204869d1ac857
WINSyslogClient.WinUI/Strings/Resources,WINSyslogClient.WinUI Resources,Workbench_FilterPreset_eval_event_v2_level_Description,Event Log Monitor V2 level,NG .resw source; locale=ja-JP; revision=7d81679f19f5fdaf5c8becaed58204869d1ac857
WINSyslogClient.WinUI/Strings/Resources,WINSyslogClient.WinUI Resources,Workbench_FilterPreset_eval_event_v2_level_Title,イベント レベル,NG .resw source; locale=ja-JP; revision=7d81679f19f5fdaf5c8becaed58204869d1ac857
WINSyslogClient.WinUI/Strings/Resources,WINSyslogClient.WinUI Resources,Workbench_FilterPreset_eval_event_v2_raw_source_Description,Event Log Monitor V2 raw source,NG .resw source; locale=ja-JP; revision=7d81679f19f5fdaf5c8becaed58204869d1ac857
WINSyslogClient.WinUI/Strings/Resources,WINSyslogClient.WinUI Resources,Workbench_FilterPreset_eval_event_v2_raw_source_Title,Raw event source,NG .resw source; locale=ja-JP; revision=7d81679f19f5fdaf5c8becaed58204869d1ac857
WINSyslogClient.WinUI/Strings/Resources,WINSyslogClient.WinUI Resources,Workbench_FilterPreset_eval_event_v2_severity_Description,Event Log Monitor V2 severity,NG .resw source; locale=ja-JP; revision=7d81679f19f5fdaf5c8becaed58204869d1ac857
WINSyslogClient.WinUI/Strings/Resources,WINSyslogClient.WinUI Resources,Workbench_FilterPreset_eval_event_v2_severity_Title,イベント 重要度,NG .resw source; locale=ja-JP; revision=7d81679f19f5fdaf5c8becaed58204869d1ac857
WINSyslogClient.WinUI/Strings/Resources,WINSyslogClient.WinUI Resources,Workbench_FilterPreset_eval_event_v2_severity_id_Description,Event Log Monitor V2 severity ID,NG .resw source; locale=ja-JP; revision=7d81679f19f5fdaf5c8becaed58204869d1ac857
WINSyslogClient.WinUI/Strings/Resources,WINSyslogClient.WinUI Resources,Workbench_FilterPreset_eval_event_v2_severity_id_Title,イベント 重要度 ID,NG .resw source; locale=ja-JP; revision=7d81679f19f5fdaf5c8becaed58204869d1ac857
WINSyslogClient.WinUI/Strings/Resources,WINSyslogClient.WinUI Resources,Workbench_FilterPreset_eval_event_v2_source_Description,Event Log Monitor V2 source,NG .resw source; locale=ja-JP; revision=7d81679f19f5fdaf5c8becaed58204869d1ac857
WINSyslogClient.WinUI/Strings/Resources,WINSyslogClient.WinUI Resources,Workbench_FilterPreset_eval_event_v2_source_Title,イベント ソース,NG .resw source; locale=ja-JP; revision=7d81679f19f5fdaf5c8becaed58204869d1ac857
WINSyslogClient.WinUI/Strings/Resources,WINSyslogClient.WinUI Resources,Workbench_FilterPreset_eval_event_v2_user_Description,Event Log Monitor V2 user,NG .resw source; locale=ja-JP; revision=7d81679f19f5fdaf5c8becaed58204869d1ac857
WINSyslogClient.WinUI/Strings/Resources,WINSyslogClient.WinUI Resources,Workbench_FilterPreset_eval_event_v2_user_Title,イベント ユーザー,NG .resw source; locale=ja-JP; revision=7d81679f19f5fdaf5c8becaed58204869d1ac857
WINSyslogClient.WinUI/Strings/Resources,WINSyslogClient.WinUI Resources,Workbench_FilterPreset_eval_eventid_Description,Classic Event Log event ID,NG .resw source; locale=ja-JP; revision=7d81679f19f5fdaf5c8becaed58204869d1ac857
WINSyslogClient.WinUI/Strings/Resources,WINSyslogClient.WinUI Resources,Workbench_FilterPreset_eval_eventid_Title,イベント ID,NG .resw source; locale=ja-JP; revision=7d81679f19f5fdaf5c8becaed58204869d1ac857
WINSyslogClient.WinUI/Strings/Resources,WINSyslogClient.WinUI Resources,Workbench_FilterPreset_eval_extended_ip_Description,IP extended property,NG .resw source; locale=ja-JP; revision=7d81679f19f5fdaf5c8becaed58204869d1ac857
WINSyslogClient.WinUI/Strings/Resources,WINSyslogClient.WinUI Resources,Workbench_FilterPreset_eval_extended_ip_Title,拡張IPプロパティ,NG .resw source; locale=ja-JP; revision=7d81679f19f5fdaf5c8becaed58204869d1ac857
WINSyslogClient.WinUI/Strings/Resources,WINSyslogClient.WinUI Resources,Workbench_FilterPreset_eval_extended_number_Description,Numeric extended property,NG .resw source; locale=ja-JP; revision=7d81679f19f5fdaf5c8becaed58204869d1ac857
WINSyslogClient.WinUI/Strings/Resources,WINSyslogClient.WinUI Resources,Workbench_FilterPreset_eval_extended_number_Title,拡張プロパティ,NG .resw source; locale=ja-JP; revision=7d81679f19f5fdaf5c8becaed58204869d1ac857
WINSyslogClient.WinUI/Strings/Resources,WINSyslogClient.WinUI Resources,Workbench_FilterPreset_eval_file_exists_Description,File-exists condition,NG .resw source; locale=ja-JP; revision=7d81679f19f5fdaf5c8becaed58204869d1ac857
WINSyslogClient.WinUI/Strings/Resources,WINSyslogClient.WinUI Resources,Workbench_FilterPreset_eval_file_exists_Title,ファイル確認,NG .resw source; locale=ja-JP; revision=7d81679f19f5fdaf5c8becaed58204869d1ac857
WINSyslogClient.WinUI/Strings/Resources,WINSyslogClient.WinUI Resources,Workbench_FilterPreset_eval_file_generated_base_name_Description,Generated base filename,NG .resw source; locale=ja-JP; revision=7d81679f19f5fdaf5c8becaed58204869d1ac857
WINSyslogClient.WinUI/Strings/Resources,WINSyslogClient.WinUI Resources,Workbench_FilterPreset_eval_file_generated_base_name_Title,Generated filename without path,NG .resw source; locale=ja-JP; revision=7d81679f19f5fdaf5c8becaed58204869d1ac857
WINSyslogClient.WinUI/Strings/Resources,WINSyslogClient.WinUI Resources,Workbench_FilterPreset_eval_file_generated_name_Description,Generated filename including path,NG .resw source; locale=ja-JP; revision=7d81679f19f5fdaf5c8becaed58204869d1ac857
WINSyslogClient.WinUI/Strings/Resources,WINSyslogClient.WinUI Resources,Workbench_FilterPreset_eval_file_generated_name_Title,作成されたファイル名,NG .resw source; locale=ja-JP; revision=7d81679f19f5fdaf5c8becaed58204869d1ac857
WINSyslogClient.WinUI/Strings/Resources,WINSyslogClient.WinUI Resources,Workbench_FilterPreset_eval_filesystem_Description,Generic file-system monitor property,NG .resw source; locale=ja-JP; revision=7d81679f19f5fdaf5c8becaed58204869d1ac857
WINSyslogClient.WinUI/Strings/Resources,WINSyslogClient.WinUI Resources,Workbench_FilterPreset_eval_filesystem_Title,File system monitoring,NG .resw source; locale=ja-JP; revision=7d81679f19f5fdaf5c8becaed58204869d1ac857
WINSyslogClient.WinUI/Strings/Resources,WINSyslogClient.WinUI Resources,Workbench_FilterPreset_eval_ftp_response_Description,FTP probe response,NG .resw source; locale=ja-JP; revision=7d81679f19f5fdaf5c8becaed58204869d1ac857
WINSyslogClient.WinUI/Strings/Resources,WINSyslogClient.WinUI Resources,Workbench_FilterPreset_eval_ftp_response_Title,FTP response,NG .resw source; locale=ja-JP; revision=7d81679f19f5fdaf5c8becaed58204869d1ac857
WINSyslogClient.WinUI/Strings/Resources,WINSyslogClient.WinUI Resources,Workbench_FilterPreset_eval_ftp_status_Description,FTP probe status code,NG .resw source; locale=ja-JP; revision=7d81679f19f5fdaf5c8becaed58204869d1ac857
WINSyslogClient.WinUI/Strings/Resources,WINSyslogClient.WinUI Resources,Workbench_FilterPreset_eval_ftp_status_Title,FTP status code,NG .resw source; locale=ja-JP; revision=7d81679f19f5fdaf5c8becaed58204869d1ac857
WINSyslogClient.WinUI/Strings/Resources,WINSyslogClient.WinUI Resources,Workbench_FilterPreset_eval_hostname_Description,Local Hostname,NG .resw source; locale=ja-JP; revision=7d81679f19f5fdaf5c8becaed58204869d1ac857
WINSyslogClient.WinUI/Strings/Resources,WINSyslogClient.WinUI Resources,Workbench_FilterPreset_eval_hostname_Title,Local Hostname,NG .resw source; locale=ja-JP; revision=7d81679f19f5fdaf5c8becaed58204869d1ac857
WINSyslogClient.WinUI/Strings/Resources,WINSyslogClient.WinUI Resources,Workbench_FilterPreset_eval_http_response_Description,HTTP probe response,NG .resw source; locale=ja-JP; revision=7d81679f19f5fdaf5c8becaed58204869d1ac857
WINSyslogClient.WinUI/Strings/Resources,WINSyslogClient.WinUI Resources,Workbench_FilterPreset_eval_http_response_Title,HTTP response,NG .resw source; locale=ja-JP; revision=7d81679f19f5fdaf5c8becaed58204869d1ac857
WINSyslogClient.WinUI/Strings/Resources,WINSyslogClient.WinUI Resources,Workbench_FilterPreset_eval_http_status_Description,HTTP probe status code,NG .resw source; locale=ja-JP; revision=7d81679f19f5fdaf5c8becaed58204869d1ac857
WINSyslogClient.WinUI/Strings/Resources,WINSyslogClient.WinUI Resources,Workbench_FilterPreset_eval_http_status_Title,HTTP status code,NG .resw source; locale=ja-JP; revision=7d81679f19f5fdaf5c8becaed58204869d1ac857
WINSyslogClient.WinUI/Strings/Resources,WINSyslogClient.WinUI Resources,Workbench_FilterPreset_eval_imap_response_Description,IMAP probe response,NG .resw source; locale=ja-JP; revision=7d81679f19f5fdaf5c8becaed58204869d1ac857
WINSyslogClient.WinUI/Strings/Resources,WINSyslogClient.WinUI Resources,Workbench_FilterPreset_eval_imap_response_Title,IMAP response,NG .resw source; locale=ja-JP; revision=7d81679f19f5fdaf5c8becaed58204869d1ac857
WINSyslogClient.WinUI/Strings/Resources,WINSyslogClient.WinUI Resources,Workbench_FilterPreset_eval_imap_status_Description,IMAP probe status code,NG .resw source; locale=ja-JP; revision=7d81679f19f5fdaf5c8becaed58204869d1ac857
WINSyslogClient.WinUI/Strings/Resources,WINSyslogClient.WinUI Resources,Workbench_FilterPreset_eval_imap_status_Title,IMAP status code,NG .resw source; locale=ja-JP; revision=7d81679f19f5fdaf5c8becaed58204869d1ac857
WINSyslogClient.WinUI/Strings/Resources,WINSyslogClient.WinUI Resources,Workbench_FilterPreset_eval_iscpumemorymonitor_Description,CPU and memory monitor information-unit flag,NG .resw source; locale=ja-JP; revision=7d81679f19f5fdaf5c8becaed58204869d1ac857
WINSyslogClient.WinUI/Strings/Resources,WINSyslogClient.WinUI Resources,Workbench_FilterPreset_eval_iscpumemorymonitor_Title,CPU and memory monitor,NG .resw source; locale=ja-JP; revision=7d81679f19f5fdaf5c8becaed58204869d1ac857
WINSyslogClient.WinUI/Strings/Resources,WINSyslogClient.WinUI Resources,Workbench_FilterPreset_eval_isdatabasemonitor_Description,Database Monitor information-unit flag,NG .resw source; locale=ja-JP; revision=7d81679f19f5fdaf5c8becaed58204869d1ac857
WINSyslogClient.WinUI/Strings/Resources,WINSyslogClient.WinUI Resources,Workbench_FilterPreset_eval_isdatabasemonitor_Title,データベース モニタ,NG .resw source; locale=ja-JP; revision=7d81679f19f5fdaf5c8becaed58204869d1ac857
WINSyslogClient.WinUI/Strings/Resources,WINSyslogClient.WinUI Resources,Workbench_FilterPreset_eval_isdiskspacemonitor_Description,Disk Space Monitor information-unit flag,NG .resw source; locale=ja-JP; revision=7d81679f19f5fdaf5c8becaed58204869d1ac857
WINSyslogClient.WinUI/Strings/Resources,WINSyslogClient.WinUI Resources,Workbench_FilterPreset_eval_isdiskspacemonitor_Title,Disk Space Monitor,NG .resw source; locale=ja-JP; revision=7d81679f19f5fdaf5c8becaed58204869d1ac857
WINSyslogClient.WinUI/Strings/Resources,WINSyslogClient.WinUI Resources,Workbench_FilterPreset_eval_iseventlogmonitor_Description,Event Log Monitor information-unit flag,NG .resw source; locale=ja-JP; revision=7d81679f19f5fdaf5c8becaed58204869d1ac857
WINSyslogClient.WinUI/Strings/Resources,WINSyslogClient.WinUI Resources,Workbench_FilterPreset_eval_iseventlogmonitor_Title,イベントログの監視,NG .resw source; locale=ja-JP; revision=7d81679f19f5fdaf5c8becaed58204869d1ac857
WINSyslogClient.WinUI/Strings/Resources,WINSyslogClient.WinUI Resources,Workbench_FilterPreset_eval_iseventlogmonitorv2_Description,Event Log Monitor V2 information-unit flag,NG .resw source; locale=ja-JP; revision=7d81679f19f5fdaf5c8becaed58204869d1ac857
WINSyslogClient.WinUI/Strings/Resources,WINSyslogClient.WinUI Resources,Workbench_FilterPreset_eval_iseventlogmonitorv2_Title,イベントログの監視 V2,NG .resw source; locale=ja-JP; revision=7d81679f19f5fdaf5c8becaed58204869d1ac857
WINSyslogClient.WinUI/Strings/Resources,WINSyslogClient.WinUI Resources,Workbench_FilterPreset_eval_isfilemonitor_Description,File Monitor information-unit flag,NG .resw source; locale=ja-JP; revision=7d81679f19f5fdaf5c8becaed58204869d1ac857
WINSyslogClient.WinUI/Strings/Resources,WINSyslogClient.WinUI Resources,Workbench_FilterPreset_eval_isfilemonitor_Title,ファイル モニタ,NG .resw source; locale=ja-JP; revision=7d81679f19f5fdaf5c8becaed58204869d1ac857
WINSyslogClient.WinUI/Strings/Resources,WINSyslogClient.WinUI Resources,Workbench_FilterPreset_eval_isftpprobe_Description,FTP Probe information-unit flag,NG .resw source; locale=ja-JP; revision=7d81679f19f5fdaf5c8becaed58204869d1ac857
WINSyslogClient.WinUI/Strings/Resources,WINSyslogClient.WinUI Resources,Workbench_FilterPreset_eval_isftpprobe_Title,FTP 探査,NG .resw source; locale=ja-JP; revision=7d81679f19f5fdaf5c8becaed58204869d1ac857
WINSyslogClient.WinUI/Strings/Resources,WINSyslogClient.WinUI Resources,Workbench_FilterPreset_eval_isheartbeat_Description,Heartbeat information-unit flag,NG .resw source; locale=ja-JP; revision=7d81679f19f5fdaf5c8becaed58204869d1ac857
WINSyslogClient.WinUI/Strings/Resources,WINSyslogClient.WinUI Resources,Workbench_FilterPreset_eval_isheartbeat_Title,ハートビート,NG .resw source; locale=ja-JP; revision=7d81679f19f5fdaf5c8becaed58204869d1ac857
WINSyslogClient.WinUI/Strings/Resources,WINSyslogClient.WinUI Resources,Workbench_FilterPreset_eval_ishttpprobe_Description,HTTP Probe information-unit flag,NG .resw source; locale=ja-JP; revision=7d81679f19f5fdaf5c8becaed58204869d1ac857
WINSyslogClient.WinUI/Strings/Resources,WINSyslogClient.WinUI Resources,Workbench_FilterPreset_eval_ishttpprobe_Title,HTTP 探査,NG .resw source; locale=ja-JP; revision=7d81679f19f5fdaf5c8becaed58204869d1ac857
WINSyslogClient.WinUI/Strings/Resources,WINSyslogClient.WinUI Resources,Workbench_FilterPreset_eval_isimapprobe_Description,IMAP Probe information-unit flag,NG .resw source; locale=ja-JP; revision=7d81679f19f5fdaf5c8becaed58204869d1ac857
WINSyslogClient.WinUI/Strings/Resources,WINSyslogClient.WinUI Resources,Workbench_FilterPreset_eval_isimapprobe_Title,IMAP 探査,NG .resw source; locale=ja-JP; revision=7d81679f19f5fdaf5c8becaed58204869d1ac857
WINSyslogClient.WinUI/Strings/Resources,WINSyslogClient.WinUI Resources,Workbench_FilterPreset_eval_isnntpprobe_Description,NNTP Probe information-unit flag,NG .resw source; locale=ja-JP; revision=7d81679f19f5fdaf5c8becaed58204869d1ac857
WINSyslogClient.WinUI/Strings/Resources,WINSyslogClient.WinUI Resources,Workbench_FilterPreset_eval_isnntpprobe_Title,NNTP 探査,NG .resw source; locale=ja-JP; revision=7d81679f19f5fdaf5c8becaed58204869d1ac857
WINSyslogClient.WinUI/Strings/Resources,WINSyslogClient.WinUI Resources,Workbench_FilterPreset_eval_isntservicemonitor_Description,NT Service Monitor information-unit flag,NG .resw source; locale=ja-JP; revision=7d81679f19f5fdaf5c8becaed58204869d1ac857
WINSyslogClient.WinUI/Strings/Resources,WINSyslogClient.WinUI Resources,Workbench_FilterPreset_eval_isntservicemonitor_Title,NT Service Monitor,NG .resw source; locale=ja-JP; revision=7d81679f19f5fdaf5c8becaed58204869d1ac857
WINSyslogClient.WinUI/Strings/Resources,WINSyslogClient.WinUI Resources,Workbench_FilterPreset_eval_ispingprobe_Description,Ping Probe information-unit flag,NG .resw source; locale=ja-JP; revision=7d81679f19f5fdaf5c8becaed58204869d1ac857
WINSyslogClient.WinUI/Strings/Resources,WINSyslogClient.WinUI Resources,Workbench_FilterPreset_eval_ispingprobe_Title,Ping 探査,NG .resw source; locale=ja-JP; revision=7d81679f19f5fdaf5c8becaed58204869d1ac857
WINSyslogClient.WinUI/Strings/Resources,WINSyslogClient.WinUI Resources,Workbench_FilterPreset_eval_ispop3probe_Description,POP3 Probe information-unit flag,NG .resw source; locale=ja-JP; revision=7d81679f19f5fdaf5c8becaed58204869d1ac857
WINSyslogClient.WinUI/Strings/Resources,WINSyslogClient.WinUI Resources,Workbench_FilterPreset_eval_ispop3probe_Title,POP3 探査,NG .resw source; locale=ja-JP; revision=7d81679f19f5fdaf5c8becaed58204869d1ac857
WINSyslogClient.WinUI/Strings/Resources,WINSyslogClient.WinUI Resources,Workbench_FilterPreset_eval_isportprobe_Description,Port Probe information-unit flag,NG .resw source; locale=ja-JP; revision=7d81679f19f5fdaf5c8becaed58204869d1ac857
WINSyslogClient.WinUI/Strings/Resources,WINSyslogClient.WinUI Resources,Workbench_FilterPreset_eval_isportprobe_Title,Port 探査,NG .resw source; locale=ja-JP; revision=7d81679f19f5fdaf5c8becaed58204869d1ac857
WINSyslogClient.WinUI/Strings/Resources,WINSyslogClient.WinUI Resources,Workbench_FilterPreset_eval_isrelplistener_Description,RELP Listener information-unit flag,NG .resw source; locale=ja-JP; revision=7d81679f19f5fdaf5c8becaed58204869d1ac857
WINSyslogClient.WinUI/Strings/Resources,WINSyslogClient.WinUI Resources,Workbench_FilterPreset_eval_isrelplistener_Title,RELP リスナー,NG .resw source; locale=ja-JP; revision=7d81679f19f5fdaf5c8becaed58204869d1ac857
WINSyslogClient.WinUI/Strings/Resources,WINSyslogClient.WinUI Resources,Workbench_FilterPreset_eval_isserialportmonitor_Description,Serial Port Monitor information-unit flag,NG .resw source; locale=ja-JP; revision=7d81679f19f5fdaf5c8becaed58204869d1ac857
WINSyslogClient.WinUI/Strings/Resources,WINSyslogClient.WinUI Resources,Workbench_FilterPreset_eval_isserialportmonitor_Title,Serial Port Monitor,NG .resw source; locale=ja-JP; revision=7d81679f19f5fdaf5c8becaed58204869d1ac857
WINSyslogClient.WinUI/Strings/Resources,WINSyslogClient.WinUI Resources,Workbench_FilterPreset_eval_issmtplistener_Description,SMTP Listener information-unit flag,NG .resw source; locale=ja-JP; revision=7d81679f19f5fdaf5c8becaed58204869d1ac857
WINSyslogClient.WinUI/Strings/Resources,WINSyslogClient.WinUI Resources,Workbench_FilterPreset_eval_issmtplistener_Title,SMTP リスナー,NG .resw source; locale=ja-JP; revision=7d81679f19f5fdaf5c8becaed58204869d1ac857
WINSyslogClient.WinUI/Strings/Resources,WINSyslogClient.WinUI Resources,Workbench_FilterPreset_eval_issmtpprobe_Description,SMTP Probe information-unit flag,NG .resw source; locale=ja-JP; revision=7d81679f19f5fdaf5c8becaed58204869d1ac857
WINSyslogClient.WinUI/Strings/Resources,WINSyslogClient.WinUI Resources,Workbench_FilterPreset_eval_issmtpprobe_Title,SMTP 探査,NG .resw source; locale=ja-JP; revision=7d81679f19f5fdaf5c8becaed58204869d1ac857
WINSyslogClient.WinUI/Strings/Resources,WINSyslogClient.WinUI Resources,Workbench_FilterPreset_eval_issnmpmonitor_Description,SNMP Monitor information-unit flag,NG .resw source; locale=ja-JP; revision=7d81679f19f5fdaf5c8becaed58204869d1ac857
WINSyslogClient.WinUI/Strings/Resources,WINSyslogClient.WinUI Resources,Workbench_FilterPreset_eval_issnmpmonitor_Title,SNMP モニタ,NG .resw source; locale=ja-JP; revision=7d81679f19f5fdaf5c8becaed58204869d1ac857
WINSyslogClient.WinUI/Strings/Resources,WINSyslogClient.WinUI Resources,Workbench_FilterPreset_eval_issnmptrap_Description,SNMP trap information-unit flag,NG .resw source; locale=ja-JP; revision=7d81679f19f5fdaf5c8becaed58204869d1ac857
WINSyslogClient.WinUI/Strings/Resources,WINSyslogClient.WinUI Resources,Workbench_FilterPreset_eval_issnmptrap_Title,SNMP trap,NG .resw source; locale=ja-JP; revision=7d81679f19f5fdaf5c8becaed58204869d1ac857
WINSyslogClient.WinUI/Strings/Resources,WINSyslogClient.WinUI Resources,Workbench_FilterPreset_eval_issyslog_Description,Syslog information-unit flag,NG .resw source; locale=ja-JP; revision=7d81679f19f5fdaf5c8becaed58204869d1ac857
WINSyslogClient.WinUI/Strings/Resources,WINSyslogClient.WinUI Resources,Workbench_FilterPreset_eval_issyslog_Title,Syslog,NG .resw source; locale=ja-JP; revision=7d81679f19f5fdaf5c8becaed58204869d1ac857
WINSyslogClient.WinUI/Strings/Resources,WINSyslogClient.WinUI Resources,Workbench_FilterPreset_eval_memory_physical_free_Description,Free physical memory in megabytes,NG .resw source; locale=ja-JP; revision=7d81679f19f5fdaf5c8becaed58204869d1ac857
WINSyslogClient.WinUI/Strings/Resources,WINSyslogClient.WinUI Resources,Workbench_FilterPreset_eval_memory_physical_free_Title,Free physical memory,NG .resw source; locale=ja-JP; revision=7d81679f19f5fdaf5c8becaed58204869d1ac857
WINSyslogClient.WinUI/Strings/Resources,WINSyslogClient.WinUI Resources,Workbench_FilterPreset_eval_memory_physical_load_Description,Physical memory load percentage,NG .resw source; locale=ja-JP; revision=7d81679f19f5fdaf5c8becaed58204869d1ac857
WINSyslogClient.WinUI/Strings/Resources,WINSyslogClient.WinUI Resources,Workbench_FilterPreset_eval_memory_physical_load_Title,Physical memory load,NG .resw source; locale=ja-JP; revision=7d81679f19f5fdaf5c8becaed58204869d1ac857
WINSyslogClient.WinUI/Strings/Resources,WINSyslogClient.WinUI Resources,Workbench_FilterPreset_eval_memory_physical_max_Description,Maximum physical memory in megabytes,NG .resw source; locale=ja-JP; revision=7d81679f19f5fdaf5c8becaed58204869d1ac857
WINSyslogClient.WinUI/Strings/Resources,WINSyslogClient.WinUI Resources,Workbench_FilterPreset_eval_memory_physical_max_Title,Maximum physical memory,NG .resw source; locale=ja-JP; revision=7d81679f19f5fdaf5c8becaed58204869d1ac857
WINSyslogClient.WinUI/Strings/Resources,WINSyslogClient.WinUI Resources,Workbench_FilterPreset_eval_memory_total_free_Description,Free total memory in megabytes,NG .resw source; locale=ja-JP; revision=7d81679f19f5fdaf5c8becaed58204869d1ac857
WINSyslogClient.WinUI/Strings/Resources,WINSyslogClient.WinUI Resources,Workbench_FilterPreset_eval_memory_total_free_Title,Free total memory,NG .resw source; locale=ja-JP; revision=7d81679f19f5fdaf5c8becaed58204869d1ac857
WINSyslogClient.WinUI/Strings/Resources,WINSyslogClient.WinUI Resources,Workbench_FilterPreset_eval_memory_total_load_Description,Total memory load percentage,NG .resw source; locale=ja-JP; revision=7d81679f19f5fdaf5c8becaed58204869d1ac857
WINSyslogClient.WinUI/Strings/Resources,WINSyslogClient.WinUI Resources,Workbench_FilterPreset_eval_memory_total_load_Title,Total memory load,NG .resw source; locale=ja-JP; revision=7d81679f19f5fdaf5c8becaed58204869d1ac857
WINSyslogClient.WinUI/Strings/Resources,WINSyslogClient.WinUI Resources,Workbench_FilterPreset_eval_memory_total_max_Description,Maximum total memory in megabytes,NG .resw source; locale=ja-JP; revision=7d81679f19f5fdaf5c8becaed58204869d1ac857
WINSyslogClient.WinUI/Strings/Resources,WINSyslogClient.WinUI Resources,Workbench_FilterPreset_eval_memory_total_max_Title,Maximum total memory,NG .resw source; locale=ja-JP; revision=7d81679f19f5fdaf5c8becaed58204869d1ac857
WINSyslogClient.WinUI/Strings/Resources,WINSyslogClient.WinUI Resources,Workbench_FilterPreset_eval_memory_virtual_free_Description,Free virtual memory in megabytes,NG .resw source; locale=ja-JP; revision=7d81679f19f5fdaf5c8becaed58204869d1ac857
WINSyslogClient.WinUI/Strings/Resources,WINSyslogClient.WinUI Resources,Workbench_FilterPreset_eval_memory_virtual_free_Title,Free virtual memory,NG .resw source; locale=ja-JP; revision=7d81679f19f5fdaf5c8becaed58204869d1ac857
WINSyslogClient.WinUI/Strings/Resources,WINSyslogClient.WinUI Resources,Workbench_FilterPreset_eval_memory_virtual_load_Description,Virtual memory load percentage,NG .resw source; locale=ja-JP; revision=7d81679f19f5fdaf5c8becaed58204869d1ac857
WINSyslogClient.WinUI/Strings/Resources,WINSyslogClient.WinUI Resources,Workbench_FilterPreset_eval_memory_virtual_load_Title,Virtual memory load,NG .resw source; locale=ja-JP; revision=7d81679f19f5fdaf5c8becaed58204869d1ac857
WINSyslogClient.WinUI/Strings/Resources,WINSyslogClient.WinUI Resources,Workbench_FilterPreset_eval_memory_virtual_max_Description,Maximum virtual memory in megabytes,NG .resw source; locale=ja-JP; revision=7d81679f19f5fdaf5c8becaed58204869d1ac857
WINSyslogClient.WinUI/Strings/Resources,WINSyslogClient.WinUI Resources,Workbench_FilterPreset_eval_memory_virtual_max_Title,Maximum virtual memory,NG .resw source; locale=ja-JP; revision=7d81679f19f5fdaf5c8becaed58204869d1ac857
WINSyslogClient.WinUI/Strings/Resources,WINSyslogClient.WinUI Resources,Workbench_FilterPreset_eval_msg_Description,Message content,NG .resw source; locale=ja-JP; revision=7d81679f19f5fdaf5c8becaed58204869d1ac857
WINSyslogClient.WinUI/Strings/Resources,WINSyslogClient.WinUI Resources,Workbench_FilterPreset_eval_msg_Title,メッセージ,NG .resw source; locale=ja-JP; revision=7d81679f19f5fdaf5c8becaed58204869d1ac857
WINSyslogClient.WinUI/Strings/Resources,WINSyslogClient.WinUI Resources,Workbench_FilterPreset_eval_nntp_response_Description,NNTP probe response,NG .resw source; locale=ja-JP; revision=7d81679f19f5fdaf5c8becaed58204869d1ac857
WINSyslogClient.WinUI/Strings/Resources,WINSyslogClient.WinUI Resources,Workbench_FilterPreset_eval_nntp_response_Title,NNTP response,NG .resw source; locale=ja-JP; revision=7d81679f19f5fdaf5c8becaed58204869d1ac857
WINSyslogClient.WinUI/Strings/Resources,WINSyslogClient.WinUI Resources,Workbench_FilterPreset_eval_nntp_status_Description,NNTP probe status code,NG .resw source; locale=ja-JP; revision=7d81679f19f5fdaf5c8becaed58204869d1ac857
WINSyslogClient.WinUI/Strings/Resources,WINSyslogClient.WinUI Resources,Workbench_FilterPreset_eval_nntp_status_Title,NNTP status code,NG .resw source; locale=ja-JP; revision=7d81679f19f5fdaf5c8becaed58204869d1ac857
WINSyslogClient.WinUI/Strings/Resources,WINSyslogClient.WinUI Resources,Workbench_FilterPreset_eval_nt_service_display_name_Description,NT service display name,NG .resw source; locale=ja-JP; revision=7d81679f19f5fdaf5c8becaed58204869d1ac857
WINSyslogClient.WinUI/Strings/Resources,WINSyslogClient.WinUI Resources,Workbench_FilterPreset_eval_nt_service_display_name_Title,Service display name,NG .resw source; locale=ja-JP; revision=7d81679f19f5fdaf5c8becaed58204869d1ac857
WINSyslogClient.WinUI/Strings/Resources,WINSyslogClient.WinUI Resources,Workbench_FilterPreset_eval_nt_service_name_Description,NT service name,NG .resw source; locale=ja-JP; revision=7d81679f19f5fdaf5c8becaed58204869d1ac857
WINSyslogClient.WinUI/Strings/Resources,WINSyslogClient.WinUI Resources,Workbench_FilterPreset_eval_nt_service_name_Title,Service name,NG .resw source; locale=ja-JP; revision=7d81679f19f5fdaf5c8becaed58204869d1ac857
WINSyslogClient.WinUI/Strings/Resources,WINSyslogClient.WinUI Resources,Workbench_FilterPreset_eval_other_service_Description,Generic service-type property,NG .resw source; locale=ja-JP; revision=7d81679f19f5fdaf5c8becaed58204869d1ac857
WINSyslogClient.WinUI/Strings/Resources,WINSyslogClient.WinUI Resources,Workbench_FilterPreset_eval_other_service_Title,その他のサービス,NG .resw source; locale=ja-JP; revision=7d81679f19f5fdaf5c8becaed58204869d1ac857
WINSyslogClient.WinUI/Strings/Resources,WINSyslogClient.WinUI Resources,Workbench_FilterPreset_eval_pop3_response_Description,POP3 probe response,NG .resw source; locale=ja-JP; revision=7d81679f19f5fdaf5c8becaed58204869d1ac857
WINSyslogClient.WinUI/Strings/Resources,WINSyslogClient.WinUI Resources,Workbench_FilterPreset_eval_pop3_response_Title,POP3 response,NG .resw source; locale=ja-JP; revision=7d81679f19f5fdaf5c8becaed58204869d1ac857
WINSyslogClient.WinUI/Strings/Resources,WINSyslogClient.WinUI Resources,Workbench_FilterPreset_eval_pop3_status_Description,POP3 probe status code,NG .resw source; locale=ja-JP; revision=7d81679f19f5fdaf5c8becaed58204869d1ac857
WINSyslogClient.WinUI/Strings/Resources,WINSyslogClient.WinUI Resources,Workbench_FilterPreset_eval_pop3_status_Title,POP3 status code,NG .resw source; locale=ja-JP; revision=7d81679f19f5fdaf5c8becaed58204869d1ac857
WINSyslogClient.WinUI/Strings/Resources,WINSyslogClient.WinUI Resources,Workbench_FilterPreset_eval_probe_Description,Generic probe-service property,NG .resw source; locale=ja-JP; revision=7d81679f19f5fdaf5c8becaed58204869d1ac857
WINSyslogClient.WinUI/Strings/Resources,WINSyslogClient.WinUI Resources,Workbench_FilterPreset_eval_probe_Title,探査サービス,NG .resw source; locale=ja-JP; revision=7d81679f19f5fdaf5c8becaed58204869d1ac857
WINSyslogClient.WinUI/Strings/Resources,WINSyslogClient.WinUI Resources,Workbench_FilterPreset_eval_serial_port_name_Description,Serial port name,NG .resw source; locale=ja-JP; revision=7d81679f19f5fdaf5c8becaed58204869d1ac857
WINSyslogClient.WinUI/Strings/Resources,WINSyslogClient.WinUI Resources,Workbench_FilterPreset_eval_serial_port_name_Title,Port name,NG .resw source; locale=ja-JP; revision=7d81679f19f5fdaf5c8becaed58204869d1ac857
WINSyslogClient.WinUI/Strings/Resources,WINSyslogClient.WinUI Resources,Workbench_FilterPreset_eval_smtp_response_Description,SMTP probe response,NG .resw source; locale=ja-JP; revision=7d81679f19f5fdaf5c8becaed58204869d1ac857
WINSyslogClient.WinUI/Strings/Resources,WINSyslogClient.WinUI Resources,Workbench_FilterPreset_eval_smtp_response_Title,SMTP response,NG .resw source; locale=ja-JP; revision=7d81679f19f5fdaf5c8becaed58204869d1ac857
WINSyslogClient.WinUI/Strings/Resources,WINSyslogClient.WinUI Resources,Workbench_FilterPreset_eval_smtp_status_Description,SMTP probe status code,NG .resw source; locale=ja-JP; revision=7d81679f19f5fdaf5c8becaed58204869d1ac857
WINSyslogClient.WinUI/Strings/Resources,WINSyslogClient.WinUI Resources,Workbench_FilterPreset_eval_smtp_status_Title,SMTP status code,NG .resw source; locale=ja-JP; revision=7d81679f19f5fdaf5c8becaed58204869d1ac857
WINSyslogClient.WinUI/Strings/Resources,WINSyslogClient.WinUI Resources,Workbench_FilterPreset_eval_snmp_agent_ip_Description,SNMP agent IP address,NG .resw source; locale=ja-JP; revision=7d81679f19f5fdaf5c8becaed58204869d1ac857
WINSyslogClient.WinUI/Strings/Resources,WINSyslogClient.WinUI Resources,Workbench_FilterPreset_eval_snmp_agent_ip_Title,Agent IP,NG .resw source; locale=ja-JP; revision=7d81679f19f5fdaf5c8becaed58204869d1ac857
WINSyslogClient.WinUI/Strings/Resources,WINSyslogClient.WinUI Resources,Workbench_FilterPreset_eval_snmp_community_Description,SNMP community,NG .resw source; locale=ja-JP; revision=7d81679f19f5fdaf5c8becaed58204869d1ac857
WINSyslogClient.WinUI/Strings/Resources,WINSyslogClient.WinUI Resources,Workbench_FilterPreset_eval_snmp_community_Title,Community,NG .resw source; locale=ja-JP; revision=7d81679f19f5fdaf5c8becaed58204869d1ac857
WINSyslogClient.WinUI/Strings/Resources,WINSyslogClient.WinUI Resources,Workbench_FilterPreset_eval_snmp_enterprise_Description,SNMP enterprise,NG .resw source; locale=ja-JP; revision=7d81679f19f5fdaf5c8becaed58204869d1ac857
WINSyslogClient.WinUI/Strings/Resources,WINSyslogClient.WinUI Resources,Workbench_FilterPreset_eval_snmp_enterprise_Title,Enterprise,NG .resw source; locale=ja-JP; revision=7d81679f19f5fdaf5c8becaed58204869d1ac857
WINSyslogClient.WinUI/Strings/Resources,WINSyslogClient.WinUI Resources,Workbench_FilterPreset_eval_snmp_generic_name_Description,SNMP generic name,NG .resw source; locale=ja-JP; revision=7d81679f19f5fdaf5c8becaed58204869d1ac857
WINSyslogClient.WinUI/Strings/Resources,WINSyslogClient.WinUI Resources,Workbench_FilterPreset_eval_snmp_generic_name_Title,Generic name,NG .resw source; locale=ja-JP; revision=7d81679f19f5fdaf5c8becaed58204869d1ac857
WINSyslogClient.WinUI/Strings/Resources,WINSyslogClient.WinUI Resources,Workbench_FilterPreset_eval_snmp_specific_type_Description,SNMP specific trap type,NG .resw source; locale=ja-JP; revision=7d81679f19f5fdaf5c8becaed58204869d1ac857
WINSyslogClient.WinUI/Strings/Resources,WINSyslogClient.WinUI Resources,Workbench_FilterPreset_eval_snmp_specific_type_Title,Specific type,NG .resw source; locale=ja-JP; revision=7d81679f19f5fdaf5c8becaed58204869d1ac857
WINSyslogClient.WinUI/Strings/Resources,WINSyslogClient.WinUI Resources,Workbench_FilterPreset_eval_snmp_uptime_Description,SNMP uptime,NG .resw source; locale=ja-JP; revision=7d81679f19f5fdaf5c8becaed58204869d1ac857
WINSyslogClient.WinUI/Strings/Resources,WINSyslogClient.WinUI Resources,Workbench_FilterPreset_eval_snmp_uptime_Title,Uptime,NG .resw source; locale=ja-JP; revision=7d81679f19f5fdaf5c8becaed58204869d1ac857
WINSyslogClient.WinUI/Strings/Resources,WINSyslogClient.WinUI Resources,Workbench_FilterPreset_eval_snmp_version_Description,SNMP version,NG .resw source; locale=ja-JP; revision=7d81679f19f5fdaf5c8becaed58204869d1ac857
WINSyslogClient.WinUI/Strings/Resources,WINSyslogClient.WinUI Resources,Workbench_FilterPreset_eval_snmp_version_Title,Version,NG .resw source; locale=ja-JP; revision=7d81679f19f5fdaf5c8becaed58204869d1ac857
WINSyslogClient.WinUI/Strings/Resources,WINSyslogClient.WinUI Resources,Workbench_FilterPreset_eval_source_Description,Source address,NG .resw source; locale=ja-JP; revision=7d81679f19f5fdaf5c8becaed58204869d1ac857
WINSyslogClient.WinUI/Strings/Resources,WINSyslogClient.WinUI Resources,Workbench_FilterPreset_eval_source_Title,ソース,NG .resw source; locale=ja-JP; revision=7d81679f19f5fdaf5c8becaed58204869d1ac857
WINSyslogClient.WinUI/Strings/Resources,WINSyslogClient.WinUI Resources,Workbench_FilterPreset_eval_source_ip_type_Description,Source address using IP-aware comparison,NG .resw source; locale=ja-JP; revision=7d81679f19f5fdaf5c8becaed58204869d1ac857
WINSyslogClient.WinUI/Strings/Resources,WINSyslogClient.WinUI Resources,Workbench_FilterPreset_eval_source_ip_type_Title,Source IP type,NG .resw source; locale=ja-JP; revision=7d81679f19f5fdaf5c8becaed58204869d1ac857
WINSyslogClient.WinUI/Strings/Resources,WINSyslogClient.WinUI Resources,Workbench_FilterPreset_eval_status_name_value_Description,Status property name and value,NG .resw source; locale=ja-JP; revision=7d81679f19f5fdaf5c8becaed58204869d1ac857
WINSyslogClient.WinUI/Strings/Resources,WINSyslogClient.WinUI Resources,Workbench_FilterPreset_eval_status_name_value_Title,Status name and value,NG .resw source; locale=ja-JP; revision=7d81679f19f5fdaf5c8becaed58204869d1ac857
WINSyslogClient.WinUI/Strings/Resources,WINSyslogClient.WinUI Resources,Workbench_FilterPreset_eval_syslogappname_Description,Syslog APP-NAME,NG .resw source; locale=ja-JP; revision=7d81679f19f5fdaf5c8becaed58204869d1ac857
WINSyslogClient.WinUI/Strings/Resources,WINSyslogClient.WinUI Resources,Workbench_FilterPreset_eval_syslogappname_Title,Syslog app name,NG .resw source; locale=ja-JP; revision=7d81679f19f5fdaf5c8becaed58204869d1ac857
WINSyslogClient.WinUI/Strings/Resources,WINSyslogClient.WinUI Resources,Workbench_FilterPreset_eval_syslogfacility_Description,Syslog facility,NG .resw source; locale=ja-JP; revision=7d81679f19f5fdaf5c8becaed58204869d1ac857
WINSyslogClient.WinUI/Strings/Resources,WINSyslogClient.WinUI Resources,Workbench_FilterPreset_eval_syslogfacility_Title,Syslog facility,NG .resw source; locale=ja-JP; revision=7d81679f19f5fdaf5c8becaed58204869d1ac857
WINSyslogClient.WinUI/Strings/Resources,WINSyslogClient.WinUI Resources,Workbench_FilterPreset_eval_syslogmsgid_Description,Syslog MSGID,NG .resw source; locale=ja-JP; revision=7d81679f19f5fdaf5c8becaed58204869d1ac857
WINSyslogClient.WinUI/Strings/Resources,WINSyslogClient.WinUI Resources,Workbench_FilterPreset_eval_syslogmsgid_Title,Syslog message ID,NG .resw source; locale=ja-JP; revision=7d81679f19f5fdaf5c8becaed58204869d1ac857
WINSyslogClient.WinUI/Strings/Resources,WINSyslogClient.WinUI Resources,Workbench_FilterPreset_eval_syslogpriority_Description,Syslog priority,NG .resw source; locale=ja-JP; revision=7d81679f19f5fdaf5c8becaed58204869d1ac857
WINSyslogClient.WinUI/Strings/Resources,WINSyslogClient.WinUI Resources,Workbench_FilterPreset_eval_syslogpriority_Title,Syslog priority,NG .resw source; locale=ja-JP; revision=7d81679f19f5fdaf5c8becaed58204869d1ac857
WINSyslogClient.WinUI/Strings/Resources,WINSyslogClient.WinUI Resources,Workbench_FilterPreset_eval_syslogprocid_Description,Syslog ProcID,NG .resw source; locale=ja-JP; revision=7d81679f19f5fdaf5c8becaed58204869d1ac857
WINSyslogClient.WinUI/Strings/Resources,WINSyslogClient.WinUI Resources,Workbench_FilterPreset_eval_syslogprocid_Title,Syslog process ID,NG .resw source; locale=ja-JP; revision=7d81679f19f5fdaf5c8becaed58204869d1ac857
WINSyslogClient.WinUI/Strings/Resources,WINSyslogClient.WinUI Resources,Workbench_FilterPreset_eval_syslogstructdata_Description,Syslog structured data,NG .resw source; locale=ja-JP; revision=7d81679f19f5fdaf5c8becaed58204869d1ac857
WINSyslogClient.WinUI/Strings/Resources,WINSyslogClient.WinUI Resources,Workbench_FilterPreset_eval_syslogstructdata_Title,Syslog structured data,NG .resw source; locale=ja-JP; revision=7d81679f19f5fdaf5c8becaed58204869d1ac857
WINSyslogClient.WinUI/Strings/Resources,WINSyslogClient.WinUI Resources,Workbench_FilterPreset_eval_syslogtag_Description,Syslog タグ,NG .resw source; locale=ja-JP; revision=7d81679f19f5fdaf5c8becaed58204869d1ac857
WINSyslogClient.WinUI/Strings/Resources,WINSyslogClient.WinUI Resources,Workbench_FilterPreset_eval_syslogtag_Title,Syslog タグ,NG .resw source; locale=ja-JP; revision=7d81679f19f5fdaf5c8becaed58204869d1ac857
WINSyslogClient.WinUI/Strings/Resources,WINSyslogClient.WinUI Resources,Workbench_FilterPreset_eval_syslogversion_Description,Syslog protocol version,NG .resw source; locale=ja-JP; revision=7d81679f19f5fdaf5c8becaed58204869d1ac857
WINSyslogClient.WinUI/Strings/Resources,WINSyslogClient.WinUI Resources,Workbench_FilterPreset_eval_syslogversion_Title,Syslog バージョン,NG .resw source; locale=ja-JP; revision=7d81679f19f5fdaf5c8becaed58204869d1ac857
WINSyslogClient.WinUI/Strings/Resources,WINSyslogClient.WinUI Resources,Workbench_FilterPreset_eval_systemid_Description,System identifier,NG .resw source; locale=ja-JP; revision=7d81679f19f5fdaf5c8becaed58204869d1ac857
WINSyslogClient.WinUI/Strings/Resources,WINSyslogClient.WinUI Resources,Workbench_FilterPreset_eval_systemid_Title,System ID,NG .resw source; locale=ja-JP; revision=7d81679f19f5fdaf5c8becaed58204869d1ac857
WINSyslogClient.WinUI/Strings/Resources,WINSyslogClient.WinUI Resources,Workbench_FilterPreset_eval_weekday_friday_Description,金曜日に実行,NG .resw source; locale=ja-JP; revision=7d81679f19f5fdaf5c8becaed58204869d1ac857
WINSyslogClient.WinUI/Strings/Resources,WINSyslogClient.WinUI Resources,Workbench_FilterPreset_eval_weekday_friday_Title,Friday,NG .resw source; locale=ja-JP; revision=7d81679f19f5fdaf5c8becaed58204869d1ac857
WINSyslogClient.WinUI/Strings/Resources,WINSyslogClient.WinUI Resources,Workbench_FilterPreset_eval_weekday_monday_Description,月曜日に実行,NG .resw source; locale=ja-JP; revision=7d81679f19f5fdaf5c8becaed58204869d1ac857
WINSyslogClient.WinUI/Strings/Resources,WINSyslogClient.WinUI Resources,Workbench_FilterPreset_eval_weekday_monday_Title,Monday,NG .resw source; locale=ja-JP; revision=7d81679f19f5fdaf5c8becaed58204869d1ac857
WINSyslogClient.WinUI/Strings/Resources,WINSyslogClient.WinUI Resources,Workbench_FilterPreset_eval_weekday_saturday_Description,土曜日に実行,NG .resw source; locale=ja-JP; revision=7d81679f19f5fdaf5c8becaed58204869d1ac857
WINSyslogClient.WinUI/Strings/Resources,WINSyslogClient.WinUI Resources,Workbench_FilterPreset_eval_weekday_saturday_Title,Saturday,NG .resw source; locale=ja-JP; revision=7d81679f19f5fdaf5c8becaed58204869d1ac857
WINSyslogClient.WinUI/Strings/Resources,WINSyslogClient.WinUI Resources,Workbench_FilterPreset_eval_weekday_sunday_Description,日曜日に実行,NG .resw source; locale=ja-JP; revision=7d81679f19f5fdaf5c8becaed58204869d1ac857
WINSyslogClient.WinUI/Strings/Resources,WINSyslogClient.WinUI Resources,Workbench_FilterPreset_eval_weekday_sunday_Title,Sunday,NG .resw source; locale=ja-JP; revision=7d81679f19f5fdaf5c8becaed58204869d1ac857
WINSyslogClient.WinUI/Strings/Resources,WINSyslogClient.WinUI Resources,Workbench_FilterPreset_eval_weekday_thursday_Description,木曜日に実行,NG .resw source; locale=ja-JP; revision=7d81679f19f5fdaf5c8becaed58204869d1ac857
WINSyslogClient.WinUI/Strings/Resources,WINSyslogClient.WinUI Resources,Workbench_FilterPreset_eval_weekday_thursday_Title,Thursday,NG .resw source; locale=ja-JP; revision=7d81679f19f5fdaf5c8becaed58204869d1ac857
WINSyslogClient.WinUI/Strings/Resources,WINSyslogClient.WinUI Resources,Workbench_FilterPreset_eval_weekday_tuesday_Description,火曜日に実行,NG .resw source; locale=ja-JP; revision=7d81679f19f5fdaf5c8becaed58204869d1ac857
WINSyslogClient.WinUI/Strings/Resources,WINSyslogClient.WinUI Resources,Workbench_FilterPreset_eval_weekday_tuesday_Title,Tuesday,NG .resw source; locale=ja-JP; revision=7d81679f19f5fdaf5c8becaed58204869d1ac857
WINSyslogClient.WinUI/Strings/Resources,WINSyslogClient.WinUI Resources,Workbench_FilterPreset_eval_weekday_wednesday_Description,水曜日に実行,NG .resw source; locale=ja-JP; revision=7d81679f19f5fdaf5c8becaed58204869d1ac857
WINSyslogClient.WinUI/Strings/Resources,WINSyslogClient.WinUI Resources,Workbench_FilterPreset_eval_weekday_wednesday_Title,Wednesday,NG .resw source; locale=ja-JP; revision=7d81679f19f5fdaf5c8becaed58204869d1ac857
WINSyslogClient.WinUI/Strings/Resources,WINSyslogClient.WinUI Resources,Workbench_FilterPreset_op_and_Description,All children must match,NG .resw source; locale=ja-JP; revision=7d81679f19f5fdaf5c8becaed58204869d1ac857
WINSyslogClient.WinUI/Strings/Resources,WINSyslogClient.WinUI Resources,Workbench_FilterPreset_op_and_Title,AND,NG .resw source; locale=ja-JP; revision=7d81679f19f5fdaf5c8becaed58204869d1ac857
WINSyslogClient.WinUI/Strings/Resources,WINSyslogClient.WinUI Resources,Workbench_FilterPreset_op_false_Description,Always false,NG .resw source; locale=ja-JP; revision=7d81679f19f5fdaf5c8becaed58204869d1ac857
WINSyslogClient.WinUI/Strings/Resources,WINSyslogClient.WinUI Resources,Workbench_FilterPreset_op_false_Title,FALSE,NG .resw source; locale=ja-JP; revision=7d81679f19f5fdaf5c8becaed58204869d1ac857
WINSyslogClient.WinUI/Strings/Resources,WINSyslogClient.WinUI Resources,Workbench_FilterPreset_op_not_Description,Negates one child,NG .resw source; locale=ja-JP; revision=7d81679f19f5fdaf5c8becaed58204869d1ac857
WINSyslogClient.WinUI/Strings/Resources,WINSyslogClient.WinUI Resources,Workbench_FilterPreset_op_not_Title,NOT,NG .resw source; locale=ja-JP; revision=7d81679f19f5fdaf5c8becaed58204869d1ac857
WINSyslogClient.WinUI/Strings/Resources,WINSyslogClient.WinUI Resources,Workbench_FilterPreset_op_or_Description,Any child may match,NG .resw source; locale=ja-JP; revision=7d81679f19f5fdaf5c8becaed58204869d1ac857
WINSyslogClient.WinUI/Strings/Resources,WINSyslogClient.WinUI Resources,Workbench_FilterPreset_op_or_Title,OR,NG .resw source; locale=ja-JP; revision=7d81679f19f5fdaf5c8becaed58204869d1ac857
WINSyslogClient.WinUI/Strings/Resources,WINSyslogClient.WinUI Resources,Workbench_FilterPreset_op_true_Description,Always true,NG .resw source; locale=ja-JP; revision=7d81679f19f5fdaf5c8becaed58204869d1ac857
WINSyslogClient.WinUI/Strings/Resources,WINSyslogClient.WinUI Resources,Workbench_FilterPreset_op_true_Title,TRUE,NG .resw source; locale=ja-JP; revision=7d81679f19f5fdaf5c8becaed58204869d1ac857
WINSyslogClient.WinUI/Strings/Resources,WINSyslogClient.WinUI Resources,Workbench_FilterPreset_op_xor_Description,Exactly one child may match,NG .resw source; locale=ja-JP; revision=7d81679f19f5fdaf5c8becaed58204869d1ac857
WINSyslogClient.WinUI/Strings/Resources,WINSyslogClient.WinUI Resources,Workbench_FilterPreset_op_xor_Title,XOR,NG .resw source; locale=ja-JP; revision=7d81679f19f5fdaf5c8becaed58204869d1ac857
WINSyslogClient.WinUI/Strings/Resources,WINSyslogClient.WinUI Resources,Workbench_FilterRoot_Help,Root of the rule condition tree. Add operator or condition filters below this item.,NG .resw source; locale=ja-JP; revision=7d81679f19f5fdaf5c8becaed58204869d1ac857
WINSyslogClient.WinUI/Strings/Resources,WINSyslogClient.WinUI Resources,Workbench_FilterRoot_Name,Filter root,NG .resw source; locale=ja-JP; revision=7d81679f19f5fdaf5c8becaed58204869d1ac857
WINSyslogClient.WinUI/Strings/Resources,WINSyslogClient.WinUI Resources,Workbench_RuleTemplate_Empty_Description,アクションなしでルールを作成します。,NG .resw source; locale=ja-JP; revision=7d81679f19f5fdaf5c8becaed58204869d1ac857
WINSyslogClient.WinUI/Strings/Resources,WINSyslogClient.WinUI Resources,Workbench_RuleTemplate_Empty_Title,空のルール,NG .resw source; locale=ja-JP; revision=7d81679f19f5fdaf5c8becaed58204869d1ac857
WINSyslogClient.WinUI/Strings/Resources,WINSyslogClient.WinUI Resources,Workbench_RuleTemplate_WithAction_Description,ルールを作成し、最初のアクションを選択します。,NG .resw source; locale=ja-JP; revision=7d81679f19f5fdaf5c8becaed58204869d1ac857
WINSyslogClient.WinUI/Strings/Resources,WINSyslogClient.WinUI Resources,Workbench_RuleTemplate_WithAction_Title,アクション付きルール,NG .resw source; locale=ja-JP; revision=7d81679f19f5fdaf5c8becaed58204869d1ac857
WINSyslogClient.WinUI/Strings/Resources,WINSyslogClient.WinUI Resources,bAbortRuleOnFailure,アクションの実行に失敗した時、ルール内の別のアクションの実行を停止する,NG .resw source; locale=ja-JP; revision=7d81679f19f5fdaf5c8becaed58204869d1ac857
WINSyslogClient.WinUI/Strings/Resources,WINSyslogClient.WinUI Resources,bAddFacilityString,ファシリティを追加,NG .resw source; locale=ja-JP; revision=7d81679f19f5fdaf5c8becaed58204869d1ac857
WINSyslogClient.WinUI/Strings/Resources,WINSyslogClient.WinUI Resources,bAutoReloadRandomDelay,新しい設定を確認する時にランダムな待ち時間遅延を有効にする,NG .resw source; locale=ja-JP; revision=7d81679f19f5fdaf5c8becaed58204869d1ac857
WINSyslogClient.WinUI/Strings/Resources,WINSyslogClient.WinUI Resources,bIgnoreTlsCertificateErrors,TLS 証明書エラーを無視,NG .resw source; locale=ja-JP; revision=7d81679f19f5fdaf5c8becaed58204869d1ac857
WINSyslogClient.WinUI/Strings/Resources,WINSyslogClient.WinUI Resources,bIndicateErrorToOrigin,ルールのエラーを送信者に通知する,NG .resw source; locale=ja-JP; revision=7d81679f19f5fdaf5c8becaed58204869d1ac857
WINSyslogClient.WinUI/Strings/Resources,WINSyslogClient.WinUI Resources,bIsRegex_,正規表現を有効にする,NG .resw source; locale=ja-JP; revision=7d81679f19f5fdaf5c8becaed58204869d1ac857
WINSyslogClient.WinUI/Strings/Resources,WINSyslogClient.WinUI Resources,bReportInXML,XML 送信,NG .resw source; locale=ja-JP; revision=7d81679f19f5fdaf5c8becaed58204869d1ac857
WINSyslogClient.WinUI/Strings/Resources,WINSyslogClient.WinUI Resources,bReportTruncatedLog,ログの削除を通知する,NG .resw source; locale=ja-JP; revision=7d81679f19f5fdaf5c8becaed58204869d1ac857
WINSyslogClient.WinUI/Strings/Resources,WINSyslogClient.WinUI Resources,bShowEvtChannelAdmin,運用/管理チャネルを表示,NG .resw source; locale=ja-JP; revision=7d81679f19f5fdaf5c8becaed58204869d1ac857
WINSyslogClient.WinUI/Strings/Resources,WINSyslogClient.WinUI Resources,bShowEvtChannelDebug,デバッグ/分析チャネルを表示,NG .resw source; locale=ja-JP; revision=7d81679f19f5fdaf5c8becaed58204869d1ac857
WINSyslogClient.WinUI/Strings/Resources,WINSyslogClient.WinUI Resources,bShowSyslogMsgNbr,Syslogメッセージ番号,NG .resw source; locale=ja-JP; revision=7d81679f19f5fdaf5c8becaed58204869d1ac857
WINSyslogClient.WinUI/Strings/Resources,WINSyslogClient.WinUI Resources,bUseCustomEventLog,カスタムイベントログチャンネルを有効にする,NG .resw source; locale=ja-JP; revision=7d81679f19f5fdaf5c8becaed58204869d1ac857
WINSyslogClient.WinUI/Strings/Resources,WINSyslogClient.WinUI Resources,bUseLegacyFormat,レガシーフォーマットを使用,NG .resw source; locale=ja-JP; revision=7d81679f19f5fdaf5c8becaed58204869d1ac857
WINSyslogClient.WinUI/Strings/Resources,WINSyslogClient.WinUI Resources,bUseTLS,TLS/SSL暗号化を使用,NG .resw source; locale=ja-JP; revision=7d81679f19f5fdaf5c8becaed58204869d1ac857
WINSyslogClient.WinUI/Strings/Resources,WINSyslogClient.WinUI Resources,btnButtonDBMonReloadLastPos,データベース インデックス番号の再読み込み,NG .resw source; locale=ja-JP; revision=7d81679f19f5fdaf5c8becaed58204869d1ac857
WINSyslogClient.WinUI/Strings/Resources,WINSyslogClient.WinUI Resources,btnButtonFileMonResetAllLastPos,全てのポジションカウンターをリセット,NG .resw source; locale=ja-JP; revision=7d81679f19f5fdaf5c8becaed58204869d1ac857
WINSyslogClient.WinUI/Strings/Resources,WINSyslogClient.WinUI Resources,btnButtonPassiveSyslogTest,Test Passive Syslogserver,NG .resw source; locale=ja-JP; revision=7d81679f19f5fdaf5c8becaed58204869d1ac857
WINSyslogClient.WinUI/Strings/Resources,WINSyslogClient.WinUI Resources,btnButtonResetLastPos,データベース インデックス番号のリセット,NG .resw source; locale=ja-JP; revision=7d81679f19f5fdaf5c8becaed58204869d1ac857
WINSyslogClient.WinUI/Strings/Resources,WINSyslogClient.WinUI Resources,btnButtonSendSyslog,テストメッセージを送信,NG .resw source; locale=ja-JP; revision=7d81679f19f5fdaf5c8becaed58204869d1ac857
WINSyslogClient.WinUI/Strings/Resources,WINSyslogClient.WinUI Resources,btnCreateDB,データベースを作成,NG .resw source; locale=ja-JP; revision=7d81679f19f5fdaf5c8becaed58204869d1ac857
WINSyslogClient.WinUI/Strings/Resources,WINSyslogClient.WinUI Resources,btnEventLogDeSelectAll,選択を全て解除,NG .resw source; locale=ja-JP; revision=7d81679f19f5fdaf5c8becaed58204869d1ac857
WINSyslogClient.WinUI/Strings/Resources,WINSyslogClient.WinUI Resources,btnEventLogReloadLastRecords,全ての最終レコードを再読み込み,NG .resw source; locale=ja-JP; revision=7d81679f19f5fdaf5c8becaed58204869d1ac857
WINSyslogClient.WinUI/Strings/Resources,WINSyslogClient.WinUI Resources,btnEventLogRemoveDead,存在しないチャネルを削除,NG .resw source; locale=ja-JP; revision=7d81679f19f5fdaf5c8becaed58204869d1ac857
WINSyslogClient.WinUI/Strings/Resources,WINSyslogClient.WinUI Resources,btnEventLogResetLastRecords,全ての最終レコードをリセット,NG .resw source; locale=ja-JP; revision=7d81679f19f5fdaf5c8becaed58204869d1ac857
WINSyslogClient.WinUI/Strings/Resources,WINSyslogClient.WinUI Resources,btnEventLogScan,イベントログチャネル(再)スキャン,NG .resw source; locale=ja-JP; revision=7d81679f19f5fdaf5c8becaed58204869d1ac857
WINSyslogClient.WinUI/Strings/Resources,WINSyslogClient.WinUI Resources,btnEventLogSelectAll,全てを選択,NG .resw source; locale=ja-JP; revision=7d81679f19f5fdaf5c8becaed58204869d1ac857
WINSyslogClient.WinUI/Strings/Resources,WINSyslogClient.WinUI Resources,btnPostProcessImport,ルールをインポート,NG .resw source; locale=ja-JP; revision=7d81679f19f5fdaf5c8becaed58204869d1ac857
WINSyslogClient.WinUI/Strings/Resources,WINSyslogClient.WinUI Resources,btnPostProcessSave,ルールをエクスポート,NG .resw source; locale=ja-JP; revision=7d81679f19f5fdaf5c8becaed58204869d1ac857
WINSyslogClient.WinUI/Strings/Resources,WINSyslogClient.WinUI Resources,btnReloadLastRecordV1,再読み込み,NG .resw source; locale=ja-JP; revision=7d81679f19f5fdaf5c8becaed58204869d1ac857
WINSyslogClient.WinUI/Strings/Resources,WINSyslogClient.WinUI Resources,btnReloadLastRecordV2,再読み込み,NG .resw source; locale=ja-JP; revision=7d81679f19f5fdaf5c8becaed58204869d1ac857
WINSyslogClient.WinUI/Strings/Resources,WINSyslogClient.WinUI Resources,btnResetLastRecordV1,リセット,NG .resw source; locale=ja-JP; revision=7d81679f19f5fdaf5c8becaed58204869d1ac857
WINSyslogClient.WinUI/Strings/Resources,WINSyslogClient.WinUI Resources,btnResetLastRecordV2,リセット,NG .resw source; locale=ja-JP; revision=7d81679f19f5fdaf5c8becaed58204869d1ac857
WINSyslogClient.WinUI/Strings/Resources,WINSyslogClient.WinUI Resources,btnRestOutputResetJsonProperties,形式をリセット,NG .resw source; locale=ja-JP; revision=7d81679f19f5fdaf5c8becaed58204869d1ac857
WINSyslogClient.WinUI/Strings/Resources,WINSyslogClient.WinUI Resources,btnRun,起動,NG .resw source; locale=ja-JP; revision=7d81679f19f5fdaf5c8becaed58204869d1ac857
WINSyslogClient.WinUI/Strings/Resources,WINSyslogClient.WinUI Resources,btnVerifyEvtV1,接続を確認,NG .resw source; locale=ja-JP; revision=7d81679f19f5fdaf5c8becaed58204869d1ac857
WINSyslogClient.WinUI/Strings/Resources,WINSyslogClient.WinUI Resources,btnVerifyEvtV2,接続を確認,NG .resw source; locale=ja-JP; revision=7d81679f19f5fdaf5c8becaed58204869d1ac857
WINSyslogClient.WinUI/Strings/Resources,WINSyslogClient.WinUI Resources,btnszODBCDsn,DSNの設定,NG .resw source; locale=ja-JP; revision=7d81679f19f5fdaf5c8becaed58204869d1ac857
WINSyslogClient.WinUI/Strings/Resources,WINSyslogClient.WinUI Resources,chkeventchannels,有効にする,NG .resw source; locale=ja-JP; revision=7d81679f19f5fdaf5c8becaed58204869d1ac857
WINSyslogClient.WinUI/Strings/Resources,WINSyslogClient.WinUI Resources,datafields,データ フィールド,NG .resw source; locale=ja-JP; revision=7d81679f19f5fdaf5c8becaed58204869d1ac857
WINSyslogClient.WinUI/Strings/Resources,WINSyslogClient.WinUI Resources,eventchannels,イベントログ チャンネル,NG .resw source; locale=ja-JP; revision=7d81679f19f5fdaf5c8becaed58204869d1ac857
WINSyslogClient.WinUI/Strings/Resources,WINSyslogClient.WinUI Resources,fileitems,ファイルを処理,NG .resw source; locale=ja-JP; revision=7d81679f19f5fdaf5c8becaed58204869d1ac857
WINSyslogClient.WinUI/Strings/Resources,WINSyslogClient.WinUI Resources,hostlist,ホスト リスト,NG .resw source; locale=ja-JP; revision=7d81679f19f5fdaf5c8becaed58204869d1ac857
WINSyslogClient.WinUI/Strings/Resources,WINSyslogClient.WinUI Resources,iLastDBID,最後のデータベース インデックス,NG .resw source; locale=ja-JP; revision=7d81679f19f5fdaf5c8becaed58204869d1ac857
WINSyslogClient.WinUI/Strings/Resources,WINSyslogClient.WinUI Resources,interactive_path,アプリケーションのパスとファイル名,NG .resw source; locale=ja-JP; revision=7d81679f19f5fdaf5c8becaed58204869d1ac857
WINSyslogClient.WinUI/Strings/Resources,WINSyslogClient.WinUI Resources,lblDecrement,値を減少 (-),NG .resw source; locale=ja-JP; revision=7d81679f19f5fdaf5c8becaed58204869d1ac857
WINSyslogClient.WinUI/Strings/Resources,WINSyslogClient.WinUI Resources,lblIncrement,値を増加 (+),NG .resw source; locale=ja-JP; revision=7d81679f19f5fdaf5c8becaed58204869d1ac857
WINSyslogClient.WinUI/Strings/Resources,WINSyslogClient.WinUI Resources,lbl_EventLogSource_Replace,イベントログのソース名を変更,NG .resw source; locale=ja-JP; revision=7d81679f19f5fdaf5c8becaed58204869d1ac857
WINSyslogClient.WinUI/Strings/Resources,WINSyslogClient.WinUI Resources,lbl_EventLogSource_Service,ソースにサービス名を使用,NG .resw source; locale=ja-JP; revision=7d81679f19f5fdaf5c8becaed58204869d1ac857
WINSyslogClient.WinUI/Strings/Resources,WINSyslogClient.WinUI Resources,lbl_nAction1,開始,NG .resw source; locale=ja-JP; revision=7d81679f19f5fdaf5c8becaed58204869d1ac857
WINSyslogClient.WinUI/Strings/Resources,WINSyslogClient.WinUI Resources,lbl_nAction2,停止,NG .resw source; locale=ja-JP; revision=7d81679f19f5fdaf5c8becaed58204869d1ac857
WINSyslogClient.WinUI/Strings/Resources,WINSyslogClient.WinUI Resources,lbl_nAction3,再起動,NG .resw source; locale=ja-JP; revision=7d81679f19f5fdaf5c8becaed58204869d1ac857
WINSyslogClient.WinUI/Strings/Resources,WINSyslogClient.WinUI Resources,lbl_nAction4,ポーズ,NG .resw source; locale=ja-JP; revision=7d81679f19f5fdaf5c8becaed58204869d1ac857
WINSyslogClient.WinUI/Strings/Resources,WINSyslogClient.WinUI Resources,lbl_nAction5,ポーズ解除,NG .resw source; locale=ja-JP; revision=7d81679f19f5fdaf5c8becaed58204869d1ac857
WINSyslogClient.WinUI/Strings/Resources,WINSyslogClient.WinUI Resources,lbl_nMessageMode_csv,CSV (カンマ区切り),NG .resw source; locale=ja-JP; revision=7d81679f19f5fdaf5c8becaed58204869d1ac857
WINSyslogClient.WinUI/Strings/Resources,WINSyslogClient.WinUI Resources,lbl_nMessageMode_custom,カスタム,NG .resw source; locale=ja-JP; revision=7d81679f19f5fdaf5c8becaed58204869d1ac857
WINSyslogClient.WinUI/Strings/Resources,WINSyslogClient.WinUI Resources,lbl_nMessageMode_none,なし（None）,NG .resw source; locale=ja-JP; revision=7d81679f19f5fdaf5c8becaed58204869d1ac857
WINSyslogClient.WinUI/Strings/Resources,WINSyslogClient.WinUI Resources,lbl_procmode0,同期処理 (終了を待ちます),NG .resw source; locale=ja-JP; revision=7d81679f19f5fdaf5c8becaed58204869d1ac857
WINSyslogClient.WinUI/Strings/Resources,WINSyslogClient.WinUI Resources,lbl_procmode1,非同期処理,NG .resw source; locale=ja-JP; revision=7d81679f19f5fdaf5c8becaed58204869d1ac857
WINSyslogClient.WinUI/Strings/Resources,WINSyslogClient.WinUI Resources,lbl_request_get,GET,NG .resw source; locale=ja-JP; revision=7d81679f19f5fdaf5c8becaed58204869d1ac857
WINSyslogClient.WinUI/Strings/Resources,WINSyslogClient.WinUI Resources,lbl_request_head,HEAD,NG .resw source; locale=ja-JP; revision=7d81679f19f5fdaf5c8becaed58204869d1ac857
WINSyslogClient.WinUI/Strings/Resources,WINSyslogClient.WinUI Resources,lbl_syslogRFC3195,RFC3195,NG .resw source; locale=ja-JP; revision=7d81679f19f5fdaf5c8becaed58204869d1ac857
WINSyslogClient.WinUI/Strings/Resources,WINSyslogClient.WinUI Resources,lbl_syslogRFC3195RAW,RFC3195 Raw,NG .resw source; locale=ja-JP; revision=7d81679f19f5fdaf5c8becaed58204869d1ac857
WINSyslogClient.WinUI/Strings/Resources,WINSyslogClient.WinUI Resources,lbl_syslogTCP,TCP,NG .resw source; locale=ja-JP; revision=7d81679f19f5fdaf5c8becaed58204869d1ac857
WINSyslogClient.WinUI/Strings/Resources,WINSyslogClient.WinUI Resources,lbl_syslogTCPOctetCount,TCP (オクテット フレーミング：接続を維持),NG .resw source; locale=ja-JP; revision=7d81679f19f5fdaf5c8becaed58204869d1ac857
WINSyslogClient.WinUI/Strings/Resources,WINSyslogClient.WinUI Resources,lbl_syslogTCPOneMSG,"TCP (非推奨, 1件ずつ送信：その度に接続・切断します)",NG .resw source; locale=ja-JP; revision=7d81679f19f5fdaf5c8becaed58204869d1ac857
WINSyslogClient.WinUI/Strings/Resources,WINSyslogClient.WinUI Resources,lbl_syslogTCPPersistant,TCP (複数で送信：接続を維持),NG .resw source; locale=ja-JP; revision=7d81679f19f5fdaf5c8becaed58204869d1ac857
WINSyslogClient.WinUI/Strings/Resources,WINSyslogClient.WinUI Resources,lbl_syslogUDP,UDP,NG .resw source; locale=ja-JP; revision=7d81679f19f5fdaf5c8becaed58204869d1ac857
WINSyslogClient.WinUI/Strings/Resources,WINSyslogClient.WinUI Resources,loganalyzer_path,アプリケーションのパスとファイル名,NG .resw source; locale=ja-JP; revision=7d81679f19f5fdaf5c8becaed58204869d1ac857
WINSyslogClient.WinUI/Strings/Resources,WINSyslogClient.WinUI Resources,logfilemgr_path,アプリケーションのパスとファイル名,NG .resw source; locale=ja-JP; revision=7d81679f19f5fdaf5c8becaed58204869d1ac857
WINSyslogClient.WinUI/Strings/Resources,WINSyslogClient.WinUI Resources,logsearch_path,アプリケーションのパスとファイル名,NG .resw source; locale=ja-JP; revision=7d81679f19f5fdaf5c8becaed58204869d1ac857
WINSyslogClient.WinUI/Strings/Resources,WINSyslogClient.WinUI Resources,msgseps,メッセージ セパレータのリスト,NG .resw source; locale=ja-JP; revision=7d81679f19f5fdaf5c8becaed58204869d1ac857
WINSyslogClient.WinUI/Strings/Resources,WINSyslogClient.WinUI Resources,nAction,実行させるアクション,NG .resw source; locale=ja-JP; revision=7d81679f19f5fdaf5c8becaed58204869d1ac857
WINSyslogClient.WinUI/Strings/Resources,WINSyslogClient.WinUI Resources,nAddLogType,ログタイプを追加,NG .resw source; locale=ja-JP; revision=7d81679f19f5fdaf5c8becaed58204869d1ac857
WINSyslogClient.WinUI/Strings/Resources,WINSyslogClient.WinUI Resources,nAddMibDescriptionToMsg,"Append MIB Description after Mibname (Attention, can be a lot of information!)",NG .resw source; locale=ja-JP; revision=7d81679f19f5fdaf5c8becaed58204869d1ac857
WINSyslogClient.WinUI/Strings/Resources,WINSyslogClient.WinUI Resources,nAddUserName,ユーザー名を追加,NG .resw source; locale=ja-JP; revision=7d81679f19f5fdaf5c8becaed58204869d1ac857
WINSyslogClient.WinUI/Strings/Resources,WINSyslogClient.WinUI Resources,nApiReadMode,処理モード,NG .resw source; locale=ja-JP; revision=7d81679f19f5fdaf5c8becaed58204869d1ac857
WINSyslogClient.WinUI/Strings/Resources,WINSyslogClient.WinUI Resources,nApiReadMode_Polling,ポーリング (スリープタイム),NG .resw source; locale=ja-JP; revision=7d81679f19f5fdaf5c8becaed58204869d1ac857
WINSyslogClient.WinUI/Strings/Resources,WINSyslogClient.WinUI Resources,nApiReadMode_Subscription,サブスクリプション (リアルタイム),NG .resw source; locale=ja-JP; revision=7d81679f19f5fdaf5c8becaed58204869d1ac857
WINSyslogClient.WinUI/Strings/Resources,WINSyslogClient.WinUI Resources,nAsyncMaxProc,非同期 最大処理数,NG .resw source; locale=ja-JP; revision=7d81679f19f5fdaf5c8becaed58204869d1ac857
WINSyslogClient.WinUI/Strings/Resources,WINSyslogClient.WinUI Resources,nAutoReloadDelayTime,ランダムな遅延時間の最大値,NG .resw source; locale=ja-JP; revision=7d81679f19f5fdaf5c8becaed58204869d1ac857
WINSyslogClient.WinUI/Strings/Resources,WINSyslogClient.WinUI Resources,nBps,1秒当たりのビット数,NG .resw source; locale=ja-JP; revision=7d81679f19f5fdaf5c8becaed58204869d1ac857
WINSyslogClient.WinUI/Strings/Resources,WINSyslogClient.WinUI Resources,nCPUEnable,CPUのチェックを有効にする,NG .resw source; locale=ja-JP; revision=7d81679f19f5fdaf5c8becaed58204869d1ac857
WINSyslogClient.WinUI/Strings/Resources,WINSyslogClient.WinUI Resources,nCPUOccurences,アラームが出るまで発生,NG .resw source; locale=ja-JP; revision=7d81679f19f5fdaf5c8becaed58204869d1ac857
WINSyslogClient.WinUI/Strings/Resources,WINSyslogClient.WinUI Resources,nCPUReportIfBelowAlarm,CPUレベルがアラームレベルを下回った場合にもレポートする,NG .resw source; locale=ja-JP; revision=7d81679f19f5fdaf5c8becaed58204869d1ac857
WINSyslogClient.WinUI/Strings/Resources,WINSyslogClient.WinUI Resources,nCPUSingle,マルチプロセッサーのみ：各CPUについてレポート,NG .resw source; locale=ja-JP; revision=7d81679f19f5fdaf5c8becaed58204869d1ac857
WINSyslogClient.WinUI/Strings/Resources,WINSyslogClient.WinUI Resources,nCPUUsageAlarmLevel,CPU使用率アラームレベル,NG .resw source; locale=ja-JP; revision=7d81679f19f5fdaf5c8becaed58204869d1ac857
WINSyslogClient.WinUI/Strings/Resources,WINSyslogClient.WinUI Resources,nCacheEventCategory,イベントカテゴリーをキャッシュ（タスクのカテゴリ）,NG .resw source; locale=ja-JP; revision=7d81679f19f5fdaf5c8becaed58204869d1ac857
WINSyslogClient.WinUI/Strings/Resources,WINSyslogClient.WinUI Resources,nCacheEventKeyword,イベントキーワードをキャッシュ,NG .resw source; locale=ja-JP; revision=7d81679f19f5fdaf5c8becaed58204869d1ac857
WINSyslogClient.WinUI/Strings/Resources,WINSyslogClient.WinUI Resources,nCacheEventLevel,イベントレベルをキャッシュ（警告、情報、エラーなど）,NG .resw source; locale=ja-JP; revision=7d81679f19f5fdaf5c8becaed58204869d1ac857
WINSyslogClient.WinUI/Strings/Resources,WINSyslogClient.WinUI Resources,nCacheEventPublisher,イベント発行元ハンドルをキャッシュ（イベントソース）,NG .resw source; locale=ja-JP; revision=7d81679f19f5fdaf5c8becaed58204869d1ac857
WINSyslogClient.WinUI/Strings/Resources,WINSyslogClient.WinUI Resources,nCacheNameEntry,名前解決されたホストをキャッシュに入れる,NG .resw source; locale=ja-JP; revision=7d81679f19f5fdaf5c8becaed58204869d1ac857
WINSyslogClient.WinUI/Strings/Resources,WINSyslogClient.WinUI Resources,nChangeVal,オペレーション値,NG .resw source; locale=ja-JP; revision=7d81679f19f5fdaf5c8becaed58204869d1ac857
WINSyslogClient.WinUI/Strings/Resources,WINSyslogClient.WinUI Resources,nCheckAutoBackupLogFiles,Windowsで作成されたバックアップのログを確認（KB312571参照）,NG .resw source; locale=ja-JP; revision=7d81679f19f5fdaf5c8becaed58204869d1ac857
WINSyslogClient.WinUI/Strings/Resources,WINSyslogClient.WinUI Resources,nCheckPort,SNMP ポート,NG .resw source; locale=ja-JP; revision=7d81679f19f5fdaf5c8becaed58204869d1ac857
WINSyslogClient.WinUI/Strings/Resources,WINSyslogClient.WinUI Resources,nCircularLogging,ローテーションの設定,NG .resw source; locale=ja-JP; revision=7d81679f19f5fdaf5c8becaed58204869d1ac857
WINSyslogClient.WinUI/Strings/Resources,WINSyslogClient.WinUI Resources,nCleanFileHandlesTimeout,未使用のファイルハンドルが閉じられるまでのタイムアウト,NG .resw source; locale=ja-JP; revision=7d81679f19f5fdaf5c8becaed58204869d1ac857
WINSyslogClient.WinUI/Strings/Resources,WINSyslogClient.WinUI Resources,nClearEventLog,イベントログ ハンドリングを消去,NG .resw source; locale=ja-JP; revision=7d81679f19f5fdaf5c8becaed58204869d1ac857
WINSyslogClient.WinUI/Strings/Resources,WINSyslogClient.WinUI Resources,nCompLevel,圧縮レベル,NG .resw source; locale=ja-JP; revision=7d81679f19f5fdaf5c8becaed58204869d1ac857
WINSyslogClient.WinUI/Strings/Resources,WINSyslogClient.WinUI Resources,nCompressControlChars,制御文字を圧縮する,NG .resw source; locale=ja-JP; revision=7d81679f19f5fdaf5c8becaed58204869d1ac857
WINSyslogClient.WinUI/Strings/Resources,WINSyslogClient.WinUI Resources,nCompressOutputFormat,出力形式の圧縮(スペース/引用符の削除）,NG .resw source; locale=ja-JP; revision=7d81679f19f5fdaf5c8becaed58204869d1ac857
WINSyslogClient.WinUI/Strings/Resources,WINSyslogClient.WinUI Resources,nCompressSpaces,スペースを圧縮する,NG .resw source; locale=ja-JP; revision=7d81679f19f5fdaf5c8becaed58204869d1ac857
WINSyslogClient.WinUI/Strings/Resources,WINSyslogClient.WinUI Resources,nCompressionLevel,圧縮レベル,NG .resw source; locale=ja-JP; revision=7d81679f19f5fdaf5c8becaed58204869d1ac857
WINSyslogClient.WinUI/Strings/Resources,WINSyslogClient.WinUI Resources,nConnectTimeOut,接続のタイムアウト,NG .resw source; locale=ja-JP; revision=7d81679f19f5fdaf5c8becaed58204869d1ac857
WINSyslogClient.WinUI/Strings/Resources,WINSyslogClient.WinUI Resources,nConvertToEventLogMonitorV1,イベントログの監視V1対応のイベントに変換する,NG .resw source; locale=ja-JP; revision=7d81679f19f5fdaf5c8becaed58204869d1ac857
WINSyslogClient.WinUI/Strings/Resources,WINSyslogClient.WinUI Resources,nCopyFormatIntoProperty,メッセージフォーマットの選択,NG .resw source; locale=ja-JP; revision=7d81679f19f5fdaf5c8becaed58204869d1ac857
WINSyslogClient.WinUI/Strings/Resources,WINSyslogClient.WinUI Resources,nCount,ファイルの再生回数,NG .resw source; locale=ja-JP; revision=7d81679f19f5fdaf5c8becaed58204869d1ac857
WINSyslogClient.WinUI/Strings/Resources,WINSyslogClient.WinUI Resources,nCustomerID,カスタマーID,NG .resw source; locale=ja-JP; revision=7d81679f19f5fdaf5c8becaed58204869d1ac857
WINSyslogClient.WinUI/Strings/Resources,WINSyslogClient.WinUI Resources,nCustomizeSearchPath,バックアップログに対するサーチパスをカスタマイズする,NG .resw source; locale=ja-JP; revision=7d81679f19f5fdaf5c8becaed58204869d1ac857
WINSyslogClient.WinUI/Strings/Resources,WINSyslogClient.WinUI Resources,nDBPassEncryption,暗号化,NG .resw source; locale=ja-JP; revision=7d81679f19f5fdaf5c8becaed58204869d1ac857
WINSyslogClient.WinUI/Strings/Resources,WINSyslogClient.WinUI Resources,nDNSCacheLimit,キャッシュに入れるレコード数,NG .resw source; locale=ja-JP; revision=7d81679f19f5fdaf5c8becaed58204869d1ac857
WINSyslogClient.WinUI/Strings/Resources,WINSyslogClient.WinUI Resources,nDNSCacheTime,DNS名をキャッシュに入れる時間,NG .resw source; locale=ja-JP; revision=7d81679f19f5fdaf5c8becaed58204869d1ac857
WINSyslogClient.WinUI/Strings/Resources,WINSyslogClient.WinUI Resources,nDNSInetProtocol,インターネット プロトコルタイプ,NG .resw source; locale=ja-JP; revision=7d81679f19f5fdaf5c8becaed58204869d1ac857
WINSyslogClient.WinUI/Strings/Resources,WINSyslogClient.WinUI Resources,nDTLSSendPort,DTLS ポート,NG .resw source; locale=ja-JP; revision=7d81679f19f5fdaf5c8becaed58204869d1ac857
WINSyslogClient.WinUI/Strings/Resources,WINSyslogClient.WinUI Resources,nDatabits,データビット,NG .resw source; locale=ja-JP; revision=7d81679f19f5fdaf5c8becaed58204869d1ac857
WINSyslogClient.WinUI/Strings/Resources,WINSyslogClient.WinUI Resources,nDebugErrors,エラー&警告を出力,NG .resw source; locale=ja-JP; revision=7d81679f19f5fdaf5c8becaed58204869d1ac857
WINSyslogClient.WinUI/Strings/Resources,WINSyslogClient.WinUI Resources,nDebugInternal,情報 デバッグ出力,NG .resw source; locale=ja-JP; revision=7d81679f19f5fdaf5c8becaed58204869d1ac857
WINSyslogClient.WinUI/Strings/Resources,WINSyslogClient.WinUI Resources,nDebugMini,最少 デバッグ出力,NG .resw source; locale=ja-JP; revision=7d81679f19f5fdaf5c8becaed58204869d1ac857
WINSyslogClient.WinUI/Strings/Resources,WINSyslogClient.WinUI Resources,nDebugRuleEngine,ルール&フィルターを出力,NG .resw source; locale=ja-JP; revision=7d81679f19f5fdaf5c8becaed58204869d1ac857
WINSyslogClient.WinUI/Strings/Resources,WINSyslogClient.WinUI Resources,nDebugUltra,Ultra Verbose デバッグ出力,NG .resw source; locale=ja-JP; revision=7d81679f19f5fdaf5c8becaed58204869d1ac857
WINSyslogClient.WinUI/Strings/Resources,WINSyslogClient.WinUI Resources,nDefaultBuffer,デフォルトバッファサイズ,NG .resw source; locale=ja-JP; revision=7d81679f19f5fdaf5c8becaed58204869d1ac857
WINSyslogClient.WinUI/Strings/Resources,WINSyslogClient.WinUI Resources,nDelay,再生の間隔（ミリ秒）,NG .resw source; locale=ja-JP; revision=7d81679f19f5fdaf5c8becaed58204869d1ac857
WINSyslogClient.WinUI/Strings/Resources,WINSyslogClient.WinUI Resources,nDelayOnStartup,起動をミリ秒単位で遅らせる（1秒：1000ミリ秒）,NG .resw source; locale=ja-JP; revision=7d81679f19f5fdaf5c8becaed58204869d1ac857
WINSyslogClient.WinUI/Strings/Resources,WINSyslogClient.WinUI Resources,nDiskCacheWait,接続の待ち時間,NG .resw source; locale=ja-JP; revision=7d81679f19f5fdaf5c8becaed58204869d1ac857
WINSyslogClient.WinUI/Strings/Resources,WINSyslogClient.WinUI Resources,nDiskQueueMaxFileSize,設定値に達した場合にファイルを分割する,NG .resw source; locale=ja-JP; revision=7d81679f19f5fdaf5c8becaed58204869d1ac857
WINSyslogClient.WinUI/Strings/Resources,WINSyslogClient.WinUI Resources,nDoNotProcessLastRecord,イベントログのデータが破損している時、既存のイベントを処理しない,NG .resw source; locale=ja-JP; revision=7d81679f19f5fdaf5c8becaed58204869d1ac857
WINSyslogClient.WinUI/Strings/Resources,WINSyslogClient.WinUI Resources,nDoNotProcessLastRecordOnStartup,サービスの起動時に既存のイベントを処理しない,NG .resw source; locale=ja-JP; revision=7d81679f19f5fdaf5c8becaed58204869d1ac857
WINSyslogClient.WinUI/Strings/Resources,WINSyslogClient.WinUI Resources,nDtsControl,DTRフロー制御,NG .resw source; locale=ja-JP; revision=7d81679f19f5fdaf5c8becaed58204869d1ac857
WINSyslogClient.WinUI/Strings/Resources,WINSyslogClient.WinUI Resources,nEmptyStringsAsNull,空白の場合は NULL値 を挿入,NG .resw source; locale=ja-JP; revision=7d81679f19f5fdaf5c8becaed58204869d1ac857
WINSyslogClient.WinUI/Strings/Resources,WINSyslogClient.WinUI Resources,nEmulateParameters,従来のイベントログ監視から%Param%をエミュレートする,NG .resw source; locale=ja-JP; revision=7d81679f19f5fdaf5c8becaed58204869d1ac857
WINSyslogClient.WinUI/Strings/Resources,WINSyslogClient.WinUI Resources,nEnableAutoConfigReload,設定変更時に自動的にサービスをリロードする,NG .resw source; locale=ja-JP; revision=7d81679f19f5fdaf5c8becaed58204869d1ac857
WINSyslogClient.WinUI/Strings/Resources,WINSyslogClient.WinUI Resources,nEnableBackupServer,メインのメールサーバーに接続できない時、次のサーバーを使用,NG .resw source; locale=ja-JP; revision=7d81679f19f5fdaf5c8becaed58204869d1ac857
WINSyslogClient.WinUI/Strings/Resources,WINSyslogClient.WinUI Resources,nEnableCommunicate,通信を有効にする,NG .resw source; locale=ja-JP; revision=7d81679f19f5fdaf5c8becaed58204869d1ac857
WINSyslogClient.WinUI/Strings/Resources,WINSyslogClient.WinUI Resources,nEnableDNSCache,DNSキャッシュを有効にする,NG .resw source; locale=ja-JP; revision=7d81679f19f5fdaf5c8becaed58204869d1ac857
WINSyslogClient.WinUI/Strings/Resources,WINSyslogClient.WinUI Resources,nEnableDateReplacements,日付の変数を使用する（マニュアルをご参照ください）,NG .resw source; locale=ja-JP; revision=7d81679f19f5fdaf5c8becaed58204869d1ac857
WINSyslogClient.WinUI/Strings/Resources,WINSyslogClient.WinUI Resources,nEnableDateReplacementsOffset,オフセット：秒単位,NG .resw source; locale=ja-JP; revision=7d81679f19f5fdaf5c8becaed58204869d1ac857
WINSyslogClient.WinUI/Strings/Resources,WINSyslogClient.WinUI Resources,nEnableDebugOutput,デバッグ出力を有効にする（必要時のみ）,NG .resw source; locale=ja-JP; revision=7d81679f19f5fdaf5c8becaed58204869d1ac857
WINSyslogClient.WinUI/Strings/Resources,WINSyslogClient.WinUI Resources,nEnableEventlogWarnings,アプリケーションログに警告を書き込む,NG .resw source; locale=ja-JP; revision=7d81679f19f5fdaf5c8becaed58204869d1ac857
WINSyslogClient.WinUI/Strings/Resources,WINSyslogClient.WinUI Resources,nEnableLastRecordDelay,最終レコードの書き込みを遅延する,NG .resw source; locale=ja-JP; revision=7d81679f19f5fdaf5c8becaed58204869d1ac857
WINSyslogClient.WinUI/Strings/Resources,WINSyslogClient.WinUI Resources,nEnableMultiCastGroup,UDP マルチキャスト グループからの受信を有効にする,NG .resw source; locale=ja-JP; revision=7d81679f19f5fdaf5c8becaed58204869d1ac857
WINSyslogClient.WinUI/Strings/Resources,WINSyslogClient.WinUI Resources,nEnableMultiTCPMsgSep,複数のメッセージセパレーターを有効にする,NG .resw source; locale=ja-JP; revision=7d81679f19f5fdaf5c8becaed58204869d1ac857
WINSyslogClient.WinUI/Strings/Resources,WINSyslogClient.WinUI Resources,nEnablePermittedSenders,送信許可リストを有効にする,NG .resw source; locale=ja-JP; revision=7d81679f19f5fdaf5c8becaed58204869d1ac857
WINSyslogClient.WinUI/Strings/Resources,WINSyslogClient.WinUI Resources,nEnablePropertyFileName,ファイル名にプロパティ（変数）を使用,NG .resw source; locale=ja-JP; revision=7d81679f19f5fdaf5c8becaed58204869d1ac857
WINSyslogClient.WinUI/Strings/Resources,WINSyslogClient.WinUI Resources,nEnableRetry,失敗したアクションをリトライする,NG .resw source; locale=ja-JP; revision=7d81679f19f5fdaf5c8becaed58204869d1ac857
WINSyslogClient.WinUI/Strings/Resources,WINSyslogClient.WinUI Resources,nEnableRingBuffer,ディスクキャッシュのキュー管理を有効にする,NG .resw source; locale=ja-JP; revision=7d81679f19f5fdaf5c8becaed58204869d1ac857
WINSyslogClient.WinUI/Strings/Resources,WINSyslogClient.WinUI Resources,nEnableTCPMsgSep,メッセージを以下のシーケンスによって分ける,NG .resw source; locale=ja-JP; revision=7d81679f19f5fdaf5c8becaed58204869d1ac857
WINSyslogClient.WinUI/Strings/Resources,WINSyslogClient.WinUI Resources,nEnableUnknownChannels,不明/未設定のイベントログチャネルを処理,NG .resw source; locale=ja-JP; revision=7d81679f19f5fdaf5c8becaed58204869d1ac857
WINSyslogClient.WinUI/Strings/Resources,WINSyslogClient.WinUI Resources,nEnableUpdateFileTime,ファイルの作成日時/更新日時を明示的に更新,NG .resw source; locale=ja-JP; revision=7d81679f19f5fdaf5c8becaed58204869d1ac857
WINSyslogClient.WinUI/Strings/Resources,WINSyslogClient.WinUI Resources,nEnabled,有効なチャンネル,NG .resw source; locale=ja-JP; revision=7d81679f19f5fdaf5c8becaed58204869d1ac857
WINSyslogClient.WinUI/Strings/Resources,WINSyslogClient.WinUI Resources,nEnabledRemote,リモートによるイベントログの監視を有効にする ,NG .resw source; locale=ja-JP; revision=7d81679f19f5fdaf5c8becaed58204869d1ac857
WINSyslogClient.WinUI/Strings/Resources,WINSyslogClient.WinUI Resources,nEscapeControlCharacters,制御文字を変換する,NG .resw source; locale=ja-JP; revision=7d81679f19f5fdaf5c8becaed58204869d1ac857
WINSyslogClient.WinUI/Strings/Resources,WINSyslogClient.WinUI Resources,nEventID,イベントID,NG .resw source; locale=ja-JP; revision=7d81679f19f5fdaf5c8becaed58204869d1ac857
WINSyslogClient.WinUI/Strings/Resources,WINSyslogClient.WinUI Resources,nEventLogCor,破損したイベントログの処理方法,NG .resw source; locale=ja-JP; revision=7d81679f19f5fdaf5c8becaed58204869d1ac857
WINSyslogClient.WinUI/Strings/Resources,WINSyslogClient.WinUI Resources,nEventScanLastEventByChecksum,チェックサムを使用して最後に処理されたイベントから検索する,NG .resw source; locale=ja-JP; revision=7d81679f19f5fdaf5c8becaed58204869d1ac857
WINSyslogClient.WinUI/Strings/Resources,WINSyslogClient.WinUI Resources,nEventType,カスタムイベントログタイプを使用,NG .resw source; locale=ja-JP; revision=7d81679f19f5fdaf5c8becaed58204869d1ac857
WINSyslogClient.WinUI/Strings/Resources,WINSyslogClient.WinUI Resources,nEventUseChecksum,最後に処理されたイベントを確認するためにチェックサムを利用する,NG .resw source; locale=ja-JP; revision=7d81679f19f5fdaf5c8becaed58204869d1ac857
WINSyslogClient.WinUI/Strings/Resources,WINSyslogClient.WinUI Resources,nEvtClearIfEmpty,空であってもイベントログを消去する,NG .resw source; locale=ja-JP; revision=7d81679f19f5fdaf5c8becaed58204869d1ac857
WINSyslogClient.WinUI/Strings/Resources,WINSyslogClient.WinUI Resources,nEvtClrPollingCycles,消去するまでの実行回数,NG .resw source; locale=ja-JP; revision=7d81679f19f5fdaf5c8becaed58204869d1ac857
WINSyslogClient.WinUI/Strings/Resources,WINSyslogClient.WinUI Resources,nEvtClrSaveToFile,イベントログのバックアップを作成する,NG .resw source; locale=ja-JP; revision=7d81679f19f5fdaf5c8becaed58204869d1ac857
WINSyslogClient.WinUI/Strings/Resources,WINSyslogClient.WinUI Resources,nEvtClrTime,消去する時刻,NG .resw source; locale=ja-JP; revision=7d81679f19f5fdaf5c8becaed58204869d1ac857
WINSyslogClient.WinUI/Strings/Resources,WINSyslogClient.WinUI Resources,nEvtLogSuccessfullClear,消去に成功した場合にログを作成する,NG .resw source; locale=ja-JP; revision=7d81679f19f5fdaf5c8becaed58204869d1ac857
WINSyslogClient.WinUI/Strings/Resources,WINSyslogClient.WinUI Resources,nFTPPort,FTP ポート,NG .resw source; locale=ja-JP; revision=7d81679f19f5fdaf5c8becaed58204869d1ac857
WINSyslogClient.WinUI/Strings/Resources,WINSyslogClient.WinUI Resources,nFacility,Syslog ファシリティ,NG .resw source; locale=ja-JP; revision=7d81679f19f5fdaf5c8becaed58204869d1ac857
WINSyslogClient.WinUI/Strings/Resources,WINSyslogClient.WinUI Resources,nFieldType_,フィールドタイプ,NG .resw source; locale=ja-JP; revision=7d81679f19f5fdaf5c8becaed58204869d1ac857
WINSyslogClient.WinUI/Strings/Resources,WINSyslogClient.WinUI Resources,nFileDateTime,日付と時間（受信日時）を出力,NG .resw source; locale=ja-JP; revision=7d81679f19f5fdaf5c8becaed58204869d1ac857
WINSyslogClient.WinUI/Strings/Resources,WINSyslogClient.WinUI Resources,nFileDateTimeReported,日付と時間（デバイス側の日時）を出力,NG .resw source; locale=ja-JP; revision=7d81679f19f5fdaf5c8becaed58204869d1ac857
WINSyslogClient.WinUI/Strings/Resources,WINSyslogClient.WinUI Resources,nFileFacility,Syslog ファシリティを出力,NG .resw source; locale=ja-JP; revision=7d81679f19f5fdaf5c8becaed58204869d1ac857
WINSyslogClient.WinUI/Strings/Resources,WINSyslogClient.WinUI Resources,nFileFormat,ファイルフォーマット,NG .resw source; locale=ja-JP; revision=7d81679f19f5fdaf5c8becaed58204869d1ac857
WINSyslogClient.WinUI/Strings/Resources,WINSyslogClient.WinUI Resources,nFilePriority,Syslog プライオリティを出力,NG .resw source; locale=ja-JP; revision=7d81679f19f5fdaf5c8becaed58204869d1ac857
WINSyslogClient.WinUI/Strings/Resources,WINSyslogClient.WinUI Resources,nFileSource,ソースを出力,NG .resw source; locale=ja-JP; revision=7d81679f19f5fdaf5c8becaed58204869d1ac857
WINSyslogClient.WinUI/Strings/Resources,WINSyslogClient.WinUI Resources,nForceConnectionClose,チェックの度に接続を切る,NG .resw source; locale=ja-JP; revision=7d81679f19f5fdaf5c8becaed58204869d1ac857
WINSyslogClient.WinUI/Strings/Resources,WINSyslogClient.WinUI Resources,nForceUTF8Decoding,メッセージの文字コードを全てUTF-8として処理する,NG .resw source; locale=ja-JP; revision=7d81679f19f5fdaf5c8becaed58204869d1ac857
WINSyslogClient.WinUI/Strings/Resources,WINSyslogClient.WinUI Resources,nFormatType,メッセージフォーマットを選択,NG .resw source; locale=ja-JP; revision=7d81679f19f5fdaf5c8becaed58204869d1ac857
WINSyslogClient.WinUI/Strings/Resources,WINSyslogClient.WinUI Resources,nFormatType_DISABLED,(無効),NG .resw source; locale=ja-JP; revision=7d81679f19f5fdaf5c8becaed58204869d1ac857
WINSyslogClient.WinUI/Strings/Resources,WINSyslogClient.WinUI Resources,nFormatType_Json,JSON フォーマット,NG .resw source; locale=ja-JP; revision=7d81679f19f5fdaf5c8becaed58204869d1ac857
WINSyslogClient.WinUI/Strings/Resources,WINSyslogClient.WinUI Resources,nFormatType_JsonSiem,LogPoint SIEM JSON フォーマット,NG .resw source; locale=ja-JP; revision=7d81679f19f5fdaf5c8becaed58204869d1ac857
WINSyslogClient.WinUI/Strings/Resources,WINSyslogClient.WinUI Resources,nFormatType_Predefined,定義済みイベントフォーマット,NG .resw source; locale=ja-JP; revision=7d81679f19f5fdaf5c8becaed58204869d1ac857
WINSyslogClient.WinUI/Strings/Resources,WINSyslogClient.WinUI Resources,nFormatType_XML,Raw XML フォーマット,NG .resw source; locale=ja-JP; revision=7d81679f19f5fdaf5c8becaed58204869d1ac857
WINSyslogClient.WinUI/Strings/Resources,WINSyslogClient.WinUI Resources,nForwardIUT,XMLの表記コードをMWAgentとして転送する,NG .resw source; locale=ja-JP; revision=7d81679f19f5fdaf5c8becaed58204869d1ac857
WINSyslogClient.WinUI/Strings/Resources,WINSyslogClient.WinUI Resources,nGenerateOnSuccess,FTP 探査が成功した場合、イベントを生成する,NG .resw source; locale=ja-JP; revision=7d81679f19f5fdaf5c8becaed58204869d1ac857
WINSyslogClient.WinUI/Strings/Resources,WINSyslogClient.WinUI Resources,nGenericName,Generic Trap Type,NG .resw source; locale=ja-JP; revision=7d81679f19f5fdaf5c8becaed58204869d1ac857
WINSyslogClient.WinUI/Strings/Resources,WINSyslogClient.WinUI Resources,nHTTPPort,HTTP ポート,NG .resw source; locale=ja-JP; revision=7d81679f19f5fdaf5c8becaed58204869d1ac857
WINSyslogClient.WinUI/Strings/Resources,WINSyslogClient.WinUI Resources,nIMAPPort,IMAP ポート,NG .resw source; locale=ja-JP; revision=7d81679f19f5fdaf5c8becaed58204869d1ac857
WINSyslogClient.WinUI/Strings/Resources,WINSyslogClient.WinUI Resources,nIgnoreEmptyLines,空行を無視する,NG .resw source; locale=ja-JP; revision=7d81679f19f5fdaf5c8becaed58204869d1ac857
WINSyslogClient.WinUI/Strings/Resources,WINSyslogClient.WinUI Resources,nIncludeEventParameters,プロパティにオプションのイベントパラメータを含める,NG .resw source; locale=ja-JP; revision=7d81679f19f5fdaf5c8becaed58204869d1ac857
WINSyslogClient.WinUI/Strings/Resources,WINSyslogClient.WinUI Resources,nIncludeMessage,メッセージを出力,NG .resw source; locale=ja-JP; revision=7d81679f19f5fdaf5c8becaed58204869d1ac857
WINSyslogClient.WinUI/Strings/Resources,WINSyslogClient.WinUI Resources,nIncludeRAWMessage,RAWメッセージを出力,NG .resw source; locale=ja-JP; revision=7d81679f19f5fdaf5c8becaed58204869d1ac857
WINSyslogClient.WinUI/Strings/Resources,WINSyslogClient.WinUI Resources,nIncludeSourceInFilename,ファイル名にソースを出力,NG .resw source; locale=ja-JP; revision=7d81679f19f5fdaf5c8becaed58204869d1ac857
WINSyslogClient.WinUI/Strings/Resources,WINSyslogClient.WinUI Resources,nInstanceID,インスタンス副識別子,NG .resw source; locale=ja-JP; revision=7d81679f19f5fdaf5c8becaed58204869d1ac857
WINSyslogClient.WinUI/Strings/Resources,WINSyslogClient.WinUI Resources,nJSONIncludeMessageProperty,CEE形式でメッセージプロパティを含める,NG .resw source; locale=ja-JP; revision=7d81679f19f5fdaf5c8becaed58204869d1ac857
WINSyslogClient.WinUI/Strings/Resources,WINSyslogClient.WinUI Resources,nJapanStringHandling,日本語システムに対する特別なUnicode変換（バージョン8.xで使用）,NG .resw source; locale=ja-JP; revision=7d81679f19f5fdaf5c8becaed58204869d1ac857
WINSyslogClient.WinUI/Strings/Resources,WINSyslogClient.WinUI Resources,nKeepReadingUntilNew,新たに作成されるまで、現在オープンされたファイルの読み込みを継続する,NG .resw source; locale=ja-JP; revision=7d81679f19f5fdaf5c8becaed58204869d1ac857
WINSyslogClient.WinUI/Strings/Resources,WINSyslogClient.WinUI Resources,nLanguageLCID,優先言語,NG .resw source; locale=ja-JP; revision=7d81679f19f5fdaf5c8becaed58204869d1ac857
WINSyslogClient.WinUI/Strings/Resources,WINSyslogClient.WinUI Resources,nLastPos,最終ファイルポジション,NG .resw source; locale=ja-JP; revision=7d81679f19f5fdaf5c8becaed58204869d1ac857
WINSyslogClient.WinUI/Strings/Resources,WINSyslogClient.WinUI Resources,nLastRecord,最終レコード,NG .resw source; locale=ja-JP; revision=7d81679f19f5fdaf5c8becaed58204869d1ac857
WINSyslogClient.WinUI/Strings/Resources,WINSyslogClient.WinUI Resources,nLastRecordDelayCount,エントリー数を確認後に保存,NG .resw source; locale=ja-JP; revision=7d81679f19f5fdaf5c8becaed58204869d1ac857
WINSyslogClient.WinUI/Strings/Resources,WINSyslogClient.WinUI Resources,nLastRecordDelayTime,待機時間後に保存,NG .resw source; locale=ja-JP; revision=7d81679f19f5fdaf5c8becaed58204869d1ac857
WINSyslogClient.WinUI/Strings/Resources,WINSyslogClient.WinUI Resources,nLastWriteTime,最後の書き込み時間,NG .resw source; locale=ja-JP; revision=7d81679f19f5fdaf5c8becaed58204869d1ac857
WINSyslogClient.WinUI/Strings/Resources,WINSyslogClient.WinUI Resources,nLibCacheTimeOut,ライブラリをキャッシュに入れる時間,NG .resw source; locale=ja-JP; revision=7d81679f19f5fdaf5c8becaed58204869d1ac857
WINSyslogClient.WinUI/Strings/Resources,WINSyslogClient.WinUI Resources,nListenPort,ポート番号,NG .resw source; locale=ja-JP; revision=7d81679f19f5fdaf5c8becaed58204869d1ac857
WINSyslogClient.WinUI/Strings/Resources,WINSyslogClient.WinUI Resources,nLogDoNotRotateOnShutdown,シャットダウン時にローテーションしない,NG .resw source; locale=ja-JP; revision=7d81679f19f5fdaf5c8becaed58204869d1ac857
WINSyslogClient.WinUI/Strings/Resources,WINSyslogClient.WinUI Resources,nLogEnableRotate,ログローテーションを有効にする,NG .resw source; locale=ja-JP; revision=7d81679f19f5fdaf5c8becaed58204869d1ac857
WINSyslogClient.WinUI/Strings/Resources,WINSyslogClient.WinUI Resources,nLogEnableRotateTimeOfTheDay,曜日毎に指定時刻でローテーションする,NG .resw source; locale=ja-JP; revision=7d81679f19f5fdaf5c8becaed58204869d1ac857
WINSyslogClient.WinUI/Strings/Resources,WINSyslogClient.WinUI Resources,nLogEnableRotateTimeout,時間基準のローテーション,NG .resw source; locale=ja-JP; revision=7d81679f19f5fdaf5c8becaed58204869d1ac857
WINSyslogClient.WinUI/Strings/Resources,WINSyslogClient.WinUI Resources,nLogFileType,ログファイル タイプ,NG .resw source; locale=ja-JP; revision=7d81679f19f5fdaf5c8becaed58204869d1ac857
WINSyslogClient.WinUI/Strings/Resources,WINSyslogClient.WinUI Resources,nLogMoveAfterRotate,ローテーション後にファイルを移動,NG .resw source; locale=ja-JP; revision=7d81679f19f5fdaf5c8becaed58204869d1ac857
WINSyslogClient.WinUI/Strings/Resources,WINSyslogClient.WinUI Resources,nLogRotateMaxFiles,ローテーションで保持するファイル数,NG .resw source; locale=ja-JP; revision=7d81679f19f5fdaf5c8becaed58204869d1ac857
WINSyslogClient.WinUI/Strings/Resources,WINSyslogClient.WinUI Resources,nLogRotateMaxWait,ローテーション動作の待ち時間,NG .resw source; locale=ja-JP; revision=7d81679f19f5fdaf5c8becaed58204869d1ac857
WINSyslogClient.WinUI/Strings/Resources,WINSyslogClient.WinUI Resources,nLogRotateOnClose,ファイルがクローズする毎にローテーション,NG .resw source; locale=ja-JP; revision=7d81679f19f5fdaf5c8becaed58204869d1ac857
WINSyslogClient.WinUI/Strings/Resources,WINSyslogClient.WinUI Resources,nLogRotateOnSizeLimit,指定ファイルサイズでローテーションする,NG .resw source; locale=ja-JP; revision=7d81679f19f5fdaf5c8becaed58204869d1ac857
WINSyslogClient.WinUI/Strings/Resources,WINSyslogClient.WinUI Resources,nLogRotateSizeLimit,ファイルサイズの最大値(KB),NG .resw source; locale=ja-JP; revision=7d81679f19f5fdaf5c8becaed58204869d1ac857
WINSyslogClient.WinUI/Strings/Resources,WINSyslogClient.WinUI Resources,nLogRotateTimeOfTheDay,時刻でローテーション(時:分),NG .resw source; locale=ja-JP; revision=7d81679f19f5fdaf5c8becaed58204869d1ac857
WINSyslogClient.WinUI/Strings/Resources,WINSyslogClient.WinUI Resources,nLogRotateTimeOfTheDayFriday,金曜日,NG .resw source; locale=ja-JP; revision=7d81679f19f5fdaf5c8becaed58204869d1ac857
WINSyslogClient.WinUI/Strings/Resources,WINSyslogClient.WinUI Resources,nLogRotateTimeOfTheDayMonday,月曜日,NG .resw source; locale=ja-JP; revision=7d81679f19f5fdaf5c8becaed58204869d1ac857
WINSyslogClient.WinUI/Strings/Resources,WINSyslogClient.WinUI Resources,nLogRotateTimeOfTheDaySaturday,土曜日,NG .resw source; locale=ja-JP; revision=7d81679f19f5fdaf5c8becaed58204869d1ac857
WINSyslogClient.WinUI/Strings/Resources,WINSyslogClient.WinUI Resources,nLogRotateTimeOfTheDaySunday,日曜日,NG .resw source; locale=ja-JP; revision=7d81679f19f5fdaf5c8becaed58204869d1ac857
WINSyslogClient.WinUI/Strings/Resources,WINSyslogClient.WinUI Resources,nLogRotateTimeOfTheDayThusday,木曜日,NG .resw source; locale=ja-JP; revision=7d81679f19f5fdaf5c8becaed58204869d1ac857
WINSyslogClient.WinUI/Strings/Resources,WINSyslogClient.WinUI Resources,nLogRotateTimeOfTheDayTuesday,火曜日,NG .resw source; locale=ja-JP; revision=7d81679f19f5fdaf5c8becaed58204869d1ac857
WINSyslogClient.WinUI/Strings/Resources,WINSyslogClient.WinUI Resources,nLogRotateTimeOfTheDayWednesday,水曜日,NG .resw source; locale=ja-JP; revision=7d81679f19f5fdaf5c8becaed58204869d1ac857
WINSyslogClient.WinUI/Strings/Resources,WINSyslogClient.WinUI Resources,nLogRotateTimeout,指定値より古いログファイルをローテーション,NG .resw source; locale=ja-JP; revision=7d81679f19f5fdaf5c8becaed58204869d1ac857
WINSyslogClient.WinUI/Strings/Resources,WINSyslogClient.WinUI Resources,nLogRotateTimeoutUnit,単位,NG .resw source; locale=ja-JP; revision=7d81679f19f5fdaf5c8becaed58204869d1ac857
WINSyslogClient.WinUI/Strings/Resources,WINSyslogClient.WinUI Resources,nLogRotateWorkerCount,ログローテーション ワーカー数,NG .resw source; locale=ja-JP; revision=7d81679f19f5fdaf5c8becaed58204869d1ac857
WINSyslogClient.WinUI/Strings/Resources,WINSyslogClient.WinUI Resources,nLogRotateWorkerEnable,キュー型のログローテーション ワーカーを有効にする,NG .resw source; locale=ja-JP; revision=7d81679f19f5fdaf5c8becaed58204869d1ac857
WINSyslogClient.WinUI/Strings/Resources,WINSyslogClient.WinUI Resources,nLogRotateWorkerSleepTime,キュー確認の各待機時間,NG .resw source; locale=ja-JP; revision=7d81679f19f5fdaf5c8becaed58204869d1ac857
WINSyslogClient.WinUI/Strings/Resources,WINSyslogClient.WinUI Resources,nLogRotateWorkerStopWaitTimeout,サービス終了時にキュー型ログローテーションジョブを待機する時間,NG .resw source; locale=ja-JP; revision=7d81679f19f5fdaf5c8becaed58204869d1ac857
WINSyslogClient.WinUI/Strings/Resources,WINSyslogClient.WinUI Resources,nLogZipAfterRotate,ログローテーション後に圧縮する,NG .resw source; locale=ja-JP; revision=7d81679f19f5fdaf5c8becaed58204869d1ac857
WINSyslogClient.WinUI/Strings/Resources,WINSyslogClient.WinUI Resources,nLogZipAfterRotateFormat,圧縮フォーマット,NG .resw source; locale=ja-JP; revision=7d81679f19f5fdaf5c8becaed58204869d1ac857
WINSyslogClient.WinUI/Strings/Resources,WINSyslogClient.WinUI Resources,nLogZipCompressionLevel,圧縮レベル,NG .resw source; locale=ja-JP; revision=7d81679f19f5fdaf5c8becaed58204869d1ac857
WINSyslogClient.WinUI/Strings/Resources,WINSyslogClient.WinUI Resources,nMAX_LONGVCHAR_LEN,最大のテキスト長 (バイト),NG .resw source; locale=ja-JP; revision=7d81679f19f5fdaf5c8becaed58204869d1ac857
WINSyslogClient.WinUI/Strings/Resources,WINSyslogClient.WinUI Resources,nMAX_VCHAR_LEN,最大のキャラクター長 (バイト),NG .resw source; locale=ja-JP; revision=7d81679f19f5fdaf5c8becaed58204869d1ac857
WINSyslogClient.WinUI/Strings/Resources,WINSyslogClient.WinUI Resources,nMEMEnable,メモリチェックを有効にする,NG .resw source; locale=ja-JP; revision=7d81679f19f5fdaf5c8becaed58204869d1ac857
WINSyslogClient.WinUI/Strings/Resources,WINSyslogClient.WinUI Resources,nMEMOccurences,アラームが出るまで発生,NG .resw source; locale=ja-JP; revision=7d81679f19f5fdaf5c8becaed58204869d1ac857
WINSyslogClient.WinUI/Strings/Resources,WINSyslogClient.WinUI Resources,nMEMPsyEnable,物理メモリチェックを有効にする,NG .resw source; locale=ja-JP; revision=7d81679f19f5fdaf5c8becaed58204869d1ac857
WINSyslogClient.WinUI/Strings/Resources,WINSyslogClient.WinUI Resources,nMEMPsyOccurences,アラームが出るまで発生,NG .resw source; locale=ja-JP; revision=7d81679f19f5fdaf5c8becaed58204869d1ac857
WINSyslogClient.WinUI/Strings/Resources,WINSyslogClient.WinUI Resources,nMEMPsyReportIfBelowAlarm,物理メモリレベルがアラームレベルを下回った場合にもレポートする,NG .resw source; locale=ja-JP; revision=7d81679f19f5fdaf5c8becaed58204869d1ac857
WINSyslogClient.WinUI/Strings/Resources,WINSyslogClient.WinUI Resources,nMEMPsyUsageAlarmLevel,物理メモリの使用のアラームレベル,NG .resw source; locale=ja-JP; revision=7d81679f19f5fdaf5c8becaed58204869d1ac857
WINSyslogClient.WinUI/Strings/Resources,WINSyslogClient.WinUI Resources,nMEMReportIfBelowAlarm,メモリレベルがアラームレベルを下回った場合にもレポートする,NG .resw source; locale=ja-JP; revision=7d81679f19f5fdaf5c8becaed58204869d1ac857
WINSyslogClient.WinUI/Strings/Resources,WINSyslogClient.WinUI Resources,nMEMUsageAlarmLevel,メモリの使用のアラームレベル,NG .resw source; locale=ja-JP; revision=7d81679f19f5fdaf5c8becaed58204869d1ac857
WINSyslogClient.WinUI/Strings/Resources,WINSyslogClient.WinUI Resources,nMEMVirtEnable,仮想メモリチェックを有効にする,NG .resw source; locale=ja-JP; revision=7d81679f19f5fdaf5c8becaed58204869d1ac857
WINSyslogClient.WinUI/Strings/Resources,WINSyslogClient.WinUI Resources,nMEMVirtOccurences,アラームが出るまで発生,NG .resw source; locale=ja-JP; revision=7d81679f19f5fdaf5c8becaed58204869d1ac857
WINSyslogClient.WinUI/Strings/Resources,WINSyslogClient.WinUI Resources,nMEMVirtReportIfBelowAlarm,仮想メモリレベルがアラームレベルを下回った場合にもレポートする,NG .resw source; locale=ja-JP; revision=7d81679f19f5fdaf5c8becaed58204869d1ac857
WINSyslogClient.WinUI/Strings/Resources,WINSyslogClient.WinUI Resources,nMEMVirtUsageAlarmLevel,仮想メモリの使用のアラームレベル,NG .resw source; locale=ja-JP; revision=7d81679f19f5fdaf5c8becaed58204869d1ac857
WINSyslogClient.WinUI/Strings/Resources,WINSyslogClient.WinUI Resources,nMIAPSendPort,SETPポート番号,NG .resw source; locale=ja-JP; revision=7d81679f19f5fdaf5c8becaed58204869d1ac857
WINSyslogClient.WinUI/Strings/Resources,WINSyslogClient.WinUI Resources,nMailPriority,メールの優先度,NG .resw source; locale=ja-JP; revision=7d81679f19f5fdaf5c8becaed58204869d1ac857
WINSyslogClient.WinUI/Strings/Resources,WINSyslogClient.WinUI Resources,nMaxBytesPerMessage,メッセージ毎の最大バイト,NG .resw source; locale=ja-JP; revision=7d81679f19f5fdaf5c8becaed58204869d1ac857
WINSyslogClient.WinUI/Strings/Resources,WINSyslogClient.WinUI Resources,nMaxFileSize,ファイルサイズの最大値 (KB),NG .resw source; locale=ja-JP; revision=7d81679f19f5fdaf5c8becaed58204869d1ac857
WINSyslogClient.WinUI/Strings/Resources,WINSyslogClient.WinUI Resources,nMaxValueLength,最大値(バイト単位):,NG .resw source; locale=ja-JP; revision=7d81679f19f5fdaf5c8becaed58204869d1ac857
WINSyslogClient.WinUI/Strings/Resources,WINSyslogClient.WinUI Resources,nMessagePriority,キューのプライオリティ,NG .resw source; locale=ja-JP; revision=7d81679f19f5fdaf5c8becaed58204869d1ac857
WINSyslogClient.WinUI/Strings/Resources,WINSyslogClient.WinUI Resources,nMultipleFiles,ディレクトリ、または複数のファイルの読み込みを許可（ファイル名にワイルドカードを使用）,NG .resw source; locale=ja-JP; revision=7d81679f19f5fdaf5c8becaed58204869d1ac857
WINSyslogClient.WinUI/Strings/Resources,WINSyslogClient.WinUI Resources,nNNTPPort,NNTP ポート,NG .resw source; locale=ja-JP; revision=7d81679f19f5fdaf5c8becaed58204869d1ac857
WINSyslogClient.WinUI/Strings/Resources,WINSyslogClient.WinUI Resources,nNbrOfRetries,リトライの回数,NG .resw source; locale=ja-JP; revision=7d81679f19f5fdaf5c8becaed58204869d1ac857
WINSyslogClient.WinUI/Strings/Resources,WINSyslogClient.WinUI Resources,nNoExistingEntries,既存のイベントを処理しない,NG .resw source; locale=ja-JP; revision=7d81679f19f5fdaf5c8becaed58204869d1ac857
WINSyslogClient.WinUI/Strings/Resources,WINSyslogClient.WinUI Resources,nNumberOfLogfiles,ログファイルの数,NG .resw source; locale=ja-JP; revision=7d81679f19f5fdaf5c8becaed58204869d1ac857
WINSyslogClient.WinUI/Strings/Resources,WINSyslogClient.WinUI Resources,nODBCEnCryption,パスワードの暗号化,NG .resw source; locale=ja-JP; revision=7d81679f19f5fdaf5c8becaed58204869d1ac857
WINSyslogClient.WinUI/Strings/Resources,WINSyslogClient.WinUI Resources,nOleDbEnCryption,暗号化パスワード,NG .resw source; locale=ja-JP; revision=7d81679f19f5fdaf5c8becaed58204869d1ac857
WINSyslogClient.WinUI/Strings/Resources,WINSyslogClient.WinUI Resources,nOnMaxProc,最大処理数,NG .resw source; locale=ja-JP; revision=7d81679f19f5fdaf5c8becaed58204869d1ac857
WINSyslogClient.WinUI/Strings/Resources,WINSyslogClient.WinUI Resources,nOnMaxProcWait,最大処理の待ち時間,NG .resw source; locale=ja-JP; revision=7d81679f19f5fdaf5c8becaed58204869d1ac857
WINSyslogClient.WinUI/Strings/Resources,WINSyslogClient.WinUI Resources,nOutputEncodingUTF8BOM,メッセージにUTF-8 BOMを含める,NG .resw source; locale=ja-JP; revision=7d81679f19f5fdaf5c8becaed58204869d1ac857
WINSyslogClient.WinUI/Strings/Resources,WINSyslogClient.WinUI Resources,nOutputFormat,Lognorm 出力フォーマット,NG .resw source; locale=ja-JP; revision=7d81679f19f5fdaf5c8becaed58204869d1ac857
WINSyslogClient.WinUI/Strings/Resources,WINSyslogClient.WinUI Resources,nPOP3Port,POP3 ポート,NG .resw source; locale=ja-JP; revision=7d81679f19f5fdaf5c8becaed58204869d1ac857
WINSyslogClient.WinUI/Strings/Resources,WINSyslogClient.WinUI Resources,nParity,パリティ,NG .resw source; locale=ja-JP; revision=7d81679f19f5fdaf5c8becaed58204869d1ac857
WINSyslogClient.WinUI/Strings/Resources,WINSyslogClient.WinUI Resources,nParseSyslogDate,オリジナルのメッセージ・タイムスタンプを使用  （RFC3164）,NG .resw source; locale=ja-JP; revision=7d81679f19f5fdaf5c8becaed58204869d1ac857
WINSyslogClient.WinUI/Strings/Resources,WINSyslogClient.WinUI Resources,nPort,HTTP ポート,NG .resw source; locale=ja-JP; revision=7d81679f19f5fdaf5c8becaed58204869d1ac857
WINSyslogClient.WinUI/Strings/Resources,WINSyslogClient.WinUI Resources,nPortNumber,ポート,NG .resw source; locale=ja-JP; revision=7d81679f19f5fdaf5c8becaed58204869d1ac857
WINSyslogClient.WinUI/Strings/Resources,WINSyslogClient.WinUI Resources,nPort_,ポート,NG .resw source; locale=ja-JP; revision=7d81679f19f5fdaf5c8becaed58204869d1ac857
WINSyslogClient.WinUI/Strings/Resources,WINSyslogClient.WinUI Resources,nPreventOverrunDelay,オーバーラン防止遅延 (ms),NG .resw source; locale=ja-JP; revision=7d81679f19f5fdaf5c8becaed58204869d1ac857
WINSyslogClient.WinUI/Strings/Resources,WINSyslogClient.WinUI Resources,nPriorityAuditFailure,失敗の監査,NG .resw source; locale=ja-JP; revision=7d81679f19f5fdaf5c8becaed58204869d1ac857
WINSyslogClient.WinUI/Strings/Resources,WINSyslogClient.WinUI Resources,nPriorityAuditSuccess,成功の監査,NG .resw source; locale=ja-JP; revision=7d81679f19f5fdaf5c8becaed58204869d1ac857
WINSyslogClient.WinUI/Strings/Resources,WINSyslogClient.WinUI Resources,nPriorityCritical,重大,NG .resw source; locale=ja-JP; revision=7d81679f19f5fdaf5c8becaed58204869d1ac857
WINSyslogClient.WinUI/Strings/Resources,WINSyslogClient.WinUI Resources,nPriorityError,エラー,NG .resw source; locale=ja-JP; revision=7d81679f19f5fdaf5c8becaed58204869d1ac857
WINSyslogClient.WinUI/Strings/Resources,WINSyslogClient.WinUI Resources,nPriorityInfo,情報,NG .resw source; locale=ja-JP; revision=7d81679f19f5fdaf5c8becaed58204869d1ac857
WINSyslogClient.WinUI/Strings/Resources,WINSyslogClient.WinUI Resources,nPriorityInformation,情報,NG .resw source; locale=ja-JP; revision=7d81679f19f5fdaf5c8becaed58204869d1ac857
WINSyslogClient.WinUI/Strings/Resources,WINSyslogClient.WinUI Resources,nPrioritySuccess,成功,NG .resw source; locale=ja-JP; revision=7d81679f19f5fdaf5c8becaed58204869d1ac857
WINSyslogClient.WinUI/Strings/Resources,WINSyslogClient.WinUI Resources,nPriorityVerbose,情報（詳細）,NG .resw source; locale=ja-JP; revision=7d81679f19f5fdaf5c8becaed58204869d1ac857
WINSyslogClient.WinUI/Strings/Resources,WINSyslogClient.WinUI Resources,nPriorityWarning,警告,NG .resw source; locale=ja-JP; revision=7d81679f19f5fdaf5c8becaed58204869d1ac857
WINSyslogClient.WinUI/Strings/Resources,WINSyslogClient.WinUI Resources,nProcMode,処理モード,NG .resw source; locale=ja-JP; revision=7d81679f19f5fdaf5c8becaed58204869d1ac857
WINSyslogClient.WinUI/Strings/Resources,WINSyslogClient.WinUI Resources,nProcessPriority,処理の優先レベル,NG .resw source; locale=ja-JP; revision=7d81679f19f5fdaf5c8becaed58204869d1ac857
WINSyslogClient.WinUI/Strings/Resources,WINSyslogClient.WinUI Resources,nProcessRestOfFile,ファイルの残りの部分を1つのメッセージとして処理する（メッセージ セパレータがマッチしない場合）,NG .resw source; locale=ja-JP; revision=7d81679f19f5fdaf5c8becaed58204869d1ac857
WINSyslogClient.WinUI/Strings/Resources,WINSyslogClient.WinUI Resources,nProcessingLow,処理ポインタ,NG .resw source; locale=ja-JP; revision=7d81679f19f5fdaf5c8becaed58204869d1ac857
WINSyslogClient.WinUI/Strings/Resources,WINSyslogClient.WinUI Resources,nPropertiesTable,詳細なプロパティログを有効にする,NG .resw source; locale=ja-JP; revision=7d81679f19f5fdaf5c8becaed58204869d1ac857
WINSyslogClient.WinUI/Strings/Resources,WINSyslogClient.WinUI Resources,nPropertyMsgSep,メッセージのセパレータをプロパティ(%msgsep%)に保存,NG .resw source; locale=ja-JP; revision=7d81679f19f5fdaf5c8becaed58204869d1ac857
WINSyslogClient.WinUI/Strings/Resources,WINSyslogClient.WinUI Resources,nPropertyMsgSepReset,起動後にメッセージのセパレータをリセットする,NG .resw source; locale=ja-JP; revision=7d81679f19f5fdaf5c8becaed58204869d1ac857
WINSyslogClient.WinUI/Strings/Resources,WINSyslogClient.WinUI Resources,nProtectAgainstShutdown,シャットダウン時にサービスを保護する,NG .resw source; locale=ja-JP; revision=7d81679f19f5fdaf5c8becaed58204869d1ac857
WINSyslogClient.WinUI/Strings/Resources,WINSyslogClient.WinUI Resources,nProtocolType,プロトコルタイプ,NG .resw source; locale=ja-JP; revision=7d81679f19f5fdaf5c8becaed58204869d1ac857
WINSyslogClient.WinUI/Strings/Resources,WINSyslogClient.WinUI Resources,nQueueLimit,キューのリミット,NG .resw source; locale=ja-JP; revision=7d81679f19f5fdaf5c8becaed58204869d1ac857
WINSyslogClient.WinUI/Strings/Resources,WINSyslogClient.WinUI Resources,nRFC3164DetectYear,メッセージ・タイムスタンプから年の解析を試みる（RFC 3164）,NG .resw source; locale=ja-JP; revision=7d81679f19f5fdaf5c8becaed58204869d1ac857
WINSyslogClient.WinUI/Strings/Resources,WINSyslogClient.WinUI Resources,nRFC3164Parsing,RFC3164 の構文解析を有効にする,NG .resw source; locale=ja-JP; revision=7d81679f19f5fdaf5c8becaed58204869d1ac857
WINSyslogClient.WinUI/Strings/Resources,WINSyslogClient.WinUI Resources,nRFC5424AddProcID2SyslogTag,SyslogタグにプロセスIDを追加（可能な場合）,NG .resw source; locale=ja-JP; revision=7d81679f19f5fdaf5c8becaed58204869d1ac857
WINSyslogClient.WinUI/Strings/Resources,WINSyslogClient.WinUI Resources,nRFC5424Parsing,RFC5424 の構文解析を有効にする,NG .resw source; locale=ja-JP; revision=7d81679f19f5fdaf5c8becaed58204869d1ac857
WINSyslogClient.WinUI/Strings/Resources,WINSyslogClient.WinUI Resources,nReUseFile,ログファイルのデータを消去 (ファイル自体は削除されません),NG .resw source; locale=ja-JP; revision=7d81679f19f5fdaf5c8becaed58204869d1ac857
WINSyslogClient.WinUI/Strings/Resources,WINSyslogClient.WinUI Resources,nReadFileBuffer,読み取りファイルバッファーサイズ,NG .resw source; locale=ja-JP; revision=7d81679f19f5fdaf5c8becaed58204869d1ac857
WINSyslogClient.WinUI/Strings/Resources,WINSyslogClient.WinUI Resources,nReadFromFile,ファイルからイベントログを読み込む,NG .resw source; locale=ja-JP; revision=7d81679f19f5fdaf5c8becaed58204869d1ac857
WINSyslogClient.WinUI/Strings/Resources,WINSyslogClient.WinUI Resources,nReadSourceLocally,ローカルマシンからイベントログソースを読み込む,NG .resw source; locale=ja-JP; revision=7d81679f19f5fdaf5c8becaed58204869d1ac857
WINSyslogClient.WinUI/Strings/Resources,WINSyslogClient.WinUI Resources,nRemoveControlChars,制御文字を削除,NG .resw source; locale=ja-JP; revision=7d81679f19f5fdaf5c8becaed58204869d1ac857
WINSyslogClient.WinUI/Strings/Resources,WINSyslogClient.WinUI Resources,nRemoveControlCharsFromParams,文字列のパラメータから制御文字を削除する,NG .resw source; locale=ja-JP; revision=7d81679f19f5fdaf5c8becaed58204869d1ac857
WINSyslogClient.WinUI/Strings/Resources,WINSyslogClient.WinUI Resources,nRemoveLeadingSpaces,先頭にあるスペースを削除,NG .resw source; locale=ja-JP; revision=7d81679f19f5fdaf5c8becaed58204869d1ac857
WINSyslogClient.WinUI/Strings/Resources,WINSyslogClient.WinUI Resources,nReplaceNullBytes,NULLバイトをスペースに置き換える,NG .resw source; locale=ja-JP; revision=7d81679f19f5fdaf5c8becaed58204869d1ac857
WINSyslogClient.WinUI/Strings/Resources,WINSyslogClient.WinUI Resources,nReportCrash,Adisconサポートに問題報告を自動的に送信する,NG .resw source; locale=ja-JP; revision=7d81679f19f5fdaf5c8becaed58204869d1ac857
WINSyslogClient.WinUI/Strings/Resources,WINSyslogClient.WinUI Resources,nReportErrorOnFNF,ファイルが見つからない場合にエラーをレポートする,NG .resw source; locale=ja-JP; revision=7d81679f19f5fdaf5c8becaed58204869d1ac857
WINSyslogClient.WinUI/Strings/Resources,WINSyslogClient.WinUI Resources,nReportInJSON,CEE Syslog フォーマットを使用,NG .resw source; locale=ja-JP; revision=7d81679f19f5fdaf5c8becaed58204869d1ac857
WINSyslogClient.WinUI/Strings/Resources,WINSyslogClient.WinUI Resources,nResolveIfName,既にソースプロパティに名前が入っている場合、完全な名前解決（FQDN）を行う,NG .resw source; locale=ja-JP; revision=7d81679f19f5fdaf5c8becaed58204869d1ac857
WINSyslogClient.WinUI/Strings/Resources,WINSyslogClient.WinUI Resources,nResolveLongMibNames,MIB名を完全に解決する（ロングフォーマット）,NG .resw source; locale=ja-JP; revision=7d81679f19f5fdaf5c8becaed58204869d1ac857
WINSyslogClient.WinUI/Strings/Resources,WINSyslogClient.WinUI Resources,nResolveMibNamesShort,短いフォーマットを使用 (最後の一部分のみ),NG .resw source; locale=ja-JP; revision=7d81679f19f5fdaf5c8becaed58204869d1ac857
WINSyslogClient.WinUI/Strings/Resources,WINSyslogClient.WinUI Resources,nResolveNames,ホスト名を解決する,NG .resw source; locale=ja-JP; revision=7d81679f19f5fdaf5c8becaed58204869d1ac857
WINSyslogClient.WinUI/Strings/Resources,WINSyslogClient.WinUI Resources,nRetryCount,リトライの回数,NG .resw source; locale=ja-JP; revision=7d81679f19f5fdaf5c8becaed58204869d1ac857
WINSyslogClient.WinUI/Strings/Resources,WINSyslogClient.WinUI Resources,nRetryInterval,リトライの間隔 (ms),NG .resw source; locale=ja-JP; revision=7d81679f19f5fdaf5c8becaed58204869d1ac857
WINSyslogClient.WinUI/Strings/Resources,WINSyslogClient.WinUI Resources,nRetryPeriod,リトライの間隔(ミリ秒),NG .resw source; locale=ja-JP; revision=7d81679f19f5fdaf5c8becaed58204869d1ac857
WINSyslogClient.WinUI/Strings/Resources,WINSyslogClient.WinUI Resources,nRingBufferSize,キューファイルサイズ (静的),NG .resw source; locale=ja-JP; revision=7d81679f19f5fdaf5c8becaed58204869d1ac857
WINSyslogClient.WinUI/Strings/Resources,WINSyslogClient.WinUI Resources,nRoundRobinMsgCount,各Syslogサーバーへ送信するメッセージ数,NG .resw source; locale=ja-JP; revision=7d81679f19f5fdaf5c8becaed58204869d1ac857
WINSyslogClient.WinUI/Strings/Resources,WINSyslogClient.WinUI Resources,nRtsControl,RTSフロー制御,NG .resw source; locale=ja-JP; revision=7d81679f19f5fdaf5c8becaed58204869d1ac857
WINSyslogClient.WinUI/Strings/Resources,WINSyslogClient.WinUI Resources,nSMTPPort,ポート番号,NG .resw source; locale=ja-JP; revision=7d81679f19f5fdaf5c8becaed58204869d1ac857
WINSyslogClient.WinUI/Strings/Resources,WINSyslogClient.WinUI Resources,nSMTPPortBackup,バックアップのポート番号,NG .resw source; locale=ja-JP; revision=7d81679f19f5fdaf5c8becaed58204869d1ac857
WINSyslogClient.WinUI/Strings/Resources,WINSyslogClient.WinUI Resources,nSQLConnectionTimeOut,SQL 接続のタイムアウト,NG .resw source; locale=ja-JP; revision=7d81679f19f5fdaf5c8becaed58204869d1ac857
WINSyslogClient.WinUI/Strings/Resources,WINSyslogClient.WinUI Resources,nSQLStatementType,ステートメント タイプ,NG .resw source; locale=ja-JP; revision=7d81679f19f5fdaf5c8becaed58204869d1ac857
WINSyslogClient.WinUI/Strings/Resources,WINSyslogClient.WinUI Resources,nSaveSourceIntoProperty,オリジナルのソースをプロパティに保存,NG .resw source; locale=ja-JP; revision=7d81679f19f5fdaf5c8becaed58204869d1ac857
WINSyslogClient.WinUI/Strings/Resources,WINSyslogClient.WinUI Resources,nSavingLow,保存ポインタ,NG .resw source; locale=ja-JP; revision=7d81679f19f5fdaf5c8becaed58204869d1ac857
WINSyslogClient.WinUI/Strings/Resources,WINSyslogClient.WinUI Resources,nSegmentFileBySize,ファイル分割サイズ (KB),NG .resw source; locale=ja-JP; revision=7d81679f19f5fdaf5c8becaed58204869d1ac857
WINSyslogClient.WinUI/Strings/Resources,WINSyslogClient.WinUI Resources,nSegmentFileEnable,設定値 (KB) でファイルを分割,NG .resw source; locale=ja-JP; revision=7d81679f19f5fdaf5c8becaed58204869d1ac857
WINSyslogClient.WinUI/Strings/Resources,WINSyslogClient.WinUI Resources,nSelpSendPort,RELP ポート,NG .resw source; locale=ja-JP; revision=7d81679f19f5fdaf5c8becaed58204869d1ac857
WINSyslogClient.WinUI/Strings/Resources,WINSyslogClient.WinUI Resources,nSendExpect,送信メッセージ、および期待されるメッセージの確認,NG .resw source; locale=ja-JP; revision=7d81679f19f5fdaf5c8becaed58204869d1ac857
WINSyslogClient.WinUI/Strings/Resources,WINSyslogClient.WinUI Resources,nSendMode,Syslog 送信モード,NG .resw source; locale=ja-JP; revision=7d81679f19f5fdaf5c8becaed58204869d1ac857
WINSyslogClient.WinUI/Strings/Resources,WINSyslogClient.WinUI Resources,nSendRecvTimeOut,送信/受信 タイムアウト,NG .resw source; locale=ja-JP; revision=7d81679f19f5fdaf5c8becaed58204869d1ac857
WINSyslogClient.WinUI/Strings/Resources,WINSyslogClient.WinUI Resources,nSendTimeOut,送信/受信 タイムアウト,NG .resw source; locale=ja-JP; revision=7d81679f19f5fdaf5c8becaed58204869d1ac857
WINSyslogClient.WinUI/Strings/Resources,WINSyslogClient.WinUI Resources,nShutdownProtectionTimeout,シャットダウン保護タイムアウト,NG .resw source; locale=ja-JP; revision=7d81679f19f5fdaf5c8becaed58204869d1ac857
WINSyslogClient.WinUI/Strings/Resources,WINSyslogClient.WinUI Resources,nShutdownProtectionTimeout_Description,0 は時間制限なしで待機します。正の値は保護されたシャットダウン全体をミリ秒単位で制限し、期限に達すると永続化されていないメッセージが失われる可能性があります。,NG .resw source; locale=ja-JP; revision=7d81679f19f5fdaf5c8becaed58204869d1ac857
WINSyslogClient.WinUI/Strings/Resources,WINSyslogClient.WinUI Resources,nShutdownProtectionTimeout_ZeroLabel,0 (無制限),NG .resw source; locale=ja-JP; revision=7d81679f19f5fdaf5c8becaed58204869d1ac857
WINSyslogClient.WinUI/Strings/Resources,WINSyslogClient.WinUI Resources,nSkipLinesEnabled,起動時に全てのラインをスキップする,NG .resw source; locale=ja-JP; revision=7d81679f19f5fdaf5c8becaed58204869d1ac857
WINSyslogClient.WinUI/Strings/Resources,WINSyslogClient.WinUI Resources,nSleepTime,チェック間隔(ミリ秒),NG .resw source; locale=ja-JP; revision=7d81679f19f5fdaf5c8becaed58204869d1ac857
WINSyslogClient.WinUI/Strings/Resources,WINSyslogClient.WinUI Resources,nSnmpVersion,SNMP バージョン,NG .resw source; locale=ja-JP; revision=7d81679f19f5fdaf5c8becaed58204869d1ac857
WINSyslogClient.WinUI/Strings/Resources,WINSyslogClient.WinUI Resources,nSpecificType,Specific Trap Type,NG .resw source; locale=ja-JP; revision=7d81679f19f5fdaf5c8becaed58204869d1ac857
WINSyslogClient.WinUI/Strings/Resources,WINSyslogClient.WinUI Resources,nSpoofIPAddress,UDPでIPスプーフィングを使用（マニュアルをご参照ください）,NG .resw source; locale=ja-JP; revision=7d81679f19f5fdaf5c8becaed58204869d1ac857
WINSyslogClient.WinUI/Strings/Resources,WINSyslogClient.WinUI Resources,nStopbits,ストップビット,NG .resw source; locale=ja-JP; revision=7d81679f19f5fdaf5c8becaed58204869d1ac857
WINSyslogClient.WinUI/Strings/Resources,WINSyslogClient.WinUI Resources,nSubscriptionSleepTime,アクション実行失敗時の待ち時間,NG .resw source; locale=ja-JP; revision=7d81679f19f5fdaf5c8becaed58204869d1ac857
WINSyslogClient.WinUI/Strings/Resources,WINSyslogClient.WinUI Resources,nSyncTimeOut,同期のタイムアウト,NG .resw source; locale=ja-JP; revision=7d81679f19f5fdaf5c8becaed58204869d1ac857
WINSyslogClient.WinUI/Strings/Resources,WINSyslogClient.WinUI Resources,nSyntax_,タイプ,NG .resw source; locale=ja-JP; revision=7d81679f19f5fdaf5c8becaed58204869d1ac857
WINSyslogClient.WinUI/Strings/Resources,WINSyslogClient.WinUI Resources,nSyslogInsertSource,Syslogソースの追加（別のSyslogサーバーに転送する場合）,NG .resw source; locale=ja-JP; revision=7d81679f19f5fdaf5c8becaed58204869d1ac857
WINSyslogClient.WinUI/Strings/Resources,WINSyslogClient.WinUI Resources,nSyslogMaxMessageSize,最大Syslogメッセージサイズ（バイト）,NG .resw source; locale=ja-JP; revision=7d81679f19f5fdaf5c8becaed58204869d1ac857
WINSyslogClient.WinUI/Strings/Resources,WINSyslogClient.WinUI Resources,nSyslogPortBackup,バックアップサーバーのポート,NG .resw source; locale=ja-JP; revision=7d81679f19f5fdaf5c8becaed58204869d1ac857
WINSyslogClient.WinUI/Strings/Resources,WINSyslogClient.WinUI Resources,nSyslogPort_,Syslog ポート,NG .resw source; locale=ja-JP; revision=7d81679f19f5fdaf5c8becaed58204869d1ac857
WINSyslogClient.WinUI/Strings/Resources,WINSyslogClient.WinUI Resources,nSyslogSendPort,Syslog ポート,NG .resw source; locale=ja-JP; revision=7d81679f19f5fdaf5c8becaed58204869d1ac857
WINSyslogClient.WinUI/Strings/Resources,WINSyslogClient.WinUI Resources,nSystemID,システムID,NG .resw source; locale=ja-JP; revision=7d81679f19f5fdaf5c8becaed58204869d1ac857
WINSyslogClient.WinUI/Strings/Resources,WINSyslogClient.WinUI Resources,nTCPMaxSessions,最大TCPセッション数,NG .resw source; locale=ja-JP; revision=7d81679f19f5fdaf5c8becaed58204869d1ac857
WINSyslogClient.WinUI/Strings/Resources,WINSyslogClient.WinUI Resources,nTLSAllowExpiredCerts,期限切れピア証明書を許可,NG .resw source; locale=ja-JP; revision=7d81679f19f5fdaf5c8becaed58204869d1ac857
WINSyslogClient.WinUI/Strings/Resources,WINSyslogClient.WinUI Resources,nTLSFailOnConfigCommandError,TLS設定コマンドエラーで失敗,NG .resw source; locale=ja-JP; revision=7d81679f19f5fdaf5c8becaed58204869d1ac857
WINSyslogClient.WinUI/Strings/Resources,WINSyslogClient.WinUI Resources,nTLSHandshakeTimeout,TLSハンドシェイクタイムアウト,NG .resw source; locale=ja-JP; revision=7d81679f19f5fdaf5c8becaed58204869d1ac857
WINSyslogClient.WinUI/Strings/Resources,WINSyslogClient.WinUI Resources,nTLSLegacyFingerprintMatch,従来のフィンガープリント照合を許可,NG .resw source; locale=ja-JP; revision=7d81679f19f5fdaf5c8becaed58204869d1ac857
WINSyslogClient.WinUI/Strings/Resources,WINSyslogClient.WinUI Resources,nTLSLegacyPeerNameMatch,従来のピア名照合を許可,NG .resw source; locale=ja-JP; revision=7d81679f19f5fdaf5c8becaed58204869d1ac857
WINSyslogClient.WinUI/Strings/Resources,WINSyslogClient.WinUI Resources,nTakeSourceSysFromSyslogMsg,Syslogメッセージからソース・システムを取り出す,NG .resw source; locale=ja-JP; revision=7d81679f19f5fdaf5c8becaed58204869d1ac857
WINSyslogClient.WinUI/Strings/Resources,WINSyslogClient.WinUI Resources,nTimeMode,基準時刻,NG .resw source; locale=ja-JP; revision=7d81679f19f5fdaf5c8becaed58204869d1ac857
WINSyslogClient.WinUI/Strings/Resources,WINSyslogClient.WinUI Resources,nTimeOutLimit,タイムアウトの設定,NG .resw source; locale=ja-JP; revision=7d81679f19f5fdaf5c8becaed58204869d1ac857
WINSyslogClient.WinUI/Strings/Resources,WINSyslogClient.WinUI Resources,nTimeOutMsg,メッセージ完了タイムアウト,NG .resw source; locale=ja-JP; revision=7d81679f19f5fdaf5c8becaed58204869d1ac857
WINSyslogClient.WinUI/Strings/Resources,WINSyslogClient.WinUI Resources,nTimeOutSession,セッションタイムアウト,NG .resw source; locale=ja-JP; revision=7d81679f19f5fdaf5c8becaed58204869d1ac857
WINSyslogClient.WinUI/Strings/Resources,WINSyslogClient.WinUI Resources,nTimeoutValue,セッションタイムアウト,NG .resw source; locale=ja-JP; revision=7d81679f19f5fdaf5c8becaed58204869d1ac857
WINSyslogClient.WinUI/Strings/Resources,WINSyslogClient.WinUI Resources,nTryConvSIDtoObj,セキュリティID（SID）のオブジェクト名への変更を試みる,NG .resw source; locale=ja-JP; revision=7d81679f19f5fdaf5c8becaed58204869d1ac857
WINSyslogClient.WinUI/Strings/Resources,WINSyslogClient.WinUI Resources,nTryConvertDsClasses,Active Directory オブジェクトクラスのコンバートを試みる,NG .resw source; locale=ja-JP; revision=7d81679f19f5fdaf5c8becaed58204869d1ac857
WINSyslogClient.WinUI/Strings/Resources,WINSyslogClient.WinUI Resources,nTryDetectMessageEncoding,"メッセージのエンコードを自動検出する (UTF-8, SHIFT_JIS, EUCJP)",NG .resw source; locale=ja-JP; revision=7d81679f19f5fdaf5c8becaed58204869d1ac857
WINSyslogClient.WinUI/Strings/Resources,WINSyslogClient.WinUI Resources,nType,プロトコルタイプ,NG .resw source; locale=ja-JP; revision=7d81679f19f5fdaf5c8becaed58204869d1ac857
WINSyslogClient.WinUI/Strings/Resources,WINSyslogClient.WinUI Resources,nUniqueFileName,ファイル名に日付を出力,NG .resw source; locale=ja-JP; revision=7d81679f19f5fdaf5c8becaed58204869d1ac857
WINSyslogClient.WinUI/Strings/Resources,WINSyslogClient.WinUI Resources,nUseCompression,データの圧縮にzLib 圧縮を使用する,NG .resw source; locale=ja-JP; revision=7d81679f19f5fdaf5c8becaed58204869d1ac857
WINSyslogClient.WinUI/Strings/Resources,WINSyslogClient.WinUI Resources,nUseCustomSeparator,カスタムセパレータを使用,NG .resw source; locale=ja-JP; revision=7d81679f19f5fdaf5c8becaed58204869d1ac857
WINSyslogClient.WinUI/Strings/Resources,WINSyslogClient.WinUI Resources,nUseLegacyProcessing,レガシーのパラメータを使用,NG .resw source; locale=ja-JP; revision=7d81679f19f5fdaf5c8becaed58204869d1ac857
WINSyslogClient.WinUI/Strings/Resources,WINSyslogClient.WinUI Resources,nUseLegacySubjectProcessing,メールタイトル（subject）にレガシーの変数を使用,NG .resw source; locale=ja-JP; revision=7d81679f19f5fdaf5c8becaed58204869d1ac857
WINSyslogClient.WinUI/Strings/Resources,WINSyslogClient.WinUI Resources,nUseSMTPAuth,SMTP 認証を使用,NG .resw source; locale=ja-JP; revision=7d81679f19f5fdaf5c8becaed58204869d1ac857
WINSyslogClient.WinUI/Strings/Resources,WINSyslogClient.WinUI Resources,nUseSSL,メールサーバーにSSLで接続する,NG .resw source; locale=ja-JP; revision=7d81679f19f5fdaf5c8becaed58204869d1ac857
WINSyslogClient.WinUI/Strings/Resources,WINSyslogClient.WinUI Resources,nUseStartTLSMethod,STARTTLS SMTP Extension を使用,NG .resw source; locale=ja-JP; revision=7d81679f19f5fdaf5c8becaed58204869d1ac857
WINSyslogClient.WinUI/Strings/Resources,WINSyslogClient.WinUI Resources,nUseUTCForTimestamps,タイムスタンプにUTCを使用,NG .resw source; locale=ja-JP; revision=7d81679f19f5fdaf5c8becaed58204869d1ac857
WINSyslogClient.WinUI/Strings/Resources,WINSyslogClient.WinUI Resources,nUseUTCInFileName,ファイル名にUTCを使用,NG .resw source; locale=ja-JP; revision=7d81679f19f5fdaf5c8becaed58204869d1ac857
WINSyslogClient.WinUI/Strings/Resources,WINSyslogClient.WinUI Resources,nUseUTCTimeStamp,日付ヘッダにUTCを使用,NG .resw source; locale=ja-JP; revision=7d81679f19f5fdaf5c8becaed58204869d1ac857
WINSyslogClient.WinUI/Strings/Resources,WINSyslogClient.WinUI Resources,nUseWildcard,ファイル名にワイルドカードを使用する,NG .resw source; locale=ja-JP; revision=7d81679f19f5fdaf5c8becaed58204869d1ac857
WINSyslogClient.WinUI/Strings/Resources,WINSyslogClient.WinUI Resources,nUseXMLtoReport,メッセージにXMLを出力,NG .resw source; locale=ja-JP; revision=7d81679f19f5fdaf5c8becaed58204869d1ac857
WINSyslogClient.WinUI/Strings/Resources,WINSyslogClient.WinUI Resources,nVariableType_,タイプ（変数）,NG .resw source; locale=ja-JP; revision=7d81679f19f5fdaf5c8becaed58204869d1ac857
WINSyslogClient.WinUI/Strings/Resources,WINSyslogClient.WinUI Resources,nWorkerThreads,ワーカースレッドの数,NG .resw source; locale=ja-JP; revision=7d81679f19f5fdaf5c8becaed58204869d1ac857
WINSyslogClient.WinUI/Strings/Resources,WINSyslogClient.WinUI Resources,nWriteLastDBINdex,最後のデータベース インデックスを頻繁に書き込む,NG .resw source; locale=ja-JP; revision=7d81679f19f5fdaf5c8becaed58204869d1ac857
WINSyslogClient.WinUI/Strings/Resources,WINSyslogClient.WinUI Resources,nZlibComp,データの圧縮にzLib圧縮を使用する,NG .resw source; locale=ja-JP; revision=7d81679f19f5fdaf5c8becaed58204869d1ac857
WINSyslogClient.WinUI/Strings/Resources,WINSyslogClient.WinUI Resources,ninteractive,インタラクティブSyslogビューア,NG .resw source; locale=ja-JP; revision=7d81679f19f5fdaf5c8becaed58204869d1ac857
WINSyslogClient.WinUI/Strings/Resources,WINSyslogClient.WinUI Resources,nloganalyzer,ログ解析＆レポートツール,NG .resw source; locale=ja-JP; revision=7d81679f19f5fdaf5c8becaed58204869d1ac857
WINSyslogClient.WinUI/Strings/Resources,WINSyslogClient.WinUI Resources,nlogfilemgr,ログファイル管理ツール,NG .resw source; locale=ja-JP; revision=7d81679f19f5fdaf5c8becaed58204869d1ac857
WINSyslogClient.WinUI/Strings/Resources,WINSyslogClient.WinUI Resources,nlogsearch,ログ検索ツール,NG .resw source; locale=ja-JP; revision=7d81679f19f5fdaf5c8becaed58204869d1ac857
WINSyslogClient.WinUI/Strings/Resources,WINSyslogClient.WinUI Resources,permittedsenders,次のIPアドレスからのSyslogメッセージのみ受信,NG .resw source; locale=ja-JP; revision=7d81679f19f5fdaf5c8becaed58204869d1ac857
WINSyslogClient.WinUI/Strings/Resources,WINSyslogClient.WinUI Resources,processedfiles,処理されたファイルプロパティ,NG .resw source; locale=ja-JP; revision=7d81679f19f5fdaf5c8becaed58204869d1ac857
WINSyslogClient.WinUI/Strings/Resources,WINSyslogClient.WinUI Resources,propertylist,プロパティ リスト,NG .resw source; locale=ja-JP; revision=7d81679f19f5fdaf5c8becaed58204869d1ac857
WINSyslogClient.WinUI/Strings/Resources,WINSyslogClient.WinUI Resources,snmpvars,SNMP 変数,NG .resw source; locale=ja-JP; revision=7d81679f19f5fdaf5c8becaed58204869d1ac857
WINSyslogClient.WinUI/Strings/Resources,WINSyslogClient.WinUI Resources,syslogservers,Syslog サーバー,NG .resw source; locale=ja-JP; revision=7d81679f19f5fdaf5c8becaed58204869d1ac857
WINSyslogClient.WinUI/Strings/Resources,WINSyslogClient.WinUI Resources,szActionCacheOptions,アクション キュー オプション,NG .resw source; locale=ja-JP; revision=7d81679f19f5fdaf5c8becaed58204869d1ac857
WINSyslogClient.WinUI/Strings/Resources,WINSyslogClient.WinUI Resources,szActionSpecific,アクションのオプション,NG .resw source; locale=ja-JP; revision=7d81679f19f5fdaf5c8becaed58204869d1ac857
WINSyslogClient.WinUI/Strings/Resources,WINSyslogClient.WinUI Resources,szAdvancedOptions,タイムアウト オプション,NG .resw source; locale=ja-JP; revision=7d81679f19f5fdaf5c8becaed58204869d1ac857
WINSyslogClient.WinUI/Strings/Resources,WINSyslogClient.WinUI Resources,szAgent,SNMPサーバー（IP）,NG .resw source; locale=ja-JP; revision=7d81679f19f5fdaf5c8becaed58204869d1ac857
WINSyslogClient.WinUI/Strings/Resources,WINSyslogClient.WinUI Resources,szAgentIP,Agent IP アドレス,NG .resw source; locale=ja-JP; revision=7d81679f19f5fdaf5c8becaed58204869d1ac857
WINSyslogClient.WinUI/Strings/Resources,WINSyslogClient.WinUI Resources,szAutoBackPath,サーチパス,NG .resw source; locale=ja-JP; revision=7d81679f19f5fdaf5c8becaed58204869d1ac857
WINSyslogClient.WinUI/Strings/Resources,WINSyslogClient.WinUI Resources,szAutoBackupRunCommand,ポストプロセス コマンド,NG .resw source; locale=ja-JP; revision=7d81679f19f5fdaf5c8becaed58204869d1ac857
WINSyslogClient.WinUI/Strings/Resources,WINSyslogClient.WinUI Resources,szButtonVerifyLicense,ライセンスを確認,NG .resw source; locale=ja-JP; revision=7d81679f19f5fdaf5c8becaed58204869d1ac857
WINSyslogClient.WinUI/Strings/Resources,WINSyslogClient.WinUI Resources,szCacheEventInfo,パフォーマンス上の理由から利用可能なすべてのキャッシュオプションを使用することをお勧めします。 ただしイベントログのデータをキャッシュしたくない場合はここで無効にすることができます。,NG .resw source; locale=ja-JP; revision=7d81679f19f5fdaf5c8becaed58204869d1ac857
WINSyslogClient.WinUI/Strings/Resources,WINSyslogClient.WinUI Resources,szCharMatch,Character Match,NG .resw source; locale=ja-JP; revision=7d81679f19f5fdaf5c8becaed58204869d1ac857
WINSyslogClient.WinUI/Strings/Resources,WINSyslogClient.WinUI Resources,szCharacterProcessing,文字処理関連オプション,NG .resw source; locale=ja-JP; revision=7d81679f19f5fdaf5c8becaed58204869d1ac857
WINSyslogClient.WinUI/Strings/Resources,WINSyslogClient.WinUI Resources,szCircularDisabled,循環ロギングを無効にする,NG .resw source; locale=ja-JP; revision=7d81679f19f5fdaf5c8becaed58204869d1ac857
WINSyslogClient.WinUI/Strings/Resources,WINSyslogClient.WinUI Resources,szCircularEnabled,循環ロギングを有効にする,NG .resw source; locale=ja-JP; revision=7d81679f19f5fdaf5c8becaed58204869d1ac857
WINSyslogClient.WinUI/Strings/Resources,WINSyslogClient.WinUI Resources,szClearEventLog0,消去しない (デフォルト),NG .resw source; locale=ja-JP; revision=7d81679f19f5fdaf5c8becaed58204869d1ac857
WINSyslogClient.WinUI/Strings/Resources,WINSyslogClient.WinUI Resources,szClearEventLog1,ポーリングサイクル後に毎回消去する,NG .resw source; locale=ja-JP; revision=7d81679f19f5fdaf5c8becaed58204869d1ac857
WINSyslogClient.WinUI/Strings/Resources,WINSyslogClient.WinUI Resources,szClearEventLog2,設定した時間に毎日消去する,NG .resw source; locale=ja-JP; revision=7d81679f19f5fdaf5c8becaed58204869d1ac857
WINSyslogClient.WinUI/Strings/Resources,WINSyslogClient.WinUI Resources,szCommand,実行コマンド,NG .resw source; locale=ja-JP; revision=7d81679f19f5fdaf5c8becaed58204869d1ac857
WINSyslogClient.WinUI/Strings/Resources,WINSyslogClient.WinUI Resources,szCommunity,コミュニティ,NG .resw source; locale=ja-JP; revision=7d81679f19f5fdaf5c8becaed58204869d1ac857
WINSyslogClient.WinUI/Strings/Resources,WINSyslogClient.WinUI Resources,szComputerName,コンピュータ名,NG .resw source; locale=ja-JP; revision=7d81679f19f5fdaf5c8becaed58204869d1ac857
WINSyslogClient.WinUI/Strings/Resources,WINSyslogClient.WinUI Resources,szConfigPostProcessPreview,メッセージのプレビュー,NG .resw source; locale=ja-JP; revision=7d81679f19f5fdaf5c8becaed58204869d1ac857
WINSyslogClient.WinUI/Strings/Resources,WINSyslogClient.WinUI Resources,szConfigRequestPreview,リクエストプレビュー,NG .resw source; locale=ja-JP; revision=7d81679f19f5fdaf5c8becaed58204869d1ac857
WINSyslogClient.WinUI/Strings/Resources,WINSyslogClient.WinUI Resources,szConfigUrlPreview,URL プレビュー,NG .resw source; locale=ja-JP; revision=7d81679f19f5fdaf5c8becaed58204869d1ac857
WINSyslogClient.WinUI/Strings/Resources,WINSyslogClient.WinUI Resources,szConnectionString,OLEDB 接続の設定,NG .resw source; locale=ja-JP; revision=7d81679f19f5fdaf5c8becaed58204869d1ac857
WINSyslogClient.WinUI/Strings/Resources,WINSyslogClient.WinUI Resources,szContentType,Content-Type,NG .resw source; locale=ja-JP; revision=7d81679f19f5fdaf5c8becaed58204869d1ac857
WINSyslogClient.WinUI/Strings/Resources,WINSyslogClient.WinUI Resources,szCopyFormatIntoProperty,次のプロパティに保存,NG .resw source; locale=ja-JP; revision=7d81679f19f5fdaf5c8becaed58204869d1ac857
WINSyslogClient.WinUI/Strings/Resources,WINSyslogClient.WinUI Resources,szCopyFormatIntoPropertyGroup,フォーマットをプロパティにコピー,NG .resw source; locale=ja-JP; revision=7d81679f19f5fdaf5c8becaed58204869d1ac857
WINSyslogClient.WinUI/Strings/Resources,WINSyslogClient.WinUI Resources,szCrashReporting,クラッシュレポート,NG .resw source; locale=ja-JP; revision=7d81679f19f5fdaf5c8becaed58204869d1ac857
WINSyslogClient.WinUI/Strings/Resources,WINSyslogClient.WinUI Resources,szCustomEventLog,カスタムイベントログチャンネル,NG .resw source; locale=ja-JP; revision=7d81679f19f5fdaf5c8becaed58204869d1ac857
WINSyslogClient.WinUI/Strings/Resources,WINSyslogClient.WinUI Resources,szCustomMessageFormat,カスタム メッセージフォーマット,NG .resw source; locale=ja-JP; revision=7d81679f19f5fdaf5c8becaed58204869d1ac857
WINSyslogClient.WinUI/Strings/Resources,WINSyslogClient.WinUI Resources,szCustomSeparator,カスタムセパレータ,NG .resw source; locale=ja-JP; revision=7d81679f19f5fdaf5c8becaed58204869d1ac857
WINSyslogClient.WinUI/Strings/Resources,WINSyslogClient.WinUI Resources,szCustomSource,カスタムイベントログ ソース,NG .resw source; locale=ja-JP; revision=7d81679f19f5fdaf5c8becaed58204869d1ac857
WINSyslogClient.WinUI/Strings/Resources,WINSyslogClient.WinUI Resources,szCustomSyslogHeader,カスタム Syslog ヘッダーを使用,NG .resw source; locale=ja-JP; revision=7d81679f19f5fdaf5c8becaed58204869d1ac857
WINSyslogClient.WinUI/Strings/Resources,WINSyslogClient.WinUI Resources,szDBDSN,DSN,NG .resw source; locale=ja-JP; revision=7d81679f19f5fdaf5c8becaed58204869d1ac857
WINSyslogClient.WinUI/Strings/Resources,WINSyslogClient.WinUI Resources,szDBPass,パスワード,NG .resw source; locale=ja-JP; revision=7d81679f19f5fdaf5c8becaed58204869d1ac857
WINSyslogClient.WinUI/Strings/Resources,WINSyslogClient.WinUI Resources,szDBSelect,ステートメント選択,NG .resw source; locale=ja-JP; revision=7d81679f19f5fdaf5c8becaed58204869d1ac857
WINSyslogClient.WinUI/Strings/Resources,WINSyslogClient.WinUI Resources,szDBTableName,データベース テーブル,NG .resw source; locale=ja-JP; revision=7d81679f19f5fdaf5c8becaed58204869d1ac857
WINSyslogClient.WinUI/Strings/Resources,WINSyslogClient.WinUI Resources,szDBUser,ユーザーID,NG .resw source; locale=ja-JP; revision=7d81679f19f5fdaf5c8becaed58204869d1ac857
WINSyslogClient.WinUI/Strings/Resources,WINSyslogClient.WinUI Resources,szDTLSServer,DTLS サーバー名,NG .resw source; locale=ja-JP; revision=7d81679f19f5fdaf5c8becaed58204869d1ac857
WINSyslogClient.WinUI/Strings/Resources,WINSyslogClient.WinUI Resources,szDataCatalog,データカタログ,NG .resw source; locale=ja-JP; revision=7d81679f19f5fdaf5c8becaed58204869d1ac857
WINSyslogClient.WinUI/Strings/Resources,WINSyslogClient.WinUI Resources,szDataSource,データソース,NG .resw source; locale=ja-JP; revision=7d81679f19f5fdaf5c8becaed58204869d1ac857
WINSyslogClient.WinUI/Strings/Resources,WINSyslogClient.WinUI Resources,szDatabaseValues,データベース プロパティ,NG .resw source; locale=ja-JP; revision=7d81679f19f5fdaf5c8becaed58204869d1ac857
WINSyslogClient.WinUI/Strings/Resources,WINSyslogClient.WinUI Resources,szDateTimeLT,datetime（ローカルタイム）,NG .resw source; locale=ja-JP; revision=7d81679f19f5fdaf5c8becaed58204869d1ac857
WINSyslogClient.WinUI/Strings/Resources,WINSyslogClient.WinUI Resources,szDateTimeUTC,datetime（UTC）,NG .resw source; locale=ja-JP; revision=7d81679f19f5fdaf5c8becaed58204869d1ac857
WINSyslogClient.WinUI/Strings/Resources,WINSyslogClient.WinUI Resources,szDebugFileName,ファイルパス,NG .resw source; locale=ja-JP; revision=7d81679f19f5fdaf5c8becaed58204869d1ac857
WINSyslogClient.WinUI/Strings/Resources,WINSyslogClient.WinUI Resources,szDestinationPropertyName,名前解決の保存先プロパティ,NG .resw source; locale=ja-JP; revision=7d81679f19f5fdaf5c8becaed58204869d1ac857
WINSyslogClient.WinUI/Strings/Resources,WINSyslogClient.WinUI Resources,szDetailProperties,詳細,NG .resw source; locale=ja-JP; revision=7d81679f19f5fdaf5c8becaed58204869d1ac857
WINSyslogClient.WinUI/Strings/Resources,WINSyslogClient.WinUI Resources,szDisabled,無効にする,NG .resw source; locale=ja-JP; revision=7d81679f19f5fdaf5c8becaed58204869d1ac857
WINSyslogClient.WinUI/Strings/Resources,WINSyslogClient.WinUI Resources,szDtsControlDisable,DTR制御 無効,NG .resw source; locale=ja-JP; revision=7d81679f19f5fdaf5c8becaed58204869d1ac857
WINSyslogClient.WinUI/Strings/Resources,WINSyslogClient.WinUI Resources,szDtsControlEnable,DTR制御 有効,NG .resw source; locale=ja-JP; revision=7d81679f19f5fdaf5c8becaed58204869d1ac857
WINSyslogClient.WinUI/Strings/Resources,WINSyslogClient.WinUI Resources,szDtsControlHandshake,DTR制御 ハンドシェイク,NG .resw source; locale=ja-JP; revision=7d81679f19f5fdaf5c8becaed58204869d1ac857
WINSyslogClient.WinUI/Strings/Resources,WINSyslogClient.WinUI Resources,szEditionInformation,"注意：送信許可リストを有効にすると、サービスに関連するすべてのネットワーク上で、設定されたデバイスからのメッセージ受信のみ受け付けます。

このリストへの入力に制限はありませんが、例えば送信元10IP制限のライセンスを所有の場合、設定送信許可リスト中の最初の10台のみ受け付けられます。",NG .resw source; locale=ja-JP; revision=7d81679f19f5fdaf5c8becaed58204869d1ac857
WINSyslogClient.WinUI/Strings/Resources,WINSyslogClient.WinUI Resources,szEnableReportCrash,クラッシュレポートを有効にしますか？,NG .resw source; locale=ja-JP; revision=7d81679f19f5fdaf5c8becaed58204869d1ac857
WINSyslogClient.WinUI/Strings/Resources,WINSyslogClient.WinUI Resources,szEnterprise,エンタープライズ OID,NG .resw source; locale=ja-JP; revision=7d81679f19f5fdaf5c8becaed58204869d1ac857
WINSyslogClient.WinUI/Strings/Resources,WINSyslogClient.WinUI Resources,szErrorLoadingConfiguration,設定読み込みのエラー,NG .resw source; locale=ja-JP; revision=7d81679f19f5fdaf5c8becaed58204869d1ac857
WINSyslogClient.WinUI/Strings/Resources,WINSyslogClient.WinUI Resources,szErrorLoadingConfigurationText,設定を読み込むことができません：,NG .resw source; locale=ja-JP; revision=7d81679f19f5fdaf5c8becaed58204869d1ac857
WINSyslogClient.WinUI/Strings/Resources,WINSyslogClient.WinUI Resources,szErrorRegistryAccessFailed,次のエラーにより、ローカルの設定レジストリにアクセスできませんでした：,NG .resw source; locale=ja-JP; revision=7d81679f19f5fdaf5c8becaed58204869d1ac857
WINSyslogClient.WinUI/Strings/Resources,WINSyslogClient.WinUI Resources,szErrorRemoteRegistryFailed,次のエラーにより、リモートの設定レジストリにアクセスできませんでした：,NG .resw source; locale=ja-JP; revision=7d81679f19f5fdaf5c8becaed58204869d1ac857
WINSyslogClient.WinUI/Strings/Resources,WINSyslogClient.WinUI Resources,szErrorRemoteRegistryFailed2,設定クライアントによりローカルの設定がリロードされます,NG .resw source; locale=ja-JP; revision=7d81679f19f5fdaf5c8becaed58204869d1ac857
WINSyslogClient.WinUI/Strings/Resources,WINSyslogClient.WinUI Resources,szErrorSavingConfiguration,設定保存のエラー,NG .resw source; locale=ja-JP; revision=7d81679f19f5fdaf5c8becaed58204869d1ac857
WINSyslogClient.WinUI/Strings/Resources,WINSyslogClient.WinUI Resources,szErrorSavingConfigurationText,設定が保存できませんでした: ,NG .resw source; locale=ja-JP; revision=7d81679f19f5fdaf5c8becaed58204869d1ac857
WINSyslogClient.WinUI/Strings/Resources,WINSyslogClient.WinUI Resources,szErrorSavingData,データ変数の保存に失敗しました,NG .resw source; locale=ja-JP; revision=7d81679f19f5fdaf5c8becaed58204869d1ac857
WINSyslogClient.WinUI/Strings/Resources,WINSyslogClient.WinUI Resources,szErrorSavingDataText,以下のディレクトリでデータ変数の保存に失敗しました: ,NG .resw source; locale=ja-JP; revision=7d81679f19f5fdaf5c8becaed58204869d1ac857
WINSyslogClient.WinUI/Strings/Resources,WINSyslogClient.WinUI Resources,szEvenParity,偶数パリティ,NG .resw source; locale=ja-JP; revision=7d81679f19f5fdaf5c8becaed58204869d1ac857
WINSyslogClient.WinUI/Strings/Resources,WINSyslogClient.WinUI Resources,szEventLogCor_clear,イベントログの全てのイベントを消去する,NG .resw source; locale=ja-JP; revision=7d81679f19f5fdaf5c8becaed58204869d1ac857
WINSyslogClient.WinUI/Strings/Resources,WINSyslogClient.WinUI Resources,szEventLogCor_ignore,破損したイベントを無視する,NG .resw source; locale=ja-JP; revision=7d81679f19f5fdaf5c8becaed58204869d1ac857
WINSyslogClient.WinUI/Strings/Resources,WINSyslogClient.WinUI Resources,szEventLogCor_retry,最初のイベントから再処理する,NG .resw source; locale=ja-JP; revision=7d81679f19f5fdaf5c8becaed58204869d1ac857
WINSyslogClient.WinUI/Strings/Resources,WINSyslogClient.WinUI Resources,szEventLogV2WarningOnWinXp,警告；ご利用の Windows のバージョンは、このサービスに必要な EventLog API をサポートしていません。,NG .resw source; locale=ja-JP; revision=7d81679f19f5fdaf5c8becaed58204869d1ac857
WINSyslogClient.WinUI/Strings/Resources,WINSyslogClient.WinUI Resources,szEventPollingOptions,イベント ポーリング関連オプション,NG .resw source; locale=ja-JP; revision=7d81679f19f5fdaf5c8becaed58204869d1ac857
WINSyslogClient.WinUI/Strings/Resources,WINSyslogClient.WinUI Resources,szEventTypesManage,イベントチャネルの管理,NG .resw source; locale=ja-JP; revision=7d81679f19f5fdaf5c8becaed58204869d1ac857
WINSyslogClient.WinUI/Strings/Resources,WINSyslogClient.WinUI Resources,szEventTypesToLog,出力するイベントログタイプ,NG .resw source; locale=ja-JP; revision=7d81679f19f5fdaf5c8becaed58204869d1ac857
WINSyslogClient.WinUI/Strings/Resources,WINSyslogClient.WinUI Resources,szEvtClrSaveFile,バックアップ ファイル名,NG .resw source; locale=ja-JP; revision=7d81679f19f5fdaf5c8becaed58204869d1ac857
WINSyslogClient.WinUI/Strings/Resources,WINSyslogClient.WinUI Resources,szFTPServer,FTP サーバー,NG .resw source; locale=ja-JP; revision=7d81679f19f5fdaf5c8becaed58204869d1ac857
WINSyslogClient.WinUI/Strings/Resources,WINSyslogClient.WinUI Resources,szFieldContent_,フィールド コンテンツ,NG .resw source; locale=ja-JP; revision=7d81679f19f5fdaf5c8becaed58204869d1ac857
WINSyslogClient.WinUI/Strings/Resources,WINSyslogClient.WinUI Resources,szFieldName_,フィールド 名,NG .resw source; locale=ja-JP; revision=7d81679f19f5fdaf5c8becaed58204869d1ac857
WINSyslogClient.WinUI/Strings/Resources,WINSyslogClient.WinUI Resources,szFileBaseName,ファイルベース名,NG .resw source; locale=ja-JP; revision=7d81679f19f5fdaf5c8becaed58204869d1ac857
WINSyslogClient.WinUI/Strings/Resources,WINSyslogClient.WinUI Resources,szFileExtension,ファイル拡張子,NG .resw source; locale=ja-JP; revision=7d81679f19f5fdaf5c8becaed58204869d1ac857
WINSyslogClient.WinUI/Strings/Resources,WINSyslogClient.WinUI Resources,szFileFormatAdiscon,Adisconフォーマット,NG .resw source; locale=ja-JP; revision=7d81679f19f5fdaf5c8becaed58204869d1ac857
WINSyslogClient.WinUI/Strings/Resources,WINSyslogClient.WinUI Resources,szFileFormatCustom,カスタムフォーマット,NG .resw source; locale=ja-JP; revision=7d81679f19f5fdaf5c8becaed58204869d1ac857
WINSyslogClient.WinUI/Strings/Resources,WINSyslogClient.WinUI Resources,szFileFormatRaw,Raw Syslog メッセージ,NG .resw source; locale=ja-JP; revision=7d81679f19f5fdaf5c8becaed58204869d1ac857
WINSyslogClient.WinUI/Strings/Resources,WINSyslogClient.WinUI Resources,szFileFormatWebtrends,Webtrends syslog 互換,NG .resw source; locale=ja-JP; revision=7d81679f19f5fdaf5c8becaed58204869d1ac857
WINSyslogClient.WinUI/Strings/Resources,WINSyslogClient.WinUI Resources,szFileHandlingOptions,ファイル処理オプション,NG .resw source; locale=ja-JP; revision=7d81679f19f5fdaf5c8becaed58204869d1ac857
WINSyslogClient.WinUI/Strings/Resources,WINSyslogClient.WinUI Resources,szFileNameOptions,ファイル名に関するオプション,NG .resw source; locale=ja-JP; revision=7d81679f19f5fdaf5c8becaed58204869d1ac857
WINSyslogClient.WinUI/Strings/Resources,WINSyslogClient.WinUI Resources,szFilePath,ファイルパス,NG .resw source; locale=ja-JP; revision=7d81679f19f5fdaf5c8becaed58204869d1ac857
WINSyslogClient.WinUI/Strings/Resources,WINSyslogClient.WinUI Resources,szFilename,サウンドファイル名,NG .resw source; locale=ja-JP; revision=7d81679f19f5fdaf5c8becaed58204869d1ac857
WINSyslogClient.WinUI/Strings/Resources,WINSyslogClient.WinUI Resources,szFilenamePreview,ファイル名プレビュー,NG .resw source; locale=ja-JP; revision=7d81679f19f5fdaf5c8becaed58204869d1ac857
WINSyslogClient.WinUI/Strings/Resources,WINSyslogClient.WinUI Resources,szFilenamePreviewLegendBase,ベース名,NG .resw source; locale=ja-JP; revision=7d81679f19f5fdaf5c8becaed58204869d1ac857
WINSyslogClient.WinUI/Strings/Resources,WINSyslogClient.WinUI Resources,szFilenamePreviewLegendDate,ソース / 日付 (動的),NG .resw source; locale=ja-JP; revision=7d81679f19f5fdaf5c8becaed58204869d1ac857
WINSyslogClient.WinUI/Strings/Resources,WINSyslogClient.WinUI Resources,szFilenamePreviewLegendExt,拡張子,NG .resw source; locale=ja-JP; revision=7d81679f19f5fdaf5c8becaed58204869d1ac857
WINSyslogClient.WinUI/Strings/Resources,WINSyslogClient.WinUI Resources,szFilenamePreviewLegendPath,ファイルパス,NG .resw source; locale=ja-JP; revision=7d81679f19f5fdaf5c8becaed58204869d1ac857
WINSyslogClient.WinUI/Strings/Resources,WINSyslogClient.WinUI Resources,szFilenamePreviewLegendSegment,セグメント # (動的),NG .resw source; locale=ja-JP; revision=7d81679f19f5fdaf5c8becaed58204869d1ac857
WINSyslogClient.WinUI/Strings/Resources,WINSyslogClient.WinUI Resources,szFilenamePreviewLegendTime,時刻 (動的): HH-MM-SS,NG .resw source; locale=ja-JP; revision=7d81679f19f5fdaf5c8becaed58204869d1ac857
WINSyslogClient.WinUI/Strings/Resources,WINSyslogClient.WinUI Resources,szGeneralOptions,ファイル 全体オプション,NG .resw source; locale=ja-JP; revision=7d81679f19f5fdaf5c8becaed58204869d1ac857
WINSyslogClient.WinUI/Strings/Resources,WINSyslogClient.WinUI Resources,szGeneralValues,メッセージに付加する値,NG .resw source; locale=ja-JP; revision=7d81679f19f5fdaf5c8becaed58204869d1ac857
WINSyslogClient.WinUI/Strings/Resources,WINSyslogClient.WinUI Resources,szGenericName0,0 - Cold Start,NG .resw source; locale=ja-JP; revision=7d81679f19f5fdaf5c8becaed58204869d1ac857
WINSyslogClient.WinUI/Strings/Resources,WINSyslogClient.WinUI Resources,szGenericName1,1 - Warm Start,NG .resw source; locale=ja-JP; revision=7d81679f19f5fdaf5c8becaed58204869d1ac857
WINSyslogClient.WinUI/Strings/Resources,WINSyslogClient.WinUI Resources,szGenericName2,2 - Link Down,NG .resw source; locale=ja-JP; revision=7d81679f19f5fdaf5c8becaed58204869d1ac857
WINSyslogClient.WinUI/Strings/Resources,WINSyslogClient.WinUI Resources,szGenericName3,3 - Link Up,NG .resw source; locale=ja-JP; revision=7d81679f19f5fdaf5c8becaed58204869d1ac857
WINSyslogClient.WinUI/Strings/Resources,WINSyslogClient.WinUI Resources,szGenericName4,4 - Authentication Failure,NG .resw source; locale=ja-JP; revision=7d81679f19f5fdaf5c8becaed58204869d1ac857
WINSyslogClient.WinUI/Strings/Resources,WINSyslogClient.WinUI Resources,szGenericName5,5 - EGP Neighbor Loss,NG .resw source; locale=ja-JP; revision=7d81679f19f5fdaf5c8becaed58204869d1ac857
WINSyslogClient.WinUI/Strings/Resources,WINSyslogClient.WinUI Resources,szGenericName6,6 - Enterprise Specific,NG .resw source; locale=ja-JP; revision=7d81679f19f5fdaf5c8becaed58204869d1ac857
WINSyslogClient.WinUI/Strings/Resources,WINSyslogClient.WinUI Resources,szHTTPServer,HTTP サーバー,NG .resw source; locale=ja-JP; revision=7d81679f19f5fdaf5c8becaed58204869d1ac857
WINSyslogClient.WinUI/Strings/Resources,WINSyslogClient.WinUI Resources,szHost,ホスト,NG .resw source; locale=ja-JP; revision=7d81679f19f5fdaf5c8becaed58204869d1ac857
WINSyslogClient.WinUI/Strings/Resources,WINSyslogClient.WinUI Resources,szIMAPServer,IMAP サーバー,NG .resw source; locale=ja-JP; revision=7d81679f19f5fdaf5c8becaed58204869d1ac857
WINSyslogClient.WinUI/Strings/Resources,WINSyslogClient.WinUI Resources,szIPAddress,IP アドレスまたはホスト名,NG .resw source; locale=ja-JP; revision=7d81679f19f5fdaf5c8becaed58204869d1ac857
WINSyslogClient.WinUI/Strings/Resources,WINSyslogClient.WinUI Resources,szIP_,IPアドレス,NG .resw source; locale=ja-JP; revision=7d81679f19f5fdaf5c8becaed58204869d1ac857
WINSyslogClient.WinUI/Strings/Resources,WINSyslogClient.WinUI Resources,szIPv4,IP V4 Address,NG .resw source; locale=ja-JP; revision=7d81679f19f5fdaf5c8becaed58204869d1ac857
WINSyslogClient.WinUI/Strings/Resources,WINSyslogClient.WinUI Resources,szIgnoreTlsCertWarning,TLS 証明書検証を無効にします。ラボまたはテスト環境でのみ使用してください。,NG .resw source; locale=ja-JP; revision=7d81679f19f5fdaf5c8becaed58204869d1ac857
WINSyslogClient.WinUI/Strings/Resources,WINSyslogClient.WinUI Resources,szIncludeMsgSepInMessageDisabled,メッセージにメッセージセパレータを含めない,NG .resw source; locale=ja-JP; revision=7d81679f19f5fdaf5c8becaed58204869d1ac857
WINSyslogClient.WinUI/Strings/Resources,WINSyslogClient.WinUI Resources,szIncludeMsgSepInMessageLastMsgSepPrepend,メッセージの先頭に以前検出されたセパレータを付加する,NG .resw source; locale=ja-JP; revision=7d81679f19f5fdaf5c8becaed58204869d1ac857
WINSyslogClient.WinUI/Strings/Resources,WINSyslogClient.WinUI Resources,szIncludeMsgSepInMessageMsgSepAppend,メッセージに検出されたセパレータを付加する,NG .resw source; locale=ja-JP; revision=7d81679f19f5fdaf5c8becaed58204869d1ac857
WINSyslogClient.WinUI/Strings/Resources,WINSyslogClient.WinUI Resources,szIncludeMsgSepInMessageMsgSepPrepend,メッセージの先頭に検出されたセパレータを付加する,NG .resw source; locale=ja-JP; revision=7d81679f19f5fdaf5c8becaed58204869d1ac857
WINSyslogClient.WinUI/Strings/Resources,WINSyslogClient.WinUI Resources,szInsertStatement,挿入,NG .resw source; locale=ja-JP; revision=7d81679f19f5fdaf5c8becaed58204869d1ac857
WINSyslogClient.WinUI/Strings/Resources,WINSyslogClient.WinUI Resources,szInt,int,NG .resw source; locale=ja-JP; revision=7d81679f19f5fdaf5c8becaed58204869d1ac857
WINSyslogClient.WinUI/Strings/Resources,WINSyslogClient.WinUI Resources,szInteger,Integer,NG .resw source; locale=ja-JP; revision=7d81679f19f5fdaf5c8becaed58204869d1ac857
WINSyslogClient.WinUI/Strings/Resources,WINSyslogClient.WinUI Resources,szIsoTimestamp,ISO-like Timestamp,NG .resw source; locale=ja-JP; revision=7d81679f19f5fdaf5c8becaed58204869d1ac857
WINSyslogClient.WinUI/Strings/Resources,WINSyslogClient.WinUI Resources,szIutFormat,XMLの表記コードをMWAgentとして転送する,NG .resw source; locale=ja-JP; revision=7d81679f19f5fdaf5c8becaed58204869d1ac857
WINSyslogClient.WinUI/Strings/Resources,WINSyslogClient.WinUI Resources,szJsonFormat,CEE Syslog フォーマットを使用,NG .resw source; locale=ja-JP; revision=7d81679f19f5fdaf5c8becaed58204869d1ac857
WINSyslogClient.WinUI/Strings/Resources,WINSyslogClient.WinUI Resources,szLastDBIndex,最後に処理されたデータベース インデックス番号,NG .resw source; locale=ja-JP; revision=7d81679f19f5fdaf5c8becaed58204869d1ac857
WINSyslogClient.WinUI/Strings/Resources,WINSyslogClient.WinUI Resources,szLicense,ライセンス情報,NG .resw source; locale=ja-JP; revision=7d81679f19f5fdaf5c8becaed58204869d1ac857
WINSyslogClient.WinUI/Strings/Resources,WINSyslogClient.WinUI Resources,szLicenseFileIntro,ライセンス ファイル (.alic) を %DEFAULTLICENSEV2PATH% に配置するか、下で参照またはドロップしてください。パスを空のままにすると既定の場所が使われます。,NG .resw source; locale=ja-JP; revision=7d81679f19f5fdaf5c8becaed58204869d1ac857
WINSyslogClient.WinUI/Strings/Resources,WINSyslogClient.WinUI Resources,szLicenseV2,ライセンスファイル,NG .resw source; locale=ja-JP; revision=7d81679f19f5fdaf5c8becaed58204869d1ac857
WINSyslogClient.WinUI/Strings/Resources,WINSyslogClient.WinUI Resources,szLicenseV2DefaultPath,既定のランタイムパス: %DEFAULTLICENSEV2PATH%。このフィールドを空にするとその場所を使用します。,NG .resw source; locale=ja-JP; revision=7d81679f19f5fdaf5c8becaed58204869d1ac857
WINSyslogClient.WinUI/Strings/Resources,WINSyslogClient.WinUI Resources,szLicenseV2Expired,ライセンスファイルの有効期限が切れています。,NG .resw source; locale=ja-JP; revision=7d81679f19f5fdaf5c8becaed58204869d1ac857
WINSyslogClient.WinUI/Strings/Resources,WINSyslogClient.WinUI Resources,szLicenseV2NotYetValid,このライセンスファイルはまだ有効ではありません。%VALIDFROMLOCAL%（UTC: %VALIDFROMUTC%）から有効になります。その時刻以降に再度お試しください。,NG .resw source; locale=ja-JP; revision=7d81679f19f5fdaf5c8becaed58204869d1ac857
WINSyslogClient.WinUI/Strings/Resources,WINSyslogClient.WinUI Resources,szLicenseV2NotYetValidGeneric,ライセンスファイルはまだ有効ではありません。,NG .resw source; locale=ja-JP; revision=7d81679f19f5fdaf5c8becaed58204869d1ac857
WINSyslogClient.WinUI/Strings/Resources,WINSyslogClient.WinUI Resources,szLicenseV2NotYetValidIssued,ライセンスの発行日時: %ISSUEDATLOCAL%,NG .resw source; locale=ja-JP; revision=7d81679f19f5fdaf5c8becaed58204869d1ac857
WINSyslogClient.WinUI/Strings/Resources,WINSyslogClient.WinUI Resources,szLicenseV2Path,License file path,NG .resw source; locale=ja-JP; revision=7d81679f19f5fdaf5c8becaed58204869d1ac857
WINSyslogClient.WinUI/Strings/Resources,WINSyslogClient.WinUI Resources,szLineFormat,出力メッセージ,NG .resw source; locale=ja-JP; revision=7d81679f19f5fdaf5c8becaed58204869d1ac857
WINSyslogClient.WinUI/Strings/Resources,WINSyslogClient.WinUI Resources,szLoadedRuleSet,ルールセットの読み込み: ,NG .resw source; locale=ja-JP; revision=7d81679f19f5fdaf5c8becaed58204869d1ac857
WINSyslogClient.WinUI/Strings/Resources,WINSyslogClient.WinUI Resources,szLoadedService,サービスの読み込み: ,NG .resw source; locale=ja-JP; revision=7d81679f19f5fdaf5c8becaed58204869d1ac857
WINSyslogClient.WinUI/Strings/Resources,WINSyslogClient.WinUI Resources,szLocation,ロケーション,NG .resw source; locale=ja-JP; revision=7d81679f19f5fdaf5c8becaed58204869d1ac857
WINSyslogClient.WinUI/Strings/Resources,WINSyslogClient.WinUI Resources,szLogFileName,ファイルパス,NG .resw source; locale=ja-JP; revision=7d81679f19f5fdaf5c8becaed58204869d1ac857
WINSyslogClient.WinUI/Strings/Resources,WINSyslogClient.WinUI Resources,szLogFileTypeStandard,スタンダード,NG .resw source; locale=ja-JP; revision=7d81679f19f5fdaf5c8becaed58204869d1ac857
WINSyslogClient.WinUI/Strings/Resources,WINSyslogClient.WinUI Resources,szLogFileTypeW3C,W3C Webサーバー ログファイル,NG .resw source; locale=ja-JP; revision=7d81679f19f5fdaf5c8becaed58204869d1ac857
WINSyslogClient.WinUI/Strings/Resources,WINSyslogClient.WinUI Resources,szLogMoveAfterRotatePath,移動先ディレクトリ,NG .resw source; locale=ja-JP; revision=7d81679f19f5fdaf5c8becaed58204869d1ac857
WINSyslogClient.WinUI/Strings/Resources,WINSyslogClient.WinUI Resources,szLogPostProcessing,ログローテーション,NG .resw source; locale=ja-JP; revision=7d81679f19f5fdaf5c8becaed58204869d1ac857
WINSyslogClient.WinUI/Strings/Resources,WINSyslogClient.WinUI Resources,szLogRotateDisableUniqueFilenameMessage,"ログローテーションはローテーション時にファイル名を自動的に管理します。

ログローテーションの例：

application.log   → 現在のログファイル
application.log.1 → 1世代前のログファイル（ローテーション済み）
application.log.2 → さらに古いログファイル（ローテーション済み）

一方、「ファイル名に日付を出力」を有効にすると、ログファイル名にタイムスタンプが付与されます（例：app_2024-01-15.log）。

ログローテーションは数値サフィックスによりファイル世代を管理するため、
「ファイル名に日付を出力」と併用すると動作が重複し、ログローテーションが正しく機能しません。

そのため、ログローテーション機能を使用する場合は
「ファイル名に日付を出力」を無効にすることを推奨します。

「ファイル名に日付を出力」を無効にしますか？",NG .resw source; locale=ja-JP; revision=7d81679f19f5fdaf5c8becaed58204869d1ac857
WINSyslogClient.WinUI/Strings/Resources,WINSyslogClient.WinUI Resources,szLogRotateDisableUniqueFilenameTitle,ログローテーション,NG .resw source; locale=ja-JP; revision=7d81679f19f5fdaf5c8becaed58204869d1ac857
WINSyslogClient.WinUI/Strings/Resources,WINSyslogClient.WinUI Resources,szLogRotateTimeoutUnitDays,日,NG .resw source; locale=ja-JP; revision=7d81679f19f5fdaf5c8becaed58204869d1ac857
WINSyslogClient.WinUI/Strings/Resources,WINSyslogClient.WinUI Resources,szLogRotateTimeoutUnitHours,時間,NG .resw source; locale=ja-JP; revision=7d81679f19f5fdaf5c8becaed58204869d1ac857
WINSyslogClient.WinUI/Strings/Resources,WINSyslogClient.WinUI Resources,szLogRotateTimeoutUnitMinutes,分,NG .resw source; locale=ja-JP; revision=7d81679f19f5fdaf5c8becaed58204869d1ac857
WINSyslogClient.WinUI/Strings/Resources,WINSyslogClient.WinUI Resources,szLogRotateTimeoutUnitMonths,月,NG .resw source; locale=ja-JP; revision=7d81679f19f5fdaf5c8becaed58204869d1ac857
WINSyslogClient.WinUI/Strings/Resources,WINSyslogClient.WinUI Resources,szLogRotateTimeoutUnitSeconds,秒,NG .resw source; locale=ja-JP; revision=7d81679f19f5fdaf5c8becaed58204869d1ac857
WINSyslogClient.WinUI/Strings/Resources,WINSyslogClient.WinUI Resources,szLogRotateTimeoutUnitWeeks,週,NG .resw source; locale=ja-JP; revision=7d81679f19f5fdaf5c8becaed58204869d1ac857
WINSyslogClient.WinUI/Strings/Resources,WINSyslogClient.WinUI Resources,szLogRotateTimeoutWarningCancelled,ローテーション間隔は適用されませんでした。5分未満の間隔を維持する場合は「はい」を選択するか、変更を確定する前に間隔を長くしてください。,NG .resw source; locale=ja-JP; revision=7d81679f19f5fdaf5c8becaed58204869d1ac857
WINSyslogClient.WinUI/Strings/Resources,WINSyslogClient.WinUI Resources,szLogRotateTimeoutWarningNo,いいえ,NG .resw source; locale=ja-JP; revision=7d81679f19f5fdaf5c8becaed58204869d1ac857
WINSyslogClient.WinUI/Strings/Resources,WINSyslogClient.WinUI Resources,szLogRotateTimeoutWarningText,5分未満の間隔でログファイルをローテーションすると、多数のファイルが作成され、ログ処理のパフォーマンスに影響する可能性があります。この間隔を維持しますか？,NG .resw source; locale=ja-JP; revision=7d81679f19f5fdaf5c8becaed58204869d1ac857
WINSyslogClient.WinUI/Strings/Resources,WINSyslogClient.WinUI Resources,szLogRotateTimeoutWarningTitle,短いログローテーション間隔,NG .resw source; locale=ja-JP; revision=7d81679f19f5fdaf5c8becaed58204869d1ac857
WINSyslogClient.WinUI/Strings/Resources,WINSyslogClient.WinUI Resources,szLogRotateTimeoutWarningUnavailable,間隔の警告を表示できませんでした。間隔を少なくとも5分に長くするか、もう一度お試しください。,NG .resw source; locale=ja-JP; revision=7d81679f19f5fdaf5c8becaed58204869d1ac857
WINSyslogClient.WinUI/Strings/Resources,WINSyslogClient.WinUI Resources,szLogRotateTimeoutWarningYes,はい,NG .resw source; locale=ja-JP; revision=7d81679f19f5fdaf5c8becaed58204869d1ac857
WINSyslogClient.WinUI/Strings/Resources,WINSyslogClient.WinUI Resources,szLogType,イベントログのタイプ,NG .resw source; locale=ja-JP; revision=7d81679f19f5fdaf5c8becaed58204869d1ac857
WINSyslogClient.WinUI/Strings/Resources,WINSyslogClient.WinUI Resources,szLogZipGzip,GZIP(.gz)圧縮,NG .resw source; locale=ja-JP; revision=7d81679f19f5fdaf5c8becaed58204869d1ac857
WINSyslogClient.WinUI/Strings/Resources,WINSyslogClient.WinUI Resources,szLogZipZip,ZIP(.zip)圧縮,NG .resw source; locale=ja-JP; revision=7d81679f19f5fdaf5c8becaed58204869d1ac857
WINSyslogClient.WinUI/Strings/Resources,WINSyslogClient.WinUI Resources,szMIBSPath,MIB の場所（パス）,NG .resw source; locale=ja-JP; revision=7d81679f19f5fdaf5c8becaed58204869d1ac857
WINSyslogClient.WinUI/Strings/Resources,WINSyslogClient.WinUI Resources,szMailServer,SMTP サーバー,NG .resw source; locale=ja-JP; revision=7d81679f19f5fdaf5c8becaed58204869d1ac857
WINSyslogClient.WinUI/Strings/Resources,WINSyslogClient.WinUI Resources,szMarkParity,マークパリティ,NG .resw source; locale=ja-JP; revision=7d81679f19f5fdaf5c8becaed58204869d1ac857
WINSyslogClient.WinUI/Strings/Resources,WINSyslogClient.WinUI Resources,szMessage,正規化するパラメーター,NG .resw source; locale=ja-JP; revision=7d81679f19f5fdaf5c8becaed58204869d1ac857
WINSyslogClient.WinUI/Strings/Resources,WINSyslogClient.WinUI Resources,szMessageBegin,スタートアップ時に送信,NG .resw source; locale=ja-JP; revision=7d81679f19f5fdaf5c8becaed58204869d1ac857
WINSyslogClient.WinUI/Strings/Resources,WINSyslogClient.WinUI Resources,szMessageEnd,メッセージ末尾の処理,NG .resw source; locale=ja-JP; revision=7d81679f19f5fdaf5c8becaed58204869d1ac857
WINSyslogClient.WinUI/Strings/Resources,WINSyslogClient.WinUI Resources,szMessageExpected,想定されるメッセージ: ,NG .resw source; locale=ja-JP; revision=7d81679f19f5fdaf5c8becaed58204869d1ac857
WINSyslogClient.WinUI/Strings/Resources,WINSyslogClient.WinUI Resources,szMessageFormat,送信メッセージ,NG .resw source; locale=ja-JP; revision=7d81679f19f5fdaf5c8becaed58204869d1ac857
WINSyslogClient.WinUI/Strings/Resources,WINSyslogClient.WinUI Resources,szMessageMode,メッセージ フィールド (%msg%),NG .resw source; locale=ja-JP; revision=7d81679f19f5fdaf5c8becaed58204869d1ac857
WINSyslogClient.WinUI/Strings/Resources,WINSyslogClient.WinUI Resources,szMessageProcessing,メッセージ処理関連オプション,NG .resw source; locale=ja-JP; revision=7d81679f19f5fdaf5c8becaed58204869d1ac857
WINSyslogClient.WinUI/Strings/Resources,WINSyslogClient.WinUI Resources,szMessageToSend,送信メッセージ: ,NG .resw source; locale=ja-JP; revision=7d81679f19f5fdaf5c8becaed58204869d1ac857
WINSyslogClient.WinUI/Strings/Resources,WINSyslogClient.WinUI Resources,szMessagecontent,出力メッセージ,NG .resw source; locale=ja-JP; revision=7d81679f19f5fdaf5c8becaed58204869d1ac857
WINSyslogClient.WinUI/Strings/Resources,WINSyslogClient.WinUI Resources,szMoreInfoCrash,"有効にすると、クラッシュダンプが自動的にhttp://crashdump.adiscon.comにアップロードされます。
これらのクラッシュダンプには個人データは含まれません。
問題に関連するデータのみ送信されます。",NG .resw source; locale=ja-JP; revision=7d81679f19f5fdaf5c8becaed58204869d1ac857
WINSyslogClient.WinUI/Strings/Resources,WINSyslogClient.WinUI Resources,szMoreInformation,詳細情報は以下...,NG .resw source; locale=ja-JP; revision=7d81679f19f5fdaf5c8becaed58204869d1ac857
WINSyslogClient.WinUI/Strings/Resources,WINSyslogClient.WinUI Resources,szMsgSep_,メッセージの分離シーケンス,NG .resw source; locale=ja-JP; revision=7d81679f19f5fdaf5c8becaed58204869d1ac857
WINSyslogClient.WinUI/Strings/Resources,WINSyslogClient.WinUI Resources,szMultiCastAddress,マルチキャストアドレス,NG .resw source; locale=ja-JP; revision=7d81679f19f5fdaf5c8becaed58204869d1ac857
WINSyslogClient.WinUI/Strings/Resources,WINSyslogClient.WinUI Resources,szMyIPAddress,IP アドレス,NG .resw source; locale=ja-JP; revision=7d81679f19f5fdaf5c8becaed58204869d1ac857
WINSyslogClient.WinUI/Strings/Resources,WINSyslogClient.WinUI Resources,szNNTPServer,NNTP サーバー,NG .resw source; locale=ja-JP; revision=7d81679f19f5fdaf5c8becaed58204869d1ac857
WINSyslogClient.WinUI/Strings/Resources,WINSyslogClient.WinUI Resources,szNetworkOptions,ネットワーク固有,NG .resw source; locale=ja-JP; revision=7d81679f19f5fdaf5c8becaed58204869d1ac857
WINSyslogClient.WinUI/Strings/Resources,WINSyslogClient.WinUI Resources,szNoParity,パリティなし,NG .resw source; locale=ja-JP; revision=7d81679f19f5fdaf5c8becaed58204869d1ac857
WINSyslogClient.WinUI/Strings/Resources,WINSyslogClient.WinUI Resources,szODBCDsn,DSN,NG .resw source; locale=ja-JP; revision=7d81679f19f5fdaf5c8becaed58204869d1ac857
WINSyslogClient.WinUI/Strings/Resources,WINSyslogClient.WinUI Resources,szODBCPwd,パスワード,NG .resw source; locale=ja-JP; revision=7d81679f19f5fdaf5c8becaed58204869d1ac857
WINSyslogClient.WinUI/Strings/Resources,WINSyslogClient.WinUI Resources,szODBCUid,ユーザーID,NG .resw source; locale=ja-JP; revision=7d81679f19f5fdaf5c8becaed58204869d1ac857
WINSyslogClient.WinUI/Strings/Resources,WINSyslogClient.WinUI Resources,szOddParity,奇数パリティ,NG .resw source; locale=ja-JP; revision=7d81679f19f5fdaf5c8becaed58204869d1ac857
WINSyslogClient.WinUI/Strings/Resources,WINSyslogClient.WinUI Resources,szOne5StopBits,1.5 Stop bit,NG .resw source; locale=ja-JP; revision=7d81679f19f5fdaf5c8becaed58204869d1ac857
WINSyslogClient.WinUI/Strings/Resources,WINSyslogClient.WinUI Resources,szOneStopBit,1 Stop bit,NG .resw source; locale=ja-JP; revision=7d81679f19f5fdaf5c8becaed58204869d1ac857
WINSyslogClient.WinUI/Strings/Resources,WINSyslogClient.WinUI Resources,szOpenSearchOptions,OpenSearch オプション,NG .resw source; locale=ja-JP; revision=7d81679f19f5fdaf5c8becaed58204869d1ac857
WINSyslogClient.WinUI/Strings/Resources,WINSyslogClient.WinUI Resources,szOperationType,オペレーションタイプ,NG .resw source; locale=ja-JP; revision=7d81679f19f5fdaf5c8becaed58204869d1ac857
WINSyslogClient.WinUI/Strings/Resources,WINSyslogClient.WinUI Resources,szOptions,オプション,NG .resw source; locale=ja-JP; revision=7d81679f19f5fdaf5c8becaed58204869d1ac857
WINSyslogClient.WinUI/Strings/Resources,WINSyslogClient.WinUI Resources,szOtherOptions,エンジンのその他のオプション,NG .resw source; locale=ja-JP; revision=7d81679f19f5fdaf5c8becaed58204869d1ac857
WINSyslogClient.WinUI/Strings/Resources,WINSyslogClient.WinUI Resources,szOutputFormat_CSV,CSV フォーマット,NG .resw source; locale=ja-JP; revision=7d81679f19f5fdaf5c8becaed58204869d1ac857
WINSyslogClient.WinUI/Strings/Resources,WINSyslogClient.WinUI Resources,szOutputFormat_Disabled,無効,NG .resw source; locale=ja-JP; revision=7d81679f19f5fdaf5c8becaed58204869d1ac857
WINSyslogClient.WinUI/Strings/Resources,WINSyslogClient.WinUI Resources,szOutputFormat_JSON,JSON フォーマット,NG .resw source; locale=ja-JP; revision=7d81679f19f5fdaf5c8becaed58204869d1ac857
WINSyslogClient.WinUI/Strings/Resources,WINSyslogClient.WinUI Resources,szOutputFormat_XML,XML フォーマット,NG .resw source; locale=ja-JP; revision=7d81679f19f5fdaf5c8becaed58204869d1ac857
WINSyslogClient.WinUI/Strings/Resources,WINSyslogClient.WinUI Resources,szOutputProperty,出力プロパティ,NG .resw source; locale=ja-JP; revision=7d81679f19f5fdaf5c8becaed58204869d1ac857
WINSyslogClient.WinUI/Strings/Resources,WINSyslogClient.WinUI Resources,szOverwriteValues,Syslogプロパティを上書き,NG .resw source; locale=ja-JP; revision=7d81679f19f5fdaf5c8becaed58204869d1ac857
WINSyslogClient.WinUI/Strings/Resources,WINSyslogClient.WinUI Resources,szPOP3Server,POP3 サーバー,NG .resw source; locale=ja-JP; revision=7d81679f19f5fdaf5c8becaed58204869d1ac857
WINSyslogClient.WinUI/Strings/Resources,WINSyslogClient.WinUI Resources,szParameters,コマンドのパラメータ,NG .resw source; locale=ja-JP; revision=7d81679f19f5fdaf5c8becaed58204869d1ac857
WINSyslogClient.WinUI/Strings/Resources,WINSyslogClient.WinUI Resources,szParsValue_,値,NG .resw source; locale=ja-JP; revision=7d81679f19f5fdaf5c8becaed58204869d1ac857
WINSyslogClient.WinUI/Strings/Resources,WINSyslogClient.WinUI Resources,szPassword,パスワード,NG .resw source; locale=ja-JP; revision=7d81679f19f5fdaf5c8becaed58204869d1ac857
WINSyslogClient.WinUI/Strings/Resources,WINSyslogClient.WinUI Resources,szPathAndFileName,ファイルパス,NG .resw source; locale=ja-JP; revision=7d81679f19f5fdaf5c8becaed58204869d1ac857
WINSyslogClient.WinUI/Strings/Resources,WINSyslogClient.WinUI Resources,szPortName,メッセージの送信ポート,NG .resw source; locale=ja-JP; revision=7d81679f19f5fdaf5c8becaed58204869d1ac857
WINSyslogClient.WinUI/Strings/Resources,WINSyslogClient.WinUI Resources,szPortSettings,ポート設定,NG .resw source; locale=ja-JP; revision=7d81679f19f5fdaf5c8becaed58204869d1ac857
WINSyslogClient.WinUI/Strings/Resources,WINSyslogClient.WinUI Resources,szPostProcessApps,起動可能なアプリケーション,NG .resw source; locale=ja-JP; revision=7d81679f19f5fdaf5c8becaed58204869d1ac857
WINSyslogClient.WinUI/Strings/Resources,WINSyslogClient.WinUI Resources,szPriorityLow,ä½Ž,NG .resw source; locale=ja-JP; revision=7d81679f19f5fdaf5c8becaed58204869d1ac857
WINSyslogClient.WinUI/Strings/Resources,WINSyslogClient.WinUI Resources,szPriorityNormal,ä¸­,NG .resw source; locale=ja-JP; revision=7d81679f19f5fdaf5c8becaed58204869d1ac857
WINSyslogClient.WinUI/Strings/Resources,WINSyslogClient.WinUI Resources,szPriorityhigh,高,NG .resw source; locale=ja-JP; revision=7d81679f19f5fdaf5c8becaed58204869d1ac857
WINSyslogClient.WinUI/Strings/Resources,WINSyslogClient.WinUI Resources,szPropertiesTableName,詳細データ テーブル名,NG .resw source; locale=ja-JP; revision=7d81679f19f5fdaf5c8becaed58204869d1ac857
WINSyslogClient.WinUI/Strings/Resources,WINSyslogClient.WinUI Resources,szPropertyName,ステータス変数名,NG .resw source; locale=ja-JP; revision=7d81679f19f5fdaf5c8becaed58204869d1ac857
WINSyslogClient.WinUI/Strings/Resources,WINSyslogClient.WinUI Resources,szPropertyType,プロパティタイプの選択,NG .resw source; locale=ja-JP; revision=7d81679f19f5fdaf5c8becaed58204869d1ac857
WINSyslogClient.WinUI/Strings/Resources,WINSyslogClient.WinUI Resources,szPropertyValue,プロパティ値を設定,NG .resw source; locale=ja-JP; revision=7d81679f19f5fdaf5c8becaed58204869d1ac857
WINSyslogClient.WinUI/Strings/Resources,WINSyslogClient.WinUI Resources,szProperty_,プロパティ名,NG .resw source; locale=ja-JP; revision=7d81679f19f5fdaf5c8becaed58204869d1ac857
WINSyslogClient.WinUI/Strings/Resources,WINSyslogClient.WinUI Resources,szProvider,プロバイダ,NG .resw source; locale=ja-JP; revision=7d81679f19f5fdaf5c8becaed58204869d1ac857
WINSyslogClient.WinUI/Strings/Resources,WINSyslogClient.WinUI Resources,szQueueBody,出力メッセージ,NG .resw source; locale=ja-JP; revision=7d81679f19f5fdaf5c8becaed58204869d1ac857
WINSyslogClient.WinUI/Strings/Resources,WINSyslogClient.WinUI Resources,szQueueLable,キューのメッセージラベル,NG .resw source; locale=ja-JP; revision=7d81679f19f5fdaf5c8becaed58204869d1ac857
WINSyslogClient.WinUI/Strings/Resources,WINSyslogClient.WinUI Resources,szQueueName,キュー名,NG .resw source; locale=ja-JP; revision=7d81679f19f5fdaf5c8becaed58204869d1ac857
WINSyslogClient.WinUI/Strings/Resources,WINSyslogClient.WinUI Resources,szRELPOptions,全般オプション,NG .resw source; locale=ja-JP; revision=7d81679f19f5fdaf5c8becaed58204869d1ac857
WINSyslogClient.WinUI/Strings/Resources,WINSyslogClient.WinUI Resources,szROM,Rest of Message,NG .resw source; locale=ja-JP; revision=7d81679f19f5fdaf5c8becaed58204869d1ac857
WINSyslogClient.WinUI/Strings/Resources,WINSyslogClient.WinUI Resources,szReadFileBufferInfo,"ファイルモニターは読み取りファイルバッファーサイズごとにファイルを読み取ります。
デフォルトのバッファーサイズは4096バイトです。これはパフォーマンスとメモリ使用量のバランスに優れています。

正規表現のメッセージセパレーターの使用やデフォルトファイルバッファーサイズを超えるログ行がある場合はこのサイズを増やすことができます。その他はこの値を変更しないことをお勧めします。",NG .resw source; locale=ja-JP; revision=7d81679f19f5fdaf5c8becaed58204869d1ac857
WINSyslogClient.WinUI/Strings/Resources,WINSyslogClient.WinUI Resources,szReferer,リンク元,NG .resw source; locale=ja-JP; revision=7d81679f19f5fdaf5c8becaed58204869d1ac857
WINSyslogClient.WinUI/Strings/Resources,WINSyslogClient.WinUI Resources,szRegistryError,設定レジストリへのアクセスエラー,NG .resw source; locale=ja-JP; revision=7d81679f19f5fdaf5c8becaed58204869d1ac857
WINSyslogClient.WinUI/Strings/Resources,WINSyslogClient.WinUI Resources,szRemoteHost,リモートホスト,NG .resw source; locale=ja-JP; revision=7d81679f19f5fdaf5c8becaed58204869d1ac857
WINSyslogClient.WinUI/Strings/Resources,WINSyslogClient.WinUI Resources,szRequestTemplateAdvancedHint,JSON プロパティ一覧を空のまま、下のフィールドも空にすると、すべての InfoUnit プロパティが JSON として自動シリアル化されます (プレビュー参照)。高度なテンプレートは空でない場合、プロパティ一覧を上書きします。,NG .resw source; locale=ja-JP; revision=7d81679f19f5fdaf5c8becaed58204869d1ac857
WINSyslogClient.WinUI/Strings/Resources,WINSyslogClient.WinUI Resources,szRequestType,リクエストタイプ,NG .resw source; locale=ja-JP; revision=7d81679f19f5fdaf5c8becaed58204869d1ac857
WINSyslogClient.WinUI/Strings/Resources,WINSyslogClient.WinUI Resources,szResetValue,値をリセット,NG .resw source; locale=ja-JP; revision=7d81679f19f5fdaf5c8becaed58204869d1ac857
WINSyslogClient.WinUI/Strings/Resources,WINSyslogClient.WinUI Resources,szRessourceOptions,リソースライブラリ キャッシュのオプション,NG .resw source; locale=ja-JP; revision=7d81679f19f5fdaf5c8becaed58204869d1ac857
WINSyslogClient.WinUI/Strings/Resources,WINSyslogClient.WinUI Resources,szRestOutputAdvancedTab,詳細設定,NG .resw source; locale=ja-JP; revision=7d81679f19f5fdaf5c8becaed58204869d1ac857
WINSyslogClient.WinUI/Strings/Resources,WINSyslogClient.WinUI Resources,szRestOutputGeneralTab,一般,NG .resw source; locale=ja-JP; revision=7d81679f19f5fdaf5c8becaed58204869d1ac857
WINSyslogClient.WinUI/Strings/Resources,WINSyslogClient.WinUI Resources,szRestOutputRequestTab,リクエスト,NG .resw source; locale=ja-JP; revision=7d81679f19f5fdaf5c8becaed58204869d1ac857
WINSyslogClient.WinUI/Strings/Resources,WINSyslogClient.WinUI Resources,szRingBufferFile,ファイルパス,NG .resw source; locale=ja-JP; revision=7d81679f19f5fdaf5c8becaed58204869d1ac857
WINSyslogClient.WinUI/Strings/Resources,WINSyslogClient.WinUI Resources,szRingBufferWarning,"警告！ディスクキャッシュ機能を有効にすると、ご使用のハードディスクの速度によっては、アクションの処理が遅くなります。
この機能は、必要な場合のみご利用ください。この処理に失敗すると、WinSyslog(EventReporter)サービスは起動時のキューを読み込み、前のキューから処理を行うようになります。",NG .resw source; locale=ja-JP; revision=7d81679f19f5fdaf5c8becaed58204869d1ac857
WINSyslogClient.WinUI/Strings/Resources,WINSyslogClient.WinUI Resources,szRotateConditions,ローテーションの条件,NG .resw source; locale=ja-JP; revision=7d81679f19f5fdaf5c8becaed58204869d1ac857
WINSyslogClient.WinUI/Strings/Resources,WINSyslogClient.WinUI Resources,szRotatePostProcessing,ローテーション後の処理,NG .resw source; locale=ja-JP; revision=7d81679f19f5fdaf5c8becaed58204869d1ac857
WINSyslogClient.WinUI/Strings/Resources,WINSyslogClient.WinUI Resources,szRotateWorkerOptions,ログローテート バックグラウンド ワーカー,NG .resw source; locale=ja-JP; revision=7d81679f19f5fdaf5c8becaed58204869d1ac857
WINSyslogClient.WinUI/Strings/Resources,WINSyslogClient.WinUI Resources,szRotateWorkerOptionsDescription,"キュー型のLogRotateサブシステムは、切り離されたファイルを準備し、ログローテーションジョブをバックグラウンドで処理します。
保留中のジョブはLogRotationQueue.jsonに保存され、再起動後も継続できます。
ローテート、圧縮、移動の準備中は、一時的に.stagingファイルが表示される場合があります。",NG .resw source; locale=ja-JP; revision=7d81679f19f5fdaf5c8becaed58204869d1ac857
WINSyslogClient.WinUI/Strings/Resources,WINSyslogClient.WinUI Resources,szRtsControlDisable,RTS制御 無効,NG .resw source; locale=ja-JP; revision=7d81679f19f5fdaf5c8becaed58204869d1ac857
WINSyslogClient.WinUI/Strings/Resources,WINSyslogClient.WinUI Resources,szRtsControlEnable,RTS制御 有効,NG .resw source; locale=ja-JP; revision=7d81679f19f5fdaf5c8becaed58204869d1ac857
WINSyslogClient.WinUI/Strings/Resources,WINSyslogClient.WinUI Resources,szRtsControlHandshake,RTS制御 ハンドシェイク,NG .resw source; locale=ja-JP; revision=7d81679f19f5fdaf5c8becaed58204869d1ac857
WINSyslogClient.WinUI/Strings/Resources,WINSyslogClient.WinUI Resources,szRtsControlToggle,RTS制御 トグル,NG .resw source; locale=ja-JP; revision=7d81679f19f5fdaf5c8becaed58204869d1ac857
WINSyslogClient.WinUI/Strings/Resources,WINSyslogClient.WinUI Resources,szRuleEngineSpecific,ルールエンジンのオプション,NG .resw source; locale=ja-JP; revision=7d81679f19f5fdaf5c8becaed58204869d1ac857
WINSyslogClient.WinUI/Strings/Resources,WINSyslogClient.WinUI Resources,szRuleSet,処理を実行するルールセット,NG .resw source; locale=ja-JP; revision=7d81679f19f5fdaf5c8becaed58204869d1ac857
WINSyslogClient.WinUI/Strings/Resources,WINSyslogClient.WinUI Resources,szRuleSetEngineOptions,ルールセット エンジン,NG .resw source; locale=ja-JP; revision=7d81679f19f5fdaf5c8becaed58204869d1ac857
WINSyslogClient.WinUI/Strings/Resources,WINSyslogClient.WinUI Resources,szRulebase,ルールベース ファイルの選択,NG .resw source; locale=ja-JP; revision=7d81679f19f5fdaf5c8becaed58204869d1ac857
WINSyslogClient.WinUI/Strings/Resources,WINSyslogClient.WinUI Resources,szSETPOptions,全般オプション,NG .resw source; locale=ja-JP; revision=7d81679f19f5fdaf5c8becaed58204869d1ac857
WINSyslogClient.WinUI/Strings/Resources,WINSyslogClient.WinUI Resources,szSMTPBody,メール本文,NG .resw source; locale=ja-JP; revision=7d81679f19f5fdaf5c8becaed58204869d1ac857
WINSyslogClient.WinUI/Strings/Resources,WINSyslogClient.WinUI Resources,szSMTPPassword,SMTP パスワード,NG .resw source; locale=ja-JP; revision=7d81679f19f5fdaf5c8becaed58204869d1ac857
WINSyslogClient.WinUI/Strings/Resources,WINSyslogClient.WinUI Resources,szSMTPRecipient,メール送信先,NG .resw source; locale=ja-JP; revision=7d81679f19f5fdaf5c8becaed58204869d1ac857
WINSyslogClient.WinUI/Strings/Resources,WINSyslogClient.WinUI Resources,szSMTPSender,メール送信元,NG .resw source; locale=ja-JP; revision=7d81679f19f5fdaf5c8becaed58204869d1ac857
WINSyslogClient.WinUI/Strings/Resources,WINSyslogClient.WinUI Resources,szSMTPServer,メールサーバー,NG .resw source; locale=ja-JP; revision=7d81679f19f5fdaf5c8becaed58204869d1ac857
WINSyslogClient.WinUI/Strings/Resources,WINSyslogClient.WinUI Resources,szSMTPServerBackup,バックアップサーバー,NG .resw source; locale=ja-JP; revision=7d81679f19f5fdaf5c8becaed58204869d1ac857
WINSyslogClient.WinUI/Strings/Resources,WINSyslogClient.WinUI Resources,szSMTPSubject,メールタイトル,NG .resw source; locale=ja-JP; revision=7d81679f19f5fdaf5c8becaed58204869d1ac857
WINSyslogClient.WinUI/Strings/Resources,WINSyslogClient.WinUI Resources,szSMTPUsername,SMTP ユーザー名,NG .resw source; locale=ja-JP; revision=7d81679f19f5fdaf5c8becaed58204869d1ac857
WINSyslogClient.WinUI/Strings/Resources,WINSyslogClient.WinUI Resources,szSNMPOptions,SNMP Options,NG .resw source; locale=ja-JP; revision=7d81679f19f5fdaf5c8becaed58204869d1ac857
WINSyslogClient.WinUI/Strings/Resources,WINSyslogClient.WinUI Resources,szSQLConnectionOptions,接続オプション,NG .resw source; locale=ja-JP; revision=7d81679f19f5fdaf5c8becaed58204869d1ac857
WINSyslogClient.WinUI/Strings/Resources,WINSyslogClient.WinUI Resources,szSQLOptions,SQL オプション,NG .resw source; locale=ja-JP; revision=7d81679f19f5fdaf5c8becaed58204869d1ac857
WINSyslogClient.WinUI/Strings/Resources,WINSyslogClient.WinUI Resources,szSSLOptions,SSL オプション,NG .resw source; locale=ja-JP; revision=7d81679f19f5fdaf5c8becaed58204869d1ac857
WINSyslogClient.WinUI/Strings/Resources,WINSyslogClient.WinUI Resources,szSaveSourceProperty,プロパティ名: ,NG .resw source; locale=ja-JP; revision=7d81679f19f5fdaf5c8becaed58204869d1ac857
WINSyslogClient.WinUI/Strings/Resources,WINSyslogClient.WinUI Resources,szSelectStatement,Statement related properties,NG .resw source; locale=ja-JP; revision=7d81679f19f5fdaf5c8becaed58204869d1ac857
WINSyslogClient.WinUI/Strings/Resources,WINSyslogClient.WinUI Resources,szSelectStatementFROM,FROM,NG .resw source; locale=ja-JP; revision=7d81679f19f5fdaf5c8becaed58204869d1ac857
WINSyslogClient.WinUI/Strings/Resources,WINSyslogClient.WinUI Resources,szSelectStatementSELECT,SELECT,NG .resw source; locale=ja-JP; revision=7d81679f19f5fdaf5c8becaed58204869d1ac857
WINSyslogClient.WinUI/Strings/Resources,WINSyslogClient.WinUI Resources,szSelpSendServer,RELP サーバー名,NG .resw source; locale=ja-JP; revision=7d81679f19f5fdaf5c8becaed58204869d1ac857
WINSyslogClient.WinUI/Strings/Resources,WINSyslogClient.WinUI Resources,szSendModeRoundRobin,ラウンドロビン(複数のSyslogサーバー)を使用する,NG .resw source; locale=ja-JP; revision=7d81679f19f5fdaf5c8becaed58204869d1ac857
WINSyslogClient.WinUI/Strings/Resources,WINSyslogClient.WinUI Resources,szSendModeSingle,単一のSyslogサーバーを使用する(バックアップサーバーは任意),NG .resw source; locale=ja-JP; revision=7d81679f19f5fdaf5c8becaed58204869d1ac857
WINSyslogClient.WinUI/Strings/Resources,WINSyslogClient.WinUI Resources,szServer,サーバー名,NG .resw source; locale=ja-JP; revision=7d81679f19f5fdaf5c8becaed58204869d1ac857
WINSyslogClient.WinUI/Strings/Resources,WINSyslogClient.WinUI Resources,szServerName,イベントログを監視するマシン,NG .resw source; locale=ja-JP; revision=7d81679f19f5fdaf5c8becaed58204869d1ac857
WINSyslogClient.WinUI/Strings/Resources,WINSyslogClient.WinUI Resources,szServiceName,サービス名,NG .resw source; locale=ja-JP; revision=7d81679f19f5fdaf5c8becaed58204869d1ac857
WINSyslogClient.WinUI/Strings/Resources,WINSyslogClient.WinUI Resources,szSnmpCheckOid,クエリ OID (オブジェクト ID),NG .resw source; locale=ja-JP; revision=7d81679f19f5fdaf5c8becaed58204869d1ac857
WINSyslogClient.WinUI/Strings/Resources,WINSyslogClient.WinUI Resources,szSnmpGeneralOptions,SNMP 全体オプション,NG .resw source; locale=ja-JP; revision=7d81679f19f5fdaf5c8becaed58204869d1ac857
WINSyslogClient.WinUI/Strings/Resources,WINSyslogClient.WinUI Resources,szSnmpRelatedValues,SNMP クエリ関連,NG .resw source; locale=ja-JP; revision=7d81679f19f5fdaf5c8becaed58204869d1ac857
WINSyslogClient.WinUI/Strings/Resources,WINSyslogClient.WinUI Resources,szSnmpv2Oid,トラップ OID,NG .resw source; locale=ja-JP; revision=7d81679f19f5fdaf5c8becaed58204869d1ac857
WINSyslogClient.WinUI/Strings/Resources,WINSyslogClient.WinUI Resources,szSourcePropertyName,名前解決するソースプロパティを選択,NG .resw source; locale=ja-JP; revision=7d81679f19f5fdaf5c8becaed58204869d1ac857
WINSyslogClient.WinUI/Strings/Resources,WINSyslogClient.WinUI Resources,szSpaceParity,スペースパリティ,NG .resw source; locale=ja-JP; revision=7d81679f19f5fdaf5c8becaed58204869d1ac857
WINSyslogClient.WinUI/Strings/Resources,WINSyslogClient.WinUI Resources,szSpoofedIPAddress,IP またはプロパティを修正,NG .resw source; locale=ja-JP; revision=7d81679f19f5fdaf5c8becaed58204869d1ac857
WINSyslogClient.WinUI/Strings/Resources,WINSyslogClient.WinUI Resources,szStatusVar,ステータス変数,NG .resw source; locale=ja-JP; revision=7d81679f19f5fdaf5c8becaed58204869d1ac857
WINSyslogClient.WinUI/Strings/Resources,WINSyslogClient.WinUI Resources,szStoredProcedure,CALL (MSSQLストアドプロシージャ),NG .resw source; locale=ja-JP; revision=7d81679f19f5fdaf5c8becaed58204869d1ac857
WINSyslogClient.WinUI/Strings/Resources,WINSyslogClient.WinUI Resources,szSubscriptionOptions,サブスクリプション関連オプション,NG .resw source; locale=ja-JP; revision=7d81679f19f5fdaf5c8becaed58204869d1ac857
WINSyslogClient.WinUI/Strings/Resources,WINSyslogClient.WinUI Resources,szSyslogHeaderOptions,Syslog ヘッダ ーオプション,NG .resw source; locale=ja-JP; revision=7d81679f19f5fdaf5c8becaed58204869d1ac857
WINSyslogClient.WinUI/Strings/Resources,WINSyslogClient.WinUI Resources,szSyslogMaxMessageSizeDescription,"大きすぎるメッセージをSyslog TCP経由で受信したときに、メッセージを分割するための最大値を設定します。
デフォルトではTCPの最大値は1024000バイト（1MB）に設定されています。 Syslog UDPの場合はUDPプロトコルの制限により、最大値は65536バイトになります。",NG .resw source; locale=ja-JP; revision=7d81679f19f5fdaf5c8becaed58204869d1ac857
WINSyslogClient.WinUI/Strings/Resources,WINSyslogClient.WinUI Resources,szSyslogMessageOptions,Syslog メッセージ オプション,NG .resw source; locale=ja-JP; revision=7d81679f19f5fdaf5c8becaed58204869d1ac857
WINSyslogClient.WinUI/Strings/Resources,WINSyslogClient.WinUI Resources,szSyslogNetworkOptions,ネットワーク関連オプション,NG .resw source; locale=ja-JP; revision=7d81679f19f5fdaf5c8becaed58204869d1ac857
WINSyslogClient.WinUI/Strings/Resources,WINSyslogClient.WinUI Resources,szSyslogProcessingCustomHeader,カスタム Syslog ヘッダーを使用,NG .resw source; locale=ja-JP; revision=7d81679f19f5fdaf5c8becaed58204869d1ac857
WINSyslogClient.WinUI/Strings/Resources,WINSyslogClient.WinUI Resources,szSyslogProcessingDisabled,受信したデータをそのまま送信,NG .resw source; locale=ja-JP; revision=7d81679f19f5fdaf5c8becaed58204869d1ac857
WINSyslogClient.WinUI/Strings/Resources,WINSyslogClient.WinUI Resources,szSyslogProcessingRFC3164,RFC3164を使用（レガシー）,NG .resw source; locale=ja-JP; revision=7d81679f19f5fdaf5c8becaed58204869d1ac857
WINSyslogClient.WinUI/Strings/Resources,WINSyslogClient.WinUI Resources,szSyslogProcessingRFC5424,RFC5424を使用（推奨）,NG .resw source; locale=ja-JP; revision=7d81679f19f5fdaf5c8becaed58204869d1ac857
WINSyslogClient.WinUI/Strings/Resources,WINSyslogClient.WinUI Resources,szSyslogQueue,Syslog キュー名,NG .resw source; locale=ja-JP; revision=7d81679f19f5fdaf5c8becaed58204869d1ac857
WINSyslogClient.WinUI/Strings/Resources,WINSyslogClient.WinUI Resources,szSyslogQueueOptions,Syslog キューオプション,NG .resw source; locale=ja-JP; revision=7d81679f19f5fdaf5c8becaed58204869d1ac857
WINSyslogClient.WinUI/Strings/Resources,WINSyslogClient.WinUI Resources,szSyslogSSLOptions,SSL/TLS オプション,NG .resw source; locale=ja-JP; revision=7d81679f19f5fdaf5c8becaed58204869d1ac857
WINSyslogClient.WinUI/Strings/Resources,WINSyslogClient.WinUI Resources,szSyslogSendServer,Syslog サーバー,NG .resw source; locale=ja-JP; revision=7d81679f19f5fdaf5c8becaed58204869d1ac857
WINSyslogClient.WinUI/Strings/Resources,WINSyslogClient.WinUI Resources,szSyslogServerBackup,バックアップ サーバー,NG .resw source; locale=ja-JP; revision=7d81679f19f5fdaf5c8becaed58204869d1ac857
WINSyslogClient.WinUI/Strings/Resources,WINSyslogClient.WinUI Resources,szSyslogServerOptions,Syslog 送信先 オプション,NG .resw source; locale=ja-JP; revision=7d81679f19f5fdaf5c8becaed58204869d1ac857
WINSyslogClient.WinUI/Strings/Resources,WINSyslogClient.WinUI Resources,szSyslogServer_,Syslog サーバー,NG .resw source; locale=ja-JP; revision=7d81679f19f5fdaf5c8becaed58204869d1ac857
WINSyslogClient.WinUI/Strings/Resources,WINSyslogClient.WinUI Resources,szSyslogTCPOptions,TCP オプション,NG .resw source; locale=ja-JP; revision=7d81679f19f5fdaf5c8becaed58204869d1ac857
WINSyslogClient.WinUI/Strings/Resources,WINSyslogClient.WinUI Resources,szSyslogTagValue,Syslog タグ,NG .resw source; locale=ja-JP; revision=7d81679f19f5fdaf5c8becaed58204869d1ac857
WINSyslogClient.WinUI/Strings/Resources,WINSyslogClient.WinUI Resources,szSyslogTargetOptions,Syslog ターゲット オプション,NG .resw source; locale=ja-JP; revision=7d81679f19f5fdaf5c8becaed58204869d1ac857
WINSyslogClient.WinUI/Strings/Resources,WINSyslogClient.WinUI Resources,szSyslogUDPOptions,UDP オプション,NG .resw source; locale=ja-JP; revision=7d81679f19f5fdaf5c8becaed58204869d1ac857
WINSyslogClient.WinUI/Strings/Resources,WINSyslogClient.WinUI Resources,szTCPMsgSep,メッセージの分離シーケンス,NG .resw source; locale=ja-JP; revision=7d81679f19f5fdaf5c8becaed58204869d1ac857
WINSyslogClient.WinUI/Strings/Resources,WINSyslogClient.WinUI Resources,szTCPOptions,TCP オプション,NG .resw source; locale=ja-JP; revision=7d81679f19f5fdaf5c8becaed58204869d1ac857
WINSyslogClient.WinUI/Strings/Resources,WINSyslogClient.WinUI Resources,szTLSAdvancedOptions,TLS Advanced,NG .resw source; locale=ja-JP; revision=7d81679f19f5fdaf5c8becaed58204869d1ac857
WINSyslogClient.WinUI/Strings/Resources,WINSyslogClient.WinUI Resources,szTLSCommandsInfo,このオプションを有効にすると、OpenSSL設定コマンドを直接設定できます。 コマンド タイプごとに使用できる設定パラメーターの詳細については、次のページを参照してください: ,NG .resw source; locale=ja-JP; revision=7d81679f19f5fdaf5c8becaed58204869d1ac857
WINSyslogClient.WinUI/Strings/Resources,WINSyslogClient.WinUI Resources,szTLSCommandsInfoLink,OpenSSL SSL_CONF_cmd ドキュメント,NG .resw source; locale=ja-JP; revision=7d81679f19f5fdaf5c8becaed58204869d1ac857
WINSyslogClient.WinUI/Strings/Resources,WINSyslogClient.WinUI Resources,szTLSOptions,TLS Options,NG .resw source; locale=ja-JP; revision=7d81679f19f5fdaf5c8becaed58204869d1ac857
WINSyslogClient.WinUI/Strings/Resources,WINSyslogClient.WinUI Resources,szTabAdvanced,高度なオプション,NG .resw source; locale=ja-JP; revision=7d81679f19f5fdaf5c8becaed58204869d1ac857
WINSyslogClient.WinUI/Strings/Resources,WINSyslogClient.WinUI Resources,szTabCPU,CPU,NG .resw source; locale=ja-JP; revision=7d81679f19f5fdaf5c8becaed58204869d1ac857
WINSyslogClient.WinUI/Strings/Resources,WINSyslogClient.WinUI Resources,szTabCaching,イベント キャッシュ,NG .resw source; locale=ja-JP; revision=7d81679f19f5fdaf5c8becaed58204869d1ac857
WINSyslogClient.WinUI/Strings/Resources,WINSyslogClient.WinUI Resources,szTabEncoding,エンコード,NG .resw source; locale=ja-JP; revision=7d81679f19f5fdaf5c8becaed58204869d1ac857
WINSyslogClient.WinUI/Strings/Resources,WINSyslogClient.WinUI Resources,szTabEventChannels,イベント チャンネル,NG .resw source; locale=ja-JP; revision=7d81679f19f5fdaf5c8becaed58204869d1ac857
WINSyslogClient.WinUI/Strings/Resources,WINSyslogClient.WinUI Resources,szTabFiles,処理ファイル,NG .resw source; locale=ja-JP; revision=7d81679f19f5fdaf5c8becaed58204869d1ac857
WINSyslogClient.WinUI/Strings/Resources,WINSyslogClient.WinUI Resources,szTabGeneral,全体のオプション,NG .resw source; locale=ja-JP; revision=7d81679f19f5fdaf5c8becaed58204869d1ac857
WINSyslogClient.WinUI/Strings/Resources,WINSyslogClient.WinUI Resources,szTabMailFormatOptions,メールフォーマット オプション,NG .resw source; locale=ja-JP; revision=7d81679f19f5fdaf5c8becaed58204869d1ac857
WINSyslogClient.WinUI/Strings/Resources,WINSyslogClient.WinUI Resources,szTabMailServerOptions,メールサーバー オプション,NG .resw source; locale=ja-JP; revision=7d81679f19f5fdaf5c8becaed58204869d1ac857
WINSyslogClient.WinUI/Strings/Resources,WINSyslogClient.WinUI Resources,szTabMemory,トータルメモリ,NG .resw source; locale=ja-JP; revision=7d81679f19f5fdaf5c8becaed58204869d1ac857
WINSyslogClient.WinUI/Strings/Resources,WINSyslogClient.WinUI Resources,szTabMsgSep,メッセージセパレータ,NG .resw source; locale=ja-JP; revision=7d81679f19f5fdaf5c8becaed58204869d1ac857
WINSyslogClient.WinUI/Strings/Resources,WINSyslogClient.WinUI Resources,szTabPhyMemory,物理メモリ,NG .resw source; locale=ja-JP; revision=7d81679f19f5fdaf5c8becaed58204869d1ac857
WINSyslogClient.WinUI/Strings/Resources,WINSyslogClient.WinUI Resources,szTabVirtMemory,仮想メモリ,NG .resw source; locale=ja-JP; revision=7d81679f19f5fdaf5c8becaed58204869d1ac857
WINSyslogClient.WinUI/Strings/Resources,WINSyslogClient.WinUI Resources,szTableID,ID フィールド名,NG .resw source; locale=ja-JP; revision=7d81679f19f5fdaf5c8becaed58204869d1ac857
WINSyslogClient.WinUI/Strings/Resources,WINSyslogClient.WinUI Resources,szTableName,テーブル名,NG .resw source; locale=ja-JP; revision=7d81679f19f5fdaf5c8becaed58204869d1ac857
WINSyslogClient.WinUI/Strings/Resources,WINSyslogClient.WinUI Resources,szTarget,ターゲット,NG .resw source; locale=ja-JP; revision=7d81679f19f5fdaf5c8becaed58204869d1ac857
WINSyslogClient.WinUI/Strings/Resources,WINSyslogClient.WinUI Resources,szText,text,NG .resw source; locale=ja-JP; revision=7d81679f19f5fdaf5c8becaed58204869d1ac857
WINSyslogClient.WinUI/Strings/Resources,WINSyslogClient.WinUI Resources,szTwoStopBits,2 Stop bits,NG .resw source; locale=ja-JP; revision=7d81679f19f5fdaf5c8becaed58204869d1ac857
WINSyslogClient.WinUI/Strings/Resources,WINSyslogClient.WinUI Resources,szTypeAgentcap,Agent Cap,NG .resw source; locale=ja-JP; revision=7d81679f19f5fdaf5c8becaed58204869d1ac857
WINSyslogClient.WinUI/Strings/Resources,WINSyslogClient.WinUI Resources,szTypeBitstring,Bit String,NG .resw source; locale=ja-JP; revision=7d81679f19f5fdaf5c8becaed58204869d1ac857
WINSyslogClient.WinUI/Strings/Resources,WINSyslogClient.WinUI Resources,szTypeCounter,Counter,NG .resw source; locale=ja-JP; revision=7d81679f19f5fdaf5c8becaed58204869d1ac857
WINSyslogClient.WinUI/Strings/Resources,WINSyslogClient.WinUI Resources,szTypeCounter64,Counter64,NG .resw source; locale=ja-JP; revision=7d81679f19f5fdaf5c8becaed58204869d1ac857
WINSyslogClient.WinUI/Strings/Resources,WINSyslogClient.WinUI Resources,szTypeGauge,Gauge,NG .resw source; locale=ja-JP; revision=7d81679f19f5fdaf5c8becaed58204869d1ac857
WINSyslogClient.WinUI/Strings/Resources,WINSyslogClient.WinUI Resources,szTypeInteger,Integer,NG .resw source; locale=ja-JP; revision=7d81679f19f5fdaf5c8becaed58204869d1ac857
WINSyslogClient.WinUI/Strings/Resources,WINSyslogClient.WinUI Resources,szTypeInteger32,Signed Integer32,NG .resw source; locale=ja-JP; revision=7d81679f19f5fdaf5c8becaed58204869d1ac857
WINSyslogClient.WinUI/Strings/Resources,WINSyslogClient.WinUI Resources,szTypeIpaddr,IPAddress,NG .resw source; locale=ja-JP; revision=7d81679f19f5fdaf5c8becaed58204869d1ac857
WINSyslogClient.WinUI/Strings/Resources,WINSyslogClient.WinUI Resources,szTypeModcomp,Mod Comp,NG .resw source; locale=ja-JP; revision=7d81679f19f5fdaf5c8becaed58204869d1ac857
WINSyslogClient.WinUI/Strings/Resources,WINSyslogClient.WinUI Resources,szTypeModid,ModID,NG .resw source; locale=ja-JP; revision=7d81679f19f5fdaf5c8becaed58204869d1ac857
WINSyslogClient.WinUI/Strings/Resources,WINSyslogClient.WinUI Resources,szTypeNetaddr,Net Address,NG .resw source; locale=ja-JP; revision=7d81679f19f5fdaf5c8becaed58204869d1ac857
WINSyslogClient.WinUI/Strings/Resources,WINSyslogClient.WinUI Resources,szTypeNotiftype,Notify Type,NG .resw source; locale=ja-JP; revision=7d81679f19f5fdaf5c8becaed58204869d1ac857
WINSyslogClient.WinUI/Strings/Resources,WINSyslogClient.WinUI Resources,szTypeNsapaddress,NSAP Address,NG .resw source; locale=ja-JP; revision=7d81679f19f5fdaf5c8becaed58204869d1ac857
WINSyslogClient.WinUI/Strings/Resources,WINSyslogClient.WinUI Resources,szTypeNull,Null,NG .resw source; locale=ja-JP; revision=7d81679f19f5fdaf5c8becaed58204869d1ac857
WINSyslogClient.WinUI/Strings/Resources,WINSyslogClient.WinUI Resources,szTypeObjgroup,Object Group,NG .resw source; locale=ja-JP; revision=7d81679f19f5fdaf5c8becaed58204869d1ac857
WINSyslogClient.WinUI/Strings/Resources,WINSyslogClient.WinUI Resources,szTypeObjid,ObjectID,NG .resw source; locale=ja-JP; revision=7d81679f19f5fdaf5c8becaed58204869d1ac857
WINSyslogClient.WinUI/Strings/Resources,WINSyslogClient.WinUI Resources,szTypeOctetstr,Octet String,NG .resw source; locale=ja-JP; revision=7d81679f19f5fdaf5c8becaed58204869d1ac857
WINSyslogClient.WinUI/Strings/Resources,WINSyslogClient.WinUI Resources,szTypeOpaque,Opaque,NG .resw source; locale=ja-JP; revision=7d81679f19f5fdaf5c8becaed58204869d1ac857
WINSyslogClient.WinUI/Strings/Resources,WINSyslogClient.WinUI Resources,szTypeOther,Other,NG .resw source; locale=ja-JP; revision=7d81679f19f5fdaf5c8becaed58204869d1ac857
WINSyslogClient.WinUI/Strings/Resources,WINSyslogClient.WinUI Resources,szTypeTimeticks,Timeticks,NG .resw source; locale=ja-JP; revision=7d81679f19f5fdaf5c8becaed58204869d1ac857
WINSyslogClient.WinUI/Strings/Resources,WINSyslogClient.WinUI Resources,szTypeTraptype,Trap Type,NG .resw source; locale=ja-JP; revision=7d81679f19f5fdaf5c8becaed58204869d1ac857
WINSyslogClient.WinUI/Strings/Resources,WINSyslogClient.WinUI Resources,szTypeUinteger,UInteger,NG .resw source; locale=ja-JP; revision=7d81679f19f5fdaf5c8becaed58204869d1ac857
WINSyslogClient.WinUI/Strings/Resources,WINSyslogClient.WinUI Resources,szTypeUnsigned32,Unsigned Integer32,NG .resw source; locale=ja-JP; revision=7d81679f19f5fdaf5c8becaed58204869d1ac857
WINSyslogClient.WinUI/Strings/Resources,WINSyslogClient.WinUI Resources,szUDPOptions,UDP オプション,NG .resw source; locale=ja-JP; revision=7d81679f19f5fdaf5c8becaed58204869d1ac857
WINSyslogClient.WinUI/Strings/Resources,WINSyslogClient.WinUI Resources,szUnixTimestamp,UNIX/LINUX-like Timestamp,NG .resw source; locale=ja-JP; revision=7d81679f19f5fdaf5c8becaed58204869d1ac857
WINSyslogClient.WinUI/Strings/Resources,WINSyslogClient.WinUI Resources,szUpTo,UpTo,NG .resw source; locale=ja-JP; revision=7d81679f19f5fdaf5c8becaed58204869d1ac857
WINSyslogClient.WinUI/Strings/Resources,WINSyslogClient.WinUI Resources,szUrl,URL & クエリ文字列,NG .resw source; locale=ja-JP; revision=7d81679f19f5fdaf5c8becaed58204869d1ac857
WINSyslogClient.WinUI/Strings/Resources,WINSyslogClient.WinUI Resources,szUserAgent,ユーザー エージェント (ブラウザ),NG .resw source; locale=ja-JP; revision=7d81679f19f5fdaf5c8becaed58204869d1ac857
WINSyslogClient.WinUI/Strings/Resources,WINSyslogClient.WinUI Resources,szUsername,ユーザー名,NG .resw source; locale=ja-JP; revision=7d81679f19f5fdaf5c8becaed58204869d1ac857
WINSyslogClient.WinUI/Strings/Resources,WINSyslogClient.WinUI Resources,szVarChar,varchar,NG .resw source; locale=ja-JP; revision=7d81679f19f5fdaf5c8becaed58204869d1ac857
WINSyslogClient.WinUI/Strings/Resources,WINSyslogClient.WinUI Resources,szVariableOID_,OID(変数),NG .resw source; locale=ja-JP; revision=7d81679f19f5fdaf5c8becaed58204869d1ac857
WINSyslogClient.WinUI/Strings/Resources,WINSyslogClient.WinUI Resources,szVariableValue_,変数値,NG .resw source; locale=ja-JP; revision=7d81679f19f5fdaf5c8becaed58204869d1ac857
WINSyslogClient.WinUI/Strings/Resources,WINSyslogClient.WinUI Resources,szW3CHeader,W3C ヘッダー値,NG .resw source; locale=ja-JP; revision=7d81679f19f5fdaf5c8becaed58204869d1ac857
WINSyslogClient.WinUI/Strings/Resources,WINSyslogClient.WinUI Resources,szWarningSavingConfiguration,設定保存に関する警告,NG .resw source; locale=ja-JP; revision=7d81679f19f5fdaf5c8becaed58204869d1ac857
WINSyslogClient.WinUI/Strings/Resources,WINSyslogClient.WinUI Resources,szWarningSavingConfigurationBackup,古い設定ファイルのバックアップに失敗しました。以下のファイルへの設定保存に失敗した可能性があります：,NG .resw source; locale=ja-JP; revision=7d81679f19f5fdaf5c8becaed58204869d1ac857
WINSyslogClient.WinUI/Strings/Resources,WINSyslogClient.WinUI Resources,szWarningSavingConfigurationOldFile,古い設定ファイルの削除に失敗しました。そのファイルは他のプロセスによりブロックされているようです。以下のファイルは手動で削除してください：,NG .resw source; locale=ja-JP; revision=7d81679f19f5fdaf5c8becaed58204869d1ac857
WINSyslogClient.WinUI/Strings/Resources,WINSyslogClient.WinUI Resources,szWord,Single Word,NG .resw source; locale=ja-JP; revision=7d81679f19f5fdaf5c8becaed58204869d1ac857
WINSyslogClient.WinUI/Strings/Resources,WINSyslogClient.WinUI Resources,szXMLBookmark,最終レコード,NG .resw source; locale=ja-JP; revision=7d81679f19f5fdaf5c8becaed58204869d1ac857
WINSyslogClient.WinUI/Strings/Resources,WINSyslogClient.WinUI Resources,szXmlFormat,XML フォーマット,NG .resw source; locale=ja-JP; revision=7d81679f19f5fdaf5c8becaed58204869d1ac857
WINSyslogClient.WinUI/Strings/Resources,WINSyslogClient.WinUI Resources,sz_runhigh,高,NG .resw source; locale=ja-JP; revision=7d81679f19f5fdaf5c8becaed58204869d1ac857
WINSyslogClient.WinUI/Strings/Resources,WINSyslogClient.WinUI Resources,sz_runidle,アイドルクラス,NG .resw source; locale=ja-JP; revision=7d81679f19f5fdaf5c8becaed58204869d1ac857
WINSyslogClient.WinUI/Strings/Resources,WINSyslogClient.WinUI Resources,sz_runlow,ä½Ž,NG .resw source; locale=ja-JP; revision=7d81679f19f5fdaf5c8becaed58204869d1ac857
WINSyslogClient.WinUI/Strings/Resources,WINSyslogClient.WinUI Resources,sz_runnormal,通常,NG .resw source; locale=ja-JP; revision=7d81679f19f5fdaf5c8becaed58204869d1ac857
WINSyslogClient.WinUI/Strings/Resources,WINSyslogClient.WinUI Resources,tlsallowedentries,許可されたピア,NG .resw source; locale=ja-JP; revision=7d81679f19f5fdaf5c8becaed58204869d1ac857
WINSyslogClient.WinUI/Strings/Resources,WINSyslogClient.WinUI Resources,txteventchannels,イベントログ チャンネル,NG .resw source; locale=ja-JP; revision=7d81679f19f5fdaf5c8becaed58204869d1ac857
WINSyslogClient.WinUI/Strings/Resources,WINSyslogClient.WinUI Resources,txtfileitems,ファイル名,NG .resw source; locale=ja-JP; revision=7d81679f19f5fdaf5c8becaed58204869d1ac857
WINSyslogClient.WinUI/Strings/Resources,WINSyslogClient.WinUI Resources,txtprocessedfiles,処理されたファイル名,NG .resw source; locale=ja-JP; revision=7d81679f19f5fdaf5c8becaed58204869d1ac857
