Unit,Unit Name,ID,Text,Comment
WINSyslogClient.WinUI/Strings/Resources,WINSyslogClient.WinUI Resources,AppDisplayName,WinSyslog,Adiscon User Interface .resw source; locale=pt-BR; revision=edd9fe10d4a120194e4a0a1e60a5d04d661b79ab
WINSyslogClient.WinUI/Strings/Resources,WINSyslogClient.WinUI Resources,Help_ApplicationIdentityTitle,Identidade do aplicativo,Adiscon User Interface .resw source; locale=pt-BR; revision=edd9fe10d4a120194e4a0a1e60a5d04d661b79ab
WINSyslogClient.WinUI/Strings/Resources,WINSyslogClient.WinUI Resources,Help_ExecutableFormat,Nome de saída legado: {0},Adiscon User Interface .resw source; locale=pt-BR; revision=edd9fe10d4a120194e4a0a1e60a5d04d661b79ab
WINSyslogClient.WinUI/Strings/Resources,WINSyslogClient.WinUI Resources,Help_OnlineResourcesTitle,Recursos online,Adiscon User Interface .resw source; locale=pt-BR; revision=edd9fe10d4a120194e4a0a1e60a5d04d661b79ab
WINSyslogClient.WinUI/Strings/Resources,WINSyslogClient.WinUI Resources,Help_OpenOnlineDocs,Abrir documentação online,Adiscon User Interface .resw source; locale=pt-BR; revision=edd9fe10d4a120194e4a0a1e60a5d04d661b79ab
WINSyslogClient.WinUI/Strings/Resources,WINSyslogClient.WinUI Resources,Help_OpenProductSite,Abrir site do produto,Adiscon User Interface .resw source; locale=pt-BR; revision=edd9fe10d4a120194e4a0a1e60a5d04d661b79ab
WINSyslogClient.WinUI/Strings/Resources,WINSyslogClient.WinUI Resources,Help_OpenSupport,Abrir suporte,Adiscon User Interface .resw source; locale=pt-BR; revision=edd9fe10d4a120194e4a0a1e60a5d04d661b79ab
WINSyslogClient.WinUI/Strings/Resources,WINSyslogClient.WinUI Resources,Help_OpenedOnlineDocs,Documentação online aberta.,Adiscon User Interface .resw source; locale=pt-BR; revision=edd9fe10d4a120194e4a0a1e60a5d04d661b79ab
WINSyslogClient.WinUI/Strings/Resources,WINSyslogClient.WinUI Resources,Help_OpenedProductSite,Site do produto aberto.,Adiscon User Interface .resw source; locale=pt-BR; revision=edd9fe10d4a120194e4a0a1e60a5d04d661b79ab
WINSyslogClient.WinUI/Strings/Resources,WINSyslogClient.WinUI Resources,Help_OpenedSupport,Site de suporte aberto.,Adiscon User Interface .resw source; locale=pt-BR; revision=edd9fe10d4a120194e4a0a1e60a5d04d661b79ab
WINSyslogClient.WinUI/Strings/Resources,WINSyslogClient.WinUI Resources,Help_ProductFormat,Produto: {0},Adiscon User Interface .resw source; locale=pt-BR; revision=edd9fe10d4a120194e4a0a1e60a5d04d661b79ab
WINSyslogClient.WinUI/Strings/Resources,WINSyslogClient.WinUI Resources,Help_StatusMessage,"Use os links de produto, documentação e suporte abaixo para este cliente.",Adiscon User Interface .resw source; locale=pt-BR; revision=edd9fe10d4a120194e4a0a1e60a5d04d661b79ab
WINSyslogClient.WinUI/Strings/Resources,WINSyslogClient.WinUI Resources,Help_Title,Ajuda / Sobre,Adiscon User Interface .resw source; locale=pt-BR; revision=edd9fe10d4a120194e4a0a1e60a5d04d661b79ab
WINSyslogClient.WinUI/Strings/Resources,WINSyslogClient.WinUI Resources,Help_UnknownVersion,desconhecida,Adiscon User Interface .resw source; locale=pt-BR; revision=edd9fe10d4a120194e4a0a1e60a5d04d661b79ab
WINSyslogClient.WinUI/Strings/Resources,WINSyslogClient.WinUI Resources,Help_VersionFormat,Versão atual: {0},Adiscon User Interface .resw source; locale=pt-BR; revision=edd9fe10d4a120194e4a0a1e60a5d04d661b79ab
WINSyslogClient.WinUI/Strings/Resources,WINSyslogClient.WinUI Resources,Help_WindowTitleFormat,Título da janela: {0},Adiscon User Interface .resw source; locale=pt-BR; revision=edd9fe10d4a120194e4a0a1e60a5d04d661b79ab
WINSyslogClient.WinUI/Strings/Resources,WINSyslogClient.WinUI Resources,Language_ApplyButton,Aplicar idioma,Adiscon User Interface .resw source; locale=pt-BR; revision=edd9fe10d4a120194e4a0a1e60a5d04d661b79ab
WINSyslogClient.WinUI/Strings/Resources,WINSyslogClient.WinUI Resources,Language_ClientLanguageHeader,Idioma do cliente,Adiscon User Interface .resw source; locale=pt-BR; revision=edd9fe10d4a120194e4a0a1e60a5d04d661b79ab
WINSyslogClient.WinUI/Strings/Resources,WINSyslogClient.WinUI Resources,Language_CurrentSelectionFormat,Idioma selecionado: {0} | Cultura de UI atual: {1},Adiscon User Interface .resw source; locale=pt-BR; revision=edd9fe10d4a120194e4a0a1e60a5d04d661b79ab
WINSyslogClient.WinUI/Strings/Resources,WINSyslogClient.WinUI Resources,Language_DisplayLanguageTitle,Idioma de exibição,Adiscon User Interface .resw source; locale=pt-BR; revision=edd9fe10d4a120194e4a0a1e60a5d04d661b79ab
WINSyslogClient.WinUI/Strings/Resources,WINSyslogClient.WinUI Resources,Language_IntroFormat,Escolha o idioma de exibição para este cliente {0}.,Adiscon User Interface .resw source; locale=pt-BR; revision=edd9fe10d4a120194e4a0a1e60a5d04d661b79ab
WINSyslogClient.WinUI/Strings/Resources,WINSyslogClient.WinUI Resources,Language_InvariantCulture,invariante,Adiscon User Interface .resw source; locale=pt-BR; revision=edd9fe10d4a120194e4a0a1e60a5d04d661b79ab
WINSyslogClient.WinUI/Strings/Resources,WINSyslogClient.WinUI Resources,Language_ResourceCoverageText,"Este cliente inclui recursos de idioma para rótulos de configuração, textos de opções e mensagens compartilhadas de carregar/salvar em inglês, alemão, espanhol, francês, italiano, português, estoniano e japonês. O padrão do sistema segue as preferências de idioma do Windows.",Adiscon User Interface .resw source; locale=pt-BR; revision=edd9fe10d4a120194e4a0a1e60a5d04d661b79ab
WINSyslogClient.WinUI/Strings/Resources,WINSyslogClient.WinUI Resources,Language_ResourceCoverageTitle,Cobertura de recursos de idioma,Adiscon User Interface .resw source; locale=pt-BR; revision=edd9fe10d4a120194e4a0a1e60a5d04d661b79ab
WINSyslogClient.WinUI/Strings/Resources,WINSyslogClient.WinUI Resources,Language_RestartDialogContentFormat,O cliente deve ser reiniciado antes que todos os rótulos e mensagens usem {0}. Reiniciar agora?,Adiscon User Interface .resw source; locale=pt-BR; revision=edd9fe10d4a120194e4a0a1e60a5d04d661b79ab
WINSyslogClient.WinUI/Strings/Resources,WINSyslogClient.WinUI Resources,Language_RestartDialogLater,Later,Adiscon User Interface .resw source; locale=pt-BR; revision=edd9fe10d4a120194e4a0a1e60a5d04d661b79ab
WINSyslogClient.WinUI/Strings/Resources,WINSyslogClient.WinUI Resources,Language_RestartDialogRestartNow,Restart now,Adiscon User Interface .resw source; locale=pt-BR; revision=edd9fe10d4a120194e4a0a1e60a5d04d661b79ab
WINSyslogClient.WinUI/Strings/Resources,WINSyslogClient.WinUI Resources,Language_RestartDialogTitle,Restart client now?,Adiscon User Interface .resw source; locale=pt-BR; revision=edd9fe10d4a120194e4a0a1e60a5d04d661b79ab
WINSyslogClient.WinUI/Strings/Resources,WINSyslogClient.WinUI Resources,Language_RestartFailedFormat,"Language was saved, but automatic restart failed: {0}",Adiscon User Interface .resw source; locale=pt-BR; revision=edd9fe10d4a120194e4a0a1e60a5d04d661b79ab
WINSyslogClient.WinUI/Strings/Resources,WINSyslogClient.WinUI Resources,Language_RestartFailedNoProcessPath,"Language was saved, but the client could not determine the executable path for automatic restart.",Adiscon User Interface .resw source; locale=pt-BR; revision=edd9fe10d4a120194e4a0a1e60a5d04d661b79ab
WINSyslogClient.WinUI/Strings/Resources,WINSyslogClient.WinUI Resources,Language_RestartRequiredText,Reinicie o cliente após alterar o idioma para que rótulos e mensagens sejam recarregados de forma consistente.,Adiscon User Interface .resw source; locale=pt-BR; revision=edd9fe10d4a120194e4a0a1e60a5d04d661b79ab
WINSyslogClient.WinUI/Strings/Resources,WINSyslogClient.WinUI Resources,Language_SelectedFormat,Idioma selecionado: {0}. {1},Adiscon User Interface .resw source; locale=pt-BR; revision=edd9fe10d4a120194e4a0a1e60a5d04d661b79ab
WINSyslogClient.WinUI/Strings/Resources,WINSyslogClient.WinUI Resources,Language_SelectedLanguageFormat,Selected language: {0},Adiscon User Interface .resw source; locale=pt-BR; revision=edd9fe10d4a120194e4a0a1e60a5d04d661b79ab
WINSyslogClient.WinUI/Strings/Resources,WINSyslogClient.WinUI Resources,Language_SelectedSystemDefault,Idioma selecionado: padrão do sistema,Adiscon User Interface .resw source; locale=pt-BR; revision=edd9fe10d4a120194e4a0a1e60a5d04d661b79ab
WINSyslogClient.WinUI/Strings/Resources,WINSyslogClient.WinUI Resources,Language_StatusLanguageRestartFormat,Idioma definido como {0}. Reinicie o cliente para recarregar os recursos de idioma.,Adiscon User Interface .resw source; locale=pt-BR; revision=edd9fe10d4a120194e4a0a1e60a5d04d661b79ab
WINSyslogClient.WinUI/Strings/Resources,WINSyslogClient.WinUI Resources,Language_StatusLoaded,Language selection is loaded.,Adiscon User Interface .resw source; locale=pt-BR; revision=edd9fe10d4a120194e4a0a1e60a5d04d661b79ab
WINSyslogClient.WinUI/Strings/Resources,WINSyslogClient.WinUI Resources,Language_StatusSystemDefaultRestart,O idioma foi redefinido para o padrão do sistema Windows. Reinicie o cliente para recarregar os recursos de idioma.,Adiscon User Interface .resw source; locale=pt-BR; revision=edd9fe10d4a120194e4a0a1e60a5d04d661b79ab
WINSyslogClient.WinUI/Strings/Resources,WINSyslogClient.WinUI Resources,Language_SystemDefault,Padrão do sistema,Adiscon User Interface .resw source; locale=pt-BR; revision=edd9fe10d4a120194e4a0a1e60a5d04d661b79ab
WINSyslogClient.WinUI/Strings/Resources,WINSyslogClient.WinUI Resources,Language_Title,Idioma,Adiscon User Interface .resw source; locale=pt-BR; revision=edd9fe10d4a120194e4a0a1e60a5d04d661b79ab
WINSyslogClient.WinUI/Strings/Resources,WINSyslogClient.WinUI Resources,LicenseStatus_Expired,Arquivo de licença expirado.,Adiscon User Interface .resw source; locale=pt-BR; revision=edd9fe10d4a120194e4a0a1e60a5d04d661b79ab
WINSyslogClient.WinUI/Strings/Resources,WINSyslogClient.WinUI Resources,LicenseStatus_FileLicensed,Arquivo de licença licenciado.,Adiscon User Interface .resw source; locale=pt-BR; revision=edd9fe10d4a120194e4a0a1e60a5d04d661b79ab
WINSyslogClient.WinUI/Strings/Resources,WINSyslogClient.WinUI Resources,LicenseStatus_FileLicensedFor,Arquivo de licença licenciado para %LICENSEE%.,Adiscon User Interface .resw source; locale=pt-BR; revision=edd9fe10d4a120194e4a0a1e60a5d04d661b79ab
WINSyslogClient.WinUI/Strings/Resources,WINSyslogClient.WinUI Resources,LicenseStatus_FileTrial,Versão de avaliação do arquivo de licença configurada.,Adiscon User Interface .resw source; locale=pt-BR; revision=edd9fe10d4a120194e4a0a1e60a5d04d661b79ab
WINSyslogClient.WinUI/Strings/Resources,WINSyslogClient.WinUI Resources,LicenseStatus_FileTrialWithDays,"Versão de avaliação do arquivo de licença, dias restantes: %DAYSLEFT%.",Adiscon User Interface .resw source; locale=pt-BR; revision=edd9fe10d4a120194e4a0a1e60a5d04d661b79ab
WINSyslogClient.WinUI/Strings/Resources,WINSyslogClient.WinUI Resources,LicenseStatus_FreeNoLicense,Versão gratuita / nenhuma licença configurada.,Adiscon User Interface .resw source; locale=pt-BR; revision=edd9fe10d4a120194e4a0a1e60a5d04d661b79ab
WINSyslogClient.WinUI/Strings/Resources,WINSyslogClient.WinUI Resources,LicenseStatus_InvalidFile,Nenhum arquivo de licença válido configurado.,Adiscon User Interface .resw source; locale=pt-BR; revision=edd9fe10d4a120194e4a0a1e60a5d04d661b79ab
WINSyslogClient.WinUI/Strings/Resources,WINSyslogClient.WinUI Resources,LicenseStatus_Licensed,Licenciado.,Adiscon User Interface .resw source; locale=pt-BR; revision=edd9fe10d4a120194e4a0a1e60a5d04d661b79ab
WINSyslogClient.WinUI/Strings/Resources,WINSyslogClient.WinUI Resources,LicenseStatus_LicensedFor,Licenciado para %LICENSEE%.,Adiscon User Interface .resw source; locale=pt-BR; revision=edd9fe10d4a120194e4a0a1e60a5d04d661b79ab
WINSyslogClient.WinUI/Strings/Resources,WINSyslogClient.WinUI Resources,LicenseStatus_MissingFile,Arquivo de licença ausente.,Adiscon User Interface .resw source; locale=pt-BR; revision=edd9fe10d4a120194e4a0a1e60a5d04d661b79ab
WINSyslogClient.WinUI/Strings/Resources,WINSyslogClient.WinUI Resources,LicenseStatus_NoBlock,Nenhum bloco de licença carregado.,Adiscon User Interface .resw source; locale=pt-BR; revision=edd9fe10d4a120194e4a0a1e60a5d04d661b79ab
WINSyslogClient.WinUI/Strings/Resources,WINSyslogClient.WinUI Resources,LicenseStatus_NoLicense,Nenhuma licença configurada.,Adiscon User Interface .resw source; locale=pt-BR; revision=edd9fe10d4a120194e4a0a1e60a5d04d661b79ab
WINSyslogClient.WinUI/Strings/Resources,WINSyslogClient.WinUI Resources,LicenseStatus_ReleaseTrial,Avaliação da versão.,Adiscon User Interface .resw source; locale=pt-BR; revision=edd9fe10d4a120194e4a0a1e60a5d04d661b79ab
WINSyslogClient.WinUI/Strings/Resources,WINSyslogClient.WinUI Resources,LicenseStatus_ReleaseTrialExpired,Período de avaliação da versão expirado.,Adiscon User Interface .resw source; locale=pt-BR; revision=edd9fe10d4a120194e4a0a1e60a5d04d661b79ab
WINSyslogClient.WinUI/Strings/Resources,WINSyslogClient.WinUI Resources,LicenseStatus_ReleaseTrialWithDays,"Avaliação da versão, dias restantes: %DAYSLEFT%.",Adiscon User Interface .resw source; locale=pt-BR; revision=edd9fe10d4a120194e4a0a1e60a5d04d661b79ab
WINSyslogClient.WinUI/Strings/Resources,WINSyslogClient.WinUI Resources,LicenseStatus_TrialVersion,Versão de avaliação.,Adiscon User Interface .resw source; locale=pt-BR; revision=edd9fe10d4a120194e4a0a1e60a5d04d661b79ab
WINSyslogClient.WinUI/Strings/Resources,WINSyslogClient.WinUI Resources,LicenseStatus_TrialVersionWithDays,"Versão de avaliação, dias restantes: %DAYSLEFT%.",Adiscon User Interface .resw source; locale=pt-BR; revision=edd9fe10d4a120194e4a0a1e60a5d04d661b79ab
WINSyslogClient.WinUI/Strings/Resources,WINSyslogClient.WinUI Resources,LicenseValidation_ChooseFile,Escolha um arquivo de licença (.alic).,Adiscon User Interface .resw source; locale=pt-BR; revision=edd9fe10d4a120194e4a0a1e60a5d04d661b79ab
WINSyslogClient.WinUI/Strings/Resources,WINSyslogClient.WinUI Resources,LicenseValidation_ClientLimit,Limite de clientes: %VALUE%.,Adiscon User Interface .resw source; locale=pt-BR; revision=edd9fe10d4a120194e4a0a1e60a5d04d661b79ab
WINSyslogClient.WinUI/Strings/Resources,WINSyslogClient.WinUI Resources,LicenseValidation_Edition,Edição: %VALUE%.,Adiscon User Interface .resw source; locale=pt-BR; revision=edd9fe10d4a120194e4a0a1e60a5d04d661b79ab
WINSyslogClient.WinUI/Strings/Resources,WINSyslogClient.WinUI Resources,LicenseValidation_Expires,Expira em: %VALUE%.,Adiscon User Interface .resw source; locale=pt-BR; revision=edd9fe10d4a120194e4a0a1e60a5d04d661b79ab
WINSyslogClient.WinUI/Strings/Resources,WINSyslogClient.WinUI Resources,LicenseValidation_FileMissing,O arquivo de licença selecionado não existe: %PATH%.,Adiscon User Interface .resw source; locale=pt-BR; revision=edd9fe10d4a120194e4a0a1e60a5d04d661b79ab
WINSyslogClient.WinUI/Strings/Resources,WINSyslogClient.WinUI Resources,LicenseValidation_Licensee,Licenciado: %VALUE%.,Adiscon User Interface .resw source; locale=pt-BR; revision=edd9fe10d4a120194e4a0a1e60a5d04d661b79ab
WINSyslogClient.WinUI/Strings/Resources,WINSyslogClient.WinUI Resources,LicenseValidation_Product,Produto: %VALUE%.,Adiscon User Interface .resw source; locale=pt-BR; revision=edd9fe10d4a120194e4a0a1e60a5d04d661b79ab
WINSyslogClient.WinUI/Strings/Resources,WINSyslogClient.WinUI Resources,LicenseValidation_ProductNotApplicable,O arquivo de licença não é válido para esta instalação do %PRODUCT%.,Adiscon User Interface .resw source; locale=pt-BR; revision=edd9fe10d4a120194e4a0a1e60a5d04d661b79ab
WINSyslogClient.WinUI/Strings/Resources,WINSyslogClient.WinUI Resources,LicenseValidation_ServiceVersionMismatch,"O arquivo de licença é da versão %LICENSEVERSION%, mas o serviço instalado informa a versão %SERVICEVERSION%.",Adiscon User Interface .resw source; locale=pt-BR; revision=edd9fe10d4a120194e4a0a1e60a5d04d661b79ab
WINSyslogClient.WinUI/Strings/Resources,WINSyslogClient.WinUI Resources,LicenseValidation_UnsupportedEdition,O arquivo de licença contém uma edição sem suporte.,Adiscon User Interface .resw source; locale=pt-BR; revision=edd9fe10d4a120194e4a0a1e60a5d04d661b79ab
WINSyslogClient.WinUI/Strings/Resources,WINSyslogClient.WinUI Resources,LicenseValidation_Verified,As assinaturas do arquivo de licença foram verificadas.,Adiscon User Interface .resw source; locale=pt-BR; revision=edd9fe10d4a120194e4a0a1e60a5d04d661b79ab
WINSyslogClient.WinUI/Strings/Resources,WINSyslogClient.WinUI Resources,LicenseValidation_VerifierMissing,O verificador OpenSSL 3.5.6+ não foi encontrado.,Adiscon User Interface .resw source; locale=pt-BR; revision=edd9fe10d4a120194e4a0a1e60a5d04d661b79ab
WINSyslogClient.WinUI/Strings/Resources,WINSyslogClient.WinUI Resources,ProductSection_AdvancedNote,Use esta seção para fluxos especializados e configurações específicas do produto que não pertencem ao fluxo principal de configuração.,Adiscon User Interface .resw source; locale=pt-BR; revision=edd9fe10d4a120194e4a0a1e60a5d04d661b79ab
WINSyslogClient.WinUI/Strings/Resources,WINSyslogClient.WinUI Resources,ProductSection_AdvancedStatus,Avançado está disponível para configurações especializadas específicas do produto.,Adiscon User Interface .resw source; locale=pt-BR; revision=edd9fe10d4a120194e4a0a1e60a5d04d661b79ab
WINSyslogClient.WinUI/Strings/Resources,WINSyslogClient.WinUI Resources,ProductSection_AdvancedTitle,Avançado,Adiscon User Interface .resw source; locale=pt-BR; revision=edd9fe10d4a120194e4a0a1e60a5d04d661b79ab
WINSyslogClient.WinUI/Strings/Resources,WINSyslogClient.WinUI Resources,ProductSection_AdvancedWinSyslogNote,WinSyslog keeps Post Process Apps in the Configuration Console for Japanese builds.,Adiscon User Interface .resw source; locale=pt-BR; revision=edd9fe10d4a120194e4a0a1e60a5d04d661b79ab
WINSyslogClient.WinUI/Strings/Resources,WINSyslogClient.WinUI Resources,ProductSection_CountsFormat,Blocos gerais: {0} | Serviços: {1} | Grupos de regras: {2},Adiscon User Interface .resw source; locale=pt-BR; revision=edd9fe10d4a120194e4a0a1e60a5d04d661b79ab
WINSyslogClient.WinUI/Strings/Resources,WINSyslogClient.WinUI Resources,ProductSection_LinksNote,"Use estes links de produto, documentação, suporte e diagnóstico para este cliente.",Adiscon User Interface .resw source; locale=pt-BR; revision=edd9fe10d4a120194e4a0a1e60a5d04d661b79ab
WINSyslogClient.WinUI/Strings/Resources,WINSyslogClient.WinUI Resources,ProductSection_LinksTitle,Links e acompanhamento,Adiscon User Interface .resw source; locale=pt-BR; revision=edd9fe10d4a120194e4a0a1e60a5d04d661b79ab
WINSyslogClient.WinUI/Strings/Resources,WINSyslogClient.WinUI Resources,ProductSection_LiveConfigurationContextTitle,Contexto de configuração ao vivo,Adiscon User Interface .resw source; locale=pt-BR; revision=edd9fe10d4a120194e4a0a1e60a5d04d661b79ab
WINSyslogClient.WinUI/Strings/Resources,WINSyslogClient.WinUI Resources,ProductSection_ServiceStateFormat,Serviço: {0} | Estado: {1},Adiscon User Interface .resw source; locale=pt-BR; revision=edd9fe10d4a120194e4a0a1e60a5d04d661b79ab
WINSyslogClient.WinUI/Strings/Resources,WINSyslogClient.WinUI Resources,ProductSection_SourceFormat,Origem: {0},Adiscon User Interface .resw source; locale=pt-BR; revision=edd9fe10d4a120194e4a0a1e60a5d04d661b79ab
WINSyslogClient.WinUI/Strings/Resources,WINSyslogClient.WinUI Resources,ProductSection_ToolsNote,Os diagnósticos permanecem baseados no snapshot de configuração ativo para que o suporte comece com o mesmo leitor e estado do serviço exibidos em outras partes do shell.,Adiscon User Interface .resw source; locale=pt-BR; revision=edd9fe10d4a120194e4a0a1e60a5d04d661b79ab
WINSyslogClient.WinUI/Strings/Resources,WINSyslogClient.WinUI Resources,ProductSection_ToolsStatus,As ferramentas expõem documentação específica do produto e contexto de configuração ao vivo.,Adiscon User Interface .resw source; locale=pt-BR; revision=edd9fe10d4a120194e4a0a1e60a5d04d661b79ab
WINSyslogClient.WinUI/Strings/Resources,WINSyslogClient.WinUI Resources,ProductSection_ToolsTitle,Ferramentas,Adiscon User Interface .resw source; locale=pt-BR; revision=edd9fe10d4a120194e4a0a1e60a5d04d661b79ab
WINSyslogClient.WinUI/Strings/Resources,WINSyslogClient.WinUI Resources,ServiceRuntime_ButtonKillProcess,Kill service process,Adiscon User Interface .resw source; locale=pt-BR; revision=edd9fe10d4a120194e4a0a1e60a5d04d661b79ab
WINSyslogClient.WinUI/Strings/Resources,WINSyslogClient.WinUI Resources,ServiceRuntime_ButtonOpenServices,Open Windows Services,Adiscon User Interface .resw source; locale=pt-BR; revision=edd9fe10d4a120194e4a0a1e60a5d04d661b79ab
WINSyslogClient.WinUI/Strings/Resources,WINSyslogClient.WinUI Resources,ServiceRuntime_ButtonRefresh,Refresh,Adiscon User Interface .resw source; locale=pt-BR; revision=edd9fe10d4a120194e4a0a1e60a5d04d661b79ab
WINSyslogClient.WinUI/Strings/Resources,WINSyslogClient.WinUI Resources,ServiceRuntime_ButtonRestart,Restart,Adiscon User Interface .resw source; locale=pt-BR; revision=edd9fe10d4a120194e4a0a1e60a5d04d661b79ab
WINSyslogClient.WinUI/Strings/Resources,WINSyslogClient.WinUI Resources,ServiceRuntime_ButtonStart,Start,Adiscon User Interface .resw source; locale=pt-BR; revision=edd9fe10d4a120194e4a0a1e60a5d04d661b79ab
WINSyslogClient.WinUI/Strings/Resources,WINSyslogClient.WinUI Resources,ServiceRuntime_ButtonStop,Stop,Adiscon User Interface .resw source; locale=pt-BR; revision=edd9fe10d4a120194e4a0a1e60a5d04d661b79ab
WINSyslogClient.WinUI/Strings/Resources,WINSyslogClient.WinUI Resources,ServiceRuntime_DisabledAccessDenied,Administrator rights are needed to query or control the background service.,Adiscon User Interface .resw source; locale=pt-BR; revision=edd9fe10d4a120194e4a0a1e60a5d04d661b79ab
WINSyslogClient.WinUI/Strings/Resources,WINSyslogClient.WinUI Resources,ServiceRuntime_DisabledControlUnavailable,"Windows cannot send service control commands right now. Wait, check Windows Services, or kill the service process if it is still running.",Adiscon User Interface .resw source; locale=pt-BR; revision=edd9fe10d4a120194e4a0a1e60a5d04d661b79ab
WINSyslogClient.WinUI/Strings/Resources,WINSyslogClient.WinUI Resources,ServiceRuntime_DisabledNotInstalled,The Windows service is not installed.,Adiscon User Interface .resw source; locale=pt-BR; revision=edd9fe10d4a120194e4a0a1e60a5d04d661b79ab
WINSyslogClient.WinUI/Strings/Resources,WINSyslogClient.WinUI Resources,ServiceRuntime_DisabledNotLoaded,Service state has not been loaded yet.,Adiscon User Interface .resw source; locale=pt-BR; revision=edd9fe10d4a120194e4a0a1e60a5d04d661b79ab
WINSyslogClient.WinUI/Strings/Resources,WINSyslogClient.WinUI Resources,ServiceRuntime_DisabledPaused,Service is paused while reloading configuration. Stop and Restart are disabled until reload completes.,Adiscon User Interface .resw source; locale=pt-BR; revision=edd9fe10d4a120194e4a0a1e60a5d04d661b79ab
WINSyslogClient.WinUI/Strings/Resources,WINSyslogClient.WinUI Resources,ServiceRuntime_DisabledPausing,Service is pausing. Wait for Windows to finish the transition.,Adiscon User Interface .resw source; locale=pt-BR; revision=edd9fe10d4a120194e4a0a1e60a5d04d661b79ab
WINSyslogClient.WinUI/Strings/Resources,WINSyslogClient.WinUI Resources,ServiceRuntime_DisabledProcessMismatch,The service process is running without clean Windows service control. Use Kill service process or check Windows Services.,Adiscon User Interface .resw source; locale=pt-BR; revision=edd9fe10d4a120194e4a0a1e60a5d04d661b79ab
WINSyslogClient.WinUI/Strings/Resources,WINSyslogClient.WinUI Resources,ServiceRuntime_DisabledResuming,Service is resuming. Wait for Windows to finish the transition.,Adiscon User Interface .resw source; locale=pt-BR; revision=edd9fe10d4a120194e4a0a1e60a5d04d661b79ab
WINSyslogClient.WinUI/Strings/Resources,WINSyslogClient.WinUI Resources,ServiceRuntime_DisabledStarting,Service is starting. Wait for Windows to finish the transition.,Adiscon User Interface .resw source; locale=pt-BR; revision=edd9fe10d4a120194e4a0a1e60a5d04d661b79ab
WINSyslogClient.WinUI/Strings/Resources,WINSyslogClient.WinUI Resources,ServiceRuntime_DisabledStopping,Service is stopping. Wait for Windows to finish the transition.,Adiscon User Interface .resw source; locale=pt-BR; revision=edd9fe10d4a120194e4a0a1e60a5d04d661b79ab
WINSyslogClient.WinUI/Strings/Resources,WINSyslogClient.WinUI Resources,ServiceRuntime_DisabledUnavailable,Windows service state is unavailable. Check Windows Services.,Adiscon User Interface .resw source; locale=pt-BR; revision=edd9fe10d4a120194e4a0a1e60a5d04d661b79ab
WINSyslogClient.WinUI/Strings/Resources,WINSyslogClient.WinUI Resources,ServiceRuntime_DisabledUnknown,Service state is unknown. Refresh runtime state or check Windows Services.,Adiscon User Interface .resw source; locale=pt-BR; revision=edd9fe10d4a120194e4a0a1e60a5d04d661b79ab
WINSyslogClient.WinUI/Strings/Resources,WINSyslogClient.WinUI Resources,ServiceRuntime_RecoveryAccessDenied,Restart as administrator to control the background service.,Adiscon User Interface .resw source; locale=pt-BR; revision=edd9fe10d4a120194e4a0a1e60a5d04d661b79ab
WINSyslogClient.WinUI/Strings/Resources,WINSyslogClient.WinUI Resources,ServiceRuntime_RecoveryPending,"If this state remains for a long time, open Windows Services to compare the SCM state.",Adiscon User Interface .resw source; locale=pt-BR; revision=edd9fe10d4a120194e4a0a1e60a5d04d661b79ab
WINSyslogClient.WinUI/Strings/Resources,WINSyslogClient.WinUI Resources,ServiceRuntime_RecoveryProcessRunning,A matching service process is still running. Kill service process is available as a recovery action after confirmation.,Adiscon User Interface .resw source; locale=pt-BR; revision=edd9fe10d4a120194e4a0a1e60a5d04d661b79ab
WINSyslogClient.WinUI/Strings/Resources,WINSyslogClient.WinUI Resources,ServiceRuntime_StateAccessDenied,Cannot query service (access denied),Adiscon User Interface .resw source; locale=pt-BR; revision=edd9fe10d4a120194e4a0a1e60a5d04d661b79ab
WINSyslogClient.WinUI/Strings/Resources,WINSyslogClient.WinUI Resources,ServiceRuntime_StateControlUnavailable,Control unavailable,Adiscon User Interface .resw source; locale=pt-BR; revision=edd9fe10d4a120194e4a0a1e60a5d04d661b79ab
WINSyslogClient.WinUI/Strings/Resources,WINSyslogClient.WinUI Resources,ServiceRuntime_StateNotInstalled,Not installed,Adiscon User Interface .resw source; locale=pt-BR; revision=edd9fe10d4a120194e4a0a1e60a5d04d661b79ab
WINSyslogClient.WinUI/Strings/Resources,WINSyslogClient.WinUI Resources,ServiceRuntime_StatePaused,Paused (Reloading),Adiscon User Interface .resw source; locale=pt-BR; revision=edd9fe10d4a120194e4a0a1e60a5d04d661b79ab
WINSyslogClient.WinUI/Strings/Resources,WINSyslogClient.WinUI Resources,ServiceRuntime_StatePausing,Pausing,Adiscon User Interface .resw source; locale=pt-BR; revision=edd9fe10d4a120194e4a0a1e60a5d04d661b79ab
WINSyslogClient.WinUI/Strings/Resources,WINSyslogClient.WinUI Resources,ServiceRuntime_StateProcessMismatch,Process running without service,Adiscon User Interface .resw source; locale=pt-BR; revision=edd9fe10d4a120194e4a0a1e60a5d04d661b79ab
WINSyslogClient.WinUI/Strings/Resources,WINSyslogClient.WinUI Resources,ServiceRuntime_StateResuming,Resuming,Adiscon User Interface .resw source; locale=pt-BR; revision=edd9fe10d4a120194e4a0a1e60a5d04d661b79ab
WINSyslogClient.WinUI/Strings/Resources,WINSyslogClient.WinUI Resources,ServiceRuntime_StateRunning,Running,Adiscon User Interface .resw source; locale=pt-BR; revision=edd9fe10d4a120194e4a0a1e60a5d04d661b79ab
WINSyslogClient.WinUI/Strings/Resources,WINSyslogClient.WinUI Resources,ServiceRuntime_StateStarting,Starting,Adiscon User Interface .resw source; locale=pt-BR; revision=edd9fe10d4a120194e4a0a1e60a5d04d661b79ab
WINSyslogClient.WinUI/Strings/Resources,WINSyslogClient.WinUI Resources,ServiceRuntime_StateStopped,Stopped,Adiscon User Interface .resw source; locale=pt-BR; revision=edd9fe10d4a120194e4a0a1e60a5d04d661b79ab
WINSyslogClient.WinUI/Strings/Resources,WINSyslogClient.WinUI Resources,ServiceRuntime_StateStopping,Stopping,Adiscon User Interface .resw source; locale=pt-BR; revision=edd9fe10d4a120194e4a0a1e60a5d04d661b79ab
WINSyslogClient.WinUI/Strings/Resources,WINSyslogClient.WinUI Resources,ServiceRuntime_StateUnavailable,Unavailable,Adiscon User Interface .resw source; locale=pt-BR; revision=edd9fe10d4a120194e4a0a1e60a5d04d661b79ab
WINSyslogClient.WinUI/Strings/Resources,WINSyslogClient.WinUI Resources,ServiceRuntime_StateUnknown,Unknown,Adiscon User Interface .resw source; locale=pt-BR; revision=edd9fe10d4a120194e4a0a1e60a5d04d661b79ab
WINSyslogClient.WinUI/Strings/Resources,WINSyslogClient.WinUI Resources,ServiceRuntime_Summary,Start and restart save pending configuration changes before running the service. Stop refreshes the shared runtime state without forcing a save first.,Adiscon User Interface .resw source; locale=pt-BR; revision=edd9fe10d4a120194e4a0a1e60a5d04d661b79ab
WINSyslogClient.WinUI/Strings/Resources,WINSyslogClient.WinUI Resources,ServiceRuntime_Title,Windows service,Adiscon User Interface .resw source; locale=pt-BR; revision=edd9fe10d4a120194e4a0a1e60a5d04d661b79ab
WINSyslogClient.WinUI/Strings/Resources,WINSyslogClient.WinUI Resources,Shell_Nav_advanced_Description,Abrir configurações avançadas específicas do produto.,Adiscon User Interface .resw source; locale=pt-BR; revision=edd9fe10d4a120194e4a0a1e60a5d04d661b79ab
WINSyslogClient.WinUI/Strings/Resources,WINSyslogClient.WinUI Resources,Shell_Nav_advanced_Label,Avançado,Adiscon User Interface .resw source; locale=pt-BR; revision=edd9fe10d4a120194e4a0a1e60a5d04d661b79ab
WINSyslogClient.WinUI/Strings/Resources,WINSyslogClient.WinUI Resources,Shell_Nav_configuration_ChildSectionHeader,Áreas de configuração,Adiscon User Interface .resw source; locale=pt-BR; revision=edd9fe10d4a120194e4a0a1e60a5d04d661b79ab
WINSyslogClient.WinUI/Strings/Resources,WINSyslogClient.WinUI Resources,Shell_Nav_configuration_Description,Use a árvore de configuração como navegador principal e edite o item selecionado no workbench.,Adiscon User Interface .resw source; locale=pt-BR; revision=edd9fe10d4a120194e4a0a1e60a5d04d661b79ab
WINSyslogClient.WinUI/Strings/Resources,WINSyslogClient.WinUI Resources,Shell_Nav_configuration_Label,Workbench de configuração,Adiscon User Interface .resw source; locale=pt-BR; revision=edd9fe10d4a120194e4a0a1e60a5d04d661b79ab
WINSyslogClient.WinUI/Strings/Resources,WINSyslogClient.WinUI Resources,Shell_Nav_help_ChildSectionHeader,Opções do cliente,Adiscon User Interface .resw source; locale=pt-BR; revision=edd9fe10d4a120194e4a0a1e60a5d04d661b79ab
WINSyslogClient.WinUI/Strings/Resources,WINSyslogClient.WinUI Resources,Shell_Nav_help_Description,"Abrir informações de versão, links do produto e referências de suporte.",Adiscon User Interface .resw source; locale=pt-BR; revision=edd9fe10d4a120194e4a0a1e60a5d04d661b79ab
WINSyslogClient.WinUI/Strings/Resources,WINSyslogClient.WinUI Resources,Shell_Nav_help_Label,Ajuda / Sobre,Adiscon User Interface .resw source; locale=pt-BR; revision=edd9fe10d4a120194e4a0a1e60a5d04d661b79ab
WINSyslogClient.WinUI/Strings/Resources,WINSyslogClient.WinUI Resources,Shell_Nav_help_language_Description,Escolher o idioma de exibição do cliente e a substituição de recursos empacotados.,Adiscon User Interface .resw source; locale=pt-BR; revision=edd9fe10d4a120194e4a0a1e60a5d04d661b79ab
WINSyslogClient.WinUI/Strings/Resources,WINSyslogClient.WinUI Resources,Shell_Nav_help_language_Label,Idioma,Adiscon User Interface .resw source; locale=pt-BR; revision=edd9fe10d4a120194e4a0a1e60a5d04d661b79ab
WINSyslogClient.WinUI/Strings/Resources,WINSyslogClient.WinUI Resources,Shell_Nav_home_Description,Abrir o painel do produto e o resumo de runtime atual.,Adiscon User Interface .resw source; locale=pt-BR; revision=edd9fe10d4a120194e4a0a1e60a5d04d661b79ab
WINSyslogClient.WinUI/Strings/Resources,WINSyslogClient.WinUI Resources,Shell_Nav_home_Label,Painel,Adiscon User Interface .resw source; locale=pt-BR; revision=edd9fe10d4a120194e4a0a1e60a5d04d661b79ab
WINSyslogClient.WinUI/Strings/Resources,WINSyslogClient.WinUI Resources,Shell_Nav_home_TopLevelSectionHeader,Áreas de trabalho principais,Adiscon User Interface .resw source; locale=pt-BR; revision=edd9fe10d4a120194e4a0a1e60a5d04d661b79ab
WINSyslogClient.WinUI/Strings/Resources,WINSyslogClient.WinUI Resources,Shell_Nav_post_process_apps_Description,Open WinSyslog post processing application settings in the Configuration Console.,Adiscon User Interface .resw source; locale=pt-BR; revision=edd9fe10d4a120194e4a0a1e60a5d04d661b79ab
WINSyslogClient.WinUI/Strings/Resources,WINSyslogClient.WinUI Resources,Shell_Nav_post_process_apps_Label,Post Process Apps,Adiscon User Interface .resw source; locale=pt-BR; revision=edd9fe10d4a120194e4a0a1e60a5d04d661b79ab
WINSyslogClient.WinUI/Strings/Resources,WINSyslogClient.WinUI Resources,Shell_Nav_tools_ChildSectionHeader,Ferramentas de diagnóstico e remotas,Adiscon User Interface .resw source; locale=pt-BR; revision=edd9fe10d4a120194e4a0a1e60a5d04d661b79ab
WINSyslogClient.WinUI/Strings/Resources,WINSyslogClient.WinUI Resources,Shell_Nav_tools_Description,Abrir ferramentas de registro remoto e descoberta.,Adiscon User Interface .resw source; locale=pt-BR; revision=edd9fe10d4a120194e4a0a1e60a5d04d661b79ab
WINSyslogClient.WinUI/Strings/Resources,WINSyslogClient.WinUI Resources,Shell_Nav_tools_Label,Ferramentas,Adiscon User Interface .resw source; locale=pt-BR; revision=edd9fe10d4a120194e4a0a1e60a5d04d661b79ab
WINSyslogClient.WinUI/Strings/Resources,WINSyslogClient.WinUI Resources,Shell_Nav_tools_TopLevelSectionHeader,Utilitários,Adiscon User Interface .resw source; locale=pt-BR; revision=edd9fe10d4a120194e4a0a1e60a5d04d661b79ab
WINSyslogClient.WinUI/Strings/Resources,WINSyslogClient.WinUI Resources,Shell_Nav_tools_connect_Label,Conectar ao registro remoto,Adiscon User Interface .resw source; locale=pt-BR; revision=edd9fe10d4a120194e4a0a1e60a5d04d661b79ab
WINSyslogClient.WinUI/Strings/Resources,WINSyslogClient.WinUI Resources,Shell_Nav_tools_debug_log_viewer_Description,Carregar e analisar o arquivo de log de depuração ativo.,Adiscon User Interface .resw source; locale=pt-BR; revision=edd9fe10d4a120194e4a0a1e60a5d04d661b79ab
WINSyslogClient.WinUI/Strings/Resources,WINSyslogClient.WinUI Resources,Shell_Nav_tools_debug_log_viewer_Label,Log de depuração,Adiscon User Interface .resw source; locale=pt-BR; revision=edd9fe10d4a120194e4a0a1e60a5d04d661b79ab
WINSyslogClient.WinUI/Strings/Resources,WINSyslogClient.WinUI Resources,Shell_Nav_tools_discovery_Label,Descoberta de rede (WMI),Adiscon User Interface .resw source; locale=pt-BR; revision=edd9fe10d4a120194e4a0a1e60a5d04d661b79ab
WINSyslogClient.WinUI/Strings/Resources,WINSyslogClient.WinUI Resources,Shell_Nav_tools_storage_source_Description,Abrir o painel utilitário de origem de armazenamento do Workbench.,Adiscon User Interface .resw source; locale=pt-BR; revision=edd9fe10d4a120194e4a0a1e60a5d04d661b79ab
WINSyslogClient.WinUI/Strings/Resources,WINSyslogClient.WinUI Resources,Shell_Nav_tools_storage_source_Label,Origem de armazenamento,Adiscon User Interface .resw source; locale=pt-BR; revision=edd9fe10d4a120194e4a0a1e60a5d04d661b79ab
WINSyslogClient.WinUI/Strings/Resources,WINSyslogClient.WinUI Resources,Shell_Nav_tools_syslog_test_message_Description,Enviar uma mensagem Syslog de teste para validar caminhos de listener e rede.,Adiscon User Interface .resw source; locale=pt-BR; revision=edd9fe10d4a120194e4a0a1e60a5d04d661b79ab
WINSyslogClient.WinUI/Strings/Resources,WINSyslogClient.WinUI Resources,Shell_Nav_tools_syslog_test_message_Label,Mensagem Syslog de teste,Adiscon User Interface .resw source; locale=pt-BR; revision=edd9fe10d4a120194e4a0a1e60a5d04d661b79ab
WINSyslogClient.WinUI/Strings/Resources,WINSyslogClient.WinUI Resources,Shell_Nav_tools_windows_service_Description,Abrir o painel utilitário de Serviço do Windows do Workbench.,Adiscon User Interface .resw source; locale=pt-BR; revision=edd9fe10d4a120194e4a0a1e60a5d04d661b79ab
WINSyslogClient.WinUI/Strings/Resources,WINSyslogClient.WinUI Resources,Shell_Nav_tools_windows_service_Label,Serviço do Windows,Adiscon User Interface .resw source; locale=pt-BR; revision=edd9fe10d4a120194e4a0a1e60a5d04d661b79ab
WINSyslogClient.WinUI/Strings/Resources,WINSyslogClient.WinUI Resources,Shell_NoUrlConfigured,Nenhuma URL está configurada para esta ação.,Adiscon User Interface .resw source; locale=pt-BR; revision=edd9fe10d4a120194e4a0a1e60a5d04d661b79ab
WINSyslogClient.WinUI/Strings/Resources,WINSyslogClient.WinUI Resources,Shell_PaneFooter,"Esta barra troca áreas do aplicativo, não itens dentro do documento de configuração.",Adiscon User Interface .resw source; locale=pt-BR; revision=edd9fe10d4a120194e4a0a1e60a5d04d661b79ab
WINSyslogClient.WinUI/Strings/Resources,WINSyslogClient.WinUI Resources,Shell_PaneIntroFormat,Escolha aqui uma área de trabalho do {0}. A árvore do documento aparece somente em Configuração e reflete o arquivo de configuração carregado.,Adiscon User Interface .resw source; locale=pt-BR; revision=edd9fe10d4a120194e4a0a1e60a5d04d661b79ab
WINSyslogClient.WinUI/Strings/Resources,WINSyslogClient.WinUI Resources,Shell_PaneIntroTitle,Navegação do aplicativo,Adiscon User Interface .resw source; locale=pt-BR; revision=edd9fe10d4a120194e4a0a1e60a5d04d661b79ab
WINSyslogClient.WinUI/Strings/Resources,WINSyslogClient.WinUI Resources,Shell_StartupErrorTitle,Erro de inicialização,Adiscon User Interface .resw source; locale=pt-BR; revision=edd9fe10d4a120194e4a0a1e60a5d04d661b79ab
WINSyslogClient.WinUI/Strings/Resources,WINSyslogClient.WinUI Resources,Shell_UrlOpenFailed,O Windows não abriu a URL solicitada.,Adiscon User Interface .resw source; locale=pt-BR; revision=edd9fe10d4a120194e4a0a1e60a5d04d661b79ab
WINSyslogClient.WinUI/Strings/Resources,WINSyslogClient.WinUI Resources,Workbench_CatalogCategory_Database_monitoring,Monitoramento de banco de dados,Adiscon User Interface .resw source; locale=pt-BR; revision=edd9fe10d4a120194e4a0a1e60a5d04d661b79ab
WINSyslogClient.WinUI/Strings/Resources,WINSyslogClient.WinUI Resources,Workbench_CatalogCategory_Database_output,Saída de banco de dados,Adiscon User Interface .resw source; locale=pt-BR; revision=edd9fe10d4a120194e4a0a1e60a5d04d661b79ab
WINSyslogClient.WinUI/Strings/Resources,WINSyslogClient.WinUI Resources,Workbench_CatalogCategory_Device_monitoring,Monitoramento de dispositivos,Adiscon User Interface .resw source; locale=pt-BR; revision=edd9fe10d4a120194e4a0a1e60a5d04d661b79ab
WINSyslogClient.WinUI/Strings/Resources,WINSyslogClient.WinUI Resources,Workbench_CatalogCategory_Device_output,Saída de dispositivo,Adiscon User Interface .resw source; locale=pt-BR; revision=edd9fe10d4a120194e4a0a1e60a5d04d661b79ab
WINSyslogClient.WinUI/Strings/Resources,WINSyslogClient.WinUI Resources,Workbench_CatalogCategory_Event_collection,Coleta de eventos,Adiscon User Interface .resw source; locale=pt-BR; revision=edd9fe10d4a120194e4a0a1e60a5d04d661b79ab
WINSyslogClient.WinUI/Strings/Resources,WINSyslogClient.WinUI Resources,Workbench_CatalogCategory_Event_enrichment,Enriquecimento de eventos,Adiscon User Interface .resw source; locale=pt-BR; revision=edd9fe10d4a120194e4a0a1e60a5d04d661b79ab
WINSyslogClient.WinUI/Strings/Resources,WINSyslogClient.WinUI Resources,Workbench_CatalogCategory_File_monitoring,Monitoramento de arquivos,Adiscon User Interface .resw source; locale=pt-BR; revision=edd9fe10d4a120194e4a0a1e60a5d04d661b79ab
WINSyslogClient.WinUI/Strings/Resources,WINSyslogClient.WinUI Resources,Workbench_CatalogCategory_Local_output,Saída local,Adiscon User Interface .resw source; locale=pt-BR; revision=edd9fe10d4a120194e4a0a1e60a5d04d661b79ab
WINSyslogClient.WinUI/Strings/Resources,WINSyslogClient.WinUI Resources,Workbench_CatalogCategory_Message_listeners,Receptores de mensagens,Adiscon User Interface .resw source; locale=pt-BR; revision=edd9fe10d4a120194e4a0a1e60a5d04d661b79ab
WINSyslogClient.WinUI/Strings/Resources,WINSyslogClient.WinUI Resources,Workbench_CatalogCategory_Network_output,Saída de rede,Adiscon User Interface .resw source; locale=pt-BR; revision=edd9fe10d4a120194e4a0a1e60a5d04d661b79ab
WINSyslogClient.WinUI/Strings/Resources,WINSyslogClient.WinUI Resources,Workbench_CatalogCategory_Network_probes,Sondas de rede,Adiscon User Interface .resw source; locale=pt-BR; revision=edd9fe10d4a120194e4a0a1e60a5d04d661b79ab
WINSyslogClient.WinUI/Strings/Resources,WINSyslogClient.WinUI Resources,Workbench_CatalogCategory_Other,Outros,Adiscon User Interface .resw source; locale=pt-BR; revision=edd9fe10d4a120194e4a0a1e60a5d04d661b79ab
WINSyslogClient.WinUI/Strings/Resources,WINSyslogClient.WinUI Resources,Workbench_CatalogCategory_Rule_flow,Fluxo de regras,Adiscon User Interface .resw source; locale=pt-BR; revision=edd9fe10d4a120194e4a0a1e60a5d04d661b79ab
WINSyslogClient.WinUI/Strings/Resources,WINSyslogClient.WinUI Resources,Workbench_CatalogCategory_System_monitoring,Monitoramento do sistema,Adiscon User Interface .resw source; locale=pt-BR; revision=edd9fe10d4a120194e4a0a1e60a5d04d661b79ab
WINSyslogClient.WinUI/Strings/Resources,WINSyslogClient.WinUI Resources,Workbench_CatalogCategory_System_operations,Operações do sistema,Adiscon User Interface .resw source; locale=pt-BR; revision=edd9fe10d4a120194e4a0a1e60a5d04d661b79ab
WINSyslogClient.WinUI/Strings/Resources,WINSyslogClient.WinUI Resources,Workbench_CatalogPurposeFormat,Configurar {0}.,Adiscon User Interface .resw source; locale=pt-BR; revision=edd9fe10d4a120194e4a0a1e60a5d04d661b79ab
WINSyslogClient.WinUI/Strings/Resources,WINSyslogClient.WinUI Resources,Workbench_DisplayLabel_CustomerID,ID do cliente,Adiscon User Interface .resw source; locale=pt-BR; revision=edd9fe10d4a120194e4a0a1e60a5d04d661b79ab
WINSyslogClient.WinUI/Strings/Resources,WINSyslogClient.WinUI Resources,Workbench_DisplayLabel_Database_OLEDB,Banco de dados OLE DB,Adiscon User Interface .resw source; locale=pt-BR; revision=edd9fe10d4a120194e4a0a1e60a5d04d661b79ab
WINSyslogClient.WinUI/Strings/Resources,WINSyslogClient.WinUI Resources,Workbench_DisplayLabel_FileAndSystem,Monitores de arquivo e sistema,Adiscon User Interface .resw source; locale=pt-BR; revision=edd9fe10d4a120194e4a0a1e60a5d04d661b79ab
WINSyslogClient.WinUI/Strings/Resources,WINSyslogClient.WinUI Resources,Workbench_DisplayLabel_QueueManager,Gerenciador de filas,Adiscon User Interface .resw source; locale=pt-BR; revision=edd9fe10d4a120194e4a0a1e60a5d04d661b79ab
WINSyslogClient.WinUI/Strings/Resources,WINSyslogClient.WinUI Resources,Workbench_DisplayLabel_Queuelimit,Limite da fila,Adiscon User Interface .resw source; locale=pt-BR; revision=edd9fe10d4a120194e4a0a1e60a5d04d661b79ab
WINSyslogClient.WinUI/Strings/Resources,WINSyslogClient.WinUI Resources,Workbench_DisplayLabel_SNMP_Mibs,MIBs SNMP,Adiscon User Interface .resw source; locale=pt-BR; revision=edd9fe10d4a120194e4a0a1e60a5d04d661b79ab
WINSyslogClient.WinUI/Strings/Resources,WINSyslogClient.WinUI Resources,Workbench_DisplayLabel_SystemID,ID do sistema,Adiscon User Interface .resw source; locale=pt-BR; revision=edd9fe10d4a120194e4a0a1e60a5d04d661b79ab
WINSyslogClient.WinUI/Strings/Resources,WINSyslogClient.WinUI Resources,Workbench_DisplayLabel_TCPOptions,Opções de TCP,Adiscon User Interface .resw source; locale=pt-BR; revision=edd9fe10d4a120194e4a0a1e60a5d04d661b79ab
WINSyslogClient.WinUI/Strings/Resources,WINSyslogClient.WinUI Resources,Workbench_DisplayLabel_TLSAdvanced_Options,Opções avançadas de TLS,Adiscon User Interface .resw source; locale=pt-BR; revision=edd9fe10d4a120194e4a0a1e60a5d04d661b79ab
WINSyslogClient.WinUI/Strings/Resources,WINSyslogClient.WinUI Resources,Workbench_FilterGroup_Basic_Filters,Filtros básicos,Adiscon User Interface .resw source; locale=pt-BR; revision=edd9fe10d4a120194e4a0a1e60a5d04d661b79ab
WINSyslogClient.WinUI/Strings/Resources,WINSyslogClient.WinUI Resources,Workbench_FilterGroup_CPU_and_memory_monitor,CPU and memory monitor,Adiscon User Interface .resw source; locale=pt-BR; revision=edd9fe10d4a120194e4a0a1e60a5d04d661b79ab
WINSyslogClient.WinUI/Strings/Resources,WINSyslogClient.WinUI Resources,Workbench_FilterGroup_Custom_Property,Propriedade personalizada,Adiscon User Interface .resw source; locale=pt-BR; revision=edd9fe10d4a120194e4a0a1e60a5d04d661b79ab
WINSyslogClient.WinUI/Strings/Resources,WINSyslogClient.WinUI Resources,Workbench_FilterGroup_Date_Time,Data/Hora,Adiscon User Interface .resw source; locale=pt-BR; revision=edd9fe10d4a120194e4a0a1e60a5d04d661b79ab
WINSyslogClient.WinUI/Strings/Resources,WINSyslogClient.WinUI Resources,Workbench_FilterGroup_Date_and_time,Date and time,Adiscon User Interface .resw source; locale=pt-BR; revision=edd9fe10d4a120194e4a0a1e60a5d04d661b79ab
WINSyslogClient.WinUI/Strings/Resources,WINSyslogClient.WinUI Resources,Workbench_FilterGroup_Disk_Space_Monitor,Disk Space Monitor,Adiscon User Interface .resw source; locale=pt-BR; revision=edd9fe10d4a120194e4a0a1e60a5d04d661b79ab
WINSyslogClient.WinUI/Strings/Resources,WINSyslogClient.WinUI Resources,Workbench_FilterGroup_Event_Log_Monitor,Event Log Monitor,Adiscon User Interface .resw source; locale=pt-BR; revision=edd9fe10d4a120194e4a0a1e60a5d04d661b79ab
WINSyslogClient.WinUI/Strings/Resources,WINSyslogClient.WinUI Resources,Workbench_FilterGroup_Event_Log_Monitor_V2,Event Log Monitor V2,Adiscon User Interface .resw source; locale=pt-BR; revision=edd9fe10d4a120194e4a0a1e60a5d04d661b79ab
WINSyslogClient.WinUI/Strings/Resources,WINSyslogClient.WinUI Resources,Workbench_FilterGroup_Extended_IP_Property,Propriedade IP estendida,Adiscon User Interface .resw source; locale=pt-BR; revision=edd9fe10d4a120194e4a0a1e60a5d04d661b79ab
WINSyslogClient.WinUI/Strings/Resources,WINSyslogClient.WinUI Resources,Workbench_FilterGroup_Extended_Number_Property,Propriedade de número estendido,Adiscon User Interface .resw source; locale=pt-BR; revision=edd9fe10d4a120194e4a0a1e60a5d04d661b79ab
WINSyslogClient.WinUI/Strings/Resources,WINSyslogClient.WinUI Resources,Workbench_FilterGroup_FTP_Probe,FTP Probe,Adiscon User Interface .resw source; locale=pt-BR; revision=edd9fe10d4a120194e4a0a1e60a5d04d661b79ab
WINSyslogClient.WinUI/Strings/Resources,WINSyslogClient.WinUI Resources,Workbench_FilterGroup_File_Exists,Arquivo existe,Adiscon User Interface .resw source; locale=pt-BR; revision=edd9fe10d4a120194e4a0a1e60a5d04d661b79ab
WINSyslogClient.WinUI/Strings/Resources,WINSyslogClient.WinUI Resources,Workbench_FilterGroup_File_Monitor,File Monitor,Adiscon User Interface .resw source; locale=pt-BR; revision=edd9fe10d4a120194e4a0a1e60a5d04d661b79ab
WINSyslogClient.WinUI/Strings/Resources,WINSyslogClient.WinUI Resources,Workbench_FilterGroup_File_and_system_services,File and system services,Adiscon User Interface .resw source; locale=pt-BR; revision=edd9fe10d4a120194e4a0a1e60a5d04d661b79ab
WINSyslogClient.WinUI/Strings/Resources,WINSyslogClient.WinUI Resources,Workbench_FilterGroup_General,Geral,Adiscon User Interface .resw source; locale=pt-BR; revision=edd9fe10d4a120194e4a0a1e60a5d04d661b79ab
WINSyslogClient.WinUI/Strings/Resources,WINSyslogClient.WinUI Resources,Workbench_FilterGroup_HTTP_Probe,HTTP Probe,Adiscon User Interface .resw source; locale=pt-BR; revision=edd9fe10d4a120194e4a0a1e60a5d04d661b79ab
WINSyslogClient.WinUI/Strings/Resources,WINSyslogClient.WinUI Resources,Workbench_FilterGroup_IMAP_Probe,IMAP Probe,Adiscon User Interface .resw source; locale=pt-BR; revision=edd9fe10d4a120194e4a0a1e60a5d04d661b79ab
WINSyslogClient.WinUI/Strings/Resources,WINSyslogClient.WinUI Resources,Workbench_FilterGroup_Information_unit_type,Information unit type,Adiscon User Interface .resw source; locale=pt-BR; revision=edd9fe10d4a120194e4a0a1e60a5d04d661b79ab
WINSyslogClient.WinUI/Strings/Resources,WINSyslogClient.WinUI Resources,Workbench_FilterGroup_Modern_shortcuts,Modern shortcuts,Adiscon User Interface .resw source; locale=pt-BR; revision=edd9fe10d4a120194e4a0a1e60a5d04d661b79ab
WINSyslogClient.WinUI/Strings/Resources,WINSyslogClient.WinUI Resources,Workbench_FilterGroup_NNTP_Probe,NNTP Probe,Adiscon User Interface .resw source; locale=pt-BR; revision=edd9fe10d4a120194e4a0a1e60a5d04d661b79ab
WINSyslogClient.WinUI/Strings/Resources,WINSyslogClient.WinUI Resources,Workbench_FilterGroup_NT_Service_Monitor,NT Service Monitor,Adiscon User Interface .resw source; locale=pt-BR; revision=edd9fe10d4a120194e4a0a1e60a5d04d661b79ab
WINSyslogClient.WinUI/Strings/Resources,WINSyslogClient.WinUI Resources,Workbench_FilterGroup_Network_Related_Services,Serviços relacionados à rede,Adiscon User Interface .resw source; locale=pt-BR; revision=edd9fe10d4a120194e4a0a1e60a5d04d661b79ab
WINSyslogClient.WinUI/Strings/Resources,WINSyslogClient.WinUI Resources,Workbench_FilterGroup_Network_services,Network services,Adiscon User Interface .resw source; locale=pt-BR; revision=edd9fe10d4a120194e4a0a1e60a5d04d661b79ab
WINSyslogClient.WinUI/Strings/Resources,WINSyslogClient.WinUI Resources,Workbench_FilterGroup_Other_services,Outros serviços,Adiscon User Interface .resw source; locale=pt-BR; revision=edd9fe10d4a120194e4a0a1e60a5d04d661b79ab
WINSyslogClient.WinUI/Strings/Resources,WINSyslogClient.WinUI Resources,Workbench_FilterGroup_POP3_Probe,POP3 Probe,Adiscon User Interface .resw source; locale=pt-BR; revision=edd9fe10d4a120194e4a0a1e60a5d04d661b79ab
WINSyslogClient.WinUI/Strings/Resources,WINSyslogClient.WinUI Resources,Workbench_FilterGroup_Probe_services,Serviços de sondagem,Adiscon User Interface .resw source; locale=pt-BR; revision=edd9fe10d4a120194e4a0a1e60a5d04d661b79ab
WINSyslogClient.WinUI/Strings/Resources,WINSyslogClient.WinUI Resources,Workbench_FilterGroup_SMTP_Probe,SMTP Probe,Adiscon User Interface .resw source; locale=pt-BR; revision=edd9fe10d4a120194e4a0a1e60a5d04d661b79ab
WINSyslogClient.WinUI/Strings/Resources,WINSyslogClient.WinUI Resources,Workbench_FilterGroup_SNMP_trap,SNMP trap,Adiscon User Interface .resw source; locale=pt-BR; revision=edd9fe10d4a120194e4a0a1e60a5d04d661b79ab
WINSyslogClient.WinUI/Strings/Resources,WINSyslogClient.WinUI Resources,Workbench_FilterGroup_Serial_Port_Monitor,Serial Port Monitor,Adiscon User Interface .resw source; locale=pt-BR; revision=edd9fe10d4a120194e4a0a1e60a5d04d661b79ab
WINSyslogClient.WinUI/Strings/Resources,WINSyslogClient.WinUI Resources,Workbench_FilterGroup_Syslog,Syslog,Adiscon User Interface .resw source; locale=pt-BR; revision=edd9fe10d4a120194e4a0a1e60a5d04d661b79ab
WINSyslogClient.WinUI/Strings/Resources,WINSyslogClient.WinUI Resources,Workbench_FilterGroup_Weekday,Weekday,Adiscon User Interface .resw source; locale=pt-BR; revision=edd9fe10d4a120194e4a0a1e60a5d04d661b79ab
WINSyslogClient.WinUI/Strings/Resources,WINSyslogClient.WinUI Resources,Workbench_FilterPreset_eval_cpu_load_Description,CPU load percentage,Adiscon User Interface .resw source; locale=pt-BR; revision=edd9fe10d4a120194e4a0a1e60a5d04d661b79ab
WINSyslogClient.WinUI/Strings/Resources,WINSyslogClient.WinUI Resources,Workbench_FilterPreset_eval_cpu_load_Title,CPU load,Adiscon User Interface .resw source; locale=pt-BR; revision=edd9fe10d4a120194e4a0a1e60a5d04d661b79ab
WINSyslogClient.WinUI/Strings/Resources,WINSyslogClient.WinUI Resources,Workbench_FilterPreset_eval_cpu_number_Description,CPU number,Adiscon User Interface .resw source; locale=pt-BR; revision=edd9fe10d4a120194e4a0a1e60a5d04d661b79ab
WINSyslogClient.WinUI/Strings/Resources,WINSyslogClient.WinUI Resources,Workbench_FilterPreset_eval_cpu_number_Title,CPU number,Adiscon User Interface .resw source; locale=pt-BR; revision=edd9fe10d4a120194e4a0a1e60a5d04d661b79ab
WINSyslogClient.WinUI/Strings/Resources,WINSyslogClient.WinUI Resources,Workbench_FilterPreset_eval_custom_Description,"Custom property, comparison, and value",Adiscon User Interface .resw source; locale=pt-BR; revision=edd9fe10d4a120194e4a0a1e60a5d04d661b79ab
WINSyslogClient.WinUI/Strings/Resources,WINSyslogClient.WinUI Resources,Workbench_FilterPreset_eval_custom_Title,Custom EVAL,Adiscon User Interface .resw source; locale=pt-BR; revision=edd9fe10d4a120194e4a0a1e60a5d04d661b79ab
WINSyslogClient.WinUI/Strings/Resources,WINSyslogClient.WinUI Resources,Workbench_FilterPreset_eval_customerid_Description,Customer identifier,Adiscon User Interface .resw source; locale=pt-BR; revision=edd9fe10d4a120194e4a0a1e60a5d04d661b79ab
WINSyslogClient.WinUI/Strings/Resources,WINSyslogClient.WinUI Resources,Workbench_FilterPreset_eval_customerid_Title,Customer ID,Adiscon User Interface .resw source; locale=pt-BR; revision=edd9fe10d4a120194e4a0a1e60a5d04d661b79ab
WINSyslogClient.WinUI/Strings/Resources,WINSyslogClient.WinUI Resources,Workbench_FilterPreset_eval_datetime_Description,Date or time window,Adiscon User Interface .resw source; locale=pt-BR; revision=edd9fe10d4a120194e4a0a1e60a5d04d661b79ab
WINSyslogClient.WinUI/Strings/Resources,WINSyslogClient.WinUI Resources,Workbench_FilterPreset_eval_datetime_Title,Date / time,Adiscon User Interface .resw source; locale=pt-BR; revision=edd9fe10d4a120194e4a0a1e60a5d04d661b79ab
WINSyslogClient.WinUI/Strings/Resources,WINSyslogClient.WinUI Resources,Workbench_FilterPreset_eval_disk_space_gigabytes_Description,Remaining disk space in gigabytes,Adiscon User Interface .resw source; locale=pt-BR; revision=edd9fe10d4a120194e4a0a1e60a5d04d661b79ab
WINSyslogClient.WinUI/Strings/Resources,WINSyslogClient.WinUI Resources,Workbench_FilterPreset_eval_disk_space_gigabytes_Title,Disk space left (GB),Adiscon User Interface .resw source; locale=pt-BR; revision=edd9fe10d4a120194e4a0a1e60a5d04d661b79ab
WINSyslogClient.WinUI/Strings/Resources,WINSyslogClient.WinUI Resources,Workbench_FilterPreset_eval_disk_space_megabytes_Description,Remaining disk space in megabytes,Adiscon User Interface .resw source; locale=pt-BR; revision=edd9fe10d4a120194e4a0a1e60a5d04d661b79ab
WINSyslogClient.WinUI/Strings/Resources,WINSyslogClient.WinUI Resources,Workbench_FilterPreset_eval_disk_space_megabytes_Title,Disk space left (MB),Adiscon User Interface .resw source; locale=pt-BR; revision=edd9fe10d4a120194e4a0a1e60a5d04d661b79ab
WINSyslogClient.WinUI/Strings/Resources,WINSyslogClient.WinUI Resources,Workbench_FilterPreset_eval_disk_space_percent_Description,Remaining disk space percentage,Adiscon User Interface .resw source; locale=pt-BR; revision=edd9fe10d4a120194e4a0a1e60a5d04d661b79ab
WINSyslogClient.WinUI/Strings/Resources,WINSyslogClient.WinUI Resources,Workbench_FilterPreset_eval_disk_space_percent_Title,Disk space left (%),Adiscon User Interface .resw source; locale=pt-BR; revision=edd9fe10d4a120194e4a0a1e60a5d04d661b79ab
WINSyslogClient.WinUI/Strings/Resources,WINSyslogClient.WinUI Resources,Workbench_FilterPreset_eval_event_v1_category_Description,Classic Event Log category,Adiscon User Interface .resw source; locale=pt-BR; revision=edd9fe10d4a120194e4a0a1e60a5d04d661b79ab
WINSyslogClient.WinUI/Strings/Resources,WINSyslogClient.WinUI Resources,Workbench_FilterPreset_eval_event_v1_category_Title,Event Category,Adiscon User Interface .resw source; locale=pt-BR; revision=edd9fe10d4a120194e4a0a1e60a5d04d661b79ab
WINSyslogClient.WinUI/Strings/Resources,WINSyslogClient.WinUI Resources,Workbench_FilterPreset_eval_event_v1_category_name_Description,Classic Event Log category name,Adiscon User Interface .resw source; locale=pt-BR; revision=edd9fe10d4a120194e4a0a1e60a5d04d661b79ab
WINSyslogClient.WinUI/Strings/Resources,WINSyslogClient.WinUI Resources,Workbench_FilterPreset_eval_event_v1_category_name_Title,Event category name,Adiscon User Interface .resw source; locale=pt-BR; revision=edd9fe10d4a120194e4a0a1e60a5d04d661b79ab
WINSyslogClient.WinUI/Strings/Resources,WINSyslogClient.WinUI Resources,Workbench_FilterPreset_eval_event_v1_record_number_Description,Classic Event Log record number,Adiscon User Interface .resw source; locale=pt-BR; revision=edd9fe10d4a120194e4a0a1e60a5d04d661b79ab
WINSyslogClient.WinUI/Strings/Resources,WINSyslogClient.WinUI Resources,Workbench_FilterPreset_eval_event_v1_record_number_Title,Event record number,Adiscon User Interface .resw source; locale=pt-BR; revision=edd9fe10d4a120194e4a0a1e60a5d04d661b79ab
WINSyslogClient.WinUI/Strings/Resources,WINSyslogClient.WinUI Resources,Workbench_FilterPreset_eval_event_v1_severity_Description,Classic Event Log severity,Adiscon User Interface .resw source; locale=pt-BR; revision=edd9fe10d4a120194e4a0a1e60a5d04d661b79ab
WINSyslogClient.WinUI/Strings/Resources,WINSyslogClient.WinUI Resources,Workbench_FilterPreset_eval_event_v1_severity_Title,Event Severity,Adiscon User Interface .resw source; locale=pt-BR; revision=edd9fe10d4a120194e4a0a1e60a5d04d661b79ab
WINSyslogClient.WinUI/Strings/Resources,WINSyslogClient.WinUI Resources,Workbench_FilterPreset_eval_event_v1_source_Description,Classic Event Log source,Adiscon User Interface .resw source; locale=pt-BR; revision=edd9fe10d4a120194e4a0a1e60a5d04d661b79ab
WINSyslogClient.WinUI/Strings/Resources,WINSyslogClient.WinUI Resources,Workbench_FilterPreset_eval_event_v1_source_Title,Event Source,Adiscon User Interface .resw source; locale=pt-BR; revision=edd9fe10d4a120194e4a0a1e60a5d04d661b79ab
WINSyslogClient.WinUI/Strings/Resources,WINSyslogClient.WinUI Resources,Workbench_FilterPreset_eval_event_v1_type_Description,Classic Event Log event type,Adiscon User Interface .resw source; locale=pt-BR; revision=edd9fe10d4a120194e4a0a1e60a5d04d661b79ab
WINSyslogClient.WinUI/Strings/Resources,WINSyslogClient.WinUI Resources,Workbench_FilterPreset_eval_event_v1_type_Title,Tipo de Evento,Adiscon User Interface .resw source; locale=pt-BR; revision=edd9fe10d4a120194e4a0a1e60a5d04d661b79ab
WINSyslogClient.WinUI/Strings/Resources,WINSyslogClient.WinUI Resources,Workbench_FilterPreset_eval_event_v1_user_Description,Classic Event Log user,Adiscon User Interface .resw source; locale=pt-BR; revision=edd9fe10d4a120194e4a0a1e60a5d04d661b79ab
WINSyslogClient.WinUI/Strings/Resources,WINSyslogClient.WinUI Resources,Workbench_FilterPreset_eval_event_v1_user_Title,Usuário do evento,Adiscon User Interface .resw source; locale=pt-BR; revision=edd9fe10d4a120194e4a0a1e60a5d04d661b79ab
WINSyslogClient.WinUI/Strings/Resources,WINSyslogClient.WinUI Resources,Workbench_FilterPreset_eval_event_v2_category_Description,Event Log Monitor V2 category,Adiscon User Interface .resw source; locale=pt-BR; revision=edd9fe10d4a120194e4a0a1e60a5d04d661b79ab
WINSyslogClient.WinUI/Strings/Resources,WINSyslogClient.WinUI Resources,Workbench_FilterPreset_eval_event_v2_category_Title,Event Category,Adiscon User Interface .resw source; locale=pt-BR; revision=edd9fe10d4a120194e4a0a1e60a5d04d661b79ab
WINSyslogClient.WinUI/Strings/Resources,WINSyslogClient.WinUI Resources,Workbench_FilterPreset_eval_event_v2_category_name_Description,Event Log Monitor V2 category name,Adiscon User Interface .resw source; locale=pt-BR; revision=edd9fe10d4a120194e4a0a1e60a5d04d661b79ab
WINSyslogClient.WinUI/Strings/Resources,WINSyslogClient.WinUI Resources,Workbench_FilterPreset_eval_event_v2_category_name_Title,Event category name,Adiscon User Interface .resw source; locale=pt-BR; revision=edd9fe10d4a120194e4a0a1e60a5d04d661b79ab
WINSyslogClient.WinUI/Strings/Resources,WINSyslogClient.WinUI Resources,Workbench_FilterPreset_eval_event_v2_channel_Description,Event Log Monitor V2 channel,Adiscon User Interface .resw source; locale=pt-BR; revision=edd9fe10d4a120194e4a0a1e60a5d04d661b79ab
WINSyslogClient.WinUI/Strings/Resources,WINSyslogClient.WinUI Resources,Workbench_FilterPreset_eval_event_v2_channel_Title,Event Channel,Adiscon User Interface .resw source; locale=pt-BR; revision=edd9fe10d4a120194e4a0a1e60a5d04d661b79ab
WINSyslogClient.WinUI/Strings/Resources,WINSyslogClient.WinUI Resources,Workbench_FilterPreset_eval_event_v2_id_Description,Event Log Monitor V2 event ID,Adiscon User Interface .resw source; locale=pt-BR; revision=edd9fe10d4a120194e4a0a1e60a5d04d661b79ab
WINSyslogClient.WinUI/Strings/Resources,WINSyslogClient.WinUI Resources,Workbench_FilterPreset_eval_event_v2_id_Title,Event ID,Adiscon User Interface .resw source; locale=pt-BR; revision=edd9fe10d4a120194e4a0a1e60a5d04d661b79ab
WINSyslogClient.WinUI/Strings/Resources,WINSyslogClient.WinUI Resources,Workbench_FilterPreset_eval_event_v2_keyword_Description,Event Log Monitor V2 keyword,Adiscon User Interface .resw source; locale=pt-BR; revision=edd9fe10d4a120194e4a0a1e60a5d04d661b79ab
WINSyslogClient.WinUI/Strings/Resources,WINSyslogClient.WinUI Resources,Workbench_FilterPreset_eval_event_v2_keyword_Title,Event Keyword,Adiscon User Interface .resw source; locale=pt-BR; revision=edd9fe10d4a120194e4a0a1e60a5d04d661b79ab
WINSyslogClient.WinUI/Strings/Resources,WINSyslogClient.WinUI Resources,Workbench_FilterPreset_eval_event_v2_keyword_id_Description,Event Log Monitor V2 keyword ID,Adiscon User Interface .resw source; locale=pt-BR; revision=edd9fe10d4a120194e4a0a1e60a5d04d661b79ab
WINSyslogClient.WinUI/Strings/Resources,WINSyslogClient.WinUI Resources,Workbench_FilterPreset_eval_event_v2_keyword_id_Title,Event Keyword ID,Adiscon User Interface .resw source; locale=pt-BR; revision=edd9fe10d4a120194e4a0a1e60a5d04d661b79ab
WINSyslogClient.WinUI/Strings/Resources,WINSyslogClient.WinUI Resources,Workbench_FilterPreset_eval_event_v2_level_Description,Event Log Monitor V2 level,Adiscon User Interface .resw source; locale=pt-BR; revision=edd9fe10d4a120194e4a0a1e60a5d04d661b79ab
WINSyslogClient.WinUI/Strings/Resources,WINSyslogClient.WinUI Resources,Workbench_FilterPreset_eval_event_v2_level_Title,Event Level,Adiscon User Interface .resw source; locale=pt-BR; revision=edd9fe10d4a120194e4a0a1e60a5d04d661b79ab
WINSyslogClient.WinUI/Strings/Resources,WINSyslogClient.WinUI Resources,Workbench_FilterPreset_eval_event_v2_raw_source_Description,Event Log Monitor V2 raw source,Adiscon User Interface .resw source; locale=pt-BR; revision=edd9fe10d4a120194e4a0a1e60a5d04d661b79ab
WINSyslogClient.WinUI/Strings/Resources,WINSyslogClient.WinUI Resources,Workbench_FilterPreset_eval_event_v2_raw_source_Title,Raw event source,Adiscon User Interface .resw source; locale=pt-BR; revision=edd9fe10d4a120194e4a0a1e60a5d04d661b79ab
WINSyslogClient.WinUI/Strings/Resources,WINSyslogClient.WinUI Resources,Workbench_FilterPreset_eval_event_v2_severity_Description,Event Log Monitor V2 severity,Adiscon User Interface .resw source; locale=pt-BR; revision=edd9fe10d4a120194e4a0a1e60a5d04d661b79ab
WINSyslogClient.WinUI/Strings/Resources,WINSyslogClient.WinUI Resources,Workbench_FilterPreset_eval_event_v2_severity_Title,Event Severity,Adiscon User Interface .resw source; locale=pt-BR; revision=edd9fe10d4a120194e4a0a1e60a5d04d661b79ab
WINSyslogClient.WinUI/Strings/Resources,WINSyslogClient.WinUI Resources,Workbench_FilterPreset_eval_event_v2_severity_id_Description,Event Log Monitor V2 severity ID,Adiscon User Interface .resw source; locale=pt-BR; revision=edd9fe10d4a120194e4a0a1e60a5d04d661b79ab
WINSyslogClient.WinUI/Strings/Resources,WINSyslogClient.WinUI Resources,Workbench_FilterPreset_eval_event_v2_severity_id_Title,Event Severity ID,Adiscon User Interface .resw source; locale=pt-BR; revision=edd9fe10d4a120194e4a0a1e60a5d04d661b79ab
WINSyslogClient.WinUI/Strings/Resources,WINSyslogClient.WinUI Resources,Workbench_FilterPreset_eval_event_v2_source_Description,Event Log Monitor V2 source,Adiscon User Interface .resw source; locale=pt-BR; revision=edd9fe10d4a120194e4a0a1e60a5d04d661b79ab
WINSyslogClient.WinUI/Strings/Resources,WINSyslogClient.WinUI Resources,Workbench_FilterPreset_eval_event_v2_source_Title,Event Source,Adiscon User Interface .resw source; locale=pt-BR; revision=edd9fe10d4a120194e4a0a1e60a5d04d661b79ab
WINSyslogClient.WinUI/Strings/Resources,WINSyslogClient.WinUI Resources,Workbench_FilterPreset_eval_event_v2_user_Description,Event Log Monitor V2 user,Adiscon User Interface .resw source; locale=pt-BR; revision=edd9fe10d4a120194e4a0a1e60a5d04d661b79ab
WINSyslogClient.WinUI/Strings/Resources,WINSyslogClient.WinUI Resources,Workbench_FilterPreset_eval_event_v2_user_Title,Usuário do evento,Adiscon User Interface .resw source; locale=pt-BR; revision=edd9fe10d4a120194e4a0a1e60a5d04d661b79ab
WINSyslogClient.WinUI/Strings/Resources,WINSyslogClient.WinUI Resources,Workbench_FilterPreset_eval_eventid_Description,Classic Event Log event ID,Adiscon User Interface .resw source; locale=pt-BR; revision=edd9fe10d4a120194e4a0a1e60a5d04d661b79ab
WINSyslogClient.WinUI/Strings/Resources,WINSyslogClient.WinUI Resources,Workbench_FilterPreset_eval_eventid_Title,Event ID,Adiscon User Interface .resw source; locale=pt-BR; revision=edd9fe10d4a120194e4a0a1e60a5d04d661b79ab
WINSyslogClient.WinUI/Strings/Resources,WINSyslogClient.WinUI Resources,Workbench_FilterPreset_eval_extended_ip_Description,IP extended property,Adiscon User Interface .resw source; locale=pt-BR; revision=edd9fe10d4a120194e4a0a1e60a5d04d661b79ab
WINSyslogClient.WinUI/Strings/Resources,WINSyslogClient.WinUI Resources,Workbench_FilterPreset_eval_extended_ip_Title,Propriedade IP estendida,Adiscon User Interface .resw source; locale=pt-BR; revision=edd9fe10d4a120194e4a0a1e60a5d04d661b79ab
WINSyslogClient.WinUI/Strings/Resources,WINSyslogClient.WinUI Resources,Workbench_FilterPreset_eval_extended_number_Description,Numeric extended property,Adiscon User Interface .resw source; locale=pt-BR; revision=edd9fe10d4a120194e4a0a1e60a5d04d661b79ab
WINSyslogClient.WinUI/Strings/Resources,WINSyslogClient.WinUI Resources,Workbench_FilterPreset_eval_extended_number_Title,Propriedade de número estendido,Adiscon User Interface .resw source; locale=pt-BR; revision=edd9fe10d4a120194e4a0a1e60a5d04d661b79ab
WINSyslogClient.WinUI/Strings/Resources,WINSyslogClient.WinUI Resources,Workbench_FilterPreset_eval_file_exists_Description,File-exists condition,Adiscon User Interface .resw source; locale=pt-BR; revision=edd9fe10d4a120194e4a0a1e60a5d04d661b79ab
WINSyslogClient.WinUI/Strings/Resources,WINSyslogClient.WinUI Resources,Workbench_FilterPreset_eval_file_exists_Title,Arquivo existe,Adiscon User Interface .resw source; locale=pt-BR; revision=edd9fe10d4a120194e4a0a1e60a5d04d661b79ab
WINSyslogClient.WinUI/Strings/Resources,WINSyslogClient.WinUI Resources,Workbench_FilterPreset_eval_file_generated_base_name_Description,Generated base filename,Adiscon User Interface .resw source; locale=pt-BR; revision=edd9fe10d4a120194e4a0a1e60a5d04d661b79ab
WINSyslogClient.WinUI/Strings/Resources,WINSyslogClient.WinUI Resources,Workbench_FilterPreset_eval_file_generated_base_name_Title,Generated filename without path,Adiscon User Interface .resw source; locale=pt-BR; revision=edd9fe10d4a120194e4a0a1e60a5d04d661b79ab
WINSyslogClient.WinUI/Strings/Resources,WINSyslogClient.WinUI Resources,Workbench_FilterPreset_eval_file_generated_name_Description,Generated filename including path,Adiscon User Interface .resw source; locale=pt-BR; revision=edd9fe10d4a120194e4a0a1e60a5d04d661b79ab
WINSyslogClient.WinUI/Strings/Resources,WINSyslogClient.WinUI Resources,Workbench_FilterPreset_eval_file_generated_name_Title,Generated Filename,Adiscon User Interface .resw source; locale=pt-BR; revision=edd9fe10d4a120194e4a0a1e60a5d04d661b79ab
WINSyslogClient.WinUI/Strings/Resources,WINSyslogClient.WinUI Resources,Workbench_FilterPreset_eval_filesystem_Description,Generic file-system monitor property,Adiscon User Interface .resw source; locale=pt-BR; revision=edd9fe10d4a120194e4a0a1e60a5d04d661b79ab
WINSyslogClient.WinUI/Strings/Resources,WINSyslogClient.WinUI Resources,Workbench_FilterPreset_eval_filesystem_Title,File system monitoring,Adiscon User Interface .resw source; locale=pt-BR; revision=edd9fe10d4a120194e4a0a1e60a5d04d661b79ab
WINSyslogClient.WinUI/Strings/Resources,WINSyslogClient.WinUI Resources,Workbench_FilterPreset_eval_ftp_response_Description,FTP probe response,Adiscon User Interface .resw source; locale=pt-BR; revision=edd9fe10d4a120194e4a0a1e60a5d04d661b79ab
WINSyslogClient.WinUI/Strings/Resources,WINSyslogClient.WinUI Resources,Workbench_FilterPreset_eval_ftp_response_Title,FTP response,Adiscon User Interface .resw source; locale=pt-BR; revision=edd9fe10d4a120194e4a0a1e60a5d04d661b79ab
WINSyslogClient.WinUI/Strings/Resources,WINSyslogClient.WinUI Resources,Workbench_FilterPreset_eval_ftp_status_Description,FTP probe status code,Adiscon User Interface .resw source; locale=pt-BR; revision=edd9fe10d4a120194e4a0a1e60a5d04d661b79ab
WINSyslogClient.WinUI/Strings/Resources,WINSyslogClient.WinUI Resources,Workbench_FilterPreset_eval_ftp_status_Title,FTP status code,Adiscon User Interface .resw source; locale=pt-BR; revision=edd9fe10d4a120194e4a0a1e60a5d04d661b79ab
WINSyslogClient.WinUI/Strings/Resources,WINSyslogClient.WinUI Resources,Workbench_FilterPreset_eval_hostname_Description,Nome do host local,Adiscon User Interface .resw source; locale=pt-BR; revision=edd9fe10d4a120194e4a0a1e60a5d04d661b79ab
WINSyslogClient.WinUI/Strings/Resources,WINSyslogClient.WinUI Resources,Workbench_FilterPreset_eval_hostname_Title,Nome do host local,Adiscon User Interface .resw source; locale=pt-BR; revision=edd9fe10d4a120194e4a0a1e60a5d04d661b79ab
WINSyslogClient.WinUI/Strings/Resources,WINSyslogClient.WinUI Resources,Workbench_FilterPreset_eval_http_response_Description,HTTP probe response,Adiscon User Interface .resw source; locale=pt-BR; revision=edd9fe10d4a120194e4a0a1e60a5d04d661b79ab
WINSyslogClient.WinUI/Strings/Resources,WINSyslogClient.WinUI Resources,Workbench_FilterPreset_eval_http_response_Title,HTTP response,Adiscon User Interface .resw source; locale=pt-BR; revision=edd9fe10d4a120194e4a0a1e60a5d04d661b79ab
WINSyslogClient.WinUI/Strings/Resources,WINSyslogClient.WinUI Resources,Workbench_FilterPreset_eval_http_status_Description,HTTP probe status code,Adiscon User Interface .resw source; locale=pt-BR; revision=edd9fe10d4a120194e4a0a1e60a5d04d661b79ab
WINSyslogClient.WinUI/Strings/Resources,WINSyslogClient.WinUI Resources,Workbench_FilterPreset_eval_http_status_Title,HTTP status code,Adiscon User Interface .resw source; locale=pt-BR; revision=edd9fe10d4a120194e4a0a1e60a5d04d661b79ab
WINSyslogClient.WinUI/Strings/Resources,WINSyslogClient.WinUI Resources,Workbench_FilterPreset_eval_imap_response_Description,IMAP probe response,Adiscon User Interface .resw source; locale=pt-BR; revision=edd9fe10d4a120194e4a0a1e60a5d04d661b79ab
WINSyslogClient.WinUI/Strings/Resources,WINSyslogClient.WinUI Resources,Workbench_FilterPreset_eval_imap_response_Title,IMAP response,Adiscon User Interface .resw source; locale=pt-BR; revision=edd9fe10d4a120194e4a0a1e60a5d04d661b79ab
WINSyslogClient.WinUI/Strings/Resources,WINSyslogClient.WinUI Resources,Workbench_FilterPreset_eval_imap_status_Description,IMAP probe status code,Adiscon User Interface .resw source; locale=pt-BR; revision=edd9fe10d4a120194e4a0a1e60a5d04d661b79ab
WINSyslogClient.WinUI/Strings/Resources,WINSyslogClient.WinUI Resources,Workbench_FilterPreset_eval_imap_status_Title,IMAP status code,Adiscon User Interface .resw source; locale=pt-BR; revision=edd9fe10d4a120194e4a0a1e60a5d04d661b79ab
WINSyslogClient.WinUI/Strings/Resources,WINSyslogClient.WinUI Resources,Workbench_FilterPreset_eval_iscpumemorymonitor_Description,CPU and memory monitor information-unit flag,Adiscon User Interface .resw source; locale=pt-BR; revision=edd9fe10d4a120194e4a0a1e60a5d04d661b79ab
WINSyslogClient.WinUI/Strings/Resources,WINSyslogClient.WinUI Resources,Workbench_FilterPreset_eval_iscpumemorymonitor_Title,CPU and memory monitor,Adiscon User Interface .resw source; locale=pt-BR; revision=edd9fe10d4a120194e4a0a1e60a5d04d661b79ab
WINSyslogClient.WinUI/Strings/Resources,WINSyslogClient.WinUI Resources,Workbench_FilterPreset_eval_isdatabasemonitor_Description,Database Monitor information-unit flag,Adiscon User Interface .resw source; locale=pt-BR; revision=edd9fe10d4a120194e4a0a1e60a5d04d661b79ab
WINSyslogClient.WinUI/Strings/Resources,WINSyslogClient.WinUI Resources,Workbench_FilterPreset_eval_isdatabasemonitor_Title,Database Monitor,Adiscon User Interface .resw source; locale=pt-BR; revision=edd9fe10d4a120194e4a0a1e60a5d04d661b79ab
WINSyslogClient.WinUI/Strings/Resources,WINSyslogClient.WinUI Resources,Workbench_FilterPreset_eval_isdiskspacemonitor_Description,Disk Space Monitor information-unit flag,Adiscon User Interface .resw source; locale=pt-BR; revision=edd9fe10d4a120194e4a0a1e60a5d04d661b79ab
WINSyslogClient.WinUI/Strings/Resources,WINSyslogClient.WinUI Resources,Workbench_FilterPreset_eval_isdiskspacemonitor_Title,Disk Space Monitor,Adiscon User Interface .resw source; locale=pt-BR; revision=edd9fe10d4a120194e4a0a1e60a5d04d661b79ab
WINSyslogClient.WinUI/Strings/Resources,WINSyslogClient.WinUI Resources,Workbench_FilterPreset_eval_iseventlogmonitor_Description,Event Log Monitor information-unit flag,Adiscon User Interface .resw source; locale=pt-BR; revision=edd9fe10d4a120194e4a0a1e60a5d04d661b79ab
WINSyslogClient.WinUI/Strings/Resources,WINSyslogClient.WinUI Resources,Workbench_FilterPreset_eval_iseventlogmonitor_Title,Event Log Monitor,Adiscon User Interface .resw source; locale=pt-BR; revision=edd9fe10d4a120194e4a0a1e60a5d04d661b79ab
WINSyslogClient.WinUI/Strings/Resources,WINSyslogClient.WinUI Resources,Workbench_FilterPreset_eval_iseventlogmonitorv2_Description,Event Log Monitor V2 information-unit flag,Adiscon User Interface .resw source; locale=pt-BR; revision=edd9fe10d4a120194e4a0a1e60a5d04d661b79ab
WINSyslogClient.WinUI/Strings/Resources,WINSyslogClient.WinUI Resources,Workbench_FilterPreset_eval_iseventlogmonitorv2_Title,Event Log Monitor V2,Adiscon User Interface .resw source; locale=pt-BR; revision=edd9fe10d4a120194e4a0a1e60a5d04d661b79ab
WINSyslogClient.WinUI/Strings/Resources,WINSyslogClient.WinUI Resources,Workbench_FilterPreset_eval_isfilemonitor_Description,File Monitor information-unit flag,Adiscon User Interface .resw source; locale=pt-BR; revision=edd9fe10d4a120194e4a0a1e60a5d04d661b79ab
WINSyslogClient.WinUI/Strings/Resources,WINSyslogClient.WinUI Resources,Workbench_FilterPreset_eval_isfilemonitor_Title,File Monitor,Adiscon User Interface .resw source; locale=pt-BR; revision=edd9fe10d4a120194e4a0a1e60a5d04d661b79ab
WINSyslogClient.WinUI/Strings/Resources,WINSyslogClient.WinUI Resources,Workbench_FilterPreset_eval_isftpprobe_Description,FTP Probe information-unit flag,Adiscon User Interface .resw source; locale=pt-BR; revision=edd9fe10d4a120194e4a0a1e60a5d04d661b79ab
WINSyslogClient.WinUI/Strings/Resources,WINSyslogClient.WinUI Resources,Workbench_FilterPreset_eval_isftpprobe_Title,FTP Probe,Adiscon User Interface .resw source; locale=pt-BR; revision=edd9fe10d4a120194e4a0a1e60a5d04d661b79ab
WINSyslogClient.WinUI/Strings/Resources,WINSyslogClient.WinUI Resources,Workbench_FilterPreset_eval_isheartbeat_Description,Heartbeat information-unit flag,Adiscon User Interface .resw source; locale=pt-BR; revision=edd9fe10d4a120194e4a0a1e60a5d04d661b79ab
WINSyslogClient.WinUI/Strings/Resources,WINSyslogClient.WinUI Resources,Workbench_FilterPreset_eval_isheartbeat_Title,Heartbeat,Adiscon User Interface .resw source; locale=pt-BR; revision=edd9fe10d4a120194e4a0a1e60a5d04d661b79ab
WINSyslogClient.WinUI/Strings/Resources,WINSyslogClient.WinUI Resources,Workbench_FilterPreset_eval_ishttpprobe_Description,HTTP Probe information-unit flag,Adiscon User Interface .resw source; locale=pt-BR; revision=edd9fe10d4a120194e4a0a1e60a5d04d661b79ab
WINSyslogClient.WinUI/Strings/Resources,WINSyslogClient.WinUI Resources,Workbench_FilterPreset_eval_ishttpprobe_Title,HTTP Probe,Adiscon User Interface .resw source; locale=pt-BR; revision=edd9fe10d4a120194e4a0a1e60a5d04d661b79ab
WINSyslogClient.WinUI/Strings/Resources,WINSyslogClient.WinUI Resources,Workbench_FilterPreset_eval_isimapprobe_Description,IMAP Probe information-unit flag,Adiscon User Interface .resw source; locale=pt-BR; revision=edd9fe10d4a120194e4a0a1e60a5d04d661b79ab
WINSyslogClient.WinUI/Strings/Resources,WINSyslogClient.WinUI Resources,Workbench_FilterPreset_eval_isimapprobe_Title,IMAP Probe,Adiscon User Interface .resw source; locale=pt-BR; revision=edd9fe10d4a120194e4a0a1e60a5d04d661b79ab
WINSyslogClient.WinUI/Strings/Resources,WINSyslogClient.WinUI Resources,Workbench_FilterPreset_eval_isnntpprobe_Description,NNTP Probe information-unit flag,Adiscon User Interface .resw source; locale=pt-BR; revision=edd9fe10d4a120194e4a0a1e60a5d04d661b79ab
WINSyslogClient.WinUI/Strings/Resources,WINSyslogClient.WinUI Resources,Workbench_FilterPreset_eval_isnntpprobe_Title,NNTP Probe,Adiscon User Interface .resw source; locale=pt-BR; revision=edd9fe10d4a120194e4a0a1e60a5d04d661b79ab
WINSyslogClient.WinUI/Strings/Resources,WINSyslogClient.WinUI Resources,Workbench_FilterPreset_eval_isntservicemonitor_Description,NT Service Monitor information-unit flag,Adiscon User Interface .resw source; locale=pt-BR; revision=edd9fe10d4a120194e4a0a1e60a5d04d661b79ab
WINSyslogClient.WinUI/Strings/Resources,WINSyslogClient.WinUI Resources,Workbench_FilterPreset_eval_isntservicemonitor_Title,NT Service Monitor,Adiscon User Interface .resw source; locale=pt-BR; revision=edd9fe10d4a120194e4a0a1e60a5d04d661b79ab
WINSyslogClient.WinUI/Strings/Resources,WINSyslogClient.WinUI Resources,Workbench_FilterPreset_eval_ispingprobe_Description,Ping Probe information-unit flag,Adiscon User Interface .resw source; locale=pt-BR; revision=edd9fe10d4a120194e4a0a1e60a5d04d661b79ab
WINSyslogClient.WinUI/Strings/Resources,WINSyslogClient.WinUI Resources,Workbench_FilterPreset_eval_ispingprobe_Title,Ping Probe,Adiscon User Interface .resw source; locale=pt-BR; revision=edd9fe10d4a120194e4a0a1e60a5d04d661b79ab
WINSyslogClient.WinUI/Strings/Resources,WINSyslogClient.WinUI Resources,Workbench_FilterPreset_eval_ispop3probe_Description,POP3 Probe information-unit flag,Adiscon User Interface .resw source; locale=pt-BR; revision=edd9fe10d4a120194e4a0a1e60a5d04d661b79ab
WINSyslogClient.WinUI/Strings/Resources,WINSyslogClient.WinUI Resources,Workbench_FilterPreset_eval_ispop3probe_Title,POP3 Probe,Adiscon User Interface .resw source; locale=pt-BR; revision=edd9fe10d4a120194e4a0a1e60a5d04d661b79ab
WINSyslogClient.WinUI/Strings/Resources,WINSyslogClient.WinUI Resources,Workbench_FilterPreset_eval_isportprobe_Description,Port Probe information-unit flag,Adiscon User Interface .resw source; locale=pt-BR; revision=edd9fe10d4a120194e4a0a1e60a5d04d661b79ab
WINSyslogClient.WinUI/Strings/Resources,WINSyslogClient.WinUI Resources,Workbench_FilterPreset_eval_isportprobe_Title,Port Probe,Adiscon User Interface .resw source; locale=pt-BR; revision=edd9fe10d4a120194e4a0a1e60a5d04d661b79ab
WINSyslogClient.WinUI/Strings/Resources,WINSyslogClient.WinUI Resources,Workbench_FilterPreset_eval_isrelplistener_Description,RELP Listener information-unit flag,Adiscon User Interface .resw source; locale=pt-BR; revision=edd9fe10d4a120194e4a0a1e60a5d04d661b79ab
WINSyslogClient.WinUI/Strings/Resources,WINSyslogClient.WinUI Resources,Workbench_FilterPreset_eval_isrelplistener_Title,RELP Listener,Adiscon User Interface .resw source; locale=pt-BR; revision=edd9fe10d4a120194e4a0a1e60a5d04d661b79ab
WINSyslogClient.WinUI/Strings/Resources,WINSyslogClient.WinUI Resources,Workbench_FilterPreset_eval_isserialportmonitor_Description,Serial Port Monitor information-unit flag,Adiscon User Interface .resw source; locale=pt-BR; revision=edd9fe10d4a120194e4a0a1e60a5d04d661b79ab
WINSyslogClient.WinUI/Strings/Resources,WINSyslogClient.WinUI Resources,Workbench_FilterPreset_eval_isserialportmonitor_Title,Serial Port Monitor,Adiscon User Interface .resw source; locale=pt-BR; revision=edd9fe10d4a120194e4a0a1e60a5d04d661b79ab
WINSyslogClient.WinUI/Strings/Resources,WINSyslogClient.WinUI Resources,Workbench_FilterPreset_eval_issmtplistener_Description,SMTP Listener information-unit flag,Adiscon User Interface .resw source; locale=pt-BR; revision=edd9fe10d4a120194e4a0a1e60a5d04d661b79ab
WINSyslogClient.WinUI/Strings/Resources,WINSyslogClient.WinUI Resources,Workbench_FilterPreset_eval_issmtplistener_Title,SMTP Listener,Adiscon User Interface .resw source; locale=pt-BR; revision=edd9fe10d4a120194e4a0a1e60a5d04d661b79ab
WINSyslogClient.WinUI/Strings/Resources,WINSyslogClient.WinUI Resources,Workbench_FilterPreset_eval_issmtpprobe_Description,SMTP Probe information-unit flag,Adiscon User Interface .resw source; locale=pt-BR; revision=edd9fe10d4a120194e4a0a1e60a5d04d661b79ab
WINSyslogClient.WinUI/Strings/Resources,WINSyslogClient.WinUI Resources,Workbench_FilterPreset_eval_issmtpprobe_Title,SMTP Probe,Adiscon User Interface .resw source; locale=pt-BR; revision=edd9fe10d4a120194e4a0a1e60a5d04d661b79ab
WINSyslogClient.WinUI/Strings/Resources,WINSyslogClient.WinUI Resources,Workbench_FilterPreset_eval_issnmpmonitor_Description,SNMP Monitor information-unit flag,Adiscon User Interface .resw source; locale=pt-BR; revision=edd9fe10d4a120194e4a0a1e60a5d04d661b79ab
WINSyslogClient.WinUI/Strings/Resources,WINSyslogClient.WinUI Resources,Workbench_FilterPreset_eval_issnmpmonitor_Title,SNMP Monitor,Adiscon User Interface .resw source; locale=pt-BR; revision=edd9fe10d4a120194e4a0a1e60a5d04d661b79ab
WINSyslogClient.WinUI/Strings/Resources,WINSyslogClient.WinUI Resources,Workbench_FilterPreset_eval_issnmptrap_Description,SNMP trap information-unit flag,Adiscon User Interface .resw source; locale=pt-BR; revision=edd9fe10d4a120194e4a0a1e60a5d04d661b79ab
WINSyslogClient.WinUI/Strings/Resources,WINSyslogClient.WinUI Resources,Workbench_FilterPreset_eval_issnmptrap_Title,SNMP trap,Adiscon User Interface .resw source; locale=pt-BR; revision=edd9fe10d4a120194e4a0a1e60a5d04d661b79ab
WINSyslogClient.WinUI/Strings/Resources,WINSyslogClient.WinUI Resources,Workbench_FilterPreset_eval_issyslog_Description,Syslog information-unit flag,Adiscon User Interface .resw source; locale=pt-BR; revision=edd9fe10d4a120194e4a0a1e60a5d04d661b79ab
WINSyslogClient.WinUI/Strings/Resources,WINSyslogClient.WinUI Resources,Workbench_FilterPreset_eval_issyslog_Title,Syslog,Adiscon User Interface .resw source; locale=pt-BR; revision=edd9fe10d4a120194e4a0a1e60a5d04d661b79ab
WINSyslogClient.WinUI/Strings/Resources,WINSyslogClient.WinUI Resources,Workbench_FilterPreset_eval_memory_physical_free_Description,Free physical memory in megabytes,Adiscon User Interface .resw source; locale=pt-BR; revision=edd9fe10d4a120194e4a0a1e60a5d04d661b79ab
WINSyslogClient.WinUI/Strings/Resources,WINSyslogClient.WinUI Resources,Workbench_FilterPreset_eval_memory_physical_free_Title,Free physical memory,Adiscon User Interface .resw source; locale=pt-BR; revision=edd9fe10d4a120194e4a0a1e60a5d04d661b79ab
WINSyslogClient.WinUI/Strings/Resources,WINSyslogClient.WinUI Resources,Workbench_FilterPreset_eval_memory_physical_load_Description,Physical memory load percentage,Adiscon User Interface .resw source; locale=pt-BR; revision=edd9fe10d4a120194e4a0a1e60a5d04d661b79ab
WINSyslogClient.WinUI/Strings/Resources,WINSyslogClient.WinUI Resources,Workbench_FilterPreset_eval_memory_physical_load_Title,Physical memory load,Adiscon User Interface .resw source; locale=pt-BR; revision=edd9fe10d4a120194e4a0a1e60a5d04d661b79ab
WINSyslogClient.WinUI/Strings/Resources,WINSyslogClient.WinUI Resources,Workbench_FilterPreset_eval_memory_physical_max_Description,Maximum physical memory in megabytes,Adiscon User Interface .resw source; locale=pt-BR; revision=edd9fe10d4a120194e4a0a1e60a5d04d661b79ab
WINSyslogClient.WinUI/Strings/Resources,WINSyslogClient.WinUI Resources,Workbench_FilterPreset_eval_memory_physical_max_Title,Maximum physical memory,Adiscon User Interface .resw source; locale=pt-BR; revision=edd9fe10d4a120194e4a0a1e60a5d04d661b79ab
WINSyslogClient.WinUI/Strings/Resources,WINSyslogClient.WinUI Resources,Workbench_FilterPreset_eval_memory_total_free_Description,Free total memory in megabytes,Adiscon User Interface .resw source; locale=pt-BR; revision=edd9fe10d4a120194e4a0a1e60a5d04d661b79ab
WINSyslogClient.WinUI/Strings/Resources,WINSyslogClient.WinUI Resources,Workbench_FilterPreset_eval_memory_total_free_Title,Free total memory,Adiscon User Interface .resw source; locale=pt-BR; revision=edd9fe10d4a120194e4a0a1e60a5d04d661b79ab
WINSyslogClient.WinUI/Strings/Resources,WINSyslogClient.WinUI Resources,Workbench_FilterPreset_eval_memory_total_load_Description,Total memory load percentage,Adiscon User Interface .resw source; locale=pt-BR; revision=edd9fe10d4a120194e4a0a1e60a5d04d661b79ab
WINSyslogClient.WinUI/Strings/Resources,WINSyslogClient.WinUI Resources,Workbench_FilterPreset_eval_memory_total_load_Title,Total memory load,Adiscon User Interface .resw source; locale=pt-BR; revision=edd9fe10d4a120194e4a0a1e60a5d04d661b79ab
WINSyslogClient.WinUI/Strings/Resources,WINSyslogClient.WinUI Resources,Workbench_FilterPreset_eval_memory_total_max_Description,Maximum total memory in megabytes,Adiscon User Interface .resw source; locale=pt-BR; revision=edd9fe10d4a120194e4a0a1e60a5d04d661b79ab
WINSyslogClient.WinUI/Strings/Resources,WINSyslogClient.WinUI Resources,Workbench_FilterPreset_eval_memory_total_max_Title,Maximum total memory,Adiscon User Interface .resw source; locale=pt-BR; revision=edd9fe10d4a120194e4a0a1e60a5d04d661b79ab
WINSyslogClient.WinUI/Strings/Resources,WINSyslogClient.WinUI Resources,Workbench_FilterPreset_eval_memory_virtual_free_Description,Free virtual memory in megabytes,Adiscon User Interface .resw source; locale=pt-BR; revision=edd9fe10d4a120194e4a0a1e60a5d04d661b79ab
WINSyslogClient.WinUI/Strings/Resources,WINSyslogClient.WinUI Resources,Workbench_FilterPreset_eval_memory_virtual_free_Title,Free virtual memory,Adiscon User Interface .resw source; locale=pt-BR; revision=edd9fe10d4a120194e4a0a1e60a5d04d661b79ab
WINSyslogClient.WinUI/Strings/Resources,WINSyslogClient.WinUI Resources,Workbench_FilterPreset_eval_memory_virtual_load_Description,Virtual memory load percentage,Adiscon User Interface .resw source; locale=pt-BR; revision=edd9fe10d4a120194e4a0a1e60a5d04d661b79ab
WINSyslogClient.WinUI/Strings/Resources,WINSyslogClient.WinUI Resources,Workbench_FilterPreset_eval_memory_virtual_load_Title,Virtual memory load,Adiscon User Interface .resw source; locale=pt-BR; revision=edd9fe10d4a120194e4a0a1e60a5d04d661b79ab
WINSyslogClient.WinUI/Strings/Resources,WINSyslogClient.WinUI Resources,Workbench_FilterPreset_eval_memory_virtual_max_Description,Maximum virtual memory in megabytes,Adiscon User Interface .resw source; locale=pt-BR; revision=edd9fe10d4a120194e4a0a1e60a5d04d661b79ab
WINSyslogClient.WinUI/Strings/Resources,WINSyslogClient.WinUI Resources,Workbench_FilterPreset_eval_memory_virtual_max_Title,Maximum virtual memory,Adiscon User Interface .resw source; locale=pt-BR; revision=edd9fe10d4a120194e4a0a1e60a5d04d661b79ab
WINSyslogClient.WinUI/Strings/Resources,WINSyslogClient.WinUI Resources,Workbench_FilterPreset_eval_msg_Description,Message content,Adiscon User Interface .resw source; locale=pt-BR; revision=edd9fe10d4a120194e4a0a1e60a5d04d661b79ab
WINSyslogClient.WinUI/Strings/Resources,WINSyslogClient.WinUI Resources,Workbench_FilterPreset_eval_msg_Title,Mensagem,Adiscon User Interface .resw source; locale=pt-BR; revision=edd9fe10d4a120194e4a0a1e60a5d04d661b79ab
WINSyslogClient.WinUI/Strings/Resources,WINSyslogClient.WinUI Resources,Workbench_FilterPreset_eval_nntp_response_Description,NNTP probe response,Adiscon User Interface .resw source; locale=pt-BR; revision=edd9fe10d4a120194e4a0a1e60a5d04d661b79ab
WINSyslogClient.WinUI/Strings/Resources,WINSyslogClient.WinUI Resources,Workbench_FilterPreset_eval_nntp_response_Title,NNTP response,Adiscon User Interface .resw source; locale=pt-BR; revision=edd9fe10d4a120194e4a0a1e60a5d04d661b79ab
WINSyslogClient.WinUI/Strings/Resources,WINSyslogClient.WinUI Resources,Workbench_FilterPreset_eval_nntp_status_Description,NNTP probe status code,Adiscon User Interface .resw source; locale=pt-BR; revision=edd9fe10d4a120194e4a0a1e60a5d04d661b79ab
WINSyslogClient.WinUI/Strings/Resources,WINSyslogClient.WinUI Resources,Workbench_FilterPreset_eval_nntp_status_Title,NNTP status code,Adiscon User Interface .resw source; locale=pt-BR; revision=edd9fe10d4a120194e4a0a1e60a5d04d661b79ab
WINSyslogClient.WinUI/Strings/Resources,WINSyslogClient.WinUI Resources,Workbench_FilterPreset_eval_nt_service_display_name_Description,NT service display name,Adiscon User Interface .resw source; locale=pt-BR; revision=edd9fe10d4a120194e4a0a1e60a5d04d661b79ab
WINSyslogClient.WinUI/Strings/Resources,WINSyslogClient.WinUI Resources,Workbench_FilterPreset_eval_nt_service_display_name_Title,Service display name,Adiscon User Interface .resw source; locale=pt-BR; revision=edd9fe10d4a120194e4a0a1e60a5d04d661b79ab
WINSyslogClient.WinUI/Strings/Resources,WINSyslogClient.WinUI Resources,Workbench_FilterPreset_eval_nt_service_name_Description,NT service name,Adiscon User Interface .resw source; locale=pt-BR; revision=edd9fe10d4a120194e4a0a1e60a5d04d661b79ab
WINSyslogClient.WinUI/Strings/Resources,WINSyslogClient.WinUI Resources,Workbench_FilterPreset_eval_nt_service_name_Title,Service name,Adiscon User Interface .resw source; locale=pt-BR; revision=edd9fe10d4a120194e4a0a1e60a5d04d661b79ab
WINSyslogClient.WinUI/Strings/Resources,WINSyslogClient.WinUI Resources,Workbench_FilterPreset_eval_other_service_Description,Generic service-type property,Adiscon User Interface .resw source; locale=pt-BR; revision=edd9fe10d4a120194e4a0a1e60a5d04d661b79ab
WINSyslogClient.WinUI/Strings/Resources,WINSyslogClient.WinUI Resources,Workbench_FilterPreset_eval_other_service_Title,Outros serviços,Adiscon User Interface .resw source; locale=pt-BR; revision=edd9fe10d4a120194e4a0a1e60a5d04d661b79ab
WINSyslogClient.WinUI/Strings/Resources,WINSyslogClient.WinUI Resources,Workbench_FilterPreset_eval_pop3_response_Description,POP3 probe response,Adiscon User Interface .resw source; locale=pt-BR; revision=edd9fe10d4a120194e4a0a1e60a5d04d661b79ab
WINSyslogClient.WinUI/Strings/Resources,WINSyslogClient.WinUI Resources,Workbench_FilterPreset_eval_pop3_response_Title,POP3 response,Adiscon User Interface .resw source; locale=pt-BR; revision=edd9fe10d4a120194e4a0a1e60a5d04d661b79ab
WINSyslogClient.WinUI/Strings/Resources,WINSyslogClient.WinUI Resources,Workbench_FilterPreset_eval_pop3_status_Description,POP3 probe status code,Adiscon User Interface .resw source; locale=pt-BR; revision=edd9fe10d4a120194e4a0a1e60a5d04d661b79ab
WINSyslogClient.WinUI/Strings/Resources,WINSyslogClient.WinUI Resources,Workbench_FilterPreset_eval_pop3_status_Title,POP3 status code,Adiscon User Interface .resw source; locale=pt-BR; revision=edd9fe10d4a120194e4a0a1e60a5d04d661b79ab
WINSyslogClient.WinUI/Strings/Resources,WINSyslogClient.WinUI Resources,Workbench_FilterPreset_eval_probe_Description,Generic probe-service property,Adiscon User Interface .resw source; locale=pt-BR; revision=edd9fe10d4a120194e4a0a1e60a5d04d661b79ab
WINSyslogClient.WinUI/Strings/Resources,WINSyslogClient.WinUI Resources,Workbench_FilterPreset_eval_probe_Title,Serviços de sondagem,Adiscon User Interface .resw source; locale=pt-BR; revision=edd9fe10d4a120194e4a0a1e60a5d04d661b79ab
WINSyslogClient.WinUI/Strings/Resources,WINSyslogClient.WinUI Resources,Workbench_FilterPreset_eval_serial_port_name_Description,Serial port name,Adiscon User Interface .resw source; locale=pt-BR; revision=edd9fe10d4a120194e4a0a1e60a5d04d661b79ab
WINSyslogClient.WinUI/Strings/Resources,WINSyslogClient.WinUI Resources,Workbench_FilterPreset_eval_serial_port_name_Title,Port name,Adiscon User Interface .resw source; locale=pt-BR; revision=edd9fe10d4a120194e4a0a1e60a5d04d661b79ab
WINSyslogClient.WinUI/Strings/Resources,WINSyslogClient.WinUI Resources,Workbench_FilterPreset_eval_smtp_response_Description,SMTP probe response,Adiscon User Interface .resw source; locale=pt-BR; revision=edd9fe10d4a120194e4a0a1e60a5d04d661b79ab
WINSyslogClient.WinUI/Strings/Resources,WINSyslogClient.WinUI Resources,Workbench_FilterPreset_eval_smtp_response_Title,SMTP response,Adiscon User Interface .resw source; locale=pt-BR; revision=edd9fe10d4a120194e4a0a1e60a5d04d661b79ab
WINSyslogClient.WinUI/Strings/Resources,WINSyslogClient.WinUI Resources,Workbench_FilterPreset_eval_smtp_status_Description,SMTP probe status code,Adiscon User Interface .resw source; locale=pt-BR; revision=edd9fe10d4a120194e4a0a1e60a5d04d661b79ab
WINSyslogClient.WinUI/Strings/Resources,WINSyslogClient.WinUI Resources,Workbench_FilterPreset_eval_smtp_status_Title,SMTP status code,Adiscon User Interface .resw source; locale=pt-BR; revision=edd9fe10d4a120194e4a0a1e60a5d04d661b79ab
WINSyslogClient.WinUI/Strings/Resources,WINSyslogClient.WinUI Resources,Workbench_FilterPreset_eval_snmp_agent_ip_Description,SNMP agent IP address,Adiscon User Interface .resw source; locale=pt-BR; revision=edd9fe10d4a120194e4a0a1e60a5d04d661b79ab
WINSyslogClient.WinUI/Strings/Resources,WINSyslogClient.WinUI Resources,Workbench_FilterPreset_eval_snmp_agent_ip_Title,Agent IP,Adiscon User Interface .resw source; locale=pt-BR; revision=edd9fe10d4a120194e4a0a1e60a5d04d661b79ab
WINSyslogClient.WinUI/Strings/Resources,WINSyslogClient.WinUI Resources,Workbench_FilterPreset_eval_snmp_community_Description,SNMP community,Adiscon User Interface .resw source; locale=pt-BR; revision=edd9fe10d4a120194e4a0a1e60a5d04d661b79ab
WINSyslogClient.WinUI/Strings/Resources,WINSyslogClient.WinUI Resources,Workbench_FilterPreset_eval_snmp_community_Title,Community,Adiscon User Interface .resw source; locale=pt-BR; revision=edd9fe10d4a120194e4a0a1e60a5d04d661b79ab
WINSyslogClient.WinUI/Strings/Resources,WINSyslogClient.WinUI Resources,Workbench_FilterPreset_eval_snmp_enterprise_Description,SNMP enterprise,Adiscon User Interface .resw source; locale=pt-BR; revision=edd9fe10d4a120194e4a0a1e60a5d04d661b79ab
WINSyslogClient.WinUI/Strings/Resources,WINSyslogClient.WinUI Resources,Workbench_FilterPreset_eval_snmp_enterprise_Title,Enterprise,Adiscon User Interface .resw source; locale=pt-BR; revision=edd9fe10d4a120194e4a0a1e60a5d04d661b79ab
WINSyslogClient.WinUI/Strings/Resources,WINSyslogClient.WinUI Resources,Workbench_FilterPreset_eval_snmp_generic_name_Description,SNMP generic name,Adiscon User Interface .resw source; locale=pt-BR; revision=edd9fe10d4a120194e4a0a1e60a5d04d661b79ab
WINSyslogClient.WinUI/Strings/Resources,WINSyslogClient.WinUI Resources,Workbench_FilterPreset_eval_snmp_generic_name_Title,Generic name,Adiscon User Interface .resw source; locale=pt-BR; revision=edd9fe10d4a120194e4a0a1e60a5d04d661b79ab
WINSyslogClient.WinUI/Strings/Resources,WINSyslogClient.WinUI Resources,Workbench_FilterPreset_eval_snmp_specific_type_Description,SNMP specific trap type,Adiscon User Interface .resw source; locale=pt-BR; revision=edd9fe10d4a120194e4a0a1e60a5d04d661b79ab
WINSyslogClient.WinUI/Strings/Resources,WINSyslogClient.WinUI Resources,Workbench_FilterPreset_eval_snmp_specific_type_Title,Specific type,Adiscon User Interface .resw source; locale=pt-BR; revision=edd9fe10d4a120194e4a0a1e60a5d04d661b79ab
WINSyslogClient.WinUI/Strings/Resources,WINSyslogClient.WinUI Resources,Workbench_FilterPreset_eval_snmp_uptime_Description,SNMP uptime,Adiscon User Interface .resw source; locale=pt-BR; revision=edd9fe10d4a120194e4a0a1e60a5d04d661b79ab
WINSyslogClient.WinUI/Strings/Resources,WINSyslogClient.WinUI Resources,Workbench_FilterPreset_eval_snmp_uptime_Title,Uptime,Adiscon User Interface .resw source; locale=pt-BR; revision=edd9fe10d4a120194e4a0a1e60a5d04d661b79ab
WINSyslogClient.WinUI/Strings/Resources,WINSyslogClient.WinUI Resources,Workbench_FilterPreset_eval_snmp_version_Description,SNMP version,Adiscon User Interface .resw source; locale=pt-BR; revision=edd9fe10d4a120194e4a0a1e60a5d04d661b79ab
WINSyslogClient.WinUI/Strings/Resources,WINSyslogClient.WinUI Resources,Workbench_FilterPreset_eval_snmp_version_Title,Version,Adiscon User Interface .resw source; locale=pt-BR; revision=edd9fe10d4a120194e4a0a1e60a5d04d661b79ab
WINSyslogClient.WinUI/Strings/Resources,WINSyslogClient.WinUI Resources,Workbench_FilterPreset_eval_source_Description,Source address,Adiscon User Interface .resw source; locale=pt-BR; revision=edd9fe10d4a120194e4a0a1e60a5d04d661b79ab
WINSyslogClient.WinUI/Strings/Resources,WINSyslogClient.WinUI Resources,Workbench_FilterPreset_eval_source_Title,Fonte,Adiscon User Interface .resw source; locale=pt-BR; revision=edd9fe10d4a120194e4a0a1e60a5d04d661b79ab
WINSyslogClient.WinUI/Strings/Resources,WINSyslogClient.WinUI Resources,Workbench_FilterPreset_eval_source_ip_type_Description,Source address using IP-aware comparison,Adiscon User Interface .resw source; locale=pt-BR; revision=edd9fe10d4a120194e4a0a1e60a5d04d661b79ab
WINSyslogClient.WinUI/Strings/Resources,WINSyslogClient.WinUI Resources,Workbench_FilterPreset_eval_source_ip_type_Title,Source IP type,Adiscon User Interface .resw source; locale=pt-BR; revision=edd9fe10d4a120194e4a0a1e60a5d04d661b79ab
WINSyslogClient.WinUI/Strings/Resources,WINSyslogClient.WinUI Resources,Workbench_FilterPreset_eval_status_name_value_Description,Status property name and value,Adiscon User Interface .resw source; locale=pt-BR; revision=edd9fe10d4a120194e4a0a1e60a5d04d661b79ab
WINSyslogClient.WinUI/Strings/Resources,WINSyslogClient.WinUI Resources,Workbench_FilterPreset_eval_status_name_value_Title,Status name and value,Adiscon User Interface .resw source; locale=pt-BR; revision=edd9fe10d4a120194e4a0a1e60a5d04d661b79ab
WINSyslogClient.WinUI/Strings/Resources,WINSyslogClient.WinUI Resources,Workbench_FilterPreset_eval_syslogappname_Description,Syslog APP-NAME,Adiscon User Interface .resw source; locale=pt-BR; revision=edd9fe10d4a120194e4a0a1e60a5d04d661b79ab
WINSyslogClient.WinUI/Strings/Resources,WINSyslogClient.WinUI Resources,Workbench_FilterPreset_eval_syslogappname_Title,Syslog app name,Adiscon User Interface .resw source; locale=pt-BR; revision=edd9fe10d4a120194e4a0a1e60a5d04d661b79ab
WINSyslogClient.WinUI/Strings/Resources,WINSyslogClient.WinUI Resources,Workbench_FilterPreset_eval_syslogfacility_Description,Syslog facility,Adiscon User Interface .resw source; locale=pt-BR; revision=edd9fe10d4a120194e4a0a1e60a5d04d661b79ab
WINSyslogClient.WinUI/Strings/Resources,WINSyslogClient.WinUI Resources,Workbench_FilterPreset_eval_syslogfacility_Title,Syslog facility,Adiscon User Interface .resw source; locale=pt-BR; revision=edd9fe10d4a120194e4a0a1e60a5d04d661b79ab
WINSyslogClient.WinUI/Strings/Resources,WINSyslogClient.WinUI Resources,Workbench_FilterPreset_eval_syslogmsgid_Description,Syslog MSGID,Adiscon User Interface .resw source; locale=pt-BR; revision=edd9fe10d4a120194e4a0a1e60a5d04d661b79ab
WINSyslogClient.WinUI/Strings/Resources,WINSyslogClient.WinUI Resources,Workbench_FilterPreset_eval_syslogmsgid_Title,Syslog message ID,Adiscon User Interface .resw source; locale=pt-BR; revision=edd9fe10d4a120194e4a0a1e60a5d04d661b79ab
WINSyslogClient.WinUI/Strings/Resources,WINSyslogClient.WinUI Resources,Workbench_FilterPreset_eval_syslogpriority_Description,Syslog priority,Adiscon User Interface .resw source; locale=pt-BR; revision=edd9fe10d4a120194e4a0a1e60a5d04d661b79ab
WINSyslogClient.WinUI/Strings/Resources,WINSyslogClient.WinUI Resources,Workbench_FilterPreset_eval_syslogpriority_Title,Syslog priority,Adiscon User Interface .resw source; locale=pt-BR; revision=edd9fe10d4a120194e4a0a1e60a5d04d661b79ab
WINSyslogClient.WinUI/Strings/Resources,WINSyslogClient.WinUI Resources,Workbench_FilterPreset_eval_syslogprocid_Description,Syslog ProcID,Adiscon User Interface .resw source; locale=pt-BR; revision=edd9fe10d4a120194e4a0a1e60a5d04d661b79ab
WINSyslogClient.WinUI/Strings/Resources,WINSyslogClient.WinUI Resources,Workbench_FilterPreset_eval_syslogprocid_Title,Syslog process ID,Adiscon User Interface .resw source; locale=pt-BR; revision=edd9fe10d4a120194e4a0a1e60a5d04d661b79ab
WINSyslogClient.WinUI/Strings/Resources,WINSyslogClient.WinUI Resources,Workbench_FilterPreset_eval_syslogstructdata_Description,Syslog structured data,Adiscon User Interface .resw source; locale=pt-BR; revision=edd9fe10d4a120194e4a0a1e60a5d04d661b79ab
WINSyslogClient.WinUI/Strings/Resources,WINSyslogClient.WinUI Resources,Workbench_FilterPreset_eval_syslogstructdata_Title,Syslog structured data,Adiscon User Interface .resw source; locale=pt-BR; revision=edd9fe10d4a120194e4a0a1e60a5d04d661b79ab
WINSyslogClient.WinUI/Strings/Resources,WINSyslogClient.WinUI Resources,Workbench_FilterPreset_eval_syslogtag_Description,Syslog Tag,Adiscon User Interface .resw source; locale=pt-BR; revision=edd9fe10d4a120194e4a0a1e60a5d04d661b79ab
WINSyslogClient.WinUI/Strings/Resources,WINSyslogClient.WinUI Resources,Workbench_FilterPreset_eval_syslogtag_Title,Syslog Tag,Adiscon User Interface .resw source; locale=pt-BR; revision=edd9fe10d4a120194e4a0a1e60a5d04d661b79ab
WINSyslogClient.WinUI/Strings/Resources,WINSyslogClient.WinUI Resources,Workbench_FilterPreset_eval_syslogversion_Description,Syslog protocol version,Adiscon User Interface .resw source; locale=pt-BR; revision=edd9fe10d4a120194e4a0a1e60a5d04d661b79ab
WINSyslogClient.WinUI/Strings/Resources,WINSyslogClient.WinUI Resources,Workbench_FilterPreset_eval_syslogversion_Title,Syslog Version,Adiscon User Interface .resw source; locale=pt-BR; revision=edd9fe10d4a120194e4a0a1e60a5d04d661b79ab
WINSyslogClient.WinUI/Strings/Resources,WINSyslogClient.WinUI Resources,Workbench_FilterPreset_eval_systemid_Description,System identifier,Adiscon User Interface .resw source; locale=pt-BR; revision=edd9fe10d4a120194e4a0a1e60a5d04d661b79ab
WINSyslogClient.WinUI/Strings/Resources,WINSyslogClient.WinUI Resources,Workbench_FilterPreset_eval_systemid_Title,System ID,Adiscon User Interface .resw source; locale=pt-BR; revision=edd9fe10d4a120194e4a0a1e60a5d04d661b79ab
WINSyslogClient.WinUI/Strings/Resources,WINSyslogClient.WinUI Resources,Workbench_FilterPreset_eval_weekday_friday_Description,Correr na sexta-feira,Adiscon User Interface .resw source; locale=pt-BR; revision=edd9fe10d4a120194e4a0a1e60a5d04d661b79ab
WINSyslogClient.WinUI/Strings/Resources,WINSyslogClient.WinUI Resources,Workbench_FilterPreset_eval_weekday_friday_Title,Friday,Adiscon User Interface .resw source; locale=pt-BR; revision=edd9fe10d4a120194e4a0a1e60a5d04d661b79ab
WINSyslogClient.WinUI/Strings/Resources,WINSyslogClient.WinUI Resources,Workbench_FilterPreset_eval_weekday_monday_Description,Correr na segunda-feira,Adiscon User Interface .resw source; locale=pt-BR; revision=edd9fe10d4a120194e4a0a1e60a5d04d661b79ab
WINSyslogClient.WinUI/Strings/Resources,WINSyslogClient.WinUI Resources,Workbench_FilterPreset_eval_weekday_monday_Title,Monday,Adiscon User Interface .resw source; locale=pt-BR; revision=edd9fe10d4a120194e4a0a1e60a5d04d661b79ab
WINSyslogClient.WinUI/Strings/Resources,WINSyslogClient.WinUI Resources,Workbench_FilterPreset_eval_weekday_saturday_Description,Correr no sábado,Adiscon User Interface .resw source; locale=pt-BR; revision=edd9fe10d4a120194e4a0a1e60a5d04d661b79ab
WINSyslogClient.WinUI/Strings/Resources,WINSyslogClient.WinUI Resources,Workbench_FilterPreset_eval_weekday_saturday_Title,Saturday,Adiscon User Interface .resw source; locale=pt-BR; revision=edd9fe10d4a120194e4a0a1e60a5d04d661b79ab
WINSyslogClient.WinUI/Strings/Resources,WINSyslogClient.WinUI Resources,Workbench_FilterPreset_eval_weekday_sunday_Description,Correr no domingo,Adiscon User Interface .resw source; locale=pt-BR; revision=edd9fe10d4a120194e4a0a1e60a5d04d661b79ab
WINSyslogClient.WinUI/Strings/Resources,WINSyslogClient.WinUI Resources,Workbench_FilterPreset_eval_weekday_sunday_Title,Sunday,Adiscon User Interface .resw source; locale=pt-BR; revision=edd9fe10d4a120194e4a0a1e60a5d04d661b79ab
WINSyslogClient.WinUI/Strings/Resources,WINSyslogClient.WinUI Resources,Workbench_FilterPreset_eval_weekday_thursday_Description,Correr na quinta-feira,Adiscon User Interface .resw source; locale=pt-BR; revision=edd9fe10d4a120194e4a0a1e60a5d04d661b79ab
WINSyslogClient.WinUI/Strings/Resources,WINSyslogClient.WinUI Resources,Workbench_FilterPreset_eval_weekday_thursday_Title,Thursday,Adiscon User Interface .resw source; locale=pt-BR; revision=edd9fe10d4a120194e4a0a1e60a5d04d661b79ab
WINSyslogClient.WinUI/Strings/Resources,WINSyslogClient.WinUI Resources,Workbench_FilterPreset_eval_weekday_tuesday_Description,Correr na terça-feira,Adiscon User Interface .resw source; locale=pt-BR; revision=edd9fe10d4a120194e4a0a1e60a5d04d661b79ab
WINSyslogClient.WinUI/Strings/Resources,WINSyslogClient.WinUI Resources,Workbench_FilterPreset_eval_weekday_tuesday_Title,Tuesday,Adiscon User Interface .resw source; locale=pt-BR; revision=edd9fe10d4a120194e4a0a1e60a5d04d661b79ab
WINSyslogClient.WinUI/Strings/Resources,WINSyslogClient.WinUI Resources,Workbench_FilterPreset_eval_weekday_wednesday_Description,Correr na quarta-feira,Adiscon User Interface .resw source; locale=pt-BR; revision=edd9fe10d4a120194e4a0a1e60a5d04d661b79ab
WINSyslogClient.WinUI/Strings/Resources,WINSyslogClient.WinUI Resources,Workbench_FilterPreset_eval_weekday_wednesday_Title,Wednesday,Adiscon User Interface .resw source; locale=pt-BR; revision=edd9fe10d4a120194e4a0a1e60a5d04d661b79ab
WINSyslogClient.WinUI/Strings/Resources,WINSyslogClient.WinUI Resources,Workbench_FilterPreset_op_and_Description,All children must match,Adiscon User Interface .resw source; locale=pt-BR; revision=edd9fe10d4a120194e4a0a1e60a5d04d661b79ab
WINSyslogClient.WinUI/Strings/Resources,WINSyslogClient.WinUI Resources,Workbench_FilterPreset_op_and_Title,AND,Adiscon User Interface .resw source; locale=pt-BR; revision=edd9fe10d4a120194e4a0a1e60a5d04d661b79ab
WINSyslogClient.WinUI/Strings/Resources,WINSyslogClient.WinUI Resources,Workbench_FilterPreset_op_false_Description,Always false,Adiscon User Interface .resw source; locale=pt-BR; revision=edd9fe10d4a120194e4a0a1e60a5d04d661b79ab
WINSyslogClient.WinUI/Strings/Resources,WINSyslogClient.WinUI Resources,Workbench_FilterPreset_op_false_Title,FALSE,Adiscon User Interface .resw source; locale=pt-BR; revision=edd9fe10d4a120194e4a0a1e60a5d04d661b79ab
WINSyslogClient.WinUI/Strings/Resources,WINSyslogClient.WinUI Resources,Workbench_FilterPreset_op_not_Description,Negates one child,Adiscon User Interface .resw source; locale=pt-BR; revision=edd9fe10d4a120194e4a0a1e60a5d04d661b79ab
WINSyslogClient.WinUI/Strings/Resources,WINSyslogClient.WinUI Resources,Workbench_FilterPreset_op_not_Title,NOT,Adiscon User Interface .resw source; locale=pt-BR; revision=edd9fe10d4a120194e4a0a1e60a5d04d661b79ab
WINSyslogClient.WinUI/Strings/Resources,WINSyslogClient.WinUI Resources,Workbench_FilterPreset_op_or_Description,Any child may match,Adiscon User Interface .resw source; locale=pt-BR; revision=edd9fe10d4a120194e4a0a1e60a5d04d661b79ab
WINSyslogClient.WinUI/Strings/Resources,WINSyslogClient.WinUI Resources,Workbench_FilterPreset_op_or_Title,OR,Adiscon User Interface .resw source; locale=pt-BR; revision=edd9fe10d4a120194e4a0a1e60a5d04d661b79ab
WINSyslogClient.WinUI/Strings/Resources,WINSyslogClient.WinUI Resources,Workbench_FilterPreset_op_true_Description,Always true,Adiscon User Interface .resw source; locale=pt-BR; revision=edd9fe10d4a120194e4a0a1e60a5d04d661b79ab
WINSyslogClient.WinUI/Strings/Resources,WINSyslogClient.WinUI Resources,Workbench_FilterPreset_op_true_Title,TRUE,Adiscon User Interface .resw source; locale=pt-BR; revision=edd9fe10d4a120194e4a0a1e60a5d04d661b79ab
WINSyslogClient.WinUI/Strings/Resources,WINSyslogClient.WinUI Resources,Workbench_FilterPreset_op_xor_Description,Exactly one child may match,Adiscon User Interface .resw source; locale=pt-BR; revision=edd9fe10d4a120194e4a0a1e60a5d04d661b79ab
WINSyslogClient.WinUI/Strings/Resources,WINSyslogClient.WinUI Resources,Workbench_FilterPreset_op_xor_Title,XOR,Adiscon User Interface .resw source; locale=pt-BR; revision=edd9fe10d4a120194e4a0a1e60a5d04d661b79ab
WINSyslogClient.WinUI/Strings/Resources,WINSyslogClient.WinUI Resources,Workbench_FilterRoot_Help,Root of the rule condition tree. Add operator or condition filters below this item.,Adiscon User Interface .resw source; locale=pt-BR; revision=edd9fe10d4a120194e4a0a1e60a5d04d661b79ab
WINSyslogClient.WinUI/Strings/Resources,WINSyslogClient.WinUI Resources,Workbench_FilterRoot_Name,Filter root,Adiscon User Interface .resw source; locale=pt-BR; revision=edd9fe10d4a120194e4a0a1e60a5d04d661b79ab
WINSyslogClient.WinUI/Strings/Resources,WINSyslogClient.WinUI Resources,Workbench_RuleTemplate_Empty_Description,Crie uma regra sem uma ação.,Adiscon User Interface .resw source; locale=pt-BR; revision=edd9fe10d4a120194e4a0a1e60a5d04d661b79ab
WINSyslogClient.WinUI/Strings/Resources,WINSyslogClient.WinUI Resources,Workbench_RuleTemplate_Empty_Title,Regra vazia,Adiscon User Interface .resw source; locale=pt-BR; revision=edd9fe10d4a120194e4a0a1e60a5d04d661b79ab
WINSyslogClient.WinUI/Strings/Resources,WINSyslogClient.WinUI Resources,Workbench_RuleTemplate_WithAction_Description,Crie uma regra e escolha sua primeira ação.,Adiscon User Interface .resw source; locale=pt-BR; revision=edd9fe10d4a120194e4a0a1e60a5d04d661b79ab
WINSyslogClient.WinUI/Strings/Resources,WINSyslogClient.WinUI Resources,Workbench_RuleTemplate_WithAction_Title,Regra com ação,Adiscon User Interface .resw source; locale=pt-BR; revision=edd9fe10d4a120194e4a0a1e60a5d04d661b79ab
WINSyslogClient.WinUI/Strings/Resources,WINSyslogClient.WinUI Resources,bAbortRuleOnFailure,Abortar a execução da regra quando uma regra falhar?,Adiscon User Interface .resw source; locale=pt-BR; revision=edd9fe10d4a120194e4a0a1e60a5d04d661b79ab
WINSyslogClient.WinUI/Strings/Resources,WINSyslogClient.WinUI Resources,bAddFacilityString,Adicionar cadeia de recursos,Adiscon User Interface .resw source; locale=pt-BR; revision=edd9fe10d4a120194e4a0a1e60a5d04d661b79ab
WINSyslogClient.WinUI/Strings/Resources,WINSyslogClient.WinUI Resources,bAutoReloadRandomDelay,Habilite o atraso aleatório do tempo de espera ao verificar novas configurações,Adiscon User Interface .resw source; locale=pt-BR; revision=edd9fe10d4a120194e4a0a1e60a5d04d661b79ab
WINSyslogClient.WinUI/Strings/Resources,WINSyslogClient.WinUI Resources,bIgnoreTlsCertificateErrors,Ignorar erros de certificado TLS,Adiscon User Interface .resw source; locale=pt-BR; revision=edd9fe10d4a120194e4a0a1e60a5d04d661b79ab
WINSyslogClient.WinUI/Strings/Resources,WINSyslogClient.WinUI Resources,bIndicateErrorToOrigin,Notificar o remetente sobre erros de regra ou ação?,Adiscon User Interface .resw source; locale=pt-BR; revision=edd9fe10d4a120194e4a0a1e60a5d04d661b79ab
WINSyslogClient.WinUI/Strings/Resources,WINSyslogClient.WinUI Resources,bIsRegex_,Habilitar Expressão Regular,Adiscon User Interface .resw source; locale=pt-BR; revision=edd9fe10d4a120194e4a0a1e60a5d04d661b79ab
WINSyslogClient.WinUI/Strings/Resources,WINSyslogClient.WinUI Resources,bReportInXML,Use XML para relatar,Adiscon User Interface .resw source; locale=pt-BR; revision=edd9fe10d4a120194e4a0a1e60a5d04d661b79ab
WINSyslogClient.WinUI/Strings/Resources,WINSyslogClient.WinUI Resources,bReportTruncatedLog,Relatório de log truncado,Adiscon User Interface .resw source; locale=pt-BR; revision=edd9fe10d4a120194e4a0a1e60a5d04d661b79ab
WINSyslogClient.WinUI/Strings/Resources,WINSyslogClient.WinUI Resources,bShowEvtChannelAdmin,Mostrar canais operacionais/administrativos,Adiscon User Interface .resw source; locale=pt-BR; revision=edd9fe10d4a120194e4a0a1e60a5d04d661b79ab
WINSyslogClient.WinUI/Strings/Resources,WINSyslogClient.WinUI Resources,bShowEvtChannelDebug,Mostrar canais de depuração/analíticos,Adiscon User Interface .resw source; locale=pt-BR; revision=edd9fe10d4a120194e4a0a1e60a5d04d661b79ab
WINSyslogClient.WinUI/Strings/Resources,WINSyslogClient.WinUI Resources,bShowSyslogMsgNbr,Syslog Números de mensagens,Adiscon User Interface .resw source; locale=pt-BR; revision=edd9fe10d4a120194e4a0a1e60a5d04d661b79ab
WINSyslogClient.WinUI/Strings/Resources,WINSyslogClient.WinUI Resources,bUseCustomEventLog,Habilitar canal de log de eventos personalizado,Adiscon User Interface .resw source; locale=pt-BR; revision=edd9fe10d4a120194e4a0a1e60a5d04d661b79ab
WINSyslogClient.WinUI/Strings/Resources,WINSyslogClient.WinUI Resources,bUseLegacyFormat,Usar formato legado,Adiscon User Interface .resw source; locale=pt-BR; revision=edd9fe10d4a120194e4a0a1e60a5d04d661b79ab
WINSyslogClient.WinUI/Strings/Resources,WINSyslogClient.WinUI Resources,bUseTLS,Use criptografia TLS/SSL,Adiscon User Interface .resw source; locale=pt-BR; revision=edd9fe10d4a120194e4a0a1e60a5d04d661b79ab
WINSyslogClient.WinUI/Strings/Resources,WINSyslogClient.WinUI Resources,btnButtonDBMonReloadLastPos,Recarregar número de índice do banco de dados,Adiscon User Interface .resw source; locale=pt-BR; revision=edd9fe10d4a120194e4a0a1e60a5d04d661b79ab
WINSyslogClient.WinUI/Strings/Resources,WINSyslogClient.WinUI Resources,btnButtonFileMonResetAllLastPos,Redefinir todos os contadores de posição,Adiscon User Interface .resw source; locale=pt-BR; revision=edd9fe10d4a120194e4a0a1e60a5d04d661b79ab
WINSyslogClient.WinUI/Strings/Resources,WINSyslogClient.WinUI Resources,btnButtonPassiveSyslogTest,Testar Passive Syslog Listener,Adiscon User Interface .resw source; locale=pt-BR; revision=edd9fe10d4a120194e4a0a1e60a5d04d661b79ab
WINSyslogClient.WinUI/Strings/Resources,WINSyslogClient.WinUI Resources,btnButtonResetLastPos,Redefinir número de índice do banco de dados,Adiscon User Interface .resw source; locale=pt-BR; revision=edd9fe10d4a120194e4a0a1e60a5d04d661b79ab
WINSyslogClient.WinUI/Strings/Resources,WINSyslogClient.WinUI Resources,btnButtonSendSyslog,Testar o servidor Syslog,Adiscon User Interface .resw source; locale=pt-BR; revision=edd9fe10d4a120194e4a0a1e60a5d04d661b79ab
WINSyslogClient.WinUI/Strings/Resources,WINSyslogClient.WinUI Resources,btnCreateDB,Criar banco de dados,Adiscon User Interface .resw source; locale=pt-BR; revision=edd9fe10d4a120194e4a0a1e60a5d04d661b79ab
WINSyslogClient.WinUI/Strings/Resources,WINSyslogClient.WinUI Resources,btnEventLogDeSelectAll,Desmarcar tudo,Adiscon User Interface .resw source; locale=pt-BR; revision=edd9fe10d4a120194e4a0a1e60a5d04d661b79ab
WINSyslogClient.WinUI/Strings/Resources,WINSyslogClient.WinUI Resources,btnEventLogReloadLastRecords,Recarregar todos os últimos registros,Adiscon User Interface .resw source; locale=pt-BR; revision=edd9fe10d4a120194e4a0a1e60a5d04d661b79ab
WINSyslogClient.WinUI/Strings/Resources,WINSyslogClient.WinUI Resources,btnEventLogRemoveDead,Remover canais não existentes,Adiscon User Interface .resw source; locale=pt-BR; revision=edd9fe10d4a120194e4a0a1e60a5d04d661b79ab
WINSyslogClient.WinUI/Strings/Resources,WINSyslogClient.WinUI Resources,btnEventLogResetLastRecords,Redefinir todos os últimos registros,Adiscon User Interface .resw source; locale=pt-BR; revision=edd9fe10d4a120194e4a0a1e60a5d04d661b79ab
WINSyslogClient.WinUI/Strings/Resources,WINSyslogClient.WinUI Resources,btnEventLogScan,(Re)Verificar canais EventLog,Adiscon User Interface .resw source; locale=pt-BR; revision=edd9fe10d4a120194e4a0a1e60a5d04d661b79ab
WINSyslogClient.WinUI/Strings/Resources,WINSyslogClient.WinUI Resources,btnEventLogSelectAll,Selecionar tudo,Adiscon User Interface .resw source; locale=pt-BR; revision=edd9fe10d4a120194e4a0a1e60a5d04d661b79ab
WINSyslogClient.WinUI/Strings/Resources,WINSyslogClient.WinUI Resources,btnPostProcessImport,Importar regras,Adiscon User Interface .resw source; locale=pt-BR; revision=edd9fe10d4a120194e4a0a1e60a5d04d661b79ab
WINSyslogClient.WinUI/Strings/Resources,WINSyslogClient.WinUI Resources,btnPostProcessSave,Exportar regras,Adiscon User Interface .resw source; locale=pt-BR; revision=edd9fe10d4a120194e4a0a1e60a5d04d661b79ab
WINSyslogClient.WinUI/Strings/Resources,WINSyslogClient.WinUI Resources,btnReloadLastRecordV1,Recarregar,Adiscon User Interface .resw source; locale=pt-BR; revision=edd9fe10d4a120194e4a0a1e60a5d04d661b79ab
WINSyslogClient.WinUI/Strings/Resources,WINSyslogClient.WinUI Resources,btnReloadLastRecordV2,Recarregar,Adiscon User Interface .resw source; locale=pt-BR; revision=edd9fe10d4a120194e4a0a1e60a5d04d661b79ab
WINSyslogClient.WinUI/Strings/Resources,WINSyslogClient.WinUI Resources,btnResetLastRecordV1,Reiniciar,Adiscon User Interface .resw source; locale=pt-BR; revision=edd9fe10d4a120194e4a0a1e60a5d04d661b79ab
WINSyslogClient.WinUI/Strings/Resources,WINSyslogClient.WinUI Resources,btnResetLastRecordV2,Reiniciar,Adiscon User Interface .resw source; locale=pt-BR; revision=edd9fe10d4a120194e4a0a1e60a5d04d661b79ab
WINSyslogClient.WinUI/Strings/Resources,WINSyslogClient.WinUI Resources,btnRestOutputResetJsonProperties,Redefinir formato,Adiscon User Interface .resw source; locale=pt-BR; revision=edd9fe10d4a120194e4a0a1e60a5d04d661b79ab
WINSyslogClient.WinUI/Strings/Resources,WINSyslogClient.WinUI Resources,btnRun,Correr,Adiscon User Interface .resw source; locale=pt-BR; revision=edd9fe10d4a120194e4a0a1e60a5d04d661b79ab
WINSyslogClient.WinUI/Strings/Resources,WINSyslogClient.WinUI Resources,btnVerifyEvtV1,Verifique a conexão,Adiscon User Interface .resw source; locale=pt-BR; revision=edd9fe10d4a120194e4a0a1e60a5d04d661b79ab
WINSyslogClient.WinUI/Strings/Resources,WINSyslogClient.WinUI Resources,btnVerifyEvtV2,Verifique a conexão,Adiscon User Interface .resw source; locale=pt-BR; revision=edd9fe10d4a120194e4a0a1e60a5d04d661b79ab
WINSyslogClient.WinUI/Strings/Resources,WINSyslogClient.WinUI Resources,btnszODBCDsn,Configurar DSN,Adiscon User Interface .resw source; locale=pt-BR; revision=edd9fe10d4a120194e4a0a1e60a5d04d661b79ab
WINSyslogClient.WinUI/Strings/Resources,WINSyslogClient.WinUI Resources,chkeventchannels,Habilitar,Adiscon User Interface .resw source; locale=pt-BR; revision=edd9fe10d4a120194e4a0a1e60a5d04d661b79ab
WINSyslogClient.WinUI/Strings/Resources,WINSyslogClient.WinUI Resources,datafields,Campos de dados,Adiscon User Interface .resw source; locale=pt-BR; revision=edd9fe10d4a120194e4a0a1e60a5d04d661b79ab
WINSyslogClient.WinUI/Strings/Resources,WINSyslogClient.WinUI Resources,eventchannels,Canais de log de eventos,Adiscon User Interface .resw source; locale=pt-BR; revision=edd9fe10d4a120194e4a0a1e60a5d04d661b79ab
WINSyslogClient.WinUI/Strings/Resources,WINSyslogClient.WinUI Resources,fileitems,Arquivo Processado,Adiscon User Interface .resw source; locale=pt-BR; revision=edd9fe10d4a120194e4a0a1e60a5d04d661b79ab
WINSyslogClient.WinUI/Strings/Resources,WINSyslogClient.WinUI Resources,hostlist,Lista de anfitriões,Adiscon User Interface .resw source; locale=pt-BR; revision=edd9fe10d4a120194e4a0a1e60a5d04d661b79ab
WINSyslogClient.WinUI/Strings/Resources,WINSyslogClient.WinUI Resources,iLastDBID,Último índice do banco de dados,Adiscon User Interface .resw source; locale=pt-BR; revision=edd9fe10d4a120194e4a0a1e60a5d04d661b79ab
WINSyslogClient.WinUI/Strings/Resources,WINSyslogClient.WinUI Resources,interactive_path,Caminho && Nome do arquivo para aplicativo,Adiscon User Interface .resw source; locale=pt-BR; revision=edd9fe10d4a120194e4a0a1e60a5d04d661b79ab
WINSyslogClient.WinUI/Strings/Resources,WINSyslogClient.WinUI Resources,lblDecrement,Valor de decremento (-),Adiscon User Interface .resw source; locale=pt-BR; revision=edd9fe10d4a120194e4a0a1e60a5d04d661b79ab
WINSyslogClient.WinUI/Strings/Resources,WINSyslogClient.WinUI Resources,lblIncrement,Valor de incremento (+),Adiscon User Interface .resw source; locale=pt-BR; revision=edd9fe10d4a120194e4a0a1e60a5d04d661b79ab
WINSyslogClient.WinUI/Strings/Resources,WINSyslogClient.WinUI Resources,lbl_EventLogSource_Replace,Substituir origem do log de eventos,Adiscon User Interface .resw source; locale=pt-BR; revision=edd9fe10d4a120194e4a0a1e60a5d04d661b79ab
WINSyslogClient.WinUI/Strings/Resources,WINSyslogClient.WinUI Resources,lbl_EventLogSource_Service,Usar a origem do log do serviço,Adiscon User Interface .resw source; locale=pt-BR; revision=edd9fe10d4a120194e4a0a1e60a5d04d661b79ab
WINSyslogClient.WinUI/Strings/Resources,WINSyslogClient.WinUI Resources,lbl_nAction1,Iniciar,Adiscon User Interface .resw source; locale=pt-BR; revision=edd9fe10d4a120194e4a0a1e60a5d04d661b79ab
WINSyslogClient.WinUI/Strings/Resources,WINSyslogClient.WinUI Resources,lbl_nAction2,Parar,Adiscon User Interface .resw source; locale=pt-BR; revision=edd9fe10d4a120194e4a0a1e60a5d04d661b79ab
WINSyslogClient.WinUI/Strings/Resources,WINSyslogClient.WinUI Resources,lbl_nAction3,Reiniciar,Adiscon User Interface .resw source; locale=pt-BR; revision=edd9fe10d4a120194e4a0a1e60a5d04d661b79ab
WINSyslogClient.WinUI/Strings/Resources,WINSyslogClient.WinUI Resources,lbl_nAction4,Pausa,Adiscon User Interface .resw source; locale=pt-BR; revision=edd9fe10d4a120194e4a0a1e60a5d04d661b79ab
WINSyslogClient.WinUI/Strings/Resources,WINSyslogClient.WinUI Resources,lbl_nAction5,Retomar,Adiscon User Interface .resw source; locale=pt-BR; revision=edd9fe10d4a120194e4a0a1e60a5d04d661b79ab
WINSyslogClient.WinUI/Strings/Resources,WINSyslogClient.WinUI Resources,lbl_nMessageMode_csv,CSV (valores separados por vírgula),Adiscon User Interface .resw source; locale=pt-BR; revision=edd9fe10d4a120194e4a0a1e60a5d04d661b79ab
WINSyslogClient.WinUI/Strings/Resources,WINSyslogClient.WinUI Resources,lbl_nMessageMode_custom,Personalizado,Adiscon User Interface .resw source; locale=pt-BR; revision=edd9fe10d4a120194e4a0a1e60a5d04d661b79ab
WINSyslogClient.WinUI/Strings/Resources,WINSyslogClient.WinUI Resources,lbl_nMessageMode_none,Nenhum,Adiscon User Interface .resw source; locale=pt-BR; revision=edd9fe10d4a120194e4a0a1e60a5d04d661b79ab
WINSyslogClient.WinUI/Strings/Resources,WINSyslogClient.WinUI Resources,lbl_procmode0,Processamento Synchronus (aguardar conclusão),Adiscon User Interface .resw source; locale=pt-BR; revision=edd9fe10d4a120194e4a0a1e60a5d04d661b79ab
WINSyslogClient.WinUI/Strings/Resources,WINSyslogClient.WinUI Resources,lbl_procmode1,Processamento Assíncrono,Adiscon User Interface .resw source; locale=pt-BR; revision=edd9fe10d4a120194e4a0a1e60a5d04d661b79ab
WINSyslogClient.WinUI/Strings/Resources,WINSyslogClient.WinUI Resources,lbl_request_get,PEGAR,Adiscon User Interface .resw source; locale=pt-BR; revision=edd9fe10d4a120194e4a0a1e60a5d04d661b79ab
WINSyslogClient.WinUI/Strings/Resources,WINSyslogClient.WinUI Resources,lbl_request_head,CABEÇA,Adiscon User Interface .resw source; locale=pt-BR; revision=edd9fe10d4a120194e4a0a1e60a5d04d661b79ab
WINSyslogClient.WinUI/Strings/Resources,WINSyslogClient.WinUI Resources,lbl_syslogRFC3195,RFC3195,Adiscon User Interface .resw source; locale=pt-BR; revision=edd9fe10d4a120194e4a0a1e60a5d04d661b79ab
WINSyslogClient.WinUI/Strings/Resources,WINSyslogClient.WinUI Resources,lbl_syslogRFC3195RAW,RFC3195 Bruto,Adiscon User Interface .resw source; locale=pt-BR; revision=edd9fe10d4a120194e4a0a1e60a5d04d661b79ab
WINSyslogClient.WinUI/Strings/Resources,WINSyslogClient.WinUI Resources,lbl_syslogTCP,TCP,Adiscon User Interface .resw source; locale=pt-BR; revision=edd9fe10d4a120194e4a0a1e60a5d04d661b79ab
WINSyslogClient.WinUI/Strings/Resources,WINSyslogClient.WinUI Resources,lbl_syslogTCPOctetCount,"TCP (conexão persistente, enquadramento baseado em octeto)",Adiscon User Interface .resw source; locale=pt-BR; revision=edd9fe10d4a120194e4a0a1e60a5d04d661b79ab
WINSyslogClient.WinUI/Strings/Resources,WINSyslogClient.WinUI Resources,lbl_syslogTCPOneMSG,"TCP (NÃO RECOMENDADO, uma mensagem por conexão)",Adiscon User Interface .resw source; locale=pt-BR; revision=edd9fe10d4a120194e4a0a1e60a5d04d661b79ab
WINSyslogClient.WinUI/Strings/Resources,WINSyslogClient.WinUI Resources,lbl_syslogTCPPersistant,TCP (conexão persistente),Adiscon User Interface .resw source; locale=pt-BR; revision=edd9fe10d4a120194e4a0a1e60a5d04d661b79ab
WINSyslogClient.WinUI/Strings/Resources,WINSyslogClient.WinUI Resources,lbl_syslogUDP,UDP,Adiscon User Interface .resw source; locale=pt-BR; revision=edd9fe10d4a120194e4a0a1e60a5d04d661b79ab
WINSyslogClient.WinUI/Strings/Resources,WINSyslogClient.WinUI Resources,loganalyzer_path,Caminho && Nome do arquivo para aplicativo,Adiscon User Interface .resw source; locale=pt-BR; revision=edd9fe10d4a120194e4a0a1e60a5d04d661b79ab
WINSyslogClient.WinUI/Strings/Resources,WINSyslogClient.WinUI Resources,logfilemgr_path,Caminho && Nome do arquivo para aplicativo,Adiscon User Interface .resw source; locale=pt-BR; revision=edd9fe10d4a120194e4a0a1e60a5d04d661b79ab
WINSyslogClient.WinUI/Strings/Resources,WINSyslogClient.WinUI Resources,logsearch_path,Caminho && Nome do arquivo para aplicativo,Adiscon User Interface .resw source; locale=pt-BR; revision=edd9fe10d4a120194e4a0a1e60a5d04d661b79ab
WINSyslogClient.WinUI/Strings/Resources,WINSyslogClient.WinUI Resources,msgseps,Lista de separadores de mensagens,Adiscon User Interface .resw source; locale=pt-BR; revision=edd9fe10d4a120194e4a0a1e60a5d04d661b79ab
WINSyslogClient.WinUI/Strings/Resources,WINSyslogClient.WinUI Resources,nAction,Ação a executar,Adiscon User Interface .resw source; locale=pt-BR; revision=edd9fe10d4a120194e4a0a1e60a5d04d661b79ab
WINSyslogClient.WinUI/Strings/Resources,WINSyslogClient.WinUI Resources,nAddLogType,Adicionar tipo de log,Adiscon User Interface .resw source; locale=pt-BR; revision=edd9fe10d4a120194e4a0a1e60a5d04d661b79ab
WINSyslogClient.WinUI/Strings/Resources,WINSyslogClient.WinUI Resources,nAddMibDescriptionToMsg,"Anexe a descrição do MIB após o Mibname (Atenção, pode haver muita informação!)",Adiscon User Interface .resw source; locale=pt-BR; revision=edd9fe10d4a120194e4a0a1e60a5d04d661b79ab
WINSyslogClient.WinUI/Strings/Resources,WINSyslogClient.WinUI Resources,nAddUserName,Adicionar nome de usuário,Adiscon User Interface .resw source; locale=pt-BR; revision=edd9fe10d4a120194e4a0a1e60a5d04d661b79ab
WINSyslogClient.WinUI/Strings/Resources,WINSyslogClient.WinUI Resources,nApiReadMode,Modo de processamento,Adiscon User Interface .resw source; locale=pt-BR; revision=edd9fe10d4a120194e4a0a1e60a5d04d661b79ab
WINSyslogClient.WinUI/Strings/Resources,WINSyslogClient.WinUI Resources,nApiReadMode_Polling,Pesquisa do log de eventos (hora de dormir),Adiscon User Interface .resw source; locale=pt-BR; revision=edd9fe10d4a120194e4a0a1e60a5d04d661b79ab
WINSyslogClient.WinUI/Strings/Resources,WINSyslogClient.WinUI Resources,nApiReadMode_Subscription,Assinatura do log de eventos (tempo real),Adiscon User Interface .resw source; locale=pt-BR; revision=edd9fe10d4a120194e4a0a1e60a5d04d661b79ab
WINSyslogClient.WinUI/Strings/Resources,WINSyslogClient.WinUI Resources,nAsyncMaxProc,Processos máximos assíncronos,Adiscon User Interface .resw source; locale=pt-BR; revision=edd9fe10d4a120194e4a0a1e60a5d04d661b79ab
WINSyslogClient.WinUI/Strings/Resources,WINSyslogClient.WinUI Resources,nAutoReloadDelayTime,Tempo máximo de atraso aleatório,Adiscon User Interface .resw source; locale=pt-BR; revision=edd9fe10d4a120194e4a0a1e60a5d04d661b79ab
WINSyslogClient.WinUI/Strings/Resources,WINSyslogClient.WinUI Resources,nBps,Bits por segundo,Adiscon User Interface .resw source; locale=pt-BR; revision=edd9fe10d4a120194e4a0a1e60a5d04d661b79ab
WINSyslogClient.WinUI/Strings/Resources,WINSyslogClient.WinUI Resources,nCPUEnable,Habilitar verificação de CPU,Adiscon User Interface .resw source; locale=pt-BR; revision=edd9fe10d4a120194e4a0a1e60a5d04d661b79ab
WINSyslogClient.WinUI/Strings/Resources,WINSyslogClient.WinUI Resources,nCPUOccurences,Ocorrências até que o alarme da CPU seja acionado,Adiscon User Interface .resw source; locale=pt-BR; revision=edd9fe10d4a120194e4a0a1e60a5d04d661b79ab
WINSyslogClient.WinUI/Strings/Resources,WINSyslogClient.WinUI Resources,nCPUReportIfBelowAlarm,Informe também se CPULevel está abaixo do nível de alarme,Adiscon User Interface .resw source; locale=pt-BR; revision=edd9fe10d4a120194e4a0a1e60a5d04d661b79ab
WINSyslogClient.WinUI/Strings/Resources,WINSyslogClient.WinUI Resources,nCPUSingle,Apenas para sistemas multiprocessadores: Relatório para cada CPU,Adiscon User Interface .resw source; locale=pt-BR; revision=edd9fe10d4a120194e4a0a1e60a5d04d661b79ab
WINSyslogClient.WinUI/Strings/Resources,WINSyslogClient.WinUI Resources,nCPUUsageAlarmLevel,Nível de alarme de uso da CPU,Adiscon User Interface .resw source; locale=pt-BR; revision=edd9fe10d4a120194e4a0a1e60a5d04d661b79ab
WINSyslogClient.WinUI/Strings/Resources,WINSyslogClient.WinUI Resources,nCacheEventCategory,Cache Event Category (campo Tarefa),Adiscon User Interface .resw source; locale=pt-BR; revision=edd9fe10d4a120194e4a0a1e60a5d04d661b79ab
WINSyslogClient.WinUI/Strings/Resources,WINSyslogClient.WinUI Resources,nCacheEventKeyword,Cache Event Keyword,Adiscon User Interface .resw source; locale=pt-BR; revision=edd9fe10d4a120194e4a0a1e60a5d04d661b79ab
WINSyslogClient.WinUI/Strings/Resources,WINSyslogClient.WinUI Resources,nCacheEventLevel,"Cache Event Levels (como aviso, informação, erro)",Adiscon User Interface .resw source; locale=pt-BR; revision=edd9fe10d4a120194e4a0a1e60a5d04d661b79ab
WINSyslogClient.WinUI/Strings/Resources,WINSyslogClient.WinUI Resources,nCacheEventPublisher,Identificadores do editor de eventos de cache (Event Source),Adiscon User Interface .resw source; locale=pt-BR; revision=edd9fe10d4a120194e4a0a1e60a5d04d661b79ab
WINSyslogClient.WinUI/Strings/Resources,WINSyslogClient.WinUI Resources,nCacheNameEntry,Entrada de host resolvida em cache,Adiscon User Interface .resw source; locale=pt-BR; revision=edd9fe10d4a120194e4a0a1e60a5d04d661b79ab
WINSyslogClient.WinUI/Strings/Resources,WINSyslogClient.WinUI Resources,nChangeVal,Valor da operação,Adiscon User Interface .resw source; locale=pt-BR; revision=edd9fe10d4a120194e4a0a1e60a5d04d661b79ab
WINSyslogClient.WinUI/Strings/Resources,WINSyslogClient.WinUI Resources,nCheckAutoBackupLogFiles,Verifique se há arquivos de log de backup feitos pelo Windows (consulte KB312571),Adiscon User Interface .resw source; locale=pt-BR; revision=edd9fe10d4a120194e4a0a1e60a5d04d661b79ab
WINSyslogClient.WinUI/Strings/Resources,WINSyslogClient.WinUI Resources,nCheckPort,Porta SNMP,Adiscon User Interface .resw source; locale=pt-BR; revision=edd9fe10d4a120194e4a0a1e60a5d04d661b79ab
WINSyslogClient.WinUI/Strings/Resources,WINSyslogClient.WinUI Resources,nCircularLogging,Usar registro circular,Adiscon User Interface .resw source; locale=pt-BR; revision=edd9fe10d4a120194e4a0a1e60a5d04d661b79ab
WINSyslogClient.WinUI/Strings/Resources,WINSyslogClient.WinUI Resources,nCleanFileHandlesTimeout,Tempo limite até que os identificadores de arquivos não utilizados sejam fechados,Adiscon User Interface .resw source; locale=pt-BR; revision=edd9fe10d4a120194e4a0a1e60a5d04d661b79ab
WINSyslogClient.WinUI/Strings/Resources,WINSyslogClient.WinUI Resources,nClearEventLog,Limpar manipulação do log de eventos,Adiscon User Interface .resw source; locale=pt-BR; revision=edd9fe10d4a120194e4a0a1e60a5d04d661b79ab
WINSyslogClient.WinUI/Strings/Resources,WINSyslogClient.WinUI Resources,nCompLevel,Nível de compressão,Adiscon User Interface .resw source; locale=pt-BR; revision=edd9fe10d4a120194e4a0a1e60a5d04d661b79ab
WINSyslogClient.WinUI/Strings/Resources,WINSyslogClient.WinUI Resources,nCompressControlChars,Compactar espaços e remover caracteres de controle,Adiscon User Interface .resw source; locale=pt-BR; revision=edd9fe10d4a120194e4a0a1e60a5d04d661b79ab
WINSyslogClient.WinUI/Strings/Resources,WINSyslogClient.WinUI Resources,nCompressOutputFormat,Compactar formato de saída (remover espaços/aspas),Adiscon User Interface .resw source; locale=pt-BR; revision=edd9fe10d4a120194e4a0a1e60a5d04d661b79ab
WINSyslogClient.WinUI/Strings/Resources,WINSyslogClient.WinUI Resources,nCompressSpaces,Comprimir espaços,Adiscon User Interface .resw source; locale=pt-BR; revision=edd9fe10d4a120194e4a0a1e60a5d04d661b79ab
WINSyslogClient.WinUI/Strings/Resources,WINSyslogClient.WinUI Resources,nCompressionLevel,Nível de compressão,Adiscon User Interface .resw source; locale=pt-BR; revision=edd9fe10d4a120194e4a0a1e60a5d04d661b79ab
WINSyslogClient.WinUI/Strings/Resources,WINSyslogClient.WinUI Resources,nConnectTimeOut,Tempo limite de conexão,Adiscon User Interface .resw source; locale=pt-BR; revision=edd9fe10d4a120194e4a0a1e60a5d04d661b79ab
WINSyslogClient.WinUI/Strings/Resources,WINSyslogClient.WinUI Resources,nConvertToEventLogMonitorV1,Converter para eventos compatíveis com EventLog Monitor V1,Adiscon User Interface .resw source; locale=pt-BR; revision=edd9fe10d4a120194e4a0a1e60a5d04d661b79ab
WINSyslogClient.WinUI/Strings/Resources,WINSyslogClient.WinUI Resources,nCopyFormatIntoProperty,Selecionar formato da mensagem,Adiscon User Interface .resw source; locale=pt-BR; revision=edd9fe10d4a120194e4a0a1e60a5d04d661b79ab
WINSyslogClient.WinUI/Strings/Resources,WINSyslogClient.WinUI Resources,nCount,Playcount (com que frequência o arquivo é reproduzido),Adiscon User Interface .resw source; locale=pt-BR; revision=edd9fe10d4a120194e4a0a1e60a5d04d661b79ab
WINSyslogClient.WinUI/Strings/Resources,WINSyslogClient.WinUI Resources,nCustomerID,ID do cliente,Adiscon User Interface .resw source; locale=pt-BR; revision=edd9fe10d4a120194e4a0a1e60a5d04d661b79ab
WINSyslogClient.WinUI/Strings/Resources,WINSyslogClient.WinUI Resources,nCustomizeSearchPath,Personalizar o caminho de pesquisa para arquivos de log de backup do log de eventos,Adiscon User Interface .resw source; locale=pt-BR; revision=edd9fe10d4a120194e4a0a1e60a5d04d661b79ab
WINSyslogClient.WinUI/Strings/Resources,WINSyslogClient.WinUI Resources,nDBPassEncryption,Habilitar criptografia,Adiscon User Interface .resw source; locale=pt-BR; revision=edd9fe10d4a120194e4a0a1e60a5d04d661b79ab
WINSyslogClient.WinUI/Strings/Resources,WINSyslogClient.WinUI Resources,nDNSCacheLimit,Quantos registros DNS podem ser armazenados em cache?,Adiscon User Interface .resw source; locale=pt-BR; revision=edd9fe10d4a120194e4a0a1e60a5d04d661b79ab
WINSyslogClient.WinUI/Strings/Resources,WINSyslogClient.WinUI Resources,nDNSCacheTime,Por quanto tempo os nomes DNS devem ser armazenados em cache?,Adiscon User Interface .resw source; locale=pt-BR; revision=edd9fe10d4a120194e4a0a1e60a5d04d661b79ab
WINSyslogClient.WinUI/Strings/Resources,WINSyslogClient.WinUI Resources,nDNSInetProtocol,Tipo de protocolo da Internet,Adiscon User Interface .resw source; locale=pt-BR; revision=edd9fe10d4a120194e4a0a1e60a5d04d661b79ab
WINSyslogClient.WinUI/Strings/Resources,WINSyslogClient.WinUI Resources,nDTLSSendPort,Porta DTLS,Adiscon User Interface .resw source; locale=pt-BR; revision=edd9fe10d4a120194e4a0a1e60a5d04d661b79ab
WINSyslogClient.WinUI/Strings/Resources,WINSyslogClient.WinUI Resources,nDatabits,Bits de dados,Adiscon User Interface .resw source; locale=pt-BR; revision=edd9fe10d4a120194e4a0a1e60a5d04d661b79ab
WINSyslogClient.WinUI/Strings/Resources,WINSyslogClient.WinUI Resources,nDebugErrors,Erros e avisos,Adiscon User Interface .resw source; locale=pt-BR; revision=edd9fe10d4a120194e4a0a1e60a5d04d661b79ab
WINSyslogClient.WinUI/Strings/Resources,WINSyslogClient.WinUI Resources,nDebugInternal,Saída de informações,Adiscon User Interface .resw source; locale=pt-BR; revision=edd9fe10d4a120194e4a0a1e60a5d04d661b79ab
WINSyslogClient.WinUI/Strings/Resources,WINSyslogClient.WinUI Resources,nDebugMini,Saída Mínima,Adiscon User Interface .resw source; locale=pt-BR; revision=edd9fe10d4a120194e4a0a1e60a5d04d661b79ab
WINSyslogClient.WinUI/Strings/Resources,WINSyslogClient.WinUI Resources,nDebugRuleEngine,Rule & Filter Engine Output,Adiscon User Interface .resw source; locale=pt-BR; revision=edd9fe10d4a120194e4a0a1e60a5d04d661b79ab
WINSyslogClient.WinUI/Strings/Resources,WINSyslogClient.WinUI Resources,nDebugUltra,Saída ultra detalhada,Adiscon User Interface .resw source; locale=pt-BR; revision=edd9fe10d4a120194e4a0a1e60a5d04d661b79ab
WINSyslogClient.WinUI/Strings/Resources,WINSyslogClient.WinUI Resources,nDefaultBuffer,Tamanho do buffer padrão,Adiscon User Interface .resw source; locale=pt-BR; revision=edd9fe10d4a120194e4a0a1e60a5d04d661b79ab
WINSyslogClient.WinUI/Strings/Resources,WINSyslogClient.WinUI Resources,nDelay,Atraso entre a reprodução do som (ms),Adiscon User Interface .resw source; locale=pt-BR; revision=edd9fe10d4a120194e4a0a1e60a5d04d661b79ab
WINSyslogClient.WinUI/Strings/Resources,WINSyslogClient.WinUI Resources,nDelayOnStartup,Atraso na inicialização em milissegundos (1000 ms -> 1 segundo),Adiscon User Interface .resw source; locale=pt-BR; revision=edd9fe10d4a120194e4a0a1e60a5d04d661b79ab
WINSyslogClient.WinUI/Strings/Resources,WINSyslogClient.WinUI Resources,nDiskCacheWait,Tempo de espera entre tentativas de conexão,Adiscon User Interface .resw source; locale=pt-BR; revision=edd9fe10d4a120194e4a0a1e60a5d04d661b79ab
WINSyslogClient.WinUI/Strings/Resources,WINSyslogClient.WinUI Resources,nDiskQueueMaxFileSize,Divida os arquivos se esse tamanho for atingido,Adiscon User Interface .resw source; locale=pt-BR; revision=edd9fe10d4a120194e4a0a1e60a5d04d661b79ab
WINSyslogClient.WinUI/Strings/Resources,WINSyslogClient.WinUI Resources,nDoNotProcessLastRecord,NÃO processe entradas existentes quando ocorrer corrupção do Eventlog,Adiscon User Interface .resw source; locale=pt-BR; revision=edd9fe10d4a120194e4a0a1e60a5d04d661b79ab
WINSyslogClient.WinUI/Strings/Resources,WINSyslogClient.WinUI Resources,nDoNotProcessLastRecordOnStartup,NÃO processe entradas existentes na inicialização do serviço,Adiscon User Interface .resw source; locale=pt-BR; revision=edd9fe10d4a120194e4a0a1e60a5d04d661b79ab
WINSyslogClient.WinUI/Strings/Resources,WINSyslogClient.WinUI Resources,nDtsControl,Fluxo de controle DTR,Adiscon User Interface .resw source; locale=pt-BR; revision=edd9fe10d4a120194e4a0a1e60a5d04d661b79ab
WINSyslogClient.WinUI/Strings/Resources,WINSyslogClient.WinUI Resources,nEmptyStringsAsNull,Insira NULLValue se a string estiver vazia,Adiscon User Interface .resw source; locale=pt-BR; revision=edd9fe10d4a120194e4a0a1e60a5d04d661b79ab
WINSyslogClient.WinUI/Strings/Resources,WINSyslogClient.WinUI Resources,nEmulateParameters,Emular propriedades %Param% do antigo monitor EventLog,Adiscon User Interface .resw source; locale=pt-BR; revision=edd9fe10d4a120194e4a0a1e60a5d04d661b79ab
WINSyslogClient.WinUI/Strings/Resources,WINSyslogClient.WinUI Resources,nEnableAutoConfigReload,Automatically reload service on configuration changes,Adiscon User Interface .resw source; locale=pt-BR; revision=edd9fe10d4a120194e4a0a1e60a5d04d661b79ab
WINSyslogClient.WinUI/Strings/Resources,WINSyslogClient.WinUI Resources,nEnableBackupServer,"Habilitar Servidor de Backup, usado se o primeiro Mailserver falhar",Adiscon User Interface .resw source; locale=pt-BR; revision=edd9fe10d4a120194e4a0a1e60a5d04d661b79ab
WINSyslogClient.WinUI/Strings/Resources,WINSyslogClient.WinUI Resources,nEnableCommunicate,Habilitar comunicação,Adiscon User Interface .resw source; locale=pt-BR; revision=edd9fe10d4a120194e4a0a1e60a5d04d661b79ab
WINSyslogClient.WinUI/Strings/Resources,WINSyslogClient.WinUI Resources,nEnableDNSCache,Habilitar cache DNS interno,Adiscon User Interface .resw source; locale=pt-BR; revision=edd9fe10d4a120194e4a0a1e60a5d04d661b79ab
WINSyslogClient.WinUI/Strings/Resources,WINSyslogClient.WinUI Resources,nEnableDateReplacements,Ativar caracteres de substituição de data (consulte o manual para obter mais informações),Adiscon User Interface .resw source; locale=pt-BR; revision=edd9fe10d4a120194e4a0a1e60a5d04d661b79ab
WINSyslogClient.WinUI/Strings/Resources,WINSyslogClient.WinUI Resources,nEnableDateReplacementsOffset,Deslocamento em segundos,Adiscon User Interface .resw source; locale=pt-BR; revision=edd9fe10d4a120194e4a0a1e60a5d04d661b79ab
WINSyslogClient.WinUI/Strings/Resources,WINSyslogClient.WinUI Resources,nEnableDebugOutput,Habilite a saída de depuração no arquivo,Adiscon User Interface .resw source; locale=pt-BR; revision=edd9fe10d4a120194e4a0a1e60a5d04d661b79ab
WINSyslogClient.WinUI/Strings/Resources,WINSyslogClient.WinUI Resources,nEnableEventlogWarnings,Registrar avisos no log de eventos de aplicativos do Windows,Adiscon User Interface .resw source; locale=pt-BR; revision=edd9fe10d4a120194e4a0a1e60a5d04d661b79ab
WINSyslogClient.WinUI/Strings/Resources,WINSyslogClient.WinUI Resources,nEnableLastRecordDelay,Atrasar a gravação do LastRecord,Adiscon User Interface .resw source; locale=pt-BR; revision=edd9fe10d4a120194e4a0a1e60a5d04d661b79ab
WINSyslogClient.WinUI/Strings/Resources,WINSyslogClient.WinUI Resources,nEnableMultiCastGroup,Habilitar o recebimento de um grupo multicast UDP,Adiscon User Interface .resw source; locale=pt-BR; revision=edd9fe10d4a120194e4a0a1e60a5d04d661b79ab
WINSyslogClient.WinUI/Strings/Resources,WINSyslogClient.WinUI Resources,nEnableMultiTCPMsgSep,Habilite vários separadores de mensagens,Adiscon User Interface .resw source; locale=pt-BR; revision=edd9fe10d4a120194e4a0a1e60a5d04d661b79ab
WINSyslogClient.WinUI/Strings/Resources,WINSyslogClient.WinUI Resources,nEnablePermittedSenders,Lista de remetentes permitidos habilitada.,Adiscon User Interface .resw source; locale=pt-BR; revision=edd9fe10d4a120194e4a0a1e60a5d04d661b79ab
WINSyslogClient.WinUI/Strings/Resources,WINSyslogClient.WinUI Resources,nEnablePropertyFileName,Habilitar substituições de propriedades no nome do arquivo,Adiscon User Interface .resw source; locale=pt-BR; revision=edd9fe10d4a120194e4a0a1e60a5d04d661b79ab
WINSyslogClient.WinUI/Strings/Resources,WINSyslogClient.WinUI Resources,nEnableRetry,Habilitar nova tentativa de ações em caso de falha,Adiscon User Interface .resw source; locale=pt-BR; revision=edd9fe10d4a120194e4a0a1e60a5d04d661b79ab
WINSyslogClient.WinUI/Strings/Resources,WINSyslogClient.WinUI Resources,nEnableRingBuffer,Habilitar Diskcache do Gerenciador de Filas,Adiscon User Interface .resw source; locale=pt-BR; revision=edd9fe10d4a120194e4a0a1e60a5d04d661b79ab
WINSyslogClient.WinUI/Strings/Resources,WINSyslogClient.WinUI Resources,nEnableTCPMsgSep,As mensagens são separadas pela seguinte sequência,Adiscon User Interface .resw source; locale=pt-BR; revision=edd9fe10d4a120194e4a0a1e60a5d04d661b79ab
WINSyslogClient.WinUI/Strings/Resources,WINSyslogClient.WinUI Resources,nEnableUnknownChannels,Processar canais de log de eventos desconhecidos/não configurados,Adiscon User Interface .resw source; locale=pt-BR; revision=edd9fe10d4a120194e4a0a1e60a5d04d661b79ab
WINSyslogClient.WinUI/Strings/Resources,WINSyslogClient.WinUI Resources,nEnableUpdateFileTime,Atualizar explicitamente o carimbo de data/hora do arquivo criado e modificado,Adiscon User Interface .resw source; locale=pt-BR; revision=edd9fe10d4a120194e4a0a1e60a5d04d661b79ab
WINSyslogClient.WinUI/Strings/Resources,WINSyslogClient.WinUI Resources,nEnabled,Canal ativado,Adiscon User Interface .resw source; locale=pt-BR; revision=edd9fe10d4a120194e4a0a1e60a5d04d661b79ab
WINSyslogClient.WinUI/Strings/Resources,WINSyslogClient.WinUI Resources,nEnabledRemote,Ativar monitoramento remoto do EventLog,Adiscon User Interface .resw source; locale=pt-BR; revision=edd9fe10d4a120194e4a0a1e60a5d04d661b79ab
WINSyslogClient.WinUI/Strings/Resources,WINSyslogClient.WinUI Resources,nEscapeControlCharacters,Escapar caracteres de controle,Adiscon User Interface .resw source; locale=pt-BR; revision=edd9fe10d4a120194e4a0a1e60a5d04d661b79ab
WINSyslogClient.WinUI/Strings/Resources,WINSyslogClient.WinUI Resources,nEventID,Event ID,Adiscon User Interface .resw source; locale=pt-BR; revision=edd9fe10d4a120194e4a0a1e60a5d04d661b79ab
WINSyslogClient.WinUI/Strings/Resources,WINSyslogClient.WinUI Resources,nEventLogCor,Como lidar com a corrupção do EventLog?,Adiscon User Interface .resw source; locale=pt-BR; revision=edd9fe10d4a120194e4a0a1e60a5d04d661b79ab
WINSyslogClient.WinUI/Strings/Resources,WINSyslogClient.WinUI Resources,nEventScanLastEventByChecksum,Sempre procurar o último evento processado usando a soma de verificação,Adiscon User Interface .resw source; locale=pt-BR; revision=edd9fe10d4a120194e4a0a1e60a5d04d661b79ab
WINSyslogClient.WinUI/Strings/Resources,WINSyslogClient.WinUI Resources,nEventType,Usar tipo de log de eventos personalizado,Adiscon User Interface .resw source; locale=pt-BR; revision=edd9fe10d4a120194e4a0a1e60a5d04d661b79ab
WINSyslogClient.WinUI/Strings/Resources,WINSyslogClient.WinUI Resources,nEventUseChecksum,Usar soma de verificação para verificar o último evento processado,Adiscon User Interface .resw source; locale=pt-BR; revision=edd9fe10d4a120194e4a0a1e60a5d04d661b79ab
WINSyslogClient.WinUI/Strings/Resources,WINSyslogClient.WinUI Resources,nEvtClearIfEmpty,Limpe o log mesmo que esteja vazio,Adiscon User Interface .resw source; locale=pt-BR; revision=edd9fe10d4a120194e4a0a1e60a5d04d661b79ab
WINSyslogClient.WinUI/Strings/Resources,WINSyslogClient.WinUI Resources,nEvtClrPollingCycles,Limpar após N execuções,Adiscon User Interface .resw source; locale=pt-BR; revision=edd9fe10d4a120194e4a0a1e60a5d04d661b79ab
WINSyslogClient.WinUI/Strings/Resources,WINSyslogClient.WinUI Resources,nEvtClrSaveToFile,Criar um backup do EventLog,Adiscon User Interface .resw source; locale=pt-BR; revision=edd9fe10d4a120194e4a0a1e60a5d04d661b79ab
WINSyslogClient.WinUI/Strings/Resources,WINSyslogClient.WinUI Resources,nEvtClrTime,Selecione Compensação em,Adiscon User Interface .resw source; locale=pt-BR; revision=edd9fe10d4a120194e4a0a1e60a5d04d661b79ab
WINSyslogClient.WinUI/Strings/Resources,WINSyslogClient.WinUI Resources,nEvtLogSuccessfullClear,Registrar se a limpeza foi bem-sucedida,Adiscon User Interface .resw source; locale=pt-BR; revision=edd9fe10d4a120194e4a0a1e60a5d04d661b79ab
WINSyslogClient.WinUI/Strings/Resources,WINSyslogClient.WinUI Resources,nFTPPort,Porta FTP,Adiscon User Interface .resw source; locale=pt-BR; revision=edd9fe10d4a120194e4a0a1e60a5d04d661b79ab
WINSyslogClient.WinUI/Strings/Resources,WINSyslogClient.WinUI Resources,nFacility,Syslog Facility,Adiscon User Interface .resw source; locale=pt-BR; revision=edd9fe10d4a120194e4a0a1e60a5d04d661b79ab
WINSyslogClient.WinUI/Strings/Resources,WINSyslogClient.WinUI Resources,nFieldType_,Tipo de campo,Adiscon User Interface .resw source; locale=pt-BR; revision=edd9fe10d4a120194e4a0a1e60a5d04d661b79ab
WINSyslogClient.WinUI/Strings/Resources,WINSyslogClient.WinUI Resources,nFileDateTime,Incluir data e hora,Adiscon User Interface .resw source; locale=pt-BR; revision=edd9fe10d4a120194e4a0a1e60a5d04d661b79ab
WINSyslogClient.WinUI/Strings/Resources,WINSyslogClient.WinUI Resources,nFileDateTimeReported,Incluir data e hora informadas por dispositivo,Adiscon User Interface .resw source; locale=pt-BR; revision=edd9fe10d4a120194e4a0a1e60a5d04d661b79ab
WINSyslogClient.WinUI/Strings/Resources,WINSyslogClient.WinUI Resources,nFileFacility,Incluir Syslog Facility,Adiscon User Interface .resw source; locale=pt-BR; revision=edd9fe10d4a120194e4a0a1e60a5d04d661b79ab
WINSyslogClient.WinUI/Strings/Resources,WINSyslogClient.WinUI Resources,nFileFormat,Formato de arquivo,Adiscon User Interface .resw source; locale=pt-BR; revision=edd9fe10d4a120194e4a0a1e60a5d04d661b79ab
WINSyslogClient.WinUI/Strings/Resources,WINSyslogClient.WinUI Resources,nFilePriority,Incluir prioridade Syslog,Adiscon User Interface .resw source; locale=pt-BR; revision=edd9fe10d4a120194e4a0a1e60a5d04d661b79ab
WINSyslogClient.WinUI/Strings/Resources,WINSyslogClient.WinUI Resources,nFileSource,Incluir fonte,Adiscon User Interface .resw source; locale=pt-BR; revision=edd9fe10d4a120194e4a0a1e60a5d04d661b79ab
WINSyslogClient.WinUI/Strings/Resources,WINSyslogClient.WinUI Resources,nForceConnectionClose,Fechar conexão após cada intervalo de verificação,Adiscon User Interface .resw source; locale=pt-BR; revision=edd9fe10d4a120194e4a0a1e60a5d04d661b79ab
WINSyslogClient.WinUI/Strings/Resources,WINSyslogClient.WinUI Resources,nForceUTF8Decoding,Forçar a decodificação UTF8 se a codificação não puder ser detectada automaticamente.,Adiscon User Interface .resw source; locale=pt-BR; revision=edd9fe10d4a120194e4a0a1e60a5d04d661b79ab
WINSyslogClient.WinUI/Strings/Resources,WINSyslogClient.WinUI Resources,nFormatType,Selecionar formato da mensagem,Adiscon User Interface .resw source; locale=pt-BR; revision=edd9fe10d4a120194e4a0a1e60a5d04d661b79ab
WINSyslogClient.WinUI/Strings/Resources,WINSyslogClient.WinUI Resources,nFormatType_DISABLED,Desabilitado,Adiscon User Interface .resw source; locale=pt-BR; revision=edd9fe10d4a120194e4a0a1e60a5d04d661b79ab
WINSyslogClient.WinUI/Strings/Resources,WINSyslogClient.WinUI Resources,nFormatType_Json,Formato JSON,Adiscon User Interface .resw source; locale=pt-BR; revision=edd9fe10d4a120194e4a0a1e60a5d04d661b79ab
WINSyslogClient.WinUI/Strings/Resources,WINSyslogClient.WinUI Resources,nFormatType_JsonSiem,Formato JSON do LogPoint SIEM,Adiscon User Interface .resw source; locale=pt-BR; revision=edd9fe10d4a120194e4a0a1e60a5d04d661b79ab
WINSyslogClient.WinUI/Strings/Resources,WINSyslogClient.WinUI Resources,nFormatType_Predefined,Formato de evento predefinido,Adiscon User Interface .resw source; locale=pt-BR; revision=edd9fe10d4a120194e4a0a1e60a5d04d661b79ab
WINSyslogClient.WinUI/Strings/Resources,WINSyslogClient.WinUI Resources,nFormatType_XML,Formato XML bruto,Adiscon User Interface .resw source; locale=pt-BR; revision=edd9fe10d4a120194e4a0a1e60a5d04d661b79ab
WINSyslogClient.WinUI/Strings/Resources,WINSyslogClient.WinUI Resources,nForwardIUT,Encaminhar como código de representação XML do MWAgent,Adiscon User Interface .resw source; locale=pt-BR; revision=edd9fe10d4a120194e4a0a1e60a5d04d661b79ab
WINSyslogClient.WinUI/Strings/Resources,WINSyslogClient.WinUI Resources,nGenerateOnSuccess,Gere um evento se a FTP Probe for bem-sucedida,Adiscon User Interface .resw source; locale=pt-BR; revision=edd9fe10d4a120194e4a0a1e60a5d04d661b79ab
WINSyslogClient.WinUI/Strings/Resources,WINSyslogClient.WinUI Resources,nGenericName,Generic Name,Adiscon User Interface .resw source; locale=pt-BR; revision=edd9fe10d4a120194e4a0a1e60a5d04d661b79ab
WINSyslogClient.WinUI/Strings/Resources,WINSyslogClient.WinUI Resources,nHTTPPort,Porta HTTP,Adiscon User Interface .resw source; locale=pt-BR; revision=edd9fe10d4a120194e4a0a1e60a5d04d661b79ab
WINSyslogClient.WinUI/Strings/Resources,WINSyslogClient.WinUI Resources,nIMAPPort,Porta IMAP,Adiscon User Interface .resw source; locale=pt-BR; revision=edd9fe10d4a120194e4a0a1e60a5d04d661b79ab
WINSyslogClient.WinUI/Strings/Resources,WINSyslogClient.WinUI Resources,nIgnoreEmptyLines,Ignorar linhas vazias,Adiscon User Interface .resw source; locale=pt-BR; revision=edd9fe10d4a120194e4a0a1e60a5d04d661b79ab
WINSyslogClient.WinUI/Strings/Resources,WINSyslogClient.WinUI Resources,nIncludeEventParameters,Incluir parâmetros de eventos opcionais como propriedades?,Adiscon User Interface .resw source; locale=pt-BR; revision=edd9fe10d4a120194e4a0a1e60a5d04d661b79ab
WINSyslogClient.WinUI/Strings/Resources,WINSyslogClient.WinUI Resources,nIncludeMessage,Incluir mensagem,Adiscon User Interface .resw source; locale=pt-BR; revision=edd9fe10d4a120194e4a0a1e60a5d04d661b79ab
WINSyslogClient.WinUI/Strings/Resources,WINSyslogClient.WinUI Resources,nIncludeRAWMessage,Incluir mensagem RAW,Adiscon User Interface .resw source; locale=pt-BR; revision=edd9fe10d4a120194e4a0a1e60a5d04d661b79ab
WINSyslogClient.WinUI/Strings/Resources,WINSyslogClient.WinUI Resources,nIncludeSourceInFilename,Incluir fonte no nome do arquivo,Adiscon User Interface .resw source; locale=pt-BR; revision=edd9fe10d4a120194e4a0a1e60a5d04d661b79ab
WINSyslogClient.WinUI/Strings/Resources,WINSyslogClient.WinUI Resources,nInstanceID,Subidentificador de instância,Adiscon User Interface .resw source; locale=pt-BR; revision=edd9fe10d4a120194e4a0a1e60a5d04d661b79ab
WINSyslogClient.WinUI/Strings/Resources,WINSyslogClient.WinUI Resources,nJSONIncludeMessageProperty,Incluir propriedade Mensagem no formato CEE,Adiscon User Interface .resw source; locale=pt-BR; revision=edd9fe10d4a120194e4a0a1e60a5d04d661b79ab
WINSyslogClient.WinUI/Strings/Resources,WINSyslogClient.WinUI Resources,nJapanStringHandling,Conversão Unicoder Especial para Sistemas Japoneses,Adiscon User Interface .resw source; locale=pt-BR; revision=edd9fe10d4a120194e4a0a1e60a5d04d661b79ab
WINSyslogClient.WinUI/Strings/Resources,WINSyslogClient.WinUI Resources,nKeepReadingUntilNew,Continue lendo o arquivo aberto atualmente até que um novo seja criado,Adiscon User Interface .resw source; locale=pt-BR; revision=edd9fe10d4a120194e4a0a1e60a5d04d661b79ab
WINSyslogClient.WinUI/Strings/Resources,WINSyslogClient.WinUI Resources,nLanguageLCID,Idioma preferido,Adiscon User Interface .resw source; locale=pt-BR; revision=edd9fe10d4a120194e4a0a1e60a5d04d661b79ab
WINSyslogClient.WinUI/Strings/Resources,WINSyslogClient.WinUI Resources,nLastPos,Última posição do arquivo,Adiscon User Interface .resw source; locale=pt-BR; revision=edd9fe10d4a120194e4a0a1e60a5d04d661b79ab
WINSyslogClient.WinUI/Strings/Resources,WINSyslogClient.WinUI Resources,nLastRecord,Último registro,Adiscon User Interface .resw source; locale=pt-BR; revision=edd9fe10d4a120194e4a0a1e60a5d04d661b79ab
WINSyslogClient.WinUI/Strings/Resources,WINSyslogClient.WinUI Resources,nLastRecordDelayCount,Salvar após quantidade de entradas,Adiscon User Interface .resw source; locale=pt-BR; revision=edd9fe10d4a120194e4a0a1e60a5d04d661b79ab
WINSyslogClient.WinUI/Strings/Resources,WINSyslogClient.WinUI Resources,nLastRecordDelayTime,Salvar após o tempo de espera,Adiscon User Interface .resw source; locale=pt-BR; revision=edd9fe10d4a120194e4a0a1e60a5d04d661b79ab
WINSyslogClient.WinUI/Strings/Resources,WINSyslogClient.WinUI Resources,nLastWriteTime,Última gravação,Adiscon User Interface .resw source; locale=pt-BR; revision=edd9fe10d4a120194e4a0a1e60a5d04d661b79ab
WINSyslogClient.WinUI/Strings/Resources,WINSyslogClient.WinUI Resources,nLibCacheTimeOut,Por quanto tempo as bibliotecas devem ser armazenadas em cache?,Adiscon User Interface .resw source; locale=pt-BR; revision=edd9fe10d4a120194e4a0a1e60a5d04d661b79ab
WINSyslogClient.WinUI/Strings/Resources,WINSyslogClient.WinUI Resources,nListenPort,Porta do Listener,Adiscon User Interface .resw source; locale=pt-BR; revision=edd9fe10d4a120194e4a0a1e60a5d04d661b79ab
WINSyslogClient.WinUI/Strings/Resources,WINSyslogClient.WinUI Resources,nLogDoNotRotateOnShutdown,Não gire arquivos ao desligar,Adiscon User Interface .resw source; locale=pt-BR; revision=edd9fe10d4a120194e4a0a1e60a5d04d661b79ab
WINSyslogClient.WinUI/Strings/Resources,WINSyslogClient.WinUI Resources,nLogEnableRotate,Habilitar rotação de log,Adiscon User Interface .resw source; locale=pt-BR; revision=edd9fe10d4a120194e4a0a1e60a5d04d661b79ab
WINSyslogClient.WinUI/Strings/Resources,WINSyslogClient.WinUI Resources,nLogEnableRotateTimeOfTheDay,Ativar rotação por hora do dia,Adiscon User Interface .resw source; locale=pt-BR; revision=edd9fe10d4a120194e4a0a1e60a5d04d661b79ab
WINSyslogClient.WinUI/Strings/Resources,WINSyslogClient.WinUI Resources,nLogEnableRotateTimeout,Ativar rotação baseada em tempo,Adiscon User Interface .resw source; locale=pt-BR; revision=edd9fe10d4a120194e4a0a1e60a5d04d661b79ab
WINSyslogClient.WinUI/Strings/Resources,WINSyslogClient.WinUI Resources,nLogFileType,Tipo de arquivo de log,Adiscon User Interface .resw source; locale=pt-BR; revision=edd9fe10d4a120194e4a0a1e60a5d04d661b79ab
WINSyslogClient.WinUI/Strings/Resources,WINSyslogClient.WinUI Resources,nLogMoveAfterRotate,Mover arquivo após rotação de log,Adiscon User Interface .resw source; locale=pt-BR; revision=edd9fe10d4a120194e4a0a1e60a5d04d661b79ab
WINSyslogClient.WinUI/Strings/Resources,WINSyslogClient.WinUI Resources,nLogRotateMaxFiles,Número máximo de arquivos de log girados a serem mantidos,Adiscon User Interface .resw source; locale=pt-BR; revision=edd9fe10d4a120194e4a0a1e60a5d04d661b79ab
WINSyslogClient.WinUI/Strings/Resources,WINSyslogClient.WinUI Resources,nLogRotateMaxWait,Tempo máximo de espera para rotação de log,Adiscon User Interface .resw source; locale=pt-BR; revision=edd9fe10d4a120194e4a0a1e60a5d04d661b79ab
WINSyslogClient.WinUI/Strings/Resources,WINSyslogClient.WinUI Resources,nLogRotateOnClose,Gire cada vez que um arquivo for fechado,Adiscon User Interface .resw source; locale=pt-BR; revision=edd9fe10d4a120194e4a0a1e60a5d04d661b79ab
WINSyslogClient.WinUI/Strings/Resources,WINSyslogClient.WinUI Resources,nLogRotateOnSizeLimit,Gire se este limite de tamanho de arquivo estiver sendo atingido:,Adiscon User Interface .resw source; locale=pt-BR; revision=edd9fe10d4a120194e4a0a1e60a5d04d661b79ab
WINSyslogClient.WinUI/Strings/Resources,WINSyslogClient.WinUI Resources,nLogRotateSizeLimit,Limite de tamanho de arquivo (KB),Adiscon User Interface .resw source; locale=pt-BR; revision=edd9fe10d4a120194e4a0a1e60a5d04d661b79ab
WINSyslogClient.WinUI/Strings/Resources,WINSyslogClient.WinUI Resources,nLogRotateTimeOfTheDay,Girar arquivos neste momento (hora:minuto),Adiscon User Interface .resw source; locale=pt-BR; revision=edd9fe10d4a120194e4a0a1e60a5d04d661b79ab
WINSyslogClient.WinUI/Strings/Resources,WINSyslogClient.WinUI Resources,nLogRotateTimeOfTheDayFriday,Sexta-feira,Adiscon User Interface .resw source; locale=pt-BR; revision=edd9fe10d4a120194e4a0a1e60a5d04d661b79ab
WINSyslogClient.WinUI/Strings/Resources,WINSyslogClient.WinUI Resources,nLogRotateTimeOfTheDayMonday,Segunda-feira,Adiscon User Interface .resw source; locale=pt-BR; revision=edd9fe10d4a120194e4a0a1e60a5d04d661b79ab
WINSyslogClient.WinUI/Strings/Resources,WINSyslogClient.WinUI Resources,nLogRotateTimeOfTheDaySaturday,Sábado,Adiscon User Interface .resw source; locale=pt-BR; revision=edd9fe10d4a120194e4a0a1e60a5d04d661b79ab
WINSyslogClient.WinUI/Strings/Resources,WINSyslogClient.WinUI Resources,nLogRotateTimeOfTheDaySunday,Domingo,Adiscon User Interface .resw source; locale=pt-BR; revision=edd9fe10d4a120194e4a0a1e60a5d04d661b79ab
WINSyslogClient.WinUI/Strings/Resources,WINSyslogClient.WinUI Resources,nLogRotateTimeOfTheDayThusday,Quinta-feira,Adiscon User Interface .resw source; locale=pt-BR; revision=edd9fe10d4a120194e4a0a1e60a5d04d661b79ab
WINSyslogClient.WinUI/Strings/Resources,WINSyslogClient.WinUI Resources,nLogRotateTimeOfTheDayTuesday,Terça-feira,Adiscon User Interface .resw source; locale=pt-BR; revision=edd9fe10d4a120194e4a0a1e60a5d04d661b79ab
WINSyslogClient.WinUI/Strings/Resources,WINSyslogClient.WinUI Resources,nLogRotateTimeOfTheDayWednesday,Quarta-feira,Adiscon User Interface .resw source; locale=pt-BR; revision=edd9fe10d4a120194e4a0a1e60a5d04d661b79ab
WINSyslogClient.WinUI/Strings/Resources,WINSyslogClient.WinUI Resources,nLogRotateTimeout,Gire arquivos de log anteriores a:,Adiscon User Interface .resw source; locale=pt-BR; revision=edd9fe10d4a120194e4a0a1e60a5d04d661b79ab
WINSyslogClient.WinUI/Strings/Resources,WINSyslogClient.WinUI Resources,nLogRotateTimeoutUnit,Unidade,Adiscon User Interface .resw source; locale=pt-BR; revision=edd9fe10d4a120194e4a0a1e60a5d04d661b79ab
WINSyslogClient.WinUI/Strings/Resources,WINSyslogClient.WinUI Resources,nLogRotateWorkerCount,Número de workers de rotação de log,Adiscon User Interface .resw source; locale=pt-BR; revision=edd9fe10d4a120194e4a0a1e60a5d04d661b79ab
WINSyslogClient.WinUI/Strings/Resources,WINSyslogClient.WinUI Resources,nLogRotateWorkerEnable,Habilitar workers em fila para rotação de log,Adiscon User Interface .resw source; locale=pt-BR; revision=edd9fe10d4a120194e4a0a1e60a5d04d661b79ab
WINSyslogClient.WinUI/Strings/Resources,WINSyslogClient.WinUI Resources,nLogRotateWorkerSleepTime,Tempo de espera entre verificações da fila,Adiscon User Interface .resw source; locale=pt-BR; revision=edd9fe10d4a120194e4a0a1e60a5d04d661b79ab
WINSyslogClient.WinUI/Strings/Resources,WINSyslogClient.WinUI Resources,nLogRotateWorkerStopWaitTimeout,Tempo de espera no desligamento para jobs de rotação em fila,Adiscon User Interface .resw source; locale=pt-BR; revision=edd9fe10d4a120194e4a0a1e60a5d04d661b79ab
WINSyslogClient.WinUI/Strings/Resources,WINSyslogClient.WinUI Resources,nLogZipAfterRotate,Compactar arquivo após rotação de log,Adiscon User Interface .resw source; locale=pt-BR; revision=edd9fe10d4a120194e4a0a1e60a5d04d661b79ab
WINSyslogClient.WinUI/Strings/Resources,WINSyslogClient.WinUI Resources,nLogZipAfterRotateFormat,Formato de compactação,Adiscon User Interface .resw source; locale=pt-BR; revision=edd9fe10d4a120194e4a0a1e60a5d04d661b79ab
WINSyslogClient.WinUI/Strings/Resources,WINSyslogClient.WinUI Resources,nLogZipCompressionLevel,Nível de compressão,Adiscon User Interface .resw source; locale=pt-BR; revision=edd9fe10d4a120194e4a0a1e60a5d04d661b79ab
WINSyslogClient.WinUI/Strings/Resources,WINSyslogClient.WinUI Resources,nMAX_LONGVCHAR_LEN,Comprimento máximo do texto (Bytes),Adiscon User Interface .resw source; locale=pt-BR; revision=edd9fe10d4a120194e4a0a1e60a5d04d661b79ab
WINSyslogClient.WinUI/Strings/Resources,WINSyslogClient.WinUI Resources,nMAX_VCHAR_LEN,Comprimento máximo do caractere (Bytes),Adiscon User Interface .resw source; locale=pt-BR; revision=edd9fe10d4a120194e4a0a1e60a5d04d661b79ab
WINSyslogClient.WinUI/Strings/Resources,WINSyslogClient.WinUI Resources,nMEMEnable,Habilitar verificação de memória,Adiscon User Interface .resw source; locale=pt-BR; revision=edd9fe10d4a120194e4a0a1e60a5d04d661b79ab
WINSyslogClient.WinUI/Strings/Resources,WINSyslogClient.WinUI Resources,nMEMOccurences,Ocorrências até que o alarme de memória seja acionado,Adiscon User Interface .resw source; locale=pt-BR; revision=edd9fe10d4a120194e4a0a1e60a5d04d661b79ab
WINSyslogClient.WinUI/Strings/Resources,WINSyslogClient.WinUI Resources,nMEMPsyEnable,Habilitar verificação de memória física,Adiscon User Interface .resw source; locale=pt-BR; revision=edd9fe10d4a120194e4a0a1e60a5d04d661b79ab
WINSyslogClient.WinUI/Strings/Resources,WINSyslogClient.WinUI Resources,nMEMPsyOccurences,Ocorrências até que o alarme de Memória Física seja acionado,Adiscon User Interface .resw source; locale=pt-BR; revision=edd9fe10d4a120194e4a0a1e60a5d04d661b79ab
WINSyslogClient.WinUI/Strings/Resources,WINSyslogClient.WinUI Resources,nMEMPsyReportIfBelowAlarm,Informe também se o nível de memória física está abaixo do nível de alarme,Adiscon User Interface .resw source; locale=pt-BR; revision=edd9fe10d4a120194e4a0a1e60a5d04d661b79ab
WINSyslogClient.WinUI/Strings/Resources,WINSyslogClient.WinUI Resources,nMEMPsyUsageAlarmLevel,Nível de alarme de uso de memória física,Adiscon User Interface .resw source; locale=pt-BR; revision=edd9fe10d4a120194e4a0a1e60a5d04d661b79ab
WINSyslogClient.WinUI/Strings/Resources,WINSyslogClient.WinUI Resources,nMEMReportIfBelowAlarm,Informe também se o nível de memória estiver abaixo do nível de alarme,Adiscon User Interface .resw source; locale=pt-BR; revision=edd9fe10d4a120194e4a0a1e60a5d04d661b79ab
WINSyslogClient.WinUI/Strings/Resources,WINSyslogClient.WinUI Resources,nMEMUsageAlarmLevel,Nível de alarme de uso de memória,Adiscon User Interface .resw source; locale=pt-BR; revision=edd9fe10d4a120194e4a0a1e60a5d04d661b79ab
WINSyslogClient.WinUI/Strings/Resources,WINSyslogClient.WinUI Resources,nMEMVirtEnable,Habilitar verificação de memória virtual,Adiscon User Interface .resw source; locale=pt-BR; revision=edd9fe10d4a120194e4a0a1e60a5d04d661b79ab
WINSyslogClient.WinUI/Strings/Resources,WINSyslogClient.WinUI Resources,nMEMVirtOccurences,Ocorrências até que o alarme de memória virtual seja acionado,Adiscon User Interface .resw source; locale=pt-BR; revision=edd9fe10d4a120194e4a0a1e60a5d04d661b79ab
WINSyslogClient.WinUI/Strings/Resources,WINSyslogClient.WinUI Resources,nMEMVirtReportIfBelowAlarm,Informe também se o nível de memória virtual está abaixo do nível de alarme,Adiscon User Interface .resw source; locale=pt-BR; revision=edd9fe10d4a120194e4a0a1e60a5d04d661b79ab
WINSyslogClient.WinUI/Strings/Resources,WINSyslogClient.WinUI Resources,nMEMVirtUsageAlarmLevel,Nível de alarme de uso de memória virtual,Adiscon User Interface .resw source; locale=pt-BR; revision=edd9fe10d4a120194e4a0a1e60a5d04d661b79ab
WINSyslogClient.WinUI/Strings/Resources,WINSyslogClient.WinUI Resources,nMIAPSendPort,Porta SETP padrão,Adiscon User Interface .resw source; locale=pt-BR; revision=edd9fe10d4a120194e4a0a1e60a5d04d661b79ab
WINSyslogClient.WinUI/Strings/Resources,WINSyslogClient.WinUI Resources,nMailPriority,Prioridade de e-mail,Adiscon User Interface .resw source; locale=pt-BR; revision=edd9fe10d4a120194e4a0a1e60a5d04d661b79ab
WINSyslogClient.WinUI/Strings/Resources,WINSyslogClient.WinUI Resources,nMaxBytesPerMessage,Máximo de bytes por mensagem,Adiscon User Interface .resw source; locale=pt-BR; revision=edd9fe10d4a120194e4a0a1e60a5d04d661b79ab
WINSyslogClient.WinUI/Strings/Resources,WINSyslogClient.WinUI Resources,nMaxFileSize,Tamanho máximo do arquivo (KB),Adiscon User Interface .resw source; locale=pt-BR; revision=edd9fe10d4a120194e4a0a1e60a5d04d661b79ab
WINSyslogClient.WinUI/Strings/Resources,WINSyslogClient.WinUI Resources,nMaxValueLength,Comprimento máximo do valor (Bytes):,Adiscon User Interface .resw source; locale=pt-BR; revision=edd9fe10d4a120194e4a0a1e60a5d04d661b79ab
WINSyslogClient.WinUI/Strings/Resources,WINSyslogClient.WinUI Resources,nMessagePriority,Prioridade da fila,Adiscon User Interface .resw source; locale=pt-BR; revision=edd9fe10d4a120194e4a0a1e60a5d04d661b79ab
WINSyslogClient.WinUI/Strings/Resources,WINSyslogClient.WinUI Resources,nMultipleFiles,Permitir diretórios ou ler vários arquivos (precisa de curinga no nome do arquivo),Adiscon User Interface .resw source; locale=pt-BR; revision=edd9fe10d4a120194e4a0a1e60a5d04d661b79ab
WINSyslogClient.WinUI/Strings/Resources,WINSyslogClient.WinUI Resources,nNNTPPort,Porta NNTP,Adiscon User Interface .resw source; locale=pt-BR; revision=edd9fe10d4a120194e4a0a1e60a5d04d661b79ab
WINSyslogClient.WinUI/Strings/Resources,WINSyslogClient.WinUI Resources,nNbrOfRetries,Número de tentativas,Adiscon User Interface .resw source; locale=pt-BR; revision=edd9fe10d4a120194e4a0a1e60a5d04d661b79ab
WINSyslogClient.WinUI/Strings/Resources,WINSyslogClient.WinUI Resources,nNoExistingEntries,NÃO processe entradas existentes,Adiscon User Interface .resw source; locale=pt-BR; revision=edd9fe10d4a120194e4a0a1e60a5d04d661b79ab
WINSyslogClient.WinUI/Strings/Resources,WINSyslogClient.WinUI Resources,nNumberOfLogfiles,Número de arquivos de log,Adiscon User Interface .resw source; locale=pt-BR; revision=edd9fe10d4a120194e4a0a1e60a5d04d661b79ab
WINSyslogClient.WinUI/Strings/Resources,WINSyslogClient.WinUI Resources,nODBCEnCryption,Habilitar criptografia de senha,Adiscon User Interface .resw source; locale=pt-BR; revision=edd9fe10d4a120194e4a0a1e60a5d04d661b79ab
WINSyslogClient.WinUI/Strings/Resources,WINSyslogClient.WinUI Resources,nOleDbEnCryption,Criptografar senha,Adiscon User Interface .resw source; locale=pt-BR; revision=edd9fe10d4a120194e4a0a1e60a5d04d661b79ab
WINSyslogClient.WinUI/Strings/Resources,WINSyslogClient.WinUI Resources,nOnMaxProc,No máximo de processos,Adiscon User Interface .resw source; locale=pt-BR; revision=edd9fe10d4a120194e4a0a1e60a5d04d661b79ab
WINSyslogClient.WinUI/Strings/Resources,WINSyslogClient.WinUI Resources,nOnMaxProcWait,Tempo de espera em processos máximos,Adiscon User Interface .resw source; locale=pt-BR; revision=edd9fe10d4a120194e4a0a1e60a5d04d661b79ab
WINSyslogClient.WinUI/Strings/Resources,WINSyslogClient.WinUI Resources,nOutputEncodingUTF8BOM,Incluir BOM UTF8 na mensagem,Adiscon User Interface .resw source; locale=pt-BR; revision=edd9fe10d4a120194e4a0a1e60a5d04d661b79ab
WINSyslogClient.WinUI/Strings/Resources,WINSyslogClient.WinUI Resources,nOutputFormat,Formato de saída Lognorm,Adiscon User Interface .resw source; locale=pt-BR; revision=edd9fe10d4a120194e4a0a1e60a5d04d661b79ab
WINSyslogClient.WinUI/Strings/Resources,WINSyslogClient.WinUI Resources,nPOP3Port,Porta POP3,Adiscon User Interface .resw source; locale=pt-BR; revision=edd9fe10d4a120194e4a0a1e60a5d04d661b79ab
WINSyslogClient.WinUI/Strings/Resources,WINSyslogClient.WinUI Resources,nParity,Paridade,Adiscon User Interface .resw source; locale=pt-BR; revision=edd9fe10d4a120194e4a0a1e60a5d04d661b79ab
WINSyslogClient.WinUI/Strings/Resources,WINSyslogClient.WinUI Resources,nParseSyslogDate,Use o carimbo de data/hora da mensagem original (RFC 3164),Adiscon User Interface .resw source; locale=pt-BR; revision=edd9fe10d4a120194e4a0a1e60a5d04d661b79ab
WINSyslogClient.WinUI/Strings/Resources,WINSyslogClient.WinUI Resources,nPort,Porta HTTP,Adiscon User Interface .resw source; locale=pt-BR; revision=edd9fe10d4a120194e4a0a1e60a5d04d661b79ab
WINSyslogClient.WinUI/Strings/Resources,WINSyslogClient.WinUI Resources,nPortNumber,Porta,Adiscon User Interface .resw source; locale=pt-BR; revision=edd9fe10d4a120194e4a0a1e60a5d04d661b79ab
WINSyslogClient.WinUI/Strings/Resources,WINSyslogClient.WinUI Resources,nPort_,Porta,Adiscon User Interface .resw source; locale=pt-BR; revision=edd9fe10d4a120194e4a0a1e60a5d04d661b79ab
WINSyslogClient.WinUI/Strings/Resources,WINSyslogClient.WinUI Resources,nPreventOverrunDelay,Atraso de prevenção de ultrapassagem (ms),Adiscon User Interface .resw source; locale=pt-BR; revision=edd9fe10d4a120194e4a0a1e60a5d04d661b79ab
WINSyslogClient.WinUI/Strings/Resources,WINSyslogClient.WinUI Resources,nPriorityAuditFailure,Falha na auditoria,Adiscon User Interface .resw source; locale=pt-BR; revision=edd9fe10d4a120194e4a0a1e60a5d04d661b79ab
WINSyslogClient.WinUI/Strings/Resources,WINSyslogClient.WinUI Resources,nPriorityAuditSuccess,Sucesso na auditoria,Adiscon User Interface .resw source; locale=pt-BR; revision=edd9fe10d4a120194e4a0a1e60a5d04d661b79ab
WINSyslogClient.WinUI/Strings/Resources,WINSyslogClient.WinUI Resources,nPriorityCritical,Crítico,Adiscon User Interface .resw source; locale=pt-BR; revision=edd9fe10d4a120194e4a0a1e60a5d04d661b79ab
WINSyslogClient.WinUI/Strings/Resources,WINSyslogClient.WinUI Resources,nPriorityError,Erro,Adiscon User Interface .resw source; locale=pt-BR; revision=edd9fe10d4a120194e4a0a1e60a5d04d661b79ab
WINSyslogClient.WinUI/Strings/Resources,WINSyslogClient.WinUI Resources,nPriorityInfo,Informação,Adiscon User Interface .resw source; locale=pt-BR; revision=edd9fe10d4a120194e4a0a1e60a5d04d661b79ab
WINSyslogClient.WinUI/Strings/Resources,WINSyslogClient.WinUI Resources,nPriorityInformation,Informação,Adiscon User Interface .resw source; locale=pt-BR; revision=edd9fe10d4a120194e4a0a1e60a5d04d661b79ab
WINSyslogClient.WinUI/Strings/Resources,WINSyslogClient.WinUI Resources,nPrioritySuccess,Sucesso,Adiscon User Interface .resw source; locale=pt-BR; revision=edd9fe10d4a120194e4a0a1e60a5d04d661b79ab
WINSyslogClient.WinUI/Strings/Resources,WINSyslogClient.WinUI Resources,nPriorityVerbose,Verboso,Adiscon User Interface .resw source; locale=pt-BR; revision=edd9fe10d4a120194e4a0a1e60a5d04d661b79ab
WINSyslogClient.WinUI/Strings/Resources,WINSyslogClient.WinUI Resources,nPriorityWarning,Aviso,Adiscon User Interface .resw source; locale=pt-BR; revision=edd9fe10d4a120194e4a0a1e60a5d04d661b79ab
WINSyslogClient.WinUI/Strings/Resources,WINSyslogClient.WinUI Resources,nProcMode,Modo de processamento,Adiscon User Interface .resw source; locale=pt-BR; revision=edd9fe10d4a120194e4a0a1e60a5d04d661b79ab
WINSyslogClient.WinUI/Strings/Resources,WINSyslogClient.WinUI Resources,nProcessPriority,Prioridade do Processo,Adiscon User Interface .resw source; locale=pt-BR; revision=edd9fe10d4a120194e4a0a1e60a5d04d661b79ab
WINSyslogClient.WinUI/Strings/Resources,WINSyslogClient.WinUI Resources,nProcessRestOfFile,Processe o restante do arquivo como uma mensagem (se nenhum separador de mensagens corresponder mais),Adiscon User Interface .resw source; locale=pt-BR; revision=edd9fe10d4a120194e4a0a1e60a5d04d661b79ab
WINSyslogClient.WinUI/Strings/Resources,WINSyslogClient.WinUI Resources,nProcessingLow,Ponteiro de processamento,Adiscon User Interface .resw source; locale=pt-BR; revision=edd9fe10d4a120194e4a0a1e60a5d04d661b79ab
WINSyslogClient.WinUI/Strings/Resources,WINSyslogClient.WinUI Resources,nPropertiesTable,Ativar registro detalhado de propriedades,Adiscon User Interface .resw source; locale=pt-BR; revision=edd9fe10d4a120194e4a0a1e60a5d04d661b79ab
WINSyslogClient.WinUI/Strings/Resources,WINSyslogClient.WinUI Resources,nPropertyMsgSep,Salvar separador de mensagens na propriedade (%msgsep%),Adiscon User Interface .resw source; locale=pt-BR; revision=edd9fe10d4a120194e4a0a1e60a5d04d661b79ab
WINSyslogClient.WinUI/Strings/Resources,WINSyslogClient.WinUI Resources,nPropertyMsgSepReset,Redefinir o separador de mensagens após cada execução,Adiscon User Interface .resw source; locale=pt-BR; revision=edd9fe10d4a120194e4a0a1e60a5d04d661b79ab
WINSyslogClient.WinUI/Strings/Resources,WINSyslogClient.WinUI Resources,nProtectAgainstShutdown,Proteger o serviço contra desligamento,Adiscon User Interface .resw source; locale=pt-BR; revision=edd9fe10d4a120194e4a0a1e60a5d04d661b79ab
WINSyslogClient.WinUI/Strings/Resources,WINSyslogClient.WinUI Resources,nProtocolType,Tipo de protocolo,Adiscon User Interface .resw source; locale=pt-BR; revision=edd9fe10d4a120194e4a0a1e60a5d04d661b79ab
WINSyslogClient.WinUI/Strings/Resources,WINSyslogClient.WinUI Resources,nQueueLimit,Limite de fila,Adiscon User Interface .resw source; locale=pt-BR; revision=edd9fe10d4a120194e4a0a1e60a5d04d661b79ab
WINSyslogClient.WinUI/Strings/Resources,WINSyslogClient.WinUI Resources,nRFC3164DetectYear,Tente analisar o ano a partir do carimbo de data/hora da mensagem (RFC 3164),Adiscon User Interface .resw source; locale=pt-BR; revision=edd9fe10d4a120194e4a0a1e60a5d04d661b79ab
WINSyslogClient.WinUI/Strings/Resources,WINSyslogClient.WinUI Resources,nRFC3164Parsing,Habilitar análise RFC3164,Adiscon User Interface .resw source; locale=pt-BR; revision=edd9fe10d4a120194e4a0a1e60a5d04d661b79ab
WINSyslogClient.WinUI/Strings/Resources,WINSyslogClient.WinUI Resources,nRFC5424AddProcID2SyslogTag,"Anexe ProcessID à tag Syslog, se disponível",Adiscon User Interface .resw source; locale=pt-BR; revision=edd9fe10d4a120194e4a0a1e60a5d04d661b79ab
WINSyslogClient.WinUI/Strings/Resources,WINSyslogClient.WinUI Resources,nRFC5424Parsing,Habilitar análise RFC5424,Adiscon User Interface .resw source; locale=pt-BR; revision=edd9fe10d4a120194e4a0a1e60a5d04d661b79ab
WINSyslogClient.WinUI/Strings/Resources,WINSyslogClient.WinUI Resources,nReUseFile,Limpar arquivo de log em vez de excluir (o arquivo será reutilizado),Adiscon User Interface .resw source; locale=pt-BR; revision=edd9fe10d4a120194e4a0a1e60a5d04d661b79ab
WINSyslogClient.WinUI/Strings/Resources,WINSyslogClient.WinUI Resources,nReadFileBuffer,Leia o tamanho do Filebuffer,Adiscon User Interface .resw source; locale=pt-BR; revision=edd9fe10d4a120194e4a0a1e60a5d04d661b79ab
WINSyslogClient.WinUI/Strings/Resources,WINSyslogClient.WinUI Resources,nReadFromFile,Ler log de eventos do arquivo,Adiscon User Interface .resw source; locale=pt-BR; revision=edd9fe10d4a120194e4a0a1e60a5d04d661b79ab
WINSyslogClient.WinUI/Strings/Resources,WINSyslogClient.WinUI Resources,nReadSourceLocally,Ler origens do EventLog da máquina local,Adiscon User Interface .resw source; locale=pt-BR; revision=edd9fe10d4a120194e4a0a1e60a5d04d661b79ab
WINSyslogClient.WinUI/Strings/Resources,WINSyslogClient.WinUI Resources,nRemoveControlChars,Remover caracteres de controle,Adiscon User Interface .resw source; locale=pt-BR; revision=edd9fe10d4a120194e4a0a1e60a5d04d661b79ab
WINSyslogClient.WinUI/Strings/Resources,WINSyslogClient.WinUI Resources,nRemoveControlCharsFromParams,Remover caracteres de controle de parâmetros de string,Adiscon User Interface .resw source; locale=pt-BR; revision=edd9fe10d4a120194e4a0a1e60a5d04d661b79ab
WINSyslogClient.WinUI/Strings/Resources,WINSyslogClient.WinUI Resources,nRemoveLeadingSpaces,Remover espaço inicial,Adiscon User Interface .resw source; locale=pt-BR; revision=edd9fe10d4a120194e4a0a1e60a5d04d661b79ab
WINSyslogClient.WinUI/Strings/Resources,WINSyslogClient.WinUI Resources,nReplaceNullBytes,Substitua bytes NULL por espaços,Adiscon User Interface .resw source; locale=pt-BR; revision=edd9fe10d4a120194e4a0a1e60a5d04d661b79ab
WINSyslogClient.WinUI/Strings/Resources,WINSyslogClient.WinUI Resources,nReportCrash,Envie automaticamente relatórios de problemas para o suporte Adiscon,Adiscon User Interface .resw source; locale=pt-BR; revision=edd9fe10d4a120194e4a0a1e60a5d04d661b79ab
WINSyslogClient.WinUI/Strings/Resources,WINSyslogClient.WinUI Resources,nReportErrorOnFNF,Relate um erro se o arquivo não for encontrado (será gravado no log de eventos do aplicativo),Adiscon User Interface .resw source; locale=pt-BR; revision=edd9fe10d4a120194e4a0a1e60a5d04d661b79ab
WINSyslogClient.WinUI/Strings/Resources,WINSyslogClient.WinUI Resources,nReportInJSON,Use o formato Syslog aprimorado do CEE,Adiscon User Interface .resw source; locale=pt-BR; revision=edd9fe10d4a120194e4a0a1e60a5d04d661b79ab
WINSyslogClient.WinUI/Strings/Resources,WINSyslogClient.WinUI Resources,nResolveIfName,Resolva também o nome se a propriedade de origem já for um nome,Adiscon User Interface .resw source; locale=pt-BR; revision=edd9fe10d4a120194e4a0a1e60a5d04d661b79ab
WINSyslogClient.WinUI/Strings/Resources,WINSyslogClient.WinUI Resources,nResolveLongMibNames,Resolva totalmente Mibnames (formato longo),Adiscon User Interface .resw source; locale=pt-BR; revision=edd9fe10d4a120194e4a0a1e60a5d04d661b79ab
WINSyslogClient.WinUI/Strings/Resources,WINSyslogClient.WinUI Resources,nResolveMibNamesShort,Use formato curto (somente última parte),Adiscon User Interface .resw source; locale=pt-BR; revision=edd9fe10d4a120194e4a0a1e60a5d04d661b79ab
WINSyslogClient.WinUI/Strings/Resources,WINSyslogClient.WinUI Resources,nResolveNames,Resolver nomes de host,Adiscon User Interface .resw source; locale=pt-BR; revision=edd9fe10d4a120194e4a0a1e60a5d04d661b79ab
WINSyslogClient.WinUI/Strings/Resources,WINSyslogClient.WinUI Resources,nRetryCount,Contagem de novas tentativas,Adiscon User Interface .resw source; locale=pt-BR; revision=edd9fe10d4a120194e4a0a1e60a5d04d661b79ab
WINSyslogClient.WinUI/Strings/Resources,WINSyslogClient.WinUI Resources,nRetryInterval,Intervalo de repetição (ms),Adiscon User Interface .resw source; locale=pt-BR; revision=edd9fe10d4a120194e4a0a1e60a5d04d661b79ab
WINSyslogClient.WinUI/Strings/Resources,WINSyslogClient.WinUI Resources,nRetryPeriod,Período de nova tentativa (ms),Adiscon User Interface .resw source; locale=pt-BR; revision=edd9fe10d4a120194e4a0a1e60a5d04d661b79ab
WINSyslogClient.WinUI/Strings/Resources,WINSyslogClient.WinUI Resources,nRingBufferSize,Tamanho do arquivo da fila (estático),Adiscon User Interface .resw source; locale=pt-BR; revision=edd9fe10d4a120194e4a0a1e60a5d04d661b79ab
WINSyslogClient.WinUI/Strings/Resources,WINSyslogClient.WinUI Resources,nRoundRobinMsgCount,Quantidade de mensagens enviadas para cada servidor Syslog antes do balanceamento de carga,Adiscon User Interface .resw source; locale=pt-BR; revision=edd9fe10d4a120194e4a0a1e60a5d04d661b79ab
WINSyslogClient.WinUI/Strings/Resources,WINSyslogClient.WinUI Resources,nRtsControl,Fluxo de controle RTS,Adiscon User Interface .resw source; locale=pt-BR; revision=edd9fe10d4a120194e4a0a1e60a5d04d661b79ab
WINSyslogClient.WinUI/Strings/Resources,WINSyslogClient.WinUI Resources,nSMTPPort,Porta do servidor de e-mail,Adiscon User Interface .resw source; locale=pt-BR; revision=edd9fe10d4a120194e4a0a1e60a5d04d661b79ab
WINSyslogClient.WinUI/Strings/Resources,WINSyslogClient.WinUI Resources,nSMTPPortBackup,Porta do servidor de e-mail de backup,Adiscon User Interface .resw source; locale=pt-BR; revision=edd9fe10d4a120194e4a0a1e60a5d04d661b79ab
WINSyslogClient.WinUI/Strings/Resources,WINSyslogClient.WinUI Resources,nSQLConnectionTimeOut,Tempo limite de conexão SQL,Adiscon User Interface .resw source; locale=pt-BR; revision=edd9fe10d4a120194e4a0a1e60a5d04d661b79ab
WINSyslogClient.WinUI/Strings/Resources,WINSyslogClient.WinUI Resources,nSQLStatementType,Tipo de declaração,Adiscon User Interface .resw source; locale=pt-BR; revision=edd9fe10d4a120194e4a0a1e60a5d04d661b79ab
WINSyslogClient.WinUI/Strings/Resources,WINSyslogClient.WinUI Resources,nSaveSourceIntoProperty,Salvar a origem original na propriedade,Adiscon User Interface .resw source; locale=pt-BR; revision=edd9fe10d4a120194e4a0a1e60a5d04d661b79ab
WINSyslogClient.WinUI/Strings/Resources,WINSyslogClient.WinUI Resources,nSavingLow,Ponteiro salvando,Adiscon User Interface .resw source; locale=pt-BR; revision=edd9fe10d4a120194e4a0a1e60a5d04d661b79ab
WINSyslogClient.WinUI/Strings/Resources,WINSyslogClient.WinUI Resources,nSegmentFileBySize,Tamanho do arquivo do segmento (KB),Adiscon User Interface .resw source; locale=pt-BR; revision=edd9fe10d4a120194e4a0a1e60a5d04d661b79ab
WINSyslogClient.WinUI/Strings/Resources,WINSyslogClient.WinUI Resources,nSegmentFileEnable,Segmentar arquivos quando o seguinte tamanho de arquivo for atingido (KB),Adiscon User Interface .resw source; locale=pt-BR; revision=edd9fe10d4a120194e4a0a1e60a5d04d661b79ab
WINSyslogClient.WinUI/Strings/Resources,WINSyslogClient.WinUI Resources,nSelpSendPort,Porta RELP,Adiscon User Interface .resw source; locale=pt-BR; revision=edd9fe10d4a120194e4a0a1e60a5d04d661b79ab
WINSyslogClient.WinUI/Strings/Resources,WINSyslogClient.WinUI Resources,nSendExpect,Enviar mensagem e verificar a mensagem esperada,Adiscon User Interface .resw source; locale=pt-BR; revision=edd9fe10d4a120194e4a0a1e60a5d04d661b79ab
WINSyslogClient.WinUI/Strings/Resources,WINSyslogClient.WinUI Resources,nSendMode,Modo de envio Syslog,Adiscon User Interface .resw source; locale=pt-BR; revision=edd9fe10d4a120194e4a0a1e60a5d04d661b79ab
WINSyslogClient.WinUI/Strings/Resources,WINSyslogClient.WinUI Resources,nSendRecvTimeOut,Tempo limite de envio/recebimento,Adiscon User Interface .resw source; locale=pt-BR; revision=edd9fe10d4a120194e4a0a1e60a5d04d661b79ab
WINSyslogClient.WinUI/Strings/Resources,WINSyslogClient.WinUI Resources,nSendTimeOut,Tempo limite de envio/recebimento,Adiscon User Interface .resw source; locale=pt-BR; revision=edd9fe10d4a120194e4a0a1e60a5d04d661b79ab
WINSyslogClient.WinUI/Strings/Resources,WINSyslogClient.WinUI Resources,nShutdownProtectionTimeout,Tempo limite de proteção no desligamento,Adiscon User Interface .resw source; locale=pt-BR; revision=edd9fe10d4a120194e4a0a1e60a5d04d661b79ab
WINSyslogClient.WinUI/Strings/Resources,WINSyslogClient.WinUI Resources,nShutdownProtectionTimeout_Description,"0 aguarda sem limite de tempo. Um valor positivo limita todo o desligamento protegido em milissegundos; ao atingir o limite, mensagens ainda não armazenadas de forma durável podem ser perdidas.",Adiscon User Interface .resw source; locale=pt-BR; revision=edd9fe10d4a120194e4a0a1e60a5d04d661b79ab
WINSyslogClient.WinUI/Strings/Resources,WINSyslogClient.WinUI Resources,nShutdownProtectionTimeout_ZeroLabel,0 (ilimitado),Adiscon User Interface .resw source; locale=pt-BR; revision=edd9fe10d4a120194e4a0a1e60a5d04d661b79ab
WINSyslogClient.WinUI/Strings/Resources,WINSyslogClient.WinUI Resources,nSkipLinesEnabled,Pule todas as linhas na inicialização,Adiscon User Interface .resw source; locale=pt-BR; revision=edd9fe10d4a120194e4a0a1e60a5d04d661b79ab
WINSyslogClient.WinUI/Strings/Resources,WINSyslogClient.WinUI Resources,nSleepTime,Intervalo de verificação (ms),Adiscon User Interface .resw source; locale=pt-BR; revision=edd9fe10d4a120194e4a0a1e60a5d04d661b79ab
WINSyslogClient.WinUI/Strings/Resources,WINSyslogClient.WinUI Resources,nSnmpVersion,Versão SNMP,Adiscon User Interface .resw source; locale=pt-BR; revision=edd9fe10d4a120194e4a0a1e60a5d04d661b79ab
WINSyslogClient.WinUI/Strings/Resources,WINSyslogClient.WinUI Resources,nSpecificType,Tipo Específico,Adiscon User Interface .resw source; locale=pt-BR; revision=edd9fe10d4a120194e4a0a1e60a5d04d661b79ab
WINSyslogClient.WinUI/Strings/Resources,WINSyslogClient.WinUI Resources,nSpoofIPAddress,Ative a falsificação de IP para o protocolo UDP. Consulte o manual para mais detalhes,Adiscon User Interface .resw source; locale=pt-BR; revision=edd9fe10d4a120194e4a0a1e60a5d04d661b79ab
WINSyslogClient.WinUI/Strings/Resources,WINSyslogClient.WinUI Resources,nStopbits,Parar bits,Adiscon User Interface .resw source; locale=pt-BR; revision=edd9fe10d4a120194e4a0a1e60a5d04d661b79ab
WINSyslogClient.WinUI/Strings/Resources,WINSyslogClient.WinUI Resources,nSubscriptionSleepTime,Tempo de espera após falha na ação,Adiscon User Interface .resw source; locale=pt-BR; revision=edd9fe10d4a120194e4a0a1e60a5d04d661b79ab
WINSyslogClient.WinUI/Strings/Resources,WINSyslogClient.WinUI Resources,nSyncTimeOut,Tempo limite de sincronização,Adiscon User Interface .resw source; locale=pt-BR; revision=edd9fe10d4a120194e4a0a1e60a5d04d661b79ab
WINSyslogClient.WinUI/Strings/Resources,WINSyslogClient.WinUI Resources,nSyntax_,Tipo,Adiscon User Interface .resw source; locale=pt-BR; revision=edd9fe10d4a120194e4a0a1e60a5d04d661b79ab
WINSyslogClient.WinUI/Strings/Resources,WINSyslogClient.WinUI Resources,nSyslogInsertSource,Adicionar a origem Syslog ao encaminhar para outros servidores Syslog,Adiscon User Interface .resw source; locale=pt-BR; revision=edd9fe10d4a120194e4a0a1e60a5d04d661b79ab
WINSyslogClient.WinUI/Strings/Resources,WINSyslogClient.WinUI Resources,nSyslogMaxMessageSize,Tamanho máximo da mensagem Syslog (bytes),Adiscon User Interface .resw source; locale=pt-BR; revision=edd9fe10d4a120194e4a0a1e60a5d04d661b79ab
WINSyslogClient.WinUI/Strings/Resources,WINSyslogClient.WinUI Resources,nSyslogPortBackup,Porta Syslog de backup,Adiscon User Interface .resw source; locale=pt-BR; revision=edd9fe10d4a120194e4a0a1e60a5d04d661b79ab
WINSyslogClient.WinUI/Strings/Resources,WINSyslogClient.WinUI Resources,nSyslogPort_,Porta Syslog,Adiscon User Interface .resw source; locale=pt-BR; revision=edd9fe10d4a120194e4a0a1e60a5d04d661b79ab
WINSyslogClient.WinUI/Strings/Resources,WINSyslogClient.WinUI Resources,nSyslogSendPort,Porta Syslog,Adiscon User Interface .resw source; locale=pt-BR; revision=edd9fe10d4a120194e4a0a1e60a5d04d661b79ab
WINSyslogClient.WinUI/Strings/Resources,WINSyslogClient.WinUI Resources,nSystemID,ID do sistema,Adiscon User Interface .resw source; locale=pt-BR; revision=edd9fe10d4a120194e4a0a1e60a5d04d661b79ab
WINSyslogClient.WinUI/Strings/Resources,WINSyslogClient.WinUI Resources,nTCPMaxSessions,Sessoes TCP maximas,Adiscon User Interface .resw source; locale=pt-BR; revision=edd9fe10d4a120194e4a0a1e60a5d04d661b79ab
WINSyslogClient.WinUI/Strings/Resources,WINSyslogClient.WinUI Resources,nTLSAllowExpiredCerts,Permitir certificados de pares expirados,Adiscon User Interface .resw source; locale=pt-BR; revision=edd9fe10d4a120194e4a0a1e60a5d04d661b79ab
WINSyslogClient.WinUI/Strings/Resources,WINSyslogClient.WinUI Resources,nTLSFailOnConfigCommandError,Falhar em erros de comandos TLS,Adiscon User Interface .resw source; locale=pt-BR; revision=edd9fe10d4a120194e4a0a1e60a5d04d661b79ab
WINSyslogClient.WinUI/Strings/Resources,WINSyslogClient.WinUI Resources,nTLSHandshakeTimeout,Tempo limite do handshake TLS,Adiscon User Interface .resw source; locale=pt-BR; revision=edd9fe10d4a120194e4a0a1e60a5d04d661b79ab
WINSyslogClient.WinUI/Strings/Resources,WINSyslogClient.WinUI Resources,nTLSLegacyFingerprintMatch,Permitir correspondencia legada de fingerprint,Adiscon User Interface .resw source; locale=pt-BR; revision=edd9fe10d4a120194e4a0a1e60a5d04d661b79ab
WINSyslogClient.WinUI/Strings/Resources,WINSyslogClient.WinUI Resources,nTLSLegacyPeerNameMatch,Permitir correspondencia legada de nome do par,Adiscon User Interface .resw source; locale=pt-BR; revision=edd9fe10d4a120194e4a0a1e60a5d04d661b79ab
WINSyslogClient.WinUI/Strings/Resources,WINSyslogClient.WinUI Resources,nTakeSourceSysFromSyslogMsg,Pegue o sistema de origem da mensagem Syslog,Adiscon User Interface .resw source; locale=pt-BR; revision=edd9fe10d4a120194e4a0a1e60a5d04d661b79ab
WINSyslogClient.WinUI/Strings/Resources,WINSyslogClient.WinUI Resources,nTimeMode,Os valores de tempo padrão são baseados em,Adiscon User Interface .resw source; locale=pt-BR; revision=edd9fe10d4a120194e4a0a1e60a5d04d661b79ab
WINSyslogClient.WinUI/Strings/Resources,WINSyslogClient.WinUI Resources,nTimeOutLimit,Limite de tempo limite,Adiscon User Interface .resw source; locale=pt-BR; revision=edd9fe10d4a120194e4a0a1e60a5d04d661b79ab
WINSyslogClient.WinUI/Strings/Resources,WINSyslogClient.WinUI Resources,nTimeOutMsg,Tempo limite de conclusão da mensagem,Adiscon User Interface .resw source; locale=pt-BR; revision=edd9fe10d4a120194e4a0a1e60a5d04d661b79ab
WINSyslogClient.WinUI/Strings/Resources,WINSyslogClient.WinUI Resources,nTimeOutSession,Tempo limite da sessão,Adiscon User Interface .resw source; locale=pt-BR; revision=edd9fe10d4a120194e4a0a1e60a5d04d661b79ab
WINSyslogClient.WinUI/Strings/Resources,WINSyslogClient.WinUI Resources,nTimeoutValue,Tempo limite da sessão,Adiscon User Interface .resw source; locale=pt-BR; revision=edd9fe10d4a120194e4a0a1e60a5d04d661b79ab
WINSyslogClient.WinUI/Strings/Resources,WINSyslogClient.WinUI Resources,nTryConvSIDtoObj,Tente converter IDs de segurança (SID) em nomes de objetos,Adiscon User Interface .resw source; locale=pt-BR; revision=edd9fe10d4a120194e4a0a1e60a5d04d661b79ab
WINSyslogClient.WinUI/Strings/Resources,WINSyslogClient.WinUI Resources,nTryConvertDsClasses,Tente converter classes de objetos do Active Directory,Adiscon User Interface .resw source; locale=pt-BR; revision=edd9fe10d4a120194e4a0a1e60a5d04d661b79ab
WINSyslogClient.WinUI/Strings/Resources,WINSyslogClient.WinUI Resources,nTryDetectMessageEncoding,"Detectar automaticamente a codificação de mensagens (UTF8, SHIFT_JIS, EUC-JP)",Adiscon User Interface .resw source; locale=pt-BR; revision=edd9fe10d4a120194e4a0a1e60a5d04d661b79ab
WINSyslogClient.WinUI/Strings/Resources,WINSyslogClient.WinUI Resources,nType,Tipo de protocolo,Adiscon User Interface .resw source; locale=pt-BR; revision=edd9fe10d4a120194e4a0a1e60a5d04d661b79ab
WINSyslogClient.WinUI/Strings/Resources,WINSyslogClient.WinUI Resources,nUniqueFileName,Crie nomes de arquivos exclusivos,Adiscon User Interface .resw source; locale=pt-BR; revision=edd9fe10d4a120194e4a0a1e60a5d04d661b79ab
WINSyslogClient.WinUI/Strings/Resources,WINSyslogClient.WinUI Resources,nUseCompression,Use compactação zLib para compactar os dados.,Adiscon User Interface .resw source; locale=pt-BR; revision=edd9fe10d4a120194e4a0a1e60a5d04d661b79ab
WINSyslogClient.WinUI/Strings/Resources,WINSyslogClient.WinUI Resources,nUseCustomSeparator,Use separador personalizado,Adiscon User Interface .resw source; locale=pt-BR; revision=edd9fe10d4a120194e4a0a1e60a5d04d661b79ab
WINSyslogClient.WinUI/Strings/Resources,WINSyslogClient.WinUI Resources,nUseLegacyProcessing,Use processamento de parâmetros herdado,Adiscon User Interface .resw source; locale=pt-BR; revision=edd9fe10d4a120194e4a0a1e60a5d04d661b79ab
WINSyslogClient.WinUI/Strings/Resources,WINSyslogClient.WinUI Resources,nUseLegacySubjectProcessing,Use processamento de linha de assunto herdado,Adiscon User Interface .resw source; locale=pt-BR; revision=edd9fe10d4a120194e4a0a1e60a5d04d661b79ab
WINSyslogClient.WinUI/Strings/Resources,WINSyslogClient.WinUI Resources,nUseSMTPAuth,Usar autenticação SMTP,Adiscon User Interface .resw source; locale=pt-BR; revision=edd9fe10d4a120194e4a0a1e60a5d04d661b79ab
WINSyslogClient.WinUI/Strings/Resources,WINSyslogClient.WinUI Resources,nUseSSL,Use uma conexão segura (SSL) com o servidor de e-mail,Adiscon User Interface .resw source; locale=pt-BR; revision=edd9fe10d4a120194e4a0a1e60a5d04d661b79ab
WINSyslogClient.WinUI/Strings/Resources,WINSyslogClient.WinUI Resources,nUseStartTLSMethod,Use a extensão STARTTLS SMTP,Adiscon User Interface .resw source; locale=pt-BR; revision=edd9fe10d4a120194e4a0a1e60a5d04d661b79ab
WINSyslogClient.WinUI/Strings/Resources,WINSyslogClient.WinUI Resources,nUseUTCForTimestamps,Use UTC para carimbos de data e hora,Adiscon User Interface .resw source; locale=pt-BR; revision=edd9fe10d4a120194e4a0a1e60a5d04d661b79ab
WINSyslogClient.WinUI/Strings/Resources,WINSyslogClient.WinUI Resources,nUseUTCInFileName,Use UTC no nome do arquivo,Adiscon User Interface .resw source; locale=pt-BR; revision=edd9fe10d4a120194e4a0a1e60a5d04d661b79ab
WINSyslogClient.WinUI/Strings/Resources,WINSyslogClient.WinUI Resources,nUseUTCTimeStamp,Use a hora UTC no cabeçalho de data,Adiscon User Interface .resw source; locale=pt-BR; revision=edd9fe10d4a120194e4a0a1e60a5d04d661b79ab
WINSyslogClient.WinUI/Strings/Resources,WINSyslogClient.WinUI Resources,nUseWildcard,Use curingas no nome do arquivo,Adiscon User Interface .resw source; locale=pt-BR; revision=edd9fe10d4a120194e4a0a1e60a5d04d661b79ab
WINSyslogClient.WinUI/Strings/Resources,WINSyslogClient.WinUI Resources,nUseXMLtoReport,Use XML para relatar,Adiscon User Interface .resw source; locale=pt-BR; revision=edd9fe10d4a120194e4a0a1e60a5d04d661b79ab
WINSyslogClient.WinUI/Strings/Resources,WINSyslogClient.WinUI Resources,nVariableType_,Tipo de variável,Adiscon User Interface .resw source; locale=pt-BR; revision=edd9fe10d4a120194e4a0a1e60a5d04d661b79ab
WINSyslogClient.WinUI/Strings/Resources,WINSyslogClient.WinUI Resources,nWorkerThreads,Número de threads de trabalho,Adiscon User Interface .resw source; locale=pt-BR; revision=edd9fe10d4a120194e4a0a1e60a5d04d661b79ab
WINSyslogClient.WinUI/Strings/Resources,WINSyslogClient.WinUI Resources,nWriteLastDBINdex,Escreva LastDBIndex em intervalos frequentes,Adiscon User Interface .resw source; locale=pt-BR; revision=edd9fe10d4a120194e4a0a1e60a5d04d661b79ab
WINSyslogClient.WinUI/Strings/Resources,WINSyslogClient.WinUI Resources,nZlibComp,Use zLib Compression para compactar os dados,Adiscon User Interface .resw source; locale=pt-BR; revision=edd9fe10d4a120194e4a0a1e60a5d04d661b79ab
WINSyslogClient.WinUI/Strings/Resources,WINSyslogClient.WinUI Resources,ninteractive,SyslogVisualizador interativo,Adiscon User Interface .resw source; locale=pt-BR; revision=edd9fe10d4a120194e4a0a1e60a5d04d661b79ab
WINSyslogClient.WinUI/Strings/Resources,WINSyslogClient.WinUI Resources,nloganalyzer,Ferramenta analisador de log e repórter,Adiscon User Interface .resw source; locale=pt-BR; revision=edd9fe10d4a120194e4a0a1e60a5d04d661b79ab
WINSyslogClient.WinUI/Strings/Resources,WINSyslogClient.WinUI Resources,nlogfilemgr,Ferramenta de gerenciamento de arquivos de log,Adiscon User Interface .resw source; locale=pt-BR; revision=edd9fe10d4a120194e4a0a1e60a5d04d661b79ab
WINSyslogClient.WinUI/Strings/Resources,WINSyslogClient.WinUI Resources,nlogsearch,Ferramenta de pesquisa de registros,Adiscon User Interface .resw source; locale=pt-BR; revision=edd9fe10d4a120194e4a0a1e60a5d04d661b79ab
WINSyslogClient.WinUI/Strings/Resources,WINSyslogClient.WinUI Resources,permittedsenders,Receba apenas mensagens syslog dos seguintes endereços IP.,Adiscon User Interface .resw source; locale=pt-BR; revision=edd9fe10d4a120194e4a0a1e60a5d04d661b79ab
WINSyslogClient.WinUI/Strings/Resources,WINSyslogClient.WinUI Resources,processedfiles,Propriedades do arquivo processado,Adiscon User Interface .resw source; locale=pt-BR; revision=edd9fe10d4a120194e4a0a1e60a5d04d661b79ab
WINSyslogClient.WinUI/Strings/Resources,WINSyslogClient.WinUI Resources,propertylist,Lista de Propriedades,Adiscon User Interface .resw source; locale=pt-BR; revision=edd9fe10d4a120194e4a0a1e60a5d04d661b79ab
WINSyslogClient.WinUI/Strings/Resources,WINSyslogClient.WinUI Resources,snmpvars,Variáveis SNMP,Adiscon User Interface .resw source; locale=pt-BR; revision=edd9fe10d4a120194e4a0a1e60a5d04d661b79ab
WINSyslogClient.WinUI/Strings/Resources,WINSyslogClient.WinUI Resources,syslogservers,Servidores Syslog,Adiscon User Interface .resw source; locale=pt-BR; revision=edd9fe10d4a120194e4a0a1e60a5d04d661b79ab
WINSyslogClient.WinUI/Strings/Resources,WINSyslogClient.WinUI Resources,szActionCacheOptions,Opções de fila da ação,Adiscon User Interface .resw source; locale=pt-BR; revision=edd9fe10d4a120194e4a0a1e60a5d04d661b79ab
WINSyslogClient.WinUI/Strings/Resources,WINSyslogClient.WinUI Resources,szActionSpecific,Específico da ação,Adiscon User Interface .resw source; locale=pt-BR; revision=edd9fe10d4a120194e4a0a1e60a5d04d661b79ab
WINSyslogClient.WinUI/Strings/Resources,WINSyslogClient.WinUI Resources,szAdvancedOptions,Opções de tempo limite,Adiscon User Interface .resw source; locale=pt-BR; revision=edd9fe10d4a120194e4a0a1e60a5d04d661b79ab
WINSyslogClient.WinUI/Strings/Resources,WINSyslogClient.WinUI Resources,szAgent,Servidor SNMP,Adiscon User Interface .resw source; locale=pt-BR; revision=edd9fe10d4a120194e4a0a1e60a5d04d661b79ab
WINSyslogClient.WinUI/Strings/Resources,WINSyslogClient.WinUI Resources,szAgentIP,Endereço IP do Agente,Adiscon User Interface .resw source; locale=pt-BR; revision=edd9fe10d4a120194e4a0a1e60a5d04d661b79ab
WINSyslogClient.WinUI/Strings/Resources,WINSyslogClient.WinUI Resources,szAutoBackPath,Caminho de pesquisa,Adiscon User Interface .resw source; locale=pt-BR; revision=edd9fe10d4a120194e4a0a1e60a5d04d661b79ab
WINSyslogClient.WinUI/Strings/Resources,WINSyslogClient.WinUI Resources,szAutoBackupRunCommand,Comando pós-processamento,Adiscon User Interface .resw source; locale=pt-BR; revision=edd9fe10d4a120194e4a0a1e60a5d04d661b79ab
WINSyslogClient.WinUI/Strings/Resources,WINSyslogClient.WinUI Resources,szButtonVerifyLicense,Verifique a licença,Adiscon User Interface .resw source; locale=pt-BR; revision=edd9fe10d4a120194e4a0a1e60a5d04d661b79ab
WINSyslogClient.WinUI/Strings/Resources,WINSyslogClient.WinUI Resources,szCacheEventInfo,"Por motivos de desempenho, recomendamos usar todas as opções de cache disponíveis. No entanto, se você não quiser armazenar em cache os dados consultados no log de eventos, poderá desativá-los aqui.",Adiscon User Interface .resw source; locale=pt-BR; revision=edd9fe10d4a120194e4a0a1e60a5d04d661b79ab
WINSyslogClient.WinUI/Strings/Resources,WINSyslogClient.WinUI Resources,szCharMatch,Combinação de caracteres,Adiscon User Interface .resw source; locale=pt-BR; revision=edd9fe10d4a120194e4a0a1e60a5d04d661b79ab
WINSyslogClient.WinUI/Strings/Resources,WINSyslogClient.WinUI Resources,szCharacterProcessing,Opções relacionadas ao processamento de caracteres,Adiscon User Interface .resw source; locale=pt-BR; revision=edd9fe10d4a120194e4a0a1e60a5d04d661b79ab
WINSyslogClient.WinUI/Strings/Resources,WINSyslogClient.WinUI Resources,szCircularDisabled,Registro Contínuo,Adiscon User Interface .resw source; locale=pt-BR; revision=edd9fe10d4a120194e4a0a1e60a5d04d661b79ab
WINSyslogClient.WinUI/Strings/Resources,WINSyslogClient.WinUI Resources,szCircularEnabled,Registro Circular,Adiscon User Interface .resw source; locale=pt-BR; revision=edd9fe10d4a120194e4a0a1e60a5d04d661b79ab
WINSyslogClient.WinUI/Strings/Resources,WINSyslogClient.WinUI Resources,szClearEventLog0,Nunca limpar (padrão),Adiscon User Interface .resw source; locale=pt-BR; revision=edd9fe10d4a120194e4a0a1e60a5d04d661b79ab
WINSyslogClient.WinUI/Strings/Resources,WINSyslogClient.WinUI Resources,szClearEventLog1,"Limpar após os ciclos de pesquisa, sempre",Adiscon User Interface .resw source; locale=pt-BR; revision=edd9fe10d4a120194e4a0a1e60a5d04d661b79ab
WINSyslogClient.WinUI/Strings/Resources,WINSyslogClient.WinUI Resources,szClearEventLog2,"Limpar uma vez por dia, começando na hora configurada",Adiscon User Interface .resw source; locale=pt-BR; revision=edd9fe10d4a120194e4a0a1e60a5d04d661b79ab
WINSyslogClient.WinUI/Strings/Resources,WINSyslogClient.WinUI Resources,szCommand,Comando para executar,Adiscon User Interface .resw source; locale=pt-BR; revision=edd9fe10d4a120194e4a0a1e60a5d04d661b79ab
WINSyslogClient.WinUI/Strings/Resources,WINSyslogClient.WinUI Resources,szCommunity,Comunidade,Adiscon User Interface .resw source; locale=pt-BR; revision=edd9fe10d4a120194e4a0a1e60a5d04d661b79ab
WINSyslogClient.WinUI/Strings/Resources,WINSyslogClient.WinUI Resources,szComputerName,Nome do computador/IP do servidor,Adiscon User Interface .resw source; locale=pt-BR; revision=edd9fe10d4a120194e4a0a1e60a5d04d661b79ab
WINSyslogClient.WinUI/Strings/Resources,WINSyslogClient.WinUI Resources,szConfigPostProcessPreview,Pré-visualização da mensagem das suas regras,Adiscon User Interface .resw source; locale=pt-BR; revision=edd9fe10d4a120194e4a0a1e60a5d04d661b79ab
WINSyslogClient.WinUI/Strings/Resources,WINSyslogClient.WinUI Resources,szConfigRequestPreview,Pré-visualização da solicitação,Adiscon User Interface .resw source; locale=pt-BR; revision=edd9fe10d4a120194e4a0a1e60a5d04d661b79ab
WINSyslogClient.WinUI/Strings/Resources,WINSyslogClient.WinUI Resources,szConfigUrlPreview,Visualização de URL,Adiscon User Interface .resw source; locale=pt-BR; revision=edd9fe10d4a120194e4a0a1e60a5d04d661b79ab
WINSyslogClient.WinUI/Strings/Resources,WINSyslogClient.WinUI Resources,szConnectionString,Configurar conexão OLEDB,Adiscon User Interface .resw source; locale=pt-BR; revision=edd9fe10d4a120194e4a0a1e60a5d04d661b79ab
WINSyslogClient.WinUI/Strings/Resources,WINSyslogClient.WinUI Resources,szContentType,Content-Type,Adiscon User Interface .resw source; locale=pt-BR; revision=edd9fe10d4a120194e4a0a1e60a5d04d661b79ab
WINSyslogClient.WinUI/Strings/Resources,WINSyslogClient.WinUI Resources,szCopyFormatIntoProperty,armazenar em propriedade,Adiscon User Interface .resw source; locale=pt-BR; revision=edd9fe10d4a120194e4a0a1e60a5d04d661b79ab
WINSyslogClient.WinUI/Strings/Resources,WINSyslogClient.WinUI Resources,szCopyFormatIntoPropertyGroup,Copiar formato para propriedade,Adiscon User Interface .resw source; locale=pt-BR; revision=edd9fe10d4a120194e4a0a1e60a5d04d661b79ab
WINSyslogClient.WinUI/Strings/Resources,WINSyslogClient.WinUI Resources,szCrashReporting,Relatório de falhas,Adiscon User Interface .resw source; locale=pt-BR; revision=edd9fe10d4a120194e4a0a1e60a5d04d661b79ab
WINSyslogClient.WinUI/Strings/Resources,WINSyslogClient.WinUI Resources,szCustomEventLog,Canal de log de eventos personalizado,Adiscon User Interface .resw source; locale=pt-BR; revision=edd9fe10d4a120194e4a0a1e60a5d04d661b79ab
WINSyslogClient.WinUI/Strings/Resources,WINSyslogClient.WinUI Resources,szCustomMessageFormat,Formato de mensagem personalizado,Adiscon User Interface .resw source; locale=pt-BR; revision=edd9fe10d4a120194e4a0a1e60a5d04d661b79ab
WINSyslogClient.WinUI/Strings/Resources,WINSyslogClient.WinUI Resources,szCustomSeparator,Separador personalizado,Adiscon User Interface .resw source; locale=pt-BR; revision=edd9fe10d4a120194e4a0a1e60a5d04d661b79ab
WINSyslogClient.WinUI/Strings/Resources,WINSyslogClient.WinUI Resources,szCustomSource,Fonte de log de eventos personalizada,Adiscon User Interface .resw source; locale=pt-BR; revision=edd9fe10d4a120194e4a0a1e60a5d04d661b79ab
WINSyslogClient.WinUI/Strings/Resources,WINSyslogClient.WinUI Resources,szCustomSyslogHeader,Usar cabeçalho Syslog personalizado,Adiscon User Interface .resw source; locale=pt-BR; revision=edd9fe10d4a120194e4a0a1e60a5d04d661b79ab
WINSyslogClient.WinUI/Strings/Resources,WINSyslogClient.WinUI Resources,szDBDSN,DSN,Adiscon User Interface .resw source; locale=pt-BR; revision=edd9fe10d4a120194e4a0a1e60a5d04d661b79ab
WINSyslogClient.WinUI/Strings/Resources,WINSyslogClient.WinUI Resources,szDBPass,Senha,Adiscon User Interface .resw source; locale=pt-BR; revision=edd9fe10d4a120194e4a0a1e60a5d04d661b79ab
WINSyslogClient.WinUI/Strings/Resources,WINSyslogClient.WinUI Resources,szDBSelect,Selecione a declaração,Adiscon User Interface .resw source; locale=pt-BR; revision=edd9fe10d4a120194e4a0a1e60a5d04d661b79ab
WINSyslogClient.WinUI/Strings/Resources,WINSyslogClient.WinUI Resources,szDBTableName,Tabela de banco de dados,Adiscon User Interface .resw source; locale=pt-BR; revision=edd9fe10d4a120194e4a0a1e60a5d04d661b79ab
WINSyslogClient.WinUI/Strings/Resources,WINSyslogClient.WinUI Resources,szDBUser,ID do usuário,Adiscon User Interface .resw source; locale=pt-BR; revision=edd9fe10d4a120194e4a0a1e60a5d04d661b79ab
WINSyslogClient.WinUI/Strings/Resources,WINSyslogClient.WinUI Resources,szDTLSServer,Nome do servidor DTLS,Adiscon User Interface .resw source; locale=pt-BR; revision=edd9fe10d4a120194e4a0a1e60a5d04d661b79ab
WINSyslogClient.WinUI/Strings/Resources,WINSyslogClient.WinUI Resources,szDataCatalog,Catálogo de Dados,Adiscon User Interface .resw source; locale=pt-BR; revision=edd9fe10d4a120194e4a0a1e60a5d04d661b79ab
WINSyslogClient.WinUI/Strings/Resources,WINSyslogClient.WinUI Resources,szDataSource,Fonte de dados,Adiscon User Interface .resw source; locale=pt-BR; revision=edd9fe10d4a120194e4a0a1e60a5d04d661b79ab
WINSyslogClient.WinUI/Strings/Resources,WINSyslogClient.WinUI Resources,szDatabaseValues,Propriedades do banco de dados,Adiscon User Interface .resw source; locale=pt-BR; revision=edd9fe10d4a120194e4a0a1e60a5d04d661b79ab
WINSyslogClient.WinUI/Strings/Resources,WINSyslogClient.WinUI Resources,szDateTimeLT,DataHora Local,Adiscon User Interface .resw source; locale=pt-BR; revision=edd9fe10d4a120194e4a0a1e60a5d04d661b79ab
WINSyslogClient.WinUI/Strings/Resources,WINSyslogClient.WinUI Resources,szDateTimeUTC,DataHora UTC,Adiscon User Interface .resw source; locale=pt-BR; revision=edd9fe10d4a120194e4a0a1e60a5d04d661b79ab
WINSyslogClient.WinUI/Strings/Resources,WINSyslogClient.WinUI Resources,szDebugFileName,Nome do arquivo e caminho,Adiscon User Interface .resw source; locale=pt-BR; revision=edd9fe10d4a120194e4a0a1e60a5d04d661b79ab
WINSyslogClient.WinUI/Strings/Resources,WINSyslogClient.WinUI Resources,szDestinationPropertyName,Propriedade de destino na qual o nome resolvido será salvo,Adiscon User Interface .resw source; locale=pt-BR; revision=edd9fe10d4a120194e4a0a1e60a5d04d661b79ab
WINSyslogClient.WinUI/Strings/Resources,WINSyslogClient.WinUI Resources,szDetailProperties,Detalhes,Adiscon User Interface .resw source; locale=pt-BR; revision=edd9fe10d4a120194e4a0a1e60a5d04d661b79ab
WINSyslogClient.WinUI/Strings/Resources,WINSyslogClient.WinUI Resources,szDisabled,Desabilitado,Adiscon User Interface .resw source; locale=pt-BR; revision=edd9fe10d4a120194e4a0a1e60a5d04d661b79ab
WINSyslogClient.WinUI/Strings/Resources,WINSyslogClient.WinUI Resources,szDtsControlDisable,Desativar controle DTR,Adiscon User Interface .resw source; locale=pt-BR; revision=edd9fe10d4a120194e4a0a1e60a5d04d661b79ab
WINSyslogClient.WinUI/Strings/Resources,WINSyslogClient.WinUI Resources,szDtsControlEnable,Ativação de controle DTR,Adiscon User Interface .resw source; locale=pt-BR; revision=edd9fe10d4a120194e4a0a1e60a5d04d661b79ab
WINSyslogClient.WinUI/Strings/Resources,WINSyslogClient.WinUI Resources,szDtsControlHandshake,Aperto de mão de controle DTR,Adiscon User Interface .resw source; locale=pt-BR; revision=edd9fe10d4a120194e4a0a1e60a5d04d661b79ab
WINSyslogClient.WinUI/Strings/Resources,WINSyslogClient.WinUI Resources,szEditionInformation,"Observe que, se você ativar a Lista de Remetentes Permitidos, todos os serviços relacionados à rede ficarão limitados a receber mensagens apenas dos dispositivos configurados.

A configuração da lista em si não é limitada.
Mas se a sua licença for limitada a 10 dispositivos por exemplo, apenas os 10 primeiros remetentes configurados funcionarão.",Adiscon User Interface .resw source; locale=pt-BR; revision=edd9fe10d4a120194e4a0a1e60a5d04d661b79ab
WINSyslogClient.WinUI/Strings/Resources,WINSyslogClient.WinUI Resources,szEnableReportCrash,Quer ativar os relatórios de falhas?,Adiscon User Interface .resw source; locale=pt-BR; revision=edd9fe10d4a120194e4a0a1e60a5d04d661b79ab
WINSyslogClient.WinUI/Strings/Resources,WINSyslogClient.WinUI Resources,szEnterprise,OID empresarial,Adiscon User Interface .resw source; locale=pt-BR; revision=edd9fe10d4a120194e4a0a1e60a5d04d661b79ab
WINSyslogClient.WinUI/Strings/Resources,WINSyslogClient.WinUI Resources,szErrorLoadingConfiguration,Erro ao carregar configuração,Adiscon User Interface .resw source; locale=pt-BR; revision=edd9fe10d4a120194e4a0a1e60a5d04d661b79ab
WINSyslogClient.WinUI/Strings/Resources,WINSyslogClient.WinUI Resources,szErrorLoadingConfigurationText,A configuração não pôde ser carregada:,Adiscon User Interface .resw source; locale=pt-BR; revision=edd9fe10d4a120194e4a0a1e60a5d04d661b79ab
WINSyslogClient.WinUI/Strings/Resources,WINSyslogClient.WinUI Resources,szErrorRegistryAccessFailed,Falha ao acessar o registro de configuração local com o seguinte erro:,Adiscon User Interface .resw source; locale=pt-BR; revision=edd9fe10d4a120194e4a0a1e60a5d04d661b79ab
WINSyslogClient.WinUI/Strings/Resources,WINSyslogClient.WinUI Resources,szErrorRemoteRegistryFailed,Falha ao acessar o registro de configuração remota com o seguinte erro:,Adiscon User Interface .resw source; locale=pt-BR; revision=edd9fe10d4a120194e4a0a1e60a5d04d661b79ab
WINSyslogClient.WinUI/Strings/Resources,WINSyslogClient.WinUI Resources,szErrorRemoteRegistryFailed2,O Cliente irá recarregar a configuração local agora.,Adiscon User Interface .resw source; locale=pt-BR; revision=edd9fe10d4a120194e4a0a1e60a5d04d661b79ab
WINSyslogClient.WinUI/Strings/Resources,WINSyslogClient.WinUI Resources,szErrorSavingConfiguration,Erro ao salvar a configuração,Adiscon User Interface .resw source; locale=pt-BR; revision=edd9fe10d4a120194e4a0a1e60a5d04d661b79ab
WINSyslogClient.WinUI/Strings/Resources,WINSyslogClient.WinUI Resources,szErrorSavingConfigurationText,A configuração não pôde ser salva:,Adiscon User Interface .resw source; locale=pt-BR; revision=edd9fe10d4a120194e4a0a1e60a5d04d661b79ab
WINSyslogClient.WinUI/Strings/Resources,WINSyslogClient.WinUI Resources,szErrorSavingData,Falha ao salvar variáveis ​​de dados,Adiscon User Interface .resw source; locale=pt-BR; revision=edd9fe10d4a120194e4a0a1e60a5d04d661b79ab
WINSyslogClient.WinUI/Strings/Resources,WINSyslogClient.WinUI Resources,szErrorSavingDataText,Falha ao salvar variáveis ​​de dados para o seguinte diretório:,Adiscon User Interface .resw source; locale=pt-BR; revision=edd9fe10d4a120194e4a0a1e60a5d04d661b79ab
WINSyslogClient.WinUI/Strings/Resources,WINSyslogClient.WinUI Resources,szEvenParity,Paridade uniforme,Adiscon User Interface .resw source; locale=pt-BR; revision=edd9fe10d4a120194e4a0a1e60a5d04d661b79ab
WINSyslogClient.WinUI/Strings/Resources,WINSyslogClient.WinUI Resources,szEventLogCor_clear,Limpar todos os eventos do Eventlog,Adiscon User Interface .resw source; locale=pt-BR; revision=edd9fe10d4a120194e4a0a1e60a5d04d661b79ab
WINSyslogClient.WinUI/Strings/Resources,WINSyslogClient.WinUI Resources,szEventLogCor_ignore,Ignorar entrada corrompida do Eventlog,Adiscon User Interface .resw source; locale=pt-BR; revision=edd9fe10d4a120194e4a0a1e60a5d04d661b79ab
WINSyslogClient.WinUI/Strings/Resources,WINSyslogClient.WinUI Resources,szEventLogCor_retry,Tentar processar novamente desde o início,Adiscon User Interface .resw source; locale=pt-BR; revision=edd9fe10d4a120194e4a0a1e60a5d04d661b79ab
WINSyslogClient.WinUI/Strings/Resources,WINSyslogClient.WinUI Resources,szEventLogV2WarningOnWinXp,Atenção: esta versão do Windows não oferece suporte à nova API do Windows EventLog necessária para este serviço. Você pode configurar este serviço se pretende usar esta configuração posteriormente em uma máquina com uma versão mais recente do sistema operacional.,Adiscon User Interface .resw source; locale=pt-BR; revision=edd9fe10d4a120194e4a0a1e60a5d04d661b79ab
WINSyslogClient.WinUI/Strings/Resources,WINSyslogClient.WinUI Resources,szEventPollingOptions,Opções relacionadas à pesquisa de eventos,Adiscon User Interface .resw source; locale=pt-BR; revision=edd9fe10d4a120194e4a0a1e60a5d04d661b79ab
WINSyslogClient.WinUI/Strings/Resources,WINSyslogClient.WinUI Resources,szEventTypesManage,Gerenciar canais de eventos,Adiscon User Interface .resw source; locale=pt-BR; revision=edd9fe10d4a120194e4a0a1e60a5d04d661b79ab
WINSyslogClient.WinUI/Strings/Resources,WINSyslogClient.WinUI Resources,szEventTypesToLog,Tipos de log de eventos para registrar,Adiscon User Interface .resw source; locale=pt-BR; revision=edd9fe10d4a120194e4a0a1e60a5d04d661b79ab
WINSyslogClient.WinUI/Strings/Resources,WINSyslogClient.WinUI Resources,szEvtClrSaveFile,Nome do arquivo de backup,Adiscon User Interface .resw source; locale=pt-BR; revision=edd9fe10d4a120194e4a0a1e60a5d04d661b79ab
WINSyslogClient.WinUI/Strings/Resources,WINSyslogClient.WinUI Resources,szFTPServer,Servidor FTP,Adiscon User Interface .resw source; locale=pt-BR; revision=edd9fe10d4a120194e4a0a1e60a5d04d661b79ab
WINSyslogClient.WinUI/Strings/Resources,WINSyslogClient.WinUI Resources,szFieldContent_,Conteúdo do campo,Adiscon User Interface .resw source; locale=pt-BR; revision=edd9fe10d4a120194e4a0a1e60a5d04d661b79ab
WINSyslogClient.WinUI/Strings/Resources,WINSyslogClient.WinUI Resources,szFieldName_,Nome do campo,Adiscon User Interface .resw source; locale=pt-BR; revision=edd9fe10d4a120194e4a0a1e60a5d04d661b79ab
WINSyslogClient.WinUI/Strings/Resources,WINSyslogClient.WinUI Resources,szFileBaseName,Nome base do arquivo,Adiscon User Interface .resw source; locale=pt-BR; revision=edd9fe10d4a120194e4a0a1e60a5d04d661b79ab
WINSyslogClient.WinUI/Strings/Resources,WINSyslogClient.WinUI Resources,szFileExtension,Extensão de arquivo,Adiscon User Interface .resw source; locale=pt-BR; revision=edd9fe10d4a120194e4a0a1e60a5d04d661b79ab
WINSyslogClient.WinUI/Strings/Resources,WINSyslogClient.WinUI Resources,szFileFormatAdiscon,Adiscon,Adiscon User Interface .resw source; locale=pt-BR; revision=edd9fe10d4a120194e4a0a1e60a5d04d661b79ab
WINSyslogClient.WinUI/Strings/Resources,WINSyslogClient.WinUI Resources,szFileFormatCustom,Formato personalizado,Adiscon User Interface .resw source; locale=pt-BR; revision=edd9fe10d4a120194e4a0a1e60a5d04d661b79ab
WINSyslogClient.WinUI/Strings/Resources,WINSyslogClient.WinUI Resources,szFileFormatRaw,Mensagem Syslog bruta,Adiscon User Interface .resw source; locale=pt-BR; revision=edd9fe10d4a120194e4a0a1e60a5d04d661b79ab
WINSyslogClient.WinUI/Strings/Resources,WINSyslogClient.WinUI Resources,szFileFormatWebtrends,Compatível com syslog Webtrends,Adiscon User Interface .resw source; locale=pt-BR; revision=edd9fe10d4a120194e4a0a1e60a5d04d661b79ab
WINSyslogClient.WinUI/Strings/Resources,WINSyslogClient.WinUI Resources,szFileHandlingOptions,Opções de tratamento de arquivos,Adiscon User Interface .resw source; locale=pt-BR; revision=edd9fe10d4a120194e4a0a1e60a5d04d661b79ab
WINSyslogClient.WinUI/Strings/Resources,WINSyslogClient.WinUI Resources,szFileNameOptions,Opções relacionadas ao nome do arquivo,Adiscon User Interface .resw source; locale=pt-BR; revision=edd9fe10d4a120194e4a0a1e60a5d04d661b79ab
WINSyslogClient.WinUI/Strings/Resources,WINSyslogClient.WinUI Resources,szFilePath,Nome do caminho do arquivo,Adiscon User Interface .resw source; locale=pt-BR; revision=edd9fe10d4a120194e4a0a1e60a5d04d661b79ab
WINSyslogClient.WinUI/Strings/Resources,WINSyslogClient.WinUI Resources,szFilename,Nome do arquivo de som,Adiscon User Interface .resw source; locale=pt-BR; revision=edd9fe10d4a120194e4a0a1e60a5d04d661b79ab
WINSyslogClient.WinUI/Strings/Resources,WINSyslogClient.WinUI Resources,szFilenamePreview,Visualização do nome do arquivo,Adiscon User Interface .resw source; locale=pt-BR; revision=edd9fe10d4a120194e4a0a1e60a5d04d661b79ab
WINSyslogClient.WinUI/Strings/Resources,WINSyslogClient.WinUI Resources,szFilenamePreviewLegendBase,Nome básico,Adiscon User Interface .resw source; locale=pt-BR; revision=edd9fe10d4a120194e4a0a1e60a5d04d661b79ab
WINSyslogClient.WinUI/Strings/Resources,WINSyslogClient.WinUI Resources,szFilenamePreviewLegendDate,Fonte/Data (Dinâmico),Adiscon User Interface .resw source; locale=pt-BR; revision=edd9fe10d4a120194e4a0a1e60a5d04d661b79ab
WINSyslogClient.WinUI/Strings/Resources,WINSyslogClient.WinUI Resources,szFilenamePreviewLegendExt,Extensão,Adiscon User Interface .resw source; locale=pt-BR; revision=edd9fe10d4a120194e4a0a1e60a5d04d661b79ab
WINSyslogClient.WinUI/Strings/Resources,WINSyslogClient.WinUI Resources,szFilenamePreviewLegendPath,Caminho do arquivo,Adiscon User Interface .resw source; locale=pt-BR; revision=edd9fe10d4a120194e4a0a1e60a5d04d661b79ab
WINSyslogClient.WinUI/Strings/Resources,WINSyslogClient.WinUI Resources,szFilenamePreviewLegendSegment,Segmento nº (dinâmico),Adiscon User Interface .resw source; locale=pt-BR; revision=edd9fe10d4a120194e4a0a1e60a5d04d661b79ab
WINSyslogClient.WinUI/Strings/Resources,WINSyslogClient.WinUI Resources,szFilenamePreviewLegendTime,Tempo (Dinâmico): HH-MM-SS,Adiscon User Interface .resw source; locale=pt-BR; revision=edd9fe10d4a120194e4a0a1e60a5d04d661b79ab
WINSyslogClient.WinUI/Strings/Resources,WINSyslogClient.WinUI Resources,szGeneralOptions,Opções gerais de arquivo,Adiscon User Interface .resw source; locale=pt-BR; revision=edd9fe10d4a120194e4a0a1e60a5d04d661b79ab
WINSyslogClient.WinUI/Strings/Resources,WINSyslogClient.WinUI Resources,szGeneralValues,Valores Gerais,Adiscon User Interface .resw source; locale=pt-BR; revision=edd9fe10d4a120194e4a0a1e60a5d04d661b79ab
WINSyslogClient.WinUI/Strings/Resources,WINSyslogClient.WinUI Resources,szGenericName0,0 - Partida a frio,Adiscon User Interface .resw source; locale=pt-BR; revision=edd9fe10d4a120194e4a0a1e60a5d04d661b79ab
WINSyslogClient.WinUI/Strings/Resources,WINSyslogClient.WinUI Resources,szGenericName1,1 - Início Quente,Adiscon User Interface .resw source; locale=pt-BR; revision=edd9fe10d4a120194e4a0a1e60a5d04d661b79ab
WINSyslogClient.WinUI/Strings/Resources,WINSyslogClient.WinUI Resources,szGenericName2,2 - Link para baixo,Adiscon User Interface .resw source; locale=pt-BR; revision=edd9fe10d4a120194e4a0a1e60a5d04d661b79ab
WINSyslogClient.WinUI/Strings/Resources,WINSyslogClient.WinUI Resources,szGenericName3,3 - Vincular,Adiscon User Interface .resw source; locale=pt-BR; revision=edd9fe10d4a120194e4a0a1e60a5d04d661b79ab
WINSyslogClient.WinUI/Strings/Resources,WINSyslogClient.WinUI Resources,szGenericName4,4 – Falha de autenticação,Adiscon User Interface .resw source; locale=pt-BR; revision=edd9fe10d4a120194e4a0a1e60a5d04d661b79ab
WINSyslogClient.WinUI/Strings/Resources,WINSyslogClient.WinUI Resources,szGenericName5,5 - Perda de vizinho EGP,Adiscon User Interface .resw source; locale=pt-BR; revision=edd9fe10d4a120194e4a0a1e60a5d04d661b79ab
WINSyslogClient.WinUI/Strings/Resources,WINSyslogClient.WinUI Resources,szGenericName6,6 - Específico da Empresa,Adiscon User Interface .resw source; locale=pt-BR; revision=edd9fe10d4a120194e4a0a1e60a5d04d661b79ab
WINSyslogClient.WinUI/Strings/Resources,WINSyslogClient.WinUI Resources,szHTTPServer,Servidor HTTP,Adiscon User Interface .resw source; locale=pt-BR; revision=edd9fe10d4a120194e4a0a1e60a5d04d661b79ab
WINSyslogClient.WinUI/Strings/Resources,WINSyslogClient.WinUI Resources,szHost,Hospedar,Adiscon User Interface .resw source; locale=pt-BR; revision=edd9fe10d4a120194e4a0a1e60a5d04d661b79ab
WINSyslogClient.WinUI/Strings/Resources,WINSyslogClient.WinUI Resources,szIMAPServer,IMAP Server,Adiscon User Interface .resw source; locale=pt-BR; revision=edd9fe10d4a120194e4a0a1e60a5d04d661b79ab
WINSyslogClient.WinUI/Strings/Resources,WINSyslogClient.WinUI Resources,szIPAddress,Endereço IP do Listener,Adiscon User Interface .resw source; locale=pt-BR; revision=edd9fe10d4a120194e4a0a1e60a5d04d661b79ab
WINSyslogClient.WinUI/Strings/Resources,WINSyslogClient.WinUI Resources,szIP_,Endereço IP,Adiscon User Interface .resw source; locale=pt-BR; revision=edd9fe10d4a120194e4a0a1e60a5d04d661b79ab
WINSyslogClient.WinUI/Strings/Resources,WINSyslogClient.WinUI Resources,szIPv4,Endereço IP V4,Adiscon User Interface .resw source; locale=pt-BR; revision=edd9fe10d4a120194e4a0a1e60a5d04d661b79ab
WINSyslogClient.WinUI/Strings/Resources,WINSyslogClient.WinUI Resources,szIgnoreTlsCertWarning,Desativa a validação do certificado TLS. Use apenas em ambientes de laboratório ou teste.,Adiscon User Interface .resw source; locale=pt-BR; revision=edd9fe10d4a120194e4a0a1e60a5d04d661b79ab
WINSyslogClient.WinUI/Strings/Resources,WINSyslogClient.WinUI Resources,szIncludeMsgSepInMessageDisabled,Não inclua separador de mensagens na mensagem,Adiscon User Interface .resw source; locale=pt-BR; revision=edd9fe10d4a120194e4a0a1e60a5d04d661b79ab
WINSyslogClient.WinUI/Strings/Resources,WINSyslogClient.WinUI Resources,szIncludeMsgSepInMessageLastMsgSepPrepend,Anexe o separador encontrado anteriormente à mensagem,Adiscon User Interface .resw source; locale=pt-BR; revision=edd9fe10d4a120194e4a0a1e60a5d04d661b79ab
WINSyslogClient.WinUI/Strings/Resources,WINSyslogClient.WinUI Resources,szIncludeMsgSepInMessageMsgSepAppend,Anexar separador encontrado à mensagem,Adiscon User Interface .resw source; locale=pt-BR; revision=edd9fe10d4a120194e4a0a1e60a5d04d661b79ab
WINSyslogClient.WinUI/Strings/Resources,WINSyslogClient.WinUI Resources,szIncludeMsgSepInMessageMsgSepPrepend,Anexe o separador encontrado à mensagem,Adiscon User Interface .resw source; locale=pt-BR; revision=edd9fe10d4a120194e4a0a1e60a5d04d661b79ab
WINSyslogClient.WinUI/Strings/Resources,WINSyslogClient.WinUI Resources,szInsertStatement,INSERIR,Adiscon User Interface .resw source; locale=pt-BR; revision=edd9fe10d4a120194e4a0a1e60a5d04d661b79ab
WINSyslogClient.WinUI/Strings/Resources,WINSyslogClient.WinUI Resources,szInt,interno,Adiscon User Interface .resw source; locale=pt-BR; revision=edd9fe10d4a120194e4a0a1e60a5d04d661b79ab
WINSyslogClient.WinUI/Strings/Resources,WINSyslogClient.WinUI Resources,szInteger,Inteiro,Adiscon User Interface .resw source; locale=pt-BR; revision=edd9fe10d4a120194e4a0a1e60a5d04d661b79ab
WINSyslogClient.WinUI/Strings/Resources,WINSyslogClient.WinUI Resources,szIsoTimestamp,Carimbo de data e hora semelhante a ISO,Adiscon User Interface .resw source; locale=pt-BR; revision=edd9fe10d4a120194e4a0a1e60a5d04d661b79ab
WINSyslogClient.WinUI/Strings/Resources,WINSyslogClient.WinUI Resources,szIutFormat,Encaminhar como código de representação XML do MWAgent,Adiscon User Interface .resw source; locale=pt-BR; revision=edd9fe10d4a120194e4a0a1e60a5d04d661b79ab
WINSyslogClient.WinUI/Strings/Resources,WINSyslogClient.WinUI Resources,szJsonFormat,Use o formato Syslog aprimorado do CEE,Adiscon User Interface .resw source; locale=pt-BR; revision=edd9fe10d4a120194e4a0a1e60a5d04d661b79ab
WINSyslogClient.WinUI/Strings/Resources,WINSyslogClient.WinUI Resources,szLastDBIndex,Último número de índice do banco de dados processado,Adiscon User Interface .resw source; locale=pt-BR; revision=edd9fe10d4a120194e4a0a1e60a5d04d661b79ab
WINSyslogClient.WinUI/Strings/Resources,WINSyslogClient.WinUI Resources,szLicense,Informações sobre licença,Adiscon User Interface .resw source; locale=pt-BR; revision=edd9fe10d4a120194e4a0a1e60a5d04d661b79ab
WINSyslogClient.WinUI/Strings/Resources,WINSyslogClient.WinUI Resources,szLicenseFileIntro,Coloque seu arquivo de licença (.alic) em %DEFAULTLICENSEV2PATH% ou procure/arraste um arquivo abaixo. Deixe o caminho vazio para usar o local padrão.,Adiscon User Interface .resw source; locale=pt-BR; revision=edd9fe10d4a120194e4a0a1e60a5d04d661b79ab
WINSyslogClient.WinUI/Strings/Resources,WINSyslogClient.WinUI Resources,szLicenseV2,Arquivo de licença,Adiscon User Interface .resw source; locale=pt-BR; revision=edd9fe10d4a120194e4a0a1e60a5d04d661b79ab
WINSyslogClient.WinUI/Strings/Resources,WINSyslogClient.WinUI Resources,szLicenseV2DefaultPath,Caminho padrão em runtime: %DEFAULTLICENSEV2PATH%. Deixe vazio para usar esse local.,Adiscon User Interface .resw source; locale=pt-BR; revision=edd9fe10d4a120194e4a0a1e60a5d04d661b79ab
WINSyslogClient.WinUI/Strings/Resources,WINSyslogClient.WinUI Resources,szLicenseV2Expired,O arquivo de licença expirou.,Adiscon User Interface .resw source; locale=pt-BR; revision=edd9fe10d4a120194e4a0a1e60a5d04d661b79ab
WINSyslogClient.WinUI/Strings/Resources,WINSyslogClient.WinUI Resources,szLicenseV2NotYetValid,Este arquivo de licença ainda não está ativo. Ele será válido em %VALIDFROMLOCAL% (UTC: %VALIDFROMUTC%). Tente novamente após esse horário.,Adiscon User Interface .resw source; locale=pt-BR; revision=edd9fe10d4a120194e4a0a1e60a5d04d661b79ab
WINSyslogClient.WinUI/Strings/Resources,WINSyslogClient.WinUI Resources,szLicenseV2NotYetValidGeneric,O arquivo de licença ainda não é válido.,Adiscon User Interface .resw source; locale=pt-BR; revision=edd9fe10d4a120194e4a0a1e60a5d04d661b79ab
WINSyslogClient.WinUI/Strings/Resources,WINSyslogClient.WinUI Resources,szLicenseV2NotYetValidIssued,A licença foi emitida em %ISSUEDATLOCAL%.,Adiscon User Interface .resw source; locale=pt-BR; revision=edd9fe10d4a120194e4a0a1e60a5d04d661b79ab
WINSyslogClient.WinUI/Strings/Resources,WINSyslogClient.WinUI Resources,szLicenseV2Path,License file path,Adiscon User Interface .resw source; locale=pt-BR; revision=edd9fe10d4a120194e4a0a1e60a5d04d661b79ab
WINSyslogClient.WinUI/Strings/Resources,WINSyslogClient.WinUI Resources,szLineFormat,Formato de linha personalizado,Adiscon User Interface .resw source; locale=pt-BR; revision=edd9fe10d4a120194e4a0a1e60a5d04d661b79ab
WINSyslogClient.WinUI/Strings/Resources,WINSyslogClient.WinUI Resources,szLoadedRuleSet,Conjunto de regras carregado:,Adiscon User Interface .resw source; locale=pt-BR; revision=edd9fe10d4a120194e4a0a1e60a5d04d661b79ab
WINSyslogClient.WinUI/Strings/Resources,WINSyslogClient.WinUI Resources,szLoadedService,Serviço carregado:,Adiscon User Interface .resw source; locale=pt-BR; revision=edd9fe10d4a120194e4a0a1e60a5d04d661b79ab
WINSyslogClient.WinUI/Strings/Resources,WINSyslogClient.WinUI Resources,szLocation,Localização,Adiscon User Interface .resw source; locale=pt-BR; revision=edd9fe10d4a120194e4a0a1e60a5d04d661b79ab
WINSyslogClient.WinUI/Strings/Resources,WINSyslogClient.WinUI Resources,szLogFileName,Nome do arquivo e caminho,Adiscon User Interface .resw source; locale=pt-BR; revision=edd9fe10d4a120194e4a0a1e60a5d04d661b79ab
WINSyslogClient.WinUI/Strings/Resources,WINSyslogClient.WinUI Resources,szLogFileTypeStandard,Padrão,Adiscon User Interface .resw source; locale=pt-BR; revision=edd9fe10d4a120194e4a0a1e60a5d04d661b79ab
WINSyslogClient.WinUI/Strings/Resources,WINSyslogClient.WinUI Resources,szLogFileTypeW3C,Arquivo de log do servidor Web W3C,Adiscon User Interface .resw source; locale=pt-BR; revision=edd9fe10d4a120194e4a0a1e60a5d04d661b79ab
WINSyslogClient.WinUI/Strings/Resources,WINSyslogClient.WinUI Resources,szLogMoveAfterRotatePath,Diretório de destino,Adiscon User Interface .resw source; locale=pt-BR; revision=edd9fe10d4a120194e4a0a1e60a5d04d661b79ab
WINSyslogClient.WinUI/Strings/Resources,WINSyslogClient.WinUI Resources,szLogPostProcessing,Pós-processamento,Adiscon User Interface .resw source; locale=pt-BR; revision=edd9fe10d4a120194e4a0a1e60a5d04d661b79ab
WINSyslogClient.WinUI/Strings/Resources,WINSyslogClient.WinUI Resources,szLogRotateDisableUniqueFilenameMessage,"A rotação de log gerencia automaticamente os nomes dos arquivos durante a rotação.

Exemplo com rotação de log:
 application.log → arquivo atual
 application.log.1 → arquivo anterior (girado)
 application.log.2 → arquivo mais antigo (girado)

'Criar nomes de arquivos exclusivos' adiciona carimbos de data e hora (por exemplo, app_2024-01-15.log) para evitar substituição. A rotação de log já trata disso anexando sufixos numéricos. Ter ambos ativados é redundante.

Gostaria de desativar 'Criar nomes de arquivos exclusivos'?",Adiscon User Interface .resw source; locale=pt-BR; revision=edd9fe10d4a120194e4a0a1e60a5d04d661b79ab
WINSyslogClient.WinUI/Strings/Resources,WINSyslogClient.WinUI Resources,szLogRotateDisableUniqueFilenameTitle,Rotação de registro,Adiscon User Interface .resw source; locale=pt-BR; revision=edd9fe10d4a120194e4a0a1e60a5d04d661b79ab
WINSyslogClient.WinUI/Strings/Resources,WINSyslogClient.WinUI Resources,szLogRotateTimeoutUnitDays,Dias,Adiscon User Interface .resw source; locale=pt-BR; revision=edd9fe10d4a120194e4a0a1e60a5d04d661b79ab
WINSyslogClient.WinUI/Strings/Resources,WINSyslogClient.WinUI Resources,szLogRotateTimeoutUnitHours,Horas,Adiscon User Interface .resw source; locale=pt-BR; revision=edd9fe10d4a120194e4a0a1e60a5d04d661b79ab
WINSyslogClient.WinUI/Strings/Resources,WINSyslogClient.WinUI Resources,szLogRotateTimeoutUnitMinutes,Minutos,Adiscon User Interface .resw source; locale=pt-BR; revision=edd9fe10d4a120194e4a0a1e60a5d04d661b79ab
WINSyslogClient.WinUI/Strings/Resources,WINSyslogClient.WinUI Resources,szLogRotateTimeoutUnitMonths,Meses,Adiscon User Interface .resw source; locale=pt-BR; revision=edd9fe10d4a120194e4a0a1e60a5d04d661b79ab
WINSyslogClient.WinUI/Strings/Resources,WINSyslogClient.WinUI Resources,szLogRotateTimeoutUnitSeconds,Segundos,Adiscon User Interface .resw source; locale=pt-BR; revision=edd9fe10d4a120194e4a0a1e60a5d04d661b79ab
WINSyslogClient.WinUI/Strings/Resources,WINSyslogClient.WinUI Resources,szLogRotateTimeoutUnitWeeks,Semanas,Adiscon User Interface .resw source; locale=pt-BR; revision=edd9fe10d4a120194e4a0a1e60a5d04d661b79ab
WINSyslogClient.WinUI/Strings/Resources,WINSyslogClient.WinUI Resources,szLogRotateTimeoutWarningCancelled,"O intervalo de rotação não foi aplicado. Escolha Sim para manter um intervalo menor que cinco minutos, ou aumente o intervalo antes de confirmar as alterações.",Adiscon User Interface .resw source; locale=pt-BR; revision=edd9fe10d4a120194e4a0a1e60a5d04d661b79ab
WINSyslogClient.WinUI/Strings/Resources,WINSyslogClient.WinUI Resources,szLogRotateTimeoutWarningNo,Não,Adiscon User Interface .resw source; locale=pt-BR; revision=edd9fe10d4a120194e4a0a1e60a5d04d661b79ab
WINSyslogClient.WinUI/Strings/Resources,WINSyslogClient.WinUI Resources,szLogRotateTimeoutWarningText,A rotação dos arquivos de log em intervalos menores que cinco minutos pode criar muitos arquivos e afetar o desempenho do processamento de logs. Deseja manter este intervalo?,Adiscon User Interface .resw source; locale=pt-BR; revision=edd9fe10d4a120194e4a0a1e60a5d04d661b79ab
WINSyslogClient.WinUI/Strings/Resources,WINSyslogClient.WinUI Resources,szLogRotateTimeoutWarningTitle,Intervalo curto de rotação,Adiscon User Interface .resw source; locale=pt-BR; revision=edd9fe10d4a120194e4a0a1e60a5d04d661b79ab
WINSyslogClient.WinUI/Strings/Resources,WINSyslogClient.WinUI Resources,szLogRotateTimeoutWarningUnavailable,"O aviso de intervalo não pôde ser exibido. Aumente o intervalo para pelo menos cinco minutos, ou tente novamente.",Adiscon User Interface .resw source; locale=pt-BR; revision=edd9fe10d4a120194e4a0a1e60a5d04d661b79ab
WINSyslogClient.WinUI/Strings/Resources,WINSyslogClient.WinUI Resources,szLogRotateTimeoutWarningYes,Sim,Adiscon User Interface .resw source; locale=pt-BR; revision=edd9fe10d4a120194e4a0a1e60a5d04d661b79ab
WINSyslogClient.WinUI/Strings/Resources,WINSyslogClient.WinUI Resources,szLogType,Tipo de log de eventos,Adiscon User Interface .resw source; locale=pt-BR; revision=edd9fe10d4a120194e4a0a1e60a5d04d661b79ab
WINSyslogClient.WinUI/Strings/Resources,WINSyslogClient.WinUI Resources,szLogZipGzip,Compressão GZIP (.gz),Adiscon User Interface .resw source; locale=pt-BR; revision=edd9fe10d4a120194e4a0a1e60a5d04d661b79ab
WINSyslogClient.WinUI/Strings/Resources,WINSyslogClient.WinUI Resources,szLogZipZip,Compressão ZIP (.zip),Adiscon User Interface .resw source; locale=pt-BR; revision=edd9fe10d4a120194e4a0a1e60a5d04d661b79ab
WINSyslogClient.WinUI/Strings/Resources,WINSyslogClient.WinUI Resources,szMIBSPath,Localização dos seus Mibs SNMP,Adiscon User Interface .resw source; locale=pt-BR; revision=edd9fe10d4a120194e4a0a1e60a5d04d661b79ab
WINSyslogClient.WinUI/Strings/Resources,WINSyslogClient.WinUI Resources,szMailServer,SMTP Server,Adiscon User Interface .resw source; locale=pt-BR; revision=edd9fe10d4a120194e4a0a1e60a5d04d661b79ab
WINSyslogClient.WinUI/Strings/Resources,WINSyslogClient.WinUI Resources,szMarkParity,Marcar paridade,Adiscon User Interface .resw source; locale=pt-BR; revision=edd9fe10d4a120194e4a0a1e60a5d04d661b79ab
WINSyslogClient.WinUI/Strings/Resources,WINSyslogClient.WinUI Resources,szMessage,Normalizar parâmetro,Adiscon User Interface .resw source; locale=pt-BR; revision=edd9fe10d4a120194e4a0a1e60a5d04d661b79ab
WINSyslogClient.WinUI/Strings/Resources,WINSyslogClient.WinUI Resources,szMessageBegin,Envie isto na inicialização,Adiscon User Interface .resw source; locale=pt-BR; revision=edd9fe10d4a120194e4a0a1e60a5d04d661b79ab
WINSyslogClient.WinUI/Strings/Resources,WINSyslogClient.WinUI Resources,szMessageEnd,Como a mensagem termina,Adiscon User Interface .resw source; locale=pt-BR; revision=edd9fe10d4a120194e4a0a1e60a5d04d661b79ab
WINSyslogClient.WinUI/Strings/Resources,WINSyslogClient.WinUI Resources,szMessageExpected,Mensagem esperada:,Adiscon User Interface .resw source; locale=pt-BR; revision=edd9fe10d4a120194e4a0a1e60a5d04d661b79ab
WINSyslogClient.WinUI/Strings/Resources,WINSyslogClient.WinUI Resources,szMessageFormat,Formato da mensagem,Adiscon User Interface .resw source; locale=pt-BR; revision=edd9fe10d4a120194e4a0a1e60a5d04d661b79ab
WINSyslogClient.WinUI/Strings/Resources,WINSyslogClient.WinUI Resources,szMessageMode,Campo de mensagem (%msg%),Adiscon User Interface .resw source; locale=pt-BR; revision=edd9fe10d4a120194e4a0a1e60a5d04d661b79ab
WINSyslogClient.WinUI/Strings/Resources,WINSyslogClient.WinUI Resources,szMessageProcessing,Opções relacionadas ao processamento de mensagens,Adiscon User Interface .resw source; locale=pt-BR; revision=edd9fe10d4a120194e4a0a1e60a5d04d661b79ab
WINSyslogClient.WinUI/Strings/Resources,WINSyslogClient.WinUI Resources,szMessageToSend,Mensagem para enviar:,Adiscon User Interface .resw source; locale=pt-BR; revision=edd9fe10d4a120194e4a0a1e60a5d04d661b79ab
WINSyslogClient.WinUI/Strings/Resources,WINSyslogClient.WinUI Resources,szMessagecontent,Mensagem para registrar,Adiscon User Interface .resw source; locale=pt-BR; revision=edd9fe10d4a120194e4a0a1e60a5d04d661b79ab
WINSyslogClient.WinUI/Strings/Resources,WINSyslogClient.WinUI Resources,szMoreInfoCrash,"Se ativado, os crashdumps serão automaticamente carregados em http://crashdump.adiscon.com.
Esses despejos de memória não contêm dados pessoais.
Somente dados relacionados ao problema serão enviados.",Adiscon User Interface .resw source; locale=pt-BR; revision=edd9fe10d4a120194e4a0a1e60a5d04d661b79ab
WINSyslogClient.WinUI/Strings/Resources,WINSyslogClient.WinUI Resources,szMoreInformation,Mais informações podem ser encontradas em nossa página inicial,Adiscon User Interface .resw source; locale=pt-BR; revision=edd9fe10d4a120194e4a0a1e60a5d04d661b79ab
WINSyslogClient.WinUI/Strings/Resources,WINSyslogClient.WinUI Resources,szMsgSep_,Sequência de separação de mensagens,Adiscon User Interface .resw source; locale=pt-BR; revision=edd9fe10d4a120194e4a0a1e60a5d04d661b79ab
WINSyslogClient.WinUI/Strings/Resources,WINSyslogClient.WinUI Resources,szMultiCastAddress,Endereço multicast,Adiscon User Interface .resw source; locale=pt-BR; revision=edd9fe10d4a120194e4a0a1e60a5d04d661b79ab
WINSyslogClient.WinUI/Strings/Resources,WINSyslogClient.WinUI Resources,szMyIPAddress,Endereço IP,Adiscon User Interface .resw source; locale=pt-BR; revision=edd9fe10d4a120194e4a0a1e60a5d04d661b79ab
WINSyslogClient.WinUI/Strings/Resources,WINSyslogClient.WinUI Resources,szNNTPServer,NNTP Server,Adiscon User Interface .resw source; locale=pt-BR; revision=edd9fe10d4a120194e4a0a1e60a5d04d661b79ab
WINSyslogClient.WinUI/Strings/Resources,WINSyslogClient.WinUI Resources,szNetworkOptions,Específico da rede,Adiscon User Interface .resw source; locale=pt-BR; revision=edd9fe10d4a120194e4a0a1e60a5d04d661b79ab
WINSyslogClient.WinUI/Strings/Resources,WINSyslogClient.WinUI Resources,szNoParity,Sem paridade,Adiscon User Interface .resw source; locale=pt-BR; revision=edd9fe10d4a120194e4a0a1e60a5d04d661b79ab
WINSyslogClient.WinUI/Strings/Resources,WINSyslogClient.WinUI Resources,szODBCDsn,DSN,Adiscon User Interface .resw source; locale=pt-BR; revision=edd9fe10d4a120194e4a0a1e60a5d04d661b79ab
WINSyslogClient.WinUI/Strings/Resources,WINSyslogClient.WinUI Resources,szODBCPwd,Senha,Adiscon User Interface .resw source; locale=pt-BR; revision=edd9fe10d4a120194e4a0a1e60a5d04d661b79ab
WINSyslogClient.WinUI/Strings/Resources,WINSyslogClient.WinUI Resources,szODBCUid,ID do usuário,Adiscon User Interface .resw source; locale=pt-BR; revision=edd9fe10d4a120194e4a0a1e60a5d04d661b79ab
WINSyslogClient.WinUI/Strings/Resources,WINSyslogClient.WinUI Resources,szOddParity,Paridade ímpar,Adiscon User Interface .resw source; locale=pt-BR; revision=edd9fe10d4a120194e4a0a1e60a5d04d661b79ab
WINSyslogClient.WinUI/Strings/Resources,WINSyslogClient.WinUI Resources,szOne5StopBits,"1,5 Bit de parada",Adiscon User Interface .resw source; locale=pt-BR; revision=edd9fe10d4a120194e4a0a1e60a5d04d661b79ab
WINSyslogClient.WinUI/Strings/Resources,WINSyslogClient.WinUI Resources,szOneStopBit,1 ponto de parada,Adiscon User Interface .resw source; locale=pt-BR; revision=edd9fe10d4a120194e4a0a1e60a5d04d661b79ab
WINSyslogClient.WinUI/Strings/Resources,WINSyslogClient.WinUI Resources,szOpenSearchOptions,Opções do OpenSearch,Adiscon User Interface .resw source; locale=pt-BR; revision=edd9fe10d4a120194e4a0a1e60a5d04d661b79ab
WINSyslogClient.WinUI/Strings/Resources,WINSyslogClient.WinUI Resources,szOperationType,Tipo de operação,Adiscon User Interface .resw source; locale=pt-BR; revision=edd9fe10d4a120194e4a0a1e60a5d04d661b79ab
WINSyslogClient.WinUI/Strings/Resources,WINSyslogClient.WinUI Resources,szOptions,Opções,Adiscon User Interface .resw source; locale=pt-BR; revision=edd9fe10d4a120194e4a0a1e60a5d04d661b79ab
WINSyslogClient.WinUI/Strings/Resources,WINSyslogClient.WinUI Resources,szOtherOptions,Outras opções do Engine,Adiscon User Interface .resw source; locale=pt-BR; revision=edd9fe10d4a120194e4a0a1e60a5d04d661b79ab
WINSyslogClient.WinUI/Strings/Resources,WINSyslogClient.WinUI Resources,szOutputFormat_CSV,Formato CSV,Adiscon User Interface .resw source; locale=pt-BR; revision=edd9fe10d4a120194e4a0a1e60a5d04d661b79ab
WINSyslogClient.WinUI/Strings/Resources,WINSyslogClient.WinUI Resources,szOutputFormat_Disabled,Desabilitado,Adiscon User Interface .resw source; locale=pt-BR; revision=edd9fe10d4a120194e4a0a1e60a5d04d661b79ab
WINSyslogClient.WinUI/Strings/Resources,WINSyslogClient.WinUI Resources,szOutputFormat_JSON,Formato JSON,Adiscon User Interface .resw source; locale=pt-BR; revision=edd9fe10d4a120194e4a0a1e60a5d04d661b79ab
WINSyslogClient.WinUI/Strings/Resources,WINSyslogClient.WinUI Resources,szOutputFormat_XML,Formato XML,Adiscon User Interface .resw source; locale=pt-BR; revision=edd9fe10d4a120194e4a0a1e60a5d04d661b79ab
WINSyslogClient.WinUI/Strings/Resources,WINSyslogClient.WinUI Resources,szOutputProperty,Propriedade de saída,Adiscon User Interface .resw source; locale=pt-BR; revision=edd9fe10d4a120194e4a0a1e60a5d04d661b79ab
WINSyslogClient.WinUI/Strings/Resources,WINSyslogClient.WinUI Resources,szOverwriteValues,Substituir propriedades Syslog,Adiscon User Interface .resw source; locale=pt-BR; revision=edd9fe10d4a120194e4a0a1e60a5d04d661b79ab
WINSyslogClient.WinUI/Strings/Resources,WINSyslogClient.WinUI Resources,szPOP3Server,POP3 Server,Adiscon User Interface .resw source; locale=pt-BR; revision=edd9fe10d4a120194e4a0a1e60a5d04d661b79ab
WINSyslogClient.WinUI/Strings/Resources,WINSyslogClient.WinUI Resources,szParameters,Parâmetros de Comando,Adiscon User Interface .resw source; locale=pt-BR; revision=edd9fe10d4a120194e4a0a1e60a5d04d661b79ab
WINSyslogClient.WinUI/Strings/Resources,WINSyslogClient.WinUI Resources,szParsValue_,Valor,Adiscon User Interface .resw source; locale=pt-BR; revision=edd9fe10d4a120194e4a0a1e60a5d04d661b79ab
WINSyslogClient.WinUI/Strings/Resources,WINSyslogClient.WinUI Resources,szPassword,Senha,Adiscon User Interface .resw source; locale=pt-BR; revision=edd9fe10d4a120194e4a0a1e60a5d04d661b79ab
WINSyslogClient.WinUI/Strings/Resources,WINSyslogClient.WinUI Resources,szPathAndFileName,Nome do arquivo e caminho,Adiscon User Interface .resw source; locale=pt-BR; revision=edd9fe10d4a120194e4a0a1e60a5d04d661b79ab
WINSyslogClient.WinUI/Strings/Resources,WINSyslogClient.WinUI Resources,szPortName,Envie mensagem para esta porta de comunicação,Adiscon User Interface .resw source; locale=pt-BR; revision=edd9fe10d4a120194e4a0a1e60a5d04d661b79ab
WINSyslogClient.WinUI/Strings/Resources,WINSyslogClient.WinUI Resources,szPortSettings,Configurações de porta,Adiscon User Interface .resw source; locale=pt-BR; revision=edd9fe10d4a120194e4a0a1e60a5d04d661b79ab
WINSyslogClient.WinUI/Strings/Resources,WINSyslogClient.WinUI Resources,szPostProcessApps,Aplicativos pós-processamento disponíveis,Adiscon User Interface .resw source; locale=pt-BR; revision=edd9fe10d4a120194e4a0a1e60a5d04d661b79ab
WINSyslogClient.WinUI/Strings/Resources,WINSyslogClient.WinUI Resources,szPriorityLow,Baixa prioridade,Adiscon User Interface .resw source; locale=pt-BR; revision=edd9fe10d4a120194e4a0a1e60a5d04d661b79ab
WINSyslogClient.WinUI/Strings/Resources,WINSyslogClient.WinUI Resources,szPriorityNormal,Prioridade normal,Adiscon User Interface .resw source; locale=pt-BR; revision=edd9fe10d4a120194e4a0a1e60a5d04d661b79ab
WINSyslogClient.WinUI/Strings/Resources,WINSyslogClient.WinUI Resources,szPriorityhigh,Alta prioridade,Adiscon User Interface .resw source; locale=pt-BR; revision=edd9fe10d4a120194e4a0a1e60a5d04d661b79ab
WINSyslogClient.WinUI/Strings/Resources,WINSyslogClient.WinUI Resources,szPropertiesTableName,Nome da tabela de dados detalhados,Adiscon User Interface .resw source; locale=pt-BR; revision=edd9fe10d4a120194e4a0a1e60a5d04d661b79ab
WINSyslogClient.WinUI/Strings/Resources,WINSyslogClient.WinUI Resources,szPropertyName,Nome da variável de status,Adiscon User Interface .resw source; locale=pt-BR; revision=edd9fe10d4a120194e4a0a1e60a5d04d661b79ab
WINSyslogClient.WinUI/Strings/Resources,WINSyslogClient.WinUI Resources,szPropertyType,Selecione o tipo de propriedade,Adiscon User Interface .resw source; locale=pt-BR; revision=edd9fe10d4a120194e4a0a1e60a5d04d661b79ab
WINSyslogClient.WinUI/Strings/Resources,WINSyslogClient.WinUI Resources,szPropertyValue,Definir valor da propriedade,Adiscon User Interface .resw source; locale=pt-BR; revision=edd9fe10d4a120194e4a0a1e60a5d04d661b79ab
WINSyslogClient.WinUI/Strings/Resources,WINSyslogClient.WinUI Resources,szProperty_,Nome da propriedade,Adiscon User Interface .resw source; locale=pt-BR; revision=edd9fe10d4a120194e4a0a1e60a5d04d661b79ab
WINSyslogClient.WinUI/Strings/Resources,WINSyslogClient.WinUI Resources,szProvider,Provedor,Adiscon User Interface .resw source; locale=pt-BR; revision=edd9fe10d4a120194e4a0a1e60a5d04d661b79ab
WINSyslogClient.WinUI/Strings/Resources,WINSyslogClient.WinUI Resources,szQueueBody,Corpo da mensagem da fila,Adiscon User Interface .resw source; locale=pt-BR; revision=edd9fe10d4a120194e4a0a1e60a5d04d661b79ab
WINSyslogClient.WinUI/Strings/Resources,WINSyslogClient.WinUI Resources,szQueueLable,Etiqueta de mensagem da fila,Adiscon User Interface .resw source; locale=pt-BR; revision=edd9fe10d4a120194e4a0a1e60a5d04d661b79ab
WINSyslogClient.WinUI/Strings/Resources,WINSyslogClient.WinUI Resources,szQueueName,Nome da fila,Adiscon User Interface .resw source; locale=pt-BR; revision=edd9fe10d4a120194e4a0a1e60a5d04d661b79ab
WINSyslogClient.WinUI/Strings/Resources,WINSyslogClient.WinUI Resources,szRELPOptions,Opções Gerais,Adiscon User Interface .resw source; locale=pt-BR; revision=edd9fe10d4a120194e4a0a1e60a5d04d661b79ab
WINSyslogClient.WinUI/Strings/Resources,WINSyslogClient.WinUI Resources,szROM,Resto da mensagem,Adiscon User Interface .resw source; locale=pt-BR; revision=edd9fe10d4a120194e4a0a1e60a5d04d661b79ab
WINSyslogClient.WinUI/Strings/Resources,WINSyslogClient.WinUI Resources,szReadFileBufferInfo,"O File Monitor lê arquivos em partes (blocos) com o tamanho do Filebuffer lido.
O tamanho do buffer padrão é 4.096 bytes, o que é um bom equilíbrio entre desempenho e uso de memória.

Você pode querer aumentar o tamanho ao usar separadores de mensagens regex e suas linhas de log aumentarem o tamanho padrão do buffer de arquivo. Caso contrário recomendamos não alterar este valor!",Adiscon User Interface .resw source; locale=pt-BR; revision=edd9fe10d4a120194e4a0a1e60a5d04d661b79ab
WINSyslogClient.WinUI/Strings/Resources,WINSyslogClient.WinUI Resources,szReferer,Referente,Adiscon User Interface .resw source; locale=pt-BR; revision=edd9fe10d4a120194e4a0a1e60a5d04d661b79ab
WINSyslogClient.WinUI/Strings/Resources,WINSyslogClient.WinUI Resources,szRegistryError,Erro ao acessar o registro de configuração,Adiscon User Interface .resw source; locale=pt-BR; revision=edd9fe10d4a120194e4a0a1e60a5d04d661b79ab
WINSyslogClient.WinUI/Strings/Resources,WINSyslogClient.WinUI Resources,szRemoteHost,Anfitrião remoto,Adiscon User Interface .resw source; locale=pt-BR; revision=edd9fe10d4a120194e4a0a1e60a5d04d661b79ab
WINSyslogClient.WinUI/Strings/Resources,WINSyslogClient.WinUI Resources,szRequestTemplateAdvancedHint,Deixe a lista de propriedades JSON vazia e os campos abaixo em branco para serializar automaticamente todas as propriedades InfoUnit como JSON (veja a pré-visualização). O modelo avançado substitui a lista de propriedades quando não está vazio.,Adiscon User Interface .resw source; locale=pt-BR; revision=edd9fe10d4a120194e4a0a1e60a5d04d661b79ab
WINSyslogClient.WinUI/Strings/Resources,WINSyslogClient.WinUI Resources,szRequestType,Tipo de solicitação,Adiscon User Interface .resw source; locale=pt-BR; revision=edd9fe10d4a120194e4a0a1e60a5d04d661b79ab
WINSyslogClient.WinUI/Strings/Resources,WINSyslogClient.WinUI Resources,szResetValue,Redefinir valor,Adiscon User Interface .resw source; locale=pt-BR; revision=edd9fe10d4a120194e4a0a1e60a5d04d661b79ab
WINSyslogClient.WinUI/Strings/Resources,WINSyslogClient.WinUI Resources,szRessourceOptions,Opções de cache da biblioteca de recursos,Adiscon User Interface .resw source; locale=pt-BR; revision=edd9fe10d4a120194e4a0a1e60a5d04d661b79ab
WINSyslogClient.WinUI/Strings/Resources,WINSyslogClient.WinUI Resources,szRestOutputAdvancedTab,Avançado,Adiscon User Interface .resw source; locale=pt-BR; revision=edd9fe10d4a120194e4a0a1e60a5d04d661b79ab
WINSyslogClient.WinUI/Strings/Resources,WINSyslogClient.WinUI Resources,szRestOutputGeneralTab,Geral,Adiscon User Interface .resw source; locale=pt-BR; revision=edd9fe10d4a120194e4a0a1e60a5d04d661b79ab
WINSyslogClient.WinUI/Strings/Resources,WINSyslogClient.WinUI Resources,szRestOutputRequestTab,Solicitação,Adiscon User Interface .resw source; locale=pt-BR; revision=edd9fe10d4a120194e4a0a1e60a5d04d661b79ab
WINSyslogClient.WinUI/Strings/Resources,WINSyslogClient.WinUI Resources,szRingBufferFile,Nome do arquivo e caminho,Adiscon User Interface .resw source; locale=pt-BR; revision=edd9fe10d4a120194e4a0a1e60a5d04d661b79ab
WINSyslogClient.WinUI/Strings/Resources,WINSyslogClient.WinUI Resources,szRingBufferWarning,"Warning! If you enable diskcaching, it will slow down processing of the actions. This depends on the speed of your harddisk. Do only enable this feature if you really want cache the queue on disk for failover reasons. If the processing is interrupted for some reason, the Service will load the queue on startup and process what was in the queue before.",Adiscon User Interface .resw source; locale=pt-BR; revision=edd9fe10d4a120194e4a0a1e60a5d04d661b79ab
WINSyslogClient.WinUI/Strings/Resources,WINSyslogClient.WinUI Resources,szRotateConditions,Condições de rotação,Adiscon User Interface .resw source; locale=pt-BR; revision=edd9fe10d4a120194e4a0a1e60a5d04d661b79ab
WINSyslogClient.WinUI/Strings/Resources,WINSyslogClient.WinUI Resources,szRotatePostProcessing,Girar pós-processamento,Adiscon User Interface .resw source; locale=pt-BR; revision=edd9fe10d4a120194e4a0a1e60a5d04d661b79ab
WINSyslogClient.WinUI/Strings/Resources,WINSyslogClient.WinUI Resources,szRotateWorkerOptions,LogRotate Background Worker,Adiscon User Interface .resw source; locale=pt-BR; revision=edd9fe10d4a120194e4a0a1e60a5d04d661b79ab
WINSyslogClient.WinUI/Strings/Resources,WINSyslogClient.WinUI Resources,szRotateWorkerOptionsDescription,"O subsistema LogRotate em fila prepara arquivos desacoplados e processa jobs de rotação em segundo plano.
Os jobs pendentes são salvos em LogRotationQueue.json e continuam após a reinicialização.
Arquivos .staging temporários podem aparecer enquanto arquivos são preparados para rotação, compressão ou movimentação.",Adiscon User Interface .resw source; locale=pt-BR; revision=edd9fe10d4a120194e4a0a1e60a5d04d661b79ab
WINSyslogClient.WinUI/Strings/Resources,WINSyslogClient.WinUI Resources,szRtsControlDisable,Desativar controle RTS,Adiscon User Interface .resw source; locale=pt-BR; revision=edd9fe10d4a120194e4a0a1e60a5d04d661b79ab
WINSyslogClient.WinUI/Strings/Resources,WINSyslogClient.WinUI Resources,szRtsControlEnable,Habilitar controle RTS,Adiscon User Interface .resw source; locale=pt-BR; revision=edd9fe10d4a120194e4a0a1e60a5d04d661b79ab
WINSyslogClient.WinUI/Strings/Resources,WINSyslogClient.WinUI Resources,szRtsControlHandshake,Aperto de mão de controle RTS,Adiscon User Interface .resw source; locale=pt-BR; revision=edd9fe10d4a120194e4a0a1e60a5d04d661b79ab
WINSyslogClient.WinUI/Strings/Resources,WINSyslogClient.WinUI Resources,szRtsControlToggle,Alternar controle RTS,Adiscon User Interface .resw source; locale=pt-BR; revision=edd9fe10d4a120194e4a0a1e60a5d04d661b79ab
WINSyslogClient.WinUI/Strings/Resources,WINSyslogClient.WinUI Resources,szRuleEngineSpecific,Específico do mecanismo de regras,Adiscon User Interface .resw source; locale=pt-BR; revision=edd9fe10d4a120194e4a0a1e60a5d04d661b79ab
WINSyslogClient.WinUI/Strings/Resources,WINSyslogClient.WinUI Resources,szRuleSet,Conjunto de regras a processar,Adiscon User Interface .resw source; locale=pt-BR; revision=edd9fe10d4a120194e4a0a1e60a5d04d661b79ab
WINSyslogClient.WinUI/Strings/Resources,WINSyslogClient.WinUI Resources,szRuleSetEngineOptions,Mecanismo de conjuntos de regras,Adiscon User Interface .resw source; locale=pt-BR; revision=edd9fe10d4a120194e4a0a1e60a5d04d661b79ab
WINSyslogClient.WinUI/Strings/Resources,WINSyslogClient.WinUI Resources,szRulebase,Selecione o arquivo Rulebase,Adiscon User Interface .resw source; locale=pt-BR; revision=edd9fe10d4a120194e4a0a1e60a5d04d661b79ab
WINSyslogClient.WinUI/Strings/Resources,WINSyslogClient.WinUI Resources,szSETPOptions,Opções Gerais,Adiscon User Interface .resw source; locale=pt-BR; revision=edd9fe10d4a120194e4a0a1e60a5d04d661b79ab
WINSyslogClient.WinUI/Strings/Resources,WINSyslogClient.WinUI Resources,szSMTPBody,Formato de mensagem de e-mail,Adiscon User Interface .resw source; locale=pt-BR; revision=edd9fe10d4a120194e4a0a1e60a5d04d661b79ab
WINSyslogClient.WinUI/Strings/Resources,WINSyslogClient.WinUI Resources,szSMTPPassword,Senha SMTP,Adiscon User Interface .resw source; locale=pt-BR; revision=edd9fe10d4a120194e4a0a1e60a5d04d661b79ab
WINSyslogClient.WinUI/Strings/Resources,WINSyslogClient.WinUI Resources,szSMTPRecipient,Endereço de e-mail do destinatário,Adiscon User Interface .resw source; locale=pt-BR; revision=edd9fe10d4a120194e4a0a1e60a5d04d661b79ab
WINSyslogClient.WinUI/Strings/Resources,WINSyslogClient.WinUI Resources,szSMTPSender,Endereço de e-mail do remetente,Adiscon User Interface .resw source; locale=pt-BR; revision=edd9fe10d4a120194e4a0a1e60a5d04d661b79ab
WINSyslogClient.WinUI/Strings/Resources,WINSyslogClient.WinUI Resources,szSMTPServer,Servidor de e-mail,Adiscon User Interface .resw source; locale=pt-BR; revision=edd9fe10d4a120194e4a0a1e60a5d04d661b79ab
WINSyslogClient.WinUI/Strings/Resources,WINSyslogClient.WinUI Resources,szSMTPServerBackup,Servidor de e-mail de backup,Adiscon User Interface .resw source; locale=pt-BR; revision=edd9fe10d4a120194e4a0a1e60a5d04d661b79ab
WINSyslogClient.WinUI/Strings/Resources,WINSyslogClient.WinUI Resources,szSMTPSubject,Assunto,Adiscon User Interface .resw source; locale=pt-BR; revision=edd9fe10d4a120194e4a0a1e60a5d04d661b79ab
WINSyslogClient.WinUI/Strings/Resources,WINSyslogClient.WinUI Resources,szSMTPUsername,Nome de usuário SMTP,Adiscon User Interface .resw source; locale=pt-BR; revision=edd9fe10d4a120194e4a0a1e60a5d04d661b79ab
WINSyslogClient.WinUI/Strings/Resources,WINSyslogClient.WinUI Resources,szSNMPOptions,Opções SNMP,Adiscon User Interface .resw source; locale=pt-BR; revision=edd9fe10d4a120194e4a0a1e60a5d04d661b79ab
WINSyslogClient.WinUI/Strings/Resources,WINSyslogClient.WinUI Resources,szSQLConnectionOptions,Opções de conexão,Adiscon User Interface .resw source; locale=pt-BR; revision=edd9fe10d4a120194e4a0a1e60a5d04d661b79ab
WINSyslogClient.WinUI/Strings/Resources,WINSyslogClient.WinUI Resources,szSQLOptions,Opções SQL,Adiscon User Interface .resw source; locale=pt-BR; revision=edd9fe10d4a120194e4a0a1e60a5d04d661b79ab
WINSyslogClient.WinUI/Strings/Resources,WINSyslogClient.WinUI Resources,szSSLOptions,Opções de SSL,Adiscon User Interface .resw source; locale=pt-BR; revision=edd9fe10d4a120194e4a0a1e60a5d04d661b79ab
WINSyslogClient.WinUI/Strings/Resources,WINSyslogClient.WinUI Resources,szSaveSourceProperty,Nome da propriedade:,Adiscon User Interface .resw source; locale=pt-BR; revision=edd9fe10d4a120194e4a0a1e60a5d04d661b79ab
WINSyslogClient.WinUI/Strings/Resources,WINSyslogClient.WinUI Resources,szSelectStatement,Propriedades relacionadas à instrução,Adiscon User Interface .resw source; locale=pt-BR; revision=edd9fe10d4a120194e4a0a1e60a5d04d661b79ab
WINSyslogClient.WinUI/Strings/Resources,WINSyslogClient.WinUI Resources,szSelectStatementFROM,DE,Adiscon User Interface .resw source; locale=pt-BR; revision=edd9fe10d4a120194e4a0a1e60a5d04d661b79ab
WINSyslogClient.WinUI/Strings/Resources,WINSyslogClient.WinUI Resources,szSelectStatementSELECT,SELECIONAR,Adiscon User Interface .resw source; locale=pt-BR; revision=edd9fe10d4a120194e4a0a1e60a5d04d661b79ab
WINSyslogClient.WinUI/Strings/Resources,WINSyslogClient.WinUI Resources,szSelpSendServer,Nome RELP do servidor,Adiscon User Interface .resw source; locale=pt-BR; revision=edd9fe10d4a120194e4a0a1e60a5d04d661b79ab
WINSyslogClient.WinUI/Strings/Resources,WINSyslogClient.WinUI Resources,szSendModeRoundRobin,Usar round robin (vários servidores Syslog),Adiscon User Interface .resw source; locale=pt-BR; revision=edd9fe10d4a120194e4a0a1e60a5d04d661b79ab
WINSyslogClient.WinUI/Strings/Resources,WINSyslogClient.WinUI Resources,szSendModeSingle,Usar um único servidor Syslog com um servidor Syslog de backup opcional,Adiscon User Interface .resw source; locale=pt-BR; revision=edd9fe10d4a120194e4a0a1e60a5d04d661b79ab
WINSyslogClient.WinUI/Strings/Resources,WINSyslogClient.WinUI Resources,szServer,Nome do servidor,Adiscon User Interface .resw source; locale=pt-BR; revision=edd9fe10d4a120194e4a0a1e60a5d04d661b79ab
WINSyslogClient.WinUI/Strings/Resources,WINSyslogClient.WinUI Resources,szServerName,Monitore o log de eventos deste host,Adiscon User Interface .resw source; locale=pt-BR; revision=edd9fe10d4a120194e4a0a1e60a5d04d661b79ab
WINSyslogClient.WinUI/Strings/Resources,WINSyslogClient.WinUI Resources,szServiceName,Nome do serviço,Adiscon User Interface .resw source; locale=pt-BR; revision=edd9fe10d4a120194e4a0a1e60a5d04d661b79ab
WINSyslogClient.WinUI/Strings/Resources,WINSyslogClient.WinUI Resources,szSnmpCheckOid,Consultar OID (Object ID),Adiscon User Interface .resw source; locale=pt-BR; revision=edd9fe10d4a120194e4a0a1e60a5d04d661b79ab
WINSyslogClient.WinUI/Strings/Resources,WINSyslogClient.WinUI Resources,szSnmpGeneralOptions,Opções Gerais SNMP,Adiscon User Interface .resw source; locale=pt-BR; revision=edd9fe10d4a120194e4a0a1e60a5d04d661b79ab
WINSyslogClient.WinUI/Strings/Resources,WINSyslogClient.WinUI Resources,szSnmpRelatedValues,Consulta SNMP relacionada,Adiscon User Interface .resw source; locale=pt-BR; revision=edd9fe10d4a120194e4a0a1e60a5d04d661b79ab
WINSyslogClient.WinUI/Strings/Resources,WINSyslogClient.WinUI Resources,szSnmpv2Oid,OID de armadilha,Adiscon User Interface .resw source; locale=pt-BR; revision=edd9fe10d4a120194e4a0a1e60a5d04d661b79ab
WINSyslogClient.WinUI/Strings/Resources,WINSyslogClient.WinUI Resources,szSourcePropertyName,Selecione a propriedade de origem a partir da qual o nome será resolvido,Adiscon User Interface .resw source; locale=pt-BR; revision=edd9fe10d4a120194e4a0a1e60a5d04d661b79ab
WINSyslogClient.WinUI/Strings/Resources,WINSyslogClient.WinUI Resources,szSpaceParity,Paridade Espacial,Adiscon User Interface .resw source; locale=pt-BR; revision=edd9fe10d4a120194e4a0a1e60a5d04d661b79ab
WINSyslogClient.WinUI/Strings/Resources,WINSyslogClient.WinUI Resources,szSpoofedIPAddress,IP fixo ou propriedade única,Adiscon User Interface .resw source; locale=pt-BR; revision=edd9fe10d4a120194e4a0a1e60a5d04d661b79ab
WINSyslogClient.WinUI/Strings/Resources,WINSyslogClient.WinUI Resources,szStatusVar,Variável de status,Adiscon User Interface .resw source; locale=pt-BR; revision=edd9fe10d4a120194e4a0a1e60a5d04d661b79ab
WINSyslogClient.WinUI/Strings/Resources,WINSyslogClient.WinUI Resources,szStoredProcedure,CALL (procedimento armazenado MSSQL),Adiscon User Interface .resw source; locale=pt-BR; revision=edd9fe10d4a120194e4a0a1e60a5d04d661b79ab
WINSyslogClient.WinUI/Strings/Resources,WINSyslogClient.WinUI Resources,szSubscriptionOptions,Opções relacionadas à assinatura,Adiscon User Interface .resw source; locale=pt-BR; revision=edd9fe10d4a120194e4a0a1e60a5d04d661b79ab
WINSyslogClient.WinUI/Strings/Resources,WINSyslogClient.WinUI Resources,szSyslogHeaderOptions,SyslogOpções de cabeçalho,Adiscon User Interface .resw source; locale=pt-BR; revision=edd9fe10d4a120194e4a0a1e60a5d04d661b79ab
WINSyslogClient.WinUI/Strings/Resources,WINSyslogClient.WinUI Resources,szSyslogMaxMessageSizeDescription,"Quando mensagens superdimensionadas são recebidas por Syslog TCP, esse limite de tamanho define quando devemos dividir a mensagem.
Por padrão, o máximo para TCP é definido como 1.024.000 bytes (1 MB). Para Syslog UDP, o limite é 65536 bytes devido aos limites do protocolo UDP.",Adiscon User Interface .resw source; locale=pt-BR; revision=edd9fe10d4a120194e4a0a1e60a5d04d661b79ab
WINSyslogClient.WinUI/Strings/Resources,WINSyslogClient.WinUI Resources,szSyslogMessageOptions,Opções de mensagem Syslog,Adiscon User Interface .resw source; locale=pt-BR; revision=edd9fe10d4a120194e4a0a1e60a5d04d661b79ab
WINSyslogClient.WinUI/Strings/Resources,WINSyslogClient.WinUI Resources,szSyslogNetworkOptions,Opções relacionadas à rede,Adiscon User Interface .resw source; locale=pt-BR; revision=edd9fe10d4a120194e4a0a1e60a5d04d661b79ab
WINSyslogClient.WinUI/Strings/Resources,WINSyslogClient.WinUI Resources,szSyslogProcessingCustomHeader,Usar cabeçalho Syslog personalizado,Adiscon User Interface .resw source; locale=pt-BR; revision=edd9fe10d4a120194e4a0a1e60a5d04d661b79ab
WINSyslogClient.WinUI/Strings/Resources,WINSyslogClient.WinUI Resources,szSyslogProcessingDisabled,"Desative o processamento, encaminhe como está.",Adiscon User Interface .resw source; locale=pt-BR; revision=edd9fe10d4a120194e4a0a1e60a5d04d661b79ab
WINSyslogClient.WinUI/Strings/Resources,WINSyslogClient.WinUI Resources,szSyslogProcessingRFC3164,Use processamento RFC 3164 herdado,Adiscon User Interface .resw source; locale=pt-BR; revision=edd9fe10d4a120194e4a0a1e60a5d04d661b79ab
WINSyslogClient.WinUI/Strings/Resources,WINSyslogClient.WinUI Resources,szSyslogProcessingRFC5424,Use processamento RFC 5424 (recomendado),Adiscon User Interface .resw source; locale=pt-BR; revision=edd9fe10d4a120194e4a0a1e60a5d04d661b79ab
WINSyslogClient.WinUI/Strings/Resources,WINSyslogClient.WinUI Resources,szSyslogQueue,SyslogNome da fila,Adiscon User Interface .resw source; locale=pt-BR; revision=edd9fe10d4a120194e4a0a1e60a5d04d661b79ab
WINSyslogClient.WinUI/Strings/Resources,WINSyslogClient.WinUI Resources,szSyslogQueueOptions,SyslogOpções de fila,Adiscon User Interface .resw source; locale=pt-BR; revision=edd9fe10d4a120194e4a0a1e60a5d04d661b79ab
WINSyslogClient.WinUI/Strings/Resources,WINSyslogClient.WinUI Resources,szSyslogSSLOptions,Opções relacionadas a SSL/TLS,Adiscon User Interface .resw source; locale=pt-BR; revision=edd9fe10d4a120194e4a0a1e60a5d04d661b79ab
WINSyslogClient.WinUI/Strings/Resources,WINSyslogClient.WinUI Resources,szSyslogSendServer,Servidor Syslog,Adiscon User Interface .resw source; locale=pt-BR; revision=edd9fe10d4a120194e4a0a1e60a5d04d661b79ab
WINSyslogClient.WinUI/Strings/Resources,WINSyslogClient.WinUI Resources,szSyslogServerBackup,Servidor Syslog de backup,Adiscon User Interface .resw source; locale=pt-BR; revision=edd9fe10d4a120194e4a0a1e60a5d04d661b79ab
WINSyslogClient.WinUI/Strings/Resources,WINSyslogClient.WinUI Resources,szSyslogServerOptions,Opções do receptor Syslog,Adiscon User Interface .resw source; locale=pt-BR; revision=edd9fe10d4a120194e4a0a1e60a5d04d661b79ab
WINSyslogClient.WinUI/Strings/Resources,WINSyslogClient.WinUI Resources,szSyslogServer_,Servidor Syslog,Adiscon User Interface .resw source; locale=pt-BR; revision=edd9fe10d4a120194e4a0a1e60a5d04d661b79ab
WINSyslogClient.WinUI/Strings/Resources,WINSyslogClient.WinUI Resources,szSyslogTCPOptions,Opções relacionadas ao TCP,Adiscon User Interface .resw source; locale=pt-BR; revision=edd9fe10d4a120194e4a0a1e60a5d04d661b79ab
WINSyslogClient.WinUI/Strings/Resources,WINSyslogClient.WinUI Resources,szSyslogTagValue,Valor da etiqueta Syslog,Adiscon User Interface .resw source; locale=pt-BR; revision=edd9fe10d4a120194e4a0a1e60a5d04d661b79ab
WINSyslogClient.WinUI/Strings/Resources,WINSyslogClient.WinUI Resources,szSyslogTargetOptions,Opções de destino Syslog,Adiscon User Interface .resw source; locale=pt-BR; revision=edd9fe10d4a120194e4a0a1e60a5d04d661b79ab
WINSyslogClient.WinUI/Strings/Resources,WINSyslogClient.WinUI Resources,szSyslogUDPOptions,Opções relacionadas ao UDP,Adiscon User Interface .resw source; locale=pt-BR; revision=edd9fe10d4a120194e4a0a1e60a5d04d661b79ab
WINSyslogClient.WinUI/Strings/Resources,WINSyslogClient.WinUI Resources,szTCPMsgSep,Sequência de separação de mensagens,Adiscon User Interface .resw source; locale=pt-BR; revision=edd9fe10d4a120194e4a0a1e60a5d04d661b79ab
WINSyslogClient.WinUI/Strings/Resources,WINSyslogClient.WinUI Resources,szTCPOptions,Opções TCP,Adiscon User Interface .resw source; locale=pt-BR; revision=edd9fe10d4a120194e4a0a1e60a5d04d661b79ab
WINSyslogClient.WinUI/Strings/Resources,WINSyslogClient.WinUI Resources,szTLSAdvancedOptions,TLS avancado,Adiscon User Interface .resw source; locale=pt-BR; revision=edd9fe10d4a120194e4a0a1e60a5d04d661b79ab
WINSyslogClient.WinUI/Strings/Resources,WINSyslogClient.WinUI Resources,szTLSCommandsInfo,"Ao ativar esta opção, você pode definir comandos de configuração OpenSSL diretamente. Para obter mais informações sobre os parâmetros de configuração disponíveis para cada tipo de comando, visite:",Adiscon User Interface .resw source; locale=pt-BR; revision=edd9fe10d4a120194e4a0a1e60a5d04d661b79ab
WINSyslogClient.WinUI/Strings/Resources,WINSyslogClient.WinUI Resources,szTLSCommandsInfoLink,Documentação OpenSSL SSL_CONF_cmd,Adiscon User Interface .resw source; locale=pt-BR; revision=edd9fe10d4a120194e4a0a1e60a5d04d661b79ab
WINSyslogClient.WinUI/Strings/Resources,WINSyslogClient.WinUI Resources,szTLSOptions,Opções de TLS,Adiscon User Interface .resw source; locale=pt-BR; revision=edd9fe10d4a120194e4a0a1e60a5d04d661b79ab
WINSyslogClient.WinUI/Strings/Resources,WINSyslogClient.WinUI Resources,szTabAdvanced,Opções Avançadas,Adiscon User Interface .resw source; locale=pt-BR; revision=edd9fe10d4a120194e4a0a1e60a5d04d661b79ab
WINSyslogClient.WinUI/Strings/Resources,WINSyslogClient.WinUI Resources,szTabCPU,CPU,Adiscon User Interface .resw source; locale=pt-BR; revision=edd9fe10d4a120194e4a0a1e60a5d04d661b79ab
WINSyslogClient.WinUI/Strings/Resources,WINSyslogClient.WinUI Resources,szTabCaching,Cache de eventos,Adiscon User Interface .resw source; locale=pt-BR; revision=edd9fe10d4a120194e4a0a1e60a5d04d661b79ab
WINSyslogClient.WinUI/Strings/Resources,WINSyslogClient.WinUI Resources,szTabEncoding,Codificação,Adiscon User Interface .resw source; locale=pt-BR; revision=edd9fe10d4a120194e4a0a1e60a5d04d661b79ab
WINSyslogClient.WinUI/Strings/Resources,WINSyslogClient.WinUI Resources,szTabEventChannels,Canais de eventos,Adiscon User Interface .resw source; locale=pt-BR; revision=edd9fe10d4a120194e4a0a1e60a5d04d661b79ab
WINSyslogClient.WinUI/Strings/Resources,WINSyslogClient.WinUI Resources,szTabFiles,Arquivos Processados,Adiscon User Interface .resw source; locale=pt-BR; revision=edd9fe10d4a120194e4a0a1e60a5d04d661b79ab
WINSyslogClient.WinUI/Strings/Resources,WINSyslogClient.WinUI Resources,szTabGeneral,Opções Gerais,Adiscon User Interface .resw source; locale=pt-BR; revision=edd9fe10d4a120194e4a0a1e60a5d04d661b79ab
WINSyslogClient.WinUI/Strings/Resources,WINSyslogClient.WinUI Resources,szTabMailFormatOptions,Opções de formato de e-mail,Adiscon User Interface .resw source; locale=pt-BR; revision=edd9fe10d4a120194e4a0a1e60a5d04d661b79ab
WINSyslogClient.WinUI/Strings/Resources,WINSyslogClient.WinUI Resources,szTabMailServerOptions,Opções de servidor de e-mail,Adiscon User Interface .resw source; locale=pt-BR; revision=edd9fe10d4a120194e4a0a1e60a5d04d661b79ab
WINSyslogClient.WinUI/Strings/Resources,WINSyslogClient.WinUI Resources,szTabMemory,Memória total,Adiscon User Interface .resw source; locale=pt-BR; revision=edd9fe10d4a120194e4a0a1e60a5d04d661b79ab
WINSyslogClient.WinUI/Strings/Resources,WINSyslogClient.WinUI Resources,szTabMsgSep,Separadores de mensagens,Adiscon User Interface .resw source; locale=pt-BR; revision=edd9fe10d4a120194e4a0a1e60a5d04d661b79ab
WINSyslogClient.WinUI/Strings/Resources,WINSyslogClient.WinUI Resources,szTabPhyMemory,Memória Física,Adiscon User Interface .resw source; locale=pt-BR; revision=edd9fe10d4a120194e4a0a1e60a5d04d661b79ab
WINSyslogClient.WinUI/Strings/Resources,WINSyslogClient.WinUI Resources,szTabVirtMemory,Memória virtual,Adiscon User Interface .resw source; locale=pt-BR; revision=edd9fe10d4a120194e4a0a1e60a5d04d661b79ab
WINSyslogClient.WinUI/Strings/Resources,WINSyslogClient.WinUI Resources,szTableID,ID Nome do campo,Adiscon User Interface .resw source; locale=pt-BR; revision=edd9fe10d4a120194e4a0a1e60a5d04d661b79ab
WINSyslogClient.WinUI/Strings/Resources,WINSyslogClient.WinUI Resources,szTableName,Nome da tabela,Adiscon User Interface .resw source; locale=pt-BR; revision=edd9fe10d4a120194e4a0a1e60a5d04d661b79ab
WINSyslogClient.WinUI/Strings/Resources,WINSyslogClient.WinUI Resources,szTarget,Máquina alvo,Adiscon User Interface .resw source; locale=pt-BR; revision=edd9fe10d4a120194e4a0a1e60a5d04d661b79ab
WINSyslogClient.WinUI/Strings/Resources,WINSyslogClient.WinUI Resources,szText,texto,Adiscon User Interface .resw source; locale=pt-BR; revision=edd9fe10d4a120194e4a0a1e60a5d04d661b79ab
WINSyslogClient.WinUI/Strings/Resources,WINSyslogClient.WinUI Resources,szTwoStopBits,2 bits de parada,Adiscon User Interface .resw source; locale=pt-BR; revision=edd9fe10d4a120194e4a0a1e60a5d04d661b79ab
WINSyslogClient.WinUI/Strings/Resources,WINSyslogClient.WinUI Resources,szTypeAgentcap,Limite de agente,Adiscon User Interface .resw source; locale=pt-BR; revision=edd9fe10d4a120194e4a0a1e60a5d04d661b79ab
WINSyslogClient.WinUI/Strings/Resources,WINSyslogClient.WinUI Resources,szTypeBitstring,Cadeia de bits,Adiscon User Interface .resw source; locale=pt-BR; revision=edd9fe10d4a120194e4a0a1e60a5d04d661b79ab
WINSyslogClient.WinUI/Strings/Resources,WINSyslogClient.WinUI Resources,szTypeCounter,Contador,Adiscon User Interface .resw source; locale=pt-BR; revision=edd9fe10d4a120194e4a0a1e60a5d04d661b79ab
WINSyslogClient.WinUI/Strings/Resources,WINSyslogClient.WinUI Resources,szTypeCounter64,Contador64,Adiscon User Interface .resw source; locale=pt-BR; revision=edd9fe10d4a120194e4a0a1e60a5d04d661b79ab
WINSyslogClient.WinUI/Strings/Resources,WINSyslogClient.WinUI Resources,szTypeGauge,Medidor,Adiscon User Interface .resw source; locale=pt-BR; revision=edd9fe10d4a120194e4a0a1e60a5d04d661b79ab
WINSyslogClient.WinUI/Strings/Resources,WINSyslogClient.WinUI Resources,szTypeInteger,Inteiro,Adiscon User Interface .resw source; locale=pt-BR; revision=edd9fe10d4a120194e4a0a1e60a5d04d661b79ab
WINSyslogClient.WinUI/Strings/Resources,WINSyslogClient.WinUI Resources,szTypeInteger32,Inteiro Assinado32,Adiscon User Interface .resw source; locale=pt-BR; revision=edd9fe10d4a120194e4a0a1e60a5d04d661b79ab
WINSyslogClient.WinUI/Strings/Resources,WINSyslogClient.WinUI Resources,szTypeIpaddr,Endereço IP,Adiscon User Interface .resw source; locale=pt-BR; revision=edd9fe10d4a120194e4a0a1e60a5d04d661b79ab
WINSyslogClient.WinUI/Strings/Resources,WINSyslogClient.WinUI Resources,szTypeModcomp,Mod Comp.,Adiscon User Interface .resw source; locale=pt-BR; revision=edd9fe10d4a120194e4a0a1e60a5d04d661b79ab
WINSyslogClient.WinUI/Strings/Resources,WINSyslogClient.WinUI Resources,szTypeModid,ModID,Adiscon User Interface .resw source; locale=pt-BR; revision=edd9fe10d4a120194e4a0a1e60a5d04d661b79ab
WINSyslogClient.WinUI/Strings/Resources,WINSyslogClient.WinUI Resources,szTypeNetaddr,Endereço líquido,Adiscon User Interface .resw source; locale=pt-BR; revision=edd9fe10d4a120194e4a0a1e60a5d04d661b79ab
WINSyslogClient.WinUI/Strings/Resources,WINSyslogClient.WinUI Resources,szTypeNotiftype,Tipo de notificação,Adiscon User Interface .resw source; locale=pt-BR; revision=edd9fe10d4a120194e4a0a1e60a5d04d661b79ab
WINSyslogClient.WinUI/Strings/Resources,WINSyslogClient.WinUI Resources,szTypeNsapaddress,Endereço NSAP,Adiscon User Interface .resw source; locale=pt-BR; revision=edd9fe10d4a120194e4a0a1e60a5d04d661b79ab
WINSyslogClient.WinUI/Strings/Resources,WINSyslogClient.WinUI Resources,szTypeNull,Nulo,Adiscon User Interface .resw source; locale=pt-BR; revision=edd9fe10d4a120194e4a0a1e60a5d04d661b79ab
WINSyslogClient.WinUI/Strings/Resources,WINSyslogClient.WinUI Resources,szTypeObjgroup,Grupo de objetos,Adiscon User Interface .resw source; locale=pt-BR; revision=edd9fe10d4a120194e4a0a1e60a5d04d661b79ab
WINSyslogClient.WinUI/Strings/Resources,WINSyslogClient.WinUI Resources,szTypeObjid,Object ID,Adiscon User Interface .resw source; locale=pt-BR; revision=edd9fe10d4a120194e4a0a1e60a5d04d661b79ab
WINSyslogClient.WinUI/Strings/Resources,WINSyslogClient.WinUI Resources,szTypeOctetstr,Corda de octeto,Adiscon User Interface .resw source; locale=pt-BR; revision=edd9fe10d4a120194e4a0a1e60a5d04d661b79ab
WINSyslogClient.WinUI/Strings/Resources,WINSyslogClient.WinUI Resources,szTypeOpaque,Opaco,Adiscon User Interface .resw source; locale=pt-BR; revision=edd9fe10d4a120194e4a0a1e60a5d04d661b79ab
WINSyslogClient.WinUI/Strings/Resources,WINSyslogClient.WinUI Resources,szTypeOther,Outro,Adiscon User Interface .resw source; locale=pt-BR; revision=edd9fe10d4a120194e4a0a1e60a5d04d661b79ab
WINSyslogClient.WinUI/Strings/Resources,WINSyslogClient.WinUI Resources,szTypeTimeticks,Cronogramas,Adiscon User Interface .resw source; locale=pt-BR; revision=edd9fe10d4a120194e4a0a1e60a5d04d661b79ab
WINSyslogClient.WinUI/Strings/Resources,WINSyslogClient.WinUI Resources,szTypeTraptype,Tipo de armadilha,Adiscon User Interface .resw source; locale=pt-BR; revision=edd9fe10d4a120194e4a0a1e60a5d04d661b79ab
WINSyslogClient.WinUI/Strings/Resources,WINSyslogClient.WinUI Resources,szTypeUinteger,UI inteiro,Adiscon User Interface .resw source; locale=pt-BR; revision=edd9fe10d4a120194e4a0a1e60a5d04d661b79ab
WINSyslogClient.WinUI/Strings/Resources,WINSyslogClient.WinUI Resources,szTypeUnsigned32,Inteiro não assinado32,Adiscon User Interface .resw source; locale=pt-BR; revision=edd9fe10d4a120194e4a0a1e60a5d04d661b79ab
WINSyslogClient.WinUI/Strings/Resources,WINSyslogClient.WinUI Resources,szUDPOptions,Opções UDP,Adiscon User Interface .resw source; locale=pt-BR; revision=edd9fe10d4a120194e4a0a1e60a5d04d661b79ab
WINSyslogClient.WinUI/Strings/Resources,WINSyslogClient.WinUI Resources,szUnixTimestamp,Carimbo de data/hora semelhante ao UNIX/LINUX,Adiscon User Interface .resw source; locale=pt-BR; revision=edd9fe10d4a120194e4a0a1e60a5d04d661b79ab
WINSyslogClient.WinUI/Strings/Resources,WINSyslogClient.WinUI Resources,szUpTo,Até,Adiscon User Interface .resw source; locale=pt-BR; revision=edd9fe10d4a120194e4a0a1e60a5d04d661b79ab
WINSyslogClient.WinUI/Strings/Resources,WINSyslogClient.WinUI Resources,szUrl,URL e string de consulta,Adiscon User Interface .resw source; locale=pt-BR; revision=edd9fe10d4a120194e4a0a1e60a5d04d661b79ab
WINSyslogClient.WinUI/Strings/Resources,WINSyslogClient.WinUI Resources,szUserAgent,Agente do usuário (navegador),Adiscon User Interface .resw source; locale=pt-BR; revision=edd9fe10d4a120194e4a0a1e60a5d04d661b79ab
WINSyslogClient.WinUI/Strings/Resources,WINSyslogClient.WinUI Resources,szUsername,Nome de usuário,Adiscon User Interface .resw source; locale=pt-BR; revision=edd9fe10d4a120194e4a0a1e60a5d04d661b79ab
WINSyslogClient.WinUI/Strings/Resources,WINSyslogClient.WinUI Resources,szVarChar,varchar,Adiscon User Interface .resw source; locale=pt-BR; revision=edd9fe10d4a120194e4a0a1e60a5d04d661b79ab
WINSyslogClient.WinUI/Strings/Resources,WINSyslogClient.WinUI Resources,szVariableOID_,OID variável,Adiscon User Interface .resw source; locale=pt-BR; revision=edd9fe10d4a120194e4a0a1e60a5d04d661b79ab
WINSyslogClient.WinUI/Strings/Resources,WINSyslogClient.WinUI Resources,szVariableValue_,Valor variável,Adiscon User Interface .resw source; locale=pt-BR; revision=edd9fe10d4a120194e4a0a1e60a5d04d661b79ab
WINSyslogClient.WinUI/Strings/Resources,WINSyslogClient.WinUI Resources,szW3CHeader,Valor do cabeçalho W3C,Adiscon User Interface .resw source; locale=pt-BR; revision=edd9fe10d4a120194e4a0a1e60a5d04d661b79ab
WINSyslogClient.WinUI/Strings/Resources,WINSyslogClient.WinUI Resources,szWarningSavingConfiguration,Aviso ao salvar a configuração,Adiscon User Interface .resw source; locale=pt-BR; revision=edd9fe10d4a120194e4a0a1e60a5d04d661b79ab
WINSyslogClient.WinUI/Strings/Resources,WINSyslogClient.WinUI Resources,szWarningSavingConfigurationBackup,Falha ao fazer backup do arquivo de configuração antigo. Salvar a configuração no seguinte arquivo pode falhar:,Adiscon User Interface .resw source; locale=pt-BR; revision=edd9fe10d4a120194e4a0a1e60a5d04d661b79ab
WINSyslogClient.WinUI/Strings/Resources,WINSyslogClient.WinUI Resources,szWarningSavingConfigurationOldFile,Falha ao excluir um arquivo de configuração antigo. O arquivo pode estar bloqueado por outro processo. Você terá que excluir manualmente o seguinte arquivo:,Adiscon User Interface .resw source; locale=pt-BR; revision=edd9fe10d4a120194e4a0a1e60a5d04d661b79ab
WINSyslogClient.WinUI/Strings/Resources,WINSyslogClient.WinUI Resources,szWord,Palavra única,Adiscon User Interface .resw source; locale=pt-BR; revision=edd9fe10d4a120194e4a0a1e60a5d04d661b79ab
WINSyslogClient.WinUI/Strings/Resources,WINSyslogClient.WinUI Resources,szXMLBookmark,Último registro,Adiscon User Interface .resw source; locale=pt-BR; revision=edd9fe10d4a120194e4a0a1e60a5d04d661b79ab
WINSyslogClient.WinUI/Strings/Resources,WINSyslogClient.WinUI Resources,szXmlFormat,Formato XML,Adiscon User Interface .resw source; locale=pt-BR; revision=edd9fe10d4a120194e4a0a1e60a5d04d661b79ab
WINSyslogClient.WinUI/Strings/Resources,WINSyslogClient.WinUI Resources,sz_runhigh,Alto,Adiscon User Interface .resw source; locale=pt-BR; revision=edd9fe10d4a120194e4a0a1e60a5d04d661b79ab
WINSyslogClient.WinUI/Strings/Resources,WINSyslogClient.WinUI Resources,sz_runidle,Executar com prioridade inativa,Adiscon User Interface .resw source; locale=pt-BR; revision=edd9fe10d4a120194e4a0a1e60a5d04d661b79ab
WINSyslogClient.WinUI/Strings/Resources,WINSyslogClient.WinUI Resources,sz_runlow,Baixo,Adiscon User Interface .resw source; locale=pt-BR; revision=edd9fe10d4a120194e4a0a1e60a5d04d661b79ab
WINSyslogClient.WinUI/Strings/Resources,WINSyslogClient.WinUI Resources,sz_runnormal,Normal,Adiscon User Interface .resw source; locale=pt-BR; revision=edd9fe10d4a120194e4a0a1e60a5d04d661b79ab
WINSyslogClient.WinUI/Strings/Resources,WINSyslogClient.WinUI Resources,tlsallowedentries,Pares permitidos,Adiscon User Interface .resw source; locale=pt-BR; revision=edd9fe10d4a120194e4a0a1e60a5d04d661b79ab
WINSyslogClient.WinUI/Strings/Resources,WINSyslogClient.WinUI Resources,txteventchannels,Canal de log de eventos,Adiscon User Interface .resw source; locale=pt-BR; revision=edd9fe10d4a120194e4a0a1e60a5d04d661b79ab
WINSyslogClient.WinUI/Strings/Resources,WINSyslogClient.WinUI Resources,txtfileitems,Nome do arquivo,Adiscon User Interface .resw source; locale=pt-BR; revision=edd9fe10d4a120194e4a0a1e60a5d04d661b79ab
WINSyslogClient.WinUI/Strings/Resources,WINSyslogClient.WinUI Resources,txtprocessedfiles,Nome do arquivo processado,Adiscon User Interface .resw source; locale=pt-BR; revision=edd9fe10d4a120194e4a0a1e60a5d04d661b79ab
