Unit,Unit Name,ID,Text,Comment
MWAgent.Client.WinUI/Strings/Resources,MWAgent.Client.WinUI Resources,Help_ApplicationIdentityTitle,Anwendungsidentität,Adiscon User Interface .resw source; locale=de-DE; revision=edd9fe10d4a120194e4a0a1e60a5d04d661b79ab
MWAgent.Client.WinUI/Strings/Resources,MWAgent.Client.WinUI Resources,Help_ExecutableFormat,Legacy-Ausgabename: {0},Adiscon User Interface .resw source; locale=de-DE; revision=edd9fe10d4a120194e4a0a1e60a5d04d661b79ab
MWAgent.Client.WinUI/Strings/Resources,MWAgent.Client.WinUI Resources,Help_OnlineResourcesTitle,Online-Ressourcen,Adiscon User Interface .resw source; locale=de-DE; revision=edd9fe10d4a120194e4a0a1e60a5d04d661b79ab
MWAgent.Client.WinUI/Strings/Resources,MWAgent.Client.WinUI Resources,Help_OpenOnlineDocs,Online-Dokumentation öffnen,Adiscon User Interface .resw source; locale=de-DE; revision=edd9fe10d4a120194e4a0a1e60a5d04d661b79ab
MWAgent.Client.WinUI/Strings/Resources,MWAgent.Client.WinUI Resources,Help_OpenProductSite,Produktseite öffnen,Adiscon User Interface .resw source; locale=de-DE; revision=edd9fe10d4a120194e4a0a1e60a5d04d661b79ab
MWAgent.Client.WinUI/Strings/Resources,MWAgent.Client.WinUI Resources,Help_OpenSupport,Support öffnen,Adiscon User Interface .resw source; locale=de-DE; revision=edd9fe10d4a120194e4a0a1e60a5d04d661b79ab
MWAgent.Client.WinUI/Strings/Resources,MWAgent.Client.WinUI Resources,Help_OpenedOnlineDocs,Online-Dokumentation geöffnet.,Adiscon User Interface .resw source; locale=de-DE; revision=edd9fe10d4a120194e4a0a1e60a5d04d661b79ab
MWAgent.Client.WinUI/Strings/Resources,MWAgent.Client.WinUI Resources,Help_OpenedProductSite,Produktseite geöffnet.,Adiscon User Interface .resw source; locale=de-DE; revision=edd9fe10d4a120194e4a0a1e60a5d04d661b79ab
MWAgent.Client.WinUI/Strings/Resources,MWAgent.Client.WinUI Resources,Help_OpenedSupport,Supportseite geöffnet.,Adiscon User Interface .resw source; locale=de-DE; revision=edd9fe10d4a120194e4a0a1e60a5d04d661b79ab
MWAgent.Client.WinUI/Strings/Resources,MWAgent.Client.WinUI Resources,Help_ProductFormat,Produkt: {0},Adiscon User Interface .resw source; locale=de-DE; revision=edd9fe10d4a120194e4a0a1e60a5d04d661b79ab
MWAgent.Client.WinUI/Strings/Resources,MWAgent.Client.WinUI Resources,Help_StatusMessage,"Verwenden Sie die Produkt-, Dokumentations- und Supportlinks unten für diesen Client.",Adiscon User Interface .resw source; locale=de-DE; revision=edd9fe10d4a120194e4a0a1e60a5d04d661b79ab
MWAgent.Client.WinUI/Strings/Resources,MWAgent.Client.WinUI Resources,Help_Title,Hilfe / Info,Adiscon User Interface .resw source; locale=de-DE; revision=edd9fe10d4a120194e4a0a1e60a5d04d661b79ab
MWAgent.Client.WinUI/Strings/Resources,MWAgent.Client.WinUI Resources,Help_UnknownVersion,unbekannt,Adiscon User Interface .resw source; locale=de-DE; revision=edd9fe10d4a120194e4a0a1e60a5d04d661b79ab
MWAgent.Client.WinUI/Strings/Resources,MWAgent.Client.WinUI Resources,Help_VersionFormat,Aktuelle Version: {0},Adiscon User Interface .resw source; locale=de-DE; revision=edd9fe10d4a120194e4a0a1e60a5d04d661b79ab
MWAgent.Client.WinUI/Strings/Resources,MWAgent.Client.WinUI Resources,Help_WindowTitleFormat,Fenstertitel: {0},Adiscon User Interface .resw source; locale=de-DE; revision=edd9fe10d4a120194e4a0a1e60a5d04d661b79ab
MWAgent.Client.WinUI/Strings/Resources,MWAgent.Client.WinUI Resources,Language_ApplyButton,Sprache anwenden,Adiscon User Interface .resw source; locale=de-DE; revision=edd9fe10d4a120194e4a0a1e60a5d04d661b79ab
MWAgent.Client.WinUI/Strings/Resources,MWAgent.Client.WinUI Resources,Language_ClientLanguageHeader,Client-Sprache,Adiscon User Interface .resw source; locale=de-DE; revision=edd9fe10d4a120194e4a0a1e60a5d04d661b79ab
MWAgent.Client.WinUI/Strings/Resources,MWAgent.Client.WinUI Resources,Language_CurrentSelectionFormat,Ausgewählte Sprache: {0} | Aktuelle UI-Kultur: {1},Adiscon User Interface .resw source; locale=de-DE; revision=edd9fe10d4a120194e4a0a1e60a5d04d661b79ab
MWAgent.Client.WinUI/Strings/Resources,MWAgent.Client.WinUI Resources,Language_DisplayLanguageTitle,Anzeigesprache,Adiscon User Interface .resw source; locale=de-DE; revision=edd9fe10d4a120194e4a0a1e60a5d04d661b79ab
MWAgent.Client.WinUI/Strings/Resources,MWAgent.Client.WinUI Resources,Language_IntroFormat,Wählen Sie die Anzeigesprache für diesen {0}-Client.,Adiscon User Interface .resw source; locale=de-DE; revision=edd9fe10d4a120194e4a0a1e60a5d04d661b79ab
MWAgent.Client.WinUI/Strings/Resources,MWAgent.Client.WinUI Resources,Language_InvariantCulture,invariant,Adiscon User Interface .resw source; locale=de-DE; revision=edd9fe10d4a120194e4a0a1e60a5d04d661b79ab
MWAgent.Client.WinUI/Strings/Resources,MWAgent.Client.WinUI Resources,Language_ResourceCoverageText,"Dieser Client enthält Sprachressourcen für Konfigurationsbeschriftungen, Optionstexte und gemeinsame Lade-/Speichermeldungen in Englisch, Deutsch, Spanisch, Französisch, Italienisch, Portugiesisch, Estnisch und Japanisch. Der Systemstandard folgt den Windows-Spracheinstellungen.",Adiscon User Interface .resw source; locale=de-DE; revision=edd9fe10d4a120194e4a0a1e60a5d04d661b79ab
MWAgent.Client.WinUI/Strings/Resources,MWAgent.Client.WinUI Resources,Language_ResourceCoverageTitle,Sprachressourcen,Adiscon User Interface .resw source; locale=de-DE; revision=edd9fe10d4a120194e4a0a1e60a5d04d661b79ab
MWAgent.Client.WinUI/Strings/Resources,MWAgent.Client.WinUI Resources,Language_RestartDialogContentFormat,"Der Client muss neu gestartet werden, bevor alle Beschriftungen und Meldungen {0} verwenden. Jetzt neu starten?",Adiscon User Interface .resw source; locale=de-DE; revision=edd9fe10d4a120194e4a0a1e60a5d04d661b79ab
MWAgent.Client.WinUI/Strings/Resources,MWAgent.Client.WinUI Resources,Language_RestartDialogLater,Später,Adiscon User Interface .resw source; locale=de-DE; revision=edd9fe10d4a120194e4a0a1e60a5d04d661b79ab
MWAgent.Client.WinUI/Strings/Resources,MWAgent.Client.WinUI Resources,Language_RestartDialogRestartNow,Jetzt neu starten,Adiscon User Interface .resw source; locale=de-DE; revision=edd9fe10d4a120194e4a0a1e60a5d04d661b79ab
MWAgent.Client.WinUI/Strings/Resources,MWAgent.Client.WinUI Resources,Language_RestartDialogTitle,Client jetzt neu starten?,Adiscon User Interface .resw source; locale=de-DE; revision=edd9fe10d4a120194e4a0a1e60a5d04d661b79ab
MWAgent.Client.WinUI/Strings/Resources,MWAgent.Client.WinUI Resources,Language_RestartFailedFormat,"Sprache wurde gespeichert, aber der automatische Neustart ist fehlgeschlagen: {0}",Adiscon User Interface .resw source; locale=de-DE; revision=edd9fe10d4a120194e4a0a1e60a5d04d661b79ab
MWAgent.Client.WinUI/Strings/Resources,MWAgent.Client.WinUI Resources,Language_RestartFailedNoProcessPath,"Sprache wurde gespeichert, aber der Client konnte den ausführbaren Pfad für den automatischen Neustart nicht bestimmen.",Adiscon User Interface .resw source; locale=de-DE; revision=edd9fe10d4a120194e4a0a1e60a5d04d661b79ab
MWAgent.Client.WinUI/Strings/Resources,MWAgent.Client.WinUI Resources,Language_RestartRequiredText,"Starten Sie den Client nach einer Sprachänderung neu, damit Beschriftungen und Meldungen konsistent neu geladen werden.",Adiscon User Interface .resw source; locale=de-DE; revision=edd9fe10d4a120194e4a0a1e60a5d04d661b79ab
MWAgent.Client.WinUI/Strings/Resources,MWAgent.Client.WinUI Resources,Language_SelectedFormat,Ausgewählte Sprache: {0}. {1},Adiscon User Interface .resw source; locale=de-DE; revision=edd9fe10d4a120194e4a0a1e60a5d04d661b79ab
MWAgent.Client.WinUI/Strings/Resources,MWAgent.Client.WinUI Resources,Language_SelectedLanguageFormat,Ausgewählte Sprache: {0},Adiscon User Interface .resw source; locale=de-DE; revision=edd9fe10d4a120194e4a0a1e60a5d04d661b79ab
MWAgent.Client.WinUI/Strings/Resources,MWAgent.Client.WinUI Resources,Language_SelectedSystemDefault,Ausgewählte Sprache: Systemstandard,Adiscon User Interface .resw source; locale=de-DE; revision=edd9fe10d4a120194e4a0a1e60a5d04d661b79ab
MWAgent.Client.WinUI/Strings/Resources,MWAgent.Client.WinUI Resources,Language_StatusLanguageRestartFormat,"Sprache auf {0} gesetzt. Starten Sie den Client neu, um die Sprachressourcen neu zu laden.",Adiscon User Interface .resw source; locale=de-DE; revision=edd9fe10d4a120194e4a0a1e60a5d04d661b79ab
MWAgent.Client.WinUI/Strings/Resources,MWAgent.Client.WinUI Resources,Language_StatusLoaded,Sprachauswahl wurde geladen.,Adiscon User Interface .resw source; locale=de-DE; revision=edd9fe10d4a120194e4a0a1e60a5d04d661b79ab
MWAgent.Client.WinUI/Strings/Resources,MWAgent.Client.WinUI Resources,Language_StatusSystemDefaultRestart,"Die Sprache wurde auf den Windows-Systemstandard zurückgesetzt. Starten Sie den Client neu, um die Sprachressourcen neu zu laden.",Adiscon User Interface .resw source; locale=de-DE; revision=edd9fe10d4a120194e4a0a1e60a5d04d661b79ab
MWAgent.Client.WinUI/Strings/Resources,MWAgent.Client.WinUI Resources,Language_SystemDefault,Systemstandard,Adiscon User Interface .resw source; locale=de-DE; revision=edd9fe10d4a120194e4a0a1e60a5d04d661b79ab
MWAgent.Client.WinUI/Strings/Resources,MWAgent.Client.WinUI Resources,Language_Title,Sprache,Adiscon User Interface .resw source; locale=de-DE; revision=edd9fe10d4a120194e4a0a1e60a5d04d661b79ab
MWAgent.Client.WinUI/Strings/Resources,MWAgent.Client.WinUI Resources,LicenseStatus_Expired,Lizenzdatei abgelaufen.,Adiscon User Interface .resw source; locale=de-DE; revision=edd9fe10d4a120194e4a0a1e60a5d04d661b79ab
MWAgent.Client.WinUI/Strings/Resources,MWAgent.Client.WinUI Resources,LicenseStatus_FileLicensed,Lizenzdatei lizenziert.,Adiscon User Interface .resw source; locale=de-DE; revision=edd9fe10d4a120194e4a0a1e60a5d04d661b79ab
MWAgent.Client.WinUI/Strings/Resources,MWAgent.Client.WinUI Resources,LicenseStatus_FileLicensedFor,Lizenzdatei lizenziert für %LICENSEE%.,Adiscon User Interface .resw source; locale=de-DE; revision=edd9fe10d4a120194e4a0a1e60a5d04d661b79ab
MWAgent.Client.WinUI/Strings/Resources,MWAgent.Client.WinUI Resources,LicenseStatus_FileTrial,Lizenzdatei-Testversion konfiguriert.,Adiscon User Interface .resw source; locale=de-DE; revision=edd9fe10d4a120194e4a0a1e60a5d04d661b79ab
MWAgent.Client.WinUI/Strings/Resources,MWAgent.Client.WinUI Resources,LicenseStatus_FileTrialWithDays,"Lizenzdatei-Testversion, verbleibende Tage: %DAYSLEFT%.",Adiscon User Interface .resw source; locale=de-DE; revision=edd9fe10d4a120194e4a0a1e60a5d04d661b79ab
MWAgent.Client.WinUI/Strings/Resources,MWAgent.Client.WinUI Resources,LicenseStatus_FreeNoLicense,Kostenlose Version / keine Lizenz konfiguriert.,Adiscon User Interface .resw source; locale=de-DE; revision=edd9fe10d4a120194e4a0a1e60a5d04d661b79ab
MWAgent.Client.WinUI/Strings/Resources,MWAgent.Client.WinUI Resources,LicenseStatus_InvalidFile,Keine gültige Lizenzdatei konfiguriert.,Adiscon User Interface .resw source; locale=de-DE; revision=edd9fe10d4a120194e4a0a1e60a5d04d661b79ab
MWAgent.Client.WinUI/Strings/Resources,MWAgent.Client.WinUI Resources,LicenseStatus_Licensed,Lizenziert.,Adiscon User Interface .resw source; locale=de-DE; revision=edd9fe10d4a120194e4a0a1e60a5d04d661b79ab
MWAgent.Client.WinUI/Strings/Resources,MWAgent.Client.WinUI Resources,LicenseStatus_LicensedFor,Lizenziert für %LICENSEE%.,Adiscon User Interface .resw source; locale=de-DE; revision=edd9fe10d4a120194e4a0a1e60a5d04d661b79ab
MWAgent.Client.WinUI/Strings/Resources,MWAgent.Client.WinUI Resources,LicenseStatus_MissingFile,Lizenzdatei fehlt.,Adiscon User Interface .resw source; locale=de-DE; revision=edd9fe10d4a120194e4a0a1e60a5d04d661b79ab
MWAgent.Client.WinUI/Strings/Resources,MWAgent.Client.WinUI Resources,LicenseStatus_NoBlock,Kein Lizenzblock geladen.,Adiscon User Interface .resw source; locale=de-DE; revision=edd9fe10d4a120194e4a0a1e60a5d04d661b79ab
MWAgent.Client.WinUI/Strings/Resources,MWAgent.Client.WinUI Resources,LicenseStatus_NoLicense,Keine Lizenz konfiguriert.,Adiscon User Interface .resw source; locale=de-DE; revision=edd9fe10d4a120194e4a0a1e60a5d04d661b79ab
MWAgent.Client.WinUI/Strings/Resources,MWAgent.Client.WinUI Resources,LicenseStatus_ReleaseTrial,Release-Testversion.,Adiscon User Interface .resw source; locale=de-DE; revision=edd9fe10d4a120194e4a0a1e60a5d04d661b79ab
MWAgent.Client.WinUI/Strings/Resources,MWAgent.Client.WinUI Resources,LicenseStatus_ReleaseTrialExpired,Release-Testversion abgelaufen.,Adiscon User Interface .resw source; locale=de-DE; revision=edd9fe10d4a120194e4a0a1e60a5d04d661b79ab
MWAgent.Client.WinUI/Strings/Resources,MWAgent.Client.WinUI Resources,LicenseStatus_ReleaseTrialWithDays,"Release-Testversion, verbleibende Tage: %DAYSLEFT%.",Adiscon User Interface .resw source; locale=de-DE; revision=edd9fe10d4a120194e4a0a1e60a5d04d661b79ab
MWAgent.Client.WinUI/Strings/Resources,MWAgent.Client.WinUI Resources,LicenseStatus_TrialVersion,Testversion.,Adiscon User Interface .resw source; locale=de-DE; revision=edd9fe10d4a120194e4a0a1e60a5d04d661b79ab
MWAgent.Client.WinUI/Strings/Resources,MWAgent.Client.WinUI Resources,LicenseStatus_TrialVersionWithDays,"Testversion, verbleibende Tage: %DAYSLEFT%.",Adiscon User Interface .resw source; locale=de-DE; revision=edd9fe10d4a120194e4a0a1e60a5d04d661b79ab
MWAgent.Client.WinUI/Strings/Resources,MWAgent.Client.WinUI Resources,LicenseValidation_ChooseFile,Wählen Sie eine Lizenzdatei (.alic) aus.,Adiscon User Interface .resw source; locale=de-DE; revision=edd9fe10d4a120194e4a0a1e60a5d04d661b79ab
MWAgent.Client.WinUI/Strings/Resources,MWAgent.Client.WinUI Resources,LicenseValidation_ClientLimit,Client-Limit: %VALUE%.,Adiscon User Interface .resw source; locale=de-DE; revision=edd9fe10d4a120194e4a0a1e60a5d04d661b79ab
MWAgent.Client.WinUI/Strings/Resources,MWAgent.Client.WinUI Resources,LicenseValidation_Edition,Edition: %VALUE%.,Adiscon User Interface .resw source; locale=de-DE; revision=edd9fe10d4a120194e4a0a1e60a5d04d661b79ab
MWAgent.Client.WinUI/Strings/Resources,MWAgent.Client.WinUI Resources,LicenseValidation_Expires,Gültig bis: %VALUE%.,Adiscon User Interface .resw source; locale=de-DE; revision=edd9fe10d4a120194e4a0a1e60a5d04d661b79ab
MWAgent.Client.WinUI/Strings/Resources,MWAgent.Client.WinUI Resources,LicenseValidation_FileMissing,Die ausgewählte Lizenzdatei ist nicht vorhanden: %PATH%.,Adiscon User Interface .resw source; locale=de-DE; revision=edd9fe10d4a120194e4a0a1e60a5d04d661b79ab
MWAgent.Client.WinUI/Strings/Resources,MWAgent.Client.WinUI Resources,LicenseValidation_Licensee,Lizenznehmer: %VALUE%.,Adiscon User Interface .resw source; locale=de-DE; revision=edd9fe10d4a120194e4a0a1e60a5d04d661b79ab
MWAgent.Client.WinUI/Strings/Resources,MWAgent.Client.WinUI Resources,LicenseValidation_Product,Produkt: %VALUE%.,Adiscon User Interface .resw source; locale=de-DE; revision=edd9fe10d4a120194e4a0a1e60a5d04d661b79ab
MWAgent.Client.WinUI/Strings/Resources,MWAgent.Client.WinUI Resources,LicenseValidation_ProductNotApplicable,Die Lizenzdatei ist für diese %PRODUCT%-Installation nicht gültig.,Adiscon User Interface .resw source; locale=de-DE; revision=edd9fe10d4a120194e4a0a1e60a5d04d661b79ab
MWAgent.Client.WinUI/Strings/Resources,MWAgent.Client.WinUI Resources,LicenseValidation_ServiceVersionMismatch,"Die Lizenzdatei gilt für Version %LICENSEVERSION%, der installierte Dienst meldet jedoch Version %SERVICEVERSION%.",Adiscon User Interface .resw source; locale=de-DE; revision=edd9fe10d4a120194e4a0a1e60a5d04d661b79ab
MWAgent.Client.WinUI/Strings/Resources,MWAgent.Client.WinUI Resources,LicenseValidation_UnsupportedEdition,Die Lizenzdatei enthält eine nicht unterstützte Edition.,Adiscon User Interface .resw source; locale=de-DE; revision=edd9fe10d4a120194e4a0a1e60a5d04d661b79ab
MWAgent.Client.WinUI/Strings/Resources,MWAgent.Client.WinUI Resources,LicenseValidation_Verified,Die Signaturen der Lizenzdatei wurden verifiziert.,Adiscon User Interface .resw source; locale=de-DE; revision=edd9fe10d4a120194e4a0a1e60a5d04d661b79ab
MWAgent.Client.WinUI/Strings/Resources,MWAgent.Client.WinUI Resources,LicenseValidation_VerifierMissing,Der OpenSSL-Prüfer 3.5.6+ wurde nicht gefunden.,Adiscon User Interface .resw source; locale=de-DE; revision=edd9fe10d4a120194e4a0a1e60a5d04d661b79ab
MWAgent.Client.WinUI/Strings/Resources,MWAgent.Client.WinUI Resources,ProductSection_AdvancedNote,"Verwenden Sie diesen Bereich für Expertenabläufe und produktspezifische Einstellungen, die nicht in den Hauptkonfigurationsworkflow gehören.",Adiscon User Interface .resw source; locale=de-DE; revision=edd9fe10d4a120194e4a0a1e60a5d04d661b79ab
MWAgent.Client.WinUI/Strings/Resources,MWAgent.Client.WinUI Resources,ProductSection_AdvancedStatus,Erweitert ist für produktspezifische Experteneinstellungen verfügbar.,Adiscon User Interface .resw source; locale=de-DE; revision=edd9fe10d4a120194e4a0a1e60a5d04d661b79ab
MWAgent.Client.WinUI/Strings/Resources,MWAgent.Client.WinUI Resources,ProductSection_AdvancedTitle,Erweitert,Adiscon User Interface .resw source; locale=de-DE; revision=edd9fe10d4a120194e4a0a1e60a5d04d661b79ab
MWAgent.Client.WinUI/Strings/Resources,MWAgent.Client.WinUI Resources,ProductSection_AdvancedWinSyslogNote,WinSyslog keeps Post Process Apps in the Configuration Console for Japanese builds.,Adiscon User Interface .resw source; locale=de-DE; revision=edd9fe10d4a120194e4a0a1e60a5d04d661b79ab
MWAgent.Client.WinUI/Strings/Resources,MWAgent.Client.WinUI Resources,ProductSection_CountsFormat,Allgemeine Blöcke: {0} | Dienste: {1} | Regelgruppen: {2},Adiscon User Interface .resw source; locale=de-DE; revision=edd9fe10d4a120194e4a0a1e60a5d04d661b79ab
MWAgent.Client.WinUI/Strings/Resources,MWAgent.Client.WinUI Resources,ProductSection_LinksNote,"Verwenden Sie diese Produkt-, Dokumentations-, Support- und Diagnoselinks für diesen Client.",Adiscon User Interface .resw source; locale=de-DE; revision=edd9fe10d4a120194e4a0a1e60a5d04d661b79ab
MWAgent.Client.WinUI/Strings/Resources,MWAgent.Client.WinUI Resources,ProductSection_LinksTitle,Links und Nachverfolgung,Adiscon User Interface .resw source; locale=de-DE; revision=edd9fe10d4a120194e4a0a1e60a5d04d661b79ab
MWAgent.Client.WinUI/Strings/Resources,MWAgent.Client.WinUI Resources,ProductSection_LiveConfigurationContextTitle,Live-Konfigurationskontext,Adiscon User Interface .resw source; locale=de-DE; revision=edd9fe10d4a120194e4a0a1e60a5d04d661b79ab
MWAgent.Client.WinUI/Strings/Resources,MWAgent.Client.WinUI Resources,ProductSection_ServiceStateFormat,Dienst: {0} | Status: {1},Adiscon User Interface .resw source; locale=de-DE; revision=edd9fe10d4a120194e4a0a1e60a5d04d661b79ab
MWAgent.Client.WinUI/Strings/Resources,MWAgent.Client.WinUI Resources,ProductSection_SourceFormat,Quelle: {0},Adiscon User Interface .resw source; locale=de-DE; revision=edd9fe10d4a120194e4a0a1e60a5d04d661b79ab
MWAgent.Client.WinUI/Strings/Resources,MWAgent.Client.WinUI Resources,ProductSection_ToolsNote,"Diagnosen bleiben im aktiven Konfigurationssnapshot verankert, damit Supportarbeit mit demselben Leser und Dienststatus beginnt, der an anderer Stelle in der Shell angezeigt wird.",Adiscon User Interface .resw source; locale=de-DE; revision=edd9fe10d4a120194e4a0a1e60a5d04d661b79ab
MWAgent.Client.WinUI/Strings/Resources,MWAgent.Client.WinUI Resources,ProductSection_ToolsStatus,Werkzeuge zeigen produktspezifische Dokumentation und Live-Konfigurationskontext.,Adiscon User Interface .resw source; locale=de-DE; revision=edd9fe10d4a120194e4a0a1e60a5d04d661b79ab
MWAgent.Client.WinUI/Strings/Resources,MWAgent.Client.WinUI Resources,ProductSection_ToolsTitle,Werkzeuge,Adiscon User Interface .resw source; locale=de-DE; revision=edd9fe10d4a120194e4a0a1e60a5d04d661b79ab
MWAgent.Client.WinUI/Strings/Resources,MWAgent.Client.WinUI Resources,ServiceRuntime_ButtonKillProcess,Kill service process,Adiscon User Interface .resw source; locale=de-DE; revision=edd9fe10d4a120194e4a0a1e60a5d04d661b79ab
MWAgent.Client.WinUI/Strings/Resources,MWAgent.Client.WinUI Resources,ServiceRuntime_ButtonOpenServices,Open Windows Services,Adiscon User Interface .resw source; locale=de-DE; revision=edd9fe10d4a120194e4a0a1e60a5d04d661b79ab
MWAgent.Client.WinUI/Strings/Resources,MWAgent.Client.WinUI Resources,ServiceRuntime_ButtonRefresh,Refresh,Adiscon User Interface .resw source; locale=de-DE; revision=edd9fe10d4a120194e4a0a1e60a5d04d661b79ab
MWAgent.Client.WinUI/Strings/Resources,MWAgent.Client.WinUI Resources,ServiceRuntime_ButtonRestart,Restart,Adiscon User Interface .resw source; locale=de-DE; revision=edd9fe10d4a120194e4a0a1e60a5d04d661b79ab
MWAgent.Client.WinUI/Strings/Resources,MWAgent.Client.WinUI Resources,ServiceRuntime_ButtonStart,Start,Adiscon User Interface .resw source; locale=de-DE; revision=edd9fe10d4a120194e4a0a1e60a5d04d661b79ab
MWAgent.Client.WinUI/Strings/Resources,MWAgent.Client.WinUI Resources,ServiceRuntime_ButtonStop,Stop,Adiscon User Interface .resw source; locale=de-DE; revision=edd9fe10d4a120194e4a0a1e60a5d04d661b79ab
MWAgent.Client.WinUI/Strings/Resources,MWAgent.Client.WinUI Resources,ServiceRuntime_DisabledAccessDenied,Administrator rights are needed to query or control the background service.,Adiscon User Interface .resw source; locale=de-DE; revision=edd9fe10d4a120194e4a0a1e60a5d04d661b79ab
MWAgent.Client.WinUI/Strings/Resources,MWAgent.Client.WinUI Resources,ServiceRuntime_DisabledControlUnavailable,"Windows cannot send service control commands right now. Wait, check Windows Services, or kill the service process if it is still running.",Adiscon User Interface .resw source; locale=de-DE; revision=edd9fe10d4a120194e4a0a1e60a5d04d661b79ab
MWAgent.Client.WinUI/Strings/Resources,MWAgent.Client.WinUI Resources,ServiceRuntime_DisabledNotInstalled,The Windows service is not installed.,Adiscon User Interface .resw source; locale=de-DE; revision=edd9fe10d4a120194e4a0a1e60a5d04d661b79ab
MWAgent.Client.WinUI/Strings/Resources,MWAgent.Client.WinUI Resources,ServiceRuntime_DisabledNotLoaded,Service state has not been loaded yet.,Adiscon User Interface .resw source; locale=de-DE; revision=edd9fe10d4a120194e4a0a1e60a5d04d661b79ab
MWAgent.Client.WinUI/Strings/Resources,MWAgent.Client.WinUI Resources,ServiceRuntime_DisabledPaused,Service is paused while reloading configuration. Stop and Restart are disabled until reload completes.,Adiscon User Interface .resw source; locale=de-DE; revision=edd9fe10d4a120194e4a0a1e60a5d04d661b79ab
MWAgent.Client.WinUI/Strings/Resources,MWAgent.Client.WinUI Resources,ServiceRuntime_DisabledPausing,Service is pausing. Wait for Windows to finish the transition.,Adiscon User Interface .resw source; locale=de-DE; revision=edd9fe10d4a120194e4a0a1e60a5d04d661b79ab
MWAgent.Client.WinUI/Strings/Resources,MWAgent.Client.WinUI Resources,ServiceRuntime_DisabledProcessMismatch,The service process is running without clean Windows service control. Use Kill service process or check Windows Services.,Adiscon User Interface .resw source; locale=de-DE; revision=edd9fe10d4a120194e4a0a1e60a5d04d661b79ab
MWAgent.Client.WinUI/Strings/Resources,MWAgent.Client.WinUI Resources,ServiceRuntime_DisabledResuming,Service is resuming. Wait for Windows to finish the transition.,Adiscon User Interface .resw source; locale=de-DE; revision=edd9fe10d4a120194e4a0a1e60a5d04d661b79ab
MWAgent.Client.WinUI/Strings/Resources,MWAgent.Client.WinUI Resources,ServiceRuntime_DisabledStarting,Service is starting. Wait for Windows to finish the transition.,Adiscon User Interface .resw source; locale=de-DE; revision=edd9fe10d4a120194e4a0a1e60a5d04d661b79ab
MWAgent.Client.WinUI/Strings/Resources,MWAgent.Client.WinUI Resources,ServiceRuntime_DisabledStopping,Service is stopping. Wait for Windows to finish the transition.,Adiscon User Interface .resw source; locale=de-DE; revision=edd9fe10d4a120194e4a0a1e60a5d04d661b79ab
MWAgent.Client.WinUI/Strings/Resources,MWAgent.Client.WinUI Resources,ServiceRuntime_DisabledUnavailable,Windows service state is unavailable. Check Windows Services.,Adiscon User Interface .resw source; locale=de-DE; revision=edd9fe10d4a120194e4a0a1e60a5d04d661b79ab
MWAgent.Client.WinUI/Strings/Resources,MWAgent.Client.WinUI Resources,ServiceRuntime_DisabledUnknown,Service state is unknown. Refresh runtime state or check Windows Services.,Adiscon User Interface .resw source; locale=de-DE; revision=edd9fe10d4a120194e4a0a1e60a5d04d661b79ab
MWAgent.Client.WinUI/Strings/Resources,MWAgent.Client.WinUI Resources,ServiceRuntime_RecoveryAccessDenied,Restart as administrator to control the background service.,Adiscon User Interface .resw source; locale=de-DE; revision=edd9fe10d4a120194e4a0a1e60a5d04d661b79ab
MWAgent.Client.WinUI/Strings/Resources,MWAgent.Client.WinUI Resources,ServiceRuntime_RecoveryPending,"If this state remains for a long time, open Windows Services to compare the SCM state.",Adiscon User Interface .resw source; locale=de-DE; revision=edd9fe10d4a120194e4a0a1e60a5d04d661b79ab
MWAgent.Client.WinUI/Strings/Resources,MWAgent.Client.WinUI Resources,ServiceRuntime_RecoveryProcessRunning,A matching service process is still running. Kill service process is available as a recovery action after confirmation.,Adiscon User Interface .resw source; locale=de-DE; revision=edd9fe10d4a120194e4a0a1e60a5d04d661b79ab
MWAgent.Client.WinUI/Strings/Resources,MWAgent.Client.WinUI Resources,ServiceRuntime_StateAccessDenied,Cannot query service (access denied),Adiscon User Interface .resw source; locale=de-DE; revision=edd9fe10d4a120194e4a0a1e60a5d04d661b79ab
MWAgent.Client.WinUI/Strings/Resources,MWAgent.Client.WinUI Resources,ServiceRuntime_StateControlUnavailable,Control unavailable,Adiscon User Interface .resw source; locale=de-DE; revision=edd9fe10d4a120194e4a0a1e60a5d04d661b79ab
MWAgent.Client.WinUI/Strings/Resources,MWAgent.Client.WinUI Resources,ServiceRuntime_StateNotInstalled,Not installed,Adiscon User Interface .resw source; locale=de-DE; revision=edd9fe10d4a120194e4a0a1e60a5d04d661b79ab
MWAgent.Client.WinUI/Strings/Resources,MWAgent.Client.WinUI Resources,ServiceRuntime_StatePaused,Paused (Reloading),Adiscon User Interface .resw source; locale=de-DE; revision=edd9fe10d4a120194e4a0a1e60a5d04d661b79ab
MWAgent.Client.WinUI/Strings/Resources,MWAgent.Client.WinUI Resources,ServiceRuntime_StatePausing,Pausing,Adiscon User Interface .resw source; locale=de-DE; revision=edd9fe10d4a120194e4a0a1e60a5d04d661b79ab
MWAgent.Client.WinUI/Strings/Resources,MWAgent.Client.WinUI Resources,ServiceRuntime_StateProcessMismatch,Process running without service,Adiscon User Interface .resw source; locale=de-DE; revision=edd9fe10d4a120194e4a0a1e60a5d04d661b79ab
MWAgent.Client.WinUI/Strings/Resources,MWAgent.Client.WinUI Resources,ServiceRuntime_StateResuming,Resuming,Adiscon User Interface .resw source; locale=de-DE; revision=edd9fe10d4a120194e4a0a1e60a5d04d661b79ab
MWAgent.Client.WinUI/Strings/Resources,MWAgent.Client.WinUI Resources,ServiceRuntime_StateRunning,Running,Adiscon User Interface .resw source; locale=de-DE; revision=edd9fe10d4a120194e4a0a1e60a5d04d661b79ab
MWAgent.Client.WinUI/Strings/Resources,MWAgent.Client.WinUI Resources,ServiceRuntime_StateStarting,Starting,Adiscon User Interface .resw source; locale=de-DE; revision=edd9fe10d4a120194e4a0a1e60a5d04d661b79ab
MWAgent.Client.WinUI/Strings/Resources,MWAgent.Client.WinUI Resources,ServiceRuntime_StateStopped,Stopped,Adiscon User Interface .resw source; locale=de-DE; revision=edd9fe10d4a120194e4a0a1e60a5d04d661b79ab
MWAgent.Client.WinUI/Strings/Resources,MWAgent.Client.WinUI Resources,ServiceRuntime_StateStopping,Stopping,Adiscon User Interface .resw source; locale=de-DE; revision=edd9fe10d4a120194e4a0a1e60a5d04d661b79ab
MWAgent.Client.WinUI/Strings/Resources,MWAgent.Client.WinUI Resources,ServiceRuntime_StateUnavailable,Unavailable,Adiscon User Interface .resw source; locale=de-DE; revision=edd9fe10d4a120194e4a0a1e60a5d04d661b79ab
MWAgent.Client.WinUI/Strings/Resources,MWAgent.Client.WinUI Resources,ServiceRuntime_StateUnknown,Unknown,Adiscon User Interface .resw source; locale=de-DE; revision=edd9fe10d4a120194e4a0a1e60a5d04d661b79ab
MWAgent.Client.WinUI/Strings/Resources,MWAgent.Client.WinUI Resources,ServiceRuntime_Summary,Start and restart save pending configuration changes before running the service. Stop refreshes the shared runtime state without forcing a save first.,Adiscon User Interface .resw source; locale=de-DE; revision=edd9fe10d4a120194e4a0a1e60a5d04d661b79ab
MWAgent.Client.WinUI/Strings/Resources,MWAgent.Client.WinUI Resources,ServiceRuntime_Title,Windows service,Adiscon User Interface .resw source; locale=de-DE; revision=edd9fe10d4a120194e4a0a1e60a5d04d661b79ab
MWAgent.Client.WinUI/Strings/Resources,MWAgent.Client.WinUI Resources,Shell_Nav_advanced_Description,Produktspezifische Experteneinstellungen öffnen.,Adiscon User Interface .resw source; locale=de-DE; revision=edd9fe10d4a120194e4a0a1e60a5d04d661b79ab
MWAgent.Client.WinUI/Strings/Resources,MWAgent.Client.WinUI Resources,Shell_Nav_advanced_Label,Erweitert,Adiscon User Interface .resw source; locale=de-DE; revision=edd9fe10d4a120194e4a0a1e60a5d04d661b79ab
MWAgent.Client.WinUI/Strings/Resources,MWAgent.Client.WinUI Resources,Shell_Nav_configuration_ChildSectionHeader,Konfigurationsbereiche,Adiscon User Interface .resw source; locale=de-DE; revision=edd9fe10d4a120194e4a0a1e60a5d04d661b79ab
MWAgent.Client.WinUI/Strings/Resources,MWAgent.Client.WinUI Resources,Shell_Nav_configuration_Description,Den Konfigurationsbaum als primäre Navigation verwenden und das ausgewählte Element in der Workbench bearbeiten.,Adiscon User Interface .resw source; locale=de-DE; revision=edd9fe10d4a120194e4a0a1e60a5d04d661b79ab
MWAgent.Client.WinUI/Strings/Resources,MWAgent.Client.WinUI Resources,Shell_Nav_configuration_Label,Konfigurations-Workbench,Adiscon User Interface .resw source; locale=de-DE; revision=edd9fe10d4a120194e4a0a1e60a5d04d661b79ab
MWAgent.Client.WinUI/Strings/Resources,MWAgent.Client.WinUI Resources,Shell_Nav_help_ChildSectionHeader,Client-Optionen,Adiscon User Interface .resw source; locale=de-DE; revision=edd9fe10d4a120194e4a0a1e60a5d04d661b79ab
MWAgent.Client.WinUI/Strings/Resources,MWAgent.Client.WinUI Resources,Shell_Nav_help_Description,"Versionsinformationen, Produktlinks und Supportverweise öffnen.",Adiscon User Interface .resw source; locale=de-DE; revision=edd9fe10d4a120194e4a0a1e60a5d04d661b79ab
MWAgent.Client.WinUI/Strings/Resources,MWAgent.Client.WinUI Resources,Shell_Nav_help_Label,Hilfe / Info,Adiscon User Interface .resw source; locale=de-DE; revision=edd9fe10d4a120194e4a0a1e60a5d04d661b79ab
MWAgent.Client.WinUI/Strings/Resources,MWAgent.Client.WinUI Resources,Shell_Nav_help_language_Description,Anzeigesprache des Clients und Paketressourcen-Override auswählen.,Adiscon User Interface .resw source; locale=de-DE; revision=edd9fe10d4a120194e4a0a1e60a5d04d661b79ab
MWAgent.Client.WinUI/Strings/Resources,MWAgent.Client.WinUI Resources,Shell_Nav_help_language_Label,Sprache,Adiscon User Interface .resw source; locale=de-DE; revision=edd9fe10d4a120194e4a0a1e60a5d04d661b79ab
MWAgent.Client.WinUI/Strings/Resources,MWAgent.Client.WinUI Resources,Shell_Nav_home_Description,Produkt-Dashboard und aktuelle Laufzeitzusammenfassung öffnen.,Adiscon User Interface .resw source; locale=de-DE; revision=edd9fe10d4a120194e4a0a1e60a5d04d661b79ab
MWAgent.Client.WinUI/Strings/Resources,MWAgent.Client.WinUI Resources,Shell_Nav_home_Label,Dashboard,Adiscon User Interface .resw source; locale=de-DE; revision=edd9fe10d4a120194e4a0a1e60a5d04d661b79ab
MWAgent.Client.WinUI/Strings/Resources,MWAgent.Client.WinUI Resources,Shell_Nav_home_TopLevelSectionHeader,Primäre Arbeitsbereiche,Adiscon User Interface .resw source; locale=de-DE; revision=edd9fe10d4a120194e4a0a1e60a5d04d661b79ab
MWAgent.Client.WinUI/Strings/Resources,MWAgent.Client.WinUI Resources,Shell_Nav_post_process_apps_Description,Open WinSyslog post processing application settings in the Configuration Console.,Adiscon User Interface .resw source; locale=de-DE; revision=edd9fe10d4a120194e4a0a1e60a5d04d661b79ab
MWAgent.Client.WinUI/Strings/Resources,MWAgent.Client.WinUI Resources,Shell_Nav_post_process_apps_Label,Post Process Apps,Adiscon User Interface .resw source; locale=de-DE; revision=edd9fe10d4a120194e4a0a1e60a5d04d661b79ab
MWAgent.Client.WinUI/Strings/Resources,MWAgent.Client.WinUI Resources,Shell_Nav_tools_ChildSectionHeader,Diagnose- und Remote-Werkzeuge,Adiscon User Interface .resw source; locale=de-DE; revision=edd9fe10d4a120194e4a0a1e60a5d04d661b79ab
MWAgent.Client.WinUI/Strings/Resources,MWAgent.Client.WinUI Resources,Shell_Nav_tools_Description,Remote-Registry- und Erkennungswerkzeuge öffnen.,Adiscon User Interface .resw source; locale=de-DE; revision=edd9fe10d4a120194e4a0a1e60a5d04d661b79ab
MWAgent.Client.WinUI/Strings/Resources,MWAgent.Client.WinUI Resources,Shell_Nav_tools_Label,Werkzeuge,Adiscon User Interface .resw source; locale=de-DE; revision=edd9fe10d4a120194e4a0a1e60a5d04d661b79ab
MWAgent.Client.WinUI/Strings/Resources,MWAgent.Client.WinUI Resources,Shell_Nav_tools_TopLevelSectionHeader,Dienstprogramme,Adiscon User Interface .resw source; locale=de-DE; revision=edd9fe10d4a120194e4a0a1e60a5d04d661b79ab
MWAgent.Client.WinUI/Strings/Resources,MWAgent.Client.WinUI Resources,Shell_Nav_tools_connect_Label,Mit Remote-Registry verbinden,Adiscon User Interface .resw source; locale=de-DE; revision=edd9fe10d4a120194e4a0a1e60a5d04d661b79ab
MWAgent.Client.WinUI/Strings/Resources,MWAgent.Client.WinUI Resources,Shell_Nav_tools_debug_log_viewer_Description,Die aktive Debug-Protokolldatei laden und analysieren.,Adiscon User Interface .resw source; locale=de-DE; revision=edd9fe10d4a120194e4a0a1e60a5d04d661b79ab
MWAgent.Client.WinUI/Strings/Resources,MWAgent.Client.WinUI Resources,Shell_Nav_tools_debug_log_viewer_Label,Debug-Protokoll,Adiscon User Interface .resw source; locale=de-DE; revision=edd9fe10d4a120194e4a0a1e60a5d04d661b79ab
MWAgent.Client.WinUI/Strings/Resources,MWAgent.Client.WinUI Resources,Shell_Nav_tools_discovery_Label,Netzwerkerkennung (WMI),Adiscon User Interface .resw source; locale=de-DE; revision=edd9fe10d4a120194e4a0a1e60a5d04d661b79ab
MWAgent.Client.WinUI/Strings/Resources,MWAgent.Client.WinUI Resources,Shell_Nav_tools_storage_source_Description,Das Speicherquellen-Dienstprogramm der Workbench öffnen.,Adiscon User Interface .resw source; locale=de-DE; revision=edd9fe10d4a120194e4a0a1e60a5d04d661b79ab
MWAgent.Client.WinUI/Strings/Resources,MWAgent.Client.WinUI Resources,Shell_Nav_tools_storage_source_Label,Speicherquelle,Adiscon User Interface .resw source; locale=de-DE; revision=edd9fe10d4a120194e4a0a1e60a5d04d661b79ab
MWAgent.Client.WinUI/Strings/Resources,MWAgent.Client.WinUI Resources,Shell_Nav_tools_syslog_test_message_Description,"Eine Syslog-Testnachricht senden, um Listener- und Netzwerkpfade zu prüfen.",Adiscon User Interface .resw source; locale=de-DE; revision=edd9fe10d4a120194e4a0a1e60a5d04d661b79ab
MWAgent.Client.WinUI/Strings/Resources,MWAgent.Client.WinUI Resources,Shell_Nav_tools_syslog_test_message_Label,Syslog-Testnachricht,Adiscon User Interface .resw source; locale=de-DE; revision=edd9fe10d4a120194e4a0a1e60a5d04d661b79ab
MWAgent.Client.WinUI/Strings/Resources,MWAgent.Client.WinUI Resources,Shell_Nav_tools_windows_service_Description,Das Windows-Dienst-Dienstprogramm der Workbench öffnen.,Adiscon User Interface .resw source; locale=de-DE; revision=edd9fe10d4a120194e4a0a1e60a5d04d661b79ab
MWAgent.Client.WinUI/Strings/Resources,MWAgent.Client.WinUI Resources,Shell_Nav_tools_windows_service_Label,Windows-Dienst,Adiscon User Interface .resw source; locale=de-DE; revision=edd9fe10d4a120194e4a0a1e60a5d04d661b79ab
MWAgent.Client.WinUI/Strings/Resources,MWAgent.Client.WinUI Resources,Shell_NoUrlConfigured,Für diese Aktion ist keine URL konfiguriert.,Adiscon User Interface .resw source; locale=de-DE; revision=edd9fe10d4a120194e4a0a1e60a5d04d661b79ab
MWAgent.Client.WinUI/Strings/Resources,MWAgent.Client.WinUI Resources,Shell_PaneFooter,"Diese Leiste wechselt App-Bereiche, nicht Elemente im Konfigurationsdokument.",Adiscon User Interface .resw source; locale=de-DE; revision=edd9fe10d4a120194e4a0a1e60a5d04d661b79ab
MWAgent.Client.WinUI/Strings/Resources,MWAgent.Client.WinUI Resources,Shell_PaneIntroFormat,Wählen Sie hier einen Arbeitsbereich für {0}. Der Dokumentbaum erscheint nur in der Konfiguration und spiegelt die geladene Konfigurationsdatei wider.,Adiscon User Interface .resw source; locale=de-DE; revision=edd9fe10d4a120194e4a0a1e60a5d04d661b79ab
MWAgent.Client.WinUI/Strings/Resources,MWAgent.Client.WinUI Resources,Shell_PaneIntroTitle,App-Navigation,Adiscon User Interface .resw source; locale=de-DE; revision=edd9fe10d4a120194e4a0a1e60a5d04d661b79ab
MWAgent.Client.WinUI/Strings/Resources,MWAgent.Client.WinUI Resources,Shell_StartupErrorTitle,Startfehler,Adiscon User Interface .resw source; locale=de-DE; revision=edd9fe10d4a120194e4a0a1e60a5d04d661b79ab
MWAgent.Client.WinUI/Strings/Resources,MWAgent.Client.WinUI Resources,Shell_UrlOpenFailed,Windows konnte die angeforderte URL nicht öffnen.,Adiscon User Interface .resw source; locale=de-DE; revision=edd9fe10d4a120194e4a0a1e60a5d04d661b79ab
MWAgent.Client.WinUI/Strings/Resources,MWAgent.Client.WinUI Resources,Workbench_CatalogCategory_Database_monitoring,Datenbanküberwachung,Adiscon User Interface .resw source; locale=de-DE; revision=edd9fe10d4a120194e4a0a1e60a5d04d661b79ab
MWAgent.Client.WinUI/Strings/Resources,MWAgent.Client.WinUI Resources,Workbench_CatalogCategory_Database_output,Datenbankausgabe,Adiscon User Interface .resw source; locale=de-DE; revision=edd9fe10d4a120194e4a0a1e60a5d04d661b79ab
MWAgent.Client.WinUI/Strings/Resources,MWAgent.Client.WinUI Resources,Workbench_CatalogCategory_Device_monitoring,Geräteüberwachung,Adiscon User Interface .resw source; locale=de-DE; revision=edd9fe10d4a120194e4a0a1e60a5d04d661b79ab
MWAgent.Client.WinUI/Strings/Resources,MWAgent.Client.WinUI Resources,Workbench_CatalogCategory_Device_output,Geräteausgabe,Adiscon User Interface .resw source; locale=de-DE; revision=edd9fe10d4a120194e4a0a1e60a5d04d661b79ab
MWAgent.Client.WinUI/Strings/Resources,MWAgent.Client.WinUI Resources,Workbench_CatalogCategory_Event_collection,Ereigniserfassung,Adiscon User Interface .resw source; locale=de-DE; revision=edd9fe10d4a120194e4a0a1e60a5d04d661b79ab
MWAgent.Client.WinUI/Strings/Resources,MWAgent.Client.WinUI Resources,Workbench_CatalogCategory_Event_enrichment,Ereignisanreicherung,Adiscon User Interface .resw source; locale=de-DE; revision=edd9fe10d4a120194e4a0a1e60a5d04d661b79ab
MWAgent.Client.WinUI/Strings/Resources,MWAgent.Client.WinUI Resources,Workbench_CatalogCategory_File_monitoring,Dateiüberwachung,Adiscon User Interface .resw source; locale=de-DE; revision=edd9fe10d4a120194e4a0a1e60a5d04d661b79ab
MWAgent.Client.WinUI/Strings/Resources,MWAgent.Client.WinUI Resources,Workbench_CatalogCategory_Local_output,Lokale Ausgabe,Adiscon User Interface .resw source; locale=de-DE; revision=edd9fe10d4a120194e4a0a1e60a5d04d661b79ab
MWAgent.Client.WinUI/Strings/Resources,MWAgent.Client.WinUI Resources,Workbench_CatalogCategory_Message_listeners,Nachrichtenempfänger,Adiscon User Interface .resw source; locale=de-DE; revision=edd9fe10d4a120194e4a0a1e60a5d04d661b79ab
MWAgent.Client.WinUI/Strings/Resources,MWAgent.Client.WinUI Resources,Workbench_CatalogCategory_Network_output,Netzwerkausgabe,Adiscon User Interface .resw source; locale=de-DE; revision=edd9fe10d4a120194e4a0a1e60a5d04d661b79ab
MWAgent.Client.WinUI/Strings/Resources,MWAgent.Client.WinUI Resources,Workbench_CatalogCategory_Network_probes,Netzwerkprüfungen,Adiscon User Interface .resw source; locale=de-DE; revision=edd9fe10d4a120194e4a0a1e60a5d04d661b79ab
MWAgent.Client.WinUI/Strings/Resources,MWAgent.Client.WinUI Resources,Workbench_CatalogCategory_Other,Sonstiges,Adiscon User Interface .resw source; locale=de-DE; revision=edd9fe10d4a120194e4a0a1e60a5d04d661b79ab
MWAgent.Client.WinUI/Strings/Resources,MWAgent.Client.WinUI Resources,Workbench_CatalogCategory_Rule_flow,Regelablauf,Adiscon User Interface .resw source; locale=de-DE; revision=edd9fe10d4a120194e4a0a1e60a5d04d661b79ab
MWAgent.Client.WinUI/Strings/Resources,MWAgent.Client.WinUI Resources,Workbench_CatalogCategory_System_monitoring,Systemüberwachung,Adiscon User Interface .resw source; locale=de-DE; revision=edd9fe10d4a120194e4a0a1e60a5d04d661b79ab
MWAgent.Client.WinUI/Strings/Resources,MWAgent.Client.WinUI Resources,Workbench_CatalogCategory_System_operations,Systemvorgänge,Adiscon User Interface .resw source; locale=de-DE; revision=edd9fe10d4a120194e4a0a1e60a5d04d661b79ab
MWAgent.Client.WinUI/Strings/Resources,MWAgent.Client.WinUI Resources,Workbench_CatalogPurposeFormat,{0} konfigurieren.,Adiscon User Interface .resw source; locale=de-DE; revision=edd9fe10d4a120194e4a0a1e60a5d04d661b79ab
MWAgent.Client.WinUI/Strings/Resources,MWAgent.Client.WinUI Resources,Workbench_DisplayLabel_CustomerID,Kunden-ID,Adiscon User Interface .resw source; locale=de-DE; revision=edd9fe10d4a120194e4a0a1e60a5d04d661b79ab
MWAgent.Client.WinUI/Strings/Resources,MWAgent.Client.WinUI Resources,Workbench_DisplayLabel_Database_OLEDB,Datenbank OLE DB,Adiscon User Interface .resw source; locale=de-DE; revision=edd9fe10d4a120194e4a0a1e60a5d04d661b79ab
MWAgent.Client.WinUI/Strings/Resources,MWAgent.Client.WinUI Resources,Workbench_DisplayLabel_FileAndSystem,Datei- und Systemmonitore,Adiscon User Interface .resw source; locale=de-DE; revision=edd9fe10d4a120194e4a0a1e60a5d04d661b79ab
MWAgent.Client.WinUI/Strings/Resources,MWAgent.Client.WinUI Resources,Workbench_DisplayLabel_QueueManager,Warteschlangenverwaltung,Adiscon User Interface .resw source; locale=de-DE; revision=edd9fe10d4a120194e4a0a1e60a5d04d661b79ab
MWAgent.Client.WinUI/Strings/Resources,MWAgent.Client.WinUI Resources,Workbench_DisplayLabel_Queuelimit,Warteschlangenlimit,Adiscon User Interface .resw source; locale=de-DE; revision=edd9fe10d4a120194e4a0a1e60a5d04d661b79ab
MWAgent.Client.WinUI/Strings/Resources,MWAgent.Client.WinUI Resources,Workbench_DisplayLabel_SNMP_Mibs,SNMP-MIBs,Adiscon User Interface .resw source; locale=de-DE; revision=edd9fe10d4a120194e4a0a1e60a5d04d661b79ab
MWAgent.Client.WinUI/Strings/Resources,MWAgent.Client.WinUI Resources,Workbench_DisplayLabel_SystemID,System-ID,Adiscon User Interface .resw source; locale=de-DE; revision=edd9fe10d4a120194e4a0a1e60a5d04d661b79ab
MWAgent.Client.WinUI/Strings/Resources,MWAgent.Client.WinUI Resources,Workbench_DisplayLabel_TCPOptions,TCP-Optionen,Adiscon User Interface .resw source; locale=de-DE; revision=edd9fe10d4a120194e4a0a1e60a5d04d661b79ab
MWAgent.Client.WinUI/Strings/Resources,MWAgent.Client.WinUI Resources,Workbench_DisplayLabel_TLSAdvanced_Options,Erweiterte TLS-Optionen,Adiscon User Interface .resw source; locale=de-DE; revision=edd9fe10d4a120194e4a0a1e60a5d04d661b79ab
MWAgent.Client.WinUI/Strings/Resources,MWAgent.Client.WinUI Resources,Workbench_FilterGroup_Basic_Filters,Basis Filter,Adiscon User Interface .resw source; locale=de-DE; revision=edd9fe10d4a120194e4a0a1e60a5d04d661b79ab
MWAgent.Client.WinUI/Strings/Resources,MWAgent.Client.WinUI Resources,Workbench_FilterGroup_CPU_and_memory_monitor,CPU and memory monitor,Adiscon User Interface .resw source; locale=de-DE; revision=edd9fe10d4a120194e4a0a1e60a5d04d661b79ab
MWAgent.Client.WinUI/Strings/Resources,MWAgent.Client.WinUI Resources,Workbench_FilterGroup_Custom_Property,Benutzerdefinierte Property,Adiscon User Interface .resw source; locale=de-DE; revision=edd9fe10d4a120194e4a0a1e60a5d04d661b79ab
MWAgent.Client.WinUI/Strings/Resources,MWAgent.Client.WinUI Resources,Workbench_FilterGroup_Date_Time,Datum/Zeit,Adiscon User Interface .resw source; locale=de-DE; revision=edd9fe10d4a120194e4a0a1e60a5d04d661b79ab
MWAgent.Client.WinUI/Strings/Resources,MWAgent.Client.WinUI Resources,Workbench_FilterGroup_Date_and_time,Date and time,Adiscon User Interface .resw source; locale=de-DE; revision=edd9fe10d4a120194e4a0a1e60a5d04d661b79ab
MWAgent.Client.WinUI/Strings/Resources,MWAgent.Client.WinUI Resources,Workbench_FilterGroup_Disk_Space_Monitor,Disk Space Monitor,Adiscon User Interface .resw source; locale=de-DE; revision=edd9fe10d4a120194e4a0a1e60a5d04d661b79ab
MWAgent.Client.WinUI/Strings/Resources,MWAgent.Client.WinUI Resources,Workbench_FilterGroup_Event_Log_Monitor,Event Log Monitor,Adiscon User Interface .resw source; locale=de-DE; revision=edd9fe10d4a120194e4a0a1e60a5d04d661b79ab
MWAgent.Client.WinUI/Strings/Resources,MWAgent.Client.WinUI Resources,Workbench_FilterGroup_Event_Log_Monitor_V2,Event Log Monitor V2,Adiscon User Interface .resw source; locale=de-DE; revision=edd9fe10d4a120194e4a0a1e60a5d04d661b79ab
MWAgent.Client.WinUI/Strings/Resources,MWAgent.Client.WinUI Resources,Workbench_FilterGroup_Extended_IP_Property,Erweitertes IP Property,Adiscon User Interface .resw source; locale=de-DE; revision=edd9fe10d4a120194e4a0a1e60a5d04d661b79ab
MWAgent.Client.WinUI/Strings/Resources,MWAgent.Client.WinUI Resources,Workbench_FilterGroup_Extended_Number_Property,Erweitertes numerisches Property,Adiscon User Interface .resw source; locale=de-DE; revision=edd9fe10d4a120194e4a0a1e60a5d04d661b79ab
MWAgent.Client.WinUI/Strings/Resources,MWAgent.Client.WinUI Resources,Workbench_FilterGroup_FTP_Probe,FTP Probe,Adiscon User Interface .resw source; locale=de-DE; revision=edd9fe10d4a120194e4a0a1e60a5d04d661b79ab
MWAgent.Client.WinUI/Strings/Resources,MWAgent.Client.WinUI Resources,Workbench_FilterGroup_File_Exists,Datei existiert,Adiscon User Interface .resw source; locale=de-DE; revision=edd9fe10d4a120194e4a0a1e60a5d04d661b79ab
MWAgent.Client.WinUI/Strings/Resources,MWAgent.Client.WinUI Resources,Workbench_FilterGroup_File_Monitor,File Monitor,Adiscon User Interface .resw source; locale=de-DE; revision=edd9fe10d4a120194e4a0a1e60a5d04d661b79ab
MWAgent.Client.WinUI/Strings/Resources,MWAgent.Client.WinUI Resources,Workbench_FilterGroup_File_and_system_services,File and system services,Adiscon User Interface .resw source; locale=de-DE; revision=edd9fe10d4a120194e4a0a1e60a5d04d661b79ab
MWAgent.Client.WinUI/Strings/Resources,MWAgent.Client.WinUI Resources,Workbench_FilterGroup_General,General,Adiscon User Interface .resw source; locale=de-DE; revision=edd9fe10d4a120194e4a0a1e60a5d04d661b79ab
MWAgent.Client.WinUI/Strings/Resources,MWAgent.Client.WinUI Resources,Workbench_FilterGroup_HTTP_Probe,HTTP Probe,Adiscon User Interface .resw source; locale=de-DE; revision=edd9fe10d4a120194e4a0a1e60a5d04d661b79ab
MWAgent.Client.WinUI/Strings/Resources,MWAgent.Client.WinUI Resources,Workbench_FilterGroup_IMAP_Probe,IMAP Probe,Adiscon User Interface .resw source; locale=de-DE; revision=edd9fe10d4a120194e4a0a1e60a5d04d661b79ab
MWAgent.Client.WinUI/Strings/Resources,MWAgent.Client.WinUI Resources,Workbench_FilterGroup_Information_unit_type,Information unit type,Adiscon User Interface .resw source; locale=de-DE; revision=edd9fe10d4a120194e4a0a1e60a5d04d661b79ab
MWAgent.Client.WinUI/Strings/Resources,MWAgent.Client.WinUI Resources,Workbench_FilterGroup_Modern_shortcuts,Modern shortcuts,Adiscon User Interface .resw source; locale=de-DE; revision=edd9fe10d4a120194e4a0a1e60a5d04d661b79ab
MWAgent.Client.WinUI/Strings/Resources,MWAgent.Client.WinUI Resources,Workbench_FilterGroup_NNTP_Probe,NNTP Probe,Adiscon User Interface .resw source; locale=de-DE; revision=edd9fe10d4a120194e4a0a1e60a5d04d661b79ab
MWAgent.Client.WinUI/Strings/Resources,MWAgent.Client.WinUI Resources,Workbench_FilterGroup_NT_Service_Monitor,NT Service Monitor,Adiscon User Interface .resw source; locale=de-DE; revision=edd9fe10d4a120194e4a0a1e60a5d04d661b79ab
MWAgent.Client.WinUI/Strings/Resources,MWAgent.Client.WinUI Resources,Workbench_FilterGroup_Network_Related_Services,Netzwerk Dienste,Adiscon User Interface .resw source; locale=de-DE; revision=edd9fe10d4a120194e4a0a1e60a5d04d661b79ab
MWAgent.Client.WinUI/Strings/Resources,MWAgent.Client.WinUI Resources,Workbench_FilterGroup_Network_services,Network services,Adiscon User Interface .resw source; locale=de-DE; revision=edd9fe10d4a120194e4a0a1e60a5d04d661b79ab
MWAgent.Client.WinUI/Strings/Resources,MWAgent.Client.WinUI Resources,Workbench_FilterGroup_Other_services,Andere Dienste,Adiscon User Interface .resw source; locale=de-DE; revision=edd9fe10d4a120194e4a0a1e60a5d04d661b79ab
MWAgent.Client.WinUI/Strings/Resources,MWAgent.Client.WinUI Resources,Workbench_FilterGroup_POP3_Probe,POP3 Probe,Adiscon User Interface .resw source; locale=de-DE; revision=edd9fe10d4a120194e4a0a1e60a5d04d661b79ab
MWAgent.Client.WinUI/Strings/Resources,MWAgent.Client.WinUI Resources,Workbench_FilterGroup_Probe_services,Probe Dienste,Adiscon User Interface .resw source; locale=de-DE; revision=edd9fe10d4a120194e4a0a1e60a5d04d661b79ab
MWAgent.Client.WinUI/Strings/Resources,MWAgent.Client.WinUI Resources,Workbench_FilterGroup_SMTP_Probe,SMTP Probe,Adiscon User Interface .resw source; locale=de-DE; revision=edd9fe10d4a120194e4a0a1e60a5d04d661b79ab
MWAgent.Client.WinUI/Strings/Resources,MWAgent.Client.WinUI Resources,Workbench_FilterGroup_SNMP_trap,SNMP trap,Adiscon User Interface .resw source; locale=de-DE; revision=edd9fe10d4a120194e4a0a1e60a5d04d661b79ab
MWAgent.Client.WinUI/Strings/Resources,MWAgent.Client.WinUI Resources,Workbench_FilterGroup_Serial_Port_Monitor,Serial Port Monitor,Adiscon User Interface .resw source; locale=de-DE; revision=edd9fe10d4a120194e4a0a1e60a5d04d661b79ab
MWAgent.Client.WinUI/Strings/Resources,MWAgent.Client.WinUI Resources,Workbench_FilterGroup_Syslog,Syslog,Adiscon User Interface .resw source; locale=de-DE; revision=edd9fe10d4a120194e4a0a1e60a5d04d661b79ab
MWAgent.Client.WinUI/Strings/Resources,MWAgent.Client.WinUI Resources,Workbench_FilterGroup_Weekday,Weekday,Adiscon User Interface .resw source; locale=de-DE; revision=edd9fe10d4a120194e4a0a1e60a5d04d661b79ab
MWAgent.Client.WinUI/Strings/Resources,MWAgent.Client.WinUI Resources,Workbench_FilterPreset_eval_cpu_load_Description,CPU load percentage,Adiscon User Interface .resw source; locale=de-DE; revision=edd9fe10d4a120194e4a0a1e60a5d04d661b79ab
MWAgent.Client.WinUI/Strings/Resources,MWAgent.Client.WinUI Resources,Workbench_FilterPreset_eval_cpu_load_Title,CPU load,Adiscon User Interface .resw source; locale=de-DE; revision=edd9fe10d4a120194e4a0a1e60a5d04d661b79ab
MWAgent.Client.WinUI/Strings/Resources,MWAgent.Client.WinUI Resources,Workbench_FilterPreset_eval_cpu_number_Description,CPU number,Adiscon User Interface .resw source; locale=de-DE; revision=edd9fe10d4a120194e4a0a1e60a5d04d661b79ab
MWAgent.Client.WinUI/Strings/Resources,MWAgent.Client.WinUI Resources,Workbench_FilterPreset_eval_cpu_number_Title,CPU number,Adiscon User Interface .resw source; locale=de-DE; revision=edd9fe10d4a120194e4a0a1e60a5d04d661b79ab
MWAgent.Client.WinUI/Strings/Resources,MWAgent.Client.WinUI Resources,Workbench_FilterPreset_eval_custom_Description,"Custom property, comparison, and value",Adiscon User Interface .resw source; locale=de-DE; revision=edd9fe10d4a120194e4a0a1e60a5d04d661b79ab
MWAgent.Client.WinUI/Strings/Resources,MWAgent.Client.WinUI Resources,Workbench_FilterPreset_eval_custom_Title,Custom EVAL,Adiscon User Interface .resw source; locale=de-DE; revision=edd9fe10d4a120194e4a0a1e60a5d04d661b79ab
MWAgent.Client.WinUI/Strings/Resources,MWAgent.Client.WinUI Resources,Workbench_FilterPreset_eval_customerid_Description,Customer identifier,Adiscon User Interface .resw source; locale=de-DE; revision=edd9fe10d4a120194e4a0a1e60a5d04d661b79ab
MWAgent.Client.WinUI/Strings/Resources,MWAgent.Client.WinUI Resources,Workbench_FilterPreset_eval_customerid_Title,Customer ID,Adiscon User Interface .resw source; locale=de-DE; revision=edd9fe10d4a120194e4a0a1e60a5d04d661b79ab
MWAgent.Client.WinUI/Strings/Resources,MWAgent.Client.WinUI Resources,Workbench_FilterPreset_eval_datetime_Description,Date or time window,Adiscon User Interface .resw source; locale=de-DE; revision=edd9fe10d4a120194e4a0a1e60a5d04d661b79ab
MWAgent.Client.WinUI/Strings/Resources,MWAgent.Client.WinUI Resources,Workbench_FilterPreset_eval_datetime_Title,Date / time,Adiscon User Interface .resw source; locale=de-DE; revision=edd9fe10d4a120194e4a0a1e60a5d04d661b79ab
MWAgent.Client.WinUI/Strings/Resources,MWAgent.Client.WinUI Resources,Workbench_FilterPreset_eval_disk_space_gigabytes_Description,Remaining disk space in gigabytes,Adiscon User Interface .resw source; locale=de-DE; revision=edd9fe10d4a120194e4a0a1e60a5d04d661b79ab
MWAgent.Client.WinUI/Strings/Resources,MWAgent.Client.WinUI Resources,Workbench_FilterPreset_eval_disk_space_gigabytes_Title,Disk space left (GB),Adiscon User Interface .resw source; locale=de-DE; revision=edd9fe10d4a120194e4a0a1e60a5d04d661b79ab
MWAgent.Client.WinUI/Strings/Resources,MWAgent.Client.WinUI Resources,Workbench_FilterPreset_eval_disk_space_megabytes_Description,Remaining disk space in megabytes,Adiscon User Interface .resw source; locale=de-DE; revision=edd9fe10d4a120194e4a0a1e60a5d04d661b79ab
MWAgent.Client.WinUI/Strings/Resources,MWAgent.Client.WinUI Resources,Workbench_FilterPreset_eval_disk_space_megabytes_Title,Disk space left (MB),Adiscon User Interface .resw source; locale=de-DE; revision=edd9fe10d4a120194e4a0a1e60a5d04d661b79ab
MWAgent.Client.WinUI/Strings/Resources,MWAgent.Client.WinUI Resources,Workbench_FilterPreset_eval_disk_space_percent_Description,Remaining disk space percentage,Adiscon User Interface .resw source; locale=de-DE; revision=edd9fe10d4a120194e4a0a1e60a5d04d661b79ab
MWAgent.Client.WinUI/Strings/Resources,MWAgent.Client.WinUI Resources,Workbench_FilterPreset_eval_disk_space_percent_Title,Disk space left (%),Adiscon User Interface .resw source; locale=de-DE; revision=edd9fe10d4a120194e4a0a1e60a5d04d661b79ab
MWAgent.Client.WinUI/Strings/Resources,MWAgent.Client.WinUI Resources,Workbench_FilterPreset_eval_event_v1_category_Description,Classic Event Log category,Adiscon User Interface .resw source; locale=de-DE; revision=edd9fe10d4a120194e4a0a1e60a5d04d661b79ab
MWAgent.Client.WinUI/Strings/Resources,MWAgent.Client.WinUI Resources,Workbench_FilterPreset_eval_event_v1_category_Title,Event Category,Adiscon User Interface .resw source; locale=de-DE; revision=edd9fe10d4a120194e4a0a1e60a5d04d661b79ab
MWAgent.Client.WinUI/Strings/Resources,MWAgent.Client.WinUI Resources,Workbench_FilterPreset_eval_event_v1_category_name_Description,Classic Event Log category name,Adiscon User Interface .resw source; locale=de-DE; revision=edd9fe10d4a120194e4a0a1e60a5d04d661b79ab
MWAgent.Client.WinUI/Strings/Resources,MWAgent.Client.WinUI Resources,Workbench_FilterPreset_eval_event_v1_category_name_Title,Event category name,Adiscon User Interface .resw source; locale=de-DE; revision=edd9fe10d4a120194e4a0a1e60a5d04d661b79ab
MWAgent.Client.WinUI/Strings/Resources,MWAgent.Client.WinUI Resources,Workbench_FilterPreset_eval_event_v1_record_number_Description,Classic Event Log record number,Adiscon User Interface .resw source; locale=de-DE; revision=edd9fe10d4a120194e4a0a1e60a5d04d661b79ab
MWAgent.Client.WinUI/Strings/Resources,MWAgent.Client.WinUI Resources,Workbench_FilterPreset_eval_event_v1_record_number_Title,Event record number,Adiscon User Interface .resw source; locale=de-DE; revision=edd9fe10d4a120194e4a0a1e60a5d04d661b79ab
MWAgent.Client.WinUI/Strings/Resources,MWAgent.Client.WinUI Resources,Workbench_FilterPreset_eval_event_v1_severity_Description,Classic Event Log severity,Adiscon User Interface .resw source; locale=de-DE; revision=edd9fe10d4a120194e4a0a1e60a5d04d661b79ab
MWAgent.Client.WinUI/Strings/Resources,MWAgent.Client.WinUI Resources,Workbench_FilterPreset_eval_event_v1_severity_Title,Event Severity,Adiscon User Interface .resw source; locale=de-DE; revision=edd9fe10d4a120194e4a0a1e60a5d04d661b79ab
MWAgent.Client.WinUI/Strings/Resources,MWAgent.Client.WinUI Resources,Workbench_FilterPreset_eval_event_v1_source_Description,Classic Event Log source,Adiscon User Interface .resw source; locale=de-DE; revision=edd9fe10d4a120194e4a0a1e60a5d04d661b79ab
MWAgent.Client.WinUI/Strings/Resources,MWAgent.Client.WinUI Resources,Workbench_FilterPreset_eval_event_v1_source_Title,Event Source,Adiscon User Interface .resw source; locale=de-DE; revision=edd9fe10d4a120194e4a0a1e60a5d04d661b79ab
MWAgent.Client.WinUI/Strings/Resources,MWAgent.Client.WinUI Resources,Workbench_FilterPreset_eval_event_v1_type_Description,Classic Event Log event type,Adiscon User Interface .resw source; locale=de-DE; revision=edd9fe10d4a120194e4a0a1e60a5d04d661b79ab
MWAgent.Client.WinUI/Strings/Resources,MWAgent.Client.WinUI Resources,Workbench_FilterPreset_eval_event_v1_type_Title,Event Type,Adiscon User Interface .resw source; locale=de-DE; revision=edd9fe10d4a120194e4a0a1e60a5d04d661b79ab
MWAgent.Client.WinUI/Strings/Resources,MWAgent.Client.WinUI Resources,Workbench_FilterPreset_eval_event_v1_user_Description,Classic Event Log user,Adiscon User Interface .resw source; locale=de-DE; revision=edd9fe10d4a120194e4a0a1e60a5d04d661b79ab
MWAgent.Client.WinUI/Strings/Resources,MWAgent.Client.WinUI Resources,Workbench_FilterPreset_eval_event_v1_user_Title,Event User,Adiscon User Interface .resw source; locale=de-DE; revision=edd9fe10d4a120194e4a0a1e60a5d04d661b79ab
MWAgent.Client.WinUI/Strings/Resources,MWAgent.Client.WinUI Resources,Workbench_FilterPreset_eval_event_v2_category_Description,Event Log Monitor V2 category,Adiscon User Interface .resw source; locale=de-DE; revision=edd9fe10d4a120194e4a0a1e60a5d04d661b79ab
MWAgent.Client.WinUI/Strings/Resources,MWAgent.Client.WinUI Resources,Workbench_FilterPreset_eval_event_v2_category_Title,Event Category,Adiscon User Interface .resw source; locale=de-DE; revision=edd9fe10d4a120194e4a0a1e60a5d04d661b79ab
MWAgent.Client.WinUI/Strings/Resources,MWAgent.Client.WinUI Resources,Workbench_FilterPreset_eval_event_v2_category_name_Description,Event Log Monitor V2 category name,Adiscon User Interface .resw source; locale=de-DE; revision=edd9fe10d4a120194e4a0a1e60a5d04d661b79ab
MWAgent.Client.WinUI/Strings/Resources,MWAgent.Client.WinUI Resources,Workbench_FilterPreset_eval_event_v2_category_name_Title,Event category name,Adiscon User Interface .resw source; locale=de-DE; revision=edd9fe10d4a120194e4a0a1e60a5d04d661b79ab
MWAgent.Client.WinUI/Strings/Resources,MWAgent.Client.WinUI Resources,Workbench_FilterPreset_eval_event_v2_channel_Description,Event Log Monitor V2 channel,Adiscon User Interface .resw source; locale=de-DE; revision=edd9fe10d4a120194e4a0a1e60a5d04d661b79ab
MWAgent.Client.WinUI/Strings/Resources,MWAgent.Client.WinUI Resources,Workbench_FilterPreset_eval_event_v2_channel_Title,Event Channel,Adiscon User Interface .resw source; locale=de-DE; revision=edd9fe10d4a120194e4a0a1e60a5d04d661b79ab
MWAgent.Client.WinUI/Strings/Resources,MWAgent.Client.WinUI Resources,Workbench_FilterPreset_eval_event_v2_id_Description,Event Log Monitor V2 event ID,Adiscon User Interface .resw source; locale=de-DE; revision=edd9fe10d4a120194e4a0a1e60a5d04d661b79ab
MWAgent.Client.WinUI/Strings/Resources,MWAgent.Client.WinUI Resources,Workbench_FilterPreset_eval_event_v2_id_Title,Event ID,Adiscon User Interface .resw source; locale=de-DE; revision=edd9fe10d4a120194e4a0a1e60a5d04d661b79ab
MWAgent.Client.WinUI/Strings/Resources,MWAgent.Client.WinUI Resources,Workbench_FilterPreset_eval_event_v2_keyword_Description,Event Log Monitor V2 keyword,Adiscon User Interface .resw source; locale=de-DE; revision=edd9fe10d4a120194e4a0a1e60a5d04d661b79ab
MWAgent.Client.WinUI/Strings/Resources,MWAgent.Client.WinUI Resources,Workbench_FilterPreset_eval_event_v2_keyword_Title,Event Keyword,Adiscon User Interface .resw source; locale=de-DE; revision=edd9fe10d4a120194e4a0a1e60a5d04d661b79ab
MWAgent.Client.WinUI/Strings/Resources,MWAgent.Client.WinUI Resources,Workbench_FilterPreset_eval_event_v2_keyword_id_Description,Event Log Monitor V2 keyword ID,Adiscon User Interface .resw source; locale=de-DE; revision=edd9fe10d4a120194e4a0a1e60a5d04d661b79ab
MWAgent.Client.WinUI/Strings/Resources,MWAgent.Client.WinUI Resources,Workbench_FilterPreset_eval_event_v2_keyword_id_Title,Event Keyword ID,Adiscon User Interface .resw source; locale=de-DE; revision=edd9fe10d4a120194e4a0a1e60a5d04d661b79ab
MWAgent.Client.WinUI/Strings/Resources,MWAgent.Client.WinUI Resources,Workbench_FilterPreset_eval_event_v2_level_Description,Event Log Monitor V2 level,Adiscon User Interface .resw source; locale=de-DE; revision=edd9fe10d4a120194e4a0a1e60a5d04d661b79ab
MWAgent.Client.WinUI/Strings/Resources,MWAgent.Client.WinUI Resources,Workbench_FilterPreset_eval_event_v2_level_Title,Event Level,Adiscon User Interface .resw source; locale=de-DE; revision=edd9fe10d4a120194e4a0a1e60a5d04d661b79ab
MWAgent.Client.WinUI/Strings/Resources,MWAgent.Client.WinUI Resources,Workbench_FilterPreset_eval_event_v2_raw_source_Description,Event Log Monitor V2 raw source,Adiscon User Interface .resw source; locale=de-DE; revision=edd9fe10d4a120194e4a0a1e60a5d04d661b79ab
MWAgent.Client.WinUI/Strings/Resources,MWAgent.Client.WinUI Resources,Workbench_FilterPreset_eval_event_v2_raw_source_Title,Raw event source,Adiscon User Interface .resw source; locale=de-DE; revision=edd9fe10d4a120194e4a0a1e60a5d04d661b79ab
MWAgent.Client.WinUI/Strings/Resources,MWAgent.Client.WinUI Resources,Workbench_FilterPreset_eval_event_v2_severity_Description,Event Log Monitor V2 severity,Adiscon User Interface .resw source; locale=de-DE; revision=edd9fe10d4a120194e4a0a1e60a5d04d661b79ab
MWAgent.Client.WinUI/Strings/Resources,MWAgent.Client.WinUI Resources,Workbench_FilterPreset_eval_event_v2_severity_Title,Event Severity,Adiscon User Interface .resw source; locale=de-DE; revision=edd9fe10d4a120194e4a0a1e60a5d04d661b79ab
MWAgent.Client.WinUI/Strings/Resources,MWAgent.Client.WinUI Resources,Workbench_FilterPreset_eval_event_v2_severity_id_Description,Event Log Monitor V2 severity ID,Adiscon User Interface .resw source; locale=de-DE; revision=edd9fe10d4a120194e4a0a1e60a5d04d661b79ab
MWAgent.Client.WinUI/Strings/Resources,MWAgent.Client.WinUI Resources,Workbench_FilterPreset_eval_event_v2_severity_id_Title,Event Severity ID,Adiscon User Interface .resw source; locale=de-DE; revision=edd9fe10d4a120194e4a0a1e60a5d04d661b79ab
MWAgent.Client.WinUI/Strings/Resources,MWAgent.Client.WinUI Resources,Workbench_FilterPreset_eval_event_v2_source_Description,Event Log Monitor V2 source,Adiscon User Interface .resw source; locale=de-DE; revision=edd9fe10d4a120194e4a0a1e60a5d04d661b79ab
MWAgent.Client.WinUI/Strings/Resources,MWAgent.Client.WinUI Resources,Workbench_FilterPreset_eval_event_v2_source_Title,Event Source,Adiscon User Interface .resw source; locale=de-DE; revision=edd9fe10d4a120194e4a0a1e60a5d04d661b79ab
MWAgent.Client.WinUI/Strings/Resources,MWAgent.Client.WinUI Resources,Workbench_FilterPreset_eval_event_v2_user_Description,Event Log Monitor V2 user,Adiscon User Interface .resw source; locale=de-DE; revision=edd9fe10d4a120194e4a0a1e60a5d04d661b79ab
MWAgent.Client.WinUI/Strings/Resources,MWAgent.Client.WinUI Resources,Workbench_FilterPreset_eval_event_v2_user_Title,Event User,Adiscon User Interface .resw source; locale=de-DE; revision=edd9fe10d4a120194e4a0a1e60a5d04d661b79ab
MWAgent.Client.WinUI/Strings/Resources,MWAgent.Client.WinUI Resources,Workbench_FilterPreset_eval_eventid_Description,Classic Event Log event ID,Adiscon User Interface .resw source; locale=de-DE; revision=edd9fe10d4a120194e4a0a1e60a5d04d661b79ab
MWAgent.Client.WinUI/Strings/Resources,MWAgent.Client.WinUI Resources,Workbench_FilterPreset_eval_eventid_Title,Event ID,Adiscon User Interface .resw source; locale=de-DE; revision=edd9fe10d4a120194e4a0a1e60a5d04d661b79ab
MWAgent.Client.WinUI/Strings/Resources,MWAgent.Client.WinUI Resources,Workbench_FilterPreset_eval_extended_ip_Description,IP extended property,Adiscon User Interface .resw source; locale=de-DE; revision=edd9fe10d4a120194e4a0a1e60a5d04d661b79ab
MWAgent.Client.WinUI/Strings/Resources,MWAgent.Client.WinUI Resources,Workbench_FilterPreset_eval_extended_ip_Title,Erweitertes IP Property,Adiscon User Interface .resw source; locale=de-DE; revision=edd9fe10d4a120194e4a0a1e60a5d04d661b79ab
MWAgent.Client.WinUI/Strings/Resources,MWAgent.Client.WinUI Resources,Workbench_FilterPreset_eval_extended_number_Description,Numeric extended property,Adiscon User Interface .resw source; locale=de-DE; revision=edd9fe10d4a120194e4a0a1e60a5d04d661b79ab
MWAgent.Client.WinUI/Strings/Resources,MWAgent.Client.WinUI Resources,Workbench_FilterPreset_eval_extended_number_Title,Erweitertes numerisches Property,Adiscon User Interface .resw source; locale=de-DE; revision=edd9fe10d4a120194e4a0a1e60a5d04d661b79ab
MWAgent.Client.WinUI/Strings/Resources,MWAgent.Client.WinUI Resources,Workbench_FilterPreset_eval_file_exists_Description,File-exists condition,Adiscon User Interface .resw source; locale=de-DE; revision=edd9fe10d4a120194e4a0a1e60a5d04d661b79ab
MWAgent.Client.WinUI/Strings/Resources,MWAgent.Client.WinUI Resources,Workbench_FilterPreset_eval_file_exists_Title,Datei existiert,Adiscon User Interface .resw source; locale=de-DE; revision=edd9fe10d4a120194e4a0a1e60a5d04d661b79ab
MWAgent.Client.WinUI/Strings/Resources,MWAgent.Client.WinUI Resources,Workbench_FilterPreset_eval_file_generated_base_name_Description,Generated base filename,Adiscon User Interface .resw source; locale=de-DE; revision=edd9fe10d4a120194e4a0a1e60a5d04d661b79ab
MWAgent.Client.WinUI/Strings/Resources,MWAgent.Client.WinUI Resources,Workbench_FilterPreset_eval_file_generated_base_name_Title,Generated filename without path,Adiscon User Interface .resw source; locale=de-DE; revision=edd9fe10d4a120194e4a0a1e60a5d04d661b79ab
MWAgent.Client.WinUI/Strings/Resources,MWAgent.Client.WinUI Resources,Workbench_FilterPreset_eval_file_generated_name_Description,Generated filename including path,Adiscon User Interface .resw source; locale=de-DE; revision=edd9fe10d4a120194e4a0a1e60a5d04d661b79ab
MWAgent.Client.WinUI/Strings/Resources,MWAgent.Client.WinUI Resources,Workbench_FilterPreset_eval_file_generated_name_Title,Generierter Dateiname,Adiscon User Interface .resw source; locale=de-DE; revision=edd9fe10d4a120194e4a0a1e60a5d04d661b79ab
MWAgent.Client.WinUI/Strings/Resources,MWAgent.Client.WinUI Resources,Workbench_FilterPreset_eval_filesystem_Description,Generic file-system monitor property,Adiscon User Interface .resw source; locale=de-DE; revision=edd9fe10d4a120194e4a0a1e60a5d04d661b79ab
MWAgent.Client.WinUI/Strings/Resources,MWAgent.Client.WinUI Resources,Workbench_FilterPreset_eval_filesystem_Title,File system monitoring,Adiscon User Interface .resw source; locale=de-DE; revision=edd9fe10d4a120194e4a0a1e60a5d04d661b79ab
MWAgent.Client.WinUI/Strings/Resources,MWAgent.Client.WinUI Resources,Workbench_FilterPreset_eval_ftp_response_Description,FTP probe response,Adiscon User Interface .resw source; locale=de-DE; revision=edd9fe10d4a120194e4a0a1e60a5d04d661b79ab
MWAgent.Client.WinUI/Strings/Resources,MWAgent.Client.WinUI Resources,Workbench_FilterPreset_eval_ftp_response_Title,FTP response,Adiscon User Interface .resw source; locale=de-DE; revision=edd9fe10d4a120194e4a0a1e60a5d04d661b79ab
MWAgent.Client.WinUI/Strings/Resources,MWAgent.Client.WinUI Resources,Workbench_FilterPreset_eval_ftp_status_Description,FTP probe status code,Adiscon User Interface .resw source; locale=de-DE; revision=edd9fe10d4a120194e4a0a1e60a5d04d661b79ab
MWAgent.Client.WinUI/Strings/Resources,MWAgent.Client.WinUI Resources,Workbench_FilterPreset_eval_ftp_status_Title,FTP status code,Adiscon User Interface .resw source; locale=de-DE; revision=edd9fe10d4a120194e4a0a1e60a5d04d661b79ab
MWAgent.Client.WinUI/Strings/Resources,MWAgent.Client.WinUI Resources,Workbench_FilterPreset_eval_hostname_Description,Local Hostname,Adiscon User Interface .resw source; locale=de-DE; revision=edd9fe10d4a120194e4a0a1e60a5d04d661b79ab
MWAgent.Client.WinUI/Strings/Resources,MWAgent.Client.WinUI Resources,Workbench_FilterPreset_eval_hostname_Title,Local Hostname,Adiscon User Interface .resw source; locale=de-DE; revision=edd9fe10d4a120194e4a0a1e60a5d04d661b79ab
MWAgent.Client.WinUI/Strings/Resources,MWAgent.Client.WinUI Resources,Workbench_FilterPreset_eval_http_response_Description,HTTP probe response,Adiscon User Interface .resw source; locale=de-DE; revision=edd9fe10d4a120194e4a0a1e60a5d04d661b79ab
MWAgent.Client.WinUI/Strings/Resources,MWAgent.Client.WinUI Resources,Workbench_FilterPreset_eval_http_response_Title,HTTP response,Adiscon User Interface .resw source; locale=de-DE; revision=edd9fe10d4a120194e4a0a1e60a5d04d661b79ab
MWAgent.Client.WinUI/Strings/Resources,MWAgent.Client.WinUI Resources,Workbench_FilterPreset_eval_http_status_Description,HTTP probe status code,Adiscon User Interface .resw source; locale=de-DE; revision=edd9fe10d4a120194e4a0a1e60a5d04d661b79ab
MWAgent.Client.WinUI/Strings/Resources,MWAgent.Client.WinUI Resources,Workbench_FilterPreset_eval_http_status_Title,HTTP status code,Adiscon User Interface .resw source; locale=de-DE; revision=edd9fe10d4a120194e4a0a1e60a5d04d661b79ab
MWAgent.Client.WinUI/Strings/Resources,MWAgent.Client.WinUI Resources,Workbench_FilterPreset_eval_imap_response_Description,IMAP probe response,Adiscon User Interface .resw source; locale=de-DE; revision=edd9fe10d4a120194e4a0a1e60a5d04d661b79ab
MWAgent.Client.WinUI/Strings/Resources,MWAgent.Client.WinUI Resources,Workbench_FilterPreset_eval_imap_response_Title,IMAP response,Adiscon User Interface .resw source; locale=de-DE; revision=edd9fe10d4a120194e4a0a1e60a5d04d661b79ab
MWAgent.Client.WinUI/Strings/Resources,MWAgent.Client.WinUI Resources,Workbench_FilterPreset_eval_imap_status_Description,IMAP probe status code,Adiscon User Interface .resw source; locale=de-DE; revision=edd9fe10d4a120194e4a0a1e60a5d04d661b79ab
MWAgent.Client.WinUI/Strings/Resources,MWAgent.Client.WinUI Resources,Workbench_FilterPreset_eval_imap_status_Title,IMAP status code,Adiscon User Interface .resw source; locale=de-DE; revision=edd9fe10d4a120194e4a0a1e60a5d04d661b79ab
MWAgent.Client.WinUI/Strings/Resources,MWAgent.Client.WinUI Resources,Workbench_FilterPreset_eval_iscpumemorymonitor_Description,CPU and memory monitor information-unit flag,Adiscon User Interface .resw source; locale=de-DE; revision=edd9fe10d4a120194e4a0a1e60a5d04d661b79ab
MWAgent.Client.WinUI/Strings/Resources,MWAgent.Client.WinUI Resources,Workbench_FilterPreset_eval_iscpumemorymonitor_Title,CPU and memory monitor,Adiscon User Interface .resw source; locale=de-DE; revision=edd9fe10d4a120194e4a0a1e60a5d04d661b79ab
MWAgent.Client.WinUI/Strings/Resources,MWAgent.Client.WinUI Resources,Workbench_FilterPreset_eval_isdatabasemonitor_Description,Database Monitor information-unit flag,Adiscon User Interface .resw source; locale=de-DE; revision=edd9fe10d4a120194e4a0a1e60a5d04d661b79ab
MWAgent.Client.WinUI/Strings/Resources,MWAgent.Client.WinUI Resources,Workbench_FilterPreset_eval_isdatabasemonitor_Title,Database Monitor,Adiscon User Interface .resw source; locale=de-DE; revision=edd9fe10d4a120194e4a0a1e60a5d04d661b79ab
MWAgent.Client.WinUI/Strings/Resources,MWAgent.Client.WinUI Resources,Workbench_FilterPreset_eval_isdiskspacemonitor_Description,Disk Space Monitor information-unit flag,Adiscon User Interface .resw source; locale=de-DE; revision=edd9fe10d4a120194e4a0a1e60a5d04d661b79ab
MWAgent.Client.WinUI/Strings/Resources,MWAgent.Client.WinUI Resources,Workbench_FilterPreset_eval_isdiskspacemonitor_Title,Disk Space Monitor,Adiscon User Interface .resw source; locale=de-DE; revision=edd9fe10d4a120194e4a0a1e60a5d04d661b79ab
MWAgent.Client.WinUI/Strings/Resources,MWAgent.Client.WinUI Resources,Workbench_FilterPreset_eval_iseventlogmonitor_Description,Event Log Monitor information-unit flag,Adiscon User Interface .resw source; locale=de-DE; revision=edd9fe10d4a120194e4a0a1e60a5d04d661b79ab
MWAgent.Client.WinUI/Strings/Resources,MWAgent.Client.WinUI Resources,Workbench_FilterPreset_eval_iseventlogmonitor_Title,Event Log Monitor,Adiscon User Interface .resw source; locale=de-DE; revision=edd9fe10d4a120194e4a0a1e60a5d04d661b79ab
MWAgent.Client.WinUI/Strings/Resources,MWAgent.Client.WinUI Resources,Workbench_FilterPreset_eval_iseventlogmonitorv2_Description,Event Log Monitor V2 information-unit flag,Adiscon User Interface .resw source; locale=de-DE; revision=edd9fe10d4a120194e4a0a1e60a5d04d661b79ab
MWAgent.Client.WinUI/Strings/Resources,MWAgent.Client.WinUI Resources,Workbench_FilterPreset_eval_iseventlogmonitorv2_Title,Event Log Monitor V2,Adiscon User Interface .resw source; locale=de-DE; revision=edd9fe10d4a120194e4a0a1e60a5d04d661b79ab
MWAgent.Client.WinUI/Strings/Resources,MWAgent.Client.WinUI Resources,Workbench_FilterPreset_eval_isfilemonitor_Description,File Monitor information-unit flag,Adiscon User Interface .resw source; locale=de-DE; revision=edd9fe10d4a120194e4a0a1e60a5d04d661b79ab
MWAgent.Client.WinUI/Strings/Resources,MWAgent.Client.WinUI Resources,Workbench_FilterPreset_eval_isfilemonitor_Title,File Monitor,Adiscon User Interface .resw source; locale=de-DE; revision=edd9fe10d4a120194e4a0a1e60a5d04d661b79ab
MWAgent.Client.WinUI/Strings/Resources,MWAgent.Client.WinUI Resources,Workbench_FilterPreset_eval_isftpprobe_Description,FTP Probe information-unit flag,Adiscon User Interface .resw source; locale=de-DE; revision=edd9fe10d4a120194e4a0a1e60a5d04d661b79ab
MWAgent.Client.WinUI/Strings/Resources,MWAgent.Client.WinUI Resources,Workbench_FilterPreset_eval_isftpprobe_Title,FTP Probe,Adiscon User Interface .resw source; locale=de-DE; revision=edd9fe10d4a120194e4a0a1e60a5d04d661b79ab
MWAgent.Client.WinUI/Strings/Resources,MWAgent.Client.WinUI Resources,Workbench_FilterPreset_eval_isheartbeat_Description,Heartbeat information-unit flag,Adiscon User Interface .resw source; locale=de-DE; revision=edd9fe10d4a120194e4a0a1e60a5d04d661b79ab
MWAgent.Client.WinUI/Strings/Resources,MWAgent.Client.WinUI Resources,Workbench_FilterPreset_eval_isheartbeat_Title,HeartBeat,Adiscon User Interface .resw source; locale=de-DE; revision=edd9fe10d4a120194e4a0a1e60a5d04d661b79ab
MWAgent.Client.WinUI/Strings/Resources,MWAgent.Client.WinUI Resources,Workbench_FilterPreset_eval_ishttpprobe_Description,HTTP Probe information-unit flag,Adiscon User Interface .resw source; locale=de-DE; revision=edd9fe10d4a120194e4a0a1e60a5d04d661b79ab
MWAgent.Client.WinUI/Strings/Resources,MWAgent.Client.WinUI Resources,Workbench_FilterPreset_eval_ishttpprobe_Title,HTTP Probe,Adiscon User Interface .resw source; locale=de-DE; revision=edd9fe10d4a120194e4a0a1e60a5d04d661b79ab
MWAgent.Client.WinUI/Strings/Resources,MWAgent.Client.WinUI Resources,Workbench_FilterPreset_eval_isimapprobe_Description,IMAP Probe information-unit flag,Adiscon User Interface .resw source; locale=de-DE; revision=edd9fe10d4a120194e4a0a1e60a5d04d661b79ab
MWAgent.Client.WinUI/Strings/Resources,MWAgent.Client.WinUI Resources,Workbench_FilterPreset_eval_isimapprobe_Title,IMAP Probe,Adiscon User Interface .resw source; locale=de-DE; revision=edd9fe10d4a120194e4a0a1e60a5d04d661b79ab
MWAgent.Client.WinUI/Strings/Resources,MWAgent.Client.WinUI Resources,Workbench_FilterPreset_eval_isnntpprobe_Description,NNTP Probe information-unit flag,Adiscon User Interface .resw source; locale=de-DE; revision=edd9fe10d4a120194e4a0a1e60a5d04d661b79ab
MWAgent.Client.WinUI/Strings/Resources,MWAgent.Client.WinUI Resources,Workbench_FilterPreset_eval_isnntpprobe_Title,NNTP Probe,Adiscon User Interface .resw source; locale=de-DE; revision=edd9fe10d4a120194e4a0a1e60a5d04d661b79ab
MWAgent.Client.WinUI/Strings/Resources,MWAgent.Client.WinUI Resources,Workbench_FilterPreset_eval_isntservicemonitor_Description,NT Service Monitor information-unit flag,Adiscon User Interface .resw source; locale=de-DE; revision=edd9fe10d4a120194e4a0a1e60a5d04d661b79ab
MWAgent.Client.WinUI/Strings/Resources,MWAgent.Client.WinUI Resources,Workbench_FilterPreset_eval_isntservicemonitor_Title,NT Service Monitor,Adiscon User Interface .resw source; locale=de-DE; revision=edd9fe10d4a120194e4a0a1e60a5d04d661b79ab
MWAgent.Client.WinUI/Strings/Resources,MWAgent.Client.WinUI Resources,Workbench_FilterPreset_eval_ispingprobe_Description,Ping Probe information-unit flag,Adiscon User Interface .resw source; locale=de-DE; revision=edd9fe10d4a120194e4a0a1e60a5d04d661b79ab
MWAgent.Client.WinUI/Strings/Resources,MWAgent.Client.WinUI Resources,Workbench_FilterPreset_eval_ispingprobe_Title,Ping Probe,Adiscon User Interface .resw source; locale=de-DE; revision=edd9fe10d4a120194e4a0a1e60a5d04d661b79ab
MWAgent.Client.WinUI/Strings/Resources,MWAgent.Client.WinUI Resources,Workbench_FilterPreset_eval_ispop3probe_Description,POP3 Probe information-unit flag,Adiscon User Interface .resw source; locale=de-DE; revision=edd9fe10d4a120194e4a0a1e60a5d04d661b79ab
MWAgent.Client.WinUI/Strings/Resources,MWAgent.Client.WinUI Resources,Workbench_FilterPreset_eval_ispop3probe_Title,POP3 Probe,Adiscon User Interface .resw source; locale=de-DE; revision=edd9fe10d4a120194e4a0a1e60a5d04d661b79ab
MWAgent.Client.WinUI/Strings/Resources,MWAgent.Client.WinUI Resources,Workbench_FilterPreset_eval_isportprobe_Description,Port Probe information-unit flag,Adiscon User Interface .resw source; locale=de-DE; revision=edd9fe10d4a120194e4a0a1e60a5d04d661b79ab
MWAgent.Client.WinUI/Strings/Resources,MWAgent.Client.WinUI Resources,Workbench_FilterPreset_eval_isportprobe_Title,Port Probe,Adiscon User Interface .resw source; locale=de-DE; revision=edd9fe10d4a120194e4a0a1e60a5d04d661b79ab
MWAgent.Client.WinUI/Strings/Resources,MWAgent.Client.WinUI Resources,Workbench_FilterPreset_eval_isrelplistener_Description,RELP Listener information-unit flag,Adiscon User Interface .resw source; locale=de-DE; revision=edd9fe10d4a120194e4a0a1e60a5d04d661b79ab
MWAgent.Client.WinUI/Strings/Resources,MWAgent.Client.WinUI Resources,Workbench_FilterPreset_eval_isrelplistener_Title,RELP Listener,Adiscon User Interface .resw source; locale=de-DE; revision=edd9fe10d4a120194e4a0a1e60a5d04d661b79ab
MWAgent.Client.WinUI/Strings/Resources,MWAgent.Client.WinUI Resources,Workbench_FilterPreset_eval_isserialportmonitor_Description,Serial Port Monitor information-unit flag,Adiscon User Interface .resw source; locale=de-DE; revision=edd9fe10d4a120194e4a0a1e60a5d04d661b79ab
MWAgent.Client.WinUI/Strings/Resources,MWAgent.Client.WinUI Resources,Workbench_FilterPreset_eval_isserialportmonitor_Title,Serial Port Monitor,Adiscon User Interface .resw source; locale=de-DE; revision=edd9fe10d4a120194e4a0a1e60a5d04d661b79ab
MWAgent.Client.WinUI/Strings/Resources,MWAgent.Client.WinUI Resources,Workbench_FilterPreset_eval_issmtplistener_Description,SMTP Listener information-unit flag,Adiscon User Interface .resw source; locale=de-DE; revision=edd9fe10d4a120194e4a0a1e60a5d04d661b79ab
MWAgent.Client.WinUI/Strings/Resources,MWAgent.Client.WinUI Resources,Workbench_FilterPreset_eval_issmtplistener_Title,SMTP Listener,Adiscon User Interface .resw source; locale=de-DE; revision=edd9fe10d4a120194e4a0a1e60a5d04d661b79ab
MWAgent.Client.WinUI/Strings/Resources,MWAgent.Client.WinUI Resources,Workbench_FilterPreset_eval_issmtpprobe_Description,SMTP Probe information-unit flag,Adiscon User Interface .resw source; locale=de-DE; revision=edd9fe10d4a120194e4a0a1e60a5d04d661b79ab
MWAgent.Client.WinUI/Strings/Resources,MWAgent.Client.WinUI Resources,Workbench_FilterPreset_eval_issmtpprobe_Title,SMTP Probe,Adiscon User Interface .resw source; locale=de-DE; revision=edd9fe10d4a120194e4a0a1e60a5d04d661b79ab
MWAgent.Client.WinUI/Strings/Resources,MWAgent.Client.WinUI Resources,Workbench_FilterPreset_eval_issnmpmonitor_Description,SNMP Monitor information-unit flag,Adiscon User Interface .resw source; locale=de-DE; revision=edd9fe10d4a120194e4a0a1e60a5d04d661b79ab
MWAgent.Client.WinUI/Strings/Resources,MWAgent.Client.WinUI Resources,Workbench_FilterPreset_eval_issnmpmonitor_Title,SNMP Monitor,Adiscon User Interface .resw source; locale=de-DE; revision=edd9fe10d4a120194e4a0a1e60a5d04d661b79ab
MWAgent.Client.WinUI/Strings/Resources,MWAgent.Client.WinUI Resources,Workbench_FilterPreset_eval_issnmptrap_Description,SNMP trap information-unit flag,Adiscon User Interface .resw source; locale=de-DE; revision=edd9fe10d4a120194e4a0a1e60a5d04d661b79ab
MWAgent.Client.WinUI/Strings/Resources,MWAgent.Client.WinUI Resources,Workbench_FilterPreset_eval_issnmptrap_Title,SNMP trap,Adiscon User Interface .resw source; locale=de-DE; revision=edd9fe10d4a120194e4a0a1e60a5d04d661b79ab
MWAgent.Client.WinUI/Strings/Resources,MWAgent.Client.WinUI Resources,Workbench_FilterPreset_eval_issyslog_Description,Syslog information-unit flag,Adiscon User Interface .resw source; locale=de-DE; revision=edd9fe10d4a120194e4a0a1e60a5d04d661b79ab
MWAgent.Client.WinUI/Strings/Resources,MWAgent.Client.WinUI Resources,Workbench_FilterPreset_eval_issyslog_Title,Syslog,Adiscon User Interface .resw source; locale=de-DE; revision=edd9fe10d4a120194e4a0a1e60a5d04d661b79ab
MWAgent.Client.WinUI/Strings/Resources,MWAgent.Client.WinUI Resources,Workbench_FilterPreset_eval_memory_physical_free_Description,Free physical memory in megabytes,Adiscon User Interface .resw source; locale=de-DE; revision=edd9fe10d4a120194e4a0a1e60a5d04d661b79ab
MWAgent.Client.WinUI/Strings/Resources,MWAgent.Client.WinUI Resources,Workbench_FilterPreset_eval_memory_physical_free_Title,Free physical memory,Adiscon User Interface .resw source; locale=de-DE; revision=edd9fe10d4a120194e4a0a1e60a5d04d661b79ab
MWAgent.Client.WinUI/Strings/Resources,MWAgent.Client.WinUI Resources,Workbench_FilterPreset_eval_memory_physical_load_Description,Physical memory load percentage,Adiscon User Interface .resw source; locale=de-DE; revision=edd9fe10d4a120194e4a0a1e60a5d04d661b79ab
MWAgent.Client.WinUI/Strings/Resources,MWAgent.Client.WinUI Resources,Workbench_FilterPreset_eval_memory_physical_load_Title,Physical memory load,Adiscon User Interface .resw source; locale=de-DE; revision=edd9fe10d4a120194e4a0a1e60a5d04d661b79ab
MWAgent.Client.WinUI/Strings/Resources,MWAgent.Client.WinUI Resources,Workbench_FilterPreset_eval_memory_physical_max_Description,Maximum physical memory in megabytes,Adiscon User Interface .resw source; locale=de-DE; revision=edd9fe10d4a120194e4a0a1e60a5d04d661b79ab
MWAgent.Client.WinUI/Strings/Resources,MWAgent.Client.WinUI Resources,Workbench_FilterPreset_eval_memory_physical_max_Title,Maximum physical memory,Adiscon User Interface .resw source; locale=de-DE; revision=edd9fe10d4a120194e4a0a1e60a5d04d661b79ab
MWAgent.Client.WinUI/Strings/Resources,MWAgent.Client.WinUI Resources,Workbench_FilterPreset_eval_memory_total_free_Description,Free total memory in megabytes,Adiscon User Interface .resw source; locale=de-DE; revision=edd9fe10d4a120194e4a0a1e60a5d04d661b79ab
MWAgent.Client.WinUI/Strings/Resources,MWAgent.Client.WinUI Resources,Workbench_FilterPreset_eval_memory_total_free_Title,Free total memory,Adiscon User Interface .resw source; locale=de-DE; revision=edd9fe10d4a120194e4a0a1e60a5d04d661b79ab
MWAgent.Client.WinUI/Strings/Resources,MWAgent.Client.WinUI Resources,Workbench_FilterPreset_eval_memory_total_load_Description,Total memory load percentage,Adiscon User Interface .resw source; locale=de-DE; revision=edd9fe10d4a120194e4a0a1e60a5d04d661b79ab
MWAgent.Client.WinUI/Strings/Resources,MWAgent.Client.WinUI Resources,Workbench_FilterPreset_eval_memory_total_load_Title,Total memory load,Adiscon User Interface .resw source; locale=de-DE; revision=edd9fe10d4a120194e4a0a1e60a5d04d661b79ab
MWAgent.Client.WinUI/Strings/Resources,MWAgent.Client.WinUI Resources,Workbench_FilterPreset_eval_memory_total_max_Description,Maximum total memory in megabytes,Adiscon User Interface .resw source; locale=de-DE; revision=edd9fe10d4a120194e4a0a1e60a5d04d661b79ab
MWAgent.Client.WinUI/Strings/Resources,MWAgent.Client.WinUI Resources,Workbench_FilterPreset_eval_memory_total_max_Title,Maximum total memory,Adiscon User Interface .resw source; locale=de-DE; revision=edd9fe10d4a120194e4a0a1e60a5d04d661b79ab
MWAgent.Client.WinUI/Strings/Resources,MWAgent.Client.WinUI Resources,Workbench_FilterPreset_eval_memory_virtual_free_Description,Free virtual memory in megabytes,Adiscon User Interface .resw source; locale=de-DE; revision=edd9fe10d4a120194e4a0a1e60a5d04d661b79ab
MWAgent.Client.WinUI/Strings/Resources,MWAgent.Client.WinUI Resources,Workbench_FilterPreset_eval_memory_virtual_free_Title,Free virtual memory,Adiscon User Interface .resw source; locale=de-DE; revision=edd9fe10d4a120194e4a0a1e60a5d04d661b79ab
MWAgent.Client.WinUI/Strings/Resources,MWAgent.Client.WinUI Resources,Workbench_FilterPreset_eval_memory_virtual_load_Description,Virtual memory load percentage,Adiscon User Interface .resw source; locale=de-DE; revision=edd9fe10d4a120194e4a0a1e60a5d04d661b79ab
MWAgent.Client.WinUI/Strings/Resources,MWAgent.Client.WinUI Resources,Workbench_FilterPreset_eval_memory_virtual_load_Title,Virtual memory load,Adiscon User Interface .resw source; locale=de-DE; revision=edd9fe10d4a120194e4a0a1e60a5d04d661b79ab
MWAgent.Client.WinUI/Strings/Resources,MWAgent.Client.WinUI Resources,Workbench_FilterPreset_eval_memory_virtual_max_Description,Maximum virtual memory in megabytes,Adiscon User Interface .resw source; locale=de-DE; revision=edd9fe10d4a120194e4a0a1e60a5d04d661b79ab
MWAgent.Client.WinUI/Strings/Resources,MWAgent.Client.WinUI Resources,Workbench_FilterPreset_eval_memory_virtual_max_Title,Maximum virtual memory,Adiscon User Interface .resw source; locale=de-DE; revision=edd9fe10d4a120194e4a0a1e60a5d04d661b79ab
MWAgent.Client.WinUI/Strings/Resources,MWAgent.Client.WinUI Resources,Workbench_FilterPreset_eval_msg_Description,Message content,Adiscon User Interface .resw source; locale=de-DE; revision=edd9fe10d4a120194e4a0a1e60a5d04d661b79ab
MWAgent.Client.WinUI/Strings/Resources,MWAgent.Client.WinUI Resources,Workbench_FilterPreset_eval_msg_Title,Message,Adiscon User Interface .resw source; locale=de-DE; revision=edd9fe10d4a120194e4a0a1e60a5d04d661b79ab
MWAgent.Client.WinUI/Strings/Resources,MWAgent.Client.WinUI Resources,Workbench_FilterPreset_eval_nntp_response_Description,NNTP probe response,Adiscon User Interface .resw source; locale=de-DE; revision=edd9fe10d4a120194e4a0a1e60a5d04d661b79ab
MWAgent.Client.WinUI/Strings/Resources,MWAgent.Client.WinUI Resources,Workbench_FilterPreset_eval_nntp_response_Title,NNTP response,Adiscon User Interface .resw source; locale=de-DE; revision=edd9fe10d4a120194e4a0a1e60a5d04d661b79ab
MWAgent.Client.WinUI/Strings/Resources,MWAgent.Client.WinUI Resources,Workbench_FilterPreset_eval_nntp_status_Description,NNTP probe status code,Adiscon User Interface .resw source; locale=de-DE; revision=edd9fe10d4a120194e4a0a1e60a5d04d661b79ab
MWAgent.Client.WinUI/Strings/Resources,MWAgent.Client.WinUI Resources,Workbench_FilterPreset_eval_nntp_status_Title,NNTP status code,Adiscon User Interface .resw source; locale=de-DE; revision=edd9fe10d4a120194e4a0a1e60a5d04d661b79ab
MWAgent.Client.WinUI/Strings/Resources,MWAgent.Client.WinUI Resources,Workbench_FilterPreset_eval_nt_service_display_name_Description,NT service display name,Adiscon User Interface .resw source; locale=de-DE; revision=edd9fe10d4a120194e4a0a1e60a5d04d661b79ab
MWAgent.Client.WinUI/Strings/Resources,MWAgent.Client.WinUI Resources,Workbench_FilterPreset_eval_nt_service_display_name_Title,Service display name,Adiscon User Interface .resw source; locale=de-DE; revision=edd9fe10d4a120194e4a0a1e60a5d04d661b79ab
MWAgent.Client.WinUI/Strings/Resources,MWAgent.Client.WinUI Resources,Workbench_FilterPreset_eval_nt_service_name_Description,NT service name,Adiscon User Interface .resw source; locale=de-DE; revision=edd9fe10d4a120194e4a0a1e60a5d04d661b79ab
MWAgent.Client.WinUI/Strings/Resources,MWAgent.Client.WinUI Resources,Workbench_FilterPreset_eval_nt_service_name_Title,Service name,Adiscon User Interface .resw source; locale=de-DE; revision=edd9fe10d4a120194e4a0a1e60a5d04d661b79ab
MWAgent.Client.WinUI/Strings/Resources,MWAgent.Client.WinUI Resources,Workbench_FilterPreset_eval_other_service_Description,Generic service-type property,Adiscon User Interface .resw source; locale=de-DE; revision=edd9fe10d4a120194e4a0a1e60a5d04d661b79ab
MWAgent.Client.WinUI/Strings/Resources,MWAgent.Client.WinUI Resources,Workbench_FilterPreset_eval_other_service_Title,Andere Dienste,Adiscon User Interface .resw source; locale=de-DE; revision=edd9fe10d4a120194e4a0a1e60a5d04d661b79ab
MWAgent.Client.WinUI/Strings/Resources,MWAgent.Client.WinUI Resources,Workbench_FilterPreset_eval_pop3_response_Description,POP3 probe response,Adiscon User Interface .resw source; locale=de-DE; revision=edd9fe10d4a120194e4a0a1e60a5d04d661b79ab
MWAgent.Client.WinUI/Strings/Resources,MWAgent.Client.WinUI Resources,Workbench_FilterPreset_eval_pop3_response_Title,POP3 response,Adiscon User Interface .resw source; locale=de-DE; revision=edd9fe10d4a120194e4a0a1e60a5d04d661b79ab
MWAgent.Client.WinUI/Strings/Resources,MWAgent.Client.WinUI Resources,Workbench_FilterPreset_eval_pop3_status_Description,POP3 probe status code,Adiscon User Interface .resw source; locale=de-DE; revision=edd9fe10d4a120194e4a0a1e60a5d04d661b79ab
MWAgent.Client.WinUI/Strings/Resources,MWAgent.Client.WinUI Resources,Workbench_FilterPreset_eval_pop3_status_Title,POP3 status code,Adiscon User Interface .resw source; locale=de-DE; revision=edd9fe10d4a120194e4a0a1e60a5d04d661b79ab
MWAgent.Client.WinUI/Strings/Resources,MWAgent.Client.WinUI Resources,Workbench_FilterPreset_eval_probe_Description,Generic probe-service property,Adiscon User Interface .resw source; locale=de-DE; revision=edd9fe10d4a120194e4a0a1e60a5d04d661b79ab
MWAgent.Client.WinUI/Strings/Resources,MWAgent.Client.WinUI Resources,Workbench_FilterPreset_eval_probe_Title,Probe Dienste,Adiscon User Interface .resw source; locale=de-DE; revision=edd9fe10d4a120194e4a0a1e60a5d04d661b79ab
MWAgent.Client.WinUI/Strings/Resources,MWAgent.Client.WinUI Resources,Workbench_FilterPreset_eval_serial_port_name_Description,Serial port name,Adiscon User Interface .resw source; locale=de-DE; revision=edd9fe10d4a120194e4a0a1e60a5d04d661b79ab
MWAgent.Client.WinUI/Strings/Resources,MWAgent.Client.WinUI Resources,Workbench_FilterPreset_eval_serial_port_name_Title,Port name,Adiscon User Interface .resw source; locale=de-DE; revision=edd9fe10d4a120194e4a0a1e60a5d04d661b79ab
MWAgent.Client.WinUI/Strings/Resources,MWAgent.Client.WinUI Resources,Workbench_FilterPreset_eval_smtp_response_Description,SMTP probe response,Adiscon User Interface .resw source; locale=de-DE; revision=edd9fe10d4a120194e4a0a1e60a5d04d661b79ab
MWAgent.Client.WinUI/Strings/Resources,MWAgent.Client.WinUI Resources,Workbench_FilterPreset_eval_smtp_response_Title,SMTP response,Adiscon User Interface .resw source; locale=de-DE; revision=edd9fe10d4a120194e4a0a1e60a5d04d661b79ab
MWAgent.Client.WinUI/Strings/Resources,MWAgent.Client.WinUI Resources,Workbench_FilterPreset_eval_smtp_status_Description,SMTP probe status code,Adiscon User Interface .resw source; locale=de-DE; revision=edd9fe10d4a120194e4a0a1e60a5d04d661b79ab
MWAgent.Client.WinUI/Strings/Resources,MWAgent.Client.WinUI Resources,Workbench_FilterPreset_eval_smtp_status_Title,SMTP status code,Adiscon User Interface .resw source; locale=de-DE; revision=edd9fe10d4a120194e4a0a1e60a5d04d661b79ab
MWAgent.Client.WinUI/Strings/Resources,MWAgent.Client.WinUI Resources,Workbench_FilterPreset_eval_snmp_agent_ip_Description,SNMP agent IP address,Adiscon User Interface .resw source; locale=de-DE; revision=edd9fe10d4a120194e4a0a1e60a5d04d661b79ab
MWAgent.Client.WinUI/Strings/Resources,MWAgent.Client.WinUI Resources,Workbench_FilterPreset_eval_snmp_agent_ip_Title,Agent IP,Adiscon User Interface .resw source; locale=de-DE; revision=edd9fe10d4a120194e4a0a1e60a5d04d661b79ab
MWAgent.Client.WinUI/Strings/Resources,MWAgent.Client.WinUI Resources,Workbench_FilterPreset_eval_snmp_community_Description,SNMP community,Adiscon User Interface .resw source; locale=de-DE; revision=edd9fe10d4a120194e4a0a1e60a5d04d661b79ab
MWAgent.Client.WinUI/Strings/Resources,MWAgent.Client.WinUI Resources,Workbench_FilterPreset_eval_snmp_community_Title,Community,Adiscon User Interface .resw source; locale=de-DE; revision=edd9fe10d4a120194e4a0a1e60a5d04d661b79ab
MWAgent.Client.WinUI/Strings/Resources,MWAgent.Client.WinUI Resources,Workbench_FilterPreset_eval_snmp_enterprise_Description,SNMP enterprise,Adiscon User Interface .resw source; locale=de-DE; revision=edd9fe10d4a120194e4a0a1e60a5d04d661b79ab
MWAgent.Client.WinUI/Strings/Resources,MWAgent.Client.WinUI Resources,Workbench_FilterPreset_eval_snmp_enterprise_Title,Enterprise,Adiscon User Interface .resw source; locale=de-DE; revision=edd9fe10d4a120194e4a0a1e60a5d04d661b79ab
MWAgent.Client.WinUI/Strings/Resources,MWAgent.Client.WinUI Resources,Workbench_FilterPreset_eval_snmp_generic_name_Description,SNMP generic name,Adiscon User Interface .resw source; locale=de-DE; revision=edd9fe10d4a120194e4a0a1e60a5d04d661b79ab
MWAgent.Client.WinUI/Strings/Resources,MWAgent.Client.WinUI Resources,Workbench_FilterPreset_eval_snmp_generic_name_Title,Generic name,Adiscon User Interface .resw source; locale=de-DE; revision=edd9fe10d4a120194e4a0a1e60a5d04d661b79ab
MWAgent.Client.WinUI/Strings/Resources,MWAgent.Client.WinUI Resources,Workbench_FilterPreset_eval_snmp_specific_type_Description,SNMP specific trap type,Adiscon User Interface .resw source; locale=de-DE; revision=edd9fe10d4a120194e4a0a1e60a5d04d661b79ab
MWAgent.Client.WinUI/Strings/Resources,MWAgent.Client.WinUI Resources,Workbench_FilterPreset_eval_snmp_specific_type_Title,Specific type,Adiscon User Interface .resw source; locale=de-DE; revision=edd9fe10d4a120194e4a0a1e60a5d04d661b79ab
MWAgent.Client.WinUI/Strings/Resources,MWAgent.Client.WinUI Resources,Workbench_FilterPreset_eval_snmp_uptime_Description,SNMP uptime,Adiscon User Interface .resw source; locale=de-DE; revision=edd9fe10d4a120194e4a0a1e60a5d04d661b79ab
MWAgent.Client.WinUI/Strings/Resources,MWAgent.Client.WinUI Resources,Workbench_FilterPreset_eval_snmp_uptime_Title,Uptime,Adiscon User Interface .resw source; locale=de-DE; revision=edd9fe10d4a120194e4a0a1e60a5d04d661b79ab
MWAgent.Client.WinUI/Strings/Resources,MWAgent.Client.WinUI Resources,Workbench_FilterPreset_eval_snmp_version_Description,SNMP version,Adiscon User Interface .resw source; locale=de-DE; revision=edd9fe10d4a120194e4a0a1e60a5d04d661b79ab
MWAgent.Client.WinUI/Strings/Resources,MWAgent.Client.WinUI Resources,Workbench_FilterPreset_eval_snmp_version_Title,Version,Adiscon User Interface .resw source; locale=de-DE; revision=edd9fe10d4a120194e4a0a1e60a5d04d661b79ab
MWAgent.Client.WinUI/Strings/Resources,MWAgent.Client.WinUI Resources,Workbench_FilterPreset_eval_source_Description,Source address,Adiscon User Interface .resw source; locale=de-DE; revision=edd9fe10d4a120194e4a0a1e60a5d04d661b79ab
MWAgent.Client.WinUI/Strings/Resources,MWAgent.Client.WinUI Resources,Workbench_FilterPreset_eval_source_Title,Quelle,Adiscon User Interface .resw source; locale=de-DE; revision=edd9fe10d4a120194e4a0a1e60a5d04d661b79ab
MWAgent.Client.WinUI/Strings/Resources,MWAgent.Client.WinUI Resources,Workbench_FilterPreset_eval_source_ip_type_Description,Source address using IP-aware comparison,Adiscon User Interface .resw source; locale=de-DE; revision=edd9fe10d4a120194e4a0a1e60a5d04d661b79ab
MWAgent.Client.WinUI/Strings/Resources,MWAgent.Client.WinUI Resources,Workbench_FilterPreset_eval_source_ip_type_Title,Source IP type,Adiscon User Interface .resw source; locale=de-DE; revision=edd9fe10d4a120194e4a0a1e60a5d04d661b79ab
MWAgent.Client.WinUI/Strings/Resources,MWAgent.Client.WinUI Resources,Workbench_FilterPreset_eval_status_name_value_Description,Status property name and value,Adiscon User Interface .resw source; locale=de-DE; revision=edd9fe10d4a120194e4a0a1e60a5d04d661b79ab
MWAgent.Client.WinUI/Strings/Resources,MWAgent.Client.WinUI Resources,Workbench_FilterPreset_eval_status_name_value_Title,Status name and value,Adiscon User Interface .resw source; locale=de-DE; revision=edd9fe10d4a120194e4a0a1e60a5d04d661b79ab
MWAgent.Client.WinUI/Strings/Resources,MWAgent.Client.WinUI Resources,Workbench_FilterPreset_eval_syslogappname_Description,Syslog APP-NAME,Adiscon User Interface .resw source; locale=de-DE; revision=edd9fe10d4a120194e4a0a1e60a5d04d661b79ab
MWAgent.Client.WinUI/Strings/Resources,MWAgent.Client.WinUI Resources,Workbench_FilterPreset_eval_syslogappname_Title,Syslog app name,Adiscon User Interface .resw source; locale=de-DE; revision=edd9fe10d4a120194e4a0a1e60a5d04d661b79ab
MWAgent.Client.WinUI/Strings/Resources,MWAgent.Client.WinUI Resources,Workbench_FilterPreset_eval_syslogfacility_Description,Syslog facility,Adiscon User Interface .resw source; locale=de-DE; revision=edd9fe10d4a120194e4a0a1e60a5d04d661b79ab
MWAgent.Client.WinUI/Strings/Resources,MWAgent.Client.WinUI Resources,Workbench_FilterPreset_eval_syslogfacility_Title,Syslog facility,Adiscon User Interface .resw source; locale=de-DE; revision=edd9fe10d4a120194e4a0a1e60a5d04d661b79ab
MWAgent.Client.WinUI/Strings/Resources,MWAgent.Client.WinUI Resources,Workbench_FilterPreset_eval_syslogmsgid_Description,Syslog MSGID,Adiscon User Interface .resw source; locale=de-DE; revision=edd9fe10d4a120194e4a0a1e60a5d04d661b79ab
MWAgent.Client.WinUI/Strings/Resources,MWAgent.Client.WinUI Resources,Workbench_FilterPreset_eval_syslogmsgid_Title,Syslog message ID,Adiscon User Interface .resw source; locale=de-DE; revision=edd9fe10d4a120194e4a0a1e60a5d04d661b79ab
MWAgent.Client.WinUI/Strings/Resources,MWAgent.Client.WinUI Resources,Workbench_FilterPreset_eval_syslogpriority_Description,Syslog priority,Adiscon User Interface .resw source; locale=de-DE; revision=edd9fe10d4a120194e4a0a1e60a5d04d661b79ab
MWAgent.Client.WinUI/Strings/Resources,MWAgent.Client.WinUI Resources,Workbench_FilterPreset_eval_syslogpriority_Title,Syslog priority,Adiscon User Interface .resw source; locale=de-DE; revision=edd9fe10d4a120194e4a0a1e60a5d04d661b79ab
MWAgent.Client.WinUI/Strings/Resources,MWAgent.Client.WinUI Resources,Workbench_FilterPreset_eval_syslogprocid_Description,Syslog ProcID,Adiscon User Interface .resw source; locale=de-DE; revision=edd9fe10d4a120194e4a0a1e60a5d04d661b79ab
MWAgent.Client.WinUI/Strings/Resources,MWAgent.Client.WinUI Resources,Workbench_FilterPreset_eval_syslogprocid_Title,Syslog process ID,Adiscon User Interface .resw source; locale=de-DE; revision=edd9fe10d4a120194e4a0a1e60a5d04d661b79ab
MWAgent.Client.WinUI/Strings/Resources,MWAgent.Client.WinUI Resources,Workbench_FilterPreset_eval_syslogstructdata_Description,Syslog structured data,Adiscon User Interface .resw source; locale=de-DE; revision=edd9fe10d4a120194e4a0a1e60a5d04d661b79ab
MWAgent.Client.WinUI/Strings/Resources,MWAgent.Client.WinUI Resources,Workbench_FilterPreset_eval_syslogstructdata_Title,Syslog structured data,Adiscon User Interface .resw source; locale=de-DE; revision=edd9fe10d4a120194e4a0a1e60a5d04d661b79ab
MWAgent.Client.WinUI/Strings/Resources,MWAgent.Client.WinUI Resources,Workbench_FilterPreset_eval_syslogtag_Description,Syslog Tag,Adiscon User Interface .resw source; locale=de-DE; revision=edd9fe10d4a120194e4a0a1e60a5d04d661b79ab
MWAgent.Client.WinUI/Strings/Resources,MWAgent.Client.WinUI Resources,Workbench_FilterPreset_eval_syslogtag_Title,Syslog Tag,Adiscon User Interface .resw source; locale=de-DE; revision=edd9fe10d4a120194e4a0a1e60a5d04d661b79ab
MWAgent.Client.WinUI/Strings/Resources,MWAgent.Client.WinUI Resources,Workbench_FilterPreset_eval_syslogversion_Description,Syslog protocol version,Adiscon User Interface .resw source; locale=de-DE; revision=edd9fe10d4a120194e4a0a1e60a5d04d661b79ab
MWAgent.Client.WinUI/Strings/Resources,MWAgent.Client.WinUI Resources,Workbench_FilterPreset_eval_syslogversion_Title,Syslog Version,Adiscon User Interface .resw source; locale=de-DE; revision=edd9fe10d4a120194e4a0a1e60a5d04d661b79ab
MWAgent.Client.WinUI/Strings/Resources,MWAgent.Client.WinUI Resources,Workbench_FilterPreset_eval_systemid_Description,System identifier,Adiscon User Interface .resw source; locale=de-DE; revision=edd9fe10d4a120194e4a0a1e60a5d04d661b79ab
MWAgent.Client.WinUI/Strings/Resources,MWAgent.Client.WinUI Resources,Workbench_FilterPreset_eval_systemid_Title,System ID,Adiscon User Interface .resw source; locale=de-DE; revision=edd9fe10d4a120194e4a0a1e60a5d04d661b79ab
MWAgent.Client.WinUI/Strings/Resources,MWAgent.Client.WinUI Resources,Workbench_FilterPreset_eval_weekday_friday_Description,Run on Friday,Adiscon User Interface .resw source; locale=de-DE; revision=edd9fe10d4a120194e4a0a1e60a5d04d661b79ab
MWAgent.Client.WinUI/Strings/Resources,MWAgent.Client.WinUI Resources,Workbench_FilterPreset_eval_weekday_friday_Title,Friday,Adiscon User Interface .resw source; locale=de-DE; revision=edd9fe10d4a120194e4a0a1e60a5d04d661b79ab
MWAgent.Client.WinUI/Strings/Resources,MWAgent.Client.WinUI Resources,Workbench_FilterPreset_eval_weekday_monday_Description,Run on Monday,Adiscon User Interface .resw source; locale=de-DE; revision=edd9fe10d4a120194e4a0a1e60a5d04d661b79ab
MWAgent.Client.WinUI/Strings/Resources,MWAgent.Client.WinUI Resources,Workbench_FilterPreset_eval_weekday_monday_Title,Monday,Adiscon User Interface .resw source; locale=de-DE; revision=edd9fe10d4a120194e4a0a1e60a5d04d661b79ab
MWAgent.Client.WinUI/Strings/Resources,MWAgent.Client.WinUI Resources,Workbench_FilterPreset_eval_weekday_saturday_Description,Run on Saturday,Adiscon User Interface .resw source; locale=de-DE; revision=edd9fe10d4a120194e4a0a1e60a5d04d661b79ab
MWAgent.Client.WinUI/Strings/Resources,MWAgent.Client.WinUI Resources,Workbench_FilterPreset_eval_weekday_saturday_Title,Saturday,Adiscon User Interface .resw source; locale=de-DE; revision=edd9fe10d4a120194e4a0a1e60a5d04d661b79ab
MWAgent.Client.WinUI/Strings/Resources,MWAgent.Client.WinUI Resources,Workbench_FilterPreset_eval_weekday_sunday_Description,Run on Sunday,Adiscon User Interface .resw source; locale=de-DE; revision=edd9fe10d4a120194e4a0a1e60a5d04d661b79ab
MWAgent.Client.WinUI/Strings/Resources,MWAgent.Client.WinUI Resources,Workbench_FilterPreset_eval_weekday_sunday_Title,Sunday,Adiscon User Interface .resw source; locale=de-DE; revision=edd9fe10d4a120194e4a0a1e60a5d04d661b79ab
MWAgent.Client.WinUI/Strings/Resources,MWAgent.Client.WinUI Resources,Workbench_FilterPreset_eval_weekday_thursday_Description,Run on Thursday,Adiscon User Interface .resw source; locale=de-DE; revision=edd9fe10d4a120194e4a0a1e60a5d04d661b79ab
MWAgent.Client.WinUI/Strings/Resources,MWAgent.Client.WinUI Resources,Workbench_FilterPreset_eval_weekday_thursday_Title,Thursday,Adiscon User Interface .resw source; locale=de-DE; revision=edd9fe10d4a120194e4a0a1e60a5d04d661b79ab
MWAgent.Client.WinUI/Strings/Resources,MWAgent.Client.WinUI Resources,Workbench_FilterPreset_eval_weekday_tuesday_Description,Run on Tuesday,Adiscon User Interface .resw source; locale=de-DE; revision=edd9fe10d4a120194e4a0a1e60a5d04d661b79ab
MWAgent.Client.WinUI/Strings/Resources,MWAgent.Client.WinUI Resources,Workbench_FilterPreset_eval_weekday_tuesday_Title,Tuesday,Adiscon User Interface .resw source; locale=de-DE; revision=edd9fe10d4a120194e4a0a1e60a5d04d661b79ab
MWAgent.Client.WinUI/Strings/Resources,MWAgent.Client.WinUI Resources,Workbench_FilterPreset_eval_weekday_wednesday_Description,Run on Wednesday,Adiscon User Interface .resw source; locale=de-DE; revision=edd9fe10d4a120194e4a0a1e60a5d04d661b79ab
MWAgent.Client.WinUI/Strings/Resources,MWAgent.Client.WinUI Resources,Workbench_FilterPreset_eval_weekday_wednesday_Title,Wednesday,Adiscon User Interface .resw source; locale=de-DE; revision=edd9fe10d4a120194e4a0a1e60a5d04d661b79ab
MWAgent.Client.WinUI/Strings/Resources,MWAgent.Client.WinUI Resources,Workbench_FilterPreset_op_and_Description,All children must match,Adiscon User Interface .resw source; locale=de-DE; revision=edd9fe10d4a120194e4a0a1e60a5d04d661b79ab
MWAgent.Client.WinUI/Strings/Resources,MWAgent.Client.WinUI Resources,Workbench_FilterPreset_op_and_Title,AND,Adiscon User Interface .resw source; locale=de-DE; revision=edd9fe10d4a120194e4a0a1e60a5d04d661b79ab
MWAgent.Client.WinUI/Strings/Resources,MWAgent.Client.WinUI Resources,Workbench_FilterPreset_op_false_Description,Always false,Adiscon User Interface .resw source; locale=de-DE; revision=edd9fe10d4a120194e4a0a1e60a5d04d661b79ab
MWAgent.Client.WinUI/Strings/Resources,MWAgent.Client.WinUI Resources,Workbench_FilterPreset_op_false_Title,FALSE,Adiscon User Interface .resw source; locale=de-DE; revision=edd9fe10d4a120194e4a0a1e60a5d04d661b79ab
MWAgent.Client.WinUI/Strings/Resources,MWAgent.Client.WinUI Resources,Workbench_FilterPreset_op_not_Description,Negates one child,Adiscon User Interface .resw source; locale=de-DE; revision=edd9fe10d4a120194e4a0a1e60a5d04d661b79ab
MWAgent.Client.WinUI/Strings/Resources,MWAgent.Client.WinUI Resources,Workbench_FilterPreset_op_not_Title,NOT,Adiscon User Interface .resw source; locale=de-DE; revision=edd9fe10d4a120194e4a0a1e60a5d04d661b79ab
MWAgent.Client.WinUI/Strings/Resources,MWAgent.Client.WinUI Resources,Workbench_FilterPreset_op_or_Description,Any child may match,Adiscon User Interface .resw source; locale=de-DE; revision=edd9fe10d4a120194e4a0a1e60a5d04d661b79ab
MWAgent.Client.WinUI/Strings/Resources,MWAgent.Client.WinUI Resources,Workbench_FilterPreset_op_or_Title,OR,Adiscon User Interface .resw source; locale=de-DE; revision=edd9fe10d4a120194e4a0a1e60a5d04d661b79ab
MWAgent.Client.WinUI/Strings/Resources,MWAgent.Client.WinUI Resources,Workbench_FilterPreset_op_true_Description,Always true,Adiscon User Interface .resw source; locale=de-DE; revision=edd9fe10d4a120194e4a0a1e60a5d04d661b79ab
MWAgent.Client.WinUI/Strings/Resources,MWAgent.Client.WinUI Resources,Workbench_FilterPreset_op_true_Title,TRUE,Adiscon User Interface .resw source; locale=de-DE; revision=edd9fe10d4a120194e4a0a1e60a5d04d661b79ab
MWAgent.Client.WinUI/Strings/Resources,MWAgent.Client.WinUI Resources,Workbench_FilterPreset_op_xor_Description,Exactly one child may match,Adiscon User Interface .resw source; locale=de-DE; revision=edd9fe10d4a120194e4a0a1e60a5d04d661b79ab
MWAgent.Client.WinUI/Strings/Resources,MWAgent.Client.WinUI Resources,Workbench_FilterPreset_op_xor_Title,XOR,Adiscon User Interface .resw source; locale=de-DE; revision=edd9fe10d4a120194e4a0a1e60a5d04d661b79ab
MWAgent.Client.WinUI/Strings/Resources,MWAgent.Client.WinUI Resources,Workbench_FilterRoot_Help,Root of the rule condition tree. Add operator or condition filters below this item.,Adiscon User Interface .resw source; locale=de-DE; revision=edd9fe10d4a120194e4a0a1e60a5d04d661b79ab
MWAgent.Client.WinUI/Strings/Resources,MWAgent.Client.WinUI Resources,Workbench_FilterRoot_Name,Filter root,Adiscon User Interface .resw source; locale=de-DE; revision=edd9fe10d4a120194e4a0a1e60a5d04d661b79ab
MWAgent.Client.WinUI/Strings/Resources,MWAgent.Client.WinUI Resources,Workbench_RuleTemplate_Empty_Description,Eine Regel ohne Aktion erstellen.,Adiscon User Interface .resw source; locale=de-DE; revision=edd9fe10d4a120194e4a0a1e60a5d04d661b79ab
MWAgent.Client.WinUI/Strings/Resources,MWAgent.Client.WinUI Resources,Workbench_RuleTemplate_Empty_Title,Leere Regel,Adiscon User Interface .resw source; locale=de-DE; revision=edd9fe10d4a120194e4a0a1e60a5d04d661b79ab
MWAgent.Client.WinUI/Strings/Resources,MWAgent.Client.WinUI Resources,Workbench_RuleTemplate_WithAction_Description,Eine Regel erstellen und ihre erste Aktion auswählen.,Adiscon User Interface .resw source; locale=de-DE; revision=edd9fe10d4a120194e4a0a1e60a5d04d661b79ab
MWAgent.Client.WinUI/Strings/Resources,MWAgent.Client.WinUI Resources,Workbench_RuleTemplate_WithAction_Title,Regel mit Aktion,Adiscon User Interface .resw source; locale=de-DE; revision=edd9fe10d4a120194e4a0a1e60a5d04d661b79ab
MWAgent.Client.WinUI/Strings/Resources,MWAgent.Client.WinUI Resources,bAbortRuleOnFailure,Ausführen einer Regel abbrechen wenn eine Regel fehlschlägt?,Adiscon User Interface .resw source; locale=de-DE; revision=edd9fe10d4a120194e4a0a1e60a5d04d661b79ab
MWAgent.Client.WinUI/Strings/Resources,MWAgent.Client.WinUI Resources,bAddFacilityString,Facility-String hinzufügen,Adiscon User Interface .resw source; locale=de-DE; revision=edd9fe10d4a120194e4a0a1e60a5d04d661b79ab
MWAgent.Client.WinUI/Strings/Resources,MWAgent.Client.WinUI Resources,bAutoReloadRandomDelay,Aktiviere zufällige Wartezeit zwischen der Überprüfung nach neuen Konfigurationen.,Adiscon User Interface .resw source; locale=de-DE; revision=edd9fe10d4a120194e4a0a1e60a5d04d661b79ab
MWAgent.Client.WinUI/Strings/Resources,MWAgent.Client.WinUI Resources,bIgnoreTlsCertificateErrors,TLS-Zertifikatsfehler ignorieren,Adiscon User Interface .resw source; locale=de-DE; revision=edd9fe10d4a120194e4a0a1e60a5d04d661b79ab
MWAgent.Client.WinUI/Strings/Resources,MWAgent.Client.WinUI Resources,bIndicateErrorToOrigin,Sender über Fehler bei Aktionen informieren?,Adiscon User Interface .resw source; locale=de-DE; revision=edd9fe10d4a120194e4a0a1e60a5d04d661b79ab
MWAgent.Client.WinUI/Strings/Resources,MWAgent.Client.WinUI Resources,bIsRegex_,Aktiviere regulärere Ausdrücke,Adiscon User Interface .resw source; locale=de-DE; revision=edd9fe10d4a120194e4a0a1e60a5d04d661b79ab
MWAgent.Client.WinUI/Strings/Resources,MWAgent.Client.WinUI Resources,bReportInXML,Benutze XML Format,Adiscon User Interface .resw source; locale=de-DE; revision=edd9fe10d4a120194e4a0a1e60a5d04d661b79ab
MWAgent.Client.WinUI/Strings/Resources,MWAgent.Client.WinUI Resources,bReportTruncatedLog,Melde abgeschnittenes Protokoll,Adiscon User Interface .resw source; locale=de-DE; revision=edd9fe10d4a120194e4a0a1e60a5d04d661b79ab
MWAgent.Client.WinUI/Strings/Resources,MWAgent.Client.WinUI Resources,bShowEvtChannelAdmin,Operational / administrative Channels anzeigen,Adiscon User Interface .resw source; locale=de-DE; revision=edd9fe10d4a120194e4a0a1e60a5d04d661b79ab
MWAgent.Client.WinUI/Strings/Resources,MWAgent.Client.WinUI Resources,bShowEvtChannelDebug,Debug / analytic Channels anzeigen,Adiscon User Interface .resw source; locale=de-DE; revision=edd9fe10d4a120194e4a0a1e60a5d04d661b79ab
MWAgent.Client.WinUI/Strings/Resources,MWAgent.Client.WinUI Resources,bShowSyslogMsgNbr,Syslog Meldungsnummern,Adiscon User Interface .resw source; locale=de-DE; revision=edd9fe10d4a120194e4a0a1e60a5d04d661b79ab
MWAgent.Client.WinUI/Strings/Resources,MWAgent.Client.WinUI Resources,bUseCustomEventLog,Verwende individuellen EventLog Kanal,Adiscon User Interface .resw source; locale=de-DE; revision=edd9fe10d4a120194e4a0a1e60a5d04d661b79ab
MWAgent.Client.WinUI/Strings/Resources,MWAgent.Client.WinUI Resources,bUseLegacyFormat,Früheres Format Benutzen,Adiscon User Interface .resw source; locale=de-DE; revision=edd9fe10d4a120194e4a0a1e60a5d04d661b79ab
MWAgent.Client.WinUI/Strings/Resources,MWAgent.Client.WinUI Resources,bUseTLS,Benutze TLS/SSL Verschlüsselung,Adiscon User Interface .resw source; locale=de-DE; revision=edd9fe10d4a120194e4a0a1e60a5d04d661b79ab
MWAgent.Client.WinUI/Strings/Resources,MWAgent.Client.WinUI Resources,btnButtonDBMonReloadLastPos,Letzter DB Index neuladen,Adiscon User Interface .resw source; locale=de-DE; revision=edd9fe10d4a120194e4a0a1e60a5d04d661b79ab
MWAgent.Client.WinUI/Strings/Resources,MWAgent.Client.WinUI Resources,btnButtonFileMonResetAllLastPos,Alle Dateizähler zurücksetzten,Adiscon User Interface .resw source; locale=de-DE; revision=edd9fe10d4a120194e4a0a1e60a5d04d661b79ab
MWAgent.Client.WinUI/Strings/Resources,MWAgent.Client.WinUI Resources,btnButtonPassiveSyslogTest,Teste passiven Syslogserver,Adiscon User Interface .resw source; locale=de-DE; revision=edd9fe10d4a120194e4a0a1e60a5d04d661b79ab
MWAgent.Client.WinUI/Strings/Resources,MWAgent.Client.WinUI Resources,btnButtonResetLastPos,DB Index zurücksetzten,Adiscon User Interface .resw source; locale=de-DE; revision=edd9fe10d4a120194e4a0a1e60a5d04d661b79ab
MWAgent.Client.WinUI/Strings/Resources,MWAgent.Client.WinUI Resources,btnButtonSendSyslog,Syslog Server testen,Adiscon User Interface .resw source; locale=de-DE; revision=edd9fe10d4a120194e4a0a1e60a5d04d661b79ab
MWAgent.Client.WinUI/Strings/Resources,MWAgent.Client.WinUI Resources,btnCreateDB,Datenbank erstellen,Adiscon User Interface .resw source; locale=de-DE; revision=edd9fe10d4a120194e4a0a1e60a5d04d661b79ab
MWAgent.Client.WinUI/Strings/Resources,MWAgent.Client.WinUI Resources,btnEventLogDeSelectAll,Deleselect All,Adiscon User Interface .resw source; locale=de-DE; revision=edd9fe10d4a120194e4a0a1e60a5d04d661b79ab
MWAgent.Client.WinUI/Strings/Resources,MWAgent.Client.WinUI Resources,btnEventLogReloadLastRecords,Reload All LastRecords,Adiscon User Interface .resw source; locale=de-DE; revision=edd9fe10d4a120194e4a0a1e60a5d04d661b79ab
MWAgent.Client.WinUI/Strings/Resources,MWAgent.Client.WinUI Resources,btnEventLogRemoveDead,Remove not existing Channels,Adiscon User Interface .resw source; locale=de-DE; revision=edd9fe10d4a120194e4a0a1e60a5d04d661b79ab
MWAgent.Client.WinUI/Strings/Resources,MWAgent.Client.WinUI Resources,btnEventLogResetLastRecords,Reset All LastRecords,Adiscon User Interface .resw source; locale=de-DE; revision=edd9fe10d4a120194e4a0a1e60a5d04d661b79ab
MWAgent.Client.WinUI/Strings/Resources,MWAgent.Client.WinUI Resources,btnEventLogScan,Nach EventLog Channels scannen,Adiscon User Interface .resw source; locale=de-DE; revision=edd9fe10d4a120194e4a0a1e60a5d04d661b79ab
MWAgent.Client.WinUI/Strings/Resources,MWAgent.Client.WinUI Resources,btnEventLogSelectAll,Select All,Adiscon User Interface .resw source; locale=de-DE; revision=edd9fe10d4a120194e4a0a1e60a5d04d661b79ab
MWAgent.Client.WinUI/Strings/Resources,MWAgent.Client.WinUI Resources,btnPostProcessImport,Importiere Regeln,Adiscon User Interface .resw source; locale=de-DE; revision=edd9fe10d4a120194e4a0a1e60a5d04d661b79ab
MWAgent.Client.WinUI/Strings/Resources,MWAgent.Client.WinUI Resources,btnPostProcessSave,Exportiere Regeln,Adiscon User Interface .resw source; locale=de-DE; revision=edd9fe10d4a120194e4a0a1e60a5d04d661b79ab
MWAgent.Client.WinUI/Strings/Resources,MWAgent.Client.WinUI Resources,btnReloadLastRecordV1,Neu Laden,Adiscon User Interface .resw source; locale=de-DE; revision=edd9fe10d4a120194e4a0a1e60a5d04d661b79ab
MWAgent.Client.WinUI/Strings/Resources,MWAgent.Client.WinUI Resources,btnReloadLastRecordV2,Neu laden,Adiscon User Interface .resw source; locale=de-DE; revision=edd9fe10d4a120194e4a0a1e60a5d04d661b79ab
MWAgent.Client.WinUI/Strings/Resources,MWAgent.Client.WinUI Resources,btnResetLastRecordV1,Reset ,Adiscon User Interface .resw source; locale=de-DE; revision=edd9fe10d4a120194e4a0a1e60a5d04d661b79ab
MWAgent.Client.WinUI/Strings/Resources,MWAgent.Client.WinUI Resources,btnResetLastRecordV2,Reset,Adiscon User Interface .resw source; locale=de-DE; revision=edd9fe10d4a120194e4a0a1e60a5d04d661b79ab
MWAgent.Client.WinUI/Strings/Resources,MWAgent.Client.WinUI Resources,btnRestOutputResetJsonProperties,Format zurücksetzen,Adiscon User Interface .resw source; locale=de-DE; revision=edd9fe10d4a120194e4a0a1e60a5d04d661b79ab
MWAgent.Client.WinUI/Strings/Resources,MWAgent.Client.WinUI Resources,btnRun,Run,Adiscon User Interface .resw source; locale=de-DE; revision=edd9fe10d4a120194e4a0a1e60a5d04d661b79ab
MWAgent.Client.WinUI/Strings/Resources,MWAgent.Client.WinUI Resources,btnVerifyEvtV1,Verbindung verifizieren,Adiscon User Interface .resw source; locale=de-DE; revision=edd9fe10d4a120194e4a0a1e60a5d04d661b79ab
MWAgent.Client.WinUI/Strings/Resources,MWAgent.Client.WinUI Resources,btnVerifyEvtV2,Verbindung verifizieren,Adiscon User Interface .resw source; locale=de-DE; revision=edd9fe10d4a120194e4a0a1e60a5d04d661b79ab
MWAgent.Client.WinUI/Strings/Resources,MWAgent.Client.WinUI Resources,btnszODBCDsn,DSN Konfigurieren,Adiscon User Interface .resw source; locale=de-DE; revision=edd9fe10d4a120194e4a0a1e60a5d04d661b79ab
MWAgent.Client.WinUI/Strings/Resources,MWAgent.Client.WinUI Resources,chkeventchannels,Aktivieren,Adiscon User Interface .resw source; locale=de-DE; revision=edd9fe10d4a120194e4a0a1e60a5d04d661b79ab
MWAgent.Client.WinUI/Strings/Resources,MWAgent.Client.WinUI Resources,datafields,Datenfelder,Adiscon User Interface .resw source; locale=de-DE; revision=edd9fe10d4a120194e4a0a1e60a5d04d661b79ab
MWAgent.Client.WinUI/Strings/Resources,MWAgent.Client.WinUI Resources,eventchannels,Eventlog Kanäle,Adiscon User Interface .resw source; locale=de-DE; revision=edd9fe10d4a120194e4a0a1e60a5d04d661b79ab
MWAgent.Client.WinUI/Strings/Resources,MWAgent.Client.WinUI Resources,fileitems,Verarbeitete Dateien,Adiscon User Interface .resw source; locale=de-DE; revision=edd9fe10d4a120194e4a0a1e60a5d04d661b79ab
MWAgent.Client.WinUI/Strings/Resources,MWAgent.Client.WinUI Resources,hostlist,List der hosts,Adiscon User Interface .resw source; locale=de-DE; revision=edd9fe10d4a120194e4a0a1e60a5d04d661b79ab
MWAgent.Client.WinUI/Strings/Resources,MWAgent.Client.WinUI Resources,iLastDBID,Letzter DB Index,Adiscon User Interface .resw source; locale=de-DE; revision=edd9fe10d4a120194e4a0a1e60a5d04d661b79ab
MWAgent.Client.WinUI/Strings/Resources,MWAgent.Client.WinUI Resources,interactive_path,Path && Filename for application,Adiscon User Interface .resw source; locale=de-DE; revision=edd9fe10d4a120194e4a0a1e60a5d04d661b79ab
MWAgent.Client.WinUI/Strings/Resources,MWAgent.Client.WinUI Resources,lblDecrement,Wert verringern (-),Adiscon User Interface .resw source; locale=de-DE; revision=edd9fe10d4a120194e4a0a1e60a5d04d661b79ab
MWAgent.Client.WinUI/Strings/Resources,MWAgent.Client.WinUI Resources,lblIncrement,Wert erhöhen (+),Adiscon User Interface .resw source; locale=de-DE; revision=edd9fe10d4a120194e4a0a1e60a5d04d661b79ab
MWAgent.Client.WinUI/Strings/Resources,MWAgent.Client.WinUI Resources,lbl_EventLogSource_Replace,Ersetze Ereignisprotokoll-Quelle,Adiscon User Interface .resw source; locale=de-DE; revision=edd9fe10d4a120194e4a0a1e60a5d04d661b79ab
MWAgent.Client.WinUI/Strings/Resources,MWAgent.Client.WinUI Resources,lbl_EventLogSource_Service,Verwende Logquelle vom Dienst,Adiscon User Interface .resw source; locale=de-DE; revision=edd9fe10d4a120194e4a0a1e60a5d04d661b79ab
MWAgent.Client.WinUI/Strings/Resources,MWAgent.Client.WinUI Resources,lbl_nAction1,Start,Adiscon User Interface .resw source; locale=de-DE; revision=edd9fe10d4a120194e4a0a1e60a5d04d661b79ab
MWAgent.Client.WinUI/Strings/Resources,MWAgent.Client.WinUI Resources,lbl_nAction2,Stop,Adiscon User Interface .resw source; locale=de-DE; revision=edd9fe10d4a120194e4a0a1e60a5d04d661b79ab
MWAgent.Client.WinUI/Strings/Resources,MWAgent.Client.WinUI Resources,lbl_nAction3,Neustart,Adiscon User Interface .resw source; locale=de-DE; revision=edd9fe10d4a120194e4a0a1e60a5d04d661b79ab
MWAgent.Client.WinUI/Strings/Resources,MWAgent.Client.WinUI Resources,lbl_nAction4,Pause,Adiscon User Interface .resw source; locale=de-DE; revision=edd9fe10d4a120194e4a0a1e60a5d04d661b79ab
MWAgent.Client.WinUI/Strings/Resources,MWAgent.Client.WinUI Resources,lbl_nAction5,Fortsetzen,Adiscon User Interface .resw source; locale=de-DE; revision=edd9fe10d4a120194e4a0a1e60a5d04d661b79ab
MWAgent.Client.WinUI/Strings/Resources,MWAgent.Client.WinUI Resources,lbl_nMessageMode_csv,CSV (Comma-separated values),Adiscon User Interface .resw source; locale=de-DE; revision=edd9fe10d4a120194e4a0a1e60a5d04d661b79ab
MWAgent.Client.WinUI/Strings/Resources,MWAgent.Client.WinUI Resources,lbl_nMessageMode_custom,Custom,Adiscon User Interface .resw source; locale=de-DE; revision=edd9fe10d4a120194e4a0a1e60a5d04d661b79ab
MWAgent.Client.WinUI/Strings/Resources,MWAgent.Client.WinUI Resources,lbl_nMessageMode_none,Nichts,Adiscon User Interface .resw source; locale=de-DE; revision=edd9fe10d4a120194e4a0a1e60a5d04d661b79ab
MWAgent.Client.WinUI/Strings/Resources,MWAgent.Client.WinUI Resources,lbl_procmode0,Synchrone Verarbeitung (warte auf Ende),Adiscon User Interface .resw source; locale=de-DE; revision=edd9fe10d4a120194e4a0a1e60a5d04d661b79ab
MWAgent.Client.WinUI/Strings/Resources,MWAgent.Client.WinUI Resources,lbl_procmode1,Asynchrone Verarbeitung,Adiscon User Interface .resw source; locale=de-DE; revision=edd9fe10d4a120194e4a0a1e60a5d04d661b79ab
MWAgent.Client.WinUI/Strings/Resources,MWAgent.Client.WinUI Resources,lbl_request_get,GET,Adiscon User Interface .resw source; locale=de-DE; revision=edd9fe10d4a120194e4a0a1e60a5d04d661b79ab
MWAgent.Client.WinUI/Strings/Resources,MWAgent.Client.WinUI Resources,lbl_request_head,HEAD,Adiscon User Interface .resw source; locale=de-DE; revision=edd9fe10d4a120194e4a0a1e60a5d04d661b79ab
MWAgent.Client.WinUI/Strings/Resources,MWAgent.Client.WinUI Resources,lbl_syslogRFC3195,RFC3195,Adiscon User Interface .resw source; locale=de-DE; revision=edd9fe10d4a120194e4a0a1e60a5d04d661b79ab
MWAgent.Client.WinUI/Strings/Resources,MWAgent.Client.WinUI Resources,lbl_syslogRFC3195RAW,RFC3195 Raw,Adiscon User Interface .resw source; locale=de-DE; revision=edd9fe10d4a120194e4a0a1e60a5d04d661b79ab
MWAgent.Client.WinUI/Strings/Resources,MWAgent.Client.WinUI Resources,lbl_syslogTCP,TCP,Adiscon User Interface .resw source; locale=de-DE; revision=edd9fe10d4a120194e4a0a1e60a5d04d661b79ab
MWAgent.Client.WinUI/Strings/Resources,MWAgent.Client.WinUI Resources,lbl_syslogTCPOctetCount,TCP (octet-cound based framing),Adiscon User Interface .resw source; locale=de-DE; revision=edd9fe10d4a120194e4a0a1e60a5d04d661b79ab
MWAgent.Client.WinUI/Strings/Resources,MWAgent.Client.WinUI Resources,lbl_syslogTCPOneMSG,"TCP (NICHT EMPFOHLEN, eine Nachricht pro Verbindung)",Adiscon User Interface .resw source; locale=de-DE; revision=edd9fe10d4a120194e4a0a1e60a5d04d661b79ab
MWAgent.Client.WinUI/Strings/Resources,MWAgent.Client.WinUI Resources,lbl_syslogTCPPersistant,TCP (dauerhafte Verbindung),Adiscon User Interface .resw source; locale=de-DE; revision=edd9fe10d4a120194e4a0a1e60a5d04d661b79ab
MWAgent.Client.WinUI/Strings/Resources,MWAgent.Client.WinUI Resources,lbl_syslogUDP,UDP,Adiscon User Interface .resw source; locale=de-DE; revision=edd9fe10d4a120194e4a0a1e60a5d04d661b79ab
MWAgent.Client.WinUI/Strings/Resources,MWAgent.Client.WinUI Resources,loganalyzer_path,Path && Filename for application,Adiscon User Interface .resw source; locale=de-DE; revision=edd9fe10d4a120194e4a0a1e60a5d04d661b79ab
MWAgent.Client.WinUI/Strings/Resources,MWAgent.Client.WinUI Resources,logfilemgr_path,Path && Filename for application,Adiscon User Interface .resw source; locale=de-DE; revision=edd9fe10d4a120194e4a0a1e60a5d04d661b79ab
MWAgent.Client.WinUI/Strings/Resources,MWAgent.Client.WinUI Resources,logsearch_path,Path && Filename for application,Adiscon User Interface .resw source; locale=de-DE; revision=edd9fe10d4a120194e4a0a1e60a5d04d661b79ab
MWAgent.Client.WinUI/Strings/Resources,MWAgent.Client.WinUI Resources,msgseps,Liste der Trennzeichen,Adiscon User Interface .resw source; locale=de-DE; revision=edd9fe10d4a120194e4a0a1e60a5d04d661b79ab
MWAgent.Client.WinUI/Strings/Resources,MWAgent.Client.WinUI Resources,nAction,Auszuführende Aktion,Adiscon User Interface .resw source; locale=de-DE; revision=edd9fe10d4a120194e4a0a1e60a5d04d661b79ab
MWAgent.Client.WinUI/Strings/Resources,MWAgent.Client.WinUI Resources,nAddLogType,Logtyp hinzufügen,Adiscon User Interface .resw source; locale=de-DE; revision=edd9fe10d4a120194e4a0a1e60a5d04d661b79ab
MWAgent.Client.WinUI/Strings/Resources,MWAgent.Client.WinUI Resources,nAddMibDescriptionToMsg,"Append MIB Description after Mibname (Attention, can be a lot of information!)",Adiscon User Interface .resw source; locale=de-DE; revision=edd9fe10d4a120194e4a0a1e60a5d04d661b79ab
MWAgent.Client.WinUI/Strings/Resources,MWAgent.Client.WinUI Resources,nAddUserName,Benutzername hinzufügen,Adiscon User Interface .resw source; locale=de-DE; revision=edd9fe10d4a120194e4a0a1e60a5d04d661b79ab
MWAgent.Client.WinUI/Strings/Resources,MWAgent.Client.WinUI Resources,nApiReadMode,Verarbeitungsmodus,Adiscon User Interface .resw source; locale=de-DE; revision=edd9fe10d4a120194e4a0a1e60a5d04d661b79ab
MWAgent.Client.WinUI/Strings/Resources,MWAgent.Client.WinUI Resources,nApiReadMode_Polling,Eventlog Polling (Inaktivität),Adiscon User Interface .resw source; locale=de-DE; revision=edd9fe10d4a120194e4a0a1e60a5d04d661b79ab
MWAgent.Client.WinUI/Strings/Resources,MWAgent.Client.WinUI Resources,nApiReadMode_Subscription,Eventlog Subscription (Echtzeit),Adiscon User Interface .resw source; locale=de-DE; revision=edd9fe10d4a120194e4a0a1e60a5d04d661b79ab
MWAgent.Client.WinUI/Strings/Resources,MWAgent.Client.WinUI Resources,nAsyncMaxProc,Max. asynchrone Prozesse,Adiscon User Interface .resw source; locale=de-DE; revision=edd9fe10d4a120194e4a0a1e60a5d04d661b79ab
MWAgent.Client.WinUI/Strings/Resources,MWAgent.Client.WinUI Resources,nAutoReloadDelayTime,Maximal zufällige Wartezeit,Adiscon User Interface .resw source; locale=de-DE; revision=edd9fe10d4a120194e4a0a1e60a5d04d661b79ab
MWAgent.Client.WinUI/Strings/Resources,MWAgent.Client.WinUI Resources,nBps,Bits pro Sekunde,Adiscon User Interface .resw source; locale=de-DE; revision=edd9fe10d4a120194e4a0a1e60a5d04d661b79ab
MWAgent.Client.WinUI/Strings/Resources,MWAgent.Client.WinUI Resources,nCPUEnable,CPU Check aktivieren,Adiscon User Interface .resw source; locale=de-DE; revision=edd9fe10d4a120194e4a0a1e60a5d04d661b79ab
MWAgent.Client.WinUI/Strings/Resources,MWAgent.Client.WinUI Resources,nCPUOccurences,Häufigkeit bis der Alarm ausgeführt wird,Adiscon User Interface .resw source; locale=de-DE; revision=edd9fe10d4a120194e4a0a1e60a5d04d661b79ab
MWAgent.Client.WinUI/Strings/Resources,MWAgent.Client.WinUI Resources,nCPUReportIfBelowAlarm,"Berichten, auch wenn CPU Nutzung unter dem Alarmlevel liegt",Adiscon User Interface .resw source; locale=de-DE; revision=edd9fe10d4a120194e4a0a1e60a5d04d661b79ab
MWAgent.Client.WinUI/Strings/Resources,MWAgent.Client.WinUI Resources,nCPUSingle,Nur für Multiprozessor Systeme: über jede einzelne CPU berichten,Adiscon User Interface .resw source; locale=de-DE; revision=edd9fe10d4a120194e4a0a1e60a5d04d661b79ab
MWAgent.Client.WinUI/Strings/Resources,MWAgent.Client.WinUI Resources,nCPUUsageAlarmLevel,CPU Nutzung Alarm Level,Adiscon User Interface .resw source; locale=de-DE; revision=edd9fe10d4a120194e4a0a1e60a5d04d661b79ab
MWAgent.Client.WinUI/Strings/Resources,MWAgent.Client.WinUI Resources,nCacheEventCategory,Aktiviere Event Category Cache  ( Taskfeld) ,Adiscon User Interface .resw source; locale=de-DE; revision=edd9fe10d4a120194e4a0a1e60a5d04d661b79ab
MWAgent.Client.WinUI/Strings/Resources,MWAgent.Client.WinUI Resources,nCacheEventKeyword,Aktiviere Event Keyword Cache,Adiscon User Interface .resw source; locale=de-DE; revision=edd9fe10d4a120194e4a0a1e60a5d04d661b79ab
MWAgent.Client.WinUI/Strings/Resources,MWAgent.Client.WinUI Resources,nCacheEventLevel,"Aktiviere Event Levels Cache ( z.B. Warning, Information, Error)",Adiscon User Interface .resw source; locale=de-DE; revision=edd9fe10d4a120194e4a0a1e60a5d04d661b79ab
MWAgent.Client.WinUI/Strings/Resources,MWAgent.Client.WinUI Resources,nCacheEventPublisher,Aktiviere Event Publisherhandles Cache ( Event Quelle ) ,Adiscon User Interface .resw source; locale=de-DE; revision=edd9fe10d4a120194e4a0a1e60a5d04d661b79ab
MWAgent.Client.WinUI/Strings/Resources,MWAgent.Client.WinUI Resources,nCacheNameEntry,Aufgelösten Host-Eintrag cachen,Adiscon User Interface .resw source; locale=de-DE; revision=edd9fe10d4a120194e4a0a1e60a5d04d661b79ab
MWAgent.Client.WinUI/Strings/Resources,MWAgent.Client.WinUI Resources,nChangeVal,Operationswert,Adiscon User Interface .resw source; locale=de-DE; revision=edd9fe10d4a120194e4a0a1e60a5d04d661b79ab
MWAgent.Client.WinUI/Strings/Resources,MWAgent.Client.WinUI Resources,nCheckAutoBackupLogFiles,Auf Backup Logs von Windows prüfen (KB312571),Adiscon User Interface .resw source; locale=de-DE; revision=edd9fe10d4a120194e4a0a1e60a5d04d661b79ab
MWAgent.Client.WinUI/Strings/Resources,MWAgent.Client.WinUI Resources,nCheckPort,SNMP Port,Adiscon User Interface .resw source; locale=de-DE; revision=edd9fe10d4a120194e4a0a1e60a5d04d661b79ab
MWAgent.Client.WinUI/Strings/Resources,MWAgent.Client.WinUI Resources,nCircularLogging,Log-Rotation verwenden,Adiscon User Interface .resw source; locale=de-DE; revision=edd9fe10d4a120194e4a0a1e60a5d04d661b79ab
MWAgent.Client.WinUI/Strings/Resources,MWAgent.Client.WinUI Resources,nCleanFileHandlesTimeout,Timeout until unused file handles are closed,Adiscon User Interface .resw source; locale=de-DE; revision=edd9fe10d4a120194e4a0a1e60a5d04d661b79ab
MWAgent.Client.WinUI/Strings/Resources,MWAgent.Client.WinUI Resources,nClearEventLog,Clear Eventlog handling,Adiscon User Interface .resw source; locale=de-DE; revision=edd9fe10d4a120194e4a0a1e60a5d04d661b79ab
MWAgent.Client.WinUI/Strings/Resources,MWAgent.Client.WinUI Resources,nCompLevel,Kompressions-Level,Adiscon User Interface .resw source; locale=de-DE; revision=edd9fe10d4a120194e4a0a1e60a5d04d661b79ab
MWAgent.Client.WinUI/Strings/Resources,MWAgent.Client.WinUI Resources,nCompressControlChars,Leerzeichen kürzen und Steuerzeichen entfernen,Adiscon User Interface .resw source; locale=de-DE; revision=edd9fe10d4a120194e4a0a1e60a5d04d661b79ab
MWAgent.Client.WinUI/Strings/Resources,MWAgent.Client.WinUI Resources,nCompressOutputFormat,Ausgabeformat komprieren (Leerzeichen etc.),Adiscon User Interface .resw source; locale=de-DE; revision=edd9fe10d4a120194e4a0a1e60a5d04d661b79ab
MWAgent.Client.WinUI/Strings/Resources,MWAgent.Client.WinUI Resources,nCompressSpaces,Leerzeichen komprimieren,Adiscon User Interface .resw source; locale=de-DE; revision=edd9fe10d4a120194e4a0a1e60a5d04d661b79ab
MWAgent.Client.WinUI/Strings/Resources,MWAgent.Client.WinUI Resources,nCompressionLevel,Kompressions-Level,Adiscon User Interface .resw source; locale=de-DE; revision=edd9fe10d4a120194e4a0a1e60a5d04d661b79ab
MWAgent.Client.WinUI/Strings/Resources,MWAgent.Client.WinUI Resources,nConnectTimeOut,Zeitüberschreitung der Verbindung,Adiscon User Interface .resw source; locale=de-DE; revision=edd9fe10d4a120194e4a0a1e60a5d04d661b79ab
MWAgent.Client.WinUI/Strings/Resources,MWAgent.Client.WinUI Resources,nConvertToEventLogMonitorV1,Konvertiere zu EventLog Monitor V1 kompatiblen Events,Adiscon User Interface .resw source; locale=de-DE; revision=edd9fe10d4a120194e4a0a1e60a5d04d661b79ab
MWAgent.Client.WinUI/Strings/Resources,MWAgent.Client.WinUI Resources,nCopyFormatIntoProperty,Wähle Meldungsformat,Adiscon User Interface .resw source; locale=de-DE; revision=edd9fe10d4a120194e4a0a1e60a5d04d661b79ab
MWAgent.Client.WinUI/Strings/Resources,MWAgent.Client.WinUI Resources,nCount,Wie of soll die Tondatei abgespielt werden,Adiscon User Interface .resw source; locale=de-DE; revision=edd9fe10d4a120194e4a0a1e60a5d04d661b79ab
MWAgent.Client.WinUI/Strings/Resources,MWAgent.Client.WinUI Resources,nCustomerID,CustomerID,Adiscon User Interface .resw source; locale=de-DE; revision=edd9fe10d4a120194e4a0a1e60a5d04d661b79ab
MWAgent.Client.WinUI/Strings/Resources,MWAgent.Client.WinUI Resources,nCustomizeSearchPath,Suchpfad für Eventlog Backup Log-Datei anpassen,Adiscon User Interface .resw source; locale=de-DE; revision=edd9fe10d4a120194e4a0a1e60a5d04d661b79ab
MWAgent.Client.WinUI/Strings/Resources,MWAgent.Client.WinUI Resources,nDBPassEncryption,Verschlüssel. Aktiv.,Adiscon User Interface .resw source; locale=de-DE; revision=edd9fe10d4a120194e4a0a1e60a5d04d661b79ab
MWAgent.Client.WinUI/Strings/Resources,MWAgent.Client.WinUI Resources,nDNSCacheLimit,Wieviele DNS Namen cachen?,Adiscon User Interface .resw source; locale=de-DE; revision=edd9fe10d4a120194e4a0a1e60a5d04d661b79ab
MWAgent.Client.WinUI/Strings/Resources,MWAgent.Client.WinUI Resources,nDNSCacheTime,Wie lange DNS Namen cachen?,Adiscon User Interface .resw source; locale=de-DE; revision=edd9fe10d4a120194e4a0a1e60a5d04d661b79ab
MWAgent.Client.WinUI/Strings/Resources,MWAgent.Client.WinUI Resources,nDNSInetProtocol,Internet Protokolltyp,Adiscon User Interface .resw source; locale=de-DE; revision=edd9fe10d4a120194e4a0a1e60a5d04d661b79ab
MWAgent.Client.WinUI/Strings/Resources,MWAgent.Client.WinUI Resources,nDTLSSendPort,DTLS Port,Adiscon User Interface .resw source; locale=de-DE; revision=edd9fe10d4a120194e4a0a1e60a5d04d661b79ab
MWAgent.Client.WinUI/Strings/Resources,MWAgent.Client.WinUI Resources,nDatabits,Daten Bits,Adiscon User Interface .resw source; locale=de-DE; revision=edd9fe10d4a120194e4a0a1e60a5d04d661b79ab
MWAgent.Client.WinUI/Strings/Resources,MWAgent.Client.WinUI Resources,nDebugErrors,Errors & Warnings,Adiscon User Interface .resw source; locale=de-DE; revision=edd9fe10d4a120194e4a0a1e60a5d04d661b79ab
MWAgent.Client.WinUI/Strings/Resources,MWAgent.Client.WinUI Resources,nDebugInternal,Informational Ausgabe,Adiscon User Interface .resw source; locale=de-DE; revision=edd9fe10d4a120194e4a0a1e60a5d04d661b79ab
MWAgent.Client.WinUI/Strings/Resources,MWAgent.Client.WinUI Resources,nDebugMini,Minimal Ausgabe,Adiscon User Interface .resw source; locale=de-DE; revision=edd9fe10d4a120194e4a0a1e60a5d04d661b79ab
MWAgent.Client.WinUI/Strings/Resources,MWAgent.Client.WinUI Resources,nDebugRuleEngine,Rule & Filter Engine Ausgabe,Adiscon User Interface .resw source; locale=de-DE; revision=edd9fe10d4a120194e4a0a1e60a5d04d661b79ab
MWAgent.Client.WinUI/Strings/Resources,MWAgent.Client.WinUI Resources,nDebugUltra,Ultra Verbose Ausgabe,Adiscon User Interface .resw source; locale=de-DE; revision=edd9fe10d4a120194e4a0a1e60a5d04d661b79ab
MWAgent.Client.WinUI/Strings/Resources,MWAgent.Client.WinUI Resources,nDefaultBuffer,Standard Puffergröße,Adiscon User Interface .resw source; locale=de-DE; revision=edd9fe10d4a120194e4a0a1e60a5d04d661b79ab
MWAgent.Client.WinUI/Strings/Resources,MWAgent.Client.WinUI Resources,nDelay,Verzögerung zwischen dem Abspielen (ms),Adiscon User Interface .resw source; locale=de-DE; revision=edd9fe10d4a120194e4a0a1e60a5d04d661b79ab
MWAgent.Client.WinUI/Strings/Resources,MWAgent.Client.WinUI Resources,nDelayOnStartup,Startverzögerung in Millisekunden (1000 ms --> 1 second),Adiscon User Interface .resw source; locale=de-DE; revision=edd9fe10d4a120194e4a0a1e60a5d04d661b79ab
MWAgent.Client.WinUI/Strings/Resources,MWAgent.Client.WinUI Resources,nDiskCacheWait,Wartezeit zwischen Verbindungsversuchen,Adiscon User Interface .resw source; locale=de-DE; revision=edd9fe10d4a120194e4a0a1e60a5d04d661b79ab
MWAgent.Client.WinUI/Strings/Resources,MWAgent.Client.WinUI Resources,nDiskQueueMaxFileSize,Teile Dateien falls diese Größe erreicht wird:,Adiscon User Interface .resw source; locale=de-DE; revision=edd9fe10d4a120194e4a0a1e60a5d04d661b79ab
MWAgent.Client.WinUI/Strings/Resources,MWAgent.Client.WinUI Resources,nDoNotProcessLastRecord,Bestehende Einträge bei Fehler im Ereignisprotokoll NICHT verarbeiten,Adiscon User Interface .resw source; locale=de-DE; revision=edd9fe10d4a120194e4a0a1e60a5d04d661b79ab
MWAgent.Client.WinUI/Strings/Resources,MWAgent.Client.WinUI Resources,nDoNotProcessLastRecordOnStartup,Bestehende Einträge beim Start des Service NICHT verarbeiten,Adiscon User Interface .resw source; locale=de-DE; revision=edd9fe10d4a120194e4a0a1e60a5d04d661b79ab
MWAgent.Client.WinUI/Strings/Resources,MWAgent.Client.WinUI Resources,nDtsControl,DTR Control Flow,Adiscon User Interface .resw source; locale=de-DE; revision=edd9fe10d4a120194e4a0a1e60a5d04d661b79ab
MWAgent.Client.WinUI/Strings/Resources,MWAgent.Client.WinUI Resources,nEmptyStringsAsNull,NULL-Wert einfügen bei leerem String,Adiscon User Interface .resw source; locale=de-DE; revision=edd9fe10d4a120194e4a0a1e60a5d04d661b79ab
MWAgent.Client.WinUI/Strings/Resources,MWAgent.Client.WinUI Resources,nEmulateParameters,Emuliere %Param% Properties des alten EventLog Monitor,Adiscon User Interface .resw source; locale=de-DE; revision=edd9fe10d4a120194e4a0a1e60a5d04d661b79ab
MWAgent.Client.WinUI/Strings/Resources,MWAgent.Client.WinUI Resources,nEnableAutoConfigReload,Konfiguration nach Änderungen im Service automatisch neuladen ,Adiscon User Interface .resw source; locale=de-DE; revision=edd9fe10d4a120194e4a0a1e60a5d04d661b79ab
MWAgent.Client.WinUI/Strings/Resources,MWAgent.Client.WinUI Resources,nEnableBackupServer,"Backup-Server verwenden, falls Mail-Server ausfällt",Adiscon User Interface .resw source; locale=de-DE; revision=edd9fe10d4a120194e4a0a1e60a5d04d661b79ab
MWAgent.Client.WinUI/Strings/Resources,MWAgent.Client.WinUI Resources,nEnableCommunicate,Aktiviere Kommunikation,Adiscon User Interface .resw source; locale=de-DE; revision=edd9fe10d4a120194e4a0a1e60a5d04d661b79ab
MWAgent.Client.WinUI/Strings/Resources,MWAgent.Client.WinUI Resources,nEnableDNSCache,Aktiviere internen DNS Cache,Adiscon User Interface .resw source; locale=de-DE; revision=edd9fe10d4a120194e4a0a1e60a5d04d661b79ab
MWAgent.Client.WinUI/Strings/Resources,MWAgent.Client.WinUI Resources,nEnableDateReplacements,Aktiviere Datumsersatzzeichen (Siehe Handbuch),Adiscon User Interface .resw source; locale=de-DE; revision=edd9fe10d4a120194e4a0a1e60a5d04d661b79ab
MWAgent.Client.WinUI/Strings/Resources,MWAgent.Client.WinUI Resources,nEnableDateReplacementsOffset,Versatz in Sekunden,Adiscon User Interface .resw source; locale=de-DE; revision=edd9fe10d4a120194e4a0a1e60a5d04d661b79ab
MWAgent.Client.WinUI/Strings/Resources,MWAgent.Client.WinUI Resources,nEnableDebugOutput,Debuginformationen in Datei ausgeben,Adiscon User Interface .resw source; locale=de-DE; revision=edd9fe10d4a120194e4a0a1e60a5d04d661b79ab
MWAgent.Client.WinUI/Strings/Resources,MWAgent.Client.WinUI Resources,nEnableEventlogWarnings,Warnungen ins Windows Anwendungen Eventlog schreiben,Adiscon User Interface .resw source; locale=de-DE; revision=edd9fe10d4a120194e4a0a1e60a5d04d661b79ab
MWAgent.Client.WinUI/Strings/Resources,MWAgent.Client.WinUI Resources,nEnableLastRecordDelay,Verzögere LastRecord Speicherung,Adiscon User Interface .resw source; locale=de-DE; revision=edd9fe10d4a120194e4a0a1e60a5d04d661b79ab
MWAgent.Client.WinUI/Strings/Resources,MWAgent.Client.WinUI Resources,nEnableMultiCastGroup,Aktiviere Empfang von einer UDP Multicast Gruppe,Adiscon User Interface .resw source; locale=de-DE; revision=edd9fe10d4a120194e4a0a1e60a5d04d661b79ab
MWAgent.Client.WinUI/Strings/Resources,MWAgent.Client.WinUI Resources,nEnableMultiTCPMsgSep,Erweiterte Trennzeichensequenz aktivieren,Adiscon User Interface .resw source; locale=de-DE; revision=edd9fe10d4a120194e4a0a1e60a5d04d661b79ab
MWAgent.Client.WinUI/Strings/Resources,MWAgent.Client.WinUI Resources,nEnablePermittedSenders,Aktiviere erlaubte Senderliste.,Adiscon User Interface .resw source; locale=de-DE; revision=edd9fe10d4a120194e4a0a1e60a5d04d661b79ab
MWAgent.Client.WinUI/Strings/Resources,MWAgent.Client.WinUI Resources,nEnablePropertyFileName,Variablen in Dateinamen verfügbar machen,Adiscon User Interface .resw source; locale=de-DE; revision=edd9fe10d4a120194e4a0a1e60a5d04d661b79ab
MWAgent.Client.WinUI/Strings/Resources,MWAgent.Client.WinUI Resources,nEnableRetry,Wiederhole Aktion bei Fehlschlag,Adiscon User Interface .resw source; locale=de-DE; revision=edd9fe10d4a120194e4a0a1e60a5d04d661b79ab
MWAgent.Client.WinUI/Strings/Resources,MWAgent.Client.WinUI Resources,nEnableRingBuffer,Aktiviere Queue Manager Diskcache,Adiscon User Interface .resw source; locale=de-DE; revision=edd9fe10d4a120194e4a0a1e60a5d04d661b79ab
MWAgent.Client.WinUI/Strings/Resources,MWAgent.Client.WinUI Resources,nEnableTCPMsgSep,Nachrichten durch folgende Sequenz trennen,Adiscon User Interface .resw source; locale=de-DE; revision=edd9fe10d4a120194e4a0a1e60a5d04d661b79ab
MWAgent.Client.WinUI/Strings/Resources,MWAgent.Client.WinUI Resources,nEnableUnknownChannels,Verarbeite unbekannte/unkonfigurierte Eventlog Kanäle,Adiscon User Interface .resw source; locale=de-DE; revision=edd9fe10d4a120194e4a0a1e60a5d04d661b79ab
MWAgent.Client.WinUI/Strings/Resources,MWAgent.Client.WinUI Resources,nEnableUpdateFileTime,Explicitly update create and modified file timestamp,Adiscon User Interface .resw source; locale=de-DE; revision=edd9fe10d4a120194e4a0a1e60a5d04d661b79ab
MWAgent.Client.WinUI/Strings/Resources,MWAgent.Client.WinUI Resources,nEnabled,Channel aktiviert,Adiscon User Interface .resw source; locale=de-DE; revision=edd9fe10d4a120194e4a0a1e60a5d04d661b79ab
MWAgent.Client.WinUI/Strings/Resources,MWAgent.Client.WinUI Resources,nEnabledRemote,Fernüberwachung für Ereignisprotokoll aktivieren,Adiscon User Interface .resw source; locale=de-DE; revision=edd9fe10d4a120194e4a0a1e60a5d04d661b79ab
MWAgent.Client.WinUI/Strings/Resources,MWAgent.Client.WinUI Resources,nEscapeControlCharacters,Steuerzeichen umgehen,Adiscon User Interface .resw source; locale=de-DE; revision=edd9fe10d4a120194e4a0a1e60a5d04d661b79ab
MWAgent.Client.WinUI/Strings/Resources,MWAgent.Client.WinUI Resources,nEventID,Event ID,Adiscon User Interface .resw source; locale=de-DE; revision=edd9fe10d4a120194e4a0a1e60a5d04d661b79ab
MWAgent.Client.WinUI/Strings/Resources,MWAgent.Client.WinUI Resources,nEventLogCor,Maßnahmen für Fehler im Ereignisprotokoll,Adiscon User Interface .resw source; locale=de-DE; revision=edd9fe10d4a120194e4a0a1e60a5d04d661b79ab
MWAgent.Client.WinUI/Strings/Resources,MWAgent.Client.WinUI Resources,nEventScanLastEventByChecksum,Nutze Prüfsumme um letztes bearbeitetes Event zu verifizieren,Adiscon User Interface .resw source; locale=de-DE; revision=edd9fe10d4a120194e4a0a1e60a5d04d661b79ab
MWAgent.Client.WinUI/Strings/Resources,MWAgent.Client.WinUI Resources,nEventType,Verwende individuellen EventLog Typ,Adiscon User Interface .resw source; locale=de-DE; revision=edd9fe10d4a120194e4a0a1e60a5d04d661b79ab
MWAgent.Client.WinUI/Strings/Resources,MWAgent.Client.WinUI Resources,nEventUseChecksum,Suche immer das letzte verarbeitete Event mit der Prüfsumme,Adiscon User Interface .resw source; locale=de-DE; revision=edd9fe10d4a120194e4a0a1e60a5d04d661b79ab
MWAgent.Client.WinUI/Strings/Resources,MWAgent.Client.WinUI Resources,nEvtClearIfEmpty,"Leere Eventlog, selbst wenn leer",Adiscon User Interface .resw source; locale=de-DE; revision=edd9fe10d4a120194e4a0a1e60a5d04d661b79ab
MWAgent.Client.WinUI/Strings/Resources,MWAgent.Client.WinUI Resources,nEvtClrPollingCycles,Nach n Zyklen löschen,Adiscon User Interface .resw source; locale=de-DE; revision=edd9fe10d4a120194e4a0a1e60a5d04d661b79ab
MWAgent.Client.WinUI/Strings/Resources,MWAgent.Client.WinUI Resources,nEvtClrSaveToFile,Backup des Ereignisprotokolls ersellen,Adiscon User Interface .resw source; locale=de-DE; revision=edd9fe10d4a120194e4a0a1e60a5d04d661b79ab
MWAgent.Client.WinUI/Strings/Resources,MWAgent.Client.WinUI Resources,nEvtClrTime,Löschen um,Adiscon User Interface .resw source; locale=de-DE; revision=edd9fe10d4a120194e4a0a1e60a5d04d661b79ab
MWAgent.Client.WinUI/Strings/Resources,MWAgent.Client.WinUI Resources,nEvtLogSuccessfullClear,"Logge, falls Leerung erfolgreich",Adiscon User Interface .resw source; locale=de-DE; revision=edd9fe10d4a120194e4a0a1e60a5d04d661b79ab
MWAgent.Client.WinUI/Strings/Resources,MWAgent.Client.WinUI Resources,nFTPPort,FTP Port,Adiscon User Interface .resw source; locale=de-DE; revision=edd9fe10d4a120194e4a0a1e60a5d04d661b79ab
MWAgent.Client.WinUI/Strings/Resources,MWAgent.Client.WinUI Resources,nFacility,Syslog Facility,Adiscon User Interface .resw source; locale=de-DE; revision=edd9fe10d4a120194e4a0a1e60a5d04d661b79ab
MWAgent.Client.WinUI/Strings/Resources,MWAgent.Client.WinUI Resources,nFieldType_,Feldtyp,Adiscon User Interface .resw source; locale=de-DE; revision=edd9fe10d4a120194e4a0a1e60a5d04d661b79ab
MWAgent.Client.WinUI/Strings/Resources,MWAgent.Client.WinUI Resources,nFileDateTime,Datum und Zeit aufnehmen,Adiscon User Interface .resw source; locale=de-DE; revision=edd9fe10d4a120194e4a0a1e60a5d04d661b79ab
MWAgent.Client.WinUI/Strings/Resources,MWAgent.Client.WinUI Resources,nFileDateTimeReported,Zeit und Datum vom Gerät verwenden,Adiscon User Interface .resw source; locale=de-DE; revision=edd9fe10d4a120194e4a0a1e60a5d04d661b79ab
MWAgent.Client.WinUI/Strings/Resources,MWAgent.Client.WinUI Resources,nFileFacility,Syslog Facility aufnehmen,Adiscon User Interface .resw source; locale=de-DE; revision=edd9fe10d4a120194e4a0a1e60a5d04d661b79ab
MWAgent.Client.WinUI/Strings/Resources,MWAgent.Client.WinUI Resources,nFileFormat,Dateiformat,Adiscon User Interface .resw source; locale=de-DE; revision=edd9fe10d4a120194e4a0a1e60a5d04d661b79ab
MWAgent.Client.WinUI/Strings/Resources,MWAgent.Client.WinUI Resources,nFilePriority,Syslog Priority aufnehmen,Adiscon User Interface .resw source; locale=de-DE; revision=edd9fe10d4a120194e4a0a1e60a5d04d661b79ab
MWAgent.Client.WinUI/Strings/Resources,MWAgent.Client.WinUI Resources,nFileSource,Quellsystem aufnehmen,Adiscon User Interface .resw source; locale=de-DE; revision=edd9fe10d4a120194e4a0a1e60a5d04d661b79ab
MWAgent.Client.WinUI/Strings/Resources,MWAgent.Client.WinUI Resources,nForceConnectionClose,Close connection after each Check Interval,Adiscon User Interface .resw source; locale=de-DE; revision=edd9fe10d4a120194e4a0a1e60a5d04d661b79ab
MWAgent.Client.WinUI/Strings/Resources,MWAgent.Client.WinUI Resources,nForceUTF8Decoding,Verwende UTF8 Decodierung wenn Encodierung nicht automatisch bestimmt werden kann,Adiscon User Interface .resw source; locale=de-DE; revision=edd9fe10d4a120194e4a0a1e60a5d04d661b79ab
MWAgent.Client.WinUI/Strings/Resources,MWAgent.Client.WinUI Resources,nFormatType,Wähle Meldungsformat,Adiscon User Interface .resw source; locale=de-DE; revision=edd9fe10d4a120194e4a0a1e60a5d04d661b79ab
MWAgent.Client.WinUI/Strings/Resources,MWAgent.Client.WinUI Resources,nFormatType_DISABLED,Deaktiviert,Adiscon User Interface .resw source; locale=de-DE; revision=edd9fe10d4a120194e4a0a1e60a5d04d661b79ab
MWAgent.Client.WinUI/Strings/Resources,MWAgent.Client.WinUI Resources,nFormatType_Json,JSON Format,Adiscon User Interface .resw source; locale=de-DE; revision=edd9fe10d4a120194e4a0a1e60a5d04d661b79ab
MWAgent.Client.WinUI/Strings/Resources,MWAgent.Client.WinUI Resources,nFormatType_JsonSiem,LogPoint SIEM JSON Format,Adiscon User Interface .resw source; locale=de-DE; revision=edd9fe10d4a120194e4a0a1e60a5d04d661b79ab
MWAgent.Client.WinUI/Strings/Resources,MWAgent.Client.WinUI Resources,nFormatType_Predefined,Vordefiniertes Event Format,Adiscon User Interface .resw source; locale=de-DE; revision=edd9fe10d4a120194e4a0a1e60a5d04d661b79ab
MWAgent.Client.WinUI/Strings/Resources,MWAgent.Client.WinUI Resources,nFormatType_XML,Raw XML Format,Adiscon User Interface .resw source; locale=de-DE; revision=edd9fe10d4a120194e4a0a1e60a5d04d661b79ab
MWAgent.Client.WinUI/Strings/Resources,MWAgent.Client.WinUI Resources,nForwardIUT,Forward as MWAgent XML representation code,Adiscon User Interface .resw source; locale=de-DE; revision=edd9fe10d4a120194e4a0a1e60a5d04d661b79ab
MWAgent.Client.WinUI/Strings/Resources,MWAgent.Client.WinUI Resources,nGenerateOnSuccess,"Event auch dann generieren, wenn FTP Probe erfolgreich war",Adiscon User Interface .resw source; locale=de-DE; revision=edd9fe10d4a120194e4a0a1e60a5d04d661b79ab
MWAgent.Client.WinUI/Strings/Resources,MWAgent.Client.WinUI Resources,nGenericName,Generischer Name,Adiscon User Interface .resw source; locale=de-DE; revision=edd9fe10d4a120194e4a0a1e60a5d04d661b79ab
MWAgent.Client.WinUI/Strings/Resources,MWAgent.Client.WinUI Resources,nHTTPPort,HTTP Port,Adiscon User Interface .resw source; locale=de-DE; revision=edd9fe10d4a120194e4a0a1e60a5d04d661b79ab
MWAgent.Client.WinUI/Strings/Resources,MWAgent.Client.WinUI Resources,nIMAPPort,IMAP Port,Adiscon User Interface .resw source; locale=de-DE; revision=edd9fe10d4a120194e4a0a1e60a5d04d661b79ab
MWAgent.Client.WinUI/Strings/Resources,MWAgent.Client.WinUI Resources,nIgnoreEmptyLines,Leere Zeilen ignorieren,Adiscon User Interface .resw source; locale=de-DE; revision=edd9fe10d4a120194e4a0a1e60a5d04d661b79ab
MWAgent.Client.WinUI/Strings/Resources,MWAgent.Client.WinUI Resources,nIncludeEventParameters,Optionale Event Parameter als Property beibehalten?,Adiscon User Interface .resw source; locale=de-DE; revision=edd9fe10d4a120194e4a0a1e60a5d04d661b79ab
MWAgent.Client.WinUI/Strings/Resources,MWAgent.Client.WinUI Resources,nIncludeMessage,Nachricht aufnehmen,Adiscon User Interface .resw source; locale=de-DE; revision=edd9fe10d4a120194e4a0a1e60a5d04d661b79ab
MWAgent.Client.WinUI/Strings/Resources,MWAgent.Client.WinUI Resources,nIncludeRAWMessage,Originale (RAW) Nachricht aufnehmen,Adiscon User Interface .resw source; locale=de-DE; revision=edd9fe10d4a120194e4a0a1e60a5d04d661b79ab
MWAgent.Client.WinUI/Strings/Resources,MWAgent.Client.WinUI Resources,nIncludeSourceInFilename,Quelle in den Dateinamen einbinden,Adiscon User Interface .resw source; locale=de-DE; revision=edd9fe10d4a120194e4a0a1e60a5d04d661b79ab
MWAgent.Client.WinUI/Strings/Resources,MWAgent.Client.WinUI Resources,nInstanceID,Identifikator der Instanz,Adiscon User Interface .resw source; locale=de-DE; revision=edd9fe10d4a120194e4a0a1e60a5d04d661b79ab
MWAgent.Client.WinUI/Strings/Resources,MWAgent.Client.WinUI Resources,nJSONIncludeMessageProperty,CEE Format beinhaltet Message property,Adiscon User Interface .resw source; locale=de-DE; revision=edd9fe10d4a120194e4a0a1e60a5d04d661b79ab
MWAgent.Client.WinUI/Strings/Resources,MWAgent.Client.WinUI Resources,nJapanStringHandling,Spezielle Unicode Umwandlung für Japanische Systeme,Adiscon User Interface .resw source; locale=de-DE; revision=edd9fe10d4a120194e4a0a1e60a5d04d661b79ab
MWAgent.Client.WinUI/Strings/Resources,MWAgent.Client.WinUI Resources,nKeepReadingUntilNew,"Datei so lange auslesen, bis eine neue erstellt wird",Adiscon User Interface .resw source; locale=de-DE; revision=edd9fe10d4a120194e4a0a1e60a5d04d661b79ab
MWAgent.Client.WinUI/Strings/Resources,MWAgent.Client.WinUI Resources,nLanguageLCID,Bevorzugte Sprache,Adiscon User Interface .resw source; locale=de-DE; revision=edd9fe10d4a120194e4a0a1e60a5d04d661b79ab
MWAgent.Client.WinUI/Strings/Resources,MWAgent.Client.WinUI Resources,nLastPos,Letzte Zeile,Adiscon User Interface .resw source; locale=de-DE; revision=edd9fe10d4a120194e4a0a1e60a5d04d661b79ab
MWAgent.Client.WinUI/Strings/Resources,MWAgent.Client.WinUI Resources,nLastRecord,Letztes Ereignis,Adiscon User Interface .resw source; locale=de-DE; revision=edd9fe10d4a120194e4a0a1e60a5d04d661b79ab
MWAgent.Client.WinUI/Strings/Resources,MWAgent.Client.WinUI Resources,nLastRecordDelayCount,Speichern nach Anzahl von Einträgen,Adiscon User Interface .resw source; locale=de-DE; revision=edd9fe10d4a120194e4a0a1e60a5d04d661b79ab
MWAgent.Client.WinUI/Strings/Resources,MWAgent.Client.WinUI Resources,nLastRecordDelayTime,Speichern nach Wartezeit,Adiscon User Interface .resw source; locale=de-DE; revision=edd9fe10d4a120194e4a0a1e60a5d04d661b79ab
MWAgent.Client.WinUI/Strings/Resources,MWAgent.Client.WinUI Resources,nLastWriteTime,Last WriteTime,Adiscon User Interface .resw source; locale=de-DE; revision=edd9fe10d4a120194e4a0a1e60a5d04d661b79ab
MWAgent.Client.WinUI/Strings/Resources,MWAgent.Client.WinUI Resources,nLibCacheTimeOut,Wie lange Bibliotheken cachen?,Adiscon User Interface .resw source; locale=de-DE; revision=edd9fe10d4a120194e4a0a1e60a5d04d661b79ab
MWAgent.Client.WinUI/Strings/Resources,MWAgent.Client.WinUI Resources,nListenPort,Port,Adiscon User Interface .resw source; locale=de-DE; revision=edd9fe10d4a120194e4a0a1e60a5d04d661b79ab
MWAgent.Client.WinUI/Strings/Resources,MWAgent.Client.WinUI Resources,nLogDoNotRotateOnShutdown,"Keine Rotation, wenn der Dienst angehalten wird.",Adiscon User Interface .resw source; locale=de-DE; revision=edd9fe10d4a120194e4a0a1e60a5d04d661b79ab
MWAgent.Client.WinUI/Strings/Resources,MWAgent.Client.WinUI Resources,nLogEnableRotate,Aktiviere Dateirotation,Adiscon User Interface .resw source; locale=de-DE; revision=edd9fe10d4a120194e4a0a1e60a5d04d661b79ab
MWAgent.Client.WinUI/Strings/Resources,MWAgent.Client.WinUI Resources,nLogEnableRotateTimeOfTheDay,Aktiviere Rotation zu einer bestimmten Tageszeit,Adiscon User Interface .resw source; locale=de-DE; revision=edd9fe10d4a120194e4a0a1e60a5d04d661b79ab
MWAgent.Client.WinUI/Strings/Resources,MWAgent.Client.WinUI Resources,nLogEnableRotateTimeout,Aktiviere Zeit basierte Rotation,Adiscon User Interface .resw source; locale=de-DE; revision=edd9fe10d4a120194e4a0a1e60a5d04d661b79ab
MWAgent.Client.WinUI/Strings/Resources,MWAgent.Client.WinUI Resources,nLogFileType,Logdatei Typ,Adiscon User Interface .resw source; locale=de-DE; revision=edd9fe10d4a120194e4a0a1e60a5d04d661b79ab
MWAgent.Client.WinUI/Strings/Resources,MWAgent.Client.WinUI Resources,nLogMoveAfterRotate,Verschiebe Dateien nach der Rotation,Adiscon User Interface .resw source; locale=de-DE; revision=edd9fe10d4a120194e4a0a1e60a5d04d661b79ab
MWAgent.Client.WinUI/Strings/Resources,MWAgent.Client.WinUI Resources,nLogRotateMaxFiles,Maximale Anzahl der zu rotierenden Dateien,Adiscon User Interface .resw source; locale=de-DE; revision=edd9fe10d4a120194e4a0a1e60a5d04d661b79ab
MWAgent.Client.WinUI/Strings/Resources,MWAgent.Client.WinUI Resources,nLogRotateMaxWait,Maximale Wartezeit bei Logrotation,Adiscon User Interface .resw source; locale=de-DE; revision=edd9fe10d4a120194e4a0a1e60a5d04d661b79ab
MWAgent.Client.WinUI/Strings/Resources,MWAgent.Client.WinUI Resources,nLogRotateOnClose,"Automatische Rotation, wenn eine Datei geschlossen wird",Adiscon User Interface .resw source; locale=de-DE; revision=edd9fe10d4a120194e4a0a1e60a5d04d661b79ab
MWAgent.Client.WinUI/Strings/Resources,MWAgent.Client.WinUI Resources,nLogRotateOnSizeLimit,"Rotation, wenn folgende Dateigröße erreicht wurde:",Adiscon User Interface .resw source; locale=de-DE; revision=edd9fe10d4a120194e4a0a1e60a5d04d661b79ab
MWAgent.Client.WinUI/Strings/Resources,MWAgent.Client.WinUI Resources,nLogRotateSizeLimit,Dateigrößengrenze (KB),Adiscon User Interface .resw source; locale=de-DE; revision=edd9fe10d4a120194e4a0a1e60a5d04d661b79ab
MWAgent.Client.WinUI/Strings/Resources,MWAgent.Client.WinUI Resources,nLogRotateTimeOfTheDay,Tageszeit  (Stunde:Minute),Adiscon User Interface .resw source; locale=de-DE; revision=edd9fe10d4a120194e4a0a1e60a5d04d661b79ab
MWAgent.Client.WinUI/Strings/Resources,MWAgent.Client.WinUI Resources,nLogRotateTimeOfTheDayFriday,Freitag,Adiscon User Interface .resw source; locale=de-DE; revision=edd9fe10d4a120194e4a0a1e60a5d04d661b79ab
MWAgent.Client.WinUI/Strings/Resources,MWAgent.Client.WinUI Resources,nLogRotateTimeOfTheDayMonday,Montag,Adiscon User Interface .resw source; locale=de-DE; revision=edd9fe10d4a120194e4a0a1e60a5d04d661b79ab
MWAgent.Client.WinUI/Strings/Resources,MWAgent.Client.WinUI Resources,nLogRotateTimeOfTheDaySaturday,Samstag,Adiscon User Interface .resw source; locale=de-DE; revision=edd9fe10d4a120194e4a0a1e60a5d04d661b79ab
MWAgent.Client.WinUI/Strings/Resources,MWAgent.Client.WinUI Resources,nLogRotateTimeOfTheDaySunday,Sonntag,Adiscon User Interface .resw source; locale=de-DE; revision=edd9fe10d4a120194e4a0a1e60a5d04d661b79ab
MWAgent.Client.WinUI/Strings/Resources,MWAgent.Client.WinUI Resources,nLogRotateTimeOfTheDayThusday,Donnerstag,Adiscon User Interface .resw source; locale=de-DE; revision=edd9fe10d4a120194e4a0a1e60a5d04d661b79ab
MWAgent.Client.WinUI/Strings/Resources,MWAgent.Client.WinUI Resources,nLogRotateTimeOfTheDayTuesday,Dienstag,Adiscon User Interface .resw source; locale=de-DE; revision=edd9fe10d4a120194e4a0a1e60a5d04d661b79ab
MWAgent.Client.WinUI/Strings/Resources,MWAgent.Client.WinUI Resources,nLogRotateTimeOfTheDayWednesday,Mittwoch,Adiscon User Interface .resw source; locale=de-DE; revision=edd9fe10d4a120194e4a0a1e60a5d04d661b79ab
MWAgent.Client.WinUI/Strings/Resources,MWAgent.Client.WinUI Resources,nLogRotateTimeout,Rotiere Logdateien älter als:,Adiscon User Interface .resw source; locale=de-DE; revision=edd9fe10d4a120194e4a0a1e60a5d04d661b79ab
MWAgent.Client.WinUI/Strings/Resources,MWAgent.Client.WinUI Resources,nLogRotateTimeoutUnit,Einheit,Adiscon User Interface .resw source; locale=de-DE; revision=edd9fe10d4a120194e4a0a1e60a5d04d661b79ab
MWAgent.Client.WinUI/Strings/Resources,MWAgent.Client.WinUI Resources,nLogRotateWorkerCount,Anzahl der Logrotations-Worker,Adiscon User Interface .resw source; locale=de-DE; revision=edd9fe10d4a120194e4a0a1e60a5d04d661b79ab
MWAgent.Client.WinUI/Strings/Resources,MWAgent.Client.WinUI Resources,nLogRotateWorkerEnable,Logrotation mit Warteschlangen-Workern aktivieren,Adiscon User Interface .resw source; locale=de-DE; revision=edd9fe10d4a120194e4a0a1e60a5d04d661b79ab
MWAgent.Client.WinUI/Strings/Resources,MWAgent.Client.WinUI Resources,nLogRotateWorkerSleepTime,Wartezeit zwischen den Queue-Prüfungen,Adiscon User Interface .resw source; locale=de-DE; revision=edd9fe10d4a120194e4a0a1e60a5d04d661b79ab
MWAgent.Client.WinUI/Strings/Resources,MWAgent.Client.WinUI Resources,nLogRotateWorkerStopWaitTimeout,Wartezeit beim Dienststopp für laufende Logrotationsjobs,Adiscon User Interface .resw source; locale=de-DE; revision=edd9fe10d4a120194e4a0a1e60a5d04d661b79ab
MWAgent.Client.WinUI/Strings/Resources,MWAgent.Client.WinUI Resources,nLogZipAfterRotate,Komprimiere Datei nach der Rotation,Adiscon User Interface .resw source; locale=de-DE; revision=edd9fe10d4a120194e4a0a1e60a5d04d661b79ab
MWAgent.Client.WinUI/Strings/Resources,MWAgent.Client.WinUI Resources,nLogZipAfterRotateFormat,Kompressionsformat,Adiscon User Interface .resw source; locale=de-DE; revision=edd9fe10d4a120194e4a0a1e60a5d04d661b79ab
MWAgent.Client.WinUI/Strings/Resources,MWAgent.Client.WinUI Resources,nLogZipCompressionLevel,Kompressionsstufe,Adiscon User Interface .resw source; locale=de-DE; revision=edd9fe10d4a120194e4a0a1e60a5d04d661b79ab
MWAgent.Client.WinUI/Strings/Resources,MWAgent.Client.WinUI Resources,nMAX_LONGVCHAR_LEN,Maximum text Länge (Bytes),Adiscon User Interface .resw source; locale=de-DE; revision=edd9fe10d4a120194e4a0a1e60a5d04d661b79ab
MWAgent.Client.WinUI/Strings/Resources,MWAgent.Client.WinUI Resources,nMAX_VCHAR_LEN,Maximum char Länge (Bytes),Adiscon User Interface .resw source; locale=de-DE; revision=edd9fe10d4a120194e4a0a1e60a5d04d661b79ab
MWAgent.Client.WinUI/Strings/Resources,MWAgent.Client.WinUI Resources,nMEMEnable,Aktiviere Check für gesamten Speicher,Adiscon User Interface .resw source; locale=de-DE; revision=edd9fe10d4a120194e4a0a1e60a5d04d661b79ab
MWAgent.Client.WinUI/Strings/Resources,MWAgent.Client.WinUI Resources,nMEMOccurences,Häufigkeit bis der Alarm ausgeführt wird,Adiscon User Interface .resw source; locale=de-DE; revision=edd9fe10d4a120194e4a0a1e60a5d04d661b79ab
MWAgent.Client.WinUI/Strings/Resources,MWAgent.Client.WinUI Resources,nMEMPsyEnable,Aktiviere Check für physischen Speicher,Adiscon User Interface .resw source; locale=de-DE; revision=edd9fe10d4a120194e4a0a1e60a5d04d661b79ab
MWAgent.Client.WinUI/Strings/Resources,MWAgent.Client.WinUI Resources,nMEMPsyOccurences,Häufigkeit bis der Alarm ausgeführt wird,Adiscon User Interface .resw source; locale=de-DE; revision=edd9fe10d4a120194e4a0a1e60a5d04d661b79ab
MWAgent.Client.WinUI/Strings/Resources,MWAgent.Client.WinUI Resources,nMEMPsyReportIfBelowAlarm,"Berichten, auch wenn physische Speicherlast unter dem Alarmlevel liegt",Adiscon User Interface .resw source; locale=de-DE; revision=edd9fe10d4a120194e4a0a1e60a5d04d661b79ab
MWAgent.Client.WinUI/Strings/Resources,MWAgent.Client.WinUI Resources,nMEMPsyUsageAlarmLevel,Physischer Speicher Nutzungs-Alarmlevel,Adiscon User Interface .resw source; locale=de-DE; revision=edd9fe10d4a120194e4a0a1e60a5d04d661b79ab
MWAgent.Client.WinUI/Strings/Resources,MWAgent.Client.WinUI Resources,nMEMReportIfBelowAlarm,"Berichten, auch wenn gesamte Speicherlast unter dem Alarmlevel liegt",Adiscon User Interface .resw source; locale=de-DE; revision=edd9fe10d4a120194e4a0a1e60a5d04d661b79ab
MWAgent.Client.WinUI/Strings/Resources,MWAgent.Client.WinUI Resources,nMEMUsageAlarmLevel,Speichernutzung Alarmlevel,Adiscon User Interface .resw source; locale=de-DE; revision=edd9fe10d4a120194e4a0a1e60a5d04d661b79ab
MWAgent.Client.WinUI/Strings/Resources,MWAgent.Client.WinUI Resources,nMEMVirtEnable,Aktiviere Check für virtuellen Speicher,Adiscon User Interface .resw source; locale=de-DE; revision=edd9fe10d4a120194e4a0a1e60a5d04d661b79ab
MWAgent.Client.WinUI/Strings/Resources,MWAgent.Client.WinUI Resources,nMEMVirtOccurences,Häufigkeit bis der Alarm ausgeführt wird,Adiscon User Interface .resw source; locale=de-DE; revision=edd9fe10d4a120194e4a0a1e60a5d04d661b79ab
MWAgent.Client.WinUI/Strings/Resources,MWAgent.Client.WinUI Resources,nMEMVirtReportIfBelowAlarm,"Berichten, auch wenn virtuelle Speicherlast unter dem Alarmlevel liegt",Adiscon User Interface .resw source; locale=de-DE; revision=edd9fe10d4a120194e4a0a1e60a5d04d661b79ab
MWAgent.Client.WinUI/Strings/Resources,MWAgent.Client.WinUI Resources,nMEMVirtUsageAlarmLevel,Virtueller Speicher Nutzungs-Alarmlevel,Adiscon User Interface .resw source; locale=de-DE; revision=edd9fe10d4a120194e4a0a1e60a5d04d661b79ab
MWAgent.Client.WinUI/Strings/Resources,MWAgent.Client.WinUI Resources,nMIAPSendPort,Standard SETP Port,Adiscon User Interface .resw source; locale=de-DE; revision=edd9fe10d4a120194e4a0a1e60a5d04d661b79ab
MWAgent.Client.WinUI/Strings/Resources,MWAgent.Client.WinUI Resources,nMailPriority,Mail Priorität,Adiscon User Interface .resw source; locale=de-DE; revision=edd9fe10d4a120194e4a0a1e60a5d04d661b79ab
MWAgent.Client.WinUI/Strings/Resources,MWAgent.Client.WinUI Resources,nMaxBytesPerMessage,Maximale Anzahl von Bytes pro Message,Adiscon User Interface .resw source; locale=de-DE; revision=edd9fe10d4a120194e4a0a1e60a5d04d661b79ab
MWAgent.Client.WinUI/Strings/Resources,MWAgent.Client.WinUI Resources,nMaxFileSize,Maximale Dateigröße (KB):,Adiscon User Interface .resw source; locale=de-DE; revision=edd9fe10d4a120194e4a0a1e60a5d04d661b79ab
MWAgent.Client.WinUI/Strings/Resources,MWAgent.Client.WinUI Resources,nMaxValueLength,Maximale Wertlänge (Bytes):,Adiscon User Interface .resw source; locale=de-DE; revision=edd9fe10d4a120194e4a0a1e60a5d04d661b79ab
MWAgent.Client.WinUI/Strings/Resources,MWAgent.Client.WinUI Resources,nMessagePriority,Queue Priorität,Adiscon User Interface .resw source; locale=de-DE; revision=edd9fe10d4a120194e4a0a1e60a5d04d661b79ab
MWAgent.Client.WinUI/Strings/Resources,MWAgent.Client.WinUI Resources,nMultipleFiles,Verzeichnisse oder mehrere Dateien lesen (Wildcard im Dateinamen benötigt),Adiscon User Interface .resw source; locale=de-DE; revision=edd9fe10d4a120194e4a0a1e60a5d04d661b79ab
MWAgent.Client.WinUI/Strings/Resources,MWAgent.Client.WinUI Resources,nNNTPPort,NNTP Port,Adiscon User Interface .resw source; locale=de-DE; revision=edd9fe10d4a120194e4a0a1e60a5d04d661b79ab
MWAgent.Client.WinUI/Strings/Resources,MWAgent.Client.WinUI Resources,nNbrOfRetries,Anzahl Wiederholungsversuche,Adiscon User Interface .resw source; locale=de-DE; revision=edd9fe10d4a120194e4a0a1e60a5d04d661b79ab
MWAgent.Client.WinUI/Strings/Resources,MWAgent.Client.WinUI Resources,nNoExistingEntries,Bestehende Einträge NICHT verarbeiten,Adiscon User Interface .resw source; locale=de-DE; revision=edd9fe10d4a120194e4a0a1e60a5d04d661b79ab
MWAgent.Client.WinUI/Strings/Resources,MWAgent.Client.WinUI Resources,nNumberOfLogfiles,Anzahl der Logdateien:,Adiscon User Interface .resw source; locale=de-DE; revision=edd9fe10d4a120194e4a0a1e60a5d04d661b79ab
MWAgent.Client.WinUI/Strings/Resources,MWAgent.Client.WinUI Resources,nODBCEnCryption,Passwortverschlüsselung aktivieren,Adiscon User Interface .resw source; locale=de-DE; revision=edd9fe10d4a120194e4a0a1e60a5d04d661b79ab
MWAgent.Client.WinUI/Strings/Resources,MWAgent.Client.WinUI Resources,nOleDbEnCryption,Encrypt password,Adiscon User Interface .resw source; locale=de-DE; revision=edd9fe10d4a120194e4a0a1e60a5d04d661b79ab
MWAgent.Client.WinUI/Strings/Resources,MWAgent.Client.WinUI Resources,nOnMaxProc,An max. Prozesse,Adiscon User Interface .resw source; locale=de-DE; revision=edd9fe10d4a120194e4a0a1e60a5d04d661b79ab
MWAgent.Client.WinUI/Strings/Resources,MWAgent.Client.WinUI Resources,nOnMaxProcWait,Wartezeit an max. Prozesse,Adiscon User Interface .resw source; locale=de-DE; revision=edd9fe10d4a120194e4a0a1e60a5d04d661b79ab
MWAgent.Client.WinUI/Strings/Resources,MWAgent.Client.WinUI Resources,nOutputEncodingUTF8BOM,Include UTF8 BOM in message,Adiscon User Interface .resw source; locale=de-DE; revision=edd9fe10d4a120194e4a0a1e60a5d04d661b79ab
MWAgent.Client.WinUI/Strings/Resources,MWAgent.Client.WinUI Resources,nOutputFormat,Lognorm Ausgabe Format,Adiscon User Interface .resw source; locale=de-DE; revision=edd9fe10d4a120194e4a0a1e60a5d04d661b79ab
MWAgent.Client.WinUI/Strings/Resources,MWAgent.Client.WinUI Resources,nPOP3Port,POP3 Port,Adiscon User Interface .resw source; locale=de-DE; revision=edd9fe10d4a120194e4a0a1e60a5d04d661b79ab
MWAgent.Client.WinUI/Strings/Resources,MWAgent.Client.WinUI Resources,nParity,Parity,Adiscon User Interface .resw source; locale=de-DE; revision=edd9fe10d4a120194e4a0a1e60a5d04d661b79ab
MWAgent.Client.WinUI/Strings/Resources,MWAgent.Client.WinUI Resources,nParseSyslogDate,Zeitstempel aus Syslog-Meldung verwenden (RFC 3164),Adiscon User Interface .resw source; locale=de-DE; revision=edd9fe10d4a120194e4a0a1e60a5d04d661b79ab
MWAgent.Client.WinUI/Strings/Resources,MWAgent.Client.WinUI Resources,nPort,HTTP Port,Adiscon User Interface .resw source; locale=de-DE; revision=edd9fe10d4a120194e4a0a1e60a5d04d661b79ab
MWAgent.Client.WinUI/Strings/Resources,MWAgent.Client.WinUI Resources,nPortNumber,Port,Adiscon User Interface .resw source; locale=de-DE; revision=edd9fe10d4a120194e4a0a1e60a5d04d661b79ab
MWAgent.Client.WinUI/Strings/Resources,MWAgent.Client.WinUI Resources,nPort_,Port,Adiscon User Interface .resw source; locale=de-DE; revision=edd9fe10d4a120194e4a0a1e60a5d04d661b79ab
MWAgent.Client.WinUI/Strings/Resources,MWAgent.Client.WinUI Resources,nPreventOverrunDelay,Zeitverzug für Overrun Prävention (ms),Adiscon User Interface .resw source; locale=de-DE; revision=edd9fe10d4a120194e4a0a1e60a5d04d661b79ab
MWAgent.Client.WinUI/Strings/Resources,MWAgent.Client.WinUI Resources,nPriorityAuditFailure,Audit Fehler,Adiscon User Interface .resw source; locale=de-DE; revision=edd9fe10d4a120194e4a0a1e60a5d04d661b79ab
MWAgent.Client.WinUI/Strings/Resources,MWAgent.Client.WinUI Resources,nPriorityAuditSuccess,Audit Erfolg,Adiscon User Interface .resw source; locale=de-DE; revision=edd9fe10d4a120194e4a0a1e60a5d04d661b79ab
MWAgent.Client.WinUI/Strings/Resources,MWAgent.Client.WinUI Resources,nPriorityCritical,Critical,Adiscon User Interface .resw source; locale=de-DE; revision=edd9fe10d4a120194e4a0a1e60a5d04d661b79ab
MWAgent.Client.WinUI/Strings/Resources,MWAgent.Client.WinUI Resources,nPriorityError,Fehler,Adiscon User Interface .resw source; locale=de-DE; revision=edd9fe10d4a120194e4a0a1e60a5d04d661b79ab
MWAgent.Client.WinUI/Strings/Resources,MWAgent.Client.WinUI Resources,nPriorityInfo,Information,Adiscon User Interface .resw source; locale=de-DE; revision=edd9fe10d4a120194e4a0a1e60a5d04d661b79ab
MWAgent.Client.WinUI/Strings/Resources,MWAgent.Client.WinUI Resources,nPriorityInformation,Information,Adiscon User Interface .resw source; locale=de-DE; revision=edd9fe10d4a120194e4a0a1e60a5d04d661b79ab
MWAgent.Client.WinUI/Strings/Resources,MWAgent.Client.WinUI Resources,nPrioritySuccess,Erfolg,Adiscon User Interface .resw source; locale=de-DE; revision=edd9fe10d4a120194e4a0a1e60a5d04d661b79ab
MWAgent.Client.WinUI/Strings/Resources,MWAgent.Client.WinUI Resources,nPriorityVerbose,Verbose,Adiscon User Interface .resw source; locale=de-DE; revision=edd9fe10d4a120194e4a0a1e60a5d04d661b79ab
MWAgent.Client.WinUI/Strings/Resources,MWAgent.Client.WinUI Resources,nPriorityWarning,Warnung,Adiscon User Interface .resw source; locale=de-DE; revision=edd9fe10d4a120194e4a0a1e60a5d04d661b79ab
MWAgent.Client.WinUI/Strings/Resources,MWAgent.Client.WinUI Resources,nProcMode,Ausführungsmodus,Adiscon User Interface .resw source; locale=de-DE; revision=edd9fe10d4a120194e4a0a1e60a5d04d661b79ab
MWAgent.Client.WinUI/Strings/Resources,MWAgent.Client.WinUI Resources,nProcessPriority,Prozess Priorität,Adiscon User Interface .resw source; locale=de-DE; revision=edd9fe10d4a120194e4a0a1e60a5d04d661b79ab
MWAgent.Client.WinUI/Strings/Resources,MWAgent.Client.WinUI Resources,nProcessRestOfFile,Verarbeite den Rest der logdatei als Message (Falls kein weitereres Trennzeichen gefunden wird.),Adiscon User Interface .resw source; locale=de-DE; revision=edd9fe10d4a120194e4a0a1e60a5d04d661b79ab
MWAgent.Client.WinUI/Strings/Resources,MWAgent.Client.WinUI Resources,nProcessingLow,Verarbeitungsstand,Adiscon User Interface .resw source; locale=de-DE; revision=edd9fe10d4a120194e4a0a1e60a5d04d661b79ab
MWAgent.Client.WinUI/Strings/Resources,MWAgent.Client.WinUI Resources,nPropertiesTable,Aktiviere Objekt-Details Logging,Adiscon User Interface .resw source; locale=de-DE; revision=edd9fe10d4a120194e4a0a1e60a5d04d661b79ab
MWAgent.Client.WinUI/Strings/Resources,MWAgent.Client.WinUI Resources,nPropertyMsgSep,Trennzeichen in Property speichern (%msgsep%),Adiscon User Interface .resw source; locale=de-DE; revision=edd9fe10d4a120194e4a0a1e60a5d04d661b79ab
MWAgent.Client.WinUI/Strings/Resources,MWAgent.Client.WinUI Resources,nPropertyMsgSepReset,Trennzeichen nach jedem Lauf zurücksetzen,Adiscon User Interface .resw source; locale=de-DE; revision=edd9fe10d4a120194e4a0a1e60a5d04d661b79ab
MWAgent.Client.WinUI/Strings/Resources,MWAgent.Client.WinUI Resources,nProtectAgainstShutdown,Service gegen Herunterfahren sichern,Adiscon User Interface .resw source; locale=de-DE; revision=edd9fe10d4a120194e4a0a1e60a5d04d661b79ab
MWAgent.Client.WinUI/Strings/Resources,MWAgent.Client.WinUI Resources,nProtocolType,Protokoll Typ,Adiscon User Interface .resw source; locale=de-DE; revision=edd9fe10d4a120194e4a0a1e60a5d04d661b79ab
MWAgent.Client.WinUI/Strings/Resources,MWAgent.Client.WinUI Resources,nQueueLimit,Queuelimit,Adiscon User Interface .resw source; locale=de-DE; revision=edd9fe10d4a120194e4a0a1e60a5d04d661b79ab
MWAgent.Client.WinUI/Strings/Resources,MWAgent.Client.WinUI Resources,nRFC3164DetectYear,Versuche Jahr aus dem message timestamp zu erkennen (RFC 3164),Adiscon User Interface .resw source; locale=de-DE; revision=edd9fe10d4a120194e4a0a1e60a5d04d661b79ab
MWAgent.Client.WinUI/Strings/Resources,MWAgent.Client.WinUI Resources,nRFC3164Parsing,RFC 3164 Parsing aktivieren,Adiscon User Interface .resw source; locale=de-DE; revision=edd9fe10d4a120194e4a0a1e60a5d04d661b79ab
MWAgent.Client.WinUI/Strings/Resources,MWAgent.Client.WinUI Resources,nRFC5424AddProcID2SyslogTag,"Falls verfügbar, ProcessID an Syslogtag anhängen",Adiscon User Interface .resw source; locale=de-DE; revision=edd9fe10d4a120194e4a0a1e60a5d04d661b79ab
MWAgent.Client.WinUI/Strings/Resources,MWAgent.Client.WinUI Resources,nRFC5424Parsing,RFC 5424 Parsing aktivieren,Adiscon User Interface .resw source; locale=de-DE; revision=edd9fe10d4a120194e4a0a1e60a5d04d661b79ab
MWAgent.Client.WinUI/Strings/Resources,MWAgent.Client.WinUI Resources,nReUseFile,Datei leeren anstatt zu löschen (Datei wird wiederverwendet),Adiscon User Interface .resw source; locale=de-DE; revision=edd9fe10d4a120194e4a0a1e60a5d04d661b79ab
MWAgent.Client.WinUI/Strings/Resources,MWAgent.Client.WinUI Resources,nReadFileBuffer,Lesepuffergröße,Adiscon User Interface .resw source; locale=de-DE; revision=edd9fe10d4a120194e4a0a1e60a5d04d661b79ab
MWAgent.Client.WinUI/Strings/Resources,MWAgent.Client.WinUI Resources,nReadFromFile,Ereignisprotokoll aus Datei lesen,Adiscon User Interface .resw source; locale=de-DE; revision=edd9fe10d4a120194e4a0a1e60a5d04d661b79ab
MWAgent.Client.WinUI/Strings/Resources,MWAgent.Client.WinUI Resources,nReadSourceLocally,Ereignisprotokoll-Quellen von lokaler Maschien verwenden,Adiscon User Interface .resw source; locale=de-DE; revision=edd9fe10d4a120194e4a0a1e60a5d04d661b79ab
MWAgent.Client.WinUI/Strings/Resources,MWAgent.Client.WinUI Resources,nRemoveControlChars,Steuerzeichen entfernen,Adiscon User Interface .resw source; locale=de-DE; revision=edd9fe10d4a120194e4a0a1e60a5d04d661b79ab
MWAgent.Client.WinUI/Strings/Resources,MWAgent.Client.WinUI Resources,nRemoveControlCharsFromParams,Steuerzeichen aus String Parametern entfernen,Adiscon User Interface .resw source; locale=de-DE; revision=edd9fe10d4a120194e4a0a1e60a5d04d661b79ab
MWAgent.Client.WinUI/Strings/Resources,MWAgent.Client.WinUI Resources,nRemoveLeadingSpaces,Vorangeführte Leerzeichen entfernen,Adiscon User Interface .resw source; locale=de-DE; revision=edd9fe10d4a120194e4a0a1e60a5d04d661b79ab
MWAgent.Client.WinUI/Strings/Resources,MWAgent.Client.WinUI Resources,nReplaceNullBytes,NULL Bytes durch Leerzeichen ersetzen,Adiscon User Interface .resw source; locale=de-DE; revision=edd9fe10d4a120194e4a0a1e60a5d04d661b79ab
MWAgent.Client.WinUI/Strings/Resources,MWAgent.Client.WinUI Resources,nReportCrash,Absturzberichte automatisch an Adiscon Support senden,Adiscon User Interface .resw source; locale=de-DE; revision=edd9fe10d4a120194e4a0a1e60a5d04d661b79ab
MWAgent.Client.WinUI/Strings/Resources,MWAgent.Client.WinUI Resources,nReportErrorOnFNF,"Erzeuge einen Fehler im Anwendungsprotokoll, wenn die Datei nicht gefunden wurde",Adiscon User Interface .resw source; locale=de-DE; revision=edd9fe10d4a120194e4a0a1e60a5d04d661b79ab
MWAgent.Client.WinUI/Strings/Resources,MWAgent.Client.WinUI Resources,nReportInJSON,Use CEE enhanced Syslog Format,Adiscon User Interface .resw source; locale=de-DE; revision=edd9fe10d4a120194e4a0a1e60a5d04d661b79ab
MWAgent.Client.WinUI/Strings/Resources,MWAgent.Client.WinUI Resources,nResolveIfName,"Auch auflösen, wenn der Quellname schon ein Name ist",Adiscon User Interface .resw source; locale=de-DE; revision=edd9fe10d4a120194e4a0a1e60a5d04d661b79ab
MWAgent.Client.WinUI/Strings/Resources,MWAgent.Client.WinUI Resources,nResolveLongMibNames,Mibnamen vollständig auflösen (Langes Format),Adiscon User Interface .resw source; locale=de-DE; revision=edd9fe10d4a120194e4a0a1e60a5d04d661b79ab
MWAgent.Client.WinUI/Strings/Resources,MWAgent.Client.WinUI Resources,nResolveMibNamesShort,Kurzes Format verwenden (Letzter Teil der OID),Adiscon User Interface .resw source; locale=de-DE; revision=edd9fe10d4a120194e4a0a1e60a5d04d661b79ab
MWAgent.Client.WinUI/Strings/Resources,MWAgent.Client.WinUI Resources,nResolveNames,Hostnamen auflösen,Adiscon User Interface .resw source; locale=de-DE; revision=edd9fe10d4a120194e4a0a1e60a5d04d661b79ab
MWAgent.Client.WinUI/Strings/Resources,MWAgent.Client.WinUI Resources,nRetryCount,Wiederholungszähler:,Adiscon User Interface .resw source; locale=de-DE; revision=edd9fe10d4a120194e4a0a1e60a5d04d661b79ab
MWAgent.Client.WinUI/Strings/Resources,MWAgent.Client.WinUI Resources,nRetryInterval,Wiederholungsintervall (ms),Adiscon User Interface .resw source; locale=de-DE; revision=edd9fe10d4a120194e4a0a1e60a5d04d661b79ab
MWAgent.Client.WinUI/Strings/Resources,MWAgent.Client.WinUI Resources,nRetryPeriod,Wdh. Zeit (ms):,Adiscon User Interface .resw source; locale=de-DE; revision=edd9fe10d4a120194e4a0a1e60a5d04d661b79ab
MWAgent.Client.WinUI/Strings/Resources,MWAgent.Client.WinUI Resources,nRingBufferSize,Queue Dateigröße (statisch),Adiscon User Interface .resw source; locale=de-DE; revision=edd9fe10d4a120194e4a0a1e60a5d04d661b79ab
MWAgent.Client.WinUI/Strings/Resources,MWAgent.Client.WinUI Resources,nRoundRobinMsgCount,"Anzahl der Meldungen, die an jeden Syslogserver gesendet werden bevor ein Wechsel statt findet.",Adiscon User Interface .resw source; locale=de-DE; revision=edd9fe10d4a120194e4a0a1e60a5d04d661b79ab
MWAgent.Client.WinUI/Strings/Resources,MWAgent.Client.WinUI Resources,nRtsControl,RTS Control Flow,Adiscon User Interface .resw source; locale=de-DE; revision=edd9fe10d4a120194e4a0a1e60a5d04d661b79ab
MWAgent.Client.WinUI/Strings/Resources,MWAgent.Client.WinUI Resources,nSMTPPort,Port,Adiscon User Interface .resw source; locale=de-DE; revision=edd9fe10d4a120194e4a0a1e60a5d04d661b79ab
MWAgent.Client.WinUI/Strings/Resources,MWAgent.Client.WinUI Resources,nSMTPPortBackup,Port,Adiscon User Interface .resw source; locale=de-DE; revision=edd9fe10d4a120194e4a0a1e60a5d04d661b79ab
MWAgent.Client.WinUI/Strings/Resources,MWAgent.Client.WinUI Resources,nSQLConnectionTimeOut,SQL Verbindungs-Timeout,Adiscon User Interface .resw source; locale=de-DE; revision=edd9fe10d4a120194e4a0a1e60a5d04d661b79ab
MWAgent.Client.WinUI/Strings/Resources,MWAgent.Client.WinUI Resources,nSQLStatementType,Statement Typ,Adiscon User Interface .resw source; locale=de-DE; revision=edd9fe10d4a120194e4a0a1e60a5d04d661b79ab
MWAgent.Client.WinUI/Strings/Resources,MWAgent.Client.WinUI Resources,nSaveSourceIntoProperty,Speichere originale Quelle zuerst in folgendes Property,Adiscon User Interface .resw source; locale=de-DE; revision=edd9fe10d4a120194e4a0a1e60a5d04d661b79ab
MWAgent.Client.WinUI/Strings/Resources,MWAgent.Client.WinUI Resources,nSavingLow,Gespeicherter Stand,Adiscon User Interface .resw source; locale=de-DE; revision=edd9fe10d4a120194e4a0a1e60a5d04d661b79ab
MWAgent.Client.WinUI/Strings/Resources,MWAgent.Client.WinUI Resources,nSegmentFileBySize,Dateigrößensegment (KB),Adiscon User Interface .resw source; locale=de-DE; revision=edd9fe10d4a120194e4a0a1e60a5d04d661b79ab
MWAgent.Client.WinUI/Strings/Resources,MWAgent.Client.WinUI Resources,nSegmentFileEnable,"Wenn Größe erreicht ist, Dateien segmentieren (KB):",Adiscon User Interface .resw source; locale=de-DE; revision=edd9fe10d4a120194e4a0a1e60a5d04d661b79ab
MWAgent.Client.WinUI/Strings/Resources,MWAgent.Client.WinUI Resources,nSelpSendPort,RELP Port,Adiscon User Interface .resw source; locale=de-DE; revision=edd9fe10d4a120194e4a0a1e60a5d04d661b79ab
MWAgent.Client.WinUI/Strings/Resources,MWAgent.Client.WinUI Resources,nSendExpect,Sende Meldung und prüfe auf erwartete Rückmeldung,Adiscon User Interface .resw source; locale=de-DE; revision=edd9fe10d4a120194e4a0a1e60a5d04d661b79ab
MWAgent.Client.WinUI/Strings/Resources,MWAgent.Client.WinUI Resources,nSendMode,Syslog Sendemodus,Adiscon User Interface .resw source; locale=de-DE; revision=edd9fe10d4a120194e4a0a1e60a5d04d661b79ab
MWAgent.Client.WinUI/Strings/Resources,MWAgent.Client.WinUI Resources,nSendRecvTimeOut,Senden / Empfangen Timeout,Adiscon User Interface .resw source; locale=de-DE; revision=edd9fe10d4a120194e4a0a1e60a5d04d661b79ab
MWAgent.Client.WinUI/Strings/Resources,MWAgent.Client.WinUI Resources,nSendTimeOut,Send /Receive Timeout,Adiscon User Interface .resw source; locale=de-DE; revision=edd9fe10d4a120194e4a0a1e60a5d04d661b79ab
MWAgent.Client.WinUI/Strings/Resources,MWAgent.Client.WinUI Resources,nShutdownProtectionTimeout,Zeitlimit für den Herunterfahrschutz,Adiscon User Interface .resw source; locale=de-DE; revision=edd9fe10d4a120194e4a0a1e60a5d04d661b79ab
MWAgent.Client.WinUI/Strings/Resources,MWAgent.Client.WinUI Resources,nShutdownProtectionTimeout_Description,0 wartet ohne Zeitlimit. Ein positiver Wert begrenzt das gesamte geschützte Herunterfahren in Millisekunden; beim Erreichen können noch nicht dauerhaft gespeicherte Nachrichten verloren gehen.,Adiscon User Interface .resw source; locale=de-DE; revision=edd9fe10d4a120194e4a0a1e60a5d04d661b79ab
MWAgent.Client.WinUI/Strings/Resources,MWAgent.Client.WinUI Resources,nShutdownProtectionTimeout_ZeroLabel,0 (unbegrenzt),Adiscon User Interface .resw source; locale=de-DE; revision=edd9fe10d4a120194e4a0a1e60a5d04d661b79ab
MWAgent.Client.WinUI/Strings/Resources,MWAgent.Client.WinUI Resources,nSkipLinesEnabled,Alle Zeilen beim Start überspringen,Adiscon User Interface .resw source; locale=de-DE; revision=edd9fe10d4a120194e4a0a1e60a5d04d661b79ab
MWAgent.Client.WinUI/Strings/Resources,MWAgent.Client.WinUI Resources,nSleepTime,Prüfintervall (ms),Adiscon User Interface .resw source; locale=de-DE; revision=edd9fe10d4a120194e4a0a1e60a5d04d661b79ab
MWAgent.Client.WinUI/Strings/Resources,MWAgent.Client.WinUI Resources,nSnmpVersion,SNMP Version,Adiscon User Interface .resw source; locale=de-DE; revision=edd9fe10d4a120194e4a0a1e60a5d04d661b79ab
MWAgent.Client.WinUI/Strings/Resources,MWAgent.Client.WinUI Resources,nSpecificType,Specific Type,Adiscon User Interface .resw source; locale=de-DE; revision=edd9fe10d4a120194e4a0a1e60a5d04d661b79ab
MWAgent.Client.WinUI/Strings/Resources,MWAgent.Client.WinUI Resources,nSpoofIPAddress,Enable IP Spoofing for the UDP Protocol. See the manual for more details,Adiscon User Interface .resw source; locale=de-DE; revision=edd9fe10d4a120194e4a0a1e60a5d04d661b79ab
MWAgent.Client.WinUI/Strings/Resources,MWAgent.Client.WinUI Resources,nStopbits,Stop bits,Adiscon User Interface .resw source; locale=de-DE; revision=edd9fe10d4a120194e4a0a1e60a5d04d661b79ab
MWAgent.Client.WinUI/Strings/Resources,MWAgent.Client.WinUI Resources,nSubscriptionSleepTime,Wartezeit nach Fehlschlag einer Aktion,Adiscon User Interface .resw source; locale=de-DE; revision=edd9fe10d4a120194e4a0a1e60a5d04d661b79ab
MWAgent.Client.WinUI/Strings/Resources,MWAgent.Client.WinUI Resources,nSyncTimeOut,Sync Timeout,Adiscon User Interface .resw source; locale=de-DE; revision=edd9fe10d4a120194e4a0a1e60a5d04d661b79ab
MWAgent.Client.WinUI/Strings/Resources,MWAgent.Client.WinUI Resources,nSyntax_,Typ,Adiscon User Interface .resw source; locale=de-DE; revision=edd9fe10d4a120194e4a0a1e60a5d04d661b79ab
MWAgent.Client.WinUI/Strings/Resources,MWAgent.Client.WinUI Resources,nSyslogInsertSource,Add Syslog Source when forwarding to other Syslog servers,Adiscon User Interface .resw source; locale=de-DE; revision=edd9fe10d4a120194e4a0a1e60a5d04d661b79ab
MWAgent.Client.WinUI/Strings/Resources,MWAgent.Client.WinUI Resources,nSyslogMaxMessageSize,Maximale Nachrichtengröße für Syslog (Bytes),Adiscon User Interface .resw source; locale=de-DE; revision=edd9fe10d4a120194e4a0a1e60a5d04d661b79ab
MWAgent.Client.WinUI/Strings/Resources,MWAgent.Client.WinUI Resources,nSyslogPortBackup,Syslog Port,Adiscon User Interface .resw source; locale=de-DE; revision=edd9fe10d4a120194e4a0a1e60a5d04d661b79ab
MWAgent.Client.WinUI/Strings/Resources,MWAgent.Client.WinUI Resources,nSyslogPort_,Syslog Port,Adiscon User Interface .resw source; locale=de-DE; revision=edd9fe10d4a120194e4a0a1e60a5d04d661b79ab
MWAgent.Client.WinUI/Strings/Resources,MWAgent.Client.WinUI Resources,nSyslogSendPort,Syslog Port,Adiscon User Interface .resw source; locale=de-DE; revision=edd9fe10d4a120194e4a0a1e60a5d04d661b79ab
MWAgent.Client.WinUI/Strings/Resources,MWAgent.Client.WinUI Resources,nSystemID,SystemID,Adiscon User Interface .resw source; locale=de-DE; revision=edd9fe10d4a120194e4a0a1e60a5d04d661b79ab
MWAgent.Client.WinUI/Strings/Resources,MWAgent.Client.WinUI Resources,nTCPMaxSessions,Maximale TCP-Sitzungen,Adiscon User Interface .resw source; locale=de-DE; revision=edd9fe10d4a120194e4a0a1e60a5d04d661b79ab
MWAgent.Client.WinUI/Strings/Resources,MWAgent.Client.WinUI Resources,nTLSAllowExpiredCerts,Abgelaufene Peer-Zertifikate erlauben,Adiscon User Interface .resw source; locale=de-DE; revision=edd9fe10d4a120194e4a0a1e60a5d04d661b79ab
MWAgent.Client.WinUI/Strings/Resources,MWAgent.Client.WinUI Resources,nTLSFailOnConfigCommandError,Bei TLS-Konfigurationsbefehlsfehlern abbrechen,Adiscon User Interface .resw source; locale=de-DE; revision=edd9fe10d4a120194e4a0a1e60a5d04d661b79ab
MWAgent.Client.WinUI/Strings/Resources,MWAgent.Client.WinUI Resources,nTLSHandshakeTimeout,TLS-Handshake-Timeout,Adiscon User Interface .resw source; locale=de-DE; revision=edd9fe10d4a120194e4a0a1e60a5d04d661b79ab
MWAgent.Client.WinUI/Strings/Resources,MWAgent.Client.WinUI Resources,nTLSLegacyFingerprintMatch,Legacy-Fingerprint-Abgleich erlauben,Adiscon User Interface .resw source; locale=de-DE; revision=edd9fe10d4a120194e4a0a1e60a5d04d661b79ab
MWAgent.Client.WinUI/Strings/Resources,MWAgent.Client.WinUI Resources,nTLSLegacyPeerNameMatch,Legacy-Peer-Namensabgleich erlauben,Adiscon User Interface .resw source; locale=de-DE; revision=edd9fe10d4a120194e4a0a1e60a5d04d661b79ab
MWAgent.Client.WinUI/Strings/Resources,MWAgent.Client.WinUI Resources,nTakeSourceSysFromSyslogMsg,Übernehme das Quellsystem aus der Syslog-Meldung (RFC 3164),Adiscon User Interface .resw source; locale=de-DE; revision=edd9fe10d4a120194e4a0a1e60a5d04d661b79ab
MWAgent.Client.WinUI/Strings/Resources,MWAgent.Client.WinUI Resources,nTimeMode,Zeit basierend auf,Adiscon User Interface .resw source; locale=de-DE; revision=edd9fe10d4a120194e4a0a1e60a5d04d661b79ab
MWAgent.Client.WinUI/Strings/Resources,MWAgent.Client.WinUI Resources,nTimeOutLimit,Timeout Limit,Adiscon User Interface .resw source; locale=de-DE; revision=edd9fe10d4a120194e4a0a1e60a5d04d661b79ab
MWAgent.Client.WinUI/Strings/Resources,MWAgent.Client.WinUI Resources,nTimeOutMsg,Message Vollendungs-Timeout,Adiscon User Interface .resw source; locale=de-DE; revision=edd9fe10d4a120194e4a0a1e60a5d04d661b79ab
MWAgent.Client.WinUI/Strings/Resources,MWAgent.Client.WinUI Resources,nTimeOutSession,Sitzungs-Timeout,Adiscon User Interface .resw source; locale=de-DE; revision=edd9fe10d4a120194e4a0a1e60a5d04d661b79ab
MWAgent.Client.WinUI/Strings/Resources,MWAgent.Client.WinUI Resources,nTimeoutValue,Verbindungs-Timeout (0-4000 ms),Adiscon User Interface .resw source; locale=de-DE; revision=edd9fe10d4a120194e4a0a1e60a5d04d661b79ab
MWAgent.Client.WinUI/Strings/Resources,MWAgent.Client.WinUI Resources,nTryConvSIDtoObj,Security IDs (SID) in Objektnamen umwandeln,Adiscon User Interface .resw source; locale=de-DE; revision=edd9fe10d4a120194e4a0a1e60a5d04d661b79ab
MWAgent.Client.WinUI/Strings/Resources,MWAgent.Client.WinUI Resources,nTryConvertDsClasses,Active Directory Objektklassen umwandeln,Adiscon User Interface .resw source; locale=de-DE; revision=edd9fe10d4a120194e4a0a1e60a5d04d661b79ab
MWAgent.Client.WinUI/Strings/Resources,MWAgent.Client.WinUI Resources,nTryDetectMessageEncoding,"Meldungs-Enkodierung automatisch erkennen (UTF8, SHIFT_JIS, EUC-JP)",Adiscon User Interface .resw source; locale=de-DE; revision=edd9fe10d4a120194e4a0a1e60a5d04d661b79ab
MWAgent.Client.WinUI/Strings/Resources,MWAgent.Client.WinUI Resources,nType,Protokoll Typ,Adiscon User Interface .resw source; locale=de-DE; revision=edd9fe10d4a120194e4a0a1e60a5d04d661b79ab
MWAgent.Client.WinUI/Strings/Resources,MWAgent.Client.WinUI Resources,nUniqueFileName,Eindeutigen Dateinamen erzeugen,Adiscon User Interface .resw source; locale=de-DE; revision=edd9fe10d4a120194e4a0a1e60a5d04d661b79ab
MWAgent.Client.WinUI/Strings/Resources,MWAgent.Client.WinUI Resources,nUseCompression,zLib Komprimierung verwenden um Daten zu komprimieren,Adiscon User Interface .resw source; locale=de-DE; revision=edd9fe10d4a120194e4a0a1e60a5d04d661b79ab
MWAgent.Client.WinUI/Strings/Resources,MWAgent.Client.WinUI Resources,nUseCustomSeparator,Verwende indiv. Separator,Adiscon User Interface .resw source; locale=de-DE; revision=edd9fe10d4a120194e4a0a1e60a5d04d661b79ab
MWAgent.Client.WinUI/Strings/Resources,MWAgent.Client.WinUI Resources,nUseLegacyProcessing,Alte Parameterverarbeitung verwenden,Adiscon User Interface .resw source; locale=de-DE; revision=edd9fe10d4a120194e4a0a1e60a5d04d661b79ab
MWAgent.Client.WinUI/Strings/Resources,MWAgent.Client.WinUI Resources,nUseLegacySubjectProcessing,Alte Betreffzeilenverwertung verwenden,Adiscon User Interface .resw source; locale=de-DE; revision=edd9fe10d4a120194e4a0a1e60a5d04d661b79ab
MWAgent.Client.WinUI/Strings/Resources,MWAgent.Client.WinUI Resources,nUseSMTPAuth,SMTP Authentisierung verwenden,Adiscon User Interface .resw source; locale=de-DE; revision=edd9fe10d4a120194e4a0a1e60a5d04d661b79ab
MWAgent.Client.WinUI/Strings/Resources,MWAgent.Client.WinUI Resources,nUseSSL,Nutze sichere Verbindung (SSL) zum Mailserver,Adiscon User Interface .resw source; locale=de-DE; revision=edd9fe10d4a120194e4a0a1e60a5d04d661b79ab
MWAgent.Client.WinUI/Strings/Resources,MWAgent.Client.WinUI Resources,nUseStartTLSMethod,Nutze STARTTLS SMTP Erweiterung,Adiscon User Interface .resw source; locale=de-DE; revision=edd9fe10d4a120194e4a0a1e60a5d04d661b79ab
MWAgent.Client.WinUI/Strings/Resources,MWAgent.Client.WinUI Resources,nUseUTCForTimestamps,Benutze UTC für Zeitstempel,Adiscon User Interface .resw source; locale=de-DE; revision=edd9fe10d4a120194e4a0a1e60a5d04d661b79ab
MWAgent.Client.WinUI/Strings/Resources,MWAgent.Client.WinUI Resources,nUseUTCInFileName,UTC in Dateinamen verwenden,Adiscon User Interface .resw source; locale=de-DE; revision=edd9fe10d4a120194e4a0a1e60a5d04d661b79ab
MWAgent.Client.WinUI/Strings/Resources,MWAgent.Client.WinUI Resources,nUseUTCTimeStamp,Verwende UTC Zeit im Datum-Header,Adiscon User Interface .resw source; locale=de-DE; revision=edd9fe10d4a120194e4a0a1e60a5d04d661b79ab
MWAgent.Client.WinUI/Strings/Resources,MWAgent.Client.WinUI Resources,nUseWildcard,Benutze Ersatzzeichen im Dateinamen,Adiscon User Interface .resw source; locale=de-DE; revision=edd9fe10d4a120194e4a0a1e60a5d04d661b79ab
MWAgent.Client.WinUI/Strings/Resources,MWAgent.Client.WinUI Resources,nUseXMLtoReport,Benutze XML-Format,Adiscon User Interface .resw source; locale=de-DE; revision=edd9fe10d4a120194e4a0a1e60a5d04d661b79ab
MWAgent.Client.WinUI/Strings/Resources,MWAgent.Client.WinUI Resources,nVariableType_,Variable Type,Adiscon User Interface .resw source; locale=de-DE; revision=edd9fe10d4a120194e4a0a1e60a5d04d661b79ab
MWAgent.Client.WinUI/Strings/Resources,MWAgent.Client.WinUI Resources,nWorkerThreads,Anzahl Arbeiterthreads,Adiscon User Interface .resw source; locale=de-DE; revision=edd9fe10d4a120194e4a0a1e60a5d04d661b79ab
MWAgent.Client.WinUI/Strings/Resources,MWAgent.Client.WinUI Resources,nWriteLastDBINdex,Schreibe DB Index in Abständen,Adiscon User Interface .resw source; locale=de-DE; revision=edd9fe10d4a120194e4a0a1e60a5d04d661b79ab
MWAgent.Client.WinUI/Strings/Resources,MWAgent.Client.WinUI Resources,nZlibComp,zLib Komprimierung verwenden um Daten zu komprimieren,Adiscon User Interface .resw source; locale=de-DE; revision=edd9fe10d4a120194e4a0a1e60a5d04d661b79ab
MWAgent.Client.WinUI/Strings/Resources,MWAgent.Client.WinUI Resources,ninteractive,InterActive SyslogViewer,Adiscon User Interface .resw source; locale=de-DE; revision=edd9fe10d4a120194e4a0a1e60a5d04d661b79ab
MWAgent.Client.WinUI/Strings/Resources,MWAgent.Client.WinUI Resources,nloganalyzer,Log Analyzer & Reporter Tool,Adiscon User Interface .resw source; locale=de-DE; revision=edd9fe10d4a120194e4a0a1e60a5d04d661b79ab
MWAgent.Client.WinUI/Strings/Resources,MWAgent.Client.WinUI Resources,nlogfilemgr,Log File Management Tool,Adiscon User Interface .resw source; locale=de-DE; revision=edd9fe10d4a120194e4a0a1e60a5d04d661b79ab
MWAgent.Client.WinUI/Strings/Resources,MWAgent.Client.WinUI Resources,nlogsearch,Log Search Tool,Adiscon User Interface .resw source; locale=de-DE; revision=edd9fe10d4a120194e4a0a1e60a5d04d661b79ab
MWAgent.Client.WinUI/Strings/Resources,MWAgent.Client.WinUI Resources,permittedsenders,Empfange Nachrichten nur von folgenden IP-Adressen,Adiscon User Interface .resw source; locale=de-DE; revision=edd9fe10d4a120194e4a0a1e60a5d04d661b79ab
MWAgent.Client.WinUI/Strings/Resources,MWAgent.Client.WinUI Resources,processedfiles,Eigenschaften f. verarbeitete Datei,Adiscon User Interface .resw source; locale=de-DE; revision=edd9fe10d4a120194e4a0a1e60a5d04d661b79ab
MWAgent.Client.WinUI/Strings/Resources,MWAgent.Client.WinUI Resources,propertylist,Property Liste,Adiscon User Interface .resw source; locale=de-DE; revision=edd9fe10d4a120194e4a0a1e60a5d04d661b79ab
MWAgent.Client.WinUI/Strings/Resources,MWAgent.Client.WinUI Resources,snmpvars,ANMP Variablen,Adiscon User Interface .resw source; locale=de-DE; revision=edd9fe10d4a120194e4a0a1e60a5d04d661b79ab
MWAgent.Client.WinUI/Strings/Resources,MWAgent.Client.WinUI Resources,syslogservers,Syslog Serverliste,Adiscon User Interface .resw source; locale=de-DE; revision=edd9fe10d4a120194e4a0a1e60a5d04d661b79ab
MWAgent.Client.WinUI/Strings/Resources,MWAgent.Client.WinUI Resources,szActionCacheOptions,Action Queue bezogene Optionen,Adiscon User Interface .resw source; locale=de-DE; revision=edd9fe10d4a120194e4a0a1e60a5d04d661b79ab
MWAgent.Client.WinUI/Strings/Resources,MWAgent.Client.WinUI Resources,szActionSpecific,Aktion spezifisch,Adiscon User Interface .resw source; locale=de-DE; revision=edd9fe10d4a120194e4a0a1e60a5d04d661b79ab
MWAgent.Client.WinUI/Strings/Resources,MWAgent.Client.WinUI Resources,szAdvancedOptions,Timeout Optionen,Adiscon User Interface .resw source; locale=de-DE; revision=edd9fe10d4a120194e4a0a1e60a5d04d661b79ab
MWAgent.Client.WinUI/Strings/Resources,MWAgent.Client.WinUI Resources,szAgent,SNMP Server,Adiscon User Interface .resw source; locale=de-DE; revision=edd9fe10d4a120194e4a0a1e60a5d04d661b79ab
MWAgent.Client.WinUI/Strings/Resources,MWAgent.Client.WinUI Resources,szAgentIP,Agent IP Address,Adiscon User Interface .resw source; locale=de-DE; revision=edd9fe10d4a120194e4a0a1e60a5d04d661b79ab
MWAgent.Client.WinUI/Strings/Resources,MWAgent.Client.WinUI Resources,szAutoBackPath,Such-Pfad,Adiscon User Interface .resw source; locale=de-DE; revision=edd9fe10d4a120194e4a0a1e60a5d04d661b79ab
MWAgent.Client.WinUI/Strings/Resources,MWAgent.Client.WinUI Resources,szAutoBackupRunCommand,Nachbearb. Parameter,Adiscon User Interface .resw source; locale=de-DE; revision=edd9fe10d4a120194e4a0a1e60a5d04d661b79ab
MWAgent.Client.WinUI/Strings/Resources,MWAgent.Client.WinUI Resources,szButtonVerifyLicense,Lizenz verifizieren,Adiscon User Interface .resw source; locale=de-DE; revision=edd9fe10d4a120194e4a0a1e60a5d04d661b79ab
MWAgent.Client.WinUI/Strings/Resources,MWAgent.Client.WinUI Resources,szCacheEventInfo,"Aus Sicht der performance empfehlen wir alle Caching Optionen zu aktivieren. Wenn Sie aber einzelne oder alle Caches deaktivieren wollen, um die Daten immer aus dem Eventlog neu auszulesen, können Sie das hier tun.",Adiscon User Interface .resw source; locale=de-DE; revision=edd9fe10d4a120194e4a0a1e60a5d04d661b79ab
MWAgent.Client.WinUI/Strings/Resources,MWAgent.Client.WinUI Resources,szCharMatch,Character Match,Adiscon User Interface .resw source; locale=de-DE; revision=edd9fe10d4a120194e4a0a1e60a5d04d661b79ab
MWAgent.Client.WinUI/Strings/Resources,MWAgent.Client.WinUI Resources,szCharacterProcessing,Optionen zur Zeichenverarbeitung,Adiscon User Interface .resw source; locale=de-DE; revision=edd9fe10d4a120194e4a0a1e60a5d04d661b79ab
MWAgent.Client.WinUI/Strings/Resources,MWAgent.Client.WinUI Resources,szCircularDisabled,Kontinuierliches Loggen,Adiscon User Interface .resw source; locale=de-DE; revision=edd9fe10d4a120194e4a0a1e60a5d04d661b79ab
MWAgent.Client.WinUI/Strings/Resources,MWAgent.Client.WinUI Resources,szCircularEnabled,Log-Rotation,Adiscon User Interface .resw source; locale=de-DE; revision=edd9fe10d4a120194e4a0a1e60a5d04d661b79ab
MWAgent.Client.WinUI/Strings/Resources,MWAgent.Client.WinUI Resources,szClearEventLog0,Niemals löschen (Standard),Adiscon User Interface .resw source; locale=de-DE; revision=edd9fe10d4a120194e4a0a1e60a5d04d661b79ab
MWAgent.Client.WinUI/Strings/Resources,MWAgent.Client.WinUI Resources,szClearEventLog1,"Nach Prüfzyklen löschen, jeder Durchgang",Adiscon User Interface .resw source; locale=de-DE; revision=edd9fe10d4a120194e4a0a1e60a5d04d661b79ab
MWAgent.Client.WinUI/Strings/Resources,MWAgent.Client.WinUI Resources,szClearEventLog2,Einmal täglich zu bestimmter Uhrzeit löschen,Adiscon User Interface .resw source; locale=de-DE; revision=edd9fe10d4a120194e4a0a1e60a5d04d661b79ab
MWAgent.Client.WinUI/Strings/Resources,MWAgent.Client.WinUI Resources,szCommand,Auszuführendes Kommando,Adiscon User Interface .resw source; locale=de-DE; revision=edd9fe10d4a120194e4a0a1e60a5d04d661b79ab
MWAgent.Client.WinUI/Strings/Resources,MWAgent.Client.WinUI Resources,szCommunity,Community ,Adiscon User Interface .resw source; locale=de-DE; revision=edd9fe10d4a120194e4a0a1e60a5d04d661b79ab
MWAgent.Client.WinUI/Strings/Resources,MWAgent.Client.WinUI Resources,szComputerName,Server Computername/IP,Adiscon User Interface .resw source; locale=de-DE; revision=edd9fe10d4a120194e4a0a1e60a5d04d661b79ab
MWAgent.Client.WinUI/Strings/Resources,MWAgent.Client.WinUI Resources,szConfigPostProcessPreview,Vorschau ihrer Regeln,Adiscon User Interface .resw source; locale=de-DE; revision=edd9fe10d4a120194e4a0a1e60a5d04d661b79ab
MWAgent.Client.WinUI/Strings/Resources,MWAgent.Client.WinUI Resources,szConfigRequestPreview,Anfragevorschau,Adiscon User Interface .resw source; locale=de-DE; revision=edd9fe10d4a120194e4a0a1e60a5d04d661b79ab
MWAgent.Client.WinUI/Strings/Resources,MWAgent.Client.WinUI Resources,szConfigUrlPreview,URL Preview,Adiscon User Interface .resw source; locale=de-DE; revision=edd9fe10d4a120194e4a0a1e60a5d04d661b79ab
MWAgent.Client.WinUI/Strings/Resources,MWAgent.Client.WinUI Resources,szConnectionString,Konfiguriere OleDB Verbindung,Adiscon User Interface .resw source; locale=de-DE; revision=edd9fe10d4a120194e4a0a1e60a5d04d661b79ab
MWAgent.Client.WinUI/Strings/Resources,MWAgent.Client.WinUI Resources,szContentType,Content-Type,Adiscon User Interface .resw source; locale=de-DE; revision=edd9fe10d4a120194e4a0a1e60a5d04d661b79ab
MWAgent.Client.WinUI/Strings/Resources,MWAgent.Client.WinUI Resources,szCopyFormatIntoProperty,in Property speichern,Adiscon User Interface .resw source; locale=de-DE; revision=edd9fe10d4a120194e4a0a1e60a5d04d661b79ab
MWAgent.Client.WinUI/Strings/Resources,MWAgent.Client.WinUI Resources,szCopyFormatIntoPropertyGroup,Format in Property kopieren,Adiscon User Interface .resw source; locale=de-DE; revision=edd9fe10d4a120194e4a0a1e60a5d04d661b79ab
MWAgent.Client.WinUI/Strings/Resources,MWAgent.Client.WinUI Resources,szCrashReporting,Berichtserstattung,Adiscon User Interface .resw source; locale=de-DE; revision=edd9fe10d4a120194e4a0a1e60a5d04d661b79ab
MWAgent.Client.WinUI/Strings/Resources,MWAgent.Client.WinUI Resources,szCustomEventLog,Individueller EventLog Typ,Adiscon User Interface .resw source; locale=de-DE; revision=edd9fe10d4a120194e4a0a1e60a5d04d661b79ab
MWAgent.Client.WinUI/Strings/Resources,MWAgent.Client.WinUI Resources,szCustomMessageFormat,Benutzerdefiniertes Nachrichten Format,Adiscon User Interface .resw source; locale=de-DE; revision=edd9fe10d4a120194e4a0a1e60a5d04d661b79ab
MWAgent.Client.WinUI/Strings/Resources,MWAgent.Client.WinUI Resources,szCustomSeparator,Individueller Separator,Adiscon User Interface .resw source; locale=de-DE; revision=edd9fe10d4a120194e4a0a1e60a5d04d661b79ab
MWAgent.Client.WinUI/Strings/Resources,MWAgent.Client.WinUI Resources,szCustomSource,Individueller EventLog Kanal,Adiscon User Interface .resw source; locale=de-DE; revision=edd9fe10d4a120194e4a0a1e60a5d04d661b79ab
MWAgent.Client.WinUI/Strings/Resources,MWAgent.Client.WinUI Resources,szCustomSyslogHeader,Verwende individuellen Syslog Header,Adiscon User Interface .resw source; locale=de-DE; revision=edd9fe10d4a120194e4a0a1e60a5d04d661b79ab
MWAgent.Client.WinUI/Strings/Resources,MWAgent.Client.WinUI Resources,szDBDSN,DSN,Adiscon User Interface .resw source; locale=de-DE; revision=edd9fe10d4a120194e4a0a1e60a5d04d661b79ab
MWAgent.Client.WinUI/Strings/Resources,MWAgent.Client.WinUI Resources,szDBPass,Password,Adiscon User Interface .resw source; locale=de-DE; revision=edd9fe10d4a120194e4a0a1e60a5d04d661b79ab
MWAgent.Client.WinUI/Strings/Resources,MWAgent.Client.WinUI Resources,szDBSelect,Select Statement,Adiscon User Interface .resw source; locale=de-DE; revision=edd9fe10d4a120194e4a0a1e60a5d04d661b79ab
MWAgent.Client.WinUI/Strings/Resources,MWAgent.Client.WinUI Resources,szDBTableName,Datenbank Tabelle,Adiscon User Interface .resw source; locale=de-DE; revision=edd9fe10d4a120194e4a0a1e60a5d04d661b79ab
MWAgent.Client.WinUI/Strings/Resources,MWAgent.Client.WinUI Resources,szDBUser,User-ID,Adiscon User Interface .resw source; locale=de-DE; revision=edd9fe10d4a120194e4a0a1e60a5d04d661b79ab
MWAgent.Client.WinUI/Strings/Resources,MWAgent.Client.WinUI Resources,szDTLSServer,DTLS Servername,Adiscon User Interface .resw source; locale=de-DE; revision=edd9fe10d4a120194e4a0a1e60a5d04d661b79ab
MWAgent.Client.WinUI/Strings/Resources,MWAgent.Client.WinUI Resources,szDataCatalog,Data Catalog,Adiscon User Interface .resw source; locale=de-DE; revision=edd9fe10d4a120194e4a0a1e60a5d04d661b79ab
MWAgent.Client.WinUI/Strings/Resources,MWAgent.Client.WinUI Resources,szDataSource,Data Source,Adiscon User Interface .resw source; locale=de-DE; revision=edd9fe10d4a120194e4a0a1e60a5d04d661b79ab
MWAgent.Client.WinUI/Strings/Resources,MWAgent.Client.WinUI Resources,szDatabaseValues,Datenbank Eigenschaften,Adiscon User Interface .resw source; locale=de-DE; revision=edd9fe10d4a120194e4a0a1e60a5d04d661b79ab
MWAgent.Client.WinUI/Strings/Resources,MWAgent.Client.WinUI Resources,szDateTimeLT,DateTime Lokalzeit,Adiscon User Interface .resw source; locale=de-DE; revision=edd9fe10d4a120194e4a0a1e60a5d04d661b79ab
MWAgent.Client.WinUI/Strings/Resources,MWAgent.Client.WinUI Resources,szDateTimeUTC,DateTime UTC,Adiscon User Interface .resw source; locale=de-DE; revision=edd9fe10d4a120194e4a0a1e60a5d04d661b79ab
MWAgent.Client.WinUI/Strings/Resources,MWAgent.Client.WinUI Resources,szDebugFileName,Datei- und Pfadname,Adiscon User Interface .resw source; locale=de-DE; revision=edd9fe10d4a120194e4a0a1e60a5d04d661b79ab
MWAgent.Client.WinUI/Strings/Resources,MWAgent.Client.WinUI Resources,szDestinationPropertyName,Ziel-Property in das der Name gespeichert werden soll:,Adiscon User Interface .resw source; locale=de-DE; revision=edd9fe10d4a120194e4a0a1e60a5d04d661b79ab
MWAgent.Client.WinUI/Strings/Resources,MWAgent.Client.WinUI Resources,szDetailProperties,Details,Adiscon User Interface .resw source; locale=de-DE; revision=edd9fe10d4a120194e4a0a1e60a5d04d661b79ab
MWAgent.Client.WinUI/Strings/Resources,MWAgent.Client.WinUI Resources,szDisabled,Deaktiviert,Adiscon User Interface .resw source; locale=de-DE; revision=edd9fe10d4a120194e4a0a1e60a5d04d661b79ab
MWAgent.Client.WinUI/Strings/Resources,MWAgent.Client.WinUI Resources,szDtsControlDisable,DTR Control Disable,Adiscon User Interface .resw source; locale=de-DE; revision=edd9fe10d4a120194e4a0a1e60a5d04d661b79ab
MWAgent.Client.WinUI/Strings/Resources,MWAgent.Client.WinUI Resources,szDtsControlEnable,DTR Control Enable,Adiscon User Interface .resw source; locale=de-DE; revision=edd9fe10d4a120194e4a0a1e60a5d04d661b79ab
MWAgent.Client.WinUI/Strings/Resources,MWAgent.Client.WinUI Resources,szDtsControlHandshake,DTR Control Handshake,Adiscon User Interface .resw source; locale=de-DE; revision=edd9fe10d4a120194e4a0a1e60a5d04d661b79ab
MWAgent.Client.WinUI/Strings/Resources,MWAgent.Client.WinUI Resources,szEditionInformation,"Bitte beachten Sie, dass wenn die Senderliste aktiviert wird alle Netzwerk Dienste auf die konfigurierten Adressen beschränkt werden.

Es gibt kein Limit für die Liste. Allerdings bestimmt ihre Lizenz von wieviel verschiedenen Geräten Sie Daten empfangen können. Es kann also z.B. sein das nur die ersten 10 oder 100 Einträge gelten (Je nach Lizenz).",Adiscon User Interface .resw source; locale=de-DE; revision=edd9fe10d4a120194e4a0a1e60a5d04d661b79ab
MWAgent.Client.WinUI/Strings/Resources,MWAgent.Client.WinUI Resources,szEnableReportCrash,Automatisch Absturzberichte senden?,Adiscon User Interface .resw source; locale=de-DE; revision=edd9fe10d4a120194e4a0a1e60a5d04d661b79ab
MWAgent.Client.WinUI/Strings/Resources,MWAgent.Client.WinUI Resources,szEnterprise,Enterprise OID,Adiscon User Interface .resw source; locale=de-DE; revision=edd9fe10d4a120194e4a0a1e60a5d04d661b79ab
MWAgent.Client.WinUI/Strings/Resources,MWAgent.Client.WinUI Resources,szErrorLoadingConfiguration,Fehler beim laden der Konfiguration,Adiscon User Interface .resw source; locale=de-DE; revision=edd9fe10d4a120194e4a0a1e60a5d04d661b79ab
MWAgent.Client.WinUI/Strings/Resources,MWAgent.Client.WinUI Resources,szErrorLoadingConfigurationText,Die Konfiguration konnte nicht geladen werden: ,Adiscon User Interface .resw source; locale=de-DE; revision=edd9fe10d4a120194e4a0a1e60a5d04d661b79ab
MWAgent.Client.WinUI/Strings/Resources,MWAgent.Client.WinUI Resources,szErrorRegistryAccessFailed,Zugriff auf lokale Konfiguration (Registry) aus folgendem Grund fehlgeschlagen: ,Adiscon User Interface .resw source; locale=de-DE; revision=edd9fe10d4a120194e4a0a1e60a5d04d661b79ab
MWAgent.Client.WinUI/Strings/Resources,MWAgent.Client.WinUI Resources,szErrorRemoteRegistryFailed,Zugriff auf remote Konfiguration (Registry) aus folgendem Grund fehlgeschlagen:,Adiscon User Interface .resw source; locale=de-DE; revision=edd9fe10d4a120194e4a0a1e60a5d04d661b79ab
MWAgent.Client.WinUI/Strings/Resources,MWAgent.Client.WinUI Resources,szErrorRemoteRegistryFailed2,Der Client wird die lokale Konfiguration nun erneut laden. ,Adiscon User Interface .resw source; locale=de-DE; revision=edd9fe10d4a120194e4a0a1e60a5d04d661b79ab
MWAgent.Client.WinUI/Strings/Resources,MWAgent.Client.WinUI Resources,szErrorSavingConfiguration,Fehler beim Speichern der Konfiguration,Adiscon User Interface .resw source; locale=de-DE; revision=edd9fe10d4a120194e4a0a1e60a5d04d661b79ab
MWAgent.Client.WinUI/Strings/Resources,MWAgent.Client.WinUI Resources,szErrorSavingConfigurationText,Die Konfiguration konnte nicht gespeichert werden:,Adiscon User Interface .resw source; locale=de-DE; revision=edd9fe10d4a120194e4a0a1e60a5d04d661b79ab
MWAgent.Client.WinUI/Strings/Resources,MWAgent.Client.WinUI Resources,szErrorSavingData,Fehler beim speichern von datenvariablen,Adiscon User Interface .resw source; locale=de-DE; revision=edd9fe10d4a120194e4a0a1e60a5d04d661b79ab
MWAgent.Client.WinUI/Strings/Resources,MWAgent.Client.WinUI Resources,szErrorSavingDataText,Datenvariablen konnten nicht in folgendes Verzeichnis gespeichert werden: ,Adiscon User Interface .resw source; locale=de-DE; revision=edd9fe10d4a120194e4a0a1e60a5d04d661b79ab
MWAgent.Client.WinUI/Strings/Resources,MWAgent.Client.WinUI Resources,szEvenParity,Even Parity,Adiscon User Interface .resw source; locale=de-DE; revision=edd9fe10d4a120194e4a0a1e60a5d04d661b79ab
MWAgent.Client.WinUI/Strings/Resources,MWAgent.Client.WinUI Resources,szEventLogCor_clear,Alle Einträge im Ereignisprotokoll löschen,Adiscon User Interface .resw source; locale=de-DE; revision=edd9fe10d4a120194e4a0a1e60a5d04d661b79ab
MWAgent.Client.WinUI/Strings/Resources,MWAgent.Client.WinUI Resources,szEventLogCor_ignore,Fehlerhaften Eintrag ignorieren,Adiscon User Interface .resw source; locale=de-DE; revision=edd9fe10d4a120194e4a0a1e60a5d04d661b79ab
MWAgent.Client.WinUI/Strings/Resources,MWAgent.Client.WinUI Resources,szEventLogCor_retry,Verarbeitung von vorne beginnen,Adiscon User Interface .resw source; locale=de-DE; revision=edd9fe10d4a120194e4a0a1e60a5d04d661b79ab
MWAgent.Client.WinUI/Strings/Resources,MWAgent.Client.WinUI Resources,szEventLogV2WarningOnWinXp,"Warnung, diese Windows Version unterstützt nicht die benötigte Windows Eventlog API. Sie können den Dienst konfigurieren wenn Sie vor haben, diese Konfiguration später auf einer höheren Betriebsystemversion zu verwenden.",Adiscon User Interface .resw source; locale=de-DE; revision=edd9fe10d4a120194e4a0a1e60a5d04d661b79ab
MWAgent.Client.WinUI/Strings/Resources,MWAgent.Client.WinUI Resources,szEventPollingOptions,Eventlog Polling Optionen,Adiscon User Interface .resw source; locale=de-DE; revision=edd9fe10d4a120194e4a0a1e60a5d04d661b79ab
MWAgent.Client.WinUI/Strings/Resources,MWAgent.Client.WinUI Resources,szEventTypesManage,Event Channels verwalten,Adiscon User Interface .resw source; locale=de-DE; revision=edd9fe10d4a120194e4a0a1e60a5d04d661b79ab
MWAgent.Client.WinUI/Strings/Resources,MWAgent.Client.WinUI Resources,szEventTypesToLog,zu loggende Typen,Adiscon User Interface .resw source; locale=de-DE; revision=edd9fe10d4a120194e4a0a1e60a5d04d661b79ab
MWAgent.Client.WinUI/Strings/Resources,MWAgent.Client.WinUI Resources,szEvtClrSaveFile,Backup Dateiname,Adiscon User Interface .resw source; locale=de-DE; revision=edd9fe10d4a120194e4a0a1e60a5d04d661b79ab
MWAgent.Client.WinUI/Strings/Resources,MWAgent.Client.WinUI Resources,szFTPServer,FTP Server,Adiscon User Interface .resw source; locale=de-DE; revision=edd9fe10d4a120194e4a0a1e60a5d04d661b79ab
MWAgent.Client.WinUI/Strings/Resources,MWAgent.Client.WinUI Resources,szFieldContent_,Feldwert,Adiscon User Interface .resw source; locale=de-DE; revision=edd9fe10d4a120194e4a0a1e60a5d04d661b79ab
MWAgent.Client.WinUI/Strings/Resources,MWAgent.Client.WinUI Resources,szFieldName_,Feldname,Adiscon User Interface .resw source; locale=de-DE; revision=edd9fe10d4a120194e4a0a1e60a5d04d661b79ab
MWAgent.Client.WinUI/Strings/Resources,MWAgent.Client.WinUI Resources,szFileBaseName,Datei Basisname,Adiscon User Interface .resw source; locale=de-DE; revision=edd9fe10d4a120194e4a0a1e60a5d04d661b79ab
MWAgent.Client.WinUI/Strings/Resources,MWAgent.Client.WinUI Resources,szFileExtension,Datei Erweiterung,Adiscon User Interface .resw source; locale=de-DE; revision=edd9fe10d4a120194e4a0a1e60a5d04d661b79ab
MWAgent.Client.WinUI/Strings/Resources,MWAgent.Client.WinUI Resources,szFileFormatAdiscon,Adiscon,Adiscon User Interface .resw source; locale=de-DE; revision=edd9fe10d4a120194e4a0a1e60a5d04d661b79ab
MWAgent.Client.WinUI/Strings/Resources,MWAgent.Client.WinUI Resources,szFileFormatCustom,Benutzerdefiniert,Adiscon User Interface .resw source; locale=de-DE; revision=edd9fe10d4a120194e4a0a1e60a5d04d661b79ab
MWAgent.Client.WinUI/Strings/Resources,MWAgent.Client.WinUI Resources,szFileFormatRaw,Original Syslogmeldung,Adiscon User Interface .resw source; locale=de-DE; revision=edd9fe10d4a120194e4a0a1e60a5d04d661b79ab
MWAgent.Client.WinUI/Strings/Resources,MWAgent.Client.WinUI Resources,szFileFormatWebtrends,Kompatibel zu Webtrends Syslog,Adiscon User Interface .resw source; locale=de-DE; revision=edd9fe10d4a120194e4a0a1e60a5d04d661b79ab
MWAgent.Client.WinUI/Strings/Resources,MWAgent.Client.WinUI Resources,szFileHandlingOptions,Dateiverarbeitungsoptionen,Adiscon User Interface .resw source; locale=de-DE; revision=edd9fe10d4a120194e4a0a1e60a5d04d661b79ab
MWAgent.Client.WinUI/Strings/Resources,MWAgent.Client.WinUI Resources,szFileNameOptions,Dateinamensoptionen,Adiscon User Interface .resw source; locale=de-DE; revision=edd9fe10d4a120194e4a0a1e60a5d04d661b79ab
MWAgent.Client.WinUI/Strings/Resources,MWAgent.Client.WinUI Resources,szFilePath,Pfadname,Adiscon User Interface .resw source; locale=de-DE; revision=edd9fe10d4a120194e4a0a1e60a5d04d661b79ab
MWAgent.Client.WinUI/Strings/Resources,MWAgent.Client.WinUI Resources,szFilename,Dateiname der Tondatei,Adiscon User Interface .resw source; locale=de-DE; revision=edd9fe10d4a120194e4a0a1e60a5d04d661b79ab
MWAgent.Client.WinUI/Strings/Resources,MWAgent.Client.WinUI Resources,szFilenamePreview,Dateivorschau,Adiscon User Interface .resw source; locale=de-DE; revision=edd9fe10d4a120194e4a0a1e60a5d04d661b79ab
MWAgent.Client.WinUI/Strings/Resources,MWAgent.Client.WinUI Resources,szFilenamePreviewLegendBase,Basisname,Adiscon User Interface .resw source; locale=de-DE; revision=edd9fe10d4a120194e4a0a1e60a5d04d661b79ab
MWAgent.Client.WinUI/Strings/Resources,MWAgent.Client.WinUI Resources,szFilenamePreviewLegendDate,Quelle / Datum (dynamisch),Adiscon User Interface .resw source; locale=de-DE; revision=edd9fe10d4a120194e4a0a1e60a5d04d661b79ab
MWAgent.Client.WinUI/Strings/Resources,MWAgent.Client.WinUI Resources,szFilenamePreviewLegendExt,Endung,Adiscon User Interface .resw source; locale=de-DE; revision=edd9fe10d4a120194e4a0a1e60a5d04d661b79ab
MWAgent.Client.WinUI/Strings/Resources,MWAgent.Client.WinUI Resources,szFilenamePreviewLegendPath,Dateipfad,Adiscon User Interface .resw source; locale=de-DE; revision=edd9fe10d4a120194e4a0a1e60a5d04d661b79ab
MWAgent.Client.WinUI/Strings/Resources,MWAgent.Client.WinUI Resources,szFilenamePreviewLegendSegment,Segment # (dynamisch),Adiscon User Interface .resw source; locale=de-DE; revision=edd9fe10d4a120194e4a0a1e60a5d04d661b79ab
MWAgent.Client.WinUI/Strings/Resources,MWAgent.Client.WinUI Resources,szFilenamePreviewLegendTime,Zeit (dynamisch): HH-MM-SS,Adiscon User Interface .resw source; locale=de-DE; revision=edd9fe10d4a120194e4a0a1e60a5d04d661b79ab
MWAgent.Client.WinUI/Strings/Resources,MWAgent.Client.WinUI Resources,szGeneralOptions,Generelle Datei Option,Adiscon User Interface .resw source; locale=de-DE; revision=edd9fe10d4a120194e4a0a1e60a5d04d661b79ab
MWAgent.Client.WinUI/Strings/Resources,MWAgent.Client.WinUI Resources,szGeneralValues,Allgemeine Werte,Adiscon User Interface .resw source; locale=de-DE; revision=edd9fe10d4a120194e4a0a1e60a5d04d661b79ab
MWAgent.Client.WinUI/Strings/Resources,MWAgent.Client.WinUI Resources,szGenericName0,0 - Cold Start,Adiscon User Interface .resw source; locale=de-DE; revision=edd9fe10d4a120194e4a0a1e60a5d04d661b79ab
MWAgent.Client.WinUI/Strings/Resources,MWAgent.Client.WinUI Resources,szGenericName1,1 - Warm Start,Adiscon User Interface .resw source; locale=de-DE; revision=edd9fe10d4a120194e4a0a1e60a5d04d661b79ab
MWAgent.Client.WinUI/Strings/Resources,MWAgent.Client.WinUI Resources,szGenericName2,2 - Link Down,Adiscon User Interface .resw source; locale=de-DE; revision=edd9fe10d4a120194e4a0a1e60a5d04d661b79ab
MWAgent.Client.WinUI/Strings/Resources,MWAgent.Client.WinUI Resources,szGenericName3,3 - Link Up,Adiscon User Interface .resw source; locale=de-DE; revision=edd9fe10d4a120194e4a0a1e60a5d04d661b79ab
MWAgent.Client.WinUI/Strings/Resources,MWAgent.Client.WinUI Resources,szGenericName4,4 - Authentication Failure,Adiscon User Interface .resw source; locale=de-DE; revision=edd9fe10d4a120194e4a0a1e60a5d04d661b79ab
MWAgent.Client.WinUI/Strings/Resources,MWAgent.Client.WinUI Resources,szGenericName5,5 - EGP Neighbor Loss,Adiscon User Interface .resw source; locale=de-DE; revision=edd9fe10d4a120194e4a0a1e60a5d04d661b79ab
MWAgent.Client.WinUI/Strings/Resources,MWAgent.Client.WinUI Resources,szGenericName6,6 - Enterprise Specific,Adiscon User Interface .resw source; locale=de-DE; revision=edd9fe10d4a120194e4a0a1e60a5d04d661b79ab
MWAgent.Client.WinUI/Strings/Resources,MWAgent.Client.WinUI Resources,szHTTPServer,HTTP Server,Adiscon User Interface .resw source; locale=de-DE; revision=edd9fe10d4a120194e4a0a1e60a5d04d661b79ab
MWAgent.Client.WinUI/Strings/Resources,MWAgent.Client.WinUI Resources,szHost,Host,Adiscon User Interface .resw source; locale=de-DE; revision=edd9fe10d4a120194e4a0a1e60a5d04d661b79ab
MWAgent.Client.WinUI/Strings/Resources,MWAgent.Client.WinUI Resources,szIMAPServer,IMAP Server,Adiscon User Interface .resw source; locale=de-DE; revision=edd9fe10d4a120194e4a0a1e60a5d04d661b79ab
MWAgent.Client.WinUI/Strings/Resources,MWAgent.Client.WinUI Resources,szIPAddress,IPAddress oder Hostname,Adiscon User Interface .resw source; locale=de-DE; revision=edd9fe10d4a120194e4a0a1e60a5d04d661b79ab
MWAgent.Client.WinUI/Strings/Resources,MWAgent.Client.WinUI Resources,szIP_,IP Adresse,Adiscon User Interface .resw source; locale=de-DE; revision=edd9fe10d4a120194e4a0a1e60a5d04d661b79ab
MWAgent.Client.WinUI/Strings/Resources,MWAgent.Client.WinUI Resources,szIPv4,IP V4 Address,Adiscon User Interface .resw source; locale=de-DE; revision=edd9fe10d4a120194e4a0a1e60a5d04d661b79ab
MWAgent.Client.WinUI/Strings/Resources,MWAgent.Client.WinUI Resources,szIgnoreTlsCertWarning,Deaktiviert die TLS-Zertifikatsprüfung. Nur in Labor- oder Testumgebungen verwenden.,Adiscon User Interface .resw source; locale=de-DE; revision=edd9fe10d4a120194e4a0a1e60a5d04d661b79ab
MWAgent.Client.WinUI/Strings/Resources,MWAgent.Client.WinUI Resources,szIncludeMsgSepInMessageDisabled,Trennzeichen nicht in Message einbinden,Adiscon User Interface .resw source; locale=de-DE; revision=edd9fe10d4a120194e4a0a1e60a5d04d661b79ab
MWAgent.Client.WinUI/Strings/Resources,MWAgent.Client.WinUI Resources,szIncludeMsgSepInMessageLastMsgSepPrepend,Vorheriges Trennzeichen am Anfang der Message einbinden,Adiscon User Interface .resw source; locale=de-DE; revision=edd9fe10d4a120194e4a0a1e60a5d04d661b79ab
MWAgent.Client.WinUI/Strings/Resources,MWAgent.Client.WinUI Resources,szIncludeMsgSepInMessageMsgSepAppend,Trennzeichen am Ende der Message einbinden,Adiscon User Interface .resw source; locale=de-DE; revision=edd9fe10d4a120194e4a0a1e60a5d04d661b79ab
MWAgent.Client.WinUI/Strings/Resources,MWAgent.Client.WinUI Resources,szIncludeMsgSepInMessageMsgSepPrepend,Trennzeichen am Anfang der Message einbinden,Adiscon User Interface .resw source; locale=de-DE; revision=edd9fe10d4a120194e4a0a1e60a5d04d661b79ab
MWAgent.Client.WinUI/Strings/Resources,MWAgent.Client.WinUI Resources,szInsertStatement,INSERT,Adiscon User Interface .resw source; locale=de-DE; revision=edd9fe10d4a120194e4a0a1e60a5d04d661b79ab
MWAgent.Client.WinUI/Strings/Resources,MWAgent.Client.WinUI Resources,szInt,int,Adiscon User Interface .resw source; locale=de-DE; revision=edd9fe10d4a120194e4a0a1e60a5d04d661b79ab
MWAgent.Client.WinUI/Strings/Resources,MWAgent.Client.WinUI Resources,szInteger,Integer,Adiscon User Interface .resw source; locale=de-DE; revision=edd9fe10d4a120194e4a0a1e60a5d04d661b79ab
MWAgent.Client.WinUI/Strings/Resources,MWAgent.Client.WinUI Resources,szIsoTimestamp,ISO-like Timestamp,Adiscon User Interface .resw source; locale=de-DE; revision=edd9fe10d4a120194e4a0a1e60a5d04d661b79ab
MWAgent.Client.WinUI/Strings/Resources,MWAgent.Client.WinUI Resources,szIutFormat,Forward as MWAgent XML representation code,Adiscon User Interface .resw source; locale=de-DE; revision=edd9fe10d4a120194e4a0a1e60a5d04d661b79ab
MWAgent.Client.WinUI/Strings/Resources,MWAgent.Client.WinUI Resources,szJsonFormat,Use CEE enhanced Syslog Format,Adiscon User Interface .resw source; locale=de-DE; revision=edd9fe10d4a120194e4a0a1e60a5d04d661b79ab
MWAgent.Client.WinUI/Strings/Resources,MWAgent.Client.WinUI Resources,szLastDBIndex,Letzter verarbeiteter DB Index,Adiscon User Interface .resw source; locale=de-DE; revision=edd9fe10d4a120194e4a0a1e60a5d04d661b79ab
MWAgent.Client.WinUI/Strings/Resources,MWAgent.Client.WinUI Resources,szLicense,Lizenz Informationen,Adiscon User Interface .resw source; locale=de-DE; revision=edd9fe10d4a120194e4a0a1e60a5d04d661b79ab
MWAgent.Client.WinUI/Strings/Resources,MWAgent.Client.WinUI Resources,szLicenseFileIntro,"Legen Sie Ihre Lizenzdatei (.alic) unter %DEFAULTLICENSEV2PATH% ab, oder wählen Sie eine Datei aus bzw. ziehen Sie sie hierher. Lassen Sie das Feld leer, um den Standardpfad zu verwenden.",Adiscon User Interface .resw source; locale=de-DE; revision=edd9fe10d4a120194e4a0a1e60a5d04d661b79ab
MWAgent.Client.WinUI/Strings/Resources,MWAgent.Client.WinUI Resources,szLicenseV2,Lizenzdatei,Adiscon User Interface .resw source; locale=de-DE; revision=edd9fe10d4a120194e4a0a1e60a5d04d661b79ab
MWAgent.Client.WinUI/Strings/Resources,MWAgent.Client.WinUI Resources,szLicenseV2DefaultPath,"Standardpfad zur Laufzeit: %DEFAULTLICENSEV2PATH%. Feld leer lassen, um diesen Speicherort zu verwenden.",Adiscon User Interface .resw source; locale=de-DE; revision=edd9fe10d4a120194e4a0a1e60a5d04d661b79ab
MWAgent.Client.WinUI/Strings/Resources,MWAgent.Client.WinUI Resources,szLicenseV2Expired,Die Lizenzdatei ist abgelaufen.,Adiscon User Interface .resw source; locale=de-DE; revision=edd9fe10d4a120194e4a0a1e60a5d04d661b79ab
MWAgent.Client.WinUI/Strings/Resources,MWAgent.Client.WinUI Resources,szLicenseV2NotYetValid,Diese Lizenzdatei ist noch nicht aktiv. Sie wird gültig am %VALIDFROMLOCAL% (UTC: %VALIDFROMUTC%). Bitte versuchen Sie es nach diesem Zeitpunkt erneut.,Adiscon User Interface .resw source; locale=de-DE; revision=edd9fe10d4a120194e4a0a1e60a5d04d661b79ab
MWAgent.Client.WinUI/Strings/Resources,MWAgent.Client.WinUI Resources,szLicenseV2NotYetValidGeneric,Die Lizenzdatei ist noch nicht gültig.,Adiscon User Interface .resw source; locale=de-DE; revision=edd9fe10d4a120194e4a0a1e60a5d04d661b79ab
MWAgent.Client.WinUI/Strings/Resources,MWAgent.Client.WinUI Resources,szLicenseV2NotYetValidIssued,Die Lizenz wurde ausgestellt am %ISSUEDATLOCAL%.,Adiscon User Interface .resw source; locale=de-DE; revision=edd9fe10d4a120194e4a0a1e60a5d04d661b79ab
MWAgent.Client.WinUI/Strings/Resources,MWAgent.Client.WinUI Resources,szLicenseV2Path,Lizenzdateipfad,Adiscon User Interface .resw source; locale=de-DE; revision=edd9fe10d4a120194e4a0a1e60a5d04d661b79ab
MWAgent.Client.WinUI/Strings/Resources,MWAgent.Client.WinUI Resources,szLineFormat,Benutzerdefiniertes Format,Adiscon User Interface .resw source; locale=de-DE; revision=edd9fe10d4a120194e4a0a1e60a5d04d661b79ab
MWAgent.Client.WinUI/Strings/Resources,MWAgent.Client.WinUI Resources,szLoadedRuleSet,Regelsatz geladen: ,Adiscon User Interface .resw source; locale=de-DE; revision=edd9fe10d4a120194e4a0a1e60a5d04d661b79ab
MWAgent.Client.WinUI/Strings/Resources,MWAgent.Client.WinUI Resources,szLoadedService,Service geladen: ,Adiscon User Interface .resw source; locale=de-DE; revision=edd9fe10d4a120194e4a0a1e60a5d04d661b79ab
MWAgent.Client.WinUI/Strings/Resources,MWAgent.Client.WinUI Resources,szLocation,Location,Adiscon User Interface .resw source; locale=de-DE; revision=edd9fe10d4a120194e4a0a1e60a5d04d661b79ab
MWAgent.Client.WinUI/Strings/Resources,MWAgent.Client.WinUI Resources,szLogFileName,Datei & Pfad Name,Adiscon User Interface .resw source; locale=de-DE; revision=edd9fe10d4a120194e4a0a1e60a5d04d661b79ab
MWAgent.Client.WinUI/Strings/Resources,MWAgent.Client.WinUI Resources,szLogFileTypeStandard,Standard,Adiscon User Interface .resw source; locale=de-DE; revision=edd9fe10d4a120194e4a0a1e60a5d04d661b79ab
MWAgent.Client.WinUI/Strings/Resources,MWAgent.Client.WinUI Resources,szLogFileTypeW3C,W3C WebServer Logdatei,Adiscon User Interface .resw source; locale=de-DE; revision=edd9fe10d4a120194e4a0a1e60a5d04d661b79ab
MWAgent.Client.WinUI/Strings/Resources,MWAgent.Client.WinUI Resources,szLogMoveAfterRotatePath,Zielordner,Adiscon User Interface .resw source; locale=de-DE; revision=edd9fe10d4a120194e4a0a1e60a5d04d661b79ab
MWAgent.Client.WinUI/Strings/Resources,MWAgent.Client.WinUI Resources,szLogPostProcessing,Nachverarbeitung,Adiscon User Interface .resw source; locale=de-DE; revision=edd9fe10d4a120194e4a0a1e60a5d04d661b79ab
MWAgent.Client.WinUI/Strings/Resources,MWAgent.Client.WinUI Resources,szLogRotateDisableUniqueFilenameMessage,"Die Protokollrotation verwaltet Dateinamen automatisch bei der Rotation.

Beispiel mit Protokollrotation:
  application.log   → aktuelle Datei
  application.log.1 → vorherige Datei (rotiert)
  application.log.2 → ältere Datei (rotiert)

'Eindeutige Dateinamen erstellen' fügt Zeitstempel hinzu (z.B. app_2024-01-15.log), um Überschreiben zu vermeiden. Die Protokollrotation erledigt dies bereits durch numerische Suffixe. Beides aktiviert ist überflüssig.

Möchten Sie 'Eindeutige Dateinamen erstellen' deaktivieren?",Adiscon User Interface .resw source; locale=de-DE; revision=edd9fe10d4a120194e4a0a1e60a5d04d661b79ab
MWAgent.Client.WinUI/Strings/Resources,MWAgent.Client.WinUI Resources,szLogRotateDisableUniqueFilenameTitle,Protokollrotation,Adiscon User Interface .resw source; locale=de-DE; revision=edd9fe10d4a120194e4a0a1e60a5d04d661b79ab
MWAgent.Client.WinUI/Strings/Resources,MWAgent.Client.WinUI Resources,szLogRotateTimeoutUnitDays,Tage,Adiscon User Interface .resw source; locale=de-DE; revision=edd9fe10d4a120194e4a0a1e60a5d04d661b79ab
MWAgent.Client.WinUI/Strings/Resources,MWAgent.Client.WinUI Resources,szLogRotateTimeoutUnitHours,Stunden,Adiscon User Interface .resw source; locale=de-DE; revision=edd9fe10d4a120194e4a0a1e60a5d04d661b79ab
MWAgent.Client.WinUI/Strings/Resources,MWAgent.Client.WinUI Resources,szLogRotateTimeoutUnitMinutes,Minuten,Adiscon User Interface .resw source; locale=de-DE; revision=edd9fe10d4a120194e4a0a1e60a5d04d661b79ab
MWAgent.Client.WinUI/Strings/Resources,MWAgent.Client.WinUI Resources,szLogRotateTimeoutUnitMonths,Monate,Adiscon User Interface .resw source; locale=de-DE; revision=edd9fe10d4a120194e4a0a1e60a5d04d661b79ab
MWAgent.Client.WinUI/Strings/Resources,MWAgent.Client.WinUI Resources,szLogRotateTimeoutUnitSeconds,Sekunden,Adiscon User Interface .resw source; locale=de-DE; revision=edd9fe10d4a120194e4a0a1e60a5d04d661b79ab
MWAgent.Client.WinUI/Strings/Resources,MWAgent.Client.WinUI Resources,szLogRotateTimeoutUnitWeeks,Wochen,Adiscon User Interface .resw source; locale=de-DE; revision=edd9fe10d4a120194e4a0a1e60a5d04d661b79ab
MWAgent.Client.WinUI/Strings/Resources,MWAgent.Client.WinUI Resources,szLogRotateTimeoutWarningCancelled,"Das Rotationsintervall wurde nicht übernommen. Wählen Sie Ja, um ein Intervall kürzer als fünf Minuten beizubehalten, oder verlängern Sie das Intervall, bevor Sie die Änderungen bestätigen.",Adiscon User Interface .resw source; locale=de-DE; revision=edd9fe10d4a120194e4a0a1e60a5d04d661b79ab
MWAgent.Client.WinUI/Strings/Resources,MWAgent.Client.WinUI Resources,szLogRotateTimeoutWarningNo,Nein,Adiscon User Interface .resw source; locale=de-DE; revision=edd9fe10d4a120194e4a0a1e60a5d04d661b79ab
MWAgent.Client.WinUI/Strings/Resources,MWAgent.Client.WinUI Resources,szLogRotateTimeoutWarningText,Eine Rotation häufiger als alle fünf Minuten kann viele Dateien erzeugen und die Protokollierung beeinträchtigen. Möchten Sie dieses Intervall beibehalten?,Adiscon User Interface .resw source; locale=de-DE; revision=edd9fe10d4a120194e4a0a1e60a5d04d661b79ab
MWAgent.Client.WinUI/Strings/Resources,MWAgent.Client.WinUI Resources,szLogRotateTimeoutWarningTitle,Kurzes Rotationsintervall,Adiscon User Interface .resw source; locale=de-DE; revision=edd9fe10d4a120194e4a0a1e60a5d04d661b79ab
MWAgent.Client.WinUI/Strings/Resources,MWAgent.Client.WinUI Resources,szLogRotateTimeoutWarningUnavailable,"Die Intervallwarnung konnte nicht angezeigt werden. Verlängern Sie das Intervall auf mindestens fünf Minuten, oder versuchen Sie es erneut.",Adiscon User Interface .resw source; locale=de-DE; revision=edd9fe10d4a120194e4a0a1e60a5d04d661b79ab
MWAgent.Client.WinUI/Strings/Resources,MWAgent.Client.WinUI Resources,szLogRotateTimeoutWarningYes,Ja,Adiscon User Interface .resw source; locale=de-DE; revision=edd9fe10d4a120194e4a0a1e60a5d04d661b79ab
MWAgent.Client.WinUI/Strings/Resources,MWAgent.Client.WinUI Resources,szLogType,Ereignisprotokoll Typ,Adiscon User Interface .resw source; locale=de-DE; revision=edd9fe10d4a120194e4a0a1e60a5d04d661b79ab
MWAgent.Client.WinUI/Strings/Resources,MWAgent.Client.WinUI Resources,szLogZipGzip,GZIP (.gz) Kompression,Adiscon User Interface .resw source; locale=de-DE; revision=edd9fe10d4a120194e4a0a1e60a5d04d661b79ab
MWAgent.Client.WinUI/Strings/Resources,MWAgent.Client.WinUI Resources,szLogZipZip,ZIP (.zip) Kompression,Adiscon User Interface .resw source; locale=de-DE; revision=edd9fe10d4a120194e4a0a1e60a5d04d661b79ab
MWAgent.Client.WinUI/Strings/Resources,MWAgent.Client.WinUI Resources,szMIBSPath,Position ihrer MIBS,Adiscon User Interface .resw source; locale=de-DE; revision=edd9fe10d4a120194e4a0a1e60a5d04d661b79ab
MWAgent.Client.WinUI/Strings/Resources,MWAgent.Client.WinUI Resources,szMailServer,SMTP Server,Adiscon User Interface .resw source; locale=de-DE; revision=edd9fe10d4a120194e4a0a1e60a5d04d661b79ab
MWAgent.Client.WinUI/Strings/Resources,MWAgent.Client.WinUI Resources,szMarkParity,Mark Parity,Adiscon User Interface .resw source; locale=de-DE; revision=edd9fe10d4a120194e4a0a1e60a5d04d661b79ab
MWAgent.Client.WinUI/Strings/Resources,MWAgent.Client.WinUI Resources,szMessage,Parameter normalisieren,Adiscon User Interface .resw source; locale=de-DE; revision=edd9fe10d4a120194e4a0a1e60a5d04d661b79ab
MWAgent.Client.WinUI/Strings/Resources,MWAgent.Client.WinUI Resources,szMessageBegin,Beim Start senden,Adiscon User Interface .resw source; locale=de-DE; revision=edd9fe10d4a120194e4a0a1e60a5d04d661b79ab
MWAgent.Client.WinUI/Strings/Resources,MWAgent.Client.WinUI Resources,szMessageEnd,Wie wird eine Nachricht beendet,Adiscon User Interface .resw source; locale=de-DE; revision=edd9fe10d4a120194e4a0a1e60a5d04d661b79ab
MWAgent.Client.WinUI/Strings/Resources,MWAgent.Client.WinUI Resources,szMessageExpected,Erwartete Nachricht: ,Adiscon User Interface .resw source; locale=de-DE; revision=edd9fe10d4a120194e4a0a1e60a5d04d661b79ab
MWAgent.Client.WinUI/Strings/Resources,MWAgent.Client.WinUI Resources,szMessageFormat,Nachrichtenformat,Adiscon User Interface .resw source; locale=de-DE; revision=edd9fe10d4a120194e4a0a1e60a5d04d661b79ab
MWAgent.Client.WinUI/Strings/Resources,MWAgent.Client.WinUI Resources,szMessageMode,MessageFeld (%msg%),Adiscon User Interface .resw source; locale=de-DE; revision=edd9fe10d4a120194e4a0a1e60a5d04d661b79ab
MWAgent.Client.WinUI/Strings/Resources,MWAgent.Client.WinUI Resources,szMessageProcessing,Optionen zur Messageverarbeitung,Adiscon User Interface .resw source; locale=de-DE; revision=edd9fe10d4a120194e4a0a1e60a5d04d661b79ab
MWAgent.Client.WinUI/Strings/Resources,MWAgent.Client.WinUI Resources,szMessageToSend,Nachricht senden: ,Adiscon User Interface .resw source; locale=de-DE; revision=edd9fe10d4a120194e4a0a1e60a5d04d661b79ab
MWAgent.Client.WinUI/Strings/Resources,MWAgent.Client.WinUI Resources,szMessagecontent,Meldungsinhalt,Adiscon User Interface .resw source; locale=de-DE; revision=edd9fe10d4a120194e4a0a1e60a5d04d661b79ab
MWAgent.Client.WinUI/Strings/Resources,MWAgent.Client.WinUI Resources,szMoreInfoCrash,"Falls aktiviert werden Absturzberichte automatisch unter http://crashdump.adiscon.com aufgeladen.
Die Berichte enthalten keine persönlichen Informationen.
Es werden nur Informationen zum Problem gesendet.",Adiscon User Interface .resw source; locale=de-DE; revision=edd9fe10d4a120194e4a0a1e60a5d04d661b79ab
MWAgent.Client.WinUI/Strings/Resources,MWAgent.Client.WinUI Resources,szMoreInformation,Mehr Informationen unter auf unserer Homepage:,Adiscon User Interface .resw source; locale=de-DE; revision=edd9fe10d4a120194e4a0a1e60a5d04d661b79ab
MWAgent.Client.WinUI/Strings/Resources,MWAgent.Client.WinUI Resources,szMsgSep_,Trennzeichensequenz,Adiscon User Interface .resw source; locale=de-DE; revision=edd9fe10d4a120194e4a0a1e60a5d04d661b79ab
MWAgent.Client.WinUI/Strings/Resources,MWAgent.Client.WinUI Resources,szMultiCastAddress,Multicast Adresse,Adiscon User Interface .resw source; locale=de-DE; revision=edd9fe10d4a120194e4a0a1e60a5d04d661b79ab
MWAgent.Client.WinUI/Strings/Resources,MWAgent.Client.WinUI Resources,szMyIPAddress,IP Adresse,Adiscon User Interface .resw source; locale=de-DE; revision=edd9fe10d4a120194e4a0a1e60a5d04d661b79ab
MWAgent.Client.WinUI/Strings/Resources,MWAgent.Client.WinUI Resources,szNNTPServer,NNTP Server,Adiscon User Interface .resw source; locale=de-DE; revision=edd9fe10d4a120194e4a0a1e60a5d04d661b79ab
MWAgent.Client.WinUI/Strings/Resources,MWAgent.Client.WinUI Resources,szNetworkOptions,Netzwerk spezifisch,Adiscon User Interface .resw source; locale=de-DE; revision=edd9fe10d4a120194e4a0a1e60a5d04d661b79ab
MWAgent.Client.WinUI/Strings/Resources,MWAgent.Client.WinUI Resources,szNoParity,No Parity,Adiscon User Interface .resw source; locale=de-DE; revision=edd9fe10d4a120194e4a0a1e60a5d04d661b79ab
MWAgent.Client.WinUI/Strings/Resources,MWAgent.Client.WinUI Resources,szODBCDsn,DSN,Adiscon User Interface .resw source; locale=de-DE; revision=edd9fe10d4a120194e4a0a1e60a5d04d661b79ab
MWAgent.Client.WinUI/Strings/Resources,MWAgent.Client.WinUI Resources,szODBCPwd,Passwort,Adiscon User Interface .resw source; locale=de-DE; revision=edd9fe10d4a120194e4a0a1e60a5d04d661b79ab
MWAgent.Client.WinUI/Strings/Resources,MWAgent.Client.WinUI Resources,szODBCUid,User-ID,Adiscon User Interface .resw source; locale=de-DE; revision=edd9fe10d4a120194e4a0a1e60a5d04d661b79ab
MWAgent.Client.WinUI/Strings/Resources,MWAgent.Client.WinUI Resources,szOddParity,Odd Parity,Adiscon User Interface .resw source; locale=de-DE; revision=edd9fe10d4a120194e4a0a1e60a5d04d661b79ab
MWAgent.Client.WinUI/Strings/Resources,MWAgent.Client.WinUI Resources,szOne5StopBits,"1,5 Stop bit",Adiscon User Interface .resw source; locale=de-DE; revision=edd9fe10d4a120194e4a0a1e60a5d04d661b79ab
MWAgent.Client.WinUI/Strings/Resources,MWAgent.Client.WinUI Resources,szOneStopBit,1 Stop bit,Adiscon User Interface .resw source; locale=de-DE; revision=edd9fe10d4a120194e4a0a1e60a5d04d661b79ab
MWAgent.Client.WinUI/Strings/Resources,MWAgent.Client.WinUI Resources,szOpenSearchOptions,OpenSearch-Optionen,Adiscon User Interface .resw source; locale=de-DE; revision=edd9fe10d4a120194e4a0a1e60a5d04d661b79ab
MWAgent.Client.WinUI/Strings/Resources,MWAgent.Client.WinUI Resources,szOperationType,Operation Typ,Adiscon User Interface .resw source; locale=de-DE; revision=edd9fe10d4a120194e4a0a1e60a5d04d661b79ab
MWAgent.Client.WinUI/Strings/Resources,MWAgent.Client.WinUI Resources,szOptions,Optionen,Adiscon User Interface .resw source; locale=de-DE; revision=edd9fe10d4a120194e4a0a1e60a5d04d661b79ab
MWAgent.Client.WinUI/Strings/Resources,MWAgent.Client.WinUI Resources,szOtherOptions,Other Engine Options,Adiscon User Interface .resw source; locale=de-DE; revision=edd9fe10d4a120194e4a0a1e60a5d04d661b79ab
MWAgent.Client.WinUI/Strings/Resources,MWAgent.Client.WinUI Resources,szOutputFormat_CSV,CSV Format,Adiscon User Interface .resw source; locale=de-DE; revision=edd9fe10d4a120194e4a0a1e60a5d04d661b79ab
MWAgent.Client.WinUI/Strings/Resources,MWAgent.Client.WinUI Resources,szOutputFormat_Disabled,Deaktiviert,Adiscon User Interface .resw source; locale=de-DE; revision=edd9fe10d4a120194e4a0a1e60a5d04d661b79ab
MWAgent.Client.WinUI/Strings/Resources,MWAgent.Client.WinUI Resources,szOutputFormat_JSON,JSON Format,Adiscon User Interface .resw source; locale=de-DE; revision=edd9fe10d4a120194e4a0a1e60a5d04d661b79ab
MWAgent.Client.WinUI/Strings/Resources,MWAgent.Client.WinUI Resources,szOutputFormat_XML,XML Format,Adiscon User Interface .resw source; locale=de-DE; revision=edd9fe10d4a120194e4a0a1e60a5d04d661b79ab
MWAgent.Client.WinUI/Strings/Resources,MWAgent.Client.WinUI Resources,szOutputProperty,Ausgabe Property,Adiscon User Interface .resw source; locale=de-DE; revision=edd9fe10d4a120194e4a0a1e60a5d04d661b79ab
MWAgent.Client.WinUI/Strings/Resources,MWAgent.Client.WinUI Resources,szOverwriteValues,Syslog-Eigenschaften überschreiben,Adiscon User Interface .resw source; locale=de-DE; revision=edd9fe10d4a120194e4a0a1e60a5d04d661b79ab
MWAgent.Client.WinUI/Strings/Resources,MWAgent.Client.WinUI Resources,szPOP3Server,POP3 Server,Adiscon User Interface .resw source; locale=de-DE; revision=edd9fe10d4a120194e4a0a1e60a5d04d661b79ab
MWAgent.Client.WinUI/Strings/Resources,MWAgent.Client.WinUI Resources,szParameters,Auszuführende Parameter,Adiscon User Interface .resw source; locale=de-DE; revision=edd9fe10d4a120194e4a0a1e60a5d04d661b79ab
MWAgent.Client.WinUI/Strings/Resources,MWAgent.Client.WinUI Resources,szParsValue_,Wert,Adiscon User Interface .resw source; locale=de-DE; revision=edd9fe10d4a120194e4a0a1e60a5d04d661b79ab
MWAgent.Client.WinUI/Strings/Resources,MWAgent.Client.WinUI Resources,szPassword,Password,Adiscon User Interface .resw source; locale=de-DE; revision=edd9fe10d4a120194e4a0a1e60a5d04d661b79ab
MWAgent.Client.WinUI/Strings/Resources,MWAgent.Client.WinUI Resources,szPathAndFileName,Datei und Pfad Name,Adiscon User Interface .resw source; locale=de-DE; revision=edd9fe10d4a120194e4a0a1e60a5d04d661b79ab
MWAgent.Client.WinUI/Strings/Resources,MWAgent.Client.WinUI Resources,szPortName,An welchen Kommunikationsport soll die Nachricht gesendet werden?,Adiscon User Interface .resw source; locale=de-DE; revision=edd9fe10d4a120194e4a0a1e60a5d04d661b79ab
MWAgent.Client.WinUI/Strings/Resources,MWAgent.Client.WinUI Resources,szPortSettings,Port Einstellungen,Adiscon User Interface .resw source; locale=de-DE; revision=edd9fe10d4a120194e4a0a1e60a5d04d661b79ab
MWAgent.Client.WinUI/Strings/Resources,MWAgent.Client.WinUI Resources,szPostProcessApps,Available post process applications,Adiscon User Interface .resw source; locale=de-DE; revision=edd9fe10d4a120194e4a0a1e60a5d04d661b79ab
MWAgent.Client.WinUI/Strings/Resources,MWAgent.Client.WinUI Resources,szPriorityLow,Niedrige Priorität,Adiscon User Interface .resw source; locale=de-DE; revision=edd9fe10d4a120194e4a0a1e60a5d04d661b79ab
MWAgent.Client.WinUI/Strings/Resources,MWAgent.Client.WinUI Resources,szPriorityNormal,Normale Priorität,Adiscon User Interface .resw source; locale=de-DE; revision=edd9fe10d4a120194e4a0a1e60a5d04d661b79ab
MWAgent.Client.WinUI/Strings/Resources,MWAgent.Client.WinUI Resources,szPriorityhigh,Hohe Priorität,Adiscon User Interface .resw source; locale=de-DE; revision=edd9fe10d4a120194e4a0a1e60a5d04d661b79ab
MWAgent.Client.WinUI/Strings/Resources,MWAgent.Client.WinUI Resources,szPropertiesTableName,Tabellenname Detaildaten,Adiscon User Interface .resw source; locale=de-DE; revision=edd9fe10d4a120194e4a0a1e60a5d04d661b79ab
MWAgent.Client.WinUI/Strings/Resources,MWAgent.Client.WinUI Resources,szPropertyName,Eigenschaftsname,Adiscon User Interface .resw source; locale=de-DE; revision=edd9fe10d4a120194e4a0a1e60a5d04d661b79ab
MWAgent.Client.WinUI/Strings/Resources,MWAgent.Client.WinUI Resources,szPropertyType,Eigenschaftstyp,Adiscon User Interface .resw source; locale=de-DE; revision=edd9fe10d4a120194e4a0a1e60a5d04d661b79ab
MWAgent.Client.WinUI/Strings/Resources,MWAgent.Client.WinUI Resources,szPropertyValue,Eigenschaftswert,Adiscon User Interface .resw source; locale=de-DE; revision=edd9fe10d4a120194e4a0a1e60a5d04d661b79ab
MWAgent.Client.WinUI/Strings/Resources,MWAgent.Client.WinUI Resources,szProperty_,Property Name,Adiscon User Interface .resw source; locale=de-DE; revision=edd9fe10d4a120194e4a0a1e60a5d04d661b79ab
MWAgent.Client.WinUI/Strings/Resources,MWAgent.Client.WinUI Resources,szProvider,Provider,Adiscon User Interface .resw source; locale=de-DE; revision=edd9fe10d4a120194e4a0a1e60a5d04d661b79ab
MWAgent.Client.WinUI/Strings/Resources,MWAgent.Client.WinUI Resources,szQueueBody,Queue Nachricht Body,Adiscon User Interface .resw source; locale=de-DE; revision=edd9fe10d4a120194e4a0a1e60a5d04d661b79ab
MWAgent.Client.WinUI/Strings/Resources,MWAgent.Client.WinUI Resources,szQueueLable,Queue Nachricht Label,Adiscon User Interface .resw source; locale=de-DE; revision=edd9fe10d4a120194e4a0a1e60a5d04d661b79ab
MWAgent.Client.WinUI/Strings/Resources,MWAgent.Client.WinUI Resources,szQueueName,Queuename,Adiscon User Interface .resw source; locale=de-DE; revision=edd9fe10d4a120194e4a0a1e60a5d04d661b79ab
MWAgent.Client.WinUI/Strings/Resources,MWAgent.Client.WinUI Resources,szRELPOptions,General Options,Adiscon User Interface .resw source; locale=de-DE; revision=edd9fe10d4a120194e4a0a1e60a5d04d661b79ab
MWAgent.Client.WinUI/Strings/Resources,MWAgent.Client.WinUI Resources,szROM,Rest of Message,Adiscon User Interface .resw source; locale=de-DE; revision=edd9fe10d4a120194e4a0a1e60a5d04d661b79ab
MWAgent.Client.WinUI/Strings/Resources,MWAgent.Client.WinUI Resources,szReadFileBufferInfo,"Der File Monitor liest Dateien in Blöcken in Größe des Lesepuffers.
Die Standard Lesepuffergröße beträgt 4096 Bytes was ein guter Mittelwert für Performance und Speicherausnutzung ist.

Wenn Sie Regex-Trennzeichen verwenden und ihre Logzeilen größer werden können als die Lesepuffergröße, dann können Sie diesen Wert vergrößern. Andernfalls empfehlen wir den Wert nicht zu verändert!",Adiscon User Interface .resw source; locale=de-DE; revision=edd9fe10d4a120194e4a0a1e60a5d04d661b79ab
MWAgent.Client.WinUI/Strings/Resources,MWAgent.Client.WinUI Resources,szReferer,Referer,Adiscon User Interface .resw source; locale=de-DE; revision=edd9fe10d4a120194e4a0a1e60a5d04d661b79ab
MWAgent.Client.WinUI/Strings/Resources,MWAgent.Client.WinUI Resources,szRegistryError,Fehler beim Zugriff auf die Konfiguration (Registry),Adiscon User Interface .resw source; locale=de-DE; revision=edd9fe10d4a120194e4a0a1e60a5d04d661b79ab
MWAgent.Client.WinUI/Strings/Resources,MWAgent.Client.WinUI Resources,szRemoteHost,Remote host,Adiscon User Interface .resw source; locale=de-DE; revision=edd9fe10d4a120194e4a0a1e60a5d04d661b79ab
MWAgent.Client.WinUI/Strings/Resources,MWAgent.Client.WinUI Resources,szRequestTemplateAdvancedHint,"Lassen Sie die JSON-Eigenschaftenliste leer und beide Felder unten leer, um alle InfoUnit-Eigenschaften automatisch als JSON zu serialisieren (siehe Vorschau). Die erweiterte Vorlage überschreibt die Eigenschaftenliste, wenn sie nicht leer ist.",Adiscon User Interface .resw source; locale=de-DE; revision=edd9fe10d4a120194e4a0a1e60a5d04d661b79ab
MWAgent.Client.WinUI/Strings/Resources,MWAgent.Client.WinUI Resources,szRequestType,Request Typ,Adiscon User Interface .resw source; locale=de-DE; revision=edd9fe10d4a120194e4a0a1e60a5d04d661b79ab
MWAgent.Client.WinUI/Strings/Resources,MWAgent.Client.WinUI Resources,szResetValue,Zurücksetzen,Adiscon User Interface .resw source; locale=de-DE; revision=edd9fe10d4a120194e4a0a1e60a5d04d661b79ab
MWAgent.Client.WinUI/Strings/Resources,MWAgent.Client.WinUI Resources,szRessourceOptions,Ressourcen Bibliothek Cache Optionen,Adiscon User Interface .resw source; locale=de-DE; revision=edd9fe10d4a120194e4a0a1e60a5d04d661b79ab
MWAgent.Client.WinUI/Strings/Resources,MWAgent.Client.WinUI Resources,szRestOutputAdvancedTab,Erweitert,Adiscon User Interface .resw source; locale=de-DE; revision=edd9fe10d4a120194e4a0a1e60a5d04d661b79ab
MWAgent.Client.WinUI/Strings/Resources,MWAgent.Client.WinUI Resources,szRestOutputGeneralTab,Allgemein,Adiscon User Interface .resw source; locale=de-DE; revision=edd9fe10d4a120194e4a0a1e60a5d04d661b79ab
MWAgent.Client.WinUI/Strings/Resources,MWAgent.Client.WinUI Resources,szRestOutputRequestTab,Anfrage,Adiscon User Interface .resw source; locale=de-DE; revision=edd9fe10d4a120194e4a0a1e60a5d04d661b79ab
MWAgent.Client.WinUI/Strings/Resources,MWAgent.Client.WinUI Resources,szRingBufferFile,Datei- und Pfadname,Adiscon User Interface .resw source; locale=de-DE; revision=edd9fe10d4a120194e4a0a1e60a5d04d661b79ab
MWAgent.Client.WinUI/Strings/Resources,MWAgent.Client.WinUI Resources,szRingBufferWarning,"Warnung! Wenn Sie Diskcaching aktivieren, wird die Verarbeitung der Aktionen verlangsamt. Dies ist abhängig von der Geschwindigkeit der Festplatte. Aktivieren Sie dieses Feature nur, wenn Sie wirklich die Queue auf der Festplatte zur Ausfallsicherung zwischenspeichern wollen. Falls die Verarbeitung unterbrochen werden sollte, wird der Dienst die Queue beim Start einlesen und sie weiter bearbeiten.",Adiscon User Interface .resw source; locale=de-DE; revision=edd9fe10d4a120194e4a0a1e60a5d04d661b79ab
MWAgent.Client.WinUI/Strings/Resources,MWAgent.Client.WinUI Resources,szRotateConditions,Rotationsbedingungen,Adiscon User Interface .resw source; locale=de-DE; revision=edd9fe10d4a120194e4a0a1e60a5d04d661b79ab
MWAgent.Client.WinUI/Strings/Resources,MWAgent.Client.WinUI Resources,szRotatePostProcessing,Rotationsnachverarbeitung,Adiscon User Interface .resw source; locale=de-DE; revision=edd9fe10d4a120194e4a0a1e60a5d04d661b79ab
MWAgent.Client.WinUI/Strings/Resources,MWAgent.Client.WinUI Resources,szRotateWorkerOptions,Hintergrunddienst für Logrotation,Adiscon User Interface .resw source; locale=de-DE; revision=edd9fe10d4a120194e4a0a1e60a5d04d661b79ab
MWAgent.Client.WinUI/Strings/Resources,MWAgent.Client.WinUI Resources,szRotateWorkerOptionsDescription,"Das LogRotate-Hintergrundsystem bereitet getrennte Dateien vor und verarbeitet Logrotationsjobs im Hintergrund.
Anstehende Jobs werden in LogRotationQueue.json gespeichert und nach einem Neustart fortgesetzt.
Temporäre .staging-Dateien können erscheinen, während Dateien für Logrotation, Komprimierung oder Verschieben vorbereitet werden.",Adiscon User Interface .resw source; locale=de-DE; revision=edd9fe10d4a120194e4a0a1e60a5d04d661b79ab
MWAgent.Client.WinUI/Strings/Resources,MWAgent.Client.WinUI Resources,szRtsControlDisable,RTS Control Disable,Adiscon User Interface .resw source; locale=de-DE; revision=edd9fe10d4a120194e4a0a1e60a5d04d661b79ab
MWAgent.Client.WinUI/Strings/Resources,MWAgent.Client.WinUI Resources,szRtsControlEnable,RTS Control Enable,Adiscon User Interface .resw source; locale=de-DE; revision=edd9fe10d4a120194e4a0a1e60a5d04d661b79ab
MWAgent.Client.WinUI/Strings/Resources,MWAgent.Client.WinUI Resources,szRtsControlHandshake,RTS Control Handshake,Adiscon User Interface .resw source; locale=de-DE; revision=edd9fe10d4a120194e4a0a1e60a5d04d661b79ab
MWAgent.Client.WinUI/Strings/Resources,MWAgent.Client.WinUI Resources,szRtsControlToggle,RTS Control Toggle,Adiscon User Interface .resw source; locale=de-DE; revision=edd9fe10d4a120194e4a0a1e60a5d04d661b79ab
MWAgent.Client.WinUI/Strings/Resources,MWAgent.Client.WinUI Resources,szRuleEngineSpecific,Rule Engine spezifisch,Adiscon User Interface .resw source; locale=de-DE; revision=edd9fe10d4a120194e4a0a1e60a5d04d661b79ab
MWAgent.Client.WinUI/Strings/Resources,MWAgent.Client.WinUI Resources,szRuleSet,"Ruleset, das aufgerufen werden soll",Adiscon User Interface .resw source; locale=de-DE; revision=edd9fe10d4a120194e4a0a1e60a5d04d661b79ab
MWAgent.Client.WinUI/Strings/Resources,MWAgent.Client.WinUI Resources,szRuleSetEngineOptions,RuleSet Engine,Adiscon User Interface .resw source; locale=de-DE; revision=edd9fe10d4a120194e4a0a1e60a5d04d661b79ab
MWAgent.Client.WinUI/Strings/Resources,MWAgent.Client.WinUI Resources,szRulebase,Rulebase Datei auswählen,Adiscon User Interface .resw source; locale=de-DE; revision=edd9fe10d4a120194e4a0a1e60a5d04d661b79ab
MWAgent.Client.WinUI/Strings/Resources,MWAgent.Client.WinUI Resources,szSETPOptions,General Options,Adiscon User Interface .resw source; locale=de-DE; revision=edd9fe10d4a120194e4a0a1e60a5d04d661b79ab
MWAgent.Client.WinUI/Strings/Resources,MWAgent.Client.WinUI Resources,szSMTPBody,Mailnachrichten Format,Adiscon User Interface .resw source; locale=de-DE; revision=edd9fe10d4a120194e4a0a1e60a5d04d661b79ab
MWAgent.Client.WinUI/Strings/Resources,MWAgent.Client.WinUI Resources,szSMTPPassword,SMTP Passwort,Adiscon User Interface .resw source; locale=de-DE; revision=edd9fe10d4a120194e4a0a1e60a5d04d661b79ab
MWAgent.Client.WinUI/Strings/Resources,MWAgent.Client.WinUI Resources,szSMTPRecipient,Empfänger,Adiscon User Interface .resw source; locale=de-DE; revision=edd9fe10d4a120194e4a0a1e60a5d04d661b79ab
MWAgent.Client.WinUI/Strings/Resources,MWAgent.Client.WinUI Resources,szSMTPSender,Absender,Adiscon User Interface .resw source; locale=de-DE; revision=edd9fe10d4a120194e4a0a1e60a5d04d661b79ab
MWAgent.Client.WinUI/Strings/Resources,MWAgent.Client.WinUI Resources,szSMTPServer,Mailserver,Adiscon User Interface .resw source; locale=de-DE; revision=edd9fe10d4a120194e4a0a1e60a5d04d661b79ab
MWAgent.Client.WinUI/Strings/Resources,MWAgent.Client.WinUI Resources,szSMTPServerBackup,Backup Mailserver,Adiscon User Interface .resw source; locale=de-DE; revision=edd9fe10d4a120194e4a0a1e60a5d04d661b79ab
MWAgent.Client.WinUI/Strings/Resources,MWAgent.Client.WinUI Resources,szSMTPSubject,Betreff,Adiscon User Interface .resw source; locale=de-DE; revision=edd9fe10d4a120194e4a0a1e60a5d04d661b79ab
MWAgent.Client.WinUI/Strings/Resources,MWAgent.Client.WinUI Resources,szSMTPUsername,SMTP Benutzername,Adiscon User Interface .resw source; locale=de-DE; revision=edd9fe10d4a120194e4a0a1e60a5d04d661b79ab
MWAgent.Client.WinUI/Strings/Resources,MWAgent.Client.WinUI Resources,szSNMPOptions,SNMP Options,Adiscon User Interface .resw source; locale=de-DE; revision=edd9fe10d4a120194e4a0a1e60a5d04d661b79ab
MWAgent.Client.WinUI/Strings/Resources,MWAgent.Client.WinUI Resources,szSQLConnectionOptions,Verbindungsoptionen,Adiscon User Interface .resw source; locale=de-DE; revision=edd9fe10d4a120194e4a0a1e60a5d04d661b79ab
MWAgent.Client.WinUI/Strings/Resources,MWAgent.Client.WinUI Resources,szSQLOptions,SQL Options,Adiscon User Interface .resw source; locale=de-DE; revision=edd9fe10d4a120194e4a0a1e60a5d04d661b79ab
MWAgent.Client.WinUI/Strings/Resources,MWAgent.Client.WinUI Resources,szSSLOptions,SSL-Optionen,Adiscon User Interface .resw source; locale=de-DE; revision=edd9fe10d4a120194e4a0a1e60a5d04d661b79ab
MWAgent.Client.WinUI/Strings/Resources,MWAgent.Client.WinUI Resources,szSaveSourceProperty,Propertyname: ,Adiscon User Interface .resw source; locale=de-DE; revision=edd9fe10d4a120194e4a0a1e60a5d04d661b79ab
MWAgent.Client.WinUI/Strings/Resources,MWAgent.Client.WinUI Resources,szSelectStatement,Statement related properties,Adiscon User Interface .resw source; locale=de-DE; revision=edd9fe10d4a120194e4a0a1e60a5d04d661b79ab
MWAgent.Client.WinUI/Strings/Resources,MWAgent.Client.WinUI Resources,szSelectStatementFROM,FROM,Adiscon User Interface .resw source; locale=de-DE; revision=edd9fe10d4a120194e4a0a1e60a5d04d661b79ab
MWAgent.Client.WinUI/Strings/Resources,MWAgent.Client.WinUI Resources,szSelectStatementSELECT,SELECT,Adiscon User Interface .resw source; locale=de-DE; revision=edd9fe10d4a120194e4a0a1e60a5d04d661b79ab
MWAgent.Client.WinUI/Strings/Resources,MWAgent.Client.WinUI Resources,szSelpSendServer,RELP Servername,Adiscon User Interface .resw source; locale=de-DE; revision=edd9fe10d4a120194e4a0a1e60a5d04d661b79ab
MWAgent.Client.WinUI/Strings/Resources,MWAgent.Client.WinUI Resources,szSendModeRoundRobin,Benutze round robin modus (wechselnde Syslog Server),Adiscon User Interface .resw source; locale=de-DE; revision=edd9fe10d4a120194e4a0a1e60a5d04d661b79ab
MWAgent.Client.WinUI/Strings/Resources,MWAgent.Client.WinUI Resources,szSendModeSingle,Benutze einen syslog server (optional mit backup server),Adiscon User Interface .resw source; locale=de-DE; revision=edd9fe10d4a120194e4a0a1e60a5d04d661b79ab
MWAgent.Client.WinUI/Strings/Resources,MWAgent.Client.WinUI Resources,szServer,Servername,Adiscon User Interface .resw source; locale=de-DE; revision=edd9fe10d4a120194e4a0a1e60a5d04d661b79ab
MWAgent.Client.WinUI/Strings/Resources,MWAgent.Client.WinUI Resources,szServerName,Zu überwachender Host,Adiscon User Interface .resw source; locale=de-DE; revision=edd9fe10d4a120194e4a0a1e60a5d04d661b79ab
MWAgent.Client.WinUI/Strings/Resources,MWAgent.Client.WinUI Resources,szServiceName,Service Name,Adiscon User Interface .resw source; locale=de-DE; revision=edd9fe10d4a120194e4a0a1e60a5d04d661b79ab
MWAgent.Client.WinUI/Strings/Resources,MWAgent.Client.WinUI Resources,szSnmpCheckOid,Query OID (Object ID),Adiscon User Interface .resw source; locale=de-DE; revision=edd9fe10d4a120194e4a0a1e60a5d04d661b79ab
MWAgent.Client.WinUI/Strings/Resources,MWAgent.Client.WinUI Resources,szSnmpGeneralOptions,General SNMP Options,Adiscon User Interface .resw source; locale=de-DE; revision=edd9fe10d4a120194e4a0a1e60a5d04d661b79ab
MWAgent.Client.WinUI/Strings/Resources,MWAgent.Client.WinUI Resources,szSnmpRelatedValues,SNMP Query bezogen,Adiscon User Interface .resw source; locale=de-DE; revision=edd9fe10d4a120194e4a0a1e60a5d04d661b79ab
MWAgent.Client.WinUI/Strings/Resources,MWAgent.Client.WinUI Resources,szSnmpv2Oid,Trap OID,Adiscon User Interface .resw source; locale=de-DE; revision=edd9fe10d4a120194e4a0a1e60a5d04d661b79ab
MWAgent.Client.WinUI/Strings/Resources,MWAgent.Client.WinUI Resources,szSourcePropertyName,Quell-Property von dem der Name aufgelöst werden soll:,Adiscon User Interface .resw source; locale=de-DE; revision=edd9fe10d4a120194e4a0a1e60a5d04d661b79ab
MWAgent.Client.WinUI/Strings/Resources,MWAgent.Client.WinUI Resources,szSpaceParity,Space Parity,Adiscon User Interface .resw source; locale=de-DE; revision=edd9fe10d4a120194e4a0a1e60a5d04d661b79ab
MWAgent.Client.WinUI/Strings/Resources,MWAgent.Client.WinUI Resources,szSpoofedIPAddress,Fixed IP or single property,Adiscon User Interface .resw source; locale=de-DE; revision=edd9fe10d4a120194e4a0a1e60a5d04d661b79ab
MWAgent.Client.WinUI/Strings/Resources,MWAgent.Client.WinUI Resources,szStatusVar,Status Variable,Adiscon User Interface .resw source; locale=de-DE; revision=edd9fe10d4a120194e4a0a1e60a5d04d661b79ab
MWAgent.Client.WinUI/Strings/Resources,MWAgent.Client.WinUI Resources,szStoredProcedure,CALL (MSSQLStored Procedure),Adiscon User Interface .resw source; locale=de-DE; revision=edd9fe10d4a120194e4a0a1e60a5d04d661b79ab
MWAgent.Client.WinUI/Strings/Resources,MWAgent.Client.WinUI Resources,szSubscriptionOptions,Event Subscription Optionen,Adiscon User Interface .resw source; locale=de-DE; revision=edd9fe10d4a120194e4a0a1e60a5d04d661b79ab
MWAgent.Client.WinUI/Strings/Resources,MWAgent.Client.WinUI Resources,szSyslogHeaderOptions,SyslogHeader Optionen,Adiscon User Interface .resw source; locale=de-DE; revision=edd9fe10d4a120194e4a0a1e60a5d04d661b79ab
MWAgent.Client.WinUI/Strings/Resources,MWAgent.Client.WinUI Resources,szSyslogMaxMessageSizeDescription,"Wenn übergroße Meldungen über Syslog TCP empfangen werden, dann definiert dieser Wert die maximale Größe einer Meldung. Der Standardwert für TCP ist auf 1024000 Bytes (MB) festgelegt. Für UDP Syslog Meldungen gilt das protokolspezifische Limit von 65536 Bytes.",Adiscon User Interface .resw source; locale=de-DE; revision=edd9fe10d4a120194e4a0a1e60a5d04d661b79ab
MWAgent.Client.WinUI/Strings/Resources,MWAgent.Client.WinUI Resources,szSyslogMessageOptions,Meldungsoptionen,Adiscon User Interface .resw source; locale=de-DE; revision=edd9fe10d4a120194e4a0a1e60a5d04d661b79ab
MWAgent.Client.WinUI/Strings/Resources,MWAgent.Client.WinUI Resources,szSyslogNetworkOptions,Netzwerk bezogene Optionen,Adiscon User Interface .resw source; locale=de-DE; revision=edd9fe10d4a120194e4a0a1e60a5d04d661b79ab
MWAgent.Client.WinUI/Strings/Resources,MWAgent.Client.WinUI Resources,szSyslogProcessingCustomHeader,Verwende individuellen Syslog Header,Adiscon User Interface .resw source; locale=de-DE; revision=edd9fe10d4a120194e4a0a1e60a5d04d661b79ab
MWAgent.Client.WinUI/Strings/Resources,MWAgent.Client.WinUI Resources,szSyslogProcessingDisabled,"Verarbeitung deaktivieren, senden wie es ist",Adiscon User Interface .resw source; locale=de-DE; revision=edd9fe10d4a120194e4a0a1e60a5d04d661b79ab
MWAgent.Client.WinUI/Strings/Resources,MWAgent.Client.WinUI Resources,szSyslogProcessingRFC3164,Verwende alte RFC 3164 Verarbeitung,Adiscon User Interface .resw source; locale=de-DE; revision=edd9fe10d4a120194e4a0a1e60a5d04d661b79ab
MWAgent.Client.WinUI/Strings/Resources,MWAgent.Client.WinUI Resources,szSyslogProcessingRFC5424,Verwende RFC 5424 Verarbeitung (empfohlen),Adiscon User Interface .resw source; locale=de-DE; revision=edd9fe10d4a120194e4a0a1e60a5d04d661b79ab
MWAgent.Client.WinUI/Strings/Resources,MWAgent.Client.WinUI Resources,szSyslogQueue,SyslogQueue Name,Adiscon User Interface .resw source; locale=de-DE; revision=edd9fe10d4a120194e4a0a1e60a5d04d661b79ab
MWAgent.Client.WinUI/Strings/Resources,MWAgent.Client.WinUI Resources,szSyslogQueueOptions,SyslogQueue Optionen,Adiscon User Interface .resw source; locale=de-DE; revision=edd9fe10d4a120194e4a0a1e60a5d04d661b79ab
MWAgent.Client.WinUI/Strings/Resources,MWAgent.Client.WinUI Resources,szSyslogSSLOptions,SSL/TLS bezogene Optionen,Adiscon User Interface .resw source; locale=de-DE; revision=edd9fe10d4a120194e4a0a1e60a5d04d661b79ab
MWAgent.Client.WinUI/Strings/Resources,MWAgent.Client.WinUI Resources,szSyslogSendServer,Syslog Server,Adiscon User Interface .resw source; locale=de-DE; revision=edd9fe10d4a120194e4a0a1e60a5d04d661b79ab
MWAgent.Client.WinUI/Strings/Resources,MWAgent.Client.WinUI Resources,szSyslogServerBackup,Backup Syslog Server,Adiscon User Interface .resw source; locale=de-DE; revision=edd9fe10d4a120194e4a0a1e60a5d04d661b79ab
MWAgent.Client.WinUI/Strings/Resources,MWAgent.Client.WinUI Resources,szSyslogServerOptions,Syslog Empfänger Optionen,Adiscon User Interface .resw source; locale=de-DE; revision=edd9fe10d4a120194e4a0a1e60a5d04d661b79ab
MWAgent.Client.WinUI/Strings/Resources,MWAgent.Client.WinUI Resources,szSyslogServer_,Syslog Server,Adiscon User Interface .resw source; locale=de-DE; revision=edd9fe10d4a120194e4a0a1e60a5d04d661b79ab
MWAgent.Client.WinUI/Strings/Resources,MWAgent.Client.WinUI Resources,szSyslogTCPOptions,TCP bezogene Optionen,Adiscon User Interface .resw source; locale=de-DE; revision=edd9fe10d4a120194e4a0a1e60a5d04d661b79ab
MWAgent.Client.WinUI/Strings/Resources,MWAgent.Client.WinUI Resources,szSyslogTagValue,Syslog Tag,Adiscon User Interface .resw source; locale=de-DE; revision=edd9fe10d4a120194e4a0a1e60a5d04d661b79ab
MWAgent.Client.WinUI/Strings/Resources,MWAgent.Client.WinUI Resources,szSyslogTargetOptions,Syslog Empfänger Optionen,Adiscon User Interface .resw source; locale=de-DE; revision=edd9fe10d4a120194e4a0a1e60a5d04d661b79ab
MWAgent.Client.WinUI/Strings/Resources,MWAgent.Client.WinUI Resources,szSyslogUDPOptions,UDP bezogene Optionen,Adiscon User Interface .resw source; locale=de-DE; revision=edd9fe10d4a120194e4a0a1e60a5d04d661b79ab
MWAgent.Client.WinUI/Strings/Resources,MWAgent.Client.WinUI Resources,szTCPMsgSep,Meldungs-Trennung,Adiscon User Interface .resw source; locale=de-DE; revision=edd9fe10d4a120194e4a0a1e60a5d04d661b79ab
MWAgent.Client.WinUI/Strings/Resources,MWAgent.Client.WinUI Resources,szTCPOptions,TCP Optionen,Adiscon User Interface .resw source; locale=de-DE; revision=edd9fe10d4a120194e4a0a1e60a5d04d661b79ab
MWAgent.Client.WinUI/Strings/Resources,MWAgent.Client.WinUI Resources,szTLSAdvancedOptions,TLS Erweitert,Adiscon User Interface .resw source; locale=de-DE; revision=edd9fe10d4a120194e4a0a1e60a5d04d661b79ab
MWAgent.Client.WinUI/Strings/Resources,MWAgent.Client.WinUI Resources,szTLSCommandsInfo,"Durch Aktivierung dieser Option können Sie OpenSSL Konfigurationskommandos direkt setzen. Besuchen Sie bitte folgende Seite für weitere Informationen, welche Konfigurationsparameter zur Verfügung stehen: ",Adiscon User Interface .resw source; locale=de-DE; revision=edd9fe10d4a120194e4a0a1e60a5d04d661b79ab
MWAgent.Client.WinUI/Strings/Resources,MWAgent.Client.WinUI Resources,szTLSCommandsInfoLink,OpenSSL SSL_CONF_cmd Dokumentation,Adiscon User Interface .resw source; locale=de-DE; revision=edd9fe10d4a120194e4a0a1e60a5d04d661b79ab
MWAgent.Client.WinUI/Strings/Resources,MWAgent.Client.WinUI Resources,szTLSOptions,TLS Options,Adiscon User Interface .resw source; locale=de-DE; revision=edd9fe10d4a120194e4a0a1e60a5d04d661b79ab
MWAgent.Client.WinUI/Strings/Resources,MWAgent.Client.WinUI Resources,szTabAdvanced,Erweiterte Optionen,Adiscon User Interface .resw source; locale=de-DE; revision=edd9fe10d4a120194e4a0a1e60a5d04d661b79ab
MWAgent.Client.WinUI/Strings/Resources,MWAgent.Client.WinUI Resources,szTabCPU,CPU,Adiscon User Interface .resw source; locale=de-DE; revision=edd9fe10d4a120194e4a0a1e60a5d04d661b79ab
MWAgent.Client.WinUI/Strings/Resources,MWAgent.Client.WinUI Resources,szTabCaching,Event Caching,Adiscon User Interface .resw source; locale=de-DE; revision=edd9fe10d4a120194e4a0a1e60a5d04d661b79ab
MWAgent.Client.WinUI/Strings/Resources,MWAgent.Client.WinUI Resources,szTabEncoding,Enkodierung,Adiscon User Interface .resw source; locale=de-DE; revision=edd9fe10d4a120194e4a0a1e60a5d04d661b79ab
MWAgent.Client.WinUI/Strings/Resources,MWAgent.Client.WinUI Resources,szTabEventChannels,Event Kanäle,Adiscon User Interface .resw source; locale=de-DE; revision=edd9fe10d4a120194e4a0a1e60a5d04d661b79ab
MWAgent.Client.WinUI/Strings/Resources,MWAgent.Client.WinUI Resources,szTabFiles,Verarbeitete Dateien,Adiscon User Interface .resw source; locale=de-DE; revision=edd9fe10d4a120194e4a0a1e60a5d04d661b79ab
MWAgent.Client.WinUI/Strings/Resources,MWAgent.Client.WinUI Resources,szTabGeneral,Generelle Optionen,Adiscon User Interface .resw source; locale=de-DE; revision=edd9fe10d4a120194e4a0a1e60a5d04d661b79ab
MWAgent.Client.WinUI/Strings/Resources,MWAgent.Client.WinUI Resources,szTabMailFormatOptions,Mail Format Optionen,Adiscon User Interface .resw source; locale=de-DE; revision=edd9fe10d4a120194e4a0a1e60a5d04d661b79ab
MWAgent.Client.WinUI/Strings/Resources,MWAgent.Client.WinUI Resources,szTabMailServerOptions,Mail Server Optionen,Adiscon User Interface .resw source; locale=de-DE; revision=edd9fe10d4a120194e4a0a1e60a5d04d661b79ab
MWAgent.Client.WinUI/Strings/Resources,MWAgent.Client.WinUI Resources,szTabMemory,Gesamter Speicher,Adiscon User Interface .resw source; locale=de-DE; revision=edd9fe10d4a120194e4a0a1e60a5d04d661b79ab
MWAgent.Client.WinUI/Strings/Resources,MWAgent.Client.WinUI Resources,szTabMsgSep,Trennzeichen,Adiscon User Interface .resw source; locale=de-DE; revision=edd9fe10d4a120194e4a0a1e60a5d04d661b79ab
MWAgent.Client.WinUI/Strings/Resources,MWAgent.Client.WinUI Resources,szTabPhyMemory,Physischer Speicher,Adiscon User Interface .resw source; locale=de-DE; revision=edd9fe10d4a120194e4a0a1e60a5d04d661b79ab
MWAgent.Client.WinUI/Strings/Resources,MWAgent.Client.WinUI Resources,szTabVirtMemory,Virtueller Speicher,Adiscon User Interface .resw source; locale=de-DE; revision=edd9fe10d4a120194e4a0a1e60a5d04d661b79ab
MWAgent.Client.WinUI/Strings/Resources,MWAgent.Client.WinUI Resources,szTableID,ID Feld name,Adiscon User Interface .resw source; locale=de-DE; revision=edd9fe10d4a120194e4a0a1e60a5d04d661b79ab
MWAgent.Client.WinUI/Strings/Resources,MWAgent.Client.WinUI Resources,szTableName,Tabellenname,Adiscon User Interface .resw source; locale=de-DE; revision=edd9fe10d4a120194e4a0a1e60a5d04d661b79ab
MWAgent.Client.WinUI/Strings/Resources,MWAgent.Client.WinUI Resources,szTarget,Ziel,Adiscon User Interface .resw source; locale=de-DE; revision=edd9fe10d4a120194e4a0a1e60a5d04d661b79ab
MWAgent.Client.WinUI/Strings/Resources,MWAgent.Client.WinUI Resources,szText,text,Adiscon User Interface .resw source; locale=de-DE; revision=edd9fe10d4a120194e4a0a1e60a5d04d661b79ab
MWAgent.Client.WinUI/Strings/Resources,MWAgent.Client.WinUI Resources,szTwoStopBits,2 Stop bits,Adiscon User Interface .resw source; locale=de-DE; revision=edd9fe10d4a120194e4a0a1e60a5d04d661b79ab
MWAgent.Client.WinUI/Strings/Resources,MWAgent.Client.WinUI Resources,szTypeAgentcap,Agent Cap,Adiscon User Interface .resw source; locale=de-DE; revision=edd9fe10d4a120194e4a0a1e60a5d04d661b79ab
MWAgent.Client.WinUI/Strings/Resources,MWAgent.Client.WinUI Resources,szTypeBitstring,Bit String,Adiscon User Interface .resw source; locale=de-DE; revision=edd9fe10d4a120194e4a0a1e60a5d04d661b79ab
MWAgent.Client.WinUI/Strings/Resources,MWAgent.Client.WinUI Resources,szTypeCounter,Counter,Adiscon User Interface .resw source; locale=de-DE; revision=edd9fe10d4a120194e4a0a1e60a5d04d661b79ab
MWAgent.Client.WinUI/Strings/Resources,MWAgent.Client.WinUI Resources,szTypeCounter64,Counter64,Adiscon User Interface .resw source; locale=de-DE; revision=edd9fe10d4a120194e4a0a1e60a5d04d661b79ab
MWAgent.Client.WinUI/Strings/Resources,MWAgent.Client.WinUI Resources,szTypeGauge,Gauge,Adiscon User Interface .resw source; locale=de-DE; revision=edd9fe10d4a120194e4a0a1e60a5d04d661b79ab
MWAgent.Client.WinUI/Strings/Resources,MWAgent.Client.WinUI Resources,szTypeInteger,Integer,Adiscon User Interface .resw source; locale=de-DE; revision=edd9fe10d4a120194e4a0a1e60a5d04d661b79ab
MWAgent.Client.WinUI/Strings/Resources,MWAgent.Client.WinUI Resources,szTypeInteger32,Signed Integer32,Adiscon User Interface .resw source; locale=de-DE; revision=edd9fe10d4a120194e4a0a1e60a5d04d661b79ab
MWAgent.Client.WinUI/Strings/Resources,MWAgent.Client.WinUI Resources,szTypeIpaddr,IPAddress,Adiscon User Interface .resw source; locale=de-DE; revision=edd9fe10d4a120194e4a0a1e60a5d04d661b79ab
MWAgent.Client.WinUI/Strings/Resources,MWAgent.Client.WinUI Resources,szTypeModcomp,Mod Comp,Adiscon User Interface .resw source; locale=de-DE; revision=edd9fe10d4a120194e4a0a1e60a5d04d661b79ab
MWAgent.Client.WinUI/Strings/Resources,MWAgent.Client.WinUI Resources,szTypeModid,ModID,Adiscon User Interface .resw source; locale=de-DE; revision=edd9fe10d4a120194e4a0a1e60a5d04d661b79ab
MWAgent.Client.WinUI/Strings/Resources,MWAgent.Client.WinUI Resources,szTypeNetaddr,Net Address,Adiscon User Interface .resw source; locale=de-DE; revision=edd9fe10d4a120194e4a0a1e60a5d04d661b79ab
MWAgent.Client.WinUI/Strings/Resources,MWAgent.Client.WinUI Resources,szTypeNotiftype,Notify Type,Adiscon User Interface .resw source; locale=de-DE; revision=edd9fe10d4a120194e4a0a1e60a5d04d661b79ab
MWAgent.Client.WinUI/Strings/Resources,MWAgent.Client.WinUI Resources,szTypeNsapaddress,NSAP Address,Adiscon User Interface .resw source; locale=de-DE; revision=edd9fe10d4a120194e4a0a1e60a5d04d661b79ab
MWAgent.Client.WinUI/Strings/Resources,MWAgent.Client.WinUI Resources,szTypeNull,Null,Adiscon User Interface .resw source; locale=de-DE; revision=edd9fe10d4a120194e4a0a1e60a5d04d661b79ab
MWAgent.Client.WinUI/Strings/Resources,MWAgent.Client.WinUI Resources,szTypeObjgroup,Object Group,Adiscon User Interface .resw source; locale=de-DE; revision=edd9fe10d4a120194e4a0a1e60a5d04d661b79ab
MWAgent.Client.WinUI/Strings/Resources,MWAgent.Client.WinUI Resources,szTypeObjid,ObjectID,Adiscon User Interface .resw source; locale=de-DE; revision=edd9fe10d4a120194e4a0a1e60a5d04d661b79ab
MWAgent.Client.WinUI/Strings/Resources,MWAgent.Client.WinUI Resources,szTypeOctetstr,Octet String,Adiscon User Interface .resw source; locale=de-DE; revision=edd9fe10d4a120194e4a0a1e60a5d04d661b79ab
MWAgent.Client.WinUI/Strings/Resources,MWAgent.Client.WinUI Resources,szTypeOpaque,Opaque,Adiscon User Interface .resw source; locale=de-DE; revision=edd9fe10d4a120194e4a0a1e60a5d04d661b79ab
MWAgent.Client.WinUI/Strings/Resources,MWAgent.Client.WinUI Resources,szTypeOther,Other,Adiscon User Interface .resw source; locale=de-DE; revision=edd9fe10d4a120194e4a0a1e60a5d04d661b79ab
MWAgent.Client.WinUI/Strings/Resources,MWAgent.Client.WinUI Resources,szTypeTimeticks,Timeticks,Adiscon User Interface .resw source; locale=de-DE; revision=edd9fe10d4a120194e4a0a1e60a5d04d661b79ab
MWAgent.Client.WinUI/Strings/Resources,MWAgent.Client.WinUI Resources,szTypeTraptype,Trap Type,Adiscon User Interface .resw source; locale=de-DE; revision=edd9fe10d4a120194e4a0a1e60a5d04d661b79ab
MWAgent.Client.WinUI/Strings/Resources,MWAgent.Client.WinUI Resources,szTypeUinteger,UInteger,Adiscon User Interface .resw source; locale=de-DE; revision=edd9fe10d4a120194e4a0a1e60a5d04d661b79ab
MWAgent.Client.WinUI/Strings/Resources,MWAgent.Client.WinUI Resources,szTypeUnsigned32,Unsigned Integer32,Adiscon User Interface .resw source; locale=de-DE; revision=edd9fe10d4a120194e4a0a1e60a5d04d661b79ab
MWAgent.Client.WinUI/Strings/Resources,MWAgent.Client.WinUI Resources,szUDPOptions,UDP Optionen,Adiscon User Interface .resw source; locale=de-DE; revision=edd9fe10d4a120194e4a0a1e60a5d04d661b79ab
MWAgent.Client.WinUI/Strings/Resources,MWAgent.Client.WinUI Resources,szUnixTimestamp,UNIX/LINUX-like Timestamp,Adiscon User Interface .resw source; locale=de-DE; revision=edd9fe10d4a120194e4a0a1e60a5d04d661b79ab
MWAgent.Client.WinUI/Strings/Resources,MWAgent.Client.WinUI Resources,szUpTo,UpTo,Adiscon User Interface .resw source; locale=de-DE; revision=edd9fe10d4a120194e4a0a1e60a5d04d661b79ab
MWAgent.Client.WinUI/Strings/Resources,MWAgent.Client.WinUI Resources,szUrl,Url & Querystring,Adiscon User Interface .resw source; locale=de-DE; revision=edd9fe10d4a120194e4a0a1e60a5d04d661b79ab
MWAgent.Client.WinUI/Strings/Resources,MWAgent.Client.WinUI Resources,szUserAgent,User Agent (Browser),Adiscon User Interface .resw source; locale=de-DE; revision=edd9fe10d4a120194e4a0a1e60a5d04d661b79ab
MWAgent.Client.WinUI/Strings/Resources,MWAgent.Client.WinUI Resources,szUsername,Username,Adiscon User Interface .resw source; locale=de-DE; revision=edd9fe10d4a120194e4a0a1e60a5d04d661b79ab
MWAgent.Client.WinUI/Strings/Resources,MWAgent.Client.WinUI Resources,szVarChar,varchar,Adiscon User Interface .resw source; locale=de-DE; revision=edd9fe10d4a120194e4a0a1e60a5d04d661b79ab
MWAgent.Client.WinUI/Strings/Resources,MWAgent.Client.WinUI Resources,szVariableOID_,Variable OID,Adiscon User Interface .resw source; locale=de-DE; revision=edd9fe10d4a120194e4a0a1e60a5d04d661b79ab
MWAgent.Client.WinUI/Strings/Resources,MWAgent.Client.WinUI Resources,szVariableValue_,Variable Value,Adiscon User Interface .resw source; locale=de-DE; revision=edd9fe10d4a120194e4a0a1e60a5d04d661b79ab
MWAgent.Client.WinUI/Strings/Resources,MWAgent.Client.WinUI Resources,szW3CHeader,W3C Header Value,Adiscon User Interface .resw source; locale=de-DE; revision=edd9fe10d4a120194e4a0a1e60a5d04d661b79ab
MWAgent.Client.WinUI/Strings/Resources,MWAgent.Client.WinUI Resources,szWarningSavingConfiguration,Warning beim speichern der Konfiguration,Adiscon User Interface .resw source; locale=de-DE; revision=edd9fe10d4a120194e4a0a1e60a5d04d661b79ab
MWAgent.Client.WinUI/Strings/Resources,MWAgent.Client.WinUI Resources,szWarningSavingConfigurationBackup,Fehler beim sichern der alten Konfigurationsdatei. Speichern der Konfiguration in die folgende Datei könnte fehlschlagen: ,Adiscon User Interface .resw source; locale=de-DE; revision=edd9fe10d4a120194e4a0a1e60a5d04d661b79ab
MWAgent.Client.WinUI/Strings/Resources,MWAgent.Client.WinUI Resources,szWarningSavingConfigurationOldFile,Fehler beim löschen einer alten Konfigurationsdatei. Die Datei ist wahrscheinlich von einem anderen Programm geöffnet. Sie werden die folgende Datei von Hand löschen müssen: ,Adiscon User Interface .resw source; locale=de-DE; revision=edd9fe10d4a120194e4a0a1e60a5d04d661b79ab
MWAgent.Client.WinUI/Strings/Resources,MWAgent.Client.WinUI Resources,szWord,Single Word,Adiscon User Interface .resw source; locale=de-DE; revision=edd9fe10d4a120194e4a0a1e60a5d04d661b79ab
MWAgent.Client.WinUI/Strings/Resources,MWAgent.Client.WinUI Resources,szXMLBookmark,Letztes Ereignis,Adiscon User Interface .resw source; locale=de-DE; revision=edd9fe10d4a120194e4a0a1e60a5d04d661b79ab
MWAgent.Client.WinUI/Strings/Resources,MWAgent.Client.WinUI Resources,szXmlFormat,XML Format,Adiscon User Interface .resw source; locale=de-DE; revision=edd9fe10d4a120194e4a0a1e60a5d04d661b79ab
MWAgent.Client.WinUI/Strings/Resources,MWAgent.Client.WinUI Resources,sz_runhigh,Hoch,Adiscon User Interface .resw source; locale=de-DE; revision=edd9fe10d4a120194e4a0a1e60a5d04d661b79ab
MWAgent.Client.WinUI/Strings/Resources,MWAgent.Client.WinUI Resources,sz_runidle,Idle Priorität,Adiscon User Interface .resw source; locale=de-DE; revision=edd9fe10d4a120194e4a0a1e60a5d04d661b79ab
MWAgent.Client.WinUI/Strings/Resources,MWAgent.Client.WinUI Resources,sz_runlow,Niedrig,Adiscon User Interface .resw source; locale=de-DE; revision=edd9fe10d4a120194e4a0a1e60a5d04d661b79ab
MWAgent.Client.WinUI/Strings/Resources,MWAgent.Client.WinUI Resources,sz_runnormal,Normal,Adiscon User Interface .resw source; locale=de-DE; revision=edd9fe10d4a120194e4a0a1e60a5d04d661b79ab
MWAgent.Client.WinUI/Strings/Resources,MWAgent.Client.WinUI Resources,tlsallowedentries,Erlaubte Peers,Adiscon User Interface .resw source; locale=de-DE; revision=edd9fe10d4a120194e4a0a1e60a5d04d661b79ab
MWAgent.Client.WinUI/Strings/Resources,MWAgent.Client.WinUI Resources,txteventchannels,Eventlog Kanäle,Adiscon User Interface .resw source; locale=de-DE; revision=edd9fe10d4a120194e4a0a1e60a5d04d661b79ab
MWAgent.Client.WinUI/Strings/Resources,MWAgent.Client.WinUI Resources,txtfileitems,Dateiname,Adiscon User Interface .resw source; locale=de-DE; revision=edd9fe10d4a120194e4a0a1e60a5d04d661b79ab
MWAgent.Client.WinUI/Strings/Resources,MWAgent.Client.WinUI Resources,txtprocessedfiles,Verarbeiteter Dateiname,Adiscon User Interface .resw source; locale=de-DE; revision=edd9fe10d4a120194e4a0a1e60a5d04d661b79ab
