Unit,Unit Name,ID,Text,Comment
MWAgent.Client.WinUI/Strings/Resources,MWAgent.Client.WinUI Resources,Help_ApplicationIdentityTitle,Application identity,Adiscon User Interface .resw source; locale=en-US; revision=edd9fe10d4a120194e4a0a1e60a5d04d661b79ab
MWAgent.Client.WinUI/Strings/Resources,MWAgent.Client.WinUI Resources,Help_ExecutableFormat,Executable: {0},Adiscon User Interface .resw source; locale=en-US; revision=edd9fe10d4a120194e4a0a1e60a5d04d661b79ab
MWAgent.Client.WinUI/Strings/Resources,MWAgent.Client.WinUI Resources,Help_OnlineResourcesTitle,Online resources,Adiscon User Interface .resw source; locale=en-US; revision=edd9fe10d4a120194e4a0a1e60a5d04d661b79ab
MWAgent.Client.WinUI/Strings/Resources,MWAgent.Client.WinUI Resources,Help_OpenOnlineDocs,Open online docs,Adiscon User Interface .resw source; locale=en-US; revision=edd9fe10d4a120194e4a0a1e60a5d04d661b79ab
MWAgent.Client.WinUI/Strings/Resources,MWAgent.Client.WinUI Resources,Help_OpenProductSite,Open product site,Adiscon User Interface .resw source; locale=en-US; revision=edd9fe10d4a120194e4a0a1e60a5d04d661b79ab
MWAgent.Client.WinUI/Strings/Resources,MWAgent.Client.WinUI Resources,Help_OpenSupport,Open support,Adiscon User Interface .resw source; locale=en-US; revision=edd9fe10d4a120194e4a0a1e60a5d04d661b79ab
MWAgent.Client.WinUI/Strings/Resources,MWAgent.Client.WinUI Resources,Help_OpenedOnlineDocs,Opened online docs.,Adiscon User Interface .resw source; locale=en-US; revision=edd9fe10d4a120194e4a0a1e60a5d04d661b79ab
MWAgent.Client.WinUI/Strings/Resources,MWAgent.Client.WinUI Resources,Help_OpenedProductSite,Opened product site.,Adiscon User Interface .resw source; locale=en-US; revision=edd9fe10d4a120194e4a0a1e60a5d04d661b79ab
MWAgent.Client.WinUI/Strings/Resources,MWAgent.Client.WinUI Resources,Help_OpenedSupport,Opened support site.,Adiscon User Interface .resw source; locale=en-US; revision=edd9fe10d4a120194e4a0a1e60a5d04d661b79ab
MWAgent.Client.WinUI/Strings/Resources,MWAgent.Client.WinUI Resources,Help_ProductFormat,Product: {0},Adiscon User Interface .resw source; locale=en-US; revision=edd9fe10d4a120194e4a0a1e60a5d04d661b79ab
MWAgent.Client.WinUI/Strings/Resources,MWAgent.Client.WinUI Resources,Help_StatusMessage,"Use the product, documentation, and support links below for this client.",Adiscon User Interface .resw source; locale=en-US; revision=edd9fe10d4a120194e4a0a1e60a5d04d661b79ab
MWAgent.Client.WinUI/Strings/Resources,MWAgent.Client.WinUI Resources,Help_Title,Help / About,Adiscon User Interface .resw source; locale=en-US; revision=edd9fe10d4a120194e4a0a1e60a5d04d661b79ab
MWAgent.Client.WinUI/Strings/Resources,MWAgent.Client.WinUI Resources,Help_UnknownVersion,unknown,Adiscon User Interface .resw source; locale=en-US; revision=edd9fe10d4a120194e4a0a1e60a5d04d661b79ab
MWAgent.Client.WinUI/Strings/Resources,MWAgent.Client.WinUI Resources,Help_VersionFormat,Current version: {0},Adiscon User Interface .resw source; locale=en-US; revision=edd9fe10d4a120194e4a0a1e60a5d04d661b79ab
MWAgent.Client.WinUI/Strings/Resources,MWAgent.Client.WinUI Resources,Help_WindowTitleFormat,Window title: {0},Adiscon User Interface .resw source; locale=en-US; revision=edd9fe10d4a120194e4a0a1e60a5d04d661b79ab
MWAgent.Client.WinUI/Strings/Resources,MWAgent.Client.WinUI Resources,Language_ApplyButton,Apply language,Adiscon User Interface .resw source; locale=en-US; revision=edd9fe10d4a120194e4a0a1e60a5d04d661b79ab
MWAgent.Client.WinUI/Strings/Resources,MWAgent.Client.WinUI Resources,Language_ClientLanguageHeader,Client language,Adiscon User Interface .resw source; locale=en-US; revision=edd9fe10d4a120194e4a0a1e60a5d04d661b79ab
MWAgent.Client.WinUI/Strings/Resources,MWAgent.Client.WinUI Resources,Language_CurrentSelectionFormat,Selected language: {0} | Current UI culture: {1},Adiscon User Interface .resw source; locale=en-US; revision=edd9fe10d4a120194e4a0a1e60a5d04d661b79ab
MWAgent.Client.WinUI/Strings/Resources,MWAgent.Client.WinUI Resources,Language_DisplayLanguageTitle,Display language,Adiscon User Interface .resw source; locale=en-US; revision=edd9fe10d4a120194e4a0a1e60a5d04d661b79ab
MWAgent.Client.WinUI/Strings/Resources,MWAgent.Client.WinUI Resources,Language_IntroFormat,Choose the display language for this {0} client.,Adiscon User Interface .resw source; locale=en-US; revision=edd9fe10d4a120194e4a0a1e60a5d04d661b79ab
MWAgent.Client.WinUI/Strings/Resources,MWAgent.Client.WinUI Resources,Language_InvariantCulture,invariant,Adiscon User Interface .resw source; locale=en-US; revision=edd9fe10d4a120194e4a0a1e60a5d04d661b79ab
MWAgent.Client.WinUI/Strings/Resources,MWAgent.Client.WinUI Resources,Language_ResourceCoverageText,"This client includes language resources for configuration labels, option text, and shared load/save messages in English, German, Spanish, French, Italian, Portuguese, Estonian, and Japanese. System default follows Windows language preferences.",Adiscon User Interface .resw source; locale=en-US; revision=edd9fe10d4a120194e4a0a1e60a5d04d661b79ab
MWAgent.Client.WinUI/Strings/Resources,MWAgent.Client.WinUI Resources,Language_ResourceCoverageTitle,Language resource coverage,Adiscon User Interface .resw source; locale=en-US; revision=edd9fe10d4a120194e4a0a1e60a5d04d661b79ab
MWAgent.Client.WinUI/Strings/Resources,MWAgent.Client.WinUI Resources,Language_RestartDialogContentFormat,The client must restart before all labels and messages use {0}. Restart now?,Adiscon User Interface .resw source; locale=en-US; revision=edd9fe10d4a120194e4a0a1e60a5d04d661b79ab
MWAgent.Client.WinUI/Strings/Resources,MWAgent.Client.WinUI Resources,Language_RestartDialogLater,Later,Adiscon User Interface .resw source; locale=en-US; revision=edd9fe10d4a120194e4a0a1e60a5d04d661b79ab
MWAgent.Client.WinUI/Strings/Resources,MWAgent.Client.WinUI Resources,Language_RestartDialogRestartNow,Restart now,Adiscon User Interface .resw source; locale=en-US; revision=edd9fe10d4a120194e4a0a1e60a5d04d661b79ab
MWAgent.Client.WinUI/Strings/Resources,MWAgent.Client.WinUI Resources,Language_RestartDialogTitle,Restart client now?,Adiscon User Interface .resw source; locale=en-US; revision=edd9fe10d4a120194e4a0a1e60a5d04d661b79ab
MWAgent.Client.WinUI/Strings/Resources,MWAgent.Client.WinUI Resources,Language_RestartFailedFormat,"Language was saved, but automatic restart failed: {0}",Adiscon User Interface .resw source; locale=en-US; revision=edd9fe10d4a120194e4a0a1e60a5d04d661b79ab
MWAgent.Client.WinUI/Strings/Resources,MWAgent.Client.WinUI Resources,Language_RestartFailedNoProcessPath,"Language was saved, but the client could not determine the executable path for automatic restart.",Adiscon User Interface .resw source; locale=en-US; revision=edd9fe10d4a120194e4a0a1e60a5d04d661b79ab
MWAgent.Client.WinUI/Strings/Resources,MWAgent.Client.WinUI Resources,Language_RestartRequiredText,Restart the client after changing language so labels and messages reload consistently.,Adiscon User Interface .resw source; locale=en-US; revision=edd9fe10d4a120194e4a0a1e60a5d04d661b79ab
MWAgent.Client.WinUI/Strings/Resources,MWAgent.Client.WinUI Resources,Language_SelectedFormat,Selected language: {0}. {1},Adiscon User Interface .resw source; locale=en-US; revision=edd9fe10d4a120194e4a0a1e60a5d04d661b79ab
MWAgent.Client.WinUI/Strings/Resources,MWAgent.Client.WinUI Resources,Language_SelectedLanguageFormat,Selected language: {0},Adiscon User Interface .resw source; locale=en-US; revision=edd9fe10d4a120194e4a0a1e60a5d04d661b79ab
MWAgent.Client.WinUI/Strings/Resources,MWAgent.Client.WinUI Resources,Language_SelectedSystemDefault,Selected language: System default,Adiscon User Interface .resw source; locale=en-US; revision=edd9fe10d4a120194e4a0a1e60a5d04d661b79ab
MWAgent.Client.WinUI/Strings/Resources,MWAgent.Client.WinUI Resources,Language_StatusLanguageRestartFormat,Language set to {0}. Restart the client to reload language resources.,Adiscon User Interface .resw source; locale=en-US; revision=edd9fe10d4a120194e4a0a1e60a5d04d661b79ab
MWAgent.Client.WinUI/Strings/Resources,MWAgent.Client.WinUI Resources,Language_StatusLoaded,Language selection is loaded.,Adiscon User Interface .resw source; locale=en-US; revision=edd9fe10d4a120194e4a0a1e60a5d04d661b79ab
MWAgent.Client.WinUI/Strings/Resources,MWAgent.Client.WinUI Resources,Language_StatusSystemDefaultRestart,Language reset to the Windows system default. Restart the client to reload language resources.,Adiscon User Interface .resw source; locale=en-US; revision=edd9fe10d4a120194e4a0a1e60a5d04d661b79ab
MWAgent.Client.WinUI/Strings/Resources,MWAgent.Client.WinUI Resources,Language_SystemDefault,System default,Adiscon User Interface .resw source; locale=en-US; revision=edd9fe10d4a120194e4a0a1e60a5d04d661b79ab
MWAgent.Client.WinUI/Strings/Resources,MWAgent.Client.WinUI Resources,Language_Title,Language,Adiscon User Interface .resw source; locale=en-US; revision=edd9fe10d4a120194e4a0a1e60a5d04d661b79ab
MWAgent.Client.WinUI/Strings/Resources,MWAgent.Client.WinUI Resources,LicenseStatus_Expired,License file expired.,Adiscon User Interface .resw source; locale=en-US; revision=edd9fe10d4a120194e4a0a1e60a5d04d661b79ab
MWAgent.Client.WinUI/Strings/Resources,MWAgent.Client.WinUI Resources,LicenseStatus_FileLicensed,License file licensed.,Adiscon User Interface .resw source; locale=en-US; revision=edd9fe10d4a120194e4a0a1e60a5d04d661b79ab
MWAgent.Client.WinUI/Strings/Resources,MWAgent.Client.WinUI Resources,LicenseStatus_FileLicensedFor,License file licensed for %LICENSEE%.,Adiscon User Interface .resw source; locale=en-US; revision=edd9fe10d4a120194e4a0a1e60a5d04d661b79ab
MWAgent.Client.WinUI/Strings/Resources,MWAgent.Client.WinUI Resources,LicenseStatus_FileTrial,License file trial configured.,Adiscon User Interface .resw source; locale=en-US; revision=edd9fe10d4a120194e4a0a1e60a5d04d661b79ab
MWAgent.Client.WinUI/Strings/Resources,MWAgent.Client.WinUI Resources,LicenseStatus_FileTrialWithDays,"License file trial, days left %DAYSLEFT%.",Adiscon User Interface .resw source; locale=en-US; revision=edd9fe10d4a120194e4a0a1e60a5d04d661b79ab
MWAgent.Client.WinUI/Strings/Resources,MWAgent.Client.WinUI Resources,LicenseStatus_FreeNoLicense,Free version / no license configured.,Adiscon User Interface .resw source; locale=en-US; revision=edd9fe10d4a120194e4a0a1e60a5d04d661b79ab
MWAgent.Client.WinUI/Strings/Resources,MWAgent.Client.WinUI Resources,LicenseStatus_InvalidFile,No valid license file configured.,Adiscon User Interface .resw source; locale=en-US; revision=edd9fe10d4a120194e4a0a1e60a5d04d661b79ab
MWAgent.Client.WinUI/Strings/Resources,MWAgent.Client.WinUI Resources,LicenseStatus_Licensed,Licensed.,Adiscon User Interface .resw source; locale=en-US; revision=edd9fe10d4a120194e4a0a1e60a5d04d661b79ab
MWAgent.Client.WinUI/Strings/Resources,MWAgent.Client.WinUI Resources,LicenseStatus_LicensedFor,Licensed for %LICENSEE%.,Adiscon User Interface .resw source; locale=en-US; revision=edd9fe10d4a120194e4a0a1e60a5d04d661b79ab
MWAgent.Client.WinUI/Strings/Resources,MWAgent.Client.WinUI Resources,LicenseStatus_MissingFile,License file missing.,Adiscon User Interface .resw source; locale=en-US; revision=edd9fe10d4a120194e4a0a1e60a5d04d661b79ab
MWAgent.Client.WinUI/Strings/Resources,MWAgent.Client.WinUI Resources,LicenseStatus_NoBlock,No license block loaded.,Adiscon User Interface .resw source; locale=en-US; revision=edd9fe10d4a120194e4a0a1e60a5d04d661b79ab
MWAgent.Client.WinUI/Strings/Resources,MWAgent.Client.WinUI Resources,LicenseStatus_NoLicense,No license configured.,Adiscon User Interface .resw source; locale=en-US; revision=edd9fe10d4a120194e4a0a1e60a5d04d661b79ab
MWAgent.Client.WinUI/Strings/Resources,MWAgent.Client.WinUI Resources,LicenseStatus_ReleaseTrial,Release trial.,Adiscon User Interface .resw source; locale=en-US; revision=edd9fe10d4a120194e4a0a1e60a5d04d661b79ab
MWAgent.Client.WinUI/Strings/Resources,MWAgent.Client.WinUI Resources,LicenseStatus_ReleaseTrialExpired,Release trial expired.,Adiscon User Interface .resw source; locale=en-US; revision=edd9fe10d4a120194e4a0a1e60a5d04d661b79ab
MWAgent.Client.WinUI/Strings/Resources,MWAgent.Client.WinUI Resources,LicenseStatus_ReleaseTrialWithDays,"Release trial, days left %DAYSLEFT%.",Adiscon User Interface .resw source; locale=en-US; revision=edd9fe10d4a120194e4a0a1e60a5d04d661b79ab
MWAgent.Client.WinUI/Strings/Resources,MWAgent.Client.WinUI Resources,LicenseStatus_TrialVersion,Trial version.,Adiscon User Interface .resw source; locale=en-US; revision=edd9fe10d4a120194e4a0a1e60a5d04d661b79ab
MWAgent.Client.WinUI/Strings/Resources,MWAgent.Client.WinUI Resources,LicenseStatus_TrialVersionWithDays,"Trial version, days left %DAYSLEFT%.",Adiscon User Interface .resw source; locale=en-US; revision=edd9fe10d4a120194e4a0a1e60a5d04d661b79ab
MWAgent.Client.WinUI/Strings/Resources,MWAgent.Client.WinUI Resources,LicenseValidation_ChooseFile,Choose a license file (.alic).,Adiscon User Interface .resw source; locale=en-US; revision=edd9fe10d4a120194e4a0a1e60a5d04d661b79ab
MWAgent.Client.WinUI/Strings/Resources,MWAgent.Client.WinUI Resources,LicenseValidation_ClientLimit,Client limit: %VALUE%.,Adiscon User Interface .resw source; locale=en-US; revision=edd9fe10d4a120194e4a0a1e60a5d04d661b79ab
MWAgent.Client.WinUI/Strings/Resources,MWAgent.Client.WinUI Resources,LicenseValidation_Edition,Edition: %VALUE%.,Adiscon User Interface .resw source; locale=en-US; revision=edd9fe10d4a120194e4a0a1e60a5d04d661b79ab
MWAgent.Client.WinUI/Strings/Resources,MWAgent.Client.WinUI Resources,LicenseValidation_Expires,Expires: %VALUE%.,Adiscon User Interface .resw source; locale=en-US; revision=edd9fe10d4a120194e4a0a1e60a5d04d661b79ab
MWAgent.Client.WinUI/Strings/Resources,MWAgent.Client.WinUI Resources,LicenseValidation_FileMissing,The selected license file does not exist: %PATH%.,Adiscon User Interface .resw source; locale=en-US; revision=edd9fe10d4a120194e4a0a1e60a5d04d661b79ab
MWAgent.Client.WinUI/Strings/Resources,MWAgent.Client.WinUI Resources,LicenseValidation_Licensee,Licensee: %VALUE%.,Adiscon User Interface .resw source; locale=en-US; revision=edd9fe10d4a120194e4a0a1e60a5d04d661b79ab
MWAgent.Client.WinUI/Strings/Resources,MWAgent.Client.WinUI Resources,LicenseValidation_Product,Product: %VALUE%.,Adiscon User Interface .resw source; locale=en-US; revision=edd9fe10d4a120194e4a0a1e60a5d04d661b79ab
MWAgent.Client.WinUI/Strings/Resources,MWAgent.Client.WinUI Resources,LicenseValidation_ProductNotApplicable,The license file is not valid for this %PRODUCT% installation.,Adiscon User Interface .resw source; locale=en-US; revision=edd9fe10d4a120194e4a0a1e60a5d04d661b79ab
MWAgent.Client.WinUI/Strings/Resources,MWAgent.Client.WinUI Resources,LicenseValidation_ServiceVersionMismatch,"The license file is for version %LICENSEVERSION%, but the installed service reports version %SERVICEVERSION%.",Adiscon User Interface .resw source; locale=en-US; revision=edd9fe10d4a120194e4a0a1e60a5d04d661b79ab
MWAgent.Client.WinUI/Strings/Resources,MWAgent.Client.WinUI Resources,LicenseValidation_UnsupportedEdition,The license file contains an unsupported edition.,Adiscon User Interface .resw source; locale=en-US; revision=edd9fe10d4a120194e4a0a1e60a5d04d661b79ab
MWAgent.Client.WinUI/Strings/Resources,MWAgent.Client.WinUI Resources,LicenseValidation_Verified,License file signatures verified.,Adiscon User Interface .resw source; locale=en-US; revision=edd9fe10d4a120194e4a0a1e60a5d04d661b79ab
MWAgent.Client.WinUI/Strings/Resources,MWAgent.Client.WinUI Resources,LicenseValidation_VerifierMissing,OpenSSL 3.5.6+ verifier was not found.,Adiscon User Interface .resw source; locale=en-US; revision=edd9fe10d4a120194e4a0a1e60a5d04d661b79ab
MWAgent.Client.WinUI/Strings/Resources,MWAgent.Client.WinUI Resources,ProductSection_AdvancedNote,Use this section for expert-only flows and product-specific settings that do not belong in the main configuration workflow.,Adiscon User Interface .resw source; locale=en-US; revision=edd9fe10d4a120194e4a0a1e60a5d04d661b79ab
MWAgent.Client.WinUI/Strings/Resources,MWAgent.Client.WinUI Resources,ProductSection_AdvancedStatus,Advanced is available for product-specific expert settings.,Adiscon User Interface .resw source; locale=en-US; revision=edd9fe10d4a120194e4a0a1e60a5d04d661b79ab
MWAgent.Client.WinUI/Strings/Resources,MWAgent.Client.WinUI Resources,ProductSection_AdvancedTitle,Advanced,Adiscon User Interface .resw source; locale=en-US; revision=edd9fe10d4a120194e4a0a1e60a5d04d661b79ab
MWAgent.Client.WinUI/Strings/Resources,MWAgent.Client.WinUI Resources,ProductSection_AdvancedWinSyslogNote,WinSyslog keeps Post Process Apps in the Configuration Console for Japanese builds.,Adiscon User Interface .resw source; locale=en-US; revision=edd9fe10d4a120194e4a0a1e60a5d04d661b79ab
MWAgent.Client.WinUI/Strings/Resources,MWAgent.Client.WinUI Resources,ProductSection_CountsFormat,General blocks: {0} | Services: {1} | Rule groups: {2},Adiscon User Interface .resw source; locale=en-US; revision=edd9fe10d4a120194e4a0a1e60a5d04d661b79ab
MWAgent.Client.WinUI/Strings/Resources,MWAgent.Client.WinUI Resources,ProductSection_LinksNote,"Use these product, documentation, support, and diagnostic links for this client.",Adiscon User Interface .resw source; locale=en-US; revision=edd9fe10d4a120194e4a0a1e60a5d04d661b79ab
MWAgent.Client.WinUI/Strings/Resources,MWAgent.Client.WinUI Resources,ProductSection_LinksTitle,Links and follow-up,Adiscon User Interface .resw source; locale=en-US; revision=edd9fe10d4a120194e4a0a1e60a5d04d661b79ab
MWAgent.Client.WinUI/Strings/Resources,MWAgent.Client.WinUI Resources,ProductSection_LiveConfigurationContextTitle,Live configuration context,Adiscon User Interface .resw source; locale=en-US; revision=edd9fe10d4a120194e4a0a1e60a5d04d661b79ab
MWAgent.Client.WinUI/Strings/Resources,MWAgent.Client.WinUI Resources,ProductSection_ServiceStateFormat,Service: {0} | State: {1},Adiscon User Interface .resw source; locale=en-US; revision=edd9fe10d4a120194e4a0a1e60a5d04d661b79ab
MWAgent.Client.WinUI/Strings/Resources,MWAgent.Client.WinUI Resources,ProductSection_SourceFormat,Source: {0},Adiscon User Interface .resw source; locale=en-US; revision=edd9fe10d4a120194e4a0a1e60a5d04d661b79ab
MWAgent.Client.WinUI/Strings/Resources,MWAgent.Client.WinUI Resources,ProductSection_ToolsNote,Diagnostics stay grounded in the active configuration snapshot so support work starts from the same reader and service state shown elsewhere in the shell.,Adiscon User Interface .resw source; locale=en-US; revision=edd9fe10d4a120194e4a0a1e60a5d04d661b79ab
MWAgent.Client.WinUI/Strings/Resources,MWAgent.Client.WinUI Resources,ProductSection_ToolsStatus,Tools expose product-specific documentation and live configuration context.,Adiscon User Interface .resw source; locale=en-US; revision=edd9fe10d4a120194e4a0a1e60a5d04d661b79ab
MWAgent.Client.WinUI/Strings/Resources,MWAgent.Client.WinUI Resources,ProductSection_ToolsTitle,Tools,Adiscon User Interface .resw source; locale=en-US; revision=edd9fe10d4a120194e4a0a1e60a5d04d661b79ab
MWAgent.Client.WinUI/Strings/Resources,MWAgent.Client.WinUI Resources,ServiceRuntime_ButtonKillProcess,Kill service process,Adiscon User Interface .resw source; locale=en-US; revision=edd9fe10d4a120194e4a0a1e60a5d04d661b79ab
MWAgent.Client.WinUI/Strings/Resources,MWAgent.Client.WinUI Resources,ServiceRuntime_ButtonOpenServices,Open Windows Services,Adiscon User Interface .resw source; locale=en-US; revision=edd9fe10d4a120194e4a0a1e60a5d04d661b79ab
MWAgent.Client.WinUI/Strings/Resources,MWAgent.Client.WinUI Resources,ServiceRuntime_ButtonRefresh,Refresh,Adiscon User Interface .resw source; locale=en-US; revision=edd9fe10d4a120194e4a0a1e60a5d04d661b79ab
MWAgent.Client.WinUI/Strings/Resources,MWAgent.Client.WinUI Resources,ServiceRuntime_ButtonRestart,Restart,Adiscon User Interface .resw source; locale=en-US; revision=edd9fe10d4a120194e4a0a1e60a5d04d661b79ab
MWAgent.Client.WinUI/Strings/Resources,MWAgent.Client.WinUI Resources,ServiceRuntime_ButtonStart,Start,Adiscon User Interface .resw source; locale=en-US; revision=edd9fe10d4a120194e4a0a1e60a5d04d661b79ab
MWAgent.Client.WinUI/Strings/Resources,MWAgent.Client.WinUI Resources,ServiceRuntime_ButtonStop,Stop,Adiscon User Interface .resw source; locale=en-US; revision=edd9fe10d4a120194e4a0a1e60a5d04d661b79ab
MWAgent.Client.WinUI/Strings/Resources,MWAgent.Client.WinUI Resources,ServiceRuntime_DisabledAccessDenied,Administrator rights are needed to query or control the background service.,Adiscon User Interface .resw source; locale=en-US; revision=edd9fe10d4a120194e4a0a1e60a5d04d661b79ab
MWAgent.Client.WinUI/Strings/Resources,MWAgent.Client.WinUI Resources,ServiceRuntime_DisabledControlUnavailable,"Windows cannot send service control commands right now. Wait, check Windows Services, or kill the service process if it is still running.",Adiscon User Interface .resw source; locale=en-US; revision=edd9fe10d4a120194e4a0a1e60a5d04d661b79ab
MWAgent.Client.WinUI/Strings/Resources,MWAgent.Client.WinUI Resources,ServiceRuntime_DisabledNotInstalled,The Windows service is not installed.,Adiscon User Interface .resw source; locale=en-US; revision=edd9fe10d4a120194e4a0a1e60a5d04d661b79ab
MWAgent.Client.WinUI/Strings/Resources,MWAgent.Client.WinUI Resources,ServiceRuntime_DisabledNotLoaded,Service state has not been loaded yet.,Adiscon User Interface .resw source; locale=en-US; revision=edd9fe10d4a120194e4a0a1e60a5d04d661b79ab
MWAgent.Client.WinUI/Strings/Resources,MWAgent.Client.WinUI Resources,ServiceRuntime_DisabledPaused,Service is paused while reloading configuration. Stop and Restart are disabled until reload completes.,Adiscon User Interface .resw source; locale=en-US; revision=edd9fe10d4a120194e4a0a1e60a5d04d661b79ab
MWAgent.Client.WinUI/Strings/Resources,MWAgent.Client.WinUI Resources,ServiceRuntime_DisabledPausing,Service is pausing. Wait for Windows to finish the transition.,Adiscon User Interface .resw source; locale=en-US; revision=edd9fe10d4a120194e4a0a1e60a5d04d661b79ab
MWAgent.Client.WinUI/Strings/Resources,MWAgent.Client.WinUI Resources,ServiceRuntime_DisabledProcessMismatch,The service process is running without clean Windows service control. Use Kill service process or check Windows Services.,Adiscon User Interface .resw source; locale=en-US; revision=edd9fe10d4a120194e4a0a1e60a5d04d661b79ab
MWAgent.Client.WinUI/Strings/Resources,MWAgent.Client.WinUI Resources,ServiceRuntime_DisabledResuming,Service is resuming. Wait for Windows to finish the transition.,Adiscon User Interface .resw source; locale=en-US; revision=edd9fe10d4a120194e4a0a1e60a5d04d661b79ab
MWAgent.Client.WinUI/Strings/Resources,MWAgent.Client.WinUI Resources,ServiceRuntime_DisabledStarting,Service is starting. Wait for Windows to finish the transition.,Adiscon User Interface .resw source; locale=en-US; revision=edd9fe10d4a120194e4a0a1e60a5d04d661b79ab
MWAgent.Client.WinUI/Strings/Resources,MWAgent.Client.WinUI Resources,ServiceRuntime_DisabledStopping,Service is stopping. Wait for Windows to finish the transition.,Adiscon User Interface .resw source; locale=en-US; revision=edd9fe10d4a120194e4a0a1e60a5d04d661b79ab
MWAgent.Client.WinUI/Strings/Resources,MWAgent.Client.WinUI Resources,ServiceRuntime_DisabledUnavailable,Windows service state is unavailable. Check Windows Services.,Adiscon User Interface .resw source; locale=en-US; revision=edd9fe10d4a120194e4a0a1e60a5d04d661b79ab
MWAgent.Client.WinUI/Strings/Resources,MWAgent.Client.WinUI Resources,ServiceRuntime_DisabledUnknown,Service state is unknown. Refresh runtime state or check Windows Services.,Adiscon User Interface .resw source; locale=en-US; revision=edd9fe10d4a120194e4a0a1e60a5d04d661b79ab
MWAgent.Client.WinUI/Strings/Resources,MWAgent.Client.WinUI Resources,ServiceRuntime_RecoveryAccessDenied,Restart as administrator to control the background service.,Adiscon User Interface .resw source; locale=en-US; revision=edd9fe10d4a120194e4a0a1e60a5d04d661b79ab
MWAgent.Client.WinUI/Strings/Resources,MWAgent.Client.WinUI Resources,ServiceRuntime_RecoveryPending,"If this state remains for a long time, open Windows Services to compare the SCM state.",Adiscon User Interface .resw source; locale=en-US; revision=edd9fe10d4a120194e4a0a1e60a5d04d661b79ab
MWAgent.Client.WinUI/Strings/Resources,MWAgent.Client.WinUI Resources,ServiceRuntime_RecoveryProcessRunning,A matching service process is still running. Kill service process is available as a recovery action after confirmation.,Adiscon User Interface .resw source; locale=en-US; revision=edd9fe10d4a120194e4a0a1e60a5d04d661b79ab
MWAgent.Client.WinUI/Strings/Resources,MWAgent.Client.WinUI Resources,ServiceRuntime_StateAccessDenied,Cannot query service (access denied),Adiscon User Interface .resw source; locale=en-US; revision=edd9fe10d4a120194e4a0a1e60a5d04d661b79ab
MWAgent.Client.WinUI/Strings/Resources,MWAgent.Client.WinUI Resources,ServiceRuntime_StateControlUnavailable,Control unavailable,Adiscon User Interface .resw source; locale=en-US; revision=edd9fe10d4a120194e4a0a1e60a5d04d661b79ab
MWAgent.Client.WinUI/Strings/Resources,MWAgent.Client.WinUI Resources,ServiceRuntime_StateNotInstalled,Not installed,Adiscon User Interface .resw source; locale=en-US; revision=edd9fe10d4a120194e4a0a1e60a5d04d661b79ab
MWAgent.Client.WinUI/Strings/Resources,MWAgent.Client.WinUI Resources,ServiceRuntime_StatePaused,Paused (Reloading),Adiscon User Interface .resw source; locale=en-US; revision=edd9fe10d4a120194e4a0a1e60a5d04d661b79ab
MWAgent.Client.WinUI/Strings/Resources,MWAgent.Client.WinUI Resources,ServiceRuntime_StatePausing,Pausing,Adiscon User Interface .resw source; locale=en-US; revision=edd9fe10d4a120194e4a0a1e60a5d04d661b79ab
MWAgent.Client.WinUI/Strings/Resources,MWAgent.Client.WinUI Resources,ServiceRuntime_StateProcessMismatch,Process running without service,Adiscon User Interface .resw source; locale=en-US; revision=edd9fe10d4a120194e4a0a1e60a5d04d661b79ab
MWAgent.Client.WinUI/Strings/Resources,MWAgent.Client.WinUI Resources,ServiceRuntime_StateResuming,Resuming,Adiscon User Interface .resw source; locale=en-US; revision=edd9fe10d4a120194e4a0a1e60a5d04d661b79ab
MWAgent.Client.WinUI/Strings/Resources,MWAgent.Client.WinUI Resources,ServiceRuntime_StateRunning,Running,Adiscon User Interface .resw source; locale=en-US; revision=edd9fe10d4a120194e4a0a1e60a5d04d661b79ab
MWAgent.Client.WinUI/Strings/Resources,MWAgent.Client.WinUI Resources,ServiceRuntime_StateStarting,Starting,Adiscon User Interface .resw source; locale=en-US; revision=edd9fe10d4a120194e4a0a1e60a5d04d661b79ab
MWAgent.Client.WinUI/Strings/Resources,MWAgent.Client.WinUI Resources,ServiceRuntime_StateStopped,Stopped,Adiscon User Interface .resw source; locale=en-US; revision=edd9fe10d4a120194e4a0a1e60a5d04d661b79ab
MWAgent.Client.WinUI/Strings/Resources,MWAgent.Client.WinUI Resources,ServiceRuntime_StateStopping,Stopping,Adiscon User Interface .resw source; locale=en-US; revision=edd9fe10d4a120194e4a0a1e60a5d04d661b79ab
MWAgent.Client.WinUI/Strings/Resources,MWAgent.Client.WinUI Resources,ServiceRuntime_StateUnavailable,Unavailable,Adiscon User Interface .resw source; locale=en-US; revision=edd9fe10d4a120194e4a0a1e60a5d04d661b79ab
MWAgent.Client.WinUI/Strings/Resources,MWAgent.Client.WinUI Resources,ServiceRuntime_StateUnknown,Unknown,Adiscon User Interface .resw source; locale=en-US; revision=edd9fe10d4a120194e4a0a1e60a5d04d661b79ab
MWAgent.Client.WinUI/Strings/Resources,MWAgent.Client.WinUI Resources,ServiceRuntime_Summary,Start and restart save pending configuration changes before running the service. Stop refreshes the shared runtime state without forcing a save first.,Adiscon User Interface .resw source; locale=en-US; revision=edd9fe10d4a120194e4a0a1e60a5d04d661b79ab
MWAgent.Client.WinUI/Strings/Resources,MWAgent.Client.WinUI Resources,ServiceRuntime_Title,Windows service,Adiscon User Interface .resw source; locale=en-US; revision=edd9fe10d4a120194e4a0a1e60a5d04d661b79ab
MWAgent.Client.WinUI/Strings/Resources,MWAgent.Client.WinUI Resources,Shell_Nav_advanced_Description,Open product-specific expert settings.,Adiscon User Interface .resw source; locale=en-US; revision=edd9fe10d4a120194e4a0a1e60a5d04d661b79ab
MWAgent.Client.WinUI/Strings/Resources,MWAgent.Client.WinUI Resources,Shell_Nav_advanced_Label,Advanced,Adiscon User Interface .resw source; locale=en-US; revision=edd9fe10d4a120194e4a0a1e60a5d04d661b79ab
MWAgent.Client.WinUI/Strings/Resources,MWAgent.Client.WinUI Resources,Shell_Nav_configuration_ChildSectionHeader,Configuration areas,Adiscon User Interface .resw source; locale=en-US; revision=edd9fe10d4a120194e4a0a1e60a5d04d661b79ab
MWAgent.Client.WinUI/Strings/Resources,MWAgent.Client.WinUI Resources,Shell_Nav_configuration_Description,Use the configuration tree as the primary navigator and edit the selected item in the console.,Adiscon User Interface .resw source; locale=en-US; revision=edd9fe10d4a120194e4a0a1e60a5d04d661b79ab
MWAgent.Client.WinUI/Strings/Resources,MWAgent.Client.WinUI Resources,Shell_Nav_configuration_Label,Configuration Console,Adiscon User Interface .resw source; locale=en-US; revision=edd9fe10d4a120194e4a0a1e60a5d04d661b79ab
MWAgent.Client.WinUI/Strings/Resources,MWAgent.Client.WinUI Resources,Shell_Nav_help_ChildSectionHeader,Client options,Adiscon User Interface .resw source; locale=en-US; revision=edd9fe10d4a120194e4a0a1e60a5d04d661b79ab
MWAgent.Client.WinUI/Strings/Resources,MWAgent.Client.WinUI Resources,Shell_Nav_help_Description,"Open version information, product links, and support references.",Adiscon User Interface .resw source; locale=en-US; revision=edd9fe10d4a120194e4a0a1e60a5d04d661b79ab
MWAgent.Client.WinUI/Strings/Resources,MWAgent.Client.WinUI Resources,Shell_Nav_help_Label,Help / About,Adiscon User Interface .resw source; locale=en-US; revision=edd9fe10d4a120194e4a0a1e60a5d04d661b79ab
MWAgent.Client.WinUI/Strings/Resources,MWAgent.Client.WinUI Resources,Shell_Nav_help_language_Description,Choose the client display language and packaged resource override.,Adiscon User Interface .resw source; locale=en-US; revision=edd9fe10d4a120194e4a0a1e60a5d04d661b79ab
MWAgent.Client.WinUI/Strings/Resources,MWAgent.Client.WinUI Resources,Shell_Nav_help_language_Label,Language,Adiscon User Interface .resw source; locale=en-US; revision=edd9fe10d4a120194e4a0a1e60a5d04d661b79ab
MWAgent.Client.WinUI/Strings/Resources,MWAgent.Client.WinUI Resources,Shell_Nav_home_Description,Open the product dashboard and current runtime summary.,Adiscon User Interface .resw source; locale=en-US; revision=edd9fe10d4a120194e4a0a1e60a5d04d661b79ab
MWAgent.Client.WinUI/Strings/Resources,MWAgent.Client.WinUI Resources,Shell_Nav_home_Label,Dashboard,Adiscon User Interface .resw source; locale=en-US; revision=edd9fe10d4a120194e4a0a1e60a5d04d661b79ab
MWAgent.Client.WinUI/Strings/Resources,MWAgent.Client.WinUI Resources,Shell_Nav_home_TopLevelSectionHeader,Primary work areas,Adiscon User Interface .resw source; locale=en-US; revision=edd9fe10d4a120194e4a0a1e60a5d04d661b79ab
MWAgent.Client.WinUI/Strings/Resources,MWAgent.Client.WinUI Resources,Shell_Nav_post_process_apps_Description,Open WinSyslog post processing application settings in the Configuration Console.,Adiscon User Interface .resw source; locale=en-US; revision=edd9fe10d4a120194e4a0a1e60a5d04d661b79ab
MWAgent.Client.WinUI/Strings/Resources,MWAgent.Client.WinUI Resources,Shell_Nav_post_process_apps_Label,Post Process Apps,Adiscon User Interface .resw source; locale=en-US; revision=edd9fe10d4a120194e4a0a1e60a5d04d661b79ab
MWAgent.Client.WinUI/Strings/Resources,MWAgent.Client.WinUI Resources,Shell_Nav_tools_ChildSectionHeader,Diagnostics and remote tools,Adiscon User Interface .resw source; locale=en-US; revision=edd9fe10d4a120194e4a0a1e60a5d04d661b79ab
MWAgent.Client.WinUI/Strings/Resources,MWAgent.Client.WinUI Resources,Shell_Nav_tools_Description,Open remote registry and discovery tools.,Adiscon User Interface .resw source; locale=en-US; revision=edd9fe10d4a120194e4a0a1e60a5d04d661b79ab
MWAgent.Client.WinUI/Strings/Resources,MWAgent.Client.WinUI Resources,Shell_Nav_tools_Label,Tools,Adiscon User Interface .resw source; locale=en-US; revision=edd9fe10d4a120194e4a0a1e60a5d04d661b79ab
MWAgent.Client.WinUI/Strings/Resources,MWAgent.Client.WinUI Resources,Shell_Nav_tools_TopLevelSectionHeader,Utilities,Adiscon User Interface .resw source; locale=en-US; revision=edd9fe10d4a120194e4a0a1e60a5d04d661b79ab
MWAgent.Client.WinUI/Strings/Resources,MWAgent.Client.WinUI Resources,Shell_Nav_tools_connect_Label,Connect to remote registry,Adiscon User Interface .resw source; locale=en-US; revision=edd9fe10d4a120194e4a0a1e60a5d04d661b79ab
MWAgent.Client.WinUI/Strings/Resources,MWAgent.Client.WinUI Resources,Shell_Nav_tools_debug_log_viewer_Description,Load and analyze the active debug log file.,Adiscon User Interface .resw source; locale=en-US; revision=edd9fe10d4a120194e4a0a1e60a5d04d661b79ab
MWAgent.Client.WinUI/Strings/Resources,MWAgent.Client.WinUI Resources,Shell_Nav_tools_debug_log_viewer_Label,Debug Log,Adiscon User Interface .resw source; locale=en-US; revision=edd9fe10d4a120194e4a0a1e60a5d04d661b79ab
MWAgent.Client.WinUI/Strings/Resources,MWAgent.Client.WinUI Resources,Shell_Nav_tools_discovery_Label,Network discovery (WMI),Adiscon User Interface .resw source; locale=en-US; revision=edd9fe10d4a120194e4a0a1e60a5d04d661b79ab
MWAgent.Client.WinUI/Strings/Resources,MWAgent.Client.WinUI Resources,Shell_Nav_tools_storage_source_Description,Open the console storage source utility panel.,Adiscon User Interface .resw source; locale=en-US; revision=edd9fe10d4a120194e4a0a1e60a5d04d661b79ab
MWAgent.Client.WinUI/Strings/Resources,MWAgent.Client.WinUI Resources,Shell_Nav_tools_storage_source_Label,Storage source,Adiscon User Interface .resw source; locale=en-US; revision=edd9fe10d4a120194e4a0a1e60a5d04d661b79ab
MWAgent.Client.WinUI/Strings/Resources,MWAgent.Client.WinUI Resources,Shell_Nav_tools_syslog_test_message_Description,Send a syslog test message to validate listener and network paths.,Adiscon User Interface .resw source; locale=en-US; revision=edd9fe10d4a120194e4a0a1e60a5d04d661b79ab
MWAgent.Client.WinUI/Strings/Resources,MWAgent.Client.WinUI Resources,Shell_Nav_tools_syslog_test_message_Label,Syslog test message,Adiscon User Interface .resw source; locale=en-US; revision=edd9fe10d4a120194e4a0a1e60a5d04d661b79ab
MWAgent.Client.WinUI/Strings/Resources,MWAgent.Client.WinUI Resources,Shell_Nav_tools_windows_service_Description,Open the console Windows service utility panel.,Adiscon User Interface .resw source; locale=en-US; revision=edd9fe10d4a120194e4a0a1e60a5d04d661b79ab
MWAgent.Client.WinUI/Strings/Resources,MWAgent.Client.WinUI Resources,Shell_Nav_tools_windows_service_Label,Windows service,Adiscon User Interface .resw source; locale=en-US; revision=edd9fe10d4a120194e4a0a1e60a5d04d661b79ab
MWAgent.Client.WinUI/Strings/Resources,MWAgent.Client.WinUI Resources,Shell_NoUrlConfigured,No URL is configured for this action.,Adiscon User Interface .resw source; locale=en-US; revision=edd9fe10d4a120194e4a0a1e60a5d04d661b79ab
MWAgent.Client.WinUI/Strings/Resources,MWAgent.Client.WinUI Resources,Shell_PaneFooter,"This rail changes app areas, not items inside the configuration document.",Adiscon User Interface .resw source; locale=en-US; revision=edd9fe10d4a120194e4a0a1e60a5d04d661b79ab
MWAgent.Client.WinUI/Strings/Resources,MWAgent.Client.WinUI Resources,Shell_PaneIntroFormat,Choose a work area for {0}. The document tree appears only inside Configuration and reflects the loaded configuration file.,Adiscon User Interface .resw source; locale=en-US; revision=edd9fe10d4a120194e4a0a1e60a5d04d661b79ab
MWAgent.Client.WinUI/Strings/Resources,MWAgent.Client.WinUI Resources,Shell_PaneIntroTitle,App navigation,Adiscon User Interface .resw source; locale=en-US; revision=edd9fe10d4a120194e4a0a1e60a5d04d661b79ab
MWAgent.Client.WinUI/Strings/Resources,MWAgent.Client.WinUI Resources,Shell_StartupErrorTitle,Startup error,Adiscon User Interface .resw source; locale=en-US; revision=edd9fe10d4a120194e4a0a1e60a5d04d661b79ab
MWAgent.Client.WinUI/Strings/Resources,MWAgent.Client.WinUI Resources,Shell_UrlOpenFailed,Windows did not open the requested URL.,Adiscon User Interface .resw source; locale=en-US; revision=edd9fe10d4a120194e4a0a1e60a5d04d661b79ab
MWAgent.Client.WinUI/Strings/Resources,MWAgent.Client.WinUI Resources,Workbench_CatalogCategory_Database_monitoring,Database monitoring,Adiscon User Interface .resw source; locale=en-US; revision=edd9fe10d4a120194e4a0a1e60a5d04d661b79ab
MWAgent.Client.WinUI/Strings/Resources,MWAgent.Client.WinUI Resources,Workbench_CatalogCategory_Database_output,Database output,Adiscon User Interface .resw source; locale=en-US; revision=edd9fe10d4a120194e4a0a1e60a5d04d661b79ab
MWAgent.Client.WinUI/Strings/Resources,MWAgent.Client.WinUI Resources,Workbench_CatalogCategory_Device_monitoring,Device monitoring,Adiscon User Interface .resw source; locale=en-US; revision=edd9fe10d4a120194e4a0a1e60a5d04d661b79ab
MWAgent.Client.WinUI/Strings/Resources,MWAgent.Client.WinUI Resources,Workbench_CatalogCategory_Device_output,Device output,Adiscon User Interface .resw source; locale=en-US; revision=edd9fe10d4a120194e4a0a1e60a5d04d661b79ab
MWAgent.Client.WinUI/Strings/Resources,MWAgent.Client.WinUI Resources,Workbench_CatalogCategory_Event_collection,Event collection,Adiscon User Interface .resw source; locale=en-US; revision=edd9fe10d4a120194e4a0a1e60a5d04d661b79ab
MWAgent.Client.WinUI/Strings/Resources,MWAgent.Client.WinUI Resources,Workbench_CatalogCategory_Event_enrichment,Event enrichment,Adiscon User Interface .resw source; locale=en-US; revision=edd9fe10d4a120194e4a0a1e60a5d04d661b79ab
MWAgent.Client.WinUI/Strings/Resources,MWAgent.Client.WinUI Resources,Workbench_CatalogCategory_File_monitoring,File monitoring,Adiscon User Interface .resw source; locale=en-US; revision=edd9fe10d4a120194e4a0a1e60a5d04d661b79ab
MWAgent.Client.WinUI/Strings/Resources,MWAgent.Client.WinUI Resources,Workbench_CatalogCategory_Local_output,Local output,Adiscon User Interface .resw source; locale=en-US; revision=edd9fe10d4a120194e4a0a1e60a5d04d661b79ab
MWAgent.Client.WinUI/Strings/Resources,MWAgent.Client.WinUI Resources,Workbench_CatalogCategory_Message_listeners,Message listeners,Adiscon User Interface .resw source; locale=en-US; revision=edd9fe10d4a120194e4a0a1e60a5d04d661b79ab
MWAgent.Client.WinUI/Strings/Resources,MWAgent.Client.WinUI Resources,Workbench_CatalogCategory_Network_output,Network output,Adiscon User Interface .resw source; locale=en-US; revision=edd9fe10d4a120194e4a0a1e60a5d04d661b79ab
MWAgent.Client.WinUI/Strings/Resources,MWAgent.Client.WinUI Resources,Workbench_CatalogCategory_Network_probes,Network probes,Adiscon User Interface .resw source; locale=en-US; revision=edd9fe10d4a120194e4a0a1e60a5d04d661b79ab
MWAgent.Client.WinUI/Strings/Resources,MWAgent.Client.WinUI Resources,Workbench_CatalogCategory_Other,Other,Adiscon User Interface .resw source; locale=en-US; revision=edd9fe10d4a120194e4a0a1e60a5d04d661b79ab
MWAgent.Client.WinUI/Strings/Resources,MWAgent.Client.WinUI Resources,Workbench_CatalogCategory_Rule_flow,Rule flow,Adiscon User Interface .resw source; locale=en-US; revision=edd9fe10d4a120194e4a0a1e60a5d04d661b79ab
MWAgent.Client.WinUI/Strings/Resources,MWAgent.Client.WinUI Resources,Workbench_CatalogCategory_System_monitoring,System monitoring,Adiscon User Interface .resw source; locale=en-US; revision=edd9fe10d4a120194e4a0a1e60a5d04d661b79ab
MWAgent.Client.WinUI/Strings/Resources,MWAgent.Client.WinUI Resources,Workbench_CatalogCategory_System_operations,System operations,Adiscon User Interface .resw source; locale=en-US; revision=edd9fe10d4a120194e4a0a1e60a5d04d661b79ab
MWAgent.Client.WinUI/Strings/Resources,MWAgent.Client.WinUI Resources,Workbench_CatalogPurposeFormat,Configure {0}.,Adiscon User Interface .resw source; locale=en-US; revision=edd9fe10d4a120194e4a0a1e60a5d04d661b79ab
MWAgent.Client.WinUI/Strings/Resources,MWAgent.Client.WinUI Resources,Workbench_DisplayLabel_CustomerID,Customer ID,Adiscon User Interface .resw source; locale=en-US; revision=edd9fe10d4a120194e4a0a1e60a5d04d661b79ab
MWAgent.Client.WinUI/Strings/Resources,MWAgent.Client.WinUI Resources,Workbench_DisplayLabel_Database_OLEDB,Database OLE DB,Adiscon User Interface .resw source; locale=en-US; revision=edd9fe10d4a120194e4a0a1e60a5d04d661b79ab
MWAgent.Client.WinUI/Strings/Resources,MWAgent.Client.WinUI Resources,Workbench_DisplayLabel_FileAndSystem,File and system monitors,Adiscon User Interface .resw source; locale=en-US; revision=edd9fe10d4a120194e4a0a1e60a5d04d661b79ab
MWAgent.Client.WinUI/Strings/Resources,MWAgent.Client.WinUI Resources,Workbench_DisplayLabel_QueueManager,Queue Manager,Adiscon User Interface .resw source; locale=en-US; revision=edd9fe10d4a120194e4a0a1e60a5d04d661b79ab
MWAgent.Client.WinUI/Strings/Resources,MWAgent.Client.WinUI Resources,Workbench_DisplayLabel_Queuelimit,Queue limit,Adiscon User Interface .resw source; locale=en-US; revision=edd9fe10d4a120194e4a0a1e60a5d04d661b79ab
MWAgent.Client.WinUI/Strings/Resources,MWAgent.Client.WinUI Resources,Workbench_DisplayLabel_SNMP_Mibs,SNMP MIBs,Adiscon User Interface .resw source; locale=en-US; revision=edd9fe10d4a120194e4a0a1e60a5d04d661b79ab
MWAgent.Client.WinUI/Strings/Resources,MWAgent.Client.WinUI Resources,Workbench_DisplayLabel_SystemID,System ID,Adiscon User Interface .resw source; locale=en-US; revision=edd9fe10d4a120194e4a0a1e60a5d04d661b79ab
MWAgent.Client.WinUI/Strings/Resources,MWAgent.Client.WinUI Resources,Workbench_DisplayLabel_TCPOptions,TCP options,Adiscon User Interface .resw source; locale=en-US; revision=edd9fe10d4a120194e4a0a1e60a5d04d661b79ab
MWAgent.Client.WinUI/Strings/Resources,MWAgent.Client.WinUI Resources,Workbench_DisplayLabel_TLSAdvanced_Options,Advanced TLS options,Adiscon User Interface .resw source; locale=en-US; revision=edd9fe10d4a120194e4a0a1e60a5d04d661b79ab
MWAgent.Client.WinUI/Strings/Resources,MWAgent.Client.WinUI Resources,Workbench_FilterGroup_Basic_Filters,Basic Filters,Adiscon User Interface .resw source; locale=en-US; revision=edd9fe10d4a120194e4a0a1e60a5d04d661b79ab
MWAgent.Client.WinUI/Strings/Resources,MWAgent.Client.WinUI Resources,Workbench_FilterGroup_CPU_and_memory_monitor,CPU and memory monitor,Adiscon User Interface .resw source; locale=en-US; revision=edd9fe10d4a120194e4a0a1e60a5d04d661b79ab
MWAgent.Client.WinUI/Strings/Resources,MWAgent.Client.WinUI Resources,Workbench_FilterGroup_Custom_Property,Custom Property,Adiscon User Interface .resw source; locale=en-US; revision=edd9fe10d4a120194e4a0a1e60a5d04d661b79ab
MWAgent.Client.WinUI/Strings/Resources,MWAgent.Client.WinUI Resources,Workbench_FilterGroup_Date_Time,Date/Time,Adiscon User Interface .resw source; locale=en-US; revision=edd9fe10d4a120194e4a0a1e60a5d04d661b79ab
MWAgent.Client.WinUI/Strings/Resources,MWAgent.Client.WinUI Resources,Workbench_FilterGroup_Date_and_time,Date and time,Adiscon User Interface .resw source; locale=en-US; revision=edd9fe10d4a120194e4a0a1e60a5d04d661b79ab
MWAgent.Client.WinUI/Strings/Resources,MWAgent.Client.WinUI Resources,Workbench_FilterGroup_Disk_Space_Monitor,Disk Space Monitor,Adiscon User Interface .resw source; locale=en-US; revision=edd9fe10d4a120194e4a0a1e60a5d04d661b79ab
MWAgent.Client.WinUI/Strings/Resources,MWAgent.Client.WinUI Resources,Workbench_FilterGroup_Event_Log_Monitor,Event Log Monitor,Adiscon User Interface .resw source; locale=en-US; revision=edd9fe10d4a120194e4a0a1e60a5d04d661b79ab
MWAgent.Client.WinUI/Strings/Resources,MWAgent.Client.WinUI Resources,Workbench_FilterGroup_Event_Log_Monitor_V2,Event Log Monitor V2,Adiscon User Interface .resw source; locale=en-US; revision=edd9fe10d4a120194e4a0a1e60a5d04d661b79ab
MWAgent.Client.WinUI/Strings/Resources,MWAgent.Client.WinUI Resources,Workbench_FilterGroup_Extended_IP_Property,Extended IP Property,Adiscon User Interface .resw source; locale=en-US; revision=edd9fe10d4a120194e4a0a1e60a5d04d661b79ab
MWAgent.Client.WinUI/Strings/Resources,MWAgent.Client.WinUI Resources,Workbench_FilterGroup_Extended_Number_Property,Extended Number Property,Adiscon User Interface .resw source; locale=en-US; revision=edd9fe10d4a120194e4a0a1e60a5d04d661b79ab
MWAgent.Client.WinUI/Strings/Resources,MWAgent.Client.WinUI Resources,Workbench_FilterGroup_FTP_Probe,FTP Probe,Adiscon User Interface .resw source; locale=en-US; revision=edd9fe10d4a120194e4a0a1e60a5d04d661b79ab
MWAgent.Client.WinUI/Strings/Resources,MWAgent.Client.WinUI Resources,Workbench_FilterGroup_File_Exists,File Exists,Adiscon User Interface .resw source; locale=en-US; revision=edd9fe10d4a120194e4a0a1e60a5d04d661b79ab
MWAgent.Client.WinUI/Strings/Resources,MWAgent.Client.WinUI Resources,Workbench_FilterGroup_File_Monitor,File Monitor,Adiscon User Interface .resw source; locale=en-US; revision=edd9fe10d4a120194e4a0a1e60a5d04d661b79ab
MWAgent.Client.WinUI/Strings/Resources,MWAgent.Client.WinUI Resources,Workbench_FilterGroup_File_and_system_services,File and system services,Adiscon User Interface .resw source; locale=en-US; revision=edd9fe10d4a120194e4a0a1e60a5d04d661b79ab
MWAgent.Client.WinUI/Strings/Resources,MWAgent.Client.WinUI Resources,Workbench_FilterGroup_General,General,Adiscon User Interface .resw source; locale=en-US; revision=edd9fe10d4a120194e4a0a1e60a5d04d661b79ab
MWAgent.Client.WinUI/Strings/Resources,MWAgent.Client.WinUI Resources,Workbench_FilterGroup_HTTP_Probe,HTTP Probe,Adiscon User Interface .resw source; locale=en-US; revision=edd9fe10d4a120194e4a0a1e60a5d04d661b79ab
MWAgent.Client.WinUI/Strings/Resources,MWAgent.Client.WinUI Resources,Workbench_FilterGroup_IMAP_Probe,IMAP Probe,Adiscon User Interface .resw source; locale=en-US; revision=edd9fe10d4a120194e4a0a1e60a5d04d661b79ab
MWAgent.Client.WinUI/Strings/Resources,MWAgent.Client.WinUI Resources,Workbench_FilterGroup_Information_unit_type,Information unit type,Adiscon User Interface .resw source; locale=en-US; revision=edd9fe10d4a120194e4a0a1e60a5d04d661b79ab
MWAgent.Client.WinUI/Strings/Resources,MWAgent.Client.WinUI Resources,Workbench_FilterGroup_Modern_shortcuts,Modern shortcuts,Adiscon User Interface .resw source; locale=en-US; revision=edd9fe10d4a120194e4a0a1e60a5d04d661b79ab
MWAgent.Client.WinUI/Strings/Resources,MWAgent.Client.WinUI Resources,Workbench_FilterGroup_NNTP_Probe,NNTP Probe,Adiscon User Interface .resw source; locale=en-US; revision=edd9fe10d4a120194e4a0a1e60a5d04d661b79ab
MWAgent.Client.WinUI/Strings/Resources,MWAgent.Client.WinUI Resources,Workbench_FilterGroup_NT_Service_Monitor,NT Service Monitor,Adiscon User Interface .resw source; locale=en-US; revision=edd9fe10d4a120194e4a0a1e60a5d04d661b79ab
MWAgent.Client.WinUI/Strings/Resources,MWAgent.Client.WinUI Resources,Workbench_FilterGroup_Network_Related_Services,Network related Services,Adiscon User Interface .resw source; locale=en-US; revision=edd9fe10d4a120194e4a0a1e60a5d04d661b79ab
MWAgent.Client.WinUI/Strings/Resources,MWAgent.Client.WinUI Resources,Workbench_FilterGroup_Network_services,Network services,Adiscon User Interface .resw source; locale=en-US; revision=edd9fe10d4a120194e4a0a1e60a5d04d661b79ab
MWAgent.Client.WinUI/Strings/Resources,MWAgent.Client.WinUI Resources,Workbench_FilterGroup_Other_services,Other Services,Adiscon User Interface .resw source; locale=en-US; revision=edd9fe10d4a120194e4a0a1e60a5d04d661b79ab
MWAgent.Client.WinUI/Strings/Resources,MWAgent.Client.WinUI Resources,Workbench_FilterGroup_POP3_Probe,POP3 Probe,Adiscon User Interface .resw source; locale=en-US; revision=edd9fe10d4a120194e4a0a1e60a5d04d661b79ab
MWAgent.Client.WinUI/Strings/Resources,MWAgent.Client.WinUI Resources,Workbench_FilterGroup_Probe_services,Probe Services,Adiscon User Interface .resw source; locale=en-US; revision=edd9fe10d4a120194e4a0a1e60a5d04d661b79ab
MWAgent.Client.WinUI/Strings/Resources,MWAgent.Client.WinUI Resources,Workbench_FilterGroup_SMTP_Probe,SMTP Probe,Adiscon User Interface .resw source; locale=en-US; revision=edd9fe10d4a120194e4a0a1e60a5d04d661b79ab
MWAgent.Client.WinUI/Strings/Resources,MWAgent.Client.WinUI Resources,Workbench_FilterGroup_SNMP_trap,SNMP trap,Adiscon User Interface .resw source; locale=en-US; revision=edd9fe10d4a120194e4a0a1e60a5d04d661b79ab
MWAgent.Client.WinUI/Strings/Resources,MWAgent.Client.WinUI Resources,Workbench_FilterGroup_Serial_Port_Monitor,Serial Port Monitor,Adiscon User Interface .resw source; locale=en-US; revision=edd9fe10d4a120194e4a0a1e60a5d04d661b79ab
MWAgent.Client.WinUI/Strings/Resources,MWAgent.Client.WinUI Resources,Workbench_FilterGroup_Syslog,Syslog,Adiscon User Interface .resw source; locale=en-US; revision=edd9fe10d4a120194e4a0a1e60a5d04d661b79ab
MWAgent.Client.WinUI/Strings/Resources,MWAgent.Client.WinUI Resources,Workbench_FilterGroup_Weekday,Weekday,Adiscon User Interface .resw source; locale=en-US; revision=edd9fe10d4a120194e4a0a1e60a5d04d661b79ab
MWAgent.Client.WinUI/Strings/Resources,MWAgent.Client.WinUI Resources,Workbench_FilterPreset_eval_cpu_load_Description,CPU load percentage,Adiscon User Interface .resw source; locale=en-US; revision=edd9fe10d4a120194e4a0a1e60a5d04d661b79ab
MWAgent.Client.WinUI/Strings/Resources,MWAgent.Client.WinUI Resources,Workbench_FilterPreset_eval_cpu_load_Title,CPU load,Adiscon User Interface .resw source; locale=en-US; revision=edd9fe10d4a120194e4a0a1e60a5d04d661b79ab
MWAgent.Client.WinUI/Strings/Resources,MWAgent.Client.WinUI Resources,Workbench_FilterPreset_eval_cpu_number_Description,CPU number,Adiscon User Interface .resw source; locale=en-US; revision=edd9fe10d4a120194e4a0a1e60a5d04d661b79ab
MWAgent.Client.WinUI/Strings/Resources,MWAgent.Client.WinUI Resources,Workbench_FilterPreset_eval_cpu_number_Title,CPU number,Adiscon User Interface .resw source; locale=en-US; revision=edd9fe10d4a120194e4a0a1e60a5d04d661b79ab
MWAgent.Client.WinUI/Strings/Resources,MWAgent.Client.WinUI Resources,Workbench_FilterPreset_eval_custom_Description,"Custom property, comparison, and value",Adiscon User Interface .resw source; locale=en-US; revision=edd9fe10d4a120194e4a0a1e60a5d04d661b79ab
MWAgent.Client.WinUI/Strings/Resources,MWAgent.Client.WinUI Resources,Workbench_FilterPreset_eval_custom_Title,Custom EVAL,Adiscon User Interface .resw source; locale=en-US; revision=edd9fe10d4a120194e4a0a1e60a5d04d661b79ab
MWAgent.Client.WinUI/Strings/Resources,MWAgent.Client.WinUI Resources,Workbench_FilterPreset_eval_customerid_Description,Customer identifier,Adiscon User Interface .resw source; locale=en-US; revision=edd9fe10d4a120194e4a0a1e60a5d04d661b79ab
MWAgent.Client.WinUI/Strings/Resources,MWAgent.Client.WinUI Resources,Workbench_FilterPreset_eval_customerid_Title,Customer ID,Adiscon User Interface .resw source; locale=en-US; revision=edd9fe10d4a120194e4a0a1e60a5d04d661b79ab
MWAgent.Client.WinUI/Strings/Resources,MWAgent.Client.WinUI Resources,Workbench_FilterPreset_eval_datetime_Description,Date or time window,Adiscon User Interface .resw source; locale=en-US; revision=edd9fe10d4a120194e4a0a1e60a5d04d661b79ab
MWAgent.Client.WinUI/Strings/Resources,MWAgent.Client.WinUI Resources,Workbench_FilterPreset_eval_datetime_Title,Date / time,Adiscon User Interface .resw source; locale=en-US; revision=edd9fe10d4a120194e4a0a1e60a5d04d661b79ab
MWAgent.Client.WinUI/Strings/Resources,MWAgent.Client.WinUI Resources,Workbench_FilterPreset_eval_disk_space_gigabytes_Description,Remaining disk space in gigabytes,Adiscon User Interface .resw source; locale=en-US; revision=edd9fe10d4a120194e4a0a1e60a5d04d661b79ab
MWAgent.Client.WinUI/Strings/Resources,MWAgent.Client.WinUI Resources,Workbench_FilterPreset_eval_disk_space_gigabytes_Title,Disk space left (GB),Adiscon User Interface .resw source; locale=en-US; revision=edd9fe10d4a120194e4a0a1e60a5d04d661b79ab
MWAgent.Client.WinUI/Strings/Resources,MWAgent.Client.WinUI Resources,Workbench_FilterPreset_eval_disk_space_megabytes_Description,Remaining disk space in megabytes,Adiscon User Interface .resw source; locale=en-US; revision=edd9fe10d4a120194e4a0a1e60a5d04d661b79ab
MWAgent.Client.WinUI/Strings/Resources,MWAgent.Client.WinUI Resources,Workbench_FilterPreset_eval_disk_space_megabytes_Title,Disk space left (MB),Adiscon User Interface .resw source; locale=en-US; revision=edd9fe10d4a120194e4a0a1e60a5d04d661b79ab
MWAgent.Client.WinUI/Strings/Resources,MWAgent.Client.WinUI Resources,Workbench_FilterPreset_eval_disk_space_percent_Description,Remaining disk space percentage,Adiscon User Interface .resw source; locale=en-US; revision=edd9fe10d4a120194e4a0a1e60a5d04d661b79ab
MWAgent.Client.WinUI/Strings/Resources,MWAgent.Client.WinUI Resources,Workbench_FilterPreset_eval_disk_space_percent_Title,Disk space left (%),Adiscon User Interface .resw source; locale=en-US; revision=edd9fe10d4a120194e4a0a1e60a5d04d661b79ab
MWAgent.Client.WinUI/Strings/Resources,MWAgent.Client.WinUI Resources,Workbench_FilterPreset_eval_event_v1_category_Description,Classic Event Log category,Adiscon User Interface .resw source; locale=en-US; revision=edd9fe10d4a120194e4a0a1e60a5d04d661b79ab
MWAgent.Client.WinUI/Strings/Resources,MWAgent.Client.WinUI Resources,Workbench_FilterPreset_eval_event_v1_category_Title,Event Category,Adiscon User Interface .resw source; locale=en-US; revision=edd9fe10d4a120194e4a0a1e60a5d04d661b79ab
MWAgent.Client.WinUI/Strings/Resources,MWAgent.Client.WinUI Resources,Workbench_FilterPreset_eval_event_v1_category_name_Description,Classic Event Log category name,Adiscon User Interface .resw source; locale=en-US; revision=edd9fe10d4a120194e4a0a1e60a5d04d661b79ab
MWAgent.Client.WinUI/Strings/Resources,MWAgent.Client.WinUI Resources,Workbench_FilterPreset_eval_event_v1_category_name_Title,Event category name,Adiscon User Interface .resw source; locale=en-US; revision=edd9fe10d4a120194e4a0a1e60a5d04d661b79ab
MWAgent.Client.WinUI/Strings/Resources,MWAgent.Client.WinUI Resources,Workbench_FilterPreset_eval_event_v1_record_number_Description,Classic Event Log record number,Adiscon User Interface .resw source; locale=en-US; revision=edd9fe10d4a120194e4a0a1e60a5d04d661b79ab
MWAgent.Client.WinUI/Strings/Resources,MWAgent.Client.WinUI Resources,Workbench_FilterPreset_eval_event_v1_record_number_Title,Event record number,Adiscon User Interface .resw source; locale=en-US; revision=edd9fe10d4a120194e4a0a1e60a5d04d661b79ab
MWAgent.Client.WinUI/Strings/Resources,MWAgent.Client.WinUI Resources,Workbench_FilterPreset_eval_event_v1_severity_Description,Classic Event Log severity,Adiscon User Interface .resw source; locale=en-US; revision=edd9fe10d4a120194e4a0a1e60a5d04d661b79ab
MWAgent.Client.WinUI/Strings/Resources,MWAgent.Client.WinUI Resources,Workbench_FilterPreset_eval_event_v1_severity_Title,Event Severity,Adiscon User Interface .resw source; locale=en-US; revision=edd9fe10d4a120194e4a0a1e60a5d04d661b79ab
MWAgent.Client.WinUI/Strings/Resources,MWAgent.Client.WinUI Resources,Workbench_FilterPreset_eval_event_v1_source_Description,Classic Event Log source,Adiscon User Interface .resw source; locale=en-US; revision=edd9fe10d4a120194e4a0a1e60a5d04d661b79ab
MWAgent.Client.WinUI/Strings/Resources,MWAgent.Client.WinUI Resources,Workbench_FilterPreset_eval_event_v1_source_Title,Event Source,Adiscon User Interface .resw source; locale=en-US; revision=edd9fe10d4a120194e4a0a1e60a5d04d661b79ab
MWAgent.Client.WinUI/Strings/Resources,MWAgent.Client.WinUI Resources,Workbench_FilterPreset_eval_event_v1_type_Description,Classic Event Log event type,Adiscon User Interface .resw source; locale=en-US; revision=edd9fe10d4a120194e4a0a1e60a5d04d661b79ab
MWAgent.Client.WinUI/Strings/Resources,MWAgent.Client.WinUI Resources,Workbench_FilterPreset_eval_event_v1_type_Title,Event Type,Adiscon User Interface .resw source; locale=en-US; revision=edd9fe10d4a120194e4a0a1e60a5d04d661b79ab
MWAgent.Client.WinUI/Strings/Resources,MWAgent.Client.WinUI Resources,Workbench_FilterPreset_eval_event_v1_user_Description,Classic Event Log user,Adiscon User Interface .resw source; locale=en-US; revision=edd9fe10d4a120194e4a0a1e60a5d04d661b79ab
MWAgent.Client.WinUI/Strings/Resources,MWAgent.Client.WinUI Resources,Workbench_FilterPreset_eval_event_v1_user_Title,Event User,Adiscon User Interface .resw source; locale=en-US; revision=edd9fe10d4a120194e4a0a1e60a5d04d661b79ab
MWAgent.Client.WinUI/Strings/Resources,MWAgent.Client.WinUI Resources,Workbench_FilterPreset_eval_event_v2_category_Description,Event Log Monitor V2 category,Adiscon User Interface .resw source; locale=en-US; revision=edd9fe10d4a120194e4a0a1e60a5d04d661b79ab
MWAgent.Client.WinUI/Strings/Resources,MWAgent.Client.WinUI Resources,Workbench_FilterPreset_eval_event_v2_category_Title,Event Category,Adiscon User Interface .resw source; locale=en-US; revision=edd9fe10d4a120194e4a0a1e60a5d04d661b79ab
MWAgent.Client.WinUI/Strings/Resources,MWAgent.Client.WinUI Resources,Workbench_FilterPreset_eval_event_v2_category_name_Description,Event Log Monitor V2 category name,Adiscon User Interface .resw source; locale=en-US; revision=edd9fe10d4a120194e4a0a1e60a5d04d661b79ab
MWAgent.Client.WinUI/Strings/Resources,MWAgent.Client.WinUI Resources,Workbench_FilterPreset_eval_event_v2_category_name_Title,Event category name,Adiscon User Interface .resw source; locale=en-US; revision=edd9fe10d4a120194e4a0a1e60a5d04d661b79ab
MWAgent.Client.WinUI/Strings/Resources,MWAgent.Client.WinUI Resources,Workbench_FilterPreset_eval_event_v2_channel_Description,Event Log Monitor V2 channel,Adiscon User Interface .resw source; locale=en-US; revision=edd9fe10d4a120194e4a0a1e60a5d04d661b79ab
MWAgent.Client.WinUI/Strings/Resources,MWAgent.Client.WinUI Resources,Workbench_FilterPreset_eval_event_v2_channel_Title,Event Channel,Adiscon User Interface .resw source; locale=en-US; revision=edd9fe10d4a120194e4a0a1e60a5d04d661b79ab
MWAgent.Client.WinUI/Strings/Resources,MWAgent.Client.WinUI Resources,Workbench_FilterPreset_eval_event_v2_id_Description,Event Log Monitor V2 event ID,Adiscon User Interface .resw source; locale=en-US; revision=edd9fe10d4a120194e4a0a1e60a5d04d661b79ab
MWAgent.Client.WinUI/Strings/Resources,MWAgent.Client.WinUI Resources,Workbench_FilterPreset_eval_event_v2_id_Title,Event ID,Adiscon User Interface .resw source; locale=en-US; revision=edd9fe10d4a120194e4a0a1e60a5d04d661b79ab
MWAgent.Client.WinUI/Strings/Resources,MWAgent.Client.WinUI Resources,Workbench_FilterPreset_eval_event_v2_keyword_Description,Event Log Monitor V2 keyword,Adiscon User Interface .resw source; locale=en-US; revision=edd9fe10d4a120194e4a0a1e60a5d04d661b79ab
MWAgent.Client.WinUI/Strings/Resources,MWAgent.Client.WinUI Resources,Workbench_FilterPreset_eval_event_v2_keyword_Title,Event Keyword,Adiscon User Interface .resw source; locale=en-US; revision=edd9fe10d4a120194e4a0a1e60a5d04d661b79ab
MWAgent.Client.WinUI/Strings/Resources,MWAgent.Client.WinUI Resources,Workbench_FilterPreset_eval_event_v2_keyword_id_Description,Event Log Monitor V2 keyword ID,Adiscon User Interface .resw source; locale=en-US; revision=edd9fe10d4a120194e4a0a1e60a5d04d661b79ab
MWAgent.Client.WinUI/Strings/Resources,MWAgent.Client.WinUI Resources,Workbench_FilterPreset_eval_event_v2_keyword_id_Title,Event Keyword ID,Adiscon User Interface .resw source; locale=en-US; revision=edd9fe10d4a120194e4a0a1e60a5d04d661b79ab
MWAgent.Client.WinUI/Strings/Resources,MWAgent.Client.WinUI Resources,Workbench_FilterPreset_eval_event_v2_level_Description,Event Log Monitor V2 level,Adiscon User Interface .resw source; locale=en-US; revision=edd9fe10d4a120194e4a0a1e60a5d04d661b79ab
MWAgent.Client.WinUI/Strings/Resources,MWAgent.Client.WinUI Resources,Workbench_FilterPreset_eval_event_v2_level_Title,Event Level,Adiscon User Interface .resw source; locale=en-US; revision=edd9fe10d4a120194e4a0a1e60a5d04d661b79ab
MWAgent.Client.WinUI/Strings/Resources,MWAgent.Client.WinUI Resources,Workbench_FilterPreset_eval_event_v2_raw_source_Description,Event Log Monitor V2 raw source,Adiscon User Interface .resw source; locale=en-US; revision=edd9fe10d4a120194e4a0a1e60a5d04d661b79ab
MWAgent.Client.WinUI/Strings/Resources,MWAgent.Client.WinUI Resources,Workbench_FilterPreset_eval_event_v2_raw_source_Title,Raw event source,Adiscon User Interface .resw source; locale=en-US; revision=edd9fe10d4a120194e4a0a1e60a5d04d661b79ab
MWAgent.Client.WinUI/Strings/Resources,MWAgent.Client.WinUI Resources,Workbench_FilterPreset_eval_event_v2_severity_Description,Event Log Monitor V2 severity,Adiscon User Interface .resw source; locale=en-US; revision=edd9fe10d4a120194e4a0a1e60a5d04d661b79ab
MWAgent.Client.WinUI/Strings/Resources,MWAgent.Client.WinUI Resources,Workbench_FilterPreset_eval_event_v2_severity_Title,Event Severity,Adiscon User Interface .resw source; locale=en-US; revision=edd9fe10d4a120194e4a0a1e60a5d04d661b79ab
MWAgent.Client.WinUI/Strings/Resources,MWAgent.Client.WinUI Resources,Workbench_FilterPreset_eval_event_v2_severity_id_Description,Event Log Monitor V2 severity ID,Adiscon User Interface .resw source; locale=en-US; revision=edd9fe10d4a120194e4a0a1e60a5d04d661b79ab
MWAgent.Client.WinUI/Strings/Resources,MWAgent.Client.WinUI Resources,Workbench_FilterPreset_eval_event_v2_severity_id_Title,Event Severity ID,Adiscon User Interface .resw source; locale=en-US; revision=edd9fe10d4a120194e4a0a1e60a5d04d661b79ab
MWAgent.Client.WinUI/Strings/Resources,MWAgent.Client.WinUI Resources,Workbench_FilterPreset_eval_event_v2_source_Description,Event Log Monitor V2 source,Adiscon User Interface .resw source; locale=en-US; revision=edd9fe10d4a120194e4a0a1e60a5d04d661b79ab
MWAgent.Client.WinUI/Strings/Resources,MWAgent.Client.WinUI Resources,Workbench_FilterPreset_eval_event_v2_source_Title,Event Source,Adiscon User Interface .resw source; locale=en-US; revision=edd9fe10d4a120194e4a0a1e60a5d04d661b79ab
MWAgent.Client.WinUI/Strings/Resources,MWAgent.Client.WinUI Resources,Workbench_FilterPreset_eval_event_v2_user_Description,Event Log Monitor V2 user,Adiscon User Interface .resw source; locale=en-US; revision=edd9fe10d4a120194e4a0a1e60a5d04d661b79ab
MWAgent.Client.WinUI/Strings/Resources,MWAgent.Client.WinUI Resources,Workbench_FilterPreset_eval_event_v2_user_Title,Event User,Adiscon User Interface .resw source; locale=en-US; revision=edd9fe10d4a120194e4a0a1e60a5d04d661b79ab
MWAgent.Client.WinUI/Strings/Resources,MWAgent.Client.WinUI Resources,Workbench_FilterPreset_eval_eventid_Description,Classic Event Log event ID,Adiscon User Interface .resw source; locale=en-US; revision=edd9fe10d4a120194e4a0a1e60a5d04d661b79ab
MWAgent.Client.WinUI/Strings/Resources,MWAgent.Client.WinUI Resources,Workbench_FilterPreset_eval_eventid_Title,Event ID,Adiscon User Interface .resw source; locale=en-US; revision=edd9fe10d4a120194e4a0a1e60a5d04d661b79ab
MWAgent.Client.WinUI/Strings/Resources,MWAgent.Client.WinUI Resources,Workbench_FilterPreset_eval_extended_ip_Description,IP extended property,Adiscon User Interface .resw source; locale=en-US; revision=edd9fe10d4a120194e4a0a1e60a5d04d661b79ab
MWAgent.Client.WinUI/Strings/Resources,MWAgent.Client.WinUI Resources,Workbench_FilterPreset_eval_extended_ip_Title,Extended IP Property,Adiscon User Interface .resw source; locale=en-US; revision=edd9fe10d4a120194e4a0a1e60a5d04d661b79ab
MWAgent.Client.WinUI/Strings/Resources,MWAgent.Client.WinUI Resources,Workbench_FilterPreset_eval_extended_number_Description,Numeric extended property,Adiscon User Interface .resw source; locale=en-US; revision=edd9fe10d4a120194e4a0a1e60a5d04d661b79ab
MWAgent.Client.WinUI/Strings/Resources,MWAgent.Client.WinUI Resources,Workbench_FilterPreset_eval_extended_number_Title,Extended Number Property,Adiscon User Interface .resw source; locale=en-US; revision=edd9fe10d4a120194e4a0a1e60a5d04d661b79ab
MWAgent.Client.WinUI/Strings/Resources,MWAgent.Client.WinUI Resources,Workbench_FilterPreset_eval_file_exists_Description,File-exists condition,Adiscon User Interface .resw source; locale=en-US; revision=edd9fe10d4a120194e4a0a1e60a5d04d661b79ab
MWAgent.Client.WinUI/Strings/Resources,MWAgent.Client.WinUI Resources,Workbench_FilterPreset_eval_file_exists_Title,File Exists,Adiscon User Interface .resw source; locale=en-US; revision=edd9fe10d4a120194e4a0a1e60a5d04d661b79ab
MWAgent.Client.WinUI/Strings/Resources,MWAgent.Client.WinUI Resources,Workbench_FilterPreset_eval_file_generated_base_name_Description,Generated base filename,Adiscon User Interface .resw source; locale=en-US; revision=edd9fe10d4a120194e4a0a1e60a5d04d661b79ab
MWAgent.Client.WinUI/Strings/Resources,MWAgent.Client.WinUI Resources,Workbench_FilterPreset_eval_file_generated_base_name_Title,Generated filename without path,Adiscon User Interface .resw source; locale=en-US; revision=edd9fe10d4a120194e4a0a1e60a5d04d661b79ab
MWAgent.Client.WinUI/Strings/Resources,MWAgent.Client.WinUI Resources,Workbench_FilterPreset_eval_file_generated_name_Description,Generated filename including path,Adiscon User Interface .resw source; locale=en-US; revision=edd9fe10d4a120194e4a0a1e60a5d04d661b79ab
MWAgent.Client.WinUI/Strings/Resources,MWAgent.Client.WinUI Resources,Workbench_FilterPreset_eval_file_generated_name_Title,Generated Filename,Adiscon User Interface .resw source; locale=en-US; revision=edd9fe10d4a120194e4a0a1e60a5d04d661b79ab
MWAgent.Client.WinUI/Strings/Resources,MWAgent.Client.WinUI Resources,Workbench_FilterPreset_eval_filesystem_Description,Generic file-system monitor property,Adiscon User Interface .resw source; locale=en-US; revision=edd9fe10d4a120194e4a0a1e60a5d04d661b79ab
MWAgent.Client.WinUI/Strings/Resources,MWAgent.Client.WinUI Resources,Workbench_FilterPreset_eval_filesystem_Title,File system monitoring,Adiscon User Interface .resw source; locale=en-US; revision=edd9fe10d4a120194e4a0a1e60a5d04d661b79ab
MWAgent.Client.WinUI/Strings/Resources,MWAgent.Client.WinUI Resources,Workbench_FilterPreset_eval_ftp_response_Description,FTP probe response,Adiscon User Interface .resw source; locale=en-US; revision=edd9fe10d4a120194e4a0a1e60a5d04d661b79ab
MWAgent.Client.WinUI/Strings/Resources,MWAgent.Client.WinUI Resources,Workbench_FilterPreset_eval_ftp_response_Title,FTP response,Adiscon User Interface .resw source; locale=en-US; revision=edd9fe10d4a120194e4a0a1e60a5d04d661b79ab
MWAgent.Client.WinUI/Strings/Resources,MWAgent.Client.WinUI Resources,Workbench_FilterPreset_eval_ftp_status_Description,FTP probe status code,Adiscon User Interface .resw source; locale=en-US; revision=edd9fe10d4a120194e4a0a1e60a5d04d661b79ab
MWAgent.Client.WinUI/Strings/Resources,MWAgent.Client.WinUI Resources,Workbench_FilterPreset_eval_ftp_status_Title,FTP status code,Adiscon User Interface .resw source; locale=en-US; revision=edd9fe10d4a120194e4a0a1e60a5d04d661b79ab
MWAgent.Client.WinUI/Strings/Resources,MWAgent.Client.WinUI Resources,Workbench_FilterPreset_eval_hostname_Description,Local Hostname,Adiscon User Interface .resw source; locale=en-US; revision=edd9fe10d4a120194e4a0a1e60a5d04d661b79ab
MWAgent.Client.WinUI/Strings/Resources,MWAgent.Client.WinUI Resources,Workbench_FilterPreset_eval_hostname_Title,Local Hostname,Adiscon User Interface .resw source; locale=en-US; revision=edd9fe10d4a120194e4a0a1e60a5d04d661b79ab
MWAgent.Client.WinUI/Strings/Resources,MWAgent.Client.WinUI Resources,Workbench_FilterPreset_eval_http_response_Description,HTTP probe response,Adiscon User Interface .resw source; locale=en-US; revision=edd9fe10d4a120194e4a0a1e60a5d04d661b79ab
MWAgent.Client.WinUI/Strings/Resources,MWAgent.Client.WinUI Resources,Workbench_FilterPreset_eval_http_response_Title,HTTP response,Adiscon User Interface .resw source; locale=en-US; revision=edd9fe10d4a120194e4a0a1e60a5d04d661b79ab
MWAgent.Client.WinUI/Strings/Resources,MWAgent.Client.WinUI Resources,Workbench_FilterPreset_eval_http_status_Description,HTTP probe status code,Adiscon User Interface .resw source; locale=en-US; revision=edd9fe10d4a120194e4a0a1e60a5d04d661b79ab
MWAgent.Client.WinUI/Strings/Resources,MWAgent.Client.WinUI Resources,Workbench_FilterPreset_eval_http_status_Title,HTTP status code,Adiscon User Interface .resw source; locale=en-US; revision=edd9fe10d4a120194e4a0a1e60a5d04d661b79ab
MWAgent.Client.WinUI/Strings/Resources,MWAgent.Client.WinUI Resources,Workbench_FilterPreset_eval_imap_response_Description,IMAP probe response,Adiscon User Interface .resw source; locale=en-US; revision=edd9fe10d4a120194e4a0a1e60a5d04d661b79ab
MWAgent.Client.WinUI/Strings/Resources,MWAgent.Client.WinUI Resources,Workbench_FilterPreset_eval_imap_response_Title,IMAP response,Adiscon User Interface .resw source; locale=en-US; revision=edd9fe10d4a120194e4a0a1e60a5d04d661b79ab
MWAgent.Client.WinUI/Strings/Resources,MWAgent.Client.WinUI Resources,Workbench_FilterPreset_eval_imap_status_Description,IMAP probe status code,Adiscon User Interface .resw source; locale=en-US; revision=edd9fe10d4a120194e4a0a1e60a5d04d661b79ab
MWAgent.Client.WinUI/Strings/Resources,MWAgent.Client.WinUI Resources,Workbench_FilterPreset_eval_imap_status_Title,IMAP status code,Adiscon User Interface .resw source; locale=en-US; revision=edd9fe10d4a120194e4a0a1e60a5d04d661b79ab
MWAgent.Client.WinUI/Strings/Resources,MWAgent.Client.WinUI Resources,Workbench_FilterPreset_eval_iscpumemorymonitor_Description,CPU and memory monitor information-unit flag,Adiscon User Interface .resw source; locale=en-US; revision=edd9fe10d4a120194e4a0a1e60a5d04d661b79ab
MWAgent.Client.WinUI/Strings/Resources,MWAgent.Client.WinUI Resources,Workbench_FilterPreset_eval_iscpumemorymonitor_Title,CPU and memory monitor,Adiscon User Interface .resw source; locale=en-US; revision=edd9fe10d4a120194e4a0a1e60a5d04d661b79ab
MWAgent.Client.WinUI/Strings/Resources,MWAgent.Client.WinUI Resources,Workbench_FilterPreset_eval_isdatabasemonitor_Description,Database Monitor information-unit flag,Adiscon User Interface .resw source; locale=en-US; revision=edd9fe10d4a120194e4a0a1e60a5d04d661b79ab
MWAgent.Client.WinUI/Strings/Resources,MWAgent.Client.WinUI Resources,Workbench_FilterPreset_eval_isdatabasemonitor_Title,Database Monitor,Adiscon User Interface .resw source; locale=en-US; revision=edd9fe10d4a120194e4a0a1e60a5d04d661b79ab
MWAgent.Client.WinUI/Strings/Resources,MWAgent.Client.WinUI Resources,Workbench_FilterPreset_eval_isdiskspacemonitor_Description,Disk Space Monitor information-unit flag,Adiscon User Interface .resw source; locale=en-US; revision=edd9fe10d4a120194e4a0a1e60a5d04d661b79ab
MWAgent.Client.WinUI/Strings/Resources,MWAgent.Client.WinUI Resources,Workbench_FilterPreset_eval_isdiskspacemonitor_Title,Disk Space Monitor,Adiscon User Interface .resw source; locale=en-US; revision=edd9fe10d4a120194e4a0a1e60a5d04d661b79ab
MWAgent.Client.WinUI/Strings/Resources,MWAgent.Client.WinUI Resources,Workbench_FilterPreset_eval_iseventlogmonitor_Description,Event Log Monitor information-unit flag,Adiscon User Interface .resw source; locale=en-US; revision=edd9fe10d4a120194e4a0a1e60a5d04d661b79ab
MWAgent.Client.WinUI/Strings/Resources,MWAgent.Client.WinUI Resources,Workbench_FilterPreset_eval_iseventlogmonitor_Title,Event Log Monitor,Adiscon User Interface .resw source; locale=en-US; revision=edd9fe10d4a120194e4a0a1e60a5d04d661b79ab
MWAgent.Client.WinUI/Strings/Resources,MWAgent.Client.WinUI Resources,Workbench_FilterPreset_eval_iseventlogmonitorv2_Description,Event Log Monitor V2 information-unit flag,Adiscon User Interface .resw source; locale=en-US; revision=edd9fe10d4a120194e4a0a1e60a5d04d661b79ab
MWAgent.Client.WinUI/Strings/Resources,MWAgent.Client.WinUI Resources,Workbench_FilterPreset_eval_iseventlogmonitorv2_Title,Event Log Monitor V2,Adiscon User Interface .resw source; locale=en-US; revision=edd9fe10d4a120194e4a0a1e60a5d04d661b79ab
MWAgent.Client.WinUI/Strings/Resources,MWAgent.Client.WinUI Resources,Workbench_FilterPreset_eval_isfilemonitor_Description,File Monitor information-unit flag,Adiscon User Interface .resw source; locale=en-US; revision=edd9fe10d4a120194e4a0a1e60a5d04d661b79ab
MWAgent.Client.WinUI/Strings/Resources,MWAgent.Client.WinUI Resources,Workbench_FilterPreset_eval_isfilemonitor_Title,File Monitor,Adiscon User Interface .resw source; locale=en-US; revision=edd9fe10d4a120194e4a0a1e60a5d04d661b79ab
MWAgent.Client.WinUI/Strings/Resources,MWAgent.Client.WinUI Resources,Workbench_FilterPreset_eval_isftpprobe_Description,FTP Probe information-unit flag,Adiscon User Interface .resw source; locale=en-US; revision=edd9fe10d4a120194e4a0a1e60a5d04d661b79ab
MWAgent.Client.WinUI/Strings/Resources,MWAgent.Client.WinUI Resources,Workbench_FilterPreset_eval_isftpprobe_Title,FTP Probe,Adiscon User Interface .resw source; locale=en-US; revision=edd9fe10d4a120194e4a0a1e60a5d04d661b79ab
MWAgent.Client.WinUI/Strings/Resources,MWAgent.Client.WinUI Resources,Workbench_FilterPreset_eval_isheartbeat_Description,Heartbeat information-unit flag,Adiscon User Interface .resw source; locale=en-US; revision=edd9fe10d4a120194e4a0a1e60a5d04d661b79ab
MWAgent.Client.WinUI/Strings/Resources,MWAgent.Client.WinUI Resources,Workbench_FilterPreset_eval_isheartbeat_Title,HeartBeat,Adiscon User Interface .resw source; locale=en-US; revision=edd9fe10d4a120194e4a0a1e60a5d04d661b79ab
MWAgent.Client.WinUI/Strings/Resources,MWAgent.Client.WinUI Resources,Workbench_FilterPreset_eval_ishttpprobe_Description,HTTP Probe information-unit flag,Adiscon User Interface .resw source; locale=en-US; revision=edd9fe10d4a120194e4a0a1e60a5d04d661b79ab
MWAgent.Client.WinUI/Strings/Resources,MWAgent.Client.WinUI Resources,Workbench_FilterPreset_eval_ishttpprobe_Title,HTTP Probe,Adiscon User Interface .resw source; locale=en-US; revision=edd9fe10d4a120194e4a0a1e60a5d04d661b79ab
MWAgent.Client.WinUI/Strings/Resources,MWAgent.Client.WinUI Resources,Workbench_FilterPreset_eval_isimapprobe_Description,IMAP Probe information-unit flag,Adiscon User Interface .resw source; locale=en-US; revision=edd9fe10d4a120194e4a0a1e60a5d04d661b79ab
MWAgent.Client.WinUI/Strings/Resources,MWAgent.Client.WinUI Resources,Workbench_FilterPreset_eval_isimapprobe_Title,IMAP Probe,Adiscon User Interface .resw source; locale=en-US; revision=edd9fe10d4a120194e4a0a1e60a5d04d661b79ab
MWAgent.Client.WinUI/Strings/Resources,MWAgent.Client.WinUI Resources,Workbench_FilterPreset_eval_isnntpprobe_Description,NNTP Probe information-unit flag,Adiscon User Interface .resw source; locale=en-US; revision=edd9fe10d4a120194e4a0a1e60a5d04d661b79ab
MWAgent.Client.WinUI/Strings/Resources,MWAgent.Client.WinUI Resources,Workbench_FilterPreset_eval_isnntpprobe_Title,NNTP Probe,Adiscon User Interface .resw source; locale=en-US; revision=edd9fe10d4a120194e4a0a1e60a5d04d661b79ab
MWAgent.Client.WinUI/Strings/Resources,MWAgent.Client.WinUI Resources,Workbench_FilterPreset_eval_isntservicemonitor_Description,NT Service Monitor information-unit flag,Adiscon User Interface .resw source; locale=en-US; revision=edd9fe10d4a120194e4a0a1e60a5d04d661b79ab
MWAgent.Client.WinUI/Strings/Resources,MWAgent.Client.WinUI Resources,Workbench_FilterPreset_eval_isntservicemonitor_Title,NT Service Monitor,Adiscon User Interface .resw source; locale=en-US; revision=edd9fe10d4a120194e4a0a1e60a5d04d661b79ab
MWAgent.Client.WinUI/Strings/Resources,MWAgent.Client.WinUI Resources,Workbench_FilterPreset_eval_ispingprobe_Description,Ping Probe information-unit flag,Adiscon User Interface .resw source; locale=en-US; revision=edd9fe10d4a120194e4a0a1e60a5d04d661b79ab
MWAgent.Client.WinUI/Strings/Resources,MWAgent.Client.WinUI Resources,Workbench_FilterPreset_eval_ispingprobe_Title,Ping Probe,Adiscon User Interface .resw source; locale=en-US; revision=edd9fe10d4a120194e4a0a1e60a5d04d661b79ab
MWAgent.Client.WinUI/Strings/Resources,MWAgent.Client.WinUI Resources,Workbench_FilterPreset_eval_ispop3probe_Description,POP3 Probe information-unit flag,Adiscon User Interface .resw source; locale=en-US; revision=edd9fe10d4a120194e4a0a1e60a5d04d661b79ab
MWAgent.Client.WinUI/Strings/Resources,MWAgent.Client.WinUI Resources,Workbench_FilterPreset_eval_ispop3probe_Title,POP3 Probe,Adiscon User Interface .resw source; locale=en-US; revision=edd9fe10d4a120194e4a0a1e60a5d04d661b79ab
MWAgent.Client.WinUI/Strings/Resources,MWAgent.Client.WinUI Resources,Workbench_FilterPreset_eval_isportprobe_Description,Port Probe information-unit flag,Adiscon User Interface .resw source; locale=en-US; revision=edd9fe10d4a120194e4a0a1e60a5d04d661b79ab
MWAgent.Client.WinUI/Strings/Resources,MWAgent.Client.WinUI Resources,Workbench_FilterPreset_eval_isportprobe_Title,Port Probe,Adiscon User Interface .resw source; locale=en-US; revision=edd9fe10d4a120194e4a0a1e60a5d04d661b79ab
MWAgent.Client.WinUI/Strings/Resources,MWAgent.Client.WinUI Resources,Workbench_FilterPreset_eval_isrelplistener_Description,RELP Listener information-unit flag,Adiscon User Interface .resw source; locale=en-US; revision=edd9fe10d4a120194e4a0a1e60a5d04d661b79ab
MWAgent.Client.WinUI/Strings/Resources,MWAgent.Client.WinUI Resources,Workbench_FilterPreset_eval_isrelplistener_Title,RELP Listener,Adiscon User Interface .resw source; locale=en-US; revision=edd9fe10d4a120194e4a0a1e60a5d04d661b79ab
MWAgent.Client.WinUI/Strings/Resources,MWAgent.Client.WinUI Resources,Workbench_FilterPreset_eval_isserialportmonitor_Description,Serial Port Monitor information-unit flag,Adiscon User Interface .resw source; locale=en-US; revision=edd9fe10d4a120194e4a0a1e60a5d04d661b79ab
MWAgent.Client.WinUI/Strings/Resources,MWAgent.Client.WinUI Resources,Workbench_FilterPreset_eval_isserialportmonitor_Title,Serial Port Monitor,Adiscon User Interface .resw source; locale=en-US; revision=edd9fe10d4a120194e4a0a1e60a5d04d661b79ab
MWAgent.Client.WinUI/Strings/Resources,MWAgent.Client.WinUI Resources,Workbench_FilterPreset_eval_issmtplistener_Description,SMTP Listener information-unit flag,Adiscon User Interface .resw source; locale=en-US; revision=edd9fe10d4a120194e4a0a1e60a5d04d661b79ab
MWAgent.Client.WinUI/Strings/Resources,MWAgent.Client.WinUI Resources,Workbench_FilterPreset_eval_issmtplistener_Title,SMTP Listener,Adiscon User Interface .resw source; locale=en-US; revision=edd9fe10d4a120194e4a0a1e60a5d04d661b79ab
MWAgent.Client.WinUI/Strings/Resources,MWAgent.Client.WinUI Resources,Workbench_FilterPreset_eval_issmtpprobe_Description,SMTP Probe information-unit flag,Adiscon User Interface .resw source; locale=en-US; revision=edd9fe10d4a120194e4a0a1e60a5d04d661b79ab
MWAgent.Client.WinUI/Strings/Resources,MWAgent.Client.WinUI Resources,Workbench_FilterPreset_eval_issmtpprobe_Title,SMTP Probe,Adiscon User Interface .resw source; locale=en-US; revision=edd9fe10d4a120194e4a0a1e60a5d04d661b79ab
MWAgent.Client.WinUI/Strings/Resources,MWAgent.Client.WinUI Resources,Workbench_FilterPreset_eval_issnmpmonitor_Description,SNMP Monitor information-unit flag,Adiscon User Interface .resw source; locale=en-US; revision=edd9fe10d4a120194e4a0a1e60a5d04d661b79ab
MWAgent.Client.WinUI/Strings/Resources,MWAgent.Client.WinUI Resources,Workbench_FilterPreset_eval_issnmpmonitor_Title,SNMP Monitor,Adiscon User Interface .resw source; locale=en-US; revision=edd9fe10d4a120194e4a0a1e60a5d04d661b79ab
MWAgent.Client.WinUI/Strings/Resources,MWAgent.Client.WinUI Resources,Workbench_FilterPreset_eval_issnmptrap_Description,SNMP trap information-unit flag,Adiscon User Interface .resw source; locale=en-US; revision=edd9fe10d4a120194e4a0a1e60a5d04d661b79ab
MWAgent.Client.WinUI/Strings/Resources,MWAgent.Client.WinUI Resources,Workbench_FilterPreset_eval_issnmptrap_Title,SNMP trap,Adiscon User Interface .resw source; locale=en-US; revision=edd9fe10d4a120194e4a0a1e60a5d04d661b79ab
MWAgent.Client.WinUI/Strings/Resources,MWAgent.Client.WinUI Resources,Workbench_FilterPreset_eval_issyslog_Description,Syslog information-unit flag,Adiscon User Interface .resw source; locale=en-US; revision=edd9fe10d4a120194e4a0a1e60a5d04d661b79ab
MWAgent.Client.WinUI/Strings/Resources,MWAgent.Client.WinUI Resources,Workbench_FilterPreset_eval_issyslog_Title,Syslog,Adiscon User Interface .resw source; locale=en-US; revision=edd9fe10d4a120194e4a0a1e60a5d04d661b79ab
MWAgent.Client.WinUI/Strings/Resources,MWAgent.Client.WinUI Resources,Workbench_FilterPreset_eval_memory_physical_free_Description,Free physical memory in megabytes,Adiscon User Interface .resw source; locale=en-US; revision=edd9fe10d4a120194e4a0a1e60a5d04d661b79ab
MWAgent.Client.WinUI/Strings/Resources,MWAgent.Client.WinUI Resources,Workbench_FilterPreset_eval_memory_physical_free_Title,Free physical memory,Adiscon User Interface .resw source; locale=en-US; revision=edd9fe10d4a120194e4a0a1e60a5d04d661b79ab
MWAgent.Client.WinUI/Strings/Resources,MWAgent.Client.WinUI Resources,Workbench_FilterPreset_eval_memory_physical_load_Description,Physical memory load percentage,Adiscon User Interface .resw source; locale=en-US; revision=edd9fe10d4a120194e4a0a1e60a5d04d661b79ab
MWAgent.Client.WinUI/Strings/Resources,MWAgent.Client.WinUI Resources,Workbench_FilterPreset_eval_memory_physical_load_Title,Physical memory load,Adiscon User Interface .resw source; locale=en-US; revision=edd9fe10d4a120194e4a0a1e60a5d04d661b79ab
MWAgent.Client.WinUI/Strings/Resources,MWAgent.Client.WinUI Resources,Workbench_FilterPreset_eval_memory_physical_max_Description,Maximum physical memory in megabytes,Adiscon User Interface .resw source; locale=en-US; revision=edd9fe10d4a120194e4a0a1e60a5d04d661b79ab
MWAgent.Client.WinUI/Strings/Resources,MWAgent.Client.WinUI Resources,Workbench_FilterPreset_eval_memory_physical_max_Title,Maximum physical memory,Adiscon User Interface .resw source; locale=en-US; revision=edd9fe10d4a120194e4a0a1e60a5d04d661b79ab
MWAgent.Client.WinUI/Strings/Resources,MWAgent.Client.WinUI Resources,Workbench_FilterPreset_eval_memory_total_free_Description,Free total memory in megabytes,Adiscon User Interface .resw source; locale=en-US; revision=edd9fe10d4a120194e4a0a1e60a5d04d661b79ab
MWAgent.Client.WinUI/Strings/Resources,MWAgent.Client.WinUI Resources,Workbench_FilterPreset_eval_memory_total_free_Title,Free total memory,Adiscon User Interface .resw source; locale=en-US; revision=edd9fe10d4a120194e4a0a1e60a5d04d661b79ab
MWAgent.Client.WinUI/Strings/Resources,MWAgent.Client.WinUI Resources,Workbench_FilterPreset_eval_memory_total_load_Description,Total memory load percentage,Adiscon User Interface .resw source; locale=en-US; revision=edd9fe10d4a120194e4a0a1e60a5d04d661b79ab
MWAgent.Client.WinUI/Strings/Resources,MWAgent.Client.WinUI Resources,Workbench_FilterPreset_eval_memory_total_load_Title,Total memory load,Adiscon User Interface .resw source; locale=en-US; revision=edd9fe10d4a120194e4a0a1e60a5d04d661b79ab
MWAgent.Client.WinUI/Strings/Resources,MWAgent.Client.WinUI Resources,Workbench_FilterPreset_eval_memory_total_max_Description,Maximum total memory in megabytes,Adiscon User Interface .resw source; locale=en-US; revision=edd9fe10d4a120194e4a0a1e60a5d04d661b79ab
MWAgent.Client.WinUI/Strings/Resources,MWAgent.Client.WinUI Resources,Workbench_FilterPreset_eval_memory_total_max_Title,Maximum total memory,Adiscon User Interface .resw source; locale=en-US; revision=edd9fe10d4a120194e4a0a1e60a5d04d661b79ab
MWAgent.Client.WinUI/Strings/Resources,MWAgent.Client.WinUI Resources,Workbench_FilterPreset_eval_memory_virtual_free_Description,Free virtual memory in megabytes,Adiscon User Interface .resw source; locale=en-US; revision=edd9fe10d4a120194e4a0a1e60a5d04d661b79ab
MWAgent.Client.WinUI/Strings/Resources,MWAgent.Client.WinUI Resources,Workbench_FilterPreset_eval_memory_virtual_free_Title,Free virtual memory,Adiscon User Interface .resw source; locale=en-US; revision=edd9fe10d4a120194e4a0a1e60a5d04d661b79ab
MWAgent.Client.WinUI/Strings/Resources,MWAgent.Client.WinUI Resources,Workbench_FilterPreset_eval_memory_virtual_load_Description,Virtual memory load percentage,Adiscon User Interface .resw source; locale=en-US; revision=edd9fe10d4a120194e4a0a1e60a5d04d661b79ab
MWAgent.Client.WinUI/Strings/Resources,MWAgent.Client.WinUI Resources,Workbench_FilterPreset_eval_memory_virtual_load_Title,Virtual memory load,Adiscon User Interface .resw source; locale=en-US; revision=edd9fe10d4a120194e4a0a1e60a5d04d661b79ab
MWAgent.Client.WinUI/Strings/Resources,MWAgent.Client.WinUI Resources,Workbench_FilterPreset_eval_memory_virtual_max_Description,Maximum virtual memory in megabytes,Adiscon User Interface .resw source; locale=en-US; revision=edd9fe10d4a120194e4a0a1e60a5d04d661b79ab
MWAgent.Client.WinUI/Strings/Resources,MWAgent.Client.WinUI Resources,Workbench_FilterPreset_eval_memory_virtual_max_Title,Maximum virtual memory,Adiscon User Interface .resw source; locale=en-US; revision=edd9fe10d4a120194e4a0a1e60a5d04d661b79ab
MWAgent.Client.WinUI/Strings/Resources,MWAgent.Client.WinUI Resources,Workbench_FilterPreset_eval_msg_Description,Message content,Adiscon User Interface .resw source; locale=en-US; revision=edd9fe10d4a120194e4a0a1e60a5d04d661b79ab
MWAgent.Client.WinUI/Strings/Resources,MWAgent.Client.WinUI Resources,Workbench_FilterPreset_eval_msg_Title,Message,Adiscon User Interface .resw source; locale=en-US; revision=edd9fe10d4a120194e4a0a1e60a5d04d661b79ab
MWAgent.Client.WinUI/Strings/Resources,MWAgent.Client.WinUI Resources,Workbench_FilterPreset_eval_nntp_response_Description,NNTP probe response,Adiscon User Interface .resw source; locale=en-US; revision=edd9fe10d4a120194e4a0a1e60a5d04d661b79ab
MWAgent.Client.WinUI/Strings/Resources,MWAgent.Client.WinUI Resources,Workbench_FilterPreset_eval_nntp_response_Title,NNTP response,Adiscon User Interface .resw source; locale=en-US; revision=edd9fe10d4a120194e4a0a1e60a5d04d661b79ab
MWAgent.Client.WinUI/Strings/Resources,MWAgent.Client.WinUI Resources,Workbench_FilterPreset_eval_nntp_status_Description,NNTP probe status code,Adiscon User Interface .resw source; locale=en-US; revision=edd9fe10d4a120194e4a0a1e60a5d04d661b79ab
MWAgent.Client.WinUI/Strings/Resources,MWAgent.Client.WinUI Resources,Workbench_FilterPreset_eval_nntp_status_Title,NNTP status code,Adiscon User Interface .resw source; locale=en-US; revision=edd9fe10d4a120194e4a0a1e60a5d04d661b79ab
MWAgent.Client.WinUI/Strings/Resources,MWAgent.Client.WinUI Resources,Workbench_FilterPreset_eval_nt_service_display_name_Description,NT service display name,Adiscon User Interface .resw source; locale=en-US; revision=edd9fe10d4a120194e4a0a1e60a5d04d661b79ab
MWAgent.Client.WinUI/Strings/Resources,MWAgent.Client.WinUI Resources,Workbench_FilterPreset_eval_nt_service_display_name_Title,Service display name,Adiscon User Interface .resw source; locale=en-US; revision=edd9fe10d4a120194e4a0a1e60a5d04d661b79ab
MWAgent.Client.WinUI/Strings/Resources,MWAgent.Client.WinUI Resources,Workbench_FilterPreset_eval_nt_service_name_Description,NT service name,Adiscon User Interface .resw source; locale=en-US; revision=edd9fe10d4a120194e4a0a1e60a5d04d661b79ab
MWAgent.Client.WinUI/Strings/Resources,MWAgent.Client.WinUI Resources,Workbench_FilterPreset_eval_nt_service_name_Title,Service name,Adiscon User Interface .resw source; locale=en-US; revision=edd9fe10d4a120194e4a0a1e60a5d04d661b79ab
MWAgent.Client.WinUI/Strings/Resources,MWAgent.Client.WinUI Resources,Workbench_FilterPreset_eval_other_service_Description,Generic service-type property,Adiscon User Interface .resw source; locale=en-US; revision=edd9fe10d4a120194e4a0a1e60a5d04d661b79ab
MWAgent.Client.WinUI/Strings/Resources,MWAgent.Client.WinUI Resources,Workbench_FilterPreset_eval_other_service_Title,Other Services,Adiscon User Interface .resw source; locale=en-US; revision=edd9fe10d4a120194e4a0a1e60a5d04d661b79ab
MWAgent.Client.WinUI/Strings/Resources,MWAgent.Client.WinUI Resources,Workbench_FilterPreset_eval_pop3_response_Description,POP3 probe response,Adiscon User Interface .resw source; locale=en-US; revision=edd9fe10d4a120194e4a0a1e60a5d04d661b79ab
MWAgent.Client.WinUI/Strings/Resources,MWAgent.Client.WinUI Resources,Workbench_FilterPreset_eval_pop3_response_Title,POP3 response,Adiscon User Interface .resw source; locale=en-US; revision=edd9fe10d4a120194e4a0a1e60a5d04d661b79ab
MWAgent.Client.WinUI/Strings/Resources,MWAgent.Client.WinUI Resources,Workbench_FilterPreset_eval_pop3_status_Description,POP3 probe status code,Adiscon User Interface .resw source; locale=en-US; revision=edd9fe10d4a120194e4a0a1e60a5d04d661b79ab
MWAgent.Client.WinUI/Strings/Resources,MWAgent.Client.WinUI Resources,Workbench_FilterPreset_eval_pop3_status_Title,POP3 status code,Adiscon User Interface .resw source; locale=en-US; revision=edd9fe10d4a120194e4a0a1e60a5d04d661b79ab
MWAgent.Client.WinUI/Strings/Resources,MWAgent.Client.WinUI Resources,Workbench_FilterPreset_eval_probe_Description,Generic probe-service property,Adiscon User Interface .resw source; locale=en-US; revision=edd9fe10d4a120194e4a0a1e60a5d04d661b79ab
MWAgent.Client.WinUI/Strings/Resources,MWAgent.Client.WinUI Resources,Workbench_FilterPreset_eval_probe_Title,Probe Services,Adiscon User Interface .resw source; locale=en-US; revision=edd9fe10d4a120194e4a0a1e60a5d04d661b79ab
MWAgent.Client.WinUI/Strings/Resources,MWAgent.Client.WinUI Resources,Workbench_FilterPreset_eval_serial_port_name_Description,Serial port name,Adiscon User Interface .resw source; locale=en-US; revision=edd9fe10d4a120194e4a0a1e60a5d04d661b79ab
MWAgent.Client.WinUI/Strings/Resources,MWAgent.Client.WinUI Resources,Workbench_FilterPreset_eval_serial_port_name_Title,Port name,Adiscon User Interface .resw source; locale=en-US; revision=edd9fe10d4a120194e4a0a1e60a5d04d661b79ab
MWAgent.Client.WinUI/Strings/Resources,MWAgent.Client.WinUI Resources,Workbench_FilterPreset_eval_smtp_response_Description,SMTP probe response,Adiscon User Interface .resw source; locale=en-US; revision=edd9fe10d4a120194e4a0a1e60a5d04d661b79ab
MWAgent.Client.WinUI/Strings/Resources,MWAgent.Client.WinUI Resources,Workbench_FilterPreset_eval_smtp_response_Title,SMTP response,Adiscon User Interface .resw source; locale=en-US; revision=edd9fe10d4a120194e4a0a1e60a5d04d661b79ab
MWAgent.Client.WinUI/Strings/Resources,MWAgent.Client.WinUI Resources,Workbench_FilterPreset_eval_smtp_status_Description,SMTP probe status code,Adiscon User Interface .resw source; locale=en-US; revision=edd9fe10d4a120194e4a0a1e60a5d04d661b79ab
MWAgent.Client.WinUI/Strings/Resources,MWAgent.Client.WinUI Resources,Workbench_FilterPreset_eval_smtp_status_Title,SMTP status code,Adiscon User Interface .resw source; locale=en-US; revision=edd9fe10d4a120194e4a0a1e60a5d04d661b79ab
MWAgent.Client.WinUI/Strings/Resources,MWAgent.Client.WinUI Resources,Workbench_FilterPreset_eval_snmp_agent_ip_Description,SNMP agent IP address,Adiscon User Interface .resw source; locale=en-US; revision=edd9fe10d4a120194e4a0a1e60a5d04d661b79ab
MWAgent.Client.WinUI/Strings/Resources,MWAgent.Client.WinUI Resources,Workbench_FilterPreset_eval_snmp_agent_ip_Title,Agent IP,Adiscon User Interface .resw source; locale=en-US; revision=edd9fe10d4a120194e4a0a1e60a5d04d661b79ab
MWAgent.Client.WinUI/Strings/Resources,MWAgent.Client.WinUI Resources,Workbench_FilterPreset_eval_snmp_community_Description,SNMP community,Adiscon User Interface .resw source; locale=en-US; revision=edd9fe10d4a120194e4a0a1e60a5d04d661b79ab
MWAgent.Client.WinUI/Strings/Resources,MWAgent.Client.WinUI Resources,Workbench_FilterPreset_eval_snmp_community_Title,Community,Adiscon User Interface .resw source; locale=en-US; revision=edd9fe10d4a120194e4a0a1e60a5d04d661b79ab
MWAgent.Client.WinUI/Strings/Resources,MWAgent.Client.WinUI Resources,Workbench_FilterPreset_eval_snmp_enterprise_Description,SNMP enterprise,Adiscon User Interface .resw source; locale=en-US; revision=edd9fe10d4a120194e4a0a1e60a5d04d661b79ab
MWAgent.Client.WinUI/Strings/Resources,MWAgent.Client.WinUI Resources,Workbench_FilterPreset_eval_snmp_enterprise_Title,Enterprise,Adiscon User Interface .resw source; locale=en-US; revision=edd9fe10d4a120194e4a0a1e60a5d04d661b79ab
MWAgent.Client.WinUI/Strings/Resources,MWAgent.Client.WinUI Resources,Workbench_FilterPreset_eval_snmp_generic_name_Description,SNMP generic name,Adiscon User Interface .resw source; locale=en-US; revision=edd9fe10d4a120194e4a0a1e60a5d04d661b79ab
MWAgent.Client.WinUI/Strings/Resources,MWAgent.Client.WinUI Resources,Workbench_FilterPreset_eval_snmp_generic_name_Title,Generic name,Adiscon User Interface .resw source; locale=en-US; revision=edd9fe10d4a120194e4a0a1e60a5d04d661b79ab
MWAgent.Client.WinUI/Strings/Resources,MWAgent.Client.WinUI Resources,Workbench_FilterPreset_eval_snmp_specific_type_Description,SNMP specific trap type,Adiscon User Interface .resw source; locale=en-US; revision=edd9fe10d4a120194e4a0a1e60a5d04d661b79ab
MWAgent.Client.WinUI/Strings/Resources,MWAgent.Client.WinUI Resources,Workbench_FilterPreset_eval_snmp_specific_type_Title,Specific type,Adiscon User Interface .resw source; locale=en-US; revision=edd9fe10d4a120194e4a0a1e60a5d04d661b79ab
MWAgent.Client.WinUI/Strings/Resources,MWAgent.Client.WinUI Resources,Workbench_FilterPreset_eval_snmp_uptime_Description,SNMP uptime,Adiscon User Interface .resw source; locale=en-US; revision=edd9fe10d4a120194e4a0a1e60a5d04d661b79ab
MWAgent.Client.WinUI/Strings/Resources,MWAgent.Client.WinUI Resources,Workbench_FilterPreset_eval_snmp_uptime_Title,Uptime,Adiscon User Interface .resw source; locale=en-US; revision=edd9fe10d4a120194e4a0a1e60a5d04d661b79ab
MWAgent.Client.WinUI/Strings/Resources,MWAgent.Client.WinUI Resources,Workbench_FilterPreset_eval_snmp_version_Description,SNMP version,Adiscon User Interface .resw source; locale=en-US; revision=edd9fe10d4a120194e4a0a1e60a5d04d661b79ab
MWAgent.Client.WinUI/Strings/Resources,MWAgent.Client.WinUI Resources,Workbench_FilterPreset_eval_snmp_version_Title,Version,Adiscon User Interface .resw source; locale=en-US; revision=edd9fe10d4a120194e4a0a1e60a5d04d661b79ab
MWAgent.Client.WinUI/Strings/Resources,MWAgent.Client.WinUI Resources,Workbench_FilterPreset_eval_source_Description,Source address,Adiscon User Interface .resw source; locale=en-US; revision=edd9fe10d4a120194e4a0a1e60a5d04d661b79ab
MWAgent.Client.WinUI/Strings/Resources,MWAgent.Client.WinUI Resources,Workbench_FilterPreset_eval_source_Title,Source,Adiscon User Interface .resw source; locale=en-US; revision=edd9fe10d4a120194e4a0a1e60a5d04d661b79ab
MWAgent.Client.WinUI/Strings/Resources,MWAgent.Client.WinUI Resources,Workbench_FilterPreset_eval_source_ip_type_Description,Source address using IP-aware comparison,Adiscon User Interface .resw source; locale=en-US; revision=edd9fe10d4a120194e4a0a1e60a5d04d661b79ab
MWAgent.Client.WinUI/Strings/Resources,MWAgent.Client.WinUI Resources,Workbench_FilterPreset_eval_source_ip_type_Title,Source IP type,Adiscon User Interface .resw source; locale=en-US; revision=edd9fe10d4a120194e4a0a1e60a5d04d661b79ab
MWAgent.Client.WinUI/Strings/Resources,MWAgent.Client.WinUI Resources,Workbench_FilterPreset_eval_status_name_value_Description,Status property name and value,Adiscon User Interface .resw source; locale=en-US; revision=edd9fe10d4a120194e4a0a1e60a5d04d661b79ab
MWAgent.Client.WinUI/Strings/Resources,MWAgent.Client.WinUI Resources,Workbench_FilterPreset_eval_status_name_value_Title,Status name and value,Adiscon User Interface .resw source; locale=en-US; revision=edd9fe10d4a120194e4a0a1e60a5d04d661b79ab
MWAgent.Client.WinUI/Strings/Resources,MWAgent.Client.WinUI Resources,Workbench_FilterPreset_eval_syslogappname_Description,Syslog APP-NAME,Adiscon User Interface .resw source; locale=en-US; revision=edd9fe10d4a120194e4a0a1e60a5d04d661b79ab
MWAgent.Client.WinUI/Strings/Resources,MWAgent.Client.WinUI Resources,Workbench_FilterPreset_eval_syslogappname_Title,Syslog app name,Adiscon User Interface .resw source; locale=en-US; revision=edd9fe10d4a120194e4a0a1e60a5d04d661b79ab
MWAgent.Client.WinUI/Strings/Resources,MWAgent.Client.WinUI Resources,Workbench_FilterPreset_eval_syslogfacility_Description,Syslog facility,Adiscon User Interface .resw source; locale=en-US; revision=edd9fe10d4a120194e4a0a1e60a5d04d661b79ab
MWAgent.Client.WinUI/Strings/Resources,MWAgent.Client.WinUI Resources,Workbench_FilterPreset_eval_syslogfacility_Title,Syslog facility,Adiscon User Interface .resw source; locale=en-US; revision=edd9fe10d4a120194e4a0a1e60a5d04d661b79ab
MWAgent.Client.WinUI/Strings/Resources,MWAgent.Client.WinUI Resources,Workbench_FilterPreset_eval_syslogmsgid_Description,Syslog MSGID,Adiscon User Interface .resw source; locale=en-US; revision=edd9fe10d4a120194e4a0a1e60a5d04d661b79ab
MWAgent.Client.WinUI/Strings/Resources,MWAgent.Client.WinUI Resources,Workbench_FilterPreset_eval_syslogmsgid_Title,Syslog message ID,Adiscon User Interface .resw source; locale=en-US; revision=edd9fe10d4a120194e4a0a1e60a5d04d661b79ab
MWAgent.Client.WinUI/Strings/Resources,MWAgent.Client.WinUI Resources,Workbench_FilterPreset_eval_syslogpriority_Description,Syslog priority,Adiscon User Interface .resw source; locale=en-US; revision=edd9fe10d4a120194e4a0a1e60a5d04d661b79ab
MWAgent.Client.WinUI/Strings/Resources,MWAgent.Client.WinUI Resources,Workbench_FilterPreset_eval_syslogpriority_Title,Syslog priority,Adiscon User Interface .resw source; locale=en-US; revision=edd9fe10d4a120194e4a0a1e60a5d04d661b79ab
MWAgent.Client.WinUI/Strings/Resources,MWAgent.Client.WinUI Resources,Workbench_FilterPreset_eval_syslogprocid_Description,Syslog ProcID,Adiscon User Interface .resw source; locale=en-US; revision=edd9fe10d4a120194e4a0a1e60a5d04d661b79ab
MWAgent.Client.WinUI/Strings/Resources,MWAgent.Client.WinUI Resources,Workbench_FilterPreset_eval_syslogprocid_Title,Syslog process ID,Adiscon User Interface .resw source; locale=en-US; revision=edd9fe10d4a120194e4a0a1e60a5d04d661b79ab
MWAgent.Client.WinUI/Strings/Resources,MWAgent.Client.WinUI Resources,Workbench_FilterPreset_eval_syslogstructdata_Description,Syslog structured data,Adiscon User Interface .resw source; locale=en-US; revision=edd9fe10d4a120194e4a0a1e60a5d04d661b79ab
MWAgent.Client.WinUI/Strings/Resources,MWAgent.Client.WinUI Resources,Workbench_FilterPreset_eval_syslogstructdata_Title,Syslog structured data,Adiscon User Interface .resw source; locale=en-US; revision=edd9fe10d4a120194e4a0a1e60a5d04d661b79ab
MWAgent.Client.WinUI/Strings/Resources,MWAgent.Client.WinUI Resources,Workbench_FilterPreset_eval_syslogtag_Description,Syslog Tag,Adiscon User Interface .resw source; locale=en-US; revision=edd9fe10d4a120194e4a0a1e60a5d04d661b79ab
MWAgent.Client.WinUI/Strings/Resources,MWAgent.Client.WinUI Resources,Workbench_FilterPreset_eval_syslogtag_Title,Syslog Tag,Adiscon User Interface .resw source; locale=en-US; revision=edd9fe10d4a120194e4a0a1e60a5d04d661b79ab
MWAgent.Client.WinUI/Strings/Resources,MWAgent.Client.WinUI Resources,Workbench_FilterPreset_eval_syslogversion_Description,Syslog protocol version,Adiscon User Interface .resw source; locale=en-US; revision=edd9fe10d4a120194e4a0a1e60a5d04d661b79ab
MWAgent.Client.WinUI/Strings/Resources,MWAgent.Client.WinUI Resources,Workbench_FilterPreset_eval_syslogversion_Title,Syslog Version,Adiscon User Interface .resw source; locale=en-US; revision=edd9fe10d4a120194e4a0a1e60a5d04d661b79ab
MWAgent.Client.WinUI/Strings/Resources,MWAgent.Client.WinUI Resources,Workbench_FilterPreset_eval_systemid_Description,System identifier,Adiscon User Interface .resw source; locale=en-US; revision=edd9fe10d4a120194e4a0a1e60a5d04d661b79ab
MWAgent.Client.WinUI/Strings/Resources,MWAgent.Client.WinUI Resources,Workbench_FilterPreset_eval_systemid_Title,System ID,Adiscon User Interface .resw source; locale=en-US; revision=edd9fe10d4a120194e4a0a1e60a5d04d661b79ab
MWAgent.Client.WinUI/Strings/Resources,MWAgent.Client.WinUI Resources,Workbench_FilterPreset_eval_weekday_friday_Description,Run on Friday,Adiscon User Interface .resw source; locale=en-US; revision=edd9fe10d4a120194e4a0a1e60a5d04d661b79ab
MWAgent.Client.WinUI/Strings/Resources,MWAgent.Client.WinUI Resources,Workbench_FilterPreset_eval_weekday_friday_Title,Friday,Adiscon User Interface .resw source; locale=en-US; revision=edd9fe10d4a120194e4a0a1e60a5d04d661b79ab
MWAgent.Client.WinUI/Strings/Resources,MWAgent.Client.WinUI Resources,Workbench_FilterPreset_eval_weekday_monday_Description,Run on Monday,Adiscon User Interface .resw source; locale=en-US; revision=edd9fe10d4a120194e4a0a1e60a5d04d661b79ab
MWAgent.Client.WinUI/Strings/Resources,MWAgent.Client.WinUI Resources,Workbench_FilterPreset_eval_weekday_monday_Title,Monday,Adiscon User Interface .resw source; locale=en-US; revision=edd9fe10d4a120194e4a0a1e60a5d04d661b79ab
MWAgent.Client.WinUI/Strings/Resources,MWAgent.Client.WinUI Resources,Workbench_FilterPreset_eval_weekday_saturday_Description,Run on Saturday,Adiscon User Interface .resw source; locale=en-US; revision=edd9fe10d4a120194e4a0a1e60a5d04d661b79ab
MWAgent.Client.WinUI/Strings/Resources,MWAgent.Client.WinUI Resources,Workbench_FilterPreset_eval_weekday_saturday_Title,Saturday,Adiscon User Interface .resw source; locale=en-US; revision=edd9fe10d4a120194e4a0a1e60a5d04d661b79ab
MWAgent.Client.WinUI/Strings/Resources,MWAgent.Client.WinUI Resources,Workbench_FilterPreset_eval_weekday_sunday_Description,Run on Sunday,Adiscon User Interface .resw source; locale=en-US; revision=edd9fe10d4a120194e4a0a1e60a5d04d661b79ab
MWAgent.Client.WinUI/Strings/Resources,MWAgent.Client.WinUI Resources,Workbench_FilterPreset_eval_weekday_sunday_Title,Sunday,Adiscon User Interface .resw source; locale=en-US; revision=edd9fe10d4a120194e4a0a1e60a5d04d661b79ab
MWAgent.Client.WinUI/Strings/Resources,MWAgent.Client.WinUI Resources,Workbench_FilterPreset_eval_weekday_thursday_Description,Run on Thursday,Adiscon User Interface .resw source; locale=en-US; revision=edd9fe10d4a120194e4a0a1e60a5d04d661b79ab
MWAgent.Client.WinUI/Strings/Resources,MWAgent.Client.WinUI Resources,Workbench_FilterPreset_eval_weekday_thursday_Title,Thursday,Adiscon User Interface .resw source; locale=en-US; revision=edd9fe10d4a120194e4a0a1e60a5d04d661b79ab
MWAgent.Client.WinUI/Strings/Resources,MWAgent.Client.WinUI Resources,Workbench_FilterPreset_eval_weekday_tuesday_Description,Run on Tuesday,Adiscon User Interface .resw source; locale=en-US; revision=edd9fe10d4a120194e4a0a1e60a5d04d661b79ab
MWAgent.Client.WinUI/Strings/Resources,MWAgent.Client.WinUI Resources,Workbench_FilterPreset_eval_weekday_tuesday_Title,Tuesday,Adiscon User Interface .resw source; locale=en-US; revision=edd9fe10d4a120194e4a0a1e60a5d04d661b79ab
MWAgent.Client.WinUI/Strings/Resources,MWAgent.Client.WinUI Resources,Workbench_FilterPreset_eval_weekday_wednesday_Description,Run on Wednesday,Adiscon User Interface .resw source; locale=en-US; revision=edd9fe10d4a120194e4a0a1e60a5d04d661b79ab
MWAgent.Client.WinUI/Strings/Resources,MWAgent.Client.WinUI Resources,Workbench_FilterPreset_eval_weekday_wednesday_Title,Wednesday,Adiscon User Interface .resw source; locale=en-US; revision=edd9fe10d4a120194e4a0a1e60a5d04d661b79ab
MWAgent.Client.WinUI/Strings/Resources,MWAgent.Client.WinUI Resources,Workbench_FilterPreset_op_and_Description,All children must match,Adiscon User Interface .resw source; locale=en-US; revision=edd9fe10d4a120194e4a0a1e60a5d04d661b79ab
MWAgent.Client.WinUI/Strings/Resources,MWAgent.Client.WinUI Resources,Workbench_FilterPreset_op_and_Title,AND,Adiscon User Interface .resw source; locale=en-US; revision=edd9fe10d4a120194e4a0a1e60a5d04d661b79ab
MWAgent.Client.WinUI/Strings/Resources,MWAgent.Client.WinUI Resources,Workbench_FilterPreset_op_false_Description,Always false,Adiscon User Interface .resw source; locale=en-US; revision=edd9fe10d4a120194e4a0a1e60a5d04d661b79ab
MWAgent.Client.WinUI/Strings/Resources,MWAgent.Client.WinUI Resources,Workbench_FilterPreset_op_false_Title,FALSE,Adiscon User Interface .resw source; locale=en-US; revision=edd9fe10d4a120194e4a0a1e60a5d04d661b79ab
MWAgent.Client.WinUI/Strings/Resources,MWAgent.Client.WinUI Resources,Workbench_FilterPreset_op_not_Description,Negates one child,Adiscon User Interface .resw source; locale=en-US; revision=edd9fe10d4a120194e4a0a1e60a5d04d661b79ab
MWAgent.Client.WinUI/Strings/Resources,MWAgent.Client.WinUI Resources,Workbench_FilterPreset_op_not_Title,NOT,Adiscon User Interface .resw source; locale=en-US; revision=edd9fe10d4a120194e4a0a1e60a5d04d661b79ab
MWAgent.Client.WinUI/Strings/Resources,MWAgent.Client.WinUI Resources,Workbench_FilterPreset_op_or_Description,Any child may match,Adiscon User Interface .resw source; locale=en-US; revision=edd9fe10d4a120194e4a0a1e60a5d04d661b79ab
MWAgent.Client.WinUI/Strings/Resources,MWAgent.Client.WinUI Resources,Workbench_FilterPreset_op_or_Title,OR,Adiscon User Interface .resw source; locale=en-US; revision=edd9fe10d4a120194e4a0a1e60a5d04d661b79ab
MWAgent.Client.WinUI/Strings/Resources,MWAgent.Client.WinUI Resources,Workbench_FilterPreset_op_true_Description,Always true,Adiscon User Interface .resw source; locale=en-US; revision=edd9fe10d4a120194e4a0a1e60a5d04d661b79ab
MWAgent.Client.WinUI/Strings/Resources,MWAgent.Client.WinUI Resources,Workbench_FilterPreset_op_true_Title,TRUE,Adiscon User Interface .resw source; locale=en-US; revision=edd9fe10d4a120194e4a0a1e60a5d04d661b79ab
MWAgent.Client.WinUI/Strings/Resources,MWAgent.Client.WinUI Resources,Workbench_FilterPreset_op_xor_Description,Exactly one child may match,Adiscon User Interface .resw source; locale=en-US; revision=edd9fe10d4a120194e4a0a1e60a5d04d661b79ab
MWAgent.Client.WinUI/Strings/Resources,MWAgent.Client.WinUI Resources,Workbench_FilterPreset_op_xor_Title,XOR,Adiscon User Interface .resw source; locale=en-US; revision=edd9fe10d4a120194e4a0a1e60a5d04d661b79ab
MWAgent.Client.WinUI/Strings/Resources,MWAgent.Client.WinUI Resources,Workbench_FilterRoot_Help,Root of the rule condition tree. Add operator or condition filters below this item.,Adiscon User Interface .resw source; locale=en-US; revision=edd9fe10d4a120194e4a0a1e60a5d04d661b79ab
MWAgent.Client.WinUI/Strings/Resources,MWAgent.Client.WinUI Resources,Workbench_FilterRoot_Name,Filter root,Adiscon User Interface .resw source; locale=en-US; revision=edd9fe10d4a120194e4a0a1e60a5d04d661b79ab
MWAgent.Client.WinUI/Strings/Resources,MWAgent.Client.WinUI Resources,Workbench_RuleTemplate_Empty_Description,Create a rule without an action.,Adiscon User Interface .resw source; locale=en-US; revision=edd9fe10d4a120194e4a0a1e60a5d04d661b79ab
MWAgent.Client.WinUI/Strings/Resources,MWAgent.Client.WinUI Resources,Workbench_RuleTemplate_Empty_Title,Empty rule,Adiscon User Interface .resw source; locale=en-US; revision=edd9fe10d4a120194e4a0a1e60a5d04d661b79ab
MWAgent.Client.WinUI/Strings/Resources,MWAgent.Client.WinUI Resources,Workbench_RuleTemplate_WithAction_Description,Create a rule and choose its first action.,Adiscon User Interface .resw source; locale=en-US; revision=edd9fe10d4a120194e4a0a1e60a5d04d661b79ab
MWAgent.Client.WinUI/Strings/Resources,MWAgent.Client.WinUI Resources,Workbench_RuleTemplate_WithAction_Title,Rule with action,Adiscon User Interface .resw source; locale=en-US; revision=edd9fe10d4a120194e4a0a1e60a5d04d661b79ab
MWAgent.Client.WinUI/Strings/Resources,MWAgent.Client.WinUI Resources,bAbortRuleOnFailure,Abort Rule Execution when one Rule fails?,Adiscon User Interface .resw source; locale=en-US; revision=edd9fe10d4a120194e4a0a1e60a5d04d661b79ab
MWAgent.Client.WinUI/Strings/Resources,MWAgent.Client.WinUI Resources,bAddFacilityString,Add Facilitystring,Adiscon User Interface .resw source; locale=en-US; revision=edd9fe10d4a120194e4a0a1e60a5d04d661b79ab
MWAgent.Client.WinUI/Strings/Resources,MWAgent.Client.WinUI Resources,bAutoReloadRandomDelay,Enable random wait time delay when checking for new configurations,Adiscon User Interface .resw source; locale=en-US; revision=edd9fe10d4a120194e4a0a1e60a5d04d661b79ab
MWAgent.Client.WinUI/Strings/Resources,MWAgent.Client.WinUI Resources,bIgnoreTlsCertificateErrors,Ignore TLS certificate errors,Adiscon User Interface .resw source; locale=en-US; revision=edd9fe10d4a120194e4a0a1e60a5d04d661b79ab
MWAgent.Client.WinUI/Strings/Resources,MWAgent.Client.WinUI Resources,bIndicateErrorToOrigin,Notify Sender about Rule Action Errors?,Adiscon User Interface .resw source; locale=en-US; revision=edd9fe10d4a120194e4a0a1e60a5d04d661b79ab
MWAgent.Client.WinUI/Strings/Resources,MWAgent.Client.WinUI Resources,bIsRegex_,Enable Regular Expression,Adiscon User Interface .resw source; locale=en-US; revision=edd9fe10d4a120194e4a0a1e60a5d04d661b79ab
MWAgent.Client.WinUI/Strings/Resources,MWAgent.Client.WinUI Resources,bReportInXML,Use XML to Report,Adiscon User Interface .resw source; locale=en-US; revision=edd9fe10d4a120194e4a0a1e60a5d04d661b79ab
MWAgent.Client.WinUI/Strings/Resources,MWAgent.Client.WinUI Resources,bReportTruncatedLog,Report Truncated Log,Adiscon User Interface .resw source; locale=en-US; revision=edd9fe10d4a120194e4a0a1e60a5d04d661b79ab
MWAgent.Client.WinUI/Strings/Resources,MWAgent.Client.WinUI Resources,bShowEvtChannelAdmin,Show operational / administrative Channels,Adiscon User Interface .resw source; locale=en-US; revision=edd9fe10d4a120194e4a0a1e60a5d04d661b79ab
MWAgent.Client.WinUI/Strings/Resources,MWAgent.Client.WinUI Resources,bShowEvtChannelDebug,Show debug / analytic Channels,Adiscon User Interface .resw source; locale=en-US; revision=edd9fe10d4a120194e4a0a1e60a5d04d661b79ab
MWAgent.Client.WinUI/Strings/Resources,MWAgent.Client.WinUI Resources,bShowSyslogMsgNbr,Syslog Message Numbers,Adiscon User Interface .resw source; locale=en-US; revision=edd9fe10d4a120194e4a0a1e60a5d04d661b79ab
MWAgent.Client.WinUI/Strings/Resources,MWAgent.Client.WinUI Resources,bUseCustomEventLog,Enable custom Eventlog Channel,Adiscon User Interface .resw source; locale=en-US; revision=edd9fe10d4a120194e4a0a1e60a5d04d661b79ab
MWAgent.Client.WinUI/Strings/Resources,MWAgent.Client.WinUI Resources,bUseLegacyFormat,Use Legacy Format,Adiscon User Interface .resw source; locale=en-US; revision=edd9fe10d4a120194e4a0a1e60a5d04d661b79ab
MWAgent.Client.WinUI/Strings/Resources,MWAgent.Client.WinUI Resources,bUseTLS,Use TLS/SSL Encryption,Adiscon User Interface .resw source; locale=en-US; revision=edd9fe10d4a120194e4a0a1e60a5d04d661b79ab
MWAgent.Client.WinUI/Strings/Resources,MWAgent.Client.WinUI Resources,btnButtonDBMonReloadLastPos,Reload DB Index number,Adiscon User Interface .resw source; locale=en-US; revision=edd9fe10d4a120194e4a0a1e60a5d04d661b79ab
MWAgent.Client.WinUI/Strings/Resources,MWAgent.Client.WinUI Resources,btnButtonFileMonResetAllLastPos,Reset All Position Counters,Adiscon User Interface .resw source; locale=en-US; revision=edd9fe10d4a120194e4a0a1e60a5d04d661b79ab
MWAgent.Client.WinUI/Strings/Resources,MWAgent.Client.WinUI Resources,btnButtonPassiveSyslogTest,Test Passive Syslogserver,Adiscon User Interface .resw source; locale=en-US; revision=edd9fe10d4a120194e4a0a1e60a5d04d661b79ab
MWAgent.Client.WinUI/Strings/Resources,MWAgent.Client.WinUI Resources,btnButtonResetLastPos,Reset DB Index number,Adiscon User Interface .resw source; locale=en-US; revision=edd9fe10d4a120194e4a0a1e60a5d04d661b79ab
MWAgent.Client.WinUI/Strings/Resources,MWAgent.Client.WinUI Resources,btnButtonSendSyslog,Test Syslog Server,Adiscon User Interface .resw source; locale=en-US; revision=edd9fe10d4a120194e4a0a1e60a5d04d661b79ab
MWAgent.Client.WinUI/Strings/Resources,MWAgent.Client.WinUI Resources,btnCreateDB,Create Database,Adiscon User Interface .resw source; locale=en-US; revision=edd9fe10d4a120194e4a0a1e60a5d04d661b79ab
MWAgent.Client.WinUI/Strings/Resources,MWAgent.Client.WinUI Resources,btnEventLogDeSelectAll,Deleselect All,Adiscon User Interface .resw source; locale=en-US; revision=edd9fe10d4a120194e4a0a1e60a5d04d661b79ab
MWAgent.Client.WinUI/Strings/Resources,MWAgent.Client.WinUI Resources,btnEventLogReloadLastRecords,Reload All LastRecords,Adiscon User Interface .resw source; locale=en-US; revision=edd9fe10d4a120194e4a0a1e60a5d04d661b79ab
MWAgent.Client.WinUI/Strings/Resources,MWAgent.Client.WinUI Resources,btnEventLogRemoveDead,Remove not existing Channels,Adiscon User Interface .resw source; locale=en-US; revision=edd9fe10d4a120194e4a0a1e60a5d04d661b79ab
MWAgent.Client.WinUI/Strings/Resources,MWAgent.Client.WinUI Resources,btnEventLogResetLastRecords,Reset All LastRecords,Adiscon User Interface .resw source; locale=en-US; revision=edd9fe10d4a120194e4a0a1e60a5d04d661b79ab
MWAgent.Client.WinUI/Strings/Resources,MWAgent.Client.WinUI Resources,btnEventLogScan,(Re)Scan for EventLog Channels,Adiscon User Interface .resw source; locale=en-US; revision=edd9fe10d4a120194e4a0a1e60a5d04d661b79ab
MWAgent.Client.WinUI/Strings/Resources,MWAgent.Client.WinUI Resources,btnEventLogSelectAll,Select All,Adiscon User Interface .resw source; locale=en-US; revision=edd9fe10d4a120194e4a0a1e60a5d04d661b79ab
MWAgent.Client.WinUI/Strings/Resources,MWAgent.Client.WinUI Resources,btnPostProcessImport,Import Rules,Adiscon User Interface .resw source; locale=en-US; revision=edd9fe10d4a120194e4a0a1e60a5d04d661b79ab
MWAgent.Client.WinUI/Strings/Resources,MWAgent.Client.WinUI Resources,btnPostProcessSave,Export Rules,Adiscon User Interface .resw source; locale=en-US; revision=edd9fe10d4a120194e4a0a1e60a5d04d661b79ab
MWAgent.Client.WinUI/Strings/Resources,MWAgent.Client.WinUI Resources,btnReloadLastRecordV1,Reload,Adiscon User Interface .resw source; locale=en-US; revision=edd9fe10d4a120194e4a0a1e60a5d04d661b79ab
MWAgent.Client.WinUI/Strings/Resources,MWAgent.Client.WinUI Resources,btnReloadLastRecordV2,Reload,Adiscon User Interface .resw source; locale=en-US; revision=edd9fe10d4a120194e4a0a1e60a5d04d661b79ab
MWAgent.Client.WinUI/Strings/Resources,MWAgent.Client.WinUI Resources,btnResetLastRecordV1,Reset ,Adiscon User Interface .resw source; locale=en-US; revision=edd9fe10d4a120194e4a0a1e60a5d04d661b79ab
MWAgent.Client.WinUI/Strings/Resources,MWAgent.Client.WinUI Resources,btnResetLastRecordV2,Reset,Adiscon User Interface .resw source; locale=en-US; revision=edd9fe10d4a120194e4a0a1e60a5d04d661b79ab
MWAgent.Client.WinUI/Strings/Resources,MWAgent.Client.WinUI Resources,btnRestOutputResetJsonProperties,Reset format,Adiscon User Interface .resw source; locale=en-US; revision=edd9fe10d4a120194e4a0a1e60a5d04d661b79ab
MWAgent.Client.WinUI/Strings/Resources,MWAgent.Client.WinUI Resources,btnRun,Run,Adiscon User Interface .resw source; locale=en-US; revision=edd9fe10d4a120194e4a0a1e60a5d04d661b79ab
MWAgent.Client.WinUI/Strings/Resources,MWAgent.Client.WinUI Resources,btnVerifyEvtV1,Verify Connection,Adiscon User Interface .resw source; locale=en-US; revision=edd9fe10d4a120194e4a0a1e60a5d04d661b79ab
MWAgent.Client.WinUI/Strings/Resources,MWAgent.Client.WinUI Resources,btnVerifyEvtV2,Verify Connection,Adiscon User Interface .resw source; locale=en-US; revision=edd9fe10d4a120194e4a0a1e60a5d04d661b79ab
MWAgent.Client.WinUI/Strings/Resources,MWAgent.Client.WinUI Resources,btnszODBCDsn,Configure DSN,Adiscon User Interface .resw source; locale=en-US; revision=edd9fe10d4a120194e4a0a1e60a5d04d661b79ab
MWAgent.Client.WinUI/Strings/Resources,MWAgent.Client.WinUI Resources,chkeventchannels,Enable,Adiscon User Interface .resw source; locale=en-US; revision=edd9fe10d4a120194e4a0a1e60a5d04d661b79ab
MWAgent.Client.WinUI/Strings/Resources,MWAgent.Client.WinUI Resources,datafields,Datafields,Adiscon User Interface .resw source; locale=en-US; revision=edd9fe10d4a120194e4a0a1e60a5d04d661b79ab
MWAgent.Client.WinUI/Strings/Resources,MWAgent.Client.WinUI Resources,eventchannels,Eventlog Channels,Adiscon User Interface .resw source; locale=en-US; revision=edd9fe10d4a120194e4a0a1e60a5d04d661b79ab
MWAgent.Client.WinUI/Strings/Resources,MWAgent.Client.WinUI Resources,fileitems,Processed File,Adiscon User Interface .resw source; locale=en-US; revision=edd9fe10d4a120194e4a0a1e60a5d04d661b79ab
MWAgent.Client.WinUI/Strings/Resources,MWAgent.Client.WinUI Resources,hostlist,List of hosts,Adiscon User Interface .resw source; locale=en-US; revision=edd9fe10d4a120194e4a0a1e60a5d04d661b79ab
MWAgent.Client.WinUI/Strings/Resources,MWAgent.Client.WinUI Resources,iLastDBID,Last DB Index,Adiscon User Interface .resw source; locale=en-US; revision=edd9fe10d4a120194e4a0a1e60a5d04d661b79ab
MWAgent.Client.WinUI/Strings/Resources,MWAgent.Client.WinUI Resources,interactive_path,Path && Filename for application,Adiscon User Interface .resw source; locale=en-US; revision=edd9fe10d4a120194e4a0a1e60a5d04d661b79ab
MWAgent.Client.WinUI/Strings/Resources,MWAgent.Client.WinUI Resources,lblDecrement,Decrement Value (-),Adiscon User Interface .resw source; locale=en-US; revision=edd9fe10d4a120194e4a0a1e60a5d04d661b79ab
MWAgent.Client.WinUI/Strings/Resources,MWAgent.Client.WinUI Resources,lblIncrement,Increment Value (+),Adiscon User Interface .resw source; locale=en-US; revision=edd9fe10d4a120194e4a0a1e60a5d04d661b79ab
MWAgent.Client.WinUI/Strings/Resources,MWAgent.Client.WinUI Resources,lbl_EventLogSource_Replace,Replace Event Log Source,Adiscon User Interface .resw source; locale=en-US; revision=edd9fe10d4a120194e4a0a1e60a5d04d661b79ab
MWAgent.Client.WinUI/Strings/Resources,MWAgent.Client.WinUI Resources,lbl_EventLogSource_Service,Use logsource from service,Adiscon User Interface .resw source; locale=en-US; revision=edd9fe10d4a120194e4a0a1e60a5d04d661b79ab
MWAgent.Client.WinUI/Strings/Resources,MWAgent.Client.WinUI Resources,lbl_nAction1,Start,Adiscon User Interface .resw source; locale=en-US; revision=edd9fe10d4a120194e4a0a1e60a5d04d661b79ab
MWAgent.Client.WinUI/Strings/Resources,MWAgent.Client.WinUI Resources,lbl_nAction2,Stop,Adiscon User Interface .resw source; locale=en-US; revision=edd9fe10d4a120194e4a0a1e60a5d04d661b79ab
MWAgent.Client.WinUI/Strings/Resources,MWAgent.Client.WinUI Resources,lbl_nAction3,Restart,Adiscon User Interface .resw source; locale=en-US; revision=edd9fe10d4a120194e4a0a1e60a5d04d661b79ab
MWAgent.Client.WinUI/Strings/Resources,MWAgent.Client.WinUI Resources,lbl_nAction4,Pause,Adiscon User Interface .resw source; locale=en-US; revision=edd9fe10d4a120194e4a0a1e60a5d04d661b79ab
MWAgent.Client.WinUI/Strings/Resources,MWAgent.Client.WinUI Resources,lbl_nAction5,Unpause,Adiscon User Interface .resw source; locale=en-US; revision=edd9fe10d4a120194e4a0a1e60a5d04d661b79ab
MWAgent.Client.WinUI/Strings/Resources,MWAgent.Client.WinUI Resources,lbl_nMessageMode_csv,CSV (Comma-separated values),Adiscon User Interface .resw source; locale=en-US; revision=edd9fe10d4a120194e4a0a1e60a5d04d661b79ab
MWAgent.Client.WinUI/Strings/Resources,MWAgent.Client.WinUI Resources,lbl_nMessageMode_custom,Custom,Adiscon User Interface .resw source; locale=en-US; revision=edd9fe10d4a120194e4a0a1e60a5d04d661b79ab
MWAgent.Client.WinUI/Strings/Resources,MWAgent.Client.WinUI Resources,lbl_nMessageMode_none,None,Adiscon User Interface .resw source; locale=en-US; revision=edd9fe10d4a120194e4a0a1e60a5d04d661b79ab
MWAgent.Client.WinUI/Strings/Resources,MWAgent.Client.WinUI Resources,lbl_procmode0,Synchronus Processing (Wait for Completion),Adiscon User Interface .resw source; locale=en-US; revision=edd9fe10d4a120194e4a0a1e60a5d04d661b79ab
MWAgent.Client.WinUI/Strings/Resources,MWAgent.Client.WinUI Resources,lbl_procmode1,Asynchronus Processing,Adiscon User Interface .resw source; locale=en-US; revision=edd9fe10d4a120194e4a0a1e60a5d04d661b79ab
MWAgent.Client.WinUI/Strings/Resources,MWAgent.Client.WinUI Resources,lbl_request_get,GET,Adiscon User Interface .resw source; locale=en-US; revision=edd9fe10d4a120194e4a0a1e60a5d04d661b79ab
MWAgent.Client.WinUI/Strings/Resources,MWAgent.Client.WinUI Resources,lbl_request_head,HEAD,Adiscon User Interface .resw source; locale=en-US; revision=edd9fe10d4a120194e4a0a1e60a5d04d661b79ab
MWAgent.Client.WinUI/Strings/Resources,MWAgent.Client.WinUI Resources,lbl_syslogRFC3195,RFC3195,Adiscon User Interface .resw source; locale=en-US; revision=edd9fe10d4a120194e4a0a1e60a5d04d661b79ab
MWAgent.Client.WinUI/Strings/Resources,MWAgent.Client.WinUI Resources,lbl_syslogRFC3195RAW,RFC3195 Raw,Adiscon User Interface .resw source; locale=en-US; revision=edd9fe10d4a120194e4a0a1e60a5d04d661b79ab
MWAgent.Client.WinUI/Strings/Resources,MWAgent.Client.WinUI Resources,lbl_syslogTCP,TCP,Adiscon User Interface .resw source; locale=en-US; revision=edd9fe10d4a120194e4a0a1e60a5d04d661b79ab
MWAgent.Client.WinUI/Strings/Resources,MWAgent.Client.WinUI Resources,lbl_syslogTCPOctetCount,"TCP (Persistent connection, Octet based framing)",Adiscon User Interface .resw source; locale=en-US; revision=edd9fe10d4a120194e4a0a1e60a5d04d661b79ab
MWAgent.Client.WinUI/Strings/Resources,MWAgent.Client.WinUI Resources,lbl_syslogTCPOneMSG,"TCP (NOT RECOMMENDED, one message per connection)",Adiscon User Interface .resw source; locale=en-US; revision=edd9fe10d4a120194e4a0a1e60a5d04d661b79ab
MWAgent.Client.WinUI/Strings/Resources,MWAgent.Client.WinUI Resources,lbl_syslogTCPPersistant,TCP (Persistent connection),Adiscon User Interface .resw source; locale=en-US; revision=edd9fe10d4a120194e4a0a1e60a5d04d661b79ab
MWAgent.Client.WinUI/Strings/Resources,MWAgent.Client.WinUI Resources,lbl_syslogUDP,UDP,Adiscon User Interface .resw source; locale=en-US; revision=edd9fe10d4a120194e4a0a1e60a5d04d661b79ab
MWAgent.Client.WinUI/Strings/Resources,MWAgent.Client.WinUI Resources,loganalyzer_path,Path && Filename for application,Adiscon User Interface .resw source; locale=en-US; revision=edd9fe10d4a120194e4a0a1e60a5d04d661b79ab
MWAgent.Client.WinUI/Strings/Resources,MWAgent.Client.WinUI Resources,logfilemgr_path,Path && Filename for application,Adiscon User Interface .resw source; locale=en-US; revision=edd9fe10d4a120194e4a0a1e60a5d04d661b79ab
MWAgent.Client.WinUI/Strings/Resources,MWAgent.Client.WinUI Resources,logsearch_path,Path && Filename for application,Adiscon User Interface .resw source; locale=en-US; revision=edd9fe10d4a120194e4a0a1e60a5d04d661b79ab
MWAgent.Client.WinUI/Strings/Resources,MWAgent.Client.WinUI Resources,msgseps,List of message separators,Adiscon User Interface .resw source; locale=en-US; revision=edd9fe10d4a120194e4a0a1e60a5d04d661b79ab
MWAgent.Client.WinUI/Strings/Resources,MWAgent.Client.WinUI Resources,nAction,Action to perform,Adiscon User Interface .resw source; locale=en-US; revision=edd9fe10d4a120194e4a0a1e60a5d04d661b79ab
MWAgent.Client.WinUI/Strings/Resources,MWAgent.Client.WinUI Resources,nAddLogType,Add Logtype,Adiscon User Interface .resw source; locale=en-US; revision=edd9fe10d4a120194e4a0a1e60a5d04d661b79ab
MWAgent.Client.WinUI/Strings/Resources,MWAgent.Client.WinUI Resources,nAddMibDescriptionToMsg,"Append MIB Description after Mibname (Attention, can be a lot of information!)",Adiscon User Interface .resw source; locale=en-US; revision=edd9fe10d4a120194e4a0a1e60a5d04d661b79ab
MWAgent.Client.WinUI/Strings/Resources,MWAgent.Client.WinUI Resources,nAddUserName,Add Username,Adiscon User Interface .resw source; locale=en-US; revision=edd9fe10d4a120194e4a0a1e60a5d04d661b79ab
MWAgent.Client.WinUI/Strings/Resources,MWAgent.Client.WinUI Resources,nApiReadMode,Processing Mode,Adiscon User Interface .resw source; locale=en-US; revision=edd9fe10d4a120194e4a0a1e60a5d04d661b79ab
MWAgent.Client.WinUI/Strings/Resources,MWAgent.Client.WinUI Resources,nApiReadMode_Polling,Eventlog Polling (Sleeptime),Adiscon User Interface .resw source; locale=en-US; revision=edd9fe10d4a120194e4a0a1e60a5d04d661b79ab
MWAgent.Client.WinUI/Strings/Resources,MWAgent.Client.WinUI Resources,nApiReadMode_Subscription,Eventlog Subscription (Realtime),Adiscon User Interface .resw source; locale=en-US; revision=edd9fe10d4a120194e4a0a1e60a5d04d661b79ab
MWAgent.Client.WinUI/Strings/Resources,MWAgent.Client.WinUI Resources,nAsyncMaxProc,Async Max Processes,Adiscon User Interface .resw source; locale=en-US; revision=edd9fe10d4a120194e4a0a1e60a5d04d661b79ab
MWAgent.Client.WinUI/Strings/Resources,MWAgent.Client.WinUI Resources,nAutoReloadDelayTime,Maximum random delay time,Adiscon User Interface .resw source; locale=en-US; revision=edd9fe10d4a120194e4a0a1e60a5d04d661b79ab
MWAgent.Client.WinUI/Strings/Resources,MWAgent.Client.WinUI Resources,nBps,Bits per second,Adiscon User Interface .resw source; locale=en-US; revision=edd9fe10d4a120194e4a0a1e60a5d04d661b79ab
MWAgent.Client.WinUI/Strings/Resources,MWAgent.Client.WinUI Resources,nCPUEnable,Enable CPU Check,Adiscon User Interface .resw source; locale=en-US; revision=edd9fe10d4a120194e4a0a1e60a5d04d661b79ab
MWAgent.Client.WinUI/Strings/Resources,MWAgent.Client.WinUI Resources,nCPUOccurences,Occurrences until CPU alarm is raised,Adiscon User Interface .resw source; locale=en-US; revision=edd9fe10d4a120194e4a0a1e60a5d04d661b79ab
MWAgent.Client.WinUI/Strings/Resources,MWAgent.Client.WinUI Resources,nCPUReportIfBelowAlarm,Also report if CPULevel is below the alarm level,Adiscon User Interface .resw source; locale=en-US; revision=edd9fe10d4a120194e4a0a1e60a5d04d661b79ab
MWAgent.Client.WinUI/Strings/Resources,MWAgent.Client.WinUI Resources,nCPUSingle,For Multiprocessor Systems only: Report for each CPU,Adiscon User Interface .resw source; locale=en-US; revision=edd9fe10d4a120194e4a0a1e60a5d04d661b79ab
MWAgent.Client.WinUI/Strings/Resources,MWAgent.Client.WinUI Resources,nCPUUsageAlarmLevel,CPU usage alarm level,Adiscon User Interface .resw source; locale=en-US; revision=edd9fe10d4a120194e4a0a1e60a5d04d661b79ab
MWAgent.Client.WinUI/Strings/Resources,MWAgent.Client.WinUI Resources,nCacheEventCategory,Cache Event Category ( Task field ) ,Adiscon User Interface .resw source; locale=en-US; revision=edd9fe10d4a120194e4a0a1e60a5d04d661b79ab
MWAgent.Client.WinUI/Strings/Resources,MWAgent.Client.WinUI Resources,nCacheEventKeyword,Cache Event Keyword,Adiscon User Interface .resw source; locale=en-US; revision=edd9fe10d4a120194e4a0a1e60a5d04d661b79ab
MWAgent.Client.WinUI/Strings/Resources,MWAgent.Client.WinUI Resources,nCacheEventLevel,"Cache Event Levels ( Like Warning, Information, Error)",Adiscon User Interface .resw source; locale=en-US; revision=edd9fe10d4a120194e4a0a1e60a5d04d661b79ab
MWAgent.Client.WinUI/Strings/Resources,MWAgent.Client.WinUI Resources,nCacheEventPublisher,Cache Event Publisher handles ( Event Source ) ,Adiscon User Interface .resw source; locale=en-US; revision=edd9fe10d4a120194e4a0a1e60a5d04d661b79ab
MWAgent.Client.WinUI/Strings/Resources,MWAgent.Client.WinUI Resources,nCacheNameEntry,Cache resolved host entry,Adiscon User Interface .resw source; locale=en-US; revision=edd9fe10d4a120194e4a0a1e60a5d04d661b79ab
MWAgent.Client.WinUI/Strings/Resources,MWAgent.Client.WinUI Resources,nChangeVal,Operation value,Adiscon User Interface .resw source; locale=en-US; revision=edd9fe10d4a120194e4a0a1e60a5d04d661b79ab
MWAgent.Client.WinUI/Strings/Resources,MWAgent.Client.WinUI Resources,nCheckAutoBackupLogFiles,Check for Backup Logfiles made by Windows (See KB312571),Adiscon User Interface .resw source; locale=en-US; revision=edd9fe10d4a120194e4a0a1e60a5d04d661b79ab
MWAgent.Client.WinUI/Strings/Resources,MWAgent.Client.WinUI Resources,nCheckPort,SNMP Port,Adiscon User Interface .resw source; locale=en-US; revision=edd9fe10d4a120194e4a0a1e60a5d04d661b79ab
MWAgent.Client.WinUI/Strings/Resources,MWAgent.Client.WinUI Resources,nCircularLogging,Use Circular Logging,Adiscon User Interface .resw source; locale=en-US; revision=edd9fe10d4a120194e4a0a1e60a5d04d661b79ab
MWAgent.Client.WinUI/Strings/Resources,MWAgent.Client.WinUI Resources,nCleanFileHandlesTimeout,Timeout until unused file handles are closed,Adiscon User Interface .resw source; locale=en-US; revision=edd9fe10d4a120194e4a0a1e60a5d04d661b79ab
MWAgent.Client.WinUI/Strings/Resources,MWAgent.Client.WinUI Resources,nClearEventLog,Clear Eventlog handling,Adiscon User Interface .resw source; locale=en-US; revision=edd9fe10d4a120194e4a0a1e60a5d04d661b79ab
MWAgent.Client.WinUI/Strings/Resources,MWAgent.Client.WinUI Resources,nCompLevel,Compression Level,Adiscon User Interface .resw source; locale=en-US; revision=edd9fe10d4a120194e4a0a1e60a5d04d661b79ab
MWAgent.Client.WinUI/Strings/Resources,MWAgent.Client.WinUI Resources,nCompressControlChars,Compress Spaces and Remove Control Characters,Adiscon User Interface .resw source; locale=en-US; revision=edd9fe10d4a120194e4a0a1e60a5d04d661b79ab
MWAgent.Client.WinUI/Strings/Resources,MWAgent.Client.WinUI Resources,nCompressOutputFormat,Compress Outputformat (Remove spaces/quotations),Adiscon User Interface .resw source; locale=en-US; revision=edd9fe10d4a120194e4a0a1e60a5d04d661b79ab
MWAgent.Client.WinUI/Strings/Resources,MWAgent.Client.WinUI Resources,nCompressSpaces,Compress spaces,Adiscon User Interface .resw source; locale=en-US; revision=edd9fe10d4a120194e4a0a1e60a5d04d661b79ab
MWAgent.Client.WinUI/Strings/Resources,MWAgent.Client.WinUI Resources,nCompressionLevel,Compression Level,Adiscon User Interface .resw source; locale=en-US; revision=edd9fe10d4a120194e4a0a1e60a5d04d661b79ab
MWAgent.Client.WinUI/Strings/Resources,MWAgent.Client.WinUI Resources,nConnectTimeOut,Connection Timeout,Adiscon User Interface .resw source; locale=en-US; revision=edd9fe10d4a120194e4a0a1e60a5d04d661b79ab
MWAgent.Client.WinUI/Strings/Resources,MWAgent.Client.WinUI Resources,nConvertToEventLogMonitorV1,Convert to EventLog Monitor V1 compatible Events,Adiscon User Interface .resw source; locale=en-US; revision=edd9fe10d4a120194e4a0a1e60a5d04d661b79ab
MWAgent.Client.WinUI/Strings/Resources,MWAgent.Client.WinUI Resources,nCopyFormatIntoProperty,Select MessageFormat,Adiscon User Interface .resw source; locale=en-US; revision=edd9fe10d4a120194e4a0a1e60a5d04d661b79ab
MWAgent.Client.WinUI/Strings/Resources,MWAgent.Client.WinUI Resources,nCount,Playcount (How often the file is played),Adiscon User Interface .resw source; locale=en-US; revision=edd9fe10d4a120194e4a0a1e60a5d04d661b79ab
MWAgent.Client.WinUI/Strings/Resources,MWAgent.Client.WinUI Resources,nCustomerID,CustomerID,Adiscon User Interface .resw source; locale=en-US; revision=edd9fe10d4a120194e4a0a1e60a5d04d661b79ab
MWAgent.Client.WinUI/Strings/Resources,MWAgent.Client.WinUI Resources,nCustomizeSearchPath,Customize Search path for Event Log backup log files,Adiscon User Interface .resw source; locale=en-US; revision=edd9fe10d4a120194e4a0a1e60a5d04d661b79ab
MWAgent.Client.WinUI/Strings/Resources,MWAgent.Client.WinUI Resources,nDBPassEncryption,Enable Encryption,Adiscon User Interface .resw source; locale=en-US; revision=edd9fe10d4a120194e4a0a1e60a5d04d661b79ab
MWAgent.Client.WinUI/Strings/Resources,MWAgent.Client.WinUI Resources,nDNSCacheLimit,How many DNS records can be cached?,Adiscon User Interface .resw source; locale=en-US; revision=edd9fe10d4a120194e4a0a1e60a5d04d661b79ab
MWAgent.Client.WinUI/Strings/Resources,MWAgent.Client.WinUI Resources,nDNSCacheTime,How long should dns names be cached?,Adiscon User Interface .resw source; locale=en-US; revision=edd9fe10d4a120194e4a0a1e60a5d04d661b79ab
MWAgent.Client.WinUI/Strings/Resources,MWAgent.Client.WinUI Resources,nDNSInetProtocol,Internet Protocoltype,Adiscon User Interface .resw source; locale=en-US; revision=edd9fe10d4a120194e4a0a1e60a5d04d661b79ab
MWAgent.Client.WinUI/Strings/Resources,MWAgent.Client.WinUI Resources,nDTLSSendPort,DTLS Port,Adiscon User Interface .resw source; locale=en-US; revision=edd9fe10d4a120194e4a0a1e60a5d04d661b79ab
MWAgent.Client.WinUI/Strings/Resources,MWAgent.Client.WinUI Resources,nDatabits,Data bits,Adiscon User Interface .resw source; locale=en-US; revision=edd9fe10d4a120194e4a0a1e60a5d04d661b79ab
MWAgent.Client.WinUI/Strings/Resources,MWAgent.Client.WinUI Resources,nDebugErrors,Errors & Warnings,Adiscon User Interface .resw source; locale=en-US; revision=edd9fe10d4a120194e4a0a1e60a5d04d661b79ab
MWAgent.Client.WinUI/Strings/Resources,MWAgent.Client.WinUI Resources,nDebugInternal,Information Output,Adiscon User Interface .resw source; locale=en-US; revision=edd9fe10d4a120194e4a0a1e60a5d04d661b79ab
MWAgent.Client.WinUI/Strings/Resources,MWAgent.Client.WinUI Resources,nDebugMini,Minimal Output,Adiscon User Interface .resw source; locale=en-US; revision=edd9fe10d4a120194e4a0a1e60a5d04d661b79ab
MWAgent.Client.WinUI/Strings/Resources,MWAgent.Client.WinUI Resources,nDebugRuleEngine,Rule & Filter Engine Output,Adiscon User Interface .resw source; locale=en-US; revision=edd9fe10d4a120194e4a0a1e60a5d04d661b79ab
MWAgent.Client.WinUI/Strings/Resources,MWAgent.Client.WinUI Resources,nDebugUltra,Ultra Verbose Output,Adiscon User Interface .resw source; locale=en-US; revision=edd9fe10d4a120194e4a0a1e60a5d04d661b79ab
MWAgent.Client.WinUI/Strings/Resources,MWAgent.Client.WinUI Resources,nDefaultBuffer,Default Buffersize,Adiscon User Interface .resw source; locale=en-US; revision=edd9fe10d4a120194e4a0a1e60a5d04d661b79ab
MWAgent.Client.WinUI/Strings/Resources,MWAgent.Client.WinUI Resources,nDelay,Delay between the sound plays (ms),Adiscon User Interface .resw source; locale=en-US; revision=edd9fe10d4a120194e4a0a1e60a5d04d661b79ab
MWAgent.Client.WinUI/Strings/Resources,MWAgent.Client.WinUI Resources,nDelayOnStartup,Delay on Startup in Milliseconds (1000 ms --> 1 second),Adiscon User Interface .resw source; locale=en-US; revision=edd9fe10d4a120194e4a0a1e60a5d04d661b79ab
MWAgent.Client.WinUI/Strings/Resources,MWAgent.Client.WinUI Resources,nDiskCacheWait,Waittime between connection tries,Adiscon User Interface .resw source; locale=en-US; revision=edd9fe10d4a120194e4a0a1e60a5d04d661b79ab
MWAgent.Client.WinUI/Strings/Resources,MWAgent.Client.WinUI Resources,nDiskQueueMaxFileSize,Split files if this size is reached,Adiscon User Interface .resw source; locale=en-US; revision=edd9fe10d4a120194e4a0a1e60a5d04d661b79ab
MWAgent.Client.WinUI/Strings/Resources,MWAgent.Client.WinUI Resources,nDoNotProcessLastRecord,Do NOT process existing entries when Eventlog corruption occurs,Adiscon User Interface .resw source; locale=en-US; revision=edd9fe10d4a120194e4a0a1e60a5d04d661b79ab
MWAgent.Client.WinUI/Strings/Resources,MWAgent.Client.WinUI Resources,nDoNotProcessLastRecordOnStartup,Do NOT process existing entries on Service Startup,Adiscon User Interface .resw source; locale=en-US; revision=edd9fe10d4a120194e4a0a1e60a5d04d661b79ab
MWAgent.Client.WinUI/Strings/Resources,MWAgent.Client.WinUI Resources,nDtsControl,DTR Control Flow,Adiscon User Interface .resw source; locale=en-US; revision=edd9fe10d4a120194e4a0a1e60a5d04d661b79ab
MWAgent.Client.WinUI/Strings/Resources,MWAgent.Client.WinUI Resources,nEmptyStringsAsNull,Insert NULLValue if string is empty,Adiscon User Interface .resw source; locale=en-US; revision=edd9fe10d4a120194e4a0a1e60a5d04d661b79ab
MWAgent.Client.WinUI/Strings/Resources,MWAgent.Client.WinUI Resources,nEmulateParameters,Emulate %Param% properties from old EventLog Monitor,Adiscon User Interface .resw source; locale=en-US; revision=edd9fe10d4a120194e4a0a1e60a5d04d661b79ab
MWAgent.Client.WinUI/Strings/Resources,MWAgent.Client.WinUI Resources,nEnableAutoConfigReload,Automatically reload service on configuration changes,Adiscon User Interface .resw source; locale=en-US; revision=edd9fe10d4a120194e4a0a1e60a5d04d661b79ab
MWAgent.Client.WinUI/Strings/Resources,MWAgent.Client.WinUI Resources,nEnableBackupServer,"Enable Backup Server, used if first Mailserver fails",Adiscon User Interface .resw source; locale=en-US; revision=edd9fe10d4a120194e4a0a1e60a5d04d661b79ab
MWAgent.Client.WinUI/Strings/Resources,MWAgent.Client.WinUI Resources,nEnableCommunicate,Enable communication,Adiscon User Interface .resw source; locale=en-US; revision=edd9fe10d4a120194e4a0a1e60a5d04d661b79ab
MWAgent.Client.WinUI/Strings/Resources,MWAgent.Client.WinUI Resources,nEnableDNSCache,Enable internal DNS Cache,Adiscon User Interface .resw source; locale=en-US; revision=edd9fe10d4a120194e4a0a1e60a5d04d661b79ab
MWAgent.Client.WinUI/Strings/Resources,MWAgent.Client.WinUI Resources,nEnableDateReplacements,Enable date replacement characters (See manual for more),Adiscon User Interface .resw source; locale=en-US; revision=edd9fe10d4a120194e4a0a1e60a5d04d661b79ab
MWAgent.Client.WinUI/Strings/Resources,MWAgent.Client.WinUI Resources,nEnableDateReplacementsOffset,Offset in seconds,Adiscon User Interface .resw source; locale=en-US; revision=edd9fe10d4a120194e4a0a1e60a5d04d661b79ab
MWAgent.Client.WinUI/Strings/Resources,MWAgent.Client.WinUI Resources,nEnableDebugOutput,Enable Debug output into file,Adiscon User Interface .resw source; locale=en-US; revision=edd9fe10d4a120194e4a0a1e60a5d04d661b79ab
MWAgent.Client.WinUI/Strings/Resources,MWAgent.Client.WinUI Resources,nEnableEventlogWarnings,Log Warnings into the Windows Application Eventlog,Adiscon User Interface .resw source; locale=en-US; revision=edd9fe10d4a120194e4a0a1e60a5d04d661b79ab
MWAgent.Client.WinUI/Strings/Resources,MWAgent.Client.WinUI Resources,nEnableLastRecordDelay,Delay writing LastRecord ,Adiscon User Interface .resw source; locale=en-US; revision=edd9fe10d4a120194e4a0a1e60a5d04d661b79ab
MWAgent.Client.WinUI/Strings/Resources,MWAgent.Client.WinUI Resources,nEnableMultiCastGroup,Enable receiving from a UDP Multicast Group,Adiscon User Interface .resw source; locale=en-US; revision=edd9fe10d4a120194e4a0a1e60a5d04d661b79ab
MWAgent.Client.WinUI/Strings/Resources,MWAgent.Client.WinUI Resources,nEnableMultiTCPMsgSep,Enable multiple message separators,Adiscon User Interface .resw source; locale=en-US; revision=edd9fe10d4a120194e4a0a1e60a5d04d661b79ab
MWAgent.Client.WinUI/Strings/Resources,MWAgent.Client.WinUI Resources,nEnablePermittedSenders,Enabled Permitted Senders List. ,Adiscon User Interface .resw source; locale=en-US; revision=edd9fe10d4a120194e4a0a1e60a5d04d661b79ab
MWAgent.Client.WinUI/Strings/Resources,MWAgent.Client.WinUI Resources,nEnablePropertyFileName,Enable Property replacements in Filename,Adiscon User Interface .resw source; locale=en-US; revision=edd9fe10d4a120194e4a0a1e60a5d04d661b79ab
MWAgent.Client.WinUI/Strings/Resources,MWAgent.Client.WinUI Resources,nEnableRetry,Enable retry of Actions on failure,Adiscon User Interface .resw source; locale=en-US; revision=edd9fe10d4a120194e4a0a1e60a5d04d661b79ab
MWAgent.Client.WinUI/Strings/Resources,MWAgent.Client.WinUI Resources,nEnableRingBuffer,Enable Queue Manager Diskcache,Adiscon User Interface .resw source; locale=en-US; revision=edd9fe10d4a120194e4a0a1e60a5d04d661b79ab
MWAgent.Client.WinUI/Strings/Resources,MWAgent.Client.WinUI Resources,nEnableTCPMsgSep,Messages are separated by the following sequence,Adiscon User Interface .resw source; locale=en-US; revision=edd9fe10d4a120194e4a0a1e60a5d04d661b79ab
MWAgent.Client.WinUI/Strings/Resources,MWAgent.Client.WinUI Resources,nEnableUnknownChannels,Process unknown/unconfigured Eventlog Channels,Adiscon User Interface .resw source; locale=en-US; revision=edd9fe10d4a120194e4a0a1e60a5d04d661b79ab
MWAgent.Client.WinUI/Strings/Resources,MWAgent.Client.WinUI Resources,nEnableUpdateFileTime,Explicitly update create and modified file timestamp,Adiscon User Interface .resw source; locale=en-US; revision=edd9fe10d4a120194e4a0a1e60a5d04d661b79ab
MWAgent.Client.WinUI/Strings/Resources,MWAgent.Client.WinUI Resources,nEnabled,Channel Enabled,Adiscon User Interface .resw source; locale=en-US; revision=edd9fe10d4a120194e4a0a1e60a5d04d661b79ab
MWAgent.Client.WinUI/Strings/Resources,MWAgent.Client.WinUI Resources,nEnabledRemote,Enable remote EventLog monitoring,Adiscon User Interface .resw source; locale=en-US; revision=edd9fe10d4a120194e4a0a1e60a5d04d661b79ab
MWAgent.Client.WinUI/Strings/Resources,MWAgent.Client.WinUI Resources,nEscapeControlCharacters,Escape control characters,Adiscon User Interface .resw source; locale=en-US; revision=edd9fe10d4a120194e4a0a1e60a5d04d661b79ab
MWAgent.Client.WinUI/Strings/Resources,MWAgent.Client.WinUI Resources,nEventID,Event ID,Adiscon User Interface .resw source; locale=en-US; revision=edd9fe10d4a120194e4a0a1e60a5d04d661b79ab
MWAgent.Client.WinUI/Strings/Resources,MWAgent.Client.WinUI Resources,nEventLogCor,How to handle Eventlog corruption?,Adiscon User Interface .resw source; locale=en-US; revision=edd9fe10d4a120194e4a0a1e60a5d04d661b79ab
MWAgent.Client.WinUI/Strings/Resources,MWAgent.Client.WinUI Resources,nEventScanLastEventByChecksum,Always search for the last processed Event using the Checksum,Adiscon User Interface .resw source; locale=en-US; revision=edd9fe10d4a120194e4a0a1e60a5d04d661b79ab
MWAgent.Client.WinUI/Strings/Resources,MWAgent.Client.WinUI Resources,nEventType,Use Custom Eventlog Type,Adiscon User Interface .resw source; locale=en-US; revision=edd9fe10d4a120194e4a0a1e60a5d04d661b79ab
MWAgent.Client.WinUI/Strings/Resources,MWAgent.Client.WinUI Resources,nEventUseChecksum,Use Checksum to verify the last processed event,Adiscon User Interface .resw source; locale=en-US; revision=edd9fe10d4a120194e4a0a1e60a5d04d661b79ab
MWAgent.Client.WinUI/Strings/Resources,MWAgent.Client.WinUI Resources,nEvtClearIfEmpty,Clear the log even if it is empty,Adiscon User Interface .resw source; locale=en-US; revision=edd9fe10d4a120194e4a0a1e60a5d04d661b79ab
MWAgent.Client.WinUI/Strings/Resources,MWAgent.Client.WinUI Resources,nEvtClrPollingCycles,Clear after Nbr Runs,Adiscon User Interface .resw source; locale=en-US; revision=edd9fe10d4a120194e4a0a1e60a5d04d661b79ab
MWAgent.Client.WinUI/Strings/Resources,MWAgent.Client.WinUI Resources,nEvtClrSaveToFile,Create a Backup of the EventLog,Adiscon User Interface .resw source; locale=en-US; revision=edd9fe10d4a120194e4a0a1e60a5d04d661b79ab
MWAgent.Client.WinUI/Strings/Resources,MWAgent.Client.WinUI Resources,nEvtClrTime,Select Clearing at,Adiscon User Interface .resw source; locale=en-US; revision=edd9fe10d4a120194e4a0a1e60a5d04d661b79ab
MWAgent.Client.WinUI/Strings/Resources,MWAgent.Client.WinUI Resources,nEvtLogSuccessfullClear,Log if Clearing was successful,Adiscon User Interface .resw source; locale=en-US; revision=edd9fe10d4a120194e4a0a1e60a5d04d661b79ab
MWAgent.Client.WinUI/Strings/Resources,MWAgent.Client.WinUI Resources,nFTPPort,FTP Port,Adiscon User Interface .resw source; locale=en-US; revision=edd9fe10d4a120194e4a0a1e60a5d04d661b79ab
MWAgent.Client.WinUI/Strings/Resources,MWAgent.Client.WinUI Resources,nFacility,Syslog Facility,Adiscon User Interface .resw source; locale=en-US; revision=edd9fe10d4a120194e4a0a1e60a5d04d661b79ab
MWAgent.Client.WinUI/Strings/Resources,MWAgent.Client.WinUI Resources,nFieldType_,Fieldtype,Adiscon User Interface .resw source; locale=en-US; revision=edd9fe10d4a120194e4a0a1e60a5d04d661b79ab
MWAgent.Client.WinUI/Strings/Resources,MWAgent.Client.WinUI Resources,nFileDateTime,Include Date and Time,Adiscon User Interface .resw source; locale=en-US; revision=edd9fe10d4a120194e4a0a1e60a5d04d661b79ab
MWAgent.Client.WinUI/Strings/Resources,MWAgent.Client.WinUI Resources,nFileDateTimeReported,Include Date and Time reported by Device,Adiscon User Interface .resw source; locale=en-US; revision=edd9fe10d4a120194e4a0a1e60a5d04d661b79ab
MWAgent.Client.WinUI/Strings/Resources,MWAgent.Client.WinUI Resources,nFileFacility,Include Syslog Facility,Adiscon User Interface .resw source; locale=en-US; revision=edd9fe10d4a120194e4a0a1e60a5d04d661b79ab
MWAgent.Client.WinUI/Strings/Resources,MWAgent.Client.WinUI Resources,nFileFormat,File format,Adiscon User Interface .resw source; locale=en-US; revision=edd9fe10d4a120194e4a0a1e60a5d04d661b79ab
MWAgent.Client.WinUI/Strings/Resources,MWAgent.Client.WinUI Resources,nFilePriority,Include Syslog Priority,Adiscon User Interface .resw source; locale=en-US; revision=edd9fe10d4a120194e4a0a1e60a5d04d661b79ab
MWAgent.Client.WinUI/Strings/Resources,MWAgent.Client.WinUI Resources,nFileSource,Include Source,Adiscon User Interface .resw source; locale=en-US; revision=edd9fe10d4a120194e4a0a1e60a5d04d661b79ab
MWAgent.Client.WinUI/Strings/Resources,MWAgent.Client.WinUI Resources,nForceConnectionClose,Close connection after each Check Interval,Adiscon User Interface .resw source; locale=en-US; revision=edd9fe10d4a120194e4a0a1e60a5d04d661b79ab
MWAgent.Client.WinUI/Strings/Resources,MWAgent.Client.WinUI Resources,nForceUTF8Decoding,Force UTF8 Decoding if encoding could not be detected automatically.,Adiscon User Interface .resw source; locale=en-US; revision=edd9fe10d4a120194e4a0a1e60a5d04d661b79ab
MWAgent.Client.WinUI/Strings/Resources,MWAgent.Client.WinUI Resources,nFormatType,Select MessageFormat,Adiscon User Interface .resw source; locale=en-US; revision=edd9fe10d4a120194e4a0a1e60a5d04d661b79ab
MWAgent.Client.WinUI/Strings/Resources,MWAgent.Client.WinUI Resources,nFormatType_DISABLED,Disabled,Adiscon User Interface .resw source; locale=en-US; revision=edd9fe10d4a120194e4a0a1e60a5d04d661b79ab
MWAgent.Client.WinUI/Strings/Resources,MWAgent.Client.WinUI Resources,nFormatType_Json,JSON Format,Adiscon User Interface .resw source; locale=en-US; revision=edd9fe10d4a120194e4a0a1e60a5d04d661b79ab
MWAgent.Client.WinUI/Strings/Resources,MWAgent.Client.WinUI Resources,nFormatType_JsonSiem,LogPoint SIEM JSON Format,Adiscon User Interface .resw source; locale=en-US; revision=edd9fe10d4a120194e4a0a1e60a5d04d661b79ab
MWAgent.Client.WinUI/Strings/Resources,MWAgent.Client.WinUI Resources,nFormatType_Predefined,Predefined Event Format,Adiscon User Interface .resw source; locale=en-US; revision=edd9fe10d4a120194e4a0a1e60a5d04d661b79ab
MWAgent.Client.WinUI/Strings/Resources,MWAgent.Client.WinUI Resources,nFormatType_XML,Raw XML Format,Adiscon User Interface .resw source; locale=en-US; revision=edd9fe10d4a120194e4a0a1e60a5d04d661b79ab
MWAgent.Client.WinUI/Strings/Resources,MWAgent.Client.WinUI Resources,nForwardIUT,Forward as MWAgent XML representation code,Adiscon User Interface .resw source; locale=en-US; revision=edd9fe10d4a120194e4a0a1e60a5d04d661b79ab
MWAgent.Client.WinUI/Strings/Resources,MWAgent.Client.WinUI Resources,nGenerateOnSuccess,Generate an event if FTP Probe was successful,Adiscon User Interface .resw source; locale=en-US; revision=edd9fe10d4a120194e4a0a1e60a5d04d661b79ab
MWAgent.Client.WinUI/Strings/Resources,MWAgent.Client.WinUI Resources,nGenericName,Generic Name,Adiscon User Interface .resw source; locale=en-US; revision=edd9fe10d4a120194e4a0a1e60a5d04d661b79ab
MWAgent.Client.WinUI/Strings/Resources,MWAgent.Client.WinUI Resources,nHTTPPort,HTTP Port,Adiscon User Interface .resw source; locale=en-US; revision=edd9fe10d4a120194e4a0a1e60a5d04d661b79ab
MWAgent.Client.WinUI/Strings/Resources,MWAgent.Client.WinUI Resources,nIMAPPort,IMAP Port,Adiscon User Interface .resw source; locale=en-US; revision=edd9fe10d4a120194e4a0a1e60a5d04d661b79ab
MWAgent.Client.WinUI/Strings/Resources,MWAgent.Client.WinUI Resources,nIgnoreEmptyLines,Ignore empty lines,Adiscon User Interface .resw source; locale=en-US; revision=edd9fe10d4a120194e4a0a1e60a5d04d661b79ab
MWAgent.Client.WinUI/Strings/Resources,MWAgent.Client.WinUI Resources,nIncludeEventParameters,Include optional Event Parameters as properties?,Adiscon User Interface .resw source; locale=en-US; revision=edd9fe10d4a120194e4a0a1e60a5d04d661b79ab
MWAgent.Client.WinUI/Strings/Resources,MWAgent.Client.WinUI Resources,nIncludeMessage,Include Message,Adiscon User Interface .resw source; locale=en-US; revision=edd9fe10d4a120194e4a0a1e60a5d04d661b79ab
MWAgent.Client.WinUI/Strings/Resources,MWAgent.Client.WinUI Resources,nIncludeRAWMessage,Include RAW Message,Adiscon User Interface .resw source; locale=en-US; revision=edd9fe10d4a120194e4a0a1e60a5d04d661b79ab
MWAgent.Client.WinUI/Strings/Resources,MWAgent.Client.WinUI Resources,nIncludeSourceInFilename,Include Source in Filename,Adiscon User Interface .resw source; locale=en-US; revision=edd9fe10d4a120194e4a0a1e60a5d04d661b79ab
MWAgent.Client.WinUI/Strings/Resources,MWAgent.Client.WinUI Resources,nInstanceID,Instance subidentifier,Adiscon User Interface .resw source; locale=en-US; revision=edd9fe10d4a120194e4a0a1e60a5d04d661b79ab
MWAgent.Client.WinUI/Strings/Resources,MWAgent.Client.WinUI Resources,nJSONIncludeMessageProperty,Include Message property in CEE Format,Adiscon User Interface .resw source; locale=en-US; revision=edd9fe10d4a120194e4a0a1e60a5d04d661b79ab
MWAgent.Client.WinUI/Strings/Resources,MWAgent.Client.WinUI Resources,nJapanStringHandling,Special Unicoder Conversion for Japanese Systems,Adiscon User Interface .resw source; locale=en-US; revision=edd9fe10d4a120194e4a0a1e60a5d04d661b79ab
MWAgent.Client.WinUI/Strings/Resources,MWAgent.Client.WinUI Resources,nKeepReadingUntilNew,Keep reading the current opened file until a new is created,Adiscon User Interface .resw source; locale=en-US; revision=edd9fe10d4a120194e4a0a1e60a5d04d661b79ab
MWAgent.Client.WinUI/Strings/Resources,MWAgent.Client.WinUI Resources,nLanguageLCID,Preferred language,Adiscon User Interface .resw source; locale=en-US; revision=edd9fe10d4a120194e4a0a1e60a5d04d661b79ab
MWAgent.Client.WinUI/Strings/Resources,MWAgent.Client.WinUI Resources,nLastPos,Last File Position,Adiscon User Interface .resw source; locale=en-US; revision=edd9fe10d4a120194e4a0a1e60a5d04d661b79ab
MWAgent.Client.WinUI/Strings/Resources,MWAgent.Client.WinUI Resources,nLastRecord,Last Record,Adiscon User Interface .resw source; locale=en-US; revision=edd9fe10d4a120194e4a0a1e60a5d04d661b79ab
MWAgent.Client.WinUI/Strings/Resources,MWAgent.Client.WinUI Resources,nLastRecordDelayCount,Save after amount of entries,Adiscon User Interface .resw source; locale=en-US; revision=edd9fe10d4a120194e4a0a1e60a5d04d661b79ab
MWAgent.Client.WinUI/Strings/Resources,MWAgent.Client.WinUI Resources,nLastRecordDelayTime,Save after wait time,Adiscon User Interface .resw source; locale=en-US; revision=edd9fe10d4a120194e4a0a1e60a5d04d661b79ab
MWAgent.Client.WinUI/Strings/Resources,MWAgent.Client.WinUI Resources,nLastWriteTime,Last WriteTime,Adiscon User Interface .resw source; locale=en-US; revision=edd9fe10d4a120194e4a0a1e60a5d04d661b79ab
MWAgent.Client.WinUI/Strings/Resources,MWAgent.Client.WinUI Resources,nLibCacheTimeOut,How long should libraries be cached?,Adiscon User Interface .resw source; locale=en-US; revision=edd9fe10d4a120194e4a0a1e60a5d04d661b79ab
MWAgent.Client.WinUI/Strings/Resources,MWAgent.Client.WinUI Resources,nListenPort,Listener Port,Adiscon User Interface .resw source; locale=en-US; revision=edd9fe10d4a120194e4a0a1e60a5d04d661b79ab
MWAgent.Client.WinUI/Strings/Resources,MWAgent.Client.WinUI Resources,nLogDoNotRotateOnShutdown,Do not rotate files on shutdown ,Adiscon User Interface .resw source; locale=en-US; revision=edd9fe10d4a120194e4a0a1e60a5d04d661b79ab
MWAgent.Client.WinUI/Strings/Resources,MWAgent.Client.WinUI Resources,nLogEnableRotate,Enable Log Rotation,Adiscon User Interface .resw source; locale=en-US; revision=edd9fe10d4a120194e4a0a1e60a5d04d661b79ab
MWAgent.Client.WinUI/Strings/Resources,MWAgent.Client.WinUI Resources,nLogEnableRotateTimeOfTheDay,Enable rotation by time of the day,Adiscon User Interface .resw source; locale=en-US; revision=edd9fe10d4a120194e4a0a1e60a5d04d661b79ab
MWAgent.Client.WinUI/Strings/Resources,MWAgent.Client.WinUI Resources,nLogEnableRotateTimeout,Enable time based rotation,Adiscon User Interface .resw source; locale=en-US; revision=edd9fe10d4a120194e4a0a1e60a5d04d661b79ab
MWAgent.Client.WinUI/Strings/Resources,MWAgent.Client.WinUI Resources,nLogFileType,Logfile Type,Adiscon User Interface .resw source; locale=en-US; revision=edd9fe10d4a120194e4a0a1e60a5d04d661b79ab
MWAgent.Client.WinUI/Strings/Resources,MWAgent.Client.WinUI Resources,nLogMoveAfterRotate,Move file after log rotation,Adiscon User Interface .resw source; locale=en-US; revision=edd9fe10d4a120194e4a0a1e60a5d04d661b79ab
MWAgent.Client.WinUI/Strings/Resources,MWAgent.Client.WinUI Resources,nLogRotateMaxFiles,Maximum number of rotated logfiles to keep,Adiscon User Interface .resw source; locale=en-US; revision=edd9fe10d4a120194e4a0a1e60a5d04d661b79ab
MWAgent.Client.WinUI/Strings/Resources,MWAgent.Client.WinUI Resources,nLogRotateMaxWait,Max wait time for log rotation,Adiscon User Interface .resw source; locale=en-US; revision=edd9fe10d4a120194e4a0a1e60a5d04d661b79ab
MWAgent.Client.WinUI/Strings/Resources,MWAgent.Client.WinUI Resources,nLogRotateOnClose,Rotate each time a file is closed,Adiscon User Interface .resw source; locale=en-US; revision=edd9fe10d4a120194e4a0a1e60a5d04d661b79ab
MWAgent.Client.WinUI/Strings/Resources,MWAgent.Client.WinUI Resources,nLogRotateOnSizeLimit,Rotate if this file size limit is being reached: ,Adiscon User Interface .resw source; locale=en-US; revision=edd9fe10d4a120194e4a0a1e60a5d04d661b79ab
MWAgent.Client.WinUI/Strings/Resources,MWAgent.Client.WinUI Resources,nLogRotateSizeLimit,File size limit (KB),Adiscon User Interface .resw source; locale=en-US; revision=edd9fe10d4a120194e4a0a1e60a5d04d661b79ab
MWAgent.Client.WinUI/Strings/Resources,MWAgent.Client.WinUI Resources,nLogRotateTimeOfTheDay,Rotate files at this time (hour:minute),Adiscon User Interface .resw source; locale=en-US; revision=edd9fe10d4a120194e4a0a1e60a5d04d661b79ab
MWAgent.Client.WinUI/Strings/Resources,MWAgent.Client.WinUI Resources,nLogRotateTimeOfTheDayFriday,Friday,Adiscon User Interface .resw source; locale=en-US; revision=edd9fe10d4a120194e4a0a1e60a5d04d661b79ab
MWAgent.Client.WinUI/Strings/Resources,MWAgent.Client.WinUI Resources,nLogRotateTimeOfTheDayMonday,Monday,Adiscon User Interface .resw source; locale=en-US; revision=edd9fe10d4a120194e4a0a1e60a5d04d661b79ab
MWAgent.Client.WinUI/Strings/Resources,MWAgent.Client.WinUI Resources,nLogRotateTimeOfTheDaySaturday,Saturday,Adiscon User Interface .resw source; locale=en-US; revision=edd9fe10d4a120194e4a0a1e60a5d04d661b79ab
MWAgent.Client.WinUI/Strings/Resources,MWAgent.Client.WinUI Resources,nLogRotateTimeOfTheDaySunday,Sunday,Adiscon User Interface .resw source; locale=en-US; revision=edd9fe10d4a120194e4a0a1e60a5d04d661b79ab
MWAgent.Client.WinUI/Strings/Resources,MWAgent.Client.WinUI Resources,nLogRotateTimeOfTheDayThusday,Thursday,Adiscon User Interface .resw source; locale=en-US; revision=edd9fe10d4a120194e4a0a1e60a5d04d661b79ab
MWAgent.Client.WinUI/Strings/Resources,MWAgent.Client.WinUI Resources,nLogRotateTimeOfTheDayTuesday,Tuesday,Adiscon User Interface .resw source; locale=en-US; revision=edd9fe10d4a120194e4a0a1e60a5d04d661b79ab
MWAgent.Client.WinUI/Strings/Resources,MWAgent.Client.WinUI Resources,nLogRotateTimeOfTheDayWednesday,Wednesday,Adiscon User Interface .resw source; locale=en-US; revision=edd9fe10d4a120194e4a0a1e60a5d04d661b79ab
MWAgent.Client.WinUI/Strings/Resources,MWAgent.Client.WinUI Resources,nLogRotateTimeout,Rotate logfiles older than:,Adiscon User Interface .resw source; locale=en-US; revision=edd9fe10d4a120194e4a0a1e60a5d04d661b79ab
MWAgent.Client.WinUI/Strings/Resources,MWAgent.Client.WinUI Resources,nLogRotateTimeoutUnit,Unit,Adiscon User Interface .resw source; locale=en-US; revision=edd9fe10d4a120194e4a0a1e60a5d04d661b79ab
MWAgent.Client.WinUI/Strings/Resources,MWAgent.Client.WinUI Resources,nLogRotateWorkerCount,Number of log rotation workers,Adiscon User Interface .resw source; locale=en-US; revision=edd9fe10d4a120194e4a0a1e60a5d04d661b79ab
MWAgent.Client.WinUI/Strings/Resources,MWAgent.Client.WinUI Resources,nLogRotateWorkerEnable,Enable queued log rotation workers,Adiscon User Interface .resw source; locale=en-US; revision=edd9fe10d4a120194e4a0a1e60a5d04d661b79ab
MWAgent.Client.WinUI/Strings/Resources,MWAgent.Client.WinUI Resources,nLogRotateWorkerSleepTime,Idle wait time between queue checks,Adiscon User Interface .resw source; locale=en-US; revision=edd9fe10d4a120194e4a0a1e60a5d04d661b79ab
MWAgent.Client.WinUI/Strings/Resources,MWAgent.Client.WinUI Resources,nLogRotateWorkerStopWaitTimeout,Shutdown wait time for queued log rotation jobs,Adiscon User Interface .resw source; locale=en-US; revision=edd9fe10d4a120194e4a0a1e60a5d04d661b79ab
MWAgent.Client.WinUI/Strings/Resources,MWAgent.Client.WinUI Resources,nLogZipAfterRotate,Compress file after log rotation,Adiscon User Interface .resw source; locale=en-US; revision=edd9fe10d4a120194e4a0a1e60a5d04d661b79ab
MWAgent.Client.WinUI/Strings/Resources,MWAgent.Client.WinUI Resources,nLogZipAfterRotateFormat,Compression Format,Adiscon User Interface .resw source; locale=en-US; revision=edd9fe10d4a120194e4a0a1e60a5d04d661b79ab
MWAgent.Client.WinUI/Strings/Resources,MWAgent.Client.WinUI Resources,nLogZipCompressionLevel,Compression Level,Adiscon User Interface .resw source; locale=en-US; revision=edd9fe10d4a120194e4a0a1e60a5d04d661b79ab
MWAgent.Client.WinUI/Strings/Resources,MWAgent.Client.WinUI Resources,nMAX_LONGVCHAR_LEN,Maximum text length (Bytes),Adiscon User Interface .resw source; locale=en-US; revision=edd9fe10d4a120194e4a0a1e60a5d04d661b79ab
MWAgent.Client.WinUI/Strings/Resources,MWAgent.Client.WinUI Resources,nMAX_VCHAR_LEN,Maximum char length (Bytes),Adiscon User Interface .resw source; locale=en-US; revision=edd9fe10d4a120194e4a0a1e60a5d04d661b79ab
MWAgent.Client.WinUI/Strings/Resources,MWAgent.Client.WinUI Resources,nMEMEnable,Enable Memory Check,Adiscon User Interface .resw source; locale=en-US; revision=edd9fe10d4a120194e4a0a1e60a5d04d661b79ab
MWAgent.Client.WinUI/Strings/Resources,MWAgent.Client.WinUI Resources,nMEMOccurences,Occurrences until Memory alarm is raised,Adiscon User Interface .resw source; locale=en-US; revision=edd9fe10d4a120194e4a0a1e60a5d04d661b79ab
MWAgent.Client.WinUI/Strings/Resources,MWAgent.Client.WinUI Resources,nMEMPsyEnable,Enable Physical Memory Check,Adiscon User Interface .resw source; locale=en-US; revision=edd9fe10d4a120194e4a0a1e60a5d04d661b79ab
MWAgent.Client.WinUI/Strings/Resources,MWAgent.Client.WinUI Resources,nMEMPsyOccurences,Occurrences until Physical Memory alarm is raised,Adiscon User Interface .resw source; locale=en-US; revision=edd9fe10d4a120194e4a0a1e60a5d04d661b79ab
MWAgent.Client.WinUI/Strings/Resources,MWAgent.Client.WinUI Resources,nMEMPsyReportIfBelowAlarm,Also report if Physical Memory level is below the alarm level,Adiscon User Interface .resw source; locale=en-US; revision=edd9fe10d4a120194e4a0a1e60a5d04d661b79ab
MWAgent.Client.WinUI/Strings/Resources,MWAgent.Client.WinUI Resources,nMEMPsyUsageAlarmLevel,Physical Memory usage alarm level,Adiscon User Interface .resw source; locale=en-US; revision=edd9fe10d4a120194e4a0a1e60a5d04d661b79ab
MWAgent.Client.WinUI/Strings/Resources,MWAgent.Client.WinUI Resources,nMEMReportIfBelowAlarm,Also report if Memory Level is below the alarm level,Adiscon User Interface .resw source; locale=en-US; revision=edd9fe10d4a120194e4a0a1e60a5d04d661b79ab
MWAgent.Client.WinUI/Strings/Resources,MWAgent.Client.WinUI Resources,nMEMUsageAlarmLevel,Memory usage alarm level,Adiscon User Interface .resw source; locale=en-US; revision=edd9fe10d4a120194e4a0a1e60a5d04d661b79ab
MWAgent.Client.WinUI/Strings/Resources,MWAgent.Client.WinUI Resources,nMEMVirtEnable,Enable Virtual Memory Check,Adiscon User Interface .resw source; locale=en-US; revision=edd9fe10d4a120194e4a0a1e60a5d04d661b79ab
MWAgent.Client.WinUI/Strings/Resources,MWAgent.Client.WinUI Resources,nMEMVirtOccurences,Occurrences until Virtual Memory alarm is raised,Adiscon User Interface .resw source; locale=en-US; revision=edd9fe10d4a120194e4a0a1e60a5d04d661b79ab
MWAgent.Client.WinUI/Strings/Resources,MWAgent.Client.WinUI Resources,nMEMVirtReportIfBelowAlarm,Also report if Virtual Memory Level is below the alarm level,Adiscon User Interface .resw source; locale=en-US; revision=edd9fe10d4a120194e4a0a1e60a5d04d661b79ab
MWAgent.Client.WinUI/Strings/Resources,MWAgent.Client.WinUI Resources,nMEMVirtUsageAlarmLevel,Virtual Memory usage alarm level,Adiscon User Interface .resw source; locale=en-US; revision=edd9fe10d4a120194e4a0a1e60a5d04d661b79ab
MWAgent.Client.WinUI/Strings/Resources,MWAgent.Client.WinUI Resources,nMIAPSendPort,Default SETP Port,Adiscon User Interface .resw source; locale=en-US; revision=edd9fe10d4a120194e4a0a1e60a5d04d661b79ab
MWAgent.Client.WinUI/Strings/Resources,MWAgent.Client.WinUI Resources,nMailPriority,Mail Priority,Adiscon User Interface .resw source; locale=en-US; revision=edd9fe10d4a120194e4a0a1e60a5d04d661b79ab
MWAgent.Client.WinUI/Strings/Resources,MWAgent.Client.WinUI Resources,nMaxBytesPerMessage,Max Bytes per Message,Adiscon User Interface .resw source; locale=en-US; revision=edd9fe10d4a120194e4a0a1e60a5d04d661b79ab
MWAgent.Client.WinUI/Strings/Resources,MWAgent.Client.WinUI Resources,nMaxFileSize,Maximum file size (KB),Adiscon User Interface .resw source; locale=en-US; revision=edd9fe10d4a120194e4a0a1e60a5d04d661b79ab
MWAgent.Client.WinUI/Strings/Resources,MWAgent.Client.WinUI Resources,nMaxValueLength,Maximum value length (Bytes):,Adiscon User Interface .resw source; locale=en-US; revision=edd9fe10d4a120194e4a0a1e60a5d04d661b79ab
MWAgent.Client.WinUI/Strings/Resources,MWAgent.Client.WinUI Resources,nMessagePriority,Queue Priority,Adiscon User Interface .resw source; locale=en-US; revision=edd9fe10d4a120194e4a0a1e60a5d04d661b79ab
MWAgent.Client.WinUI/Strings/Resources,MWAgent.Client.WinUI Resources,nMultipleFiles,Allow Directories or read multiple files (Needs Wildcard in Filename),Adiscon User Interface .resw source; locale=en-US; revision=edd9fe10d4a120194e4a0a1e60a5d04d661b79ab
MWAgent.Client.WinUI/Strings/Resources,MWAgent.Client.WinUI Resources,nNNTPPort,NNTP Port,Adiscon User Interface .resw source; locale=en-US; revision=edd9fe10d4a120194e4a0a1e60a5d04d661b79ab
MWAgent.Client.WinUI/Strings/Resources,MWAgent.Client.WinUI Resources,nNbrOfRetries,Number Of Retries,Adiscon User Interface .resw source; locale=en-US; revision=edd9fe10d4a120194e4a0a1e60a5d04d661b79ab
MWAgent.Client.WinUI/Strings/Resources,MWAgent.Client.WinUI Resources,nNoExistingEntries,Do NOT process existing entries,Adiscon User Interface .resw source; locale=en-US; revision=edd9fe10d4a120194e4a0a1e60a5d04d661b79ab
MWAgent.Client.WinUI/Strings/Resources,MWAgent.Client.WinUI Resources,nNumberOfLogfiles,Number of Logfiles,Adiscon User Interface .resw source; locale=en-US; revision=edd9fe10d4a120194e4a0a1e60a5d04d661b79ab
MWAgent.Client.WinUI/Strings/Resources,MWAgent.Client.WinUI Resources,nODBCEnCryption,Enable Password encryption,Adiscon User Interface .resw source; locale=en-US; revision=edd9fe10d4a120194e4a0a1e60a5d04d661b79ab
MWAgent.Client.WinUI/Strings/Resources,MWAgent.Client.WinUI Resources,nOleDbEnCryption,Encrypt password,Adiscon User Interface .resw source; locale=en-US; revision=edd9fe10d4a120194e4a0a1e60a5d04d661b79ab
MWAgent.Client.WinUI/Strings/Resources,MWAgent.Client.WinUI Resources,nOnMaxProc,On Max Processes,Adiscon User Interface .resw source; locale=en-US; revision=edd9fe10d4a120194e4a0a1e60a5d04d661b79ab
MWAgent.Client.WinUI/Strings/Resources,MWAgent.Client.WinUI Resources,nOnMaxProcWait,Waittime On Max Processes,Adiscon User Interface .resw source; locale=en-US; revision=edd9fe10d4a120194e4a0a1e60a5d04d661b79ab
MWAgent.Client.WinUI/Strings/Resources,MWAgent.Client.WinUI Resources,nOutputEncodingUTF8BOM,Include UTF8 BOM in message,Adiscon User Interface .resw source; locale=en-US; revision=edd9fe10d4a120194e4a0a1e60a5d04d661b79ab
MWAgent.Client.WinUI/Strings/Resources,MWAgent.Client.WinUI Resources,nOutputFormat,Lognorm Output Format,Adiscon User Interface .resw source; locale=en-US; revision=edd9fe10d4a120194e4a0a1e60a5d04d661b79ab
MWAgent.Client.WinUI/Strings/Resources,MWAgent.Client.WinUI Resources,nPOP3Port,POP3 Port,Adiscon User Interface .resw source; locale=en-US; revision=edd9fe10d4a120194e4a0a1e60a5d04d661b79ab
MWAgent.Client.WinUI/Strings/Resources,MWAgent.Client.WinUI Resources,nParity,Parity,Adiscon User Interface .resw source; locale=en-US; revision=edd9fe10d4a120194e4a0a1e60a5d04d661b79ab
MWAgent.Client.WinUI/Strings/Resources,MWAgent.Client.WinUI Resources,nParseSyslogDate,Use original message timestamp (RFC 3164),Adiscon User Interface .resw source; locale=en-US; revision=edd9fe10d4a120194e4a0a1e60a5d04d661b79ab
MWAgent.Client.WinUI/Strings/Resources,MWAgent.Client.WinUI Resources,nPort,HTTP Port,Adiscon User Interface .resw source; locale=en-US; revision=edd9fe10d4a120194e4a0a1e60a5d04d661b79ab
MWAgent.Client.WinUI/Strings/Resources,MWAgent.Client.WinUI Resources,nPortNumber,Port,Adiscon User Interface .resw source; locale=en-US; revision=edd9fe10d4a120194e4a0a1e60a5d04d661b79ab
MWAgent.Client.WinUI/Strings/Resources,MWAgent.Client.WinUI Resources,nPort_,Port,Adiscon User Interface .resw source; locale=en-US; revision=edd9fe10d4a120194e4a0a1e60a5d04d661b79ab
MWAgent.Client.WinUI/Strings/Resources,MWAgent.Client.WinUI Resources,nPreventOverrunDelay,Overrun Prevention Delay (ms),Adiscon User Interface .resw source; locale=en-US; revision=edd9fe10d4a120194e4a0a1e60a5d04d661b79ab
MWAgent.Client.WinUI/Strings/Resources,MWAgent.Client.WinUI Resources,nPriorityAuditFailure,Audit Failure,Adiscon User Interface .resw source; locale=en-US; revision=edd9fe10d4a120194e4a0a1e60a5d04d661b79ab
MWAgent.Client.WinUI/Strings/Resources,MWAgent.Client.WinUI Resources,nPriorityAuditSuccess,Audit Success,Adiscon User Interface .resw source; locale=en-US; revision=edd9fe10d4a120194e4a0a1e60a5d04d661b79ab
MWAgent.Client.WinUI/Strings/Resources,MWAgent.Client.WinUI Resources,nPriorityCritical,Critical,Adiscon User Interface .resw source; locale=en-US; revision=edd9fe10d4a120194e4a0a1e60a5d04d661b79ab
MWAgent.Client.WinUI/Strings/Resources,MWAgent.Client.WinUI Resources,nPriorityError,Error,Adiscon User Interface .resw source; locale=en-US; revision=edd9fe10d4a120194e4a0a1e60a5d04d661b79ab
MWAgent.Client.WinUI/Strings/Resources,MWAgent.Client.WinUI Resources,nPriorityInfo,Information,Adiscon User Interface .resw source; locale=en-US; revision=edd9fe10d4a120194e4a0a1e60a5d04d661b79ab
MWAgent.Client.WinUI/Strings/Resources,MWAgent.Client.WinUI Resources,nPriorityInformation,Information,Adiscon User Interface .resw source; locale=en-US; revision=edd9fe10d4a120194e4a0a1e60a5d04d661b79ab
MWAgent.Client.WinUI/Strings/Resources,MWAgent.Client.WinUI Resources,nPrioritySuccess,Success,Adiscon User Interface .resw source; locale=en-US; revision=edd9fe10d4a120194e4a0a1e60a5d04d661b79ab
MWAgent.Client.WinUI/Strings/Resources,MWAgent.Client.WinUI Resources,nPriorityVerbose,Verbose,Adiscon User Interface .resw source; locale=en-US; revision=edd9fe10d4a120194e4a0a1e60a5d04d661b79ab
MWAgent.Client.WinUI/Strings/Resources,MWAgent.Client.WinUI Resources,nPriorityWarning,Warning,Adiscon User Interface .resw source; locale=en-US; revision=edd9fe10d4a120194e4a0a1e60a5d04d661b79ab
MWAgent.Client.WinUI/Strings/Resources,MWAgent.Client.WinUI Resources,nProcMode,Processing Mode,Adiscon User Interface .resw source; locale=en-US; revision=edd9fe10d4a120194e4a0a1e60a5d04d661b79ab
MWAgent.Client.WinUI/Strings/Resources,MWAgent.Client.WinUI Resources,nProcessPriority,Process Priority,Adiscon User Interface .resw source; locale=en-US; revision=edd9fe10d4a120194e4a0a1e60a5d04d661b79ab
MWAgent.Client.WinUI/Strings/Resources,MWAgent.Client.WinUI Resources,nProcessRestOfFile,Process rest of file as one message (If no message separator matches anymore),Adiscon User Interface .resw source; locale=en-US; revision=edd9fe10d4a120194e4a0a1e60a5d04d661b79ab
MWAgent.Client.WinUI/Strings/Resources,MWAgent.Client.WinUI Resources,nProcessingLow,Processing pointer,Adiscon User Interface .resw source; locale=en-US; revision=edd9fe10d4a120194e4a0a1e60a5d04d661b79ab
MWAgent.Client.WinUI/Strings/Resources,MWAgent.Client.WinUI Resources,nPropertiesTable,Enable Detail Property Logging,Adiscon User Interface .resw source; locale=en-US; revision=edd9fe10d4a120194e4a0a1e60a5d04d661b79ab
MWAgent.Client.WinUI/Strings/Resources,MWAgent.Client.WinUI Resources,nPropertyMsgSep,Save Message Separator in Property (%msgsep%),Adiscon User Interface .resw source; locale=en-US; revision=edd9fe10d4a120194e4a0a1e60a5d04d661b79ab
MWAgent.Client.WinUI/Strings/Resources,MWAgent.Client.WinUI Resources,nPropertyMsgSepReset,Reset Message Separator after each run,Adiscon User Interface .resw source; locale=en-US; revision=edd9fe10d4a120194e4a0a1e60a5d04d661b79ab
MWAgent.Client.WinUI/Strings/Resources,MWAgent.Client.WinUI Resources,nProtectAgainstShutdown,Protect Service against shutdown,Adiscon User Interface .resw source; locale=en-US; revision=edd9fe10d4a120194e4a0a1e60a5d04d661b79ab
MWAgent.Client.WinUI/Strings/Resources,MWAgent.Client.WinUI Resources,nProtocolType,Protocol Type,Adiscon User Interface .resw source; locale=en-US; revision=edd9fe10d4a120194e4a0a1e60a5d04d661b79ab
MWAgent.Client.WinUI/Strings/Resources,MWAgent.Client.WinUI Resources,nQueueLimit,Queuelimit,Adiscon User Interface .resw source; locale=en-US; revision=edd9fe10d4a120194e4a0a1e60a5d04d661b79ab
MWAgent.Client.WinUI/Strings/Resources,MWAgent.Client.WinUI Resources,nRFC3164DetectYear,Try to parse year from message timestamp (RFC 3164),Adiscon User Interface .resw source; locale=en-US; revision=edd9fe10d4a120194e4a0a1e60a5d04d661b79ab
MWAgent.Client.WinUI/Strings/Resources,MWAgent.Client.WinUI Resources,nRFC3164Parsing,Enable RFC3164 Parsing,Adiscon User Interface .resw source; locale=en-US; revision=edd9fe10d4a120194e4a0a1e60a5d04d661b79ab
MWAgent.Client.WinUI/Strings/Resources,MWAgent.Client.WinUI Resources,nRFC5424AddProcID2SyslogTag,Append ProcessID to Syslogtag if available,Adiscon User Interface .resw source; locale=en-US; revision=edd9fe10d4a120194e4a0a1e60a5d04d661b79ab
MWAgent.Client.WinUI/Strings/Resources,MWAgent.Client.WinUI Resources,nRFC5424Parsing,Enable RFC5424 Parsing,Adiscon User Interface .resw source; locale=en-US; revision=edd9fe10d4a120194e4a0a1e60a5d04d661b79ab
MWAgent.Client.WinUI/Strings/Resources,MWAgent.Client.WinUI Resources,nReUseFile,Clear logfile instead of deleting (File will be reused),Adiscon User Interface .resw source; locale=en-US; revision=edd9fe10d4a120194e4a0a1e60a5d04d661b79ab
MWAgent.Client.WinUI/Strings/Resources,MWAgent.Client.WinUI Resources,nReadFileBuffer,Read Filebuffer size,Adiscon User Interface .resw source; locale=en-US; revision=edd9fe10d4a120194e4a0a1e60a5d04d661b79ab
MWAgent.Client.WinUI/Strings/Resources,MWAgent.Client.WinUI Resources,nReadFromFile,Read Eventlog from File,Adiscon User Interface .resw source; locale=en-US; revision=edd9fe10d4a120194e4a0a1e60a5d04d661b79ab
MWAgent.Client.WinUI/Strings/Resources,MWAgent.Client.WinUI Resources,nReadSourceLocally,Read EventLog Sources from local machine,Adiscon User Interface .resw source; locale=en-US; revision=edd9fe10d4a120194e4a0a1e60a5d04d661b79ab
MWAgent.Client.WinUI/Strings/Resources,MWAgent.Client.WinUI Resources,nRemoveControlChars,Remove Control Characters,Adiscon User Interface .resw source; locale=en-US; revision=edd9fe10d4a120194e4a0a1e60a5d04d661b79ab
MWAgent.Client.WinUI/Strings/Resources,MWAgent.Client.WinUI Resources,nRemoveControlCharsFromParams,Remove Control Characters from String Parameters,Adiscon User Interface .resw source; locale=en-US; revision=edd9fe10d4a120194e4a0a1e60a5d04d661b79ab
MWAgent.Client.WinUI/Strings/Resources,MWAgent.Client.WinUI Resources,nRemoveLeadingSpaces,Remove leading space,Adiscon User Interface .resw source; locale=en-US; revision=edd9fe10d4a120194e4a0a1e60a5d04d661b79ab
MWAgent.Client.WinUI/Strings/Resources,MWAgent.Client.WinUI Resources,nReplaceNullBytes,Replace NULL Bytes with spaces,Adiscon User Interface .resw source; locale=en-US; revision=edd9fe10d4a120194e4a0a1e60a5d04d661b79ab
MWAgent.Client.WinUI/Strings/Resources,MWAgent.Client.WinUI Resources,nReportCrash,Automatically send problem reports to Adiscon Support,Adiscon User Interface .resw source; locale=en-US; revision=edd9fe10d4a120194e4a0a1e60a5d04d661b79ab
MWAgent.Client.WinUI/Strings/Resources,MWAgent.Client.WinUI Resources,nReportErrorOnFNF,Report an error if the File was not found (Willbe written into the Application Eventlog),Adiscon User Interface .resw source; locale=en-US; revision=edd9fe10d4a120194e4a0a1e60a5d04d661b79ab
MWAgent.Client.WinUI/Strings/Resources,MWAgent.Client.WinUI Resources,nReportInJSON,Use CEE enhanced Syslog Format,Adiscon User Interface .resw source; locale=en-US; revision=edd9fe10d4a120194e4a0a1e60a5d04d661b79ab
MWAgent.Client.WinUI/Strings/Resources,MWAgent.Client.WinUI Resources,nResolveIfName,Also resolve name if the source property is already a name,Adiscon User Interface .resw source; locale=en-US; revision=edd9fe10d4a120194e4a0a1e60a5d04d661b79ab
MWAgent.Client.WinUI/Strings/Resources,MWAgent.Client.WinUI Resources,nResolveLongMibNames,Fully resolve Mibnames (Long Format),Adiscon User Interface .resw source; locale=en-US; revision=edd9fe10d4a120194e4a0a1e60a5d04d661b79ab
MWAgent.Client.WinUI/Strings/Resources,MWAgent.Client.WinUI Resources,nResolveMibNamesShort,Use short Format (Last Portion only),Adiscon User Interface .resw source; locale=en-US; revision=edd9fe10d4a120194e4a0a1e60a5d04d661b79ab
MWAgent.Client.WinUI/Strings/Resources,MWAgent.Client.WinUI Resources,nResolveNames,Resolve Hostnames,Adiscon User Interface .resw source; locale=en-US; revision=edd9fe10d4a120194e4a0a1e60a5d04d661b79ab
MWAgent.Client.WinUI/Strings/Resources,MWAgent.Client.WinUI Resources,nRetryCount,Retry Count,Adiscon User Interface .resw source; locale=en-US; revision=edd9fe10d4a120194e4a0a1e60a5d04d661b79ab
MWAgent.Client.WinUI/Strings/Resources,MWAgent.Client.WinUI Resources,nRetryInterval,Retry Interval (ms),Adiscon User Interface .resw source; locale=en-US; revision=edd9fe10d4a120194e4a0a1e60a5d04d661b79ab
MWAgent.Client.WinUI/Strings/Resources,MWAgent.Client.WinUI Resources,nRetryPeriod,Retry period (ms),Adiscon User Interface .resw source; locale=en-US; revision=edd9fe10d4a120194e4a0a1e60a5d04d661b79ab
MWAgent.Client.WinUI/Strings/Resources,MWAgent.Client.WinUI Resources,nRingBufferSize,Queue File Size (static),Adiscon User Interface .resw source; locale=en-US; revision=edd9fe10d4a120194e4a0a1e60a5d04d661b79ab
MWAgent.Client.WinUI/Strings/Resources,MWAgent.Client.WinUI Resources,nRoundRobinMsgCount,Amount of messages sent to each syslog server before load balancing,Adiscon User Interface .resw source; locale=en-US; revision=edd9fe10d4a120194e4a0a1e60a5d04d661b79ab
MWAgent.Client.WinUI/Strings/Resources,MWAgent.Client.WinUI Resources,nRtsControl,RTS Control Flow,Adiscon User Interface .resw source; locale=en-US; revision=edd9fe10d4a120194e4a0a1e60a5d04d661b79ab
MWAgent.Client.WinUI/Strings/Resources,MWAgent.Client.WinUI Resources,nSMTPPort,Mailserver port,Adiscon User Interface .resw source; locale=en-US; revision=edd9fe10d4a120194e4a0a1e60a5d04d661b79ab
MWAgent.Client.WinUI/Strings/Resources,MWAgent.Client.WinUI Resources,nSMTPPortBackup,Backup Mailserver port,Adiscon User Interface .resw source; locale=en-US; revision=edd9fe10d4a120194e4a0a1e60a5d04d661b79ab
MWAgent.Client.WinUI/Strings/Resources,MWAgent.Client.WinUI Resources,nSQLConnectionTimeOut,SQL Connection Timeout,Adiscon User Interface .resw source; locale=en-US; revision=edd9fe10d4a120194e4a0a1e60a5d04d661b79ab
MWAgent.Client.WinUI/Strings/Resources,MWAgent.Client.WinUI Resources,nSQLStatementType,Statement Type,Adiscon User Interface .resw source; locale=en-US; revision=edd9fe10d4a120194e4a0a1e60a5d04d661b79ab
MWAgent.Client.WinUI/Strings/Resources,MWAgent.Client.WinUI Resources,nSaveSourceIntoProperty,Save original source into property,Adiscon User Interface .resw source; locale=en-US; revision=edd9fe10d4a120194e4a0a1e60a5d04d661b79ab
MWAgent.Client.WinUI/Strings/Resources,MWAgent.Client.WinUI Resources,nSavingLow,Saving pointer,Adiscon User Interface .resw source; locale=en-US; revision=edd9fe10d4a120194e4a0a1e60a5d04d661b79ab
MWAgent.Client.WinUI/Strings/Resources,MWAgent.Client.WinUI Resources,nSegmentFileBySize,Segment file size (KB),Adiscon User Interface .resw source; locale=en-US; revision=edd9fe10d4a120194e4a0a1e60a5d04d661b79ab
MWAgent.Client.WinUI/Strings/Resources,MWAgent.Client.WinUI Resources,nSegmentFileEnable,Segment files when the following file size is reached (KB),Adiscon User Interface .resw source; locale=en-US; revision=edd9fe10d4a120194e4a0a1e60a5d04d661b79ab
MWAgent.Client.WinUI/Strings/Resources,MWAgent.Client.WinUI Resources,nSelpSendPort,RELP Port,Adiscon User Interface .resw source; locale=en-US; revision=edd9fe10d4a120194e4a0a1e60a5d04d661b79ab
MWAgent.Client.WinUI/Strings/Resources,MWAgent.Client.WinUI Resources,nSendExpect,Send Message and check for expected message,Adiscon User Interface .resw source; locale=en-US; revision=edd9fe10d4a120194e4a0a1e60a5d04d661b79ab
MWAgent.Client.WinUI/Strings/Resources,MWAgent.Client.WinUI Resources,nSendMode,Syslog Send mode,Adiscon User Interface .resw source; locale=en-US; revision=edd9fe10d4a120194e4a0a1e60a5d04d661b79ab
MWAgent.Client.WinUI/Strings/Resources,MWAgent.Client.WinUI Resources,nSendRecvTimeOut,Send / Receive Timeout,Adiscon User Interface .resw source; locale=en-US; revision=edd9fe10d4a120194e4a0a1e60a5d04d661b79ab
MWAgent.Client.WinUI/Strings/Resources,MWAgent.Client.WinUI Resources,nSendTimeOut,Send /Receive Timeout,Adiscon User Interface .resw source; locale=en-US; revision=edd9fe10d4a120194e4a0a1e60a5d04d661b79ab
MWAgent.Client.WinUI/Strings/Resources,MWAgent.Client.WinUI Resources,nShutdownProtectionTimeout,Shutdown protection timeout,Adiscon User Interface .resw source; locale=en-US; revision=edd9fe10d4a120194e4a0a1e60a5d04d661b79ab
MWAgent.Client.WinUI/Strings/Resources,MWAgent.Client.WinUI Resources,nShutdownProtectionTimeout_Description,0 waits without a deadline. A positive value limits the complete protected shutdown in milliseconds; reaching it can lose messages that are not durably stored.,Adiscon User Interface .resw source; locale=en-US; revision=edd9fe10d4a120194e4a0a1e60a5d04d661b79ab
MWAgent.Client.WinUI/Strings/Resources,MWAgent.Client.WinUI Resources,nShutdownProtectionTimeout_ZeroLabel,0 (unlimited),Adiscon User Interface .resw source; locale=en-US; revision=edd9fe10d4a120194e4a0a1e60a5d04d661b79ab
MWAgent.Client.WinUI/Strings/Resources,MWAgent.Client.WinUI Resources,nSkipLinesEnabled,Skip all lines on Startup,Adiscon User Interface .resw source; locale=en-US; revision=edd9fe10d4a120194e4a0a1e60a5d04d661b79ab
MWAgent.Client.WinUI/Strings/Resources,MWAgent.Client.WinUI Resources,nSleepTime,Check Interval (ms),Adiscon User Interface .resw source; locale=en-US; revision=edd9fe10d4a120194e4a0a1e60a5d04d661b79ab
MWAgent.Client.WinUI/Strings/Resources,MWAgent.Client.WinUI Resources,nSnmpVersion,SNMP Version,Adiscon User Interface .resw source; locale=en-US; revision=edd9fe10d4a120194e4a0a1e60a5d04d661b79ab
MWAgent.Client.WinUI/Strings/Resources,MWAgent.Client.WinUI Resources,nSpecificType,Specific Type,Adiscon User Interface .resw source; locale=en-US; revision=edd9fe10d4a120194e4a0a1e60a5d04d661b79ab
MWAgent.Client.WinUI/Strings/Resources,MWAgent.Client.WinUI Resources,nSpoofIPAddress,Enable IP Spoofing for the UDP Protocol. See the manual for more details,Adiscon User Interface .resw source; locale=en-US; revision=edd9fe10d4a120194e4a0a1e60a5d04d661b79ab
MWAgent.Client.WinUI/Strings/Resources,MWAgent.Client.WinUI Resources,nStopbits,Stop bits,Adiscon User Interface .resw source; locale=en-US; revision=edd9fe10d4a120194e4a0a1e60a5d04d661b79ab
MWAgent.Client.WinUI/Strings/Resources,MWAgent.Client.WinUI Resources,nSubscriptionSleepTime,Wait time after action failure,Adiscon User Interface .resw source; locale=en-US; revision=edd9fe10d4a120194e4a0a1e60a5d04d661b79ab
MWAgent.Client.WinUI/Strings/Resources,MWAgent.Client.WinUI Resources,nSyncTimeOut,Sync Timeout,Adiscon User Interface .resw source; locale=en-US; revision=edd9fe10d4a120194e4a0a1e60a5d04d661b79ab
MWAgent.Client.WinUI/Strings/Resources,MWAgent.Client.WinUI Resources,nSyntax_,Type,Adiscon User Interface .resw source; locale=en-US; revision=edd9fe10d4a120194e4a0a1e60a5d04d661b79ab
MWAgent.Client.WinUI/Strings/Resources,MWAgent.Client.WinUI Resources,nSyslogInsertSource,Add Syslog Source when forwarding to other Syslog servers,Adiscon User Interface .resw source; locale=en-US; revision=edd9fe10d4a120194e4a0a1e60a5d04d661b79ab
MWAgent.Client.WinUI/Strings/Resources,MWAgent.Client.WinUI Resources,nSyslogMaxMessageSize,Maximum Syslog Message Size (Bytes),Adiscon User Interface .resw source; locale=en-US; revision=edd9fe10d4a120194e4a0a1e60a5d04d661b79ab
MWAgent.Client.WinUI/Strings/Resources,MWAgent.Client.WinUI Resources,nSyslogPortBackup,Backup Syslog Port,Adiscon User Interface .resw source; locale=en-US; revision=edd9fe10d4a120194e4a0a1e60a5d04d661b79ab
MWAgent.Client.WinUI/Strings/Resources,MWAgent.Client.WinUI Resources,nSyslogPort_,Syslog Port,Adiscon User Interface .resw source; locale=en-US; revision=edd9fe10d4a120194e4a0a1e60a5d04d661b79ab
MWAgent.Client.WinUI/Strings/Resources,MWAgent.Client.WinUI Resources,nSyslogSendPort,Syslog Port,Adiscon User Interface .resw source; locale=en-US; revision=edd9fe10d4a120194e4a0a1e60a5d04d661b79ab
MWAgent.Client.WinUI/Strings/Resources,MWAgent.Client.WinUI Resources,nSystemID,SystemID,Adiscon User Interface .resw source; locale=en-US; revision=edd9fe10d4a120194e4a0a1e60a5d04d661b79ab
MWAgent.Client.WinUI/Strings/Resources,MWAgent.Client.WinUI Resources,nTCPMaxSessions,Maximum TCP sessions,Adiscon User Interface .resw source; locale=en-US; revision=edd9fe10d4a120194e4a0a1e60a5d04d661b79ab
MWAgent.Client.WinUI/Strings/Resources,MWAgent.Client.WinUI Resources,nTLSAllowExpiredCerts,Allow expired peer certificates,Adiscon User Interface .resw source; locale=en-US; revision=edd9fe10d4a120194e4a0a1e60a5d04d661b79ab
MWAgent.Client.WinUI/Strings/Resources,MWAgent.Client.WinUI Resources,nTLSFailOnConfigCommandError,Fail on TLS config command errors,Adiscon User Interface .resw source; locale=en-US; revision=edd9fe10d4a120194e4a0a1e60a5d04d661b79ab
MWAgent.Client.WinUI/Strings/Resources,MWAgent.Client.WinUI Resources,nTLSHandshakeTimeout,TLS handshake timeout,Adiscon User Interface .resw source; locale=en-US; revision=edd9fe10d4a120194e4a0a1e60a5d04d661b79ab
MWAgent.Client.WinUI/Strings/Resources,MWAgent.Client.WinUI Resources,nTLSLegacyFingerprintMatch,Allow legacy fingerprint matching,Adiscon User Interface .resw source; locale=en-US; revision=edd9fe10d4a120194e4a0a1e60a5d04d661b79ab
MWAgent.Client.WinUI/Strings/Resources,MWAgent.Client.WinUI Resources,nTLSLegacyPeerNameMatch,Allow legacy peer name matching,Adiscon User Interface .resw source; locale=en-US; revision=edd9fe10d4a120194e4a0a1e60a5d04d661b79ab
MWAgent.Client.WinUI/Strings/Resources,MWAgent.Client.WinUI Resources,nTakeSourceSysFromSyslogMsg,Take source system from Syslog message,Adiscon User Interface .resw source; locale=en-US; revision=edd9fe10d4a120194e4a0a1e60a5d04d661b79ab
MWAgent.Client.WinUI/Strings/Resources,MWAgent.Client.WinUI Resources,nTimeMode,Default Timevalues are based on,Adiscon User Interface .resw source; locale=en-US; revision=edd9fe10d4a120194e4a0a1e60a5d04d661b79ab
MWAgent.Client.WinUI/Strings/Resources,MWAgent.Client.WinUI Resources,nTimeOutLimit,Timeout Limit,Adiscon User Interface .resw source; locale=en-US; revision=edd9fe10d4a120194e4a0a1e60a5d04d661b79ab
MWAgent.Client.WinUI/Strings/Resources,MWAgent.Client.WinUI Resources,nTimeOutMsg,Message Completion Timeout,Adiscon User Interface .resw source; locale=en-US; revision=edd9fe10d4a120194e4a0a1e60a5d04d661b79ab
MWAgent.Client.WinUI/Strings/Resources,MWAgent.Client.WinUI Resources,nTimeOutSession,Session Timeout,Adiscon User Interface .resw source; locale=en-US; revision=edd9fe10d4a120194e4a0a1e60a5d04d661b79ab
MWAgent.Client.WinUI/Strings/Resources,MWAgent.Client.WinUI Resources,nTimeoutValue,Session Timeout,Adiscon User Interface .resw source; locale=en-US; revision=edd9fe10d4a120194e4a0a1e60a5d04d661b79ab
MWAgent.Client.WinUI/Strings/Resources,MWAgent.Client.WinUI Resources,nTryConvSIDtoObj,Try to convert Security IDs (SID) to Object Names,Adiscon User Interface .resw source; locale=en-US; revision=edd9fe10d4a120194e4a0a1e60a5d04d661b79ab
MWAgent.Client.WinUI/Strings/Resources,MWAgent.Client.WinUI Resources,nTryConvertDsClasses,Try to convert Active Directory Object Classes,Adiscon User Interface .resw source; locale=en-US; revision=edd9fe10d4a120194e4a0a1e60a5d04d661b79ab
MWAgent.Client.WinUI/Strings/Resources,MWAgent.Client.WinUI Resources,nTryDetectMessageEncoding,"Automatically detect Message Encoding (UTF8, SHIFT_JIS, EUC-JP)",Adiscon User Interface .resw source; locale=en-US; revision=edd9fe10d4a120194e4a0a1e60a5d04d661b79ab
MWAgent.Client.WinUI/Strings/Resources,MWAgent.Client.WinUI Resources,nType,Protocol Type,Adiscon User Interface .resw source; locale=en-US; revision=edd9fe10d4a120194e4a0a1e60a5d04d661b79ab
MWAgent.Client.WinUI/Strings/Resources,MWAgent.Client.WinUI Resources,nUniqueFileName,Create unique filenames,Adiscon User Interface .resw source; locale=en-US; revision=edd9fe10d4a120194e4a0a1e60a5d04d661b79ab
MWAgent.Client.WinUI/Strings/Resources,MWAgent.Client.WinUI Resources,nUseCompression,Use zLib Compression to compress the data.,Adiscon User Interface .resw source; locale=en-US; revision=edd9fe10d4a120194e4a0a1e60a5d04d661b79ab
MWAgent.Client.WinUI/Strings/Resources,MWAgent.Client.WinUI Resources,nUseCustomSeparator,Use custom separator,Adiscon User Interface .resw source; locale=en-US; revision=edd9fe10d4a120194e4a0a1e60a5d04d661b79ab
MWAgent.Client.WinUI/Strings/Resources,MWAgent.Client.WinUI Resources,nUseLegacyProcessing,Use legacy parameter processing,Adiscon User Interface .resw source; locale=en-US; revision=edd9fe10d4a120194e4a0a1e60a5d04d661b79ab
MWAgent.Client.WinUI/Strings/Resources,MWAgent.Client.WinUI Resources,nUseLegacySubjectProcessing,Use legacy subject line processing,Adiscon User Interface .resw source; locale=en-US; revision=edd9fe10d4a120194e4a0a1e60a5d04d661b79ab
MWAgent.Client.WinUI/Strings/Resources,MWAgent.Client.WinUI Resources,nUseSMTPAuth,Use SMTP Authentication,Adiscon User Interface .resw source; locale=en-US; revision=edd9fe10d4a120194e4a0a1e60a5d04d661b79ab
MWAgent.Client.WinUI/Strings/Resources,MWAgent.Client.WinUI Resources,nUseSSL,Use a secure connection (SSL) to the mail server,Adiscon User Interface .resw source; locale=en-US; revision=edd9fe10d4a120194e4a0a1e60a5d04d661b79ab
MWAgent.Client.WinUI/Strings/Resources,MWAgent.Client.WinUI Resources,nUseStartTLSMethod,Use STARTTLS SMTP Extension,Adiscon User Interface .resw source; locale=en-US; revision=edd9fe10d4a120194e4a0a1e60a5d04d661b79ab
MWAgent.Client.WinUI/Strings/Resources,MWAgent.Client.WinUI Resources,nUseUTCForTimestamps,Use UTC for Timestamps,Adiscon User Interface .resw source; locale=en-US; revision=edd9fe10d4a120194e4a0a1e60a5d04d661b79ab
MWAgent.Client.WinUI/Strings/Resources,MWAgent.Client.WinUI Resources,nUseUTCInFileName,Use UTC in Filename,Adiscon User Interface .resw source; locale=en-US; revision=edd9fe10d4a120194e4a0a1e60a5d04d661b79ab
MWAgent.Client.WinUI/Strings/Resources,MWAgent.Client.WinUI Resources,nUseUTCTimeStamp,Use UTC Time in Date-Header,Adiscon User Interface .resw source; locale=en-US; revision=edd9fe10d4a120194e4a0a1e60a5d04d661b79ab
MWAgent.Client.WinUI/Strings/Resources,MWAgent.Client.WinUI Resources,nUseWildcard,Use wildcards in Filename,Adiscon User Interface .resw source; locale=en-US; revision=edd9fe10d4a120194e4a0a1e60a5d04d661b79ab
MWAgent.Client.WinUI/Strings/Resources,MWAgent.Client.WinUI Resources,nUseXMLtoReport,Use XML to Report,Adiscon User Interface .resw source; locale=en-US; revision=edd9fe10d4a120194e4a0a1e60a5d04d661b79ab
MWAgent.Client.WinUI/Strings/Resources,MWAgent.Client.WinUI Resources,nVariableType_,Variable Type,Adiscon User Interface .resw source; locale=en-US; revision=edd9fe10d4a120194e4a0a1e60a5d04d661b79ab
MWAgent.Client.WinUI/Strings/Resources,MWAgent.Client.WinUI Resources,nWorkerThreads,Number of worker threads,Adiscon User Interface .resw source; locale=en-US; revision=edd9fe10d4a120194e4a0a1e60a5d04d661b79ab
MWAgent.Client.WinUI/Strings/Resources,MWAgent.Client.WinUI Resources,nWriteLastDBINdex,Write LastDBIndex at frequent intervals,Adiscon User Interface .resw source; locale=en-US; revision=edd9fe10d4a120194e4a0a1e60a5d04d661b79ab
MWAgent.Client.WinUI/Strings/Resources,MWAgent.Client.WinUI Resources,nZlibComp,Use zLib Compression to compress the data,Adiscon User Interface .resw source; locale=en-US; revision=edd9fe10d4a120194e4a0a1e60a5d04d661b79ab
MWAgent.Client.WinUI/Strings/Resources,MWAgent.Client.WinUI Resources,ninteractive,InterActive SyslogViewer,Adiscon User Interface .resw source; locale=en-US; revision=edd9fe10d4a120194e4a0a1e60a5d04d661b79ab
MWAgent.Client.WinUI/Strings/Resources,MWAgent.Client.WinUI Resources,nloganalyzer,Log Analyzer & Reporter Tool,Adiscon User Interface .resw source; locale=en-US; revision=edd9fe10d4a120194e4a0a1e60a5d04d661b79ab
MWAgent.Client.WinUI/Strings/Resources,MWAgent.Client.WinUI Resources,nlogfilemgr,Log File Management Tool,Adiscon User Interface .resw source; locale=en-US; revision=edd9fe10d4a120194e4a0a1e60a5d04d661b79ab
MWAgent.Client.WinUI/Strings/Resources,MWAgent.Client.WinUI Resources,nlogsearch,Log Search Tool,Adiscon User Interface .resw source; locale=en-US; revision=edd9fe10d4a120194e4a0a1e60a5d04d661b79ab
MWAgent.Client.WinUI/Strings/Resources,MWAgent.Client.WinUI Resources,permittedsenders,Only receive syslog messages from the following IP Addresses. ,Adiscon User Interface .resw source; locale=en-US; revision=edd9fe10d4a120194e4a0a1e60a5d04d661b79ab
MWAgent.Client.WinUI/Strings/Resources,MWAgent.Client.WinUI Resources,processedfiles,Processed file properties,Adiscon User Interface .resw source; locale=en-US; revision=edd9fe10d4a120194e4a0a1e60a5d04d661b79ab
MWAgent.Client.WinUI/Strings/Resources,MWAgent.Client.WinUI Resources,propertylist,Property List,Adiscon User Interface .resw source; locale=en-US; revision=edd9fe10d4a120194e4a0a1e60a5d04d661b79ab
MWAgent.Client.WinUI/Strings/Resources,MWAgent.Client.WinUI Resources,snmpvars,SNMP Variables,Adiscon User Interface .resw source; locale=en-US; revision=edd9fe10d4a120194e4a0a1e60a5d04d661b79ab
MWAgent.Client.WinUI/Strings/Resources,MWAgent.Client.WinUI Resources,syslogservers,Syslog Servers,Adiscon User Interface .resw source; locale=en-US; revision=edd9fe10d4a120194e4a0a1e60a5d04d661b79ab
MWAgent.Client.WinUI/Strings/Resources,MWAgent.Client.WinUI Resources,szActionCacheOptions,Action Queue Options,Adiscon User Interface .resw source; locale=en-US; revision=edd9fe10d4a120194e4a0a1e60a5d04d661b79ab
MWAgent.Client.WinUI/Strings/Resources,MWAgent.Client.WinUI Resources,szActionSpecific,Action specific,Adiscon User Interface .resw source; locale=en-US; revision=edd9fe10d4a120194e4a0a1e60a5d04d661b79ab
MWAgent.Client.WinUI/Strings/Resources,MWAgent.Client.WinUI Resources,szAdvancedOptions,Timeout Options,Adiscon User Interface .resw source; locale=en-US; revision=edd9fe10d4a120194e4a0a1e60a5d04d661b79ab
MWAgent.Client.WinUI/Strings/Resources,MWAgent.Client.WinUI Resources,szAgent,SNMP Server,Adiscon User Interface .resw source; locale=en-US; revision=edd9fe10d4a120194e4a0a1e60a5d04d661b79ab
MWAgent.Client.WinUI/Strings/Resources,MWAgent.Client.WinUI Resources,szAgentIP,Agent IP Address,Adiscon User Interface .resw source; locale=en-US; revision=edd9fe10d4a120194e4a0a1e60a5d04d661b79ab
MWAgent.Client.WinUI/Strings/Resources,MWAgent.Client.WinUI Resources,szAutoBackPath,Search Path,Adiscon User Interface .resw source; locale=en-US; revision=edd9fe10d4a120194e4a0a1e60a5d04d661b79ab
MWAgent.Client.WinUI/Strings/Resources,MWAgent.Client.WinUI Resources,szAutoBackupRunCommand,Postprocess Command,Adiscon User Interface .resw source; locale=en-US; revision=edd9fe10d4a120194e4a0a1e60a5d04d661b79ab
MWAgent.Client.WinUI/Strings/Resources,MWAgent.Client.WinUI Resources,szButtonVerifyLicense,Verify License,Adiscon User Interface .resw source; locale=en-US; revision=edd9fe10d4a120194e4a0a1e60a5d04d661b79ab
MWAgent.Client.WinUI/Strings/Resources,MWAgent.Client.WinUI Resources,szCacheEventInfo,"For performance reasons we recommend to use all caching options available. However if you do not want to cache data queried from the eventlog, you can disable them here. ",Adiscon User Interface .resw source; locale=en-US; revision=edd9fe10d4a120194e4a0a1e60a5d04d661b79ab
MWAgent.Client.WinUI/Strings/Resources,MWAgent.Client.WinUI Resources,szCharMatch,Character Match,Adiscon User Interface .resw source; locale=en-US; revision=edd9fe10d4a120194e4a0a1e60a5d04d661b79ab
MWAgent.Client.WinUI/Strings/Resources,MWAgent.Client.WinUI Resources,szCharacterProcessing,Character processing related options,Adiscon User Interface .resw source; locale=en-US; revision=edd9fe10d4a120194e4a0a1e60a5d04d661b79ab
MWAgent.Client.WinUI/Strings/Resources,MWAgent.Client.WinUI Resources,szCircularDisabled,Continuous Logging,Adiscon User Interface .resw source; locale=en-US; revision=edd9fe10d4a120194e4a0a1e60a5d04d661b79ab
MWAgent.Client.WinUI/Strings/Resources,MWAgent.Client.WinUI Resources,szCircularEnabled,Circular Logging,Adiscon User Interface .resw source; locale=en-US; revision=edd9fe10d4a120194e4a0a1e60a5d04d661b79ab
MWAgent.Client.WinUI/Strings/Resources,MWAgent.Client.WinUI Resources,szClearEventLog0,Never clear (default),Adiscon User Interface .resw source; locale=en-US; revision=edd9fe10d4a120194e4a0a1e60a5d04d661b79ab
MWAgent.Client.WinUI/Strings/Resources,MWAgent.Client.WinUI Resources,szClearEventLog1,"Clear after Polling cycles, every time",Adiscon User Interface .resw source; locale=en-US; revision=edd9fe10d4a120194e4a0a1e60a5d04d661b79ab
MWAgent.Client.WinUI/Strings/Resources,MWAgent.Client.WinUI Resources,szClearEventLog2,"Clear once a day, starting at configured hour",Adiscon User Interface .resw source; locale=en-US; revision=edd9fe10d4a120194e4a0a1e60a5d04d661b79ab
MWAgent.Client.WinUI/Strings/Resources,MWAgent.Client.WinUI Resources,szCommand,Command to execute,Adiscon User Interface .resw source; locale=en-US; revision=edd9fe10d4a120194e4a0a1e60a5d04d661b79ab
MWAgent.Client.WinUI/Strings/Resources,MWAgent.Client.WinUI Resources,szCommunity,Community ,Adiscon User Interface .resw source; locale=en-US; revision=edd9fe10d4a120194e4a0a1e60a5d04d661b79ab
MWAgent.Client.WinUI/Strings/Resources,MWAgent.Client.WinUI Resources,szComputerName,Server Computername/IP,Adiscon User Interface .resw source; locale=en-US; revision=edd9fe10d4a120194e4a0a1e60a5d04d661b79ab
MWAgent.Client.WinUI/Strings/Resources,MWAgent.Client.WinUI Resources,szConfigPostProcessPreview,Message Preview of your rules,Adiscon User Interface .resw source; locale=en-US; revision=edd9fe10d4a120194e4a0a1e60a5d04d661b79ab
MWAgent.Client.WinUI/Strings/Resources,MWAgent.Client.WinUI Resources,szConfigRequestPreview,Request preview,Adiscon User Interface .resw source; locale=en-US; revision=edd9fe10d4a120194e4a0a1e60a5d04d661b79ab
MWAgent.Client.WinUI/Strings/Resources,MWAgent.Client.WinUI Resources,szConfigUrlPreview,URL Preview,Adiscon User Interface .resw source; locale=en-US; revision=edd9fe10d4a120194e4a0a1e60a5d04d661b79ab
MWAgent.Client.WinUI/Strings/Resources,MWAgent.Client.WinUI Resources,szConnectionString,Configure OLEDB Connection,Adiscon User Interface .resw source; locale=en-US; revision=edd9fe10d4a120194e4a0a1e60a5d04d661b79ab
MWAgent.Client.WinUI/Strings/Resources,MWAgent.Client.WinUI Resources,szContentType,Content-Type,Adiscon User Interface .resw source; locale=en-US; revision=edd9fe10d4a120194e4a0a1e60a5d04d661b79ab
MWAgent.Client.WinUI/Strings/Resources,MWAgent.Client.WinUI Resources,szCopyFormatIntoProperty,store into Property,Adiscon User Interface .resw source; locale=en-US; revision=edd9fe10d4a120194e4a0a1e60a5d04d661b79ab
MWAgent.Client.WinUI/Strings/Resources,MWAgent.Client.WinUI Resources,szCopyFormatIntoPropertyGroup,Copy Format into Property,Adiscon User Interface .resw source; locale=en-US; revision=edd9fe10d4a120194e4a0a1e60a5d04d661b79ab
MWAgent.Client.WinUI/Strings/Resources,MWAgent.Client.WinUI Resources,szCrashReporting,Crash Reporting,Adiscon User Interface .resw source; locale=en-US; revision=edd9fe10d4a120194e4a0a1e60a5d04d661b79ab
MWAgent.Client.WinUI/Strings/Resources,MWAgent.Client.WinUI Resources,szCustomEventLog,Custom Eventlog Channel,Adiscon User Interface .resw source; locale=en-US; revision=edd9fe10d4a120194e4a0a1e60a5d04d661b79ab
MWAgent.Client.WinUI/Strings/Resources,MWAgent.Client.WinUI Resources,szCustomMessageFormat,Custom Message Format,Adiscon User Interface .resw source; locale=en-US; revision=edd9fe10d4a120194e4a0a1e60a5d04d661b79ab
MWAgent.Client.WinUI/Strings/Resources,MWAgent.Client.WinUI Resources,szCustomSeparator,Custom separator,Adiscon User Interface .resw source; locale=en-US; revision=edd9fe10d4a120194e4a0a1e60a5d04d661b79ab
MWAgent.Client.WinUI/Strings/Resources,MWAgent.Client.WinUI Resources,szCustomSource,Custom Eventlog Source,Adiscon User Interface .resw source; locale=en-US; revision=edd9fe10d4a120194e4a0a1e60a5d04d661b79ab
MWAgent.Client.WinUI/Strings/Resources,MWAgent.Client.WinUI Resources,szCustomSyslogHeader,Use Custom Syslog Header,Adiscon User Interface .resw source; locale=en-US; revision=edd9fe10d4a120194e4a0a1e60a5d04d661b79ab
MWAgent.Client.WinUI/Strings/Resources,MWAgent.Client.WinUI Resources,szDBDSN,DSN,Adiscon User Interface .resw source; locale=en-US; revision=edd9fe10d4a120194e4a0a1e60a5d04d661b79ab
MWAgent.Client.WinUI/Strings/Resources,MWAgent.Client.WinUI Resources,szDBPass,Password,Adiscon User Interface .resw source; locale=en-US; revision=edd9fe10d4a120194e4a0a1e60a5d04d661b79ab
MWAgent.Client.WinUI/Strings/Resources,MWAgent.Client.WinUI Resources,szDBSelect,Select Statement,Adiscon User Interface .resw source; locale=en-US; revision=edd9fe10d4a120194e4a0a1e60a5d04d661b79ab
MWAgent.Client.WinUI/Strings/Resources,MWAgent.Client.WinUI Resources,szDBTableName,Database Table,Adiscon User Interface .resw source; locale=en-US; revision=edd9fe10d4a120194e4a0a1e60a5d04d661b79ab
MWAgent.Client.WinUI/Strings/Resources,MWAgent.Client.WinUI Resources,szDBUser,User-ID,Adiscon User Interface .resw source; locale=en-US; revision=edd9fe10d4a120194e4a0a1e60a5d04d661b79ab
MWAgent.Client.WinUI/Strings/Resources,MWAgent.Client.WinUI Resources,szDTLSServer,DTLS Servername,Adiscon User Interface .resw source; locale=en-US; revision=edd9fe10d4a120194e4a0a1e60a5d04d661b79ab
MWAgent.Client.WinUI/Strings/Resources,MWAgent.Client.WinUI Resources,szDataCatalog,Data Catalog,Adiscon User Interface .resw source; locale=en-US; revision=edd9fe10d4a120194e4a0a1e60a5d04d661b79ab
MWAgent.Client.WinUI/Strings/Resources,MWAgent.Client.WinUI Resources,szDataSource,Data Source,Adiscon User Interface .resw source; locale=en-US; revision=edd9fe10d4a120194e4a0a1e60a5d04d661b79ab
MWAgent.Client.WinUI/Strings/Resources,MWAgent.Client.WinUI Resources,szDatabaseValues,Database Properties,Adiscon User Interface .resw source; locale=en-US; revision=edd9fe10d4a120194e4a0a1e60a5d04d661b79ab
MWAgent.Client.WinUI/Strings/Resources,MWAgent.Client.WinUI Resources,szDateTimeLT,DateTime Localtime,Adiscon User Interface .resw source; locale=en-US; revision=edd9fe10d4a120194e4a0a1e60a5d04d661b79ab
MWAgent.Client.WinUI/Strings/Resources,MWAgent.Client.WinUI Resources,szDateTimeUTC,DateTime UTC,Adiscon User Interface .resw source; locale=en-US; revision=edd9fe10d4a120194e4a0a1e60a5d04d661b79ab
MWAgent.Client.WinUI/Strings/Resources,MWAgent.Client.WinUI Resources,szDebugFileName,File and path name,Adiscon User Interface .resw source; locale=en-US; revision=edd9fe10d4a120194e4a0a1e60a5d04d661b79ab
MWAgent.Client.WinUI/Strings/Resources,MWAgent.Client.WinUI Resources,szDestinationPropertyName,Destination Property in which the resolved name will be saved to,Adiscon User Interface .resw source; locale=en-US; revision=edd9fe10d4a120194e4a0a1e60a5d04d661b79ab
MWAgent.Client.WinUI/Strings/Resources,MWAgent.Client.WinUI Resources,szDetailProperties,Details,Adiscon User Interface .resw source; locale=en-US; revision=edd9fe10d4a120194e4a0a1e60a5d04d661b79ab
MWAgent.Client.WinUI/Strings/Resources,MWAgent.Client.WinUI Resources,szDisabled,Disabled,Adiscon User Interface .resw source; locale=en-US; revision=edd9fe10d4a120194e4a0a1e60a5d04d661b79ab
MWAgent.Client.WinUI/Strings/Resources,MWAgent.Client.WinUI Resources,szDtsControlDisable,DTR Control Disable,Adiscon User Interface .resw source; locale=en-US; revision=edd9fe10d4a120194e4a0a1e60a5d04d661b79ab
MWAgent.Client.WinUI/Strings/Resources,MWAgent.Client.WinUI Resources,szDtsControlEnable,DTR Control Enable,Adiscon User Interface .resw source; locale=en-US; revision=edd9fe10d4a120194e4a0a1e60a5d04d661b79ab
MWAgent.Client.WinUI/Strings/Resources,MWAgent.Client.WinUI Resources,szDtsControlHandshake,DTR Control Handshake,Adiscon User Interface .resw source; locale=en-US; revision=edd9fe10d4a120194e4a0a1e60a5d04d661b79ab
MWAgent.Client.WinUI/Strings/Resources,MWAgent.Client.WinUI Resources,szEditionInformation,"Please note that if you activate the Permitted Senders List, all network related services will be limited to receive messages from the configured devices only.

The list configuration itself is not limited.
But if your license is limited to 10 devices for example, only the first 10 configured senders will work.",Adiscon User Interface .resw source; locale=en-US; revision=edd9fe10d4a120194e4a0a1e60a5d04d661b79ab
MWAgent.Client.WinUI/Strings/Resources,MWAgent.Client.WinUI Resources,szEnableReportCrash,Do you want to enable Crash reporting?,Adiscon User Interface .resw source; locale=en-US; revision=edd9fe10d4a120194e4a0a1e60a5d04d661b79ab
MWAgent.Client.WinUI/Strings/Resources,MWAgent.Client.WinUI Resources,szEnterprise,Enterprise OID,Adiscon User Interface .resw source; locale=en-US; revision=edd9fe10d4a120194e4a0a1e60a5d04d661b79ab
MWAgent.Client.WinUI/Strings/Resources,MWAgent.Client.WinUI Resources,szErrorLoadingConfiguration,Error Loading Configuration,Adiscon User Interface .resw source; locale=en-US; revision=edd9fe10d4a120194e4a0a1e60a5d04d661b79ab
MWAgent.Client.WinUI/Strings/Resources,MWAgent.Client.WinUI Resources,szErrorLoadingConfigurationText,The Configuration could not be loaded:,Adiscon User Interface .resw source; locale=en-US; revision=edd9fe10d4a120194e4a0a1e60a5d04d661b79ab
MWAgent.Client.WinUI/Strings/Resources,MWAgent.Client.WinUI Resources,szErrorRegistryAccessFailed,Failed to access the local configuration registry with the following error: ,Adiscon User Interface .resw source; locale=en-US; revision=edd9fe10d4a120194e4a0a1e60a5d04d661b79ab
MWAgent.Client.WinUI/Strings/Resources,MWAgent.Client.WinUI Resources,szErrorRemoteRegistryFailed,Failed to access the remote configuration registry with the following error:,Adiscon User Interface .resw source; locale=en-US; revision=edd9fe10d4a120194e4a0a1e60a5d04d661b79ab
MWAgent.Client.WinUI/Strings/Resources,MWAgent.Client.WinUI Resources,szErrorRemoteRegistryFailed2,The Client will reload the local configuration now.,Adiscon User Interface .resw source; locale=en-US; revision=edd9fe10d4a120194e4a0a1e60a5d04d661b79ab
MWAgent.Client.WinUI/Strings/Resources,MWAgent.Client.WinUI Resources,szErrorSavingConfiguration,Error Saving Configuration,Adiscon User Interface .resw source; locale=en-US; revision=edd9fe10d4a120194e4a0a1e60a5d04d661b79ab
MWAgent.Client.WinUI/Strings/Resources,MWAgent.Client.WinUI Resources,szErrorSavingConfigurationText,The Configuration could not be saved: ,Adiscon User Interface .resw source; locale=en-US; revision=edd9fe10d4a120194e4a0a1e60a5d04d661b79ab
MWAgent.Client.WinUI/Strings/Resources,MWAgent.Client.WinUI Resources,szErrorSavingData,Failed to save data variables,Adiscon User Interface .resw source; locale=en-US; revision=edd9fe10d4a120194e4a0a1e60a5d04d661b79ab
MWAgent.Client.WinUI/Strings/Resources,MWAgent.Client.WinUI Resources,szErrorSavingDataText,Saving data variables failed for the following directory: ,Adiscon User Interface .resw source; locale=en-US; revision=edd9fe10d4a120194e4a0a1e60a5d04d661b79ab
MWAgent.Client.WinUI/Strings/Resources,MWAgent.Client.WinUI Resources,szEvenParity,Even Parity,Adiscon User Interface .resw source; locale=en-US; revision=edd9fe10d4a120194e4a0a1e60a5d04d661b79ab
MWAgent.Client.WinUI/Strings/Resources,MWAgent.Client.WinUI Resources,szEventLogCor_clear,Clear all events from Eventlog,Adiscon User Interface .resw source; locale=en-US; revision=edd9fe10d4a120194e4a0a1e60a5d04d661b79ab
MWAgent.Client.WinUI/Strings/Resources,MWAgent.Client.WinUI Resources,szEventLogCor_ignore,Ignore corrupted Eventlog entry,Adiscon User Interface .resw source; locale=en-US; revision=edd9fe10d4a120194e4a0a1e60a5d04d661b79ab
MWAgent.Client.WinUI/Strings/Resources,MWAgent.Client.WinUI Resources,szEventLogCor_retry,Retry processing from beginning,Adiscon User Interface .resw source; locale=en-US; revision=edd9fe10d4a120194e4a0a1e60a5d04d661b79ab
MWAgent.Client.WinUI/Strings/Resources,MWAgent.Client.WinUI Resources,szEventLogV2WarningOnWinXp,"Warning, this Windows Version does not support the new Windows Eventlog API needed for this service. You may configure this service if you intend to use this configuration on a machine with a higher OS level later.",Adiscon User Interface .resw source; locale=en-US; revision=edd9fe10d4a120194e4a0a1e60a5d04d661b79ab
MWAgent.Client.WinUI/Strings/Resources,MWAgent.Client.WinUI Resources,szEventPollingOptions,Eventpolling related Options,Adiscon User Interface .resw source; locale=en-US; revision=edd9fe10d4a120194e4a0a1e60a5d04d661b79ab
MWAgent.Client.WinUI/Strings/Resources,MWAgent.Client.WinUI Resources,szEventTypesManage,Manage Event Channels,Adiscon User Interface .resw source; locale=en-US; revision=edd9fe10d4a120194e4a0a1e60a5d04d661b79ab
MWAgent.Client.WinUI/Strings/Resources,MWAgent.Client.WinUI Resources,szEventTypesToLog,Eventlogtypes to Log,Adiscon User Interface .resw source; locale=en-US; revision=edd9fe10d4a120194e4a0a1e60a5d04d661b79ab
MWAgent.Client.WinUI/Strings/Resources,MWAgent.Client.WinUI Resources,szEvtClrSaveFile,Backup Filename,Adiscon User Interface .resw source; locale=en-US; revision=edd9fe10d4a120194e4a0a1e60a5d04d661b79ab
MWAgent.Client.WinUI/Strings/Resources,MWAgent.Client.WinUI Resources,szFTPServer,FTP Server,Adiscon User Interface .resw source; locale=en-US; revision=edd9fe10d4a120194e4a0a1e60a5d04d661b79ab
MWAgent.Client.WinUI/Strings/Resources,MWAgent.Client.WinUI Resources,szFieldContent_,Fieldcontent,Adiscon User Interface .resw source; locale=en-US; revision=edd9fe10d4a120194e4a0a1e60a5d04d661b79ab
MWAgent.Client.WinUI/Strings/Resources,MWAgent.Client.WinUI Resources,szFieldName_,Fieldname,Adiscon User Interface .resw source; locale=en-US; revision=edd9fe10d4a120194e4a0a1e60a5d04d661b79ab
MWAgent.Client.WinUI/Strings/Resources,MWAgent.Client.WinUI Resources,szFileBaseName,File Base Name,Adiscon User Interface .resw source; locale=en-US; revision=edd9fe10d4a120194e4a0a1e60a5d04d661b79ab
MWAgent.Client.WinUI/Strings/Resources,MWAgent.Client.WinUI Resources,szFileExtension,File Extension,Adiscon User Interface .resw source; locale=en-US; revision=edd9fe10d4a120194e4a0a1e60a5d04d661b79ab
MWAgent.Client.WinUI/Strings/Resources,MWAgent.Client.WinUI Resources,szFileFormatAdiscon,Adiscon,Adiscon User Interface .resw source; locale=en-US; revision=edd9fe10d4a120194e4a0a1e60a5d04d661b79ab
MWAgent.Client.WinUI/Strings/Resources,MWAgent.Client.WinUI Resources,szFileFormatCustom,Custom format,Adiscon User Interface .resw source; locale=en-US; revision=edd9fe10d4a120194e4a0a1e60a5d04d661b79ab
MWAgent.Client.WinUI/Strings/Resources,MWAgent.Client.WinUI Resources,szFileFormatRaw,Raw Syslog message,Adiscon User Interface .resw source; locale=en-US; revision=edd9fe10d4a120194e4a0a1e60a5d04d661b79ab
MWAgent.Client.WinUI/Strings/Resources,MWAgent.Client.WinUI Resources,szFileFormatWebtrends,Webtrends syslog compatible,Adiscon User Interface .resw source; locale=en-US; revision=edd9fe10d4a120194e4a0a1e60a5d04d661b79ab
MWAgent.Client.WinUI/Strings/Resources,MWAgent.Client.WinUI Resources,szFileHandlingOptions,File Handling Options,Adiscon User Interface .resw source; locale=en-US; revision=edd9fe10d4a120194e4a0a1e60a5d04d661b79ab
MWAgent.Client.WinUI/Strings/Resources,MWAgent.Client.WinUI Resources,szFileNameOptions,Filename related options,Adiscon User Interface .resw source; locale=en-US; revision=edd9fe10d4a120194e4a0a1e60a5d04d661b79ab
MWAgent.Client.WinUI/Strings/Resources,MWAgent.Client.WinUI Resources,szFilePath,File Path Name,Adiscon User Interface .resw source; locale=en-US; revision=edd9fe10d4a120194e4a0a1e60a5d04d661b79ab
MWAgent.Client.WinUI/Strings/Resources,MWAgent.Client.WinUI Resources,szFilename,Filename of the soundfile,Adiscon User Interface .resw source; locale=en-US; revision=edd9fe10d4a120194e4a0a1e60a5d04d661b79ab
MWAgent.Client.WinUI/Strings/Resources,MWAgent.Client.WinUI Resources,szFilenamePreview,Filename Preview,Adiscon User Interface .resw source; locale=en-US; revision=edd9fe10d4a120194e4a0a1e60a5d04d661b79ab
MWAgent.Client.WinUI/Strings/Resources,MWAgent.Client.WinUI Resources,szFilenamePreviewLegendBase,Base Name,Adiscon User Interface .resw source; locale=en-US; revision=edd9fe10d4a120194e4a0a1e60a5d04d661b79ab
MWAgent.Client.WinUI/Strings/Resources,MWAgent.Client.WinUI Resources,szFilenamePreviewLegendDate,Source / Date (Dynamic),Adiscon User Interface .resw source; locale=en-US; revision=edd9fe10d4a120194e4a0a1e60a5d04d661b79ab
MWAgent.Client.WinUI/Strings/Resources,MWAgent.Client.WinUI Resources,szFilenamePreviewLegendExt,Extension,Adiscon User Interface .resw source; locale=en-US; revision=edd9fe10d4a120194e4a0a1e60a5d04d661b79ab
MWAgent.Client.WinUI/Strings/Resources,MWAgent.Client.WinUI Resources,szFilenamePreviewLegendPath,File Path,Adiscon User Interface .resw source; locale=en-US; revision=edd9fe10d4a120194e4a0a1e60a5d04d661b79ab
MWAgent.Client.WinUI/Strings/Resources,MWAgent.Client.WinUI Resources,szFilenamePreviewLegendSegment,Segment # (Dynamic),Adiscon User Interface .resw source; locale=en-US; revision=edd9fe10d4a120194e4a0a1e60a5d04d661b79ab
MWAgent.Client.WinUI/Strings/Resources,MWAgent.Client.WinUI Resources,szFilenamePreviewLegendTime,Time (Dynamic): HH-MM-SS,Adiscon User Interface .resw source; locale=en-US; revision=edd9fe10d4a120194e4a0a1e60a5d04d661b79ab
MWAgent.Client.WinUI/Strings/Resources,MWAgent.Client.WinUI Resources,szGeneralOptions,General file options,Adiscon User Interface .resw source; locale=en-US; revision=edd9fe10d4a120194e4a0a1e60a5d04d661b79ab
MWAgent.Client.WinUI/Strings/Resources,MWAgent.Client.WinUI Resources,szGeneralValues,General Values,Adiscon User Interface .resw source; locale=en-US; revision=edd9fe10d4a120194e4a0a1e60a5d04d661b79ab
MWAgent.Client.WinUI/Strings/Resources,MWAgent.Client.WinUI Resources,szGenericName0,0 - Cold Start,Adiscon User Interface .resw source; locale=en-US; revision=edd9fe10d4a120194e4a0a1e60a5d04d661b79ab
MWAgent.Client.WinUI/Strings/Resources,MWAgent.Client.WinUI Resources,szGenericName1,1 - Warm Start,Adiscon User Interface .resw source; locale=en-US; revision=edd9fe10d4a120194e4a0a1e60a5d04d661b79ab
MWAgent.Client.WinUI/Strings/Resources,MWAgent.Client.WinUI Resources,szGenericName2,2 - Link Down,Adiscon User Interface .resw source; locale=en-US; revision=edd9fe10d4a120194e4a0a1e60a5d04d661b79ab
MWAgent.Client.WinUI/Strings/Resources,MWAgent.Client.WinUI Resources,szGenericName3,3 - Link Up,Adiscon User Interface .resw source; locale=en-US; revision=edd9fe10d4a120194e4a0a1e60a5d04d661b79ab
MWAgent.Client.WinUI/Strings/Resources,MWAgent.Client.WinUI Resources,szGenericName4,4 - Authentication Failure,Adiscon User Interface .resw source; locale=en-US; revision=edd9fe10d4a120194e4a0a1e60a5d04d661b79ab
MWAgent.Client.WinUI/Strings/Resources,MWAgent.Client.WinUI Resources,szGenericName5,5 - EGP Neighbor Loss,Adiscon User Interface .resw source; locale=en-US; revision=edd9fe10d4a120194e4a0a1e60a5d04d661b79ab
MWAgent.Client.WinUI/Strings/Resources,MWAgent.Client.WinUI Resources,szGenericName6,6 - Enterprise Specific,Adiscon User Interface .resw source; locale=en-US; revision=edd9fe10d4a120194e4a0a1e60a5d04d661b79ab
MWAgent.Client.WinUI/Strings/Resources,MWAgent.Client.WinUI Resources,szHTTPServer,HTTP Server,Adiscon User Interface .resw source; locale=en-US; revision=edd9fe10d4a120194e4a0a1e60a5d04d661b79ab
MWAgent.Client.WinUI/Strings/Resources,MWAgent.Client.WinUI Resources,szHost,Host,Adiscon User Interface .resw source; locale=en-US; revision=edd9fe10d4a120194e4a0a1e60a5d04d661b79ab
MWAgent.Client.WinUI/Strings/Resources,MWAgent.Client.WinUI Resources,szIMAPServer,IMAP Server,Adiscon User Interface .resw source; locale=en-US; revision=edd9fe10d4a120194e4a0a1e60a5d04d661b79ab
MWAgent.Client.WinUI/Strings/Resources,MWAgent.Client.WinUI Resources,szIPAddress,IPAddress or Hostname,Adiscon User Interface .resw source; locale=en-US; revision=edd9fe10d4a120194e4a0a1e60a5d04d661b79ab
MWAgent.Client.WinUI/Strings/Resources,MWAgent.Client.WinUI Resources,szIP_,IP Address,Adiscon User Interface .resw source; locale=en-US; revision=edd9fe10d4a120194e4a0a1e60a5d04d661b79ab
MWAgent.Client.WinUI/Strings/Resources,MWAgent.Client.WinUI Resources,szIPv4,IP V4 Address,Adiscon User Interface .resw source; locale=en-US; revision=edd9fe10d4a120194e4a0a1e60a5d04d661b79ab
MWAgent.Client.WinUI/Strings/Resources,MWAgent.Client.WinUI Resources,szIgnoreTlsCertWarning,Disables TLS certificate validation. Use only in lab or test environments.,Adiscon User Interface .resw source; locale=en-US; revision=edd9fe10d4a120194e4a0a1e60a5d04d661b79ab
MWAgent.Client.WinUI/Strings/Resources,MWAgent.Client.WinUI Resources,szIncludeMsgSepInMessageDisabled,Do not include message separator in message,Adiscon User Interface .resw source; locale=en-US; revision=edd9fe10d4a120194e4a0a1e60a5d04d661b79ab
MWAgent.Client.WinUI/Strings/Resources,MWAgent.Client.WinUI Resources,szIncludeMsgSepInMessageLastMsgSepPrepend,Prepend previous found separator to message,Adiscon User Interface .resw source; locale=en-US; revision=edd9fe10d4a120194e4a0a1e60a5d04d661b79ab
MWAgent.Client.WinUI/Strings/Resources,MWAgent.Client.WinUI Resources,szIncludeMsgSepInMessageMsgSepAppend,Append found separator to message,Adiscon User Interface .resw source; locale=en-US; revision=edd9fe10d4a120194e4a0a1e60a5d04d661b79ab
MWAgent.Client.WinUI/Strings/Resources,MWAgent.Client.WinUI Resources,szIncludeMsgSepInMessageMsgSepPrepend,Prepend found separator to message,Adiscon User Interface .resw source; locale=en-US; revision=edd9fe10d4a120194e4a0a1e60a5d04d661b79ab
MWAgent.Client.WinUI/Strings/Resources,MWAgent.Client.WinUI Resources,szInsertStatement,INSERT,Adiscon User Interface .resw source; locale=en-US; revision=edd9fe10d4a120194e4a0a1e60a5d04d661b79ab
MWAgent.Client.WinUI/Strings/Resources,MWAgent.Client.WinUI Resources,szInt,int,Adiscon User Interface .resw source; locale=en-US; revision=edd9fe10d4a120194e4a0a1e60a5d04d661b79ab
MWAgent.Client.WinUI/Strings/Resources,MWAgent.Client.WinUI Resources,szInteger,Integer,Adiscon User Interface .resw source; locale=en-US; revision=edd9fe10d4a120194e4a0a1e60a5d04d661b79ab
MWAgent.Client.WinUI/Strings/Resources,MWAgent.Client.WinUI Resources,szIsoTimestamp,ISO-like Timestamp,Adiscon User Interface .resw source; locale=en-US; revision=edd9fe10d4a120194e4a0a1e60a5d04d661b79ab
MWAgent.Client.WinUI/Strings/Resources,MWAgent.Client.WinUI Resources,szIutFormat,Forward as MWAgent XML representation code,Adiscon User Interface .resw source; locale=en-US; revision=edd9fe10d4a120194e4a0a1e60a5d04d661b79ab
MWAgent.Client.WinUI/Strings/Resources,MWAgent.Client.WinUI Resources,szJsonFormat,Use CEE enhanced Syslog Format,Adiscon User Interface .resw source; locale=en-US; revision=edd9fe10d4a120194e4a0a1e60a5d04d661b79ab
MWAgent.Client.WinUI/Strings/Resources,MWAgent.Client.WinUI Resources,szLastDBIndex,Last processed DB Index number,Adiscon User Interface .resw source; locale=en-US; revision=edd9fe10d4a120194e4a0a1e60a5d04d661b79ab
MWAgent.Client.WinUI/Strings/Resources,MWAgent.Client.WinUI Resources,szLicense,License Information,Adiscon User Interface .resw source; locale=en-US; revision=edd9fe10d4a120194e4a0a1e60a5d04d661b79ab
MWAgent.Client.WinUI/Strings/Resources,MWAgent.Client.WinUI Resources,szLicenseFileIntro,"Place your license file (.alic) at %DEFAULTLICENSEV2PATH%, or browse/drop a file below. Leave the path empty to use the default location.",Adiscon User Interface .resw source; locale=en-US; revision=edd9fe10d4a120194e4a0a1e60a5d04d661b79ab
MWAgent.Client.WinUI/Strings/Resources,MWAgent.Client.WinUI Resources,szLicenseV2,License File,Adiscon User Interface .resw source; locale=en-US; revision=edd9fe10d4a120194e4a0a1e60a5d04d661b79ab
MWAgent.Client.WinUI/Strings/Resources,MWAgent.Client.WinUI Resources,szLicenseV2DefaultPath,Default runtime path: %DEFAULTLICENSEV2PATH%. Leave this field empty to use that location.,Adiscon User Interface .resw source; locale=en-US; revision=edd9fe10d4a120194e4a0a1e60a5d04d661b79ab
MWAgent.Client.WinUI/Strings/Resources,MWAgent.Client.WinUI Resources,szLicenseV2Expired,The license file has expired.,Adiscon User Interface .resw source; locale=en-US; revision=edd9fe10d4a120194e4a0a1e60a5d04d661b79ab
MWAgent.Client.WinUI/Strings/Resources,MWAgent.Client.WinUI Resources,szLicenseV2NotYetValid,This license file is not active yet. It becomes valid on %VALIDFROMLOCAL% (UTC: %VALIDFROMUTC%). Please try again after that time.,Adiscon User Interface .resw source; locale=en-US; revision=edd9fe10d4a120194e4a0a1e60a5d04d661b79ab
MWAgent.Client.WinUI/Strings/Resources,MWAgent.Client.WinUI Resources,szLicenseV2NotYetValidGeneric,The license file is not yet valid.,Adiscon User Interface .resw source; locale=en-US; revision=edd9fe10d4a120194e4a0a1e60a5d04d661b79ab
MWAgent.Client.WinUI/Strings/Resources,MWAgent.Client.WinUI Resources,szLicenseV2NotYetValidIssued,The license was issued on %ISSUEDATLOCAL%.,Adiscon User Interface .resw source; locale=en-US; revision=edd9fe10d4a120194e4a0a1e60a5d04d661b79ab
MWAgent.Client.WinUI/Strings/Resources,MWAgent.Client.WinUI Resources,szLicenseV2Path,License file path,Adiscon User Interface .resw source; locale=en-US; revision=edd9fe10d4a120194e4a0a1e60a5d04d661b79ab
MWAgent.Client.WinUI/Strings/Resources,MWAgent.Client.WinUI Resources,szLineFormat,Custom Line Format,Adiscon User Interface .resw source; locale=en-US; revision=edd9fe10d4a120194e4a0a1e60a5d04d661b79ab
MWAgent.Client.WinUI/Strings/Resources,MWAgent.Client.WinUI Resources,szLoadedRuleSet,Loaded RuleSet: ,Adiscon User Interface .resw source; locale=en-US; revision=edd9fe10d4a120194e4a0a1e60a5d04d661b79ab
MWAgent.Client.WinUI/Strings/Resources,MWAgent.Client.WinUI Resources,szLoadedService,Loaded Service: ,Adiscon User Interface .resw source; locale=en-US; revision=edd9fe10d4a120194e4a0a1e60a5d04d661b79ab
MWAgent.Client.WinUI/Strings/Resources,MWAgent.Client.WinUI Resources,szLocation,Location,Adiscon User Interface .resw source; locale=en-US; revision=edd9fe10d4a120194e4a0a1e60a5d04d661b79ab
MWAgent.Client.WinUI/Strings/Resources,MWAgent.Client.WinUI Resources,szLogFileName,File & Path Name,Adiscon User Interface .resw source; locale=en-US; revision=edd9fe10d4a120194e4a0a1e60a5d04d661b79ab
MWAgent.Client.WinUI/Strings/Resources,MWAgent.Client.WinUI Resources,szLogFileTypeStandard,Standard,Adiscon User Interface .resw source; locale=en-US; revision=edd9fe10d4a120194e4a0a1e60a5d04d661b79ab
MWAgent.Client.WinUI/Strings/Resources,MWAgent.Client.WinUI Resources,szLogFileTypeW3C,W3C WebServer Logfile,Adiscon User Interface .resw source; locale=en-US; revision=edd9fe10d4a120194e4a0a1e60a5d04d661b79ab
MWAgent.Client.WinUI/Strings/Resources,MWAgent.Client.WinUI Resources,szLogMoveAfterRotatePath,Target directory,Adiscon User Interface .resw source; locale=en-US; revision=edd9fe10d4a120194e4a0a1e60a5d04d661b79ab
MWAgent.Client.WinUI/Strings/Resources,MWAgent.Client.WinUI Resources,szLogPostProcessing,Post Processing,Adiscon User Interface .resw source; locale=en-US; revision=edd9fe10d4a120194e4a0a1e60a5d04d661b79ab
MWAgent.Client.WinUI/Strings/Resources,MWAgent.Client.WinUI Resources,szLogRotateDisableUniqueFilenameMessage,"Log rotation automatically manages file names when rotating.

Example with log rotation:
  application.log   → current file
  application.log.1  → previous file (rotated)
  application.log.2  → older file (rotated)

'Create unique filenames' adds timestamps (e.g. app_2024-01-15.log) to avoid overwriting. Log rotation already handles this by appending numeric suffixes. Having both enabled is redundant.

Would you like to disable 'Create unique filenames'?",Adiscon User Interface .resw source; locale=en-US; revision=edd9fe10d4a120194e4a0a1e60a5d04d661b79ab
MWAgent.Client.WinUI/Strings/Resources,MWAgent.Client.WinUI Resources,szLogRotateDisableUniqueFilenameTitle,Log Rotation,Adiscon User Interface .resw source; locale=en-US; revision=edd9fe10d4a120194e4a0a1e60a5d04d661b79ab
MWAgent.Client.WinUI/Strings/Resources,MWAgent.Client.WinUI Resources,szLogRotateTimeoutUnitDays,Days,Adiscon User Interface .resw source; locale=en-US; revision=edd9fe10d4a120194e4a0a1e60a5d04d661b79ab
MWAgent.Client.WinUI/Strings/Resources,MWAgent.Client.WinUI Resources,szLogRotateTimeoutUnitHours,Hours,Adiscon User Interface .resw source; locale=en-US; revision=edd9fe10d4a120194e4a0a1e60a5d04d661b79ab
MWAgent.Client.WinUI/Strings/Resources,MWAgent.Client.WinUI Resources,szLogRotateTimeoutUnitMinutes,Minutes,Adiscon User Interface .resw source; locale=en-US; revision=edd9fe10d4a120194e4a0a1e60a5d04d661b79ab
MWAgent.Client.WinUI/Strings/Resources,MWAgent.Client.WinUI Resources,szLogRotateTimeoutUnitMonths,Months,Adiscon User Interface .resw source; locale=en-US; revision=edd9fe10d4a120194e4a0a1e60a5d04d661b79ab
MWAgent.Client.WinUI/Strings/Resources,MWAgent.Client.WinUI Resources,szLogRotateTimeoutUnitSeconds,Seconds,Adiscon User Interface .resw source; locale=en-US; revision=edd9fe10d4a120194e4a0a1e60a5d04d661b79ab
MWAgent.Client.WinUI/Strings/Resources,MWAgent.Client.WinUI Resources,szLogRotateTimeoutUnitWeeks,Weeks,Adiscon User Interface .resw source; locale=en-US; revision=edd9fe10d4a120194e4a0a1e60a5d04d661b79ab
MWAgent.Client.WinUI/Strings/Resources,MWAgent.Client.WinUI Resources,szLogRotateTimeoutWarningCancelled,"The rotation interval was not applied. Choose Yes to keep an interval shorter than five minutes, or lengthen the interval before confirming changes.",Adiscon User Interface .resw source; locale=en-US; revision=edd9fe10d4a120194e4a0a1e60a5d04d661b79ab
MWAgent.Client.WinUI/Strings/Resources,MWAgent.Client.WinUI Resources,szLogRotateTimeoutWarningNo,No,Adiscon User Interface .resw source; locale=en-US; revision=edd9fe10d4a120194e4a0a1e60a5d04d661b79ab
MWAgent.Client.WinUI/Strings/Resources,MWAgent.Client.WinUI Resources,szLogRotateTimeoutWarningText,Rotating log files more often than every five minutes can create many files and affect logging performance. Do you want to keep this interval?,Adiscon User Interface .resw source; locale=en-US; revision=edd9fe10d4a120194e4a0a1e60a5d04d661b79ab
MWAgent.Client.WinUI/Strings/Resources,MWAgent.Client.WinUI Resources,szLogRotateTimeoutWarningTitle,Short log rotation interval,Adiscon User Interface .resw source; locale=en-US; revision=edd9fe10d4a120194e4a0a1e60a5d04d661b79ab
MWAgent.Client.WinUI/Strings/Resources,MWAgent.Client.WinUI Resources,szLogRotateTimeoutWarningUnavailable,"The interval warning could not be shown. Lengthen the interval to at least five minutes, or try again.",Adiscon User Interface .resw source; locale=en-US; revision=edd9fe10d4a120194e4a0a1e60a5d04d661b79ab
MWAgent.Client.WinUI/Strings/Resources,MWAgent.Client.WinUI Resources,szLogRotateTimeoutWarningYes,Yes,Adiscon User Interface .resw source; locale=en-US; revision=edd9fe10d4a120194e4a0a1e60a5d04d661b79ab
MWAgent.Client.WinUI/Strings/Resources,MWAgent.Client.WinUI Resources,szLogType,Type of Eventlog,Adiscon User Interface .resw source; locale=en-US; revision=edd9fe10d4a120194e4a0a1e60a5d04d661b79ab
MWAgent.Client.WinUI/Strings/Resources,MWAgent.Client.WinUI Resources,szLogZipGzip,GZIP (.gz) Compression,Adiscon User Interface .resw source; locale=en-US; revision=edd9fe10d4a120194e4a0a1e60a5d04d661b79ab
MWAgent.Client.WinUI/Strings/Resources,MWAgent.Client.WinUI Resources,szLogZipZip,ZIP (.zip) Compression,Adiscon User Interface .resw source; locale=en-US; revision=edd9fe10d4a120194e4a0a1e60a5d04d661b79ab
MWAgent.Client.WinUI/Strings/Resources,MWAgent.Client.WinUI Resources,szMIBSPath,Location of your SNMP Mibs,Adiscon User Interface .resw source; locale=en-US; revision=edd9fe10d4a120194e4a0a1e60a5d04d661b79ab
MWAgent.Client.WinUI/Strings/Resources,MWAgent.Client.WinUI Resources,szMailServer,SMTP Server,Adiscon User Interface .resw source; locale=en-US; revision=edd9fe10d4a120194e4a0a1e60a5d04d661b79ab
MWAgent.Client.WinUI/Strings/Resources,MWAgent.Client.WinUI Resources,szMarkParity,Mark Parity,Adiscon User Interface .resw source; locale=en-US; revision=edd9fe10d4a120194e4a0a1e60a5d04d661b79ab
MWAgent.Client.WinUI/Strings/Resources,MWAgent.Client.WinUI Resources,szMessage,Normalize Parameter,Adiscon User Interface .resw source; locale=en-US; revision=edd9fe10d4a120194e4a0a1e60a5d04d661b79ab
MWAgent.Client.WinUI/Strings/Resources,MWAgent.Client.WinUI Resources,szMessageBegin,Send this on startup,Adiscon User Interface .resw source; locale=en-US; revision=edd9fe10d4a120194e4a0a1e60a5d04d661b79ab
MWAgent.Client.WinUI/Strings/Resources,MWAgent.Client.WinUI Resources,szMessageEnd,How the message is ended,Adiscon User Interface .resw source; locale=en-US; revision=edd9fe10d4a120194e4a0a1e60a5d04d661b79ab
MWAgent.Client.WinUI/Strings/Resources,MWAgent.Client.WinUI Resources,szMessageExpected,Expected Message: ,Adiscon User Interface .resw source; locale=en-US; revision=edd9fe10d4a120194e4a0a1e60a5d04d661b79ab
MWAgent.Client.WinUI/Strings/Resources,MWAgent.Client.WinUI Resources,szMessageFormat,Message Format,Adiscon User Interface .resw source; locale=en-US; revision=edd9fe10d4a120194e4a0a1e60a5d04d661b79ab
MWAgent.Client.WinUI/Strings/Resources,MWAgent.Client.WinUI Resources,szMessageMode,MessageField (%msg%),Adiscon User Interface .resw source; locale=en-US; revision=edd9fe10d4a120194e4a0a1e60a5d04d661b79ab
MWAgent.Client.WinUI/Strings/Resources,MWAgent.Client.WinUI Resources,szMessageProcessing,Message processing related options,Adiscon User Interface .resw source; locale=en-US; revision=edd9fe10d4a120194e4a0a1e60a5d04d661b79ab
MWAgent.Client.WinUI/Strings/Resources,MWAgent.Client.WinUI Resources,szMessageToSend,Message to Send: ,Adiscon User Interface .resw source; locale=en-US; revision=edd9fe10d4a120194e4a0a1e60a5d04d661b79ab
MWAgent.Client.WinUI/Strings/Resources,MWAgent.Client.WinUI Resources,szMessagecontent,Message to log,Adiscon User Interface .resw source; locale=en-US; revision=edd9fe10d4a120194e4a0a1e60a5d04d661b79ab
MWAgent.Client.WinUI/Strings/Resources,MWAgent.Client.WinUI Resources,szMoreInfoCrash,"If enabled, crashdumps will automatically be uploaded to http://crashdump.adiscon.com.
These crash dump do not contain any personal data.
Only data related to the problem will be send. ",Adiscon User Interface .resw source; locale=en-US; revision=edd9fe10d4a120194e4a0a1e60a5d04d661b79ab
MWAgent.Client.WinUI/Strings/Resources,MWAgent.Client.WinUI Resources,szMoreInformation,More information can be found at our Homepage,Adiscon User Interface .resw source; locale=en-US; revision=edd9fe10d4a120194e4a0a1e60a5d04d661b79ab
MWAgent.Client.WinUI/Strings/Resources,MWAgent.Client.WinUI Resources,szMsgSep_,Message separation sequence,Adiscon User Interface .resw source; locale=en-US; revision=edd9fe10d4a120194e4a0a1e60a5d04d661b79ab
MWAgent.Client.WinUI/Strings/Resources,MWAgent.Client.WinUI Resources,szMultiCastAddress,Multicast Address,Adiscon User Interface .resw source; locale=en-US; revision=edd9fe10d4a120194e4a0a1e60a5d04d661b79ab
MWAgent.Client.WinUI/Strings/Resources,MWAgent.Client.WinUI Resources,szMyIPAddress,IP Listener Address,Adiscon User Interface .resw source; locale=en-US; revision=edd9fe10d4a120194e4a0a1e60a5d04d661b79ab
MWAgent.Client.WinUI/Strings/Resources,MWAgent.Client.WinUI Resources,szNNTPServer,NNTP Server,Adiscon User Interface .resw source; locale=en-US; revision=edd9fe10d4a120194e4a0a1e60a5d04d661b79ab
MWAgent.Client.WinUI/Strings/Resources,MWAgent.Client.WinUI Resources,szNetworkOptions,Network specific,Adiscon User Interface .resw source; locale=en-US; revision=edd9fe10d4a120194e4a0a1e60a5d04d661b79ab
MWAgent.Client.WinUI/Strings/Resources,MWAgent.Client.WinUI Resources,szNoParity,No Parity,Adiscon User Interface .resw source; locale=en-US; revision=edd9fe10d4a120194e4a0a1e60a5d04d661b79ab
MWAgent.Client.WinUI/Strings/Resources,MWAgent.Client.WinUI Resources,szODBCDsn,DSN,Adiscon User Interface .resw source; locale=en-US; revision=edd9fe10d4a120194e4a0a1e60a5d04d661b79ab
MWAgent.Client.WinUI/Strings/Resources,MWAgent.Client.WinUI Resources,szODBCPwd,Password,Adiscon User Interface .resw source; locale=en-US; revision=edd9fe10d4a120194e4a0a1e60a5d04d661b79ab
MWAgent.Client.WinUI/Strings/Resources,MWAgent.Client.WinUI Resources,szODBCUid,User-ID,Adiscon User Interface .resw source; locale=en-US; revision=edd9fe10d4a120194e4a0a1e60a5d04d661b79ab
MWAgent.Client.WinUI/Strings/Resources,MWAgent.Client.WinUI Resources,szOddParity,Odd Parity,Adiscon User Interface .resw source; locale=en-US; revision=edd9fe10d4a120194e4a0a1e60a5d04d661b79ab
MWAgent.Client.WinUI/Strings/Resources,MWAgent.Client.WinUI Resources,szOne5StopBits,"1,5 Stop bit",Adiscon User Interface .resw source; locale=en-US; revision=edd9fe10d4a120194e4a0a1e60a5d04d661b79ab
MWAgent.Client.WinUI/Strings/Resources,MWAgent.Client.WinUI Resources,szOneStopBit,1 Stop bit,Adiscon User Interface .resw source; locale=en-US; revision=edd9fe10d4a120194e4a0a1e60a5d04d661b79ab
MWAgent.Client.WinUI/Strings/Resources,MWAgent.Client.WinUI Resources,szOpenSearchOptions,OpenSearch options,Adiscon User Interface .resw source; locale=en-US; revision=edd9fe10d4a120194e4a0a1e60a5d04d661b79ab
MWAgent.Client.WinUI/Strings/Resources,MWAgent.Client.WinUI Resources,szOperationType,Operation type,Adiscon User Interface .resw source; locale=en-US; revision=edd9fe10d4a120194e4a0a1e60a5d04d661b79ab
MWAgent.Client.WinUI/Strings/Resources,MWAgent.Client.WinUI Resources,szOptions,Options,Adiscon User Interface .resw source; locale=en-US; revision=edd9fe10d4a120194e4a0a1e60a5d04d661b79ab
MWAgent.Client.WinUI/Strings/Resources,MWAgent.Client.WinUI Resources,szOtherOptions,Other Engine Options,Adiscon User Interface .resw source; locale=en-US; revision=edd9fe10d4a120194e4a0a1e60a5d04d661b79ab
MWAgent.Client.WinUI/Strings/Resources,MWAgent.Client.WinUI Resources,szOutputFormat_CSV,CSV Format,Adiscon User Interface .resw source; locale=en-US; revision=edd9fe10d4a120194e4a0a1e60a5d04d661b79ab
MWAgent.Client.WinUI/Strings/Resources,MWAgent.Client.WinUI Resources,szOutputFormat_Disabled,Disabled,Adiscon User Interface .resw source; locale=en-US; revision=edd9fe10d4a120194e4a0a1e60a5d04d661b79ab
MWAgent.Client.WinUI/Strings/Resources,MWAgent.Client.WinUI Resources,szOutputFormat_JSON,JSON Format,Adiscon User Interface .resw source; locale=en-US; revision=edd9fe10d4a120194e4a0a1e60a5d04d661b79ab
MWAgent.Client.WinUI/Strings/Resources,MWAgent.Client.WinUI Resources,szOutputFormat_XML,XML Format,Adiscon User Interface .resw source; locale=en-US; revision=edd9fe10d4a120194e4a0a1e60a5d04d661b79ab
MWAgent.Client.WinUI/Strings/Resources,MWAgent.Client.WinUI Resources,szOutputProperty,Output Property,Adiscon User Interface .resw source; locale=en-US; revision=edd9fe10d4a120194e4a0a1e60a5d04d661b79ab
MWAgent.Client.WinUI/Strings/Resources,MWAgent.Client.WinUI Resources,szOverwriteValues,Overwrite Syslog Properties,Adiscon User Interface .resw source; locale=en-US; revision=edd9fe10d4a120194e4a0a1e60a5d04d661b79ab
MWAgent.Client.WinUI/Strings/Resources,MWAgent.Client.WinUI Resources,szPOP3Server,POP3 Server,Adiscon User Interface .resw source; locale=en-US; revision=edd9fe10d4a120194e4a0a1e60a5d04d661b79ab
MWAgent.Client.WinUI/Strings/Resources,MWAgent.Client.WinUI Resources,szParameters,Command Parameters,Adiscon User Interface .resw source; locale=en-US; revision=edd9fe10d4a120194e4a0a1e60a5d04d661b79ab
MWAgent.Client.WinUI/Strings/Resources,MWAgent.Client.WinUI Resources,szParsValue_,Value,Adiscon User Interface .resw source; locale=en-US; revision=edd9fe10d4a120194e4a0a1e60a5d04d661b79ab
MWAgent.Client.WinUI/Strings/Resources,MWAgent.Client.WinUI Resources,szPassword,Password,Adiscon User Interface .resw source; locale=en-US; revision=edd9fe10d4a120194e4a0a1e60a5d04d661b79ab
MWAgent.Client.WinUI/Strings/Resources,MWAgent.Client.WinUI Resources,szPathAndFileName,File and Path Name,Adiscon User Interface .resw source; locale=en-US; revision=edd9fe10d4a120194e4a0a1e60a5d04d661b79ab
MWAgent.Client.WinUI/Strings/Resources,MWAgent.Client.WinUI Resources,szPortName,Send message to this communication port,Adiscon User Interface .resw source; locale=en-US; revision=edd9fe10d4a120194e4a0a1e60a5d04d661b79ab
MWAgent.Client.WinUI/Strings/Resources,MWAgent.Client.WinUI Resources,szPortSettings,Port Settings,Adiscon User Interface .resw source; locale=en-US; revision=edd9fe10d4a120194e4a0a1e60a5d04d661b79ab
MWAgent.Client.WinUI/Strings/Resources,MWAgent.Client.WinUI Resources,szPostProcessApps,Available post process applications,Adiscon User Interface .resw source; locale=en-US; revision=edd9fe10d4a120194e4a0a1e60a5d04d661b79ab
MWAgent.Client.WinUI/Strings/Resources,MWAgent.Client.WinUI Resources,szPriorityLow,Low Priority,Adiscon User Interface .resw source; locale=en-US; revision=edd9fe10d4a120194e4a0a1e60a5d04d661b79ab
MWAgent.Client.WinUI/Strings/Resources,MWAgent.Client.WinUI Resources,szPriorityNormal,Normal Priority,Adiscon User Interface .resw source; locale=en-US; revision=edd9fe10d4a120194e4a0a1e60a5d04d661b79ab
MWAgent.Client.WinUI/Strings/Resources,MWAgent.Client.WinUI Resources,szPriorityhigh,High Priority,Adiscon User Interface .resw source; locale=en-US; revision=edd9fe10d4a120194e4a0a1e60a5d04d661b79ab
MWAgent.Client.WinUI/Strings/Resources,MWAgent.Client.WinUI Resources,szPropertiesTableName,Detaildata Tablename,Adiscon User Interface .resw source; locale=en-US; revision=edd9fe10d4a120194e4a0a1e60a5d04d661b79ab
MWAgent.Client.WinUI/Strings/Resources,MWAgent.Client.WinUI Resources,szPropertyName,Status variable name,Adiscon User Interface .resw source; locale=en-US; revision=edd9fe10d4a120194e4a0a1e60a5d04d661b79ab
MWAgent.Client.WinUI/Strings/Resources,MWAgent.Client.WinUI Resources,szPropertyType,Select property Type,Adiscon User Interface .resw source; locale=en-US; revision=edd9fe10d4a120194e4a0a1e60a5d04d661b79ab
MWAgent.Client.WinUI/Strings/Resources,MWAgent.Client.WinUI Resources,szPropertyValue,Set property value,Adiscon User Interface .resw source; locale=en-US; revision=edd9fe10d4a120194e4a0a1e60a5d04d661b79ab
MWAgent.Client.WinUI/Strings/Resources,MWAgent.Client.WinUI Resources,szProperty_,Property Name,Adiscon User Interface .resw source; locale=en-US; revision=edd9fe10d4a120194e4a0a1e60a5d04d661b79ab
MWAgent.Client.WinUI/Strings/Resources,MWAgent.Client.WinUI Resources,szProvider,Provider,Adiscon User Interface .resw source; locale=en-US; revision=edd9fe10d4a120194e4a0a1e60a5d04d661b79ab
MWAgent.Client.WinUI/Strings/Resources,MWAgent.Client.WinUI Resources,szQueueBody,Queue Message Body,Adiscon User Interface .resw source; locale=en-US; revision=edd9fe10d4a120194e4a0a1e60a5d04d661b79ab
MWAgent.Client.WinUI/Strings/Resources,MWAgent.Client.WinUI Resources,szQueueLable,Queue Message Label,Adiscon User Interface .resw source; locale=en-US; revision=edd9fe10d4a120194e4a0a1e60a5d04d661b79ab
MWAgent.Client.WinUI/Strings/Resources,MWAgent.Client.WinUI Resources,szQueueName,Queuename,Adiscon User Interface .resw source; locale=en-US; revision=edd9fe10d4a120194e4a0a1e60a5d04d661b79ab
MWAgent.Client.WinUI/Strings/Resources,MWAgent.Client.WinUI Resources,szRELPOptions,General Options,Adiscon User Interface .resw source; locale=en-US; revision=edd9fe10d4a120194e4a0a1e60a5d04d661b79ab
MWAgent.Client.WinUI/Strings/Resources,MWAgent.Client.WinUI Resources,szROM,Rest of Message,Adiscon User Interface .resw source; locale=en-US; revision=edd9fe10d4a120194e4a0a1e60a5d04d661b79ab
MWAgent.Client.WinUI/Strings/Resources,MWAgent.Client.WinUI Resources,szReadFileBufferInfo,"The File Monitor reads files in chunks (blocks) with the read Filebuffer size.
The default buffersize is 4096 bytes which is a good balance between performance and memory usage.

You may want to increase the size when using regex message separators and your log lines increase the default file buffer size. Otherwise we recommend not to change this value!",Adiscon User Interface .resw source; locale=en-US; revision=edd9fe10d4a120194e4a0a1e60a5d04d661b79ab
MWAgent.Client.WinUI/Strings/Resources,MWAgent.Client.WinUI Resources,szReferer,Referer,Adiscon User Interface .resw source; locale=en-US; revision=edd9fe10d4a120194e4a0a1e60a5d04d661b79ab
MWAgent.Client.WinUI/Strings/Resources,MWAgent.Client.WinUI Resources,szRegistryError,Error accessing configuration registry,Adiscon User Interface .resw source; locale=en-US; revision=edd9fe10d4a120194e4a0a1e60a5d04d661b79ab
MWAgent.Client.WinUI/Strings/Resources,MWAgent.Client.WinUI Resources,szRemoteHost,Remote host,Adiscon User Interface .resw source; locale=en-US; revision=edd9fe10d4a120194e4a0a1e60a5d04d661b79ab
MWAgent.Client.WinUI/Strings/Resources,MWAgent.Client.WinUI Resources,szRequestTemplateAdvancedHint,Leave the JSON property list empty and both fields blank to auto-serialize all InfoUnit properties as JSON (see preview). The advanced template overrides the property list when non-empty.,Adiscon User Interface .resw source; locale=en-US; revision=edd9fe10d4a120194e4a0a1e60a5d04d661b79ab
MWAgent.Client.WinUI/Strings/Resources,MWAgent.Client.WinUI Resources,szRequestType,Request Type,Adiscon User Interface .resw source; locale=en-US; revision=edd9fe10d4a120194e4a0a1e60a5d04d661b79ab
MWAgent.Client.WinUI/Strings/Resources,MWAgent.Client.WinUI Resources,szResetValue,Reset value,Adiscon User Interface .resw source; locale=en-US; revision=edd9fe10d4a120194e4a0a1e60a5d04d661b79ab
MWAgent.Client.WinUI/Strings/Resources,MWAgent.Client.WinUI Resources,szRessourceOptions,Ressource Library Cache Options,Adiscon User Interface .resw source; locale=en-US; revision=edd9fe10d4a120194e4a0a1e60a5d04d661b79ab
MWAgent.Client.WinUI/Strings/Resources,MWAgent.Client.WinUI Resources,szRestOutputAdvancedTab,Advanced,Adiscon User Interface .resw source; locale=en-US; revision=edd9fe10d4a120194e4a0a1e60a5d04d661b79ab
MWAgent.Client.WinUI/Strings/Resources,MWAgent.Client.WinUI Resources,szRestOutputGeneralTab,General,Adiscon User Interface .resw source; locale=en-US; revision=edd9fe10d4a120194e4a0a1e60a5d04d661b79ab
MWAgent.Client.WinUI/Strings/Resources,MWAgent.Client.WinUI Resources,szRestOutputRequestTab,Request,Adiscon User Interface .resw source; locale=en-US; revision=edd9fe10d4a120194e4a0a1e60a5d04d661b79ab
MWAgent.Client.WinUI/Strings/Resources,MWAgent.Client.WinUI Resources,szRingBufferFile,File and path name,Adiscon User Interface .resw source; locale=en-US; revision=edd9fe10d4a120194e4a0a1e60a5d04d661b79ab
MWAgent.Client.WinUI/Strings/Resources,MWAgent.Client.WinUI Resources,szRingBufferWarning,"Warning! If you enable diskcaching, it will slow down processing of the actions. This depends on the speed of your harddisk. Do only enable this feature if you really want cache the queue on disk for failover reasons. If the processing is interrupted for some reason, the Service will load the queue on startup and process what was in the queue before.",Adiscon User Interface .resw source; locale=en-US; revision=edd9fe10d4a120194e4a0a1e60a5d04d661b79ab
MWAgent.Client.WinUI/Strings/Resources,MWAgent.Client.WinUI Resources,szRotateConditions,Rotate Conditions,Adiscon User Interface .resw source; locale=en-US; revision=edd9fe10d4a120194e4a0a1e60a5d04d661b79ab
MWAgent.Client.WinUI/Strings/Resources,MWAgent.Client.WinUI Resources,szRotatePostProcessing,Rotate PostProcessing,Adiscon User Interface .resw source; locale=en-US; revision=edd9fe10d4a120194e4a0a1e60a5d04d661b79ab
MWAgent.Client.WinUI/Strings/Resources,MWAgent.Client.WinUI Resources,szRotateWorkerOptions,LogRotate Background Worker,Adiscon User Interface .resw source; locale=en-US; revision=edd9fe10d4a120194e4a0a1e60a5d04d661b79ab
MWAgent.Client.WinUI/Strings/Resources,MWAgent.Client.WinUI Resources,szRotateWorkerOptionsDescription,"The queued LogRotate worker subsystem prepares detached files and processes log rotation jobs in the background.
Pending jobs are saved in LogRotationQueue.json and continue after restart.
Temporary .staging files may appear while files are prepared for rotation, compression, or move operations.",Adiscon User Interface .resw source; locale=en-US; revision=edd9fe10d4a120194e4a0a1e60a5d04d661b79ab
MWAgent.Client.WinUI/Strings/Resources,MWAgent.Client.WinUI Resources,szRtsControlDisable,RTS Control Disable,Adiscon User Interface .resw source; locale=en-US; revision=edd9fe10d4a120194e4a0a1e60a5d04d661b79ab
MWAgent.Client.WinUI/Strings/Resources,MWAgent.Client.WinUI Resources,szRtsControlEnable,RTS Control Enable,Adiscon User Interface .resw source; locale=en-US; revision=edd9fe10d4a120194e4a0a1e60a5d04d661b79ab
MWAgent.Client.WinUI/Strings/Resources,MWAgent.Client.WinUI Resources,szRtsControlHandshake,RTS Control Handshake,Adiscon User Interface .resw source; locale=en-US; revision=edd9fe10d4a120194e4a0a1e60a5d04d661b79ab
MWAgent.Client.WinUI/Strings/Resources,MWAgent.Client.WinUI Resources,szRtsControlToggle,RTS Control Toggle,Adiscon User Interface .resw source; locale=en-US; revision=edd9fe10d4a120194e4a0a1e60a5d04d661b79ab
MWAgent.Client.WinUI/Strings/Resources,MWAgent.Client.WinUI Resources,szRuleEngineSpecific,Rule Engine specific,Adiscon User Interface .resw source; locale=en-US; revision=edd9fe10d4a120194e4a0a1e60a5d04d661b79ab
MWAgent.Client.WinUI/Strings/Resources,MWAgent.Client.WinUI Resources,szRuleSet,RuleSet to process,Adiscon User Interface .resw source; locale=en-US; revision=edd9fe10d4a120194e4a0a1e60a5d04d661b79ab
MWAgent.Client.WinUI/Strings/Resources,MWAgent.Client.WinUI Resources,szRuleSetEngineOptions,RuleSet Engine,Adiscon User Interface .resw source; locale=en-US; revision=edd9fe10d4a120194e4a0a1e60a5d04d661b79ab
MWAgent.Client.WinUI/Strings/Resources,MWAgent.Client.WinUI Resources,szRulebase,Select Rulebase File,Adiscon User Interface .resw source; locale=en-US; revision=edd9fe10d4a120194e4a0a1e60a5d04d661b79ab
MWAgent.Client.WinUI/Strings/Resources,MWAgent.Client.WinUI Resources,szSETPOptions,General Options,Adiscon User Interface .resw source; locale=en-US; revision=edd9fe10d4a120194e4a0a1e60a5d04d661b79ab
MWAgent.Client.WinUI/Strings/Resources,MWAgent.Client.WinUI Resources,szSMTPBody,Mail Message Format,Adiscon User Interface .resw source; locale=en-US; revision=edd9fe10d4a120194e4a0a1e60a5d04d661b79ab
MWAgent.Client.WinUI/Strings/Resources,MWAgent.Client.WinUI Resources,szSMTPPassword,SMTP Password,Adiscon User Interface .resw source; locale=en-US; revision=edd9fe10d4a120194e4a0a1e60a5d04d661b79ab
MWAgent.Client.WinUI/Strings/Resources,MWAgent.Client.WinUI Resources,szSMTPRecipient,Recipient Emailaddress,Adiscon User Interface .resw source; locale=en-US; revision=edd9fe10d4a120194e4a0a1e60a5d04d661b79ab
MWAgent.Client.WinUI/Strings/Resources,MWAgent.Client.WinUI Resources,szSMTPSender,Sender Emailaddress,Adiscon User Interface .resw source; locale=en-US; revision=edd9fe10d4a120194e4a0a1e60a5d04d661b79ab
MWAgent.Client.WinUI/Strings/Resources,MWAgent.Client.WinUI Resources,szSMTPServer,Mailserver,Adiscon User Interface .resw source; locale=en-US; revision=edd9fe10d4a120194e4a0a1e60a5d04d661b79ab
MWAgent.Client.WinUI/Strings/Resources,MWAgent.Client.WinUI Resources,szSMTPServerBackup,Backup Mailserver,Adiscon User Interface .resw source; locale=en-US; revision=edd9fe10d4a120194e4a0a1e60a5d04d661b79ab
MWAgent.Client.WinUI/Strings/Resources,MWAgent.Client.WinUI Resources,szSMTPSubject,Subject,Adiscon User Interface .resw source; locale=en-US; revision=edd9fe10d4a120194e4a0a1e60a5d04d661b79ab
MWAgent.Client.WinUI/Strings/Resources,MWAgent.Client.WinUI Resources,szSMTPUsername,SMTP Username,Adiscon User Interface .resw source; locale=en-US; revision=edd9fe10d4a120194e4a0a1e60a5d04d661b79ab
MWAgent.Client.WinUI/Strings/Resources,MWAgent.Client.WinUI Resources,szSNMPOptions,SNMP Options,Adiscon User Interface .resw source; locale=en-US; revision=edd9fe10d4a120194e4a0a1e60a5d04d661b79ab
MWAgent.Client.WinUI/Strings/Resources,MWAgent.Client.WinUI Resources,szSQLConnectionOptions,Connection Options,Adiscon User Interface .resw source; locale=en-US; revision=edd9fe10d4a120194e4a0a1e60a5d04d661b79ab
MWAgent.Client.WinUI/Strings/Resources,MWAgent.Client.WinUI Resources,szSQLOptions,SQL Options,Adiscon User Interface .resw source; locale=en-US; revision=edd9fe10d4a120194e4a0a1e60a5d04d661b79ab
MWAgent.Client.WinUI/Strings/Resources,MWAgent.Client.WinUI Resources,szSSLOptions,SSL options,Adiscon User Interface .resw source; locale=en-US; revision=edd9fe10d4a120194e4a0a1e60a5d04d661b79ab
MWAgent.Client.WinUI/Strings/Resources,MWAgent.Client.WinUI Resources,szSaveSourceProperty,Propertyname: ,Adiscon User Interface .resw source; locale=en-US; revision=edd9fe10d4a120194e4a0a1e60a5d04d661b79ab
MWAgent.Client.WinUI/Strings/Resources,MWAgent.Client.WinUI Resources,szSelectStatement,Statement related properties,Adiscon User Interface .resw source; locale=en-US; revision=edd9fe10d4a120194e4a0a1e60a5d04d661b79ab
MWAgent.Client.WinUI/Strings/Resources,MWAgent.Client.WinUI Resources,szSelectStatementFROM,FROM,Adiscon User Interface .resw source; locale=en-US; revision=edd9fe10d4a120194e4a0a1e60a5d04d661b79ab
MWAgent.Client.WinUI/Strings/Resources,MWAgent.Client.WinUI Resources,szSelectStatementSELECT,SELECT,Adiscon User Interface .resw source; locale=en-US; revision=edd9fe10d4a120194e4a0a1e60a5d04d661b79ab
MWAgent.Client.WinUI/Strings/Resources,MWAgent.Client.WinUI Resources,szSelpSendServer,RELP Servername,Adiscon User Interface .resw source; locale=en-US; revision=edd9fe10d4a120194e4a0a1e60a5d04d661b79ab
MWAgent.Client.WinUI/Strings/Resources,MWAgent.Client.WinUI Resources,szSendModeRoundRobin,Use round robin (multiple syslog servers),Adiscon User Interface .resw source; locale=en-US; revision=edd9fe10d4a120194e4a0a1e60a5d04d661b79ab
MWAgent.Client.WinUI/Strings/Resources,MWAgent.Client.WinUI Resources,szSendModeSingle,Use single syslog server with optional backup server,Adiscon User Interface .resw source; locale=en-US; revision=edd9fe10d4a120194e4a0a1e60a5d04d661b79ab
MWAgent.Client.WinUI/Strings/Resources,MWAgent.Client.WinUI Resources,szServer,Servername,Adiscon User Interface .resw source; locale=en-US; revision=edd9fe10d4a120194e4a0a1e60a5d04d661b79ab
MWAgent.Client.WinUI/Strings/Resources,MWAgent.Client.WinUI Resources,szServerName,Monitor Eventlog from this host,Adiscon User Interface .resw source; locale=en-US; revision=edd9fe10d4a120194e4a0a1e60a5d04d661b79ab
MWAgent.Client.WinUI/Strings/Resources,MWAgent.Client.WinUI Resources,szServiceName,Service Name,Adiscon User Interface .resw source; locale=en-US; revision=edd9fe10d4a120194e4a0a1e60a5d04d661b79ab
MWAgent.Client.WinUI/Strings/Resources,MWAgent.Client.WinUI Resources,szSnmpCheckOid,Query OID (Object ID),Adiscon User Interface .resw source; locale=en-US; revision=edd9fe10d4a120194e4a0a1e60a5d04d661b79ab
MWAgent.Client.WinUI/Strings/Resources,MWAgent.Client.WinUI Resources,szSnmpGeneralOptions,General SNMP Options,Adiscon User Interface .resw source; locale=en-US; revision=edd9fe10d4a120194e4a0a1e60a5d04d661b79ab
MWAgent.Client.WinUI/Strings/Resources,MWAgent.Client.WinUI Resources,szSnmpRelatedValues,SNMP Query related,Adiscon User Interface .resw source; locale=en-US; revision=edd9fe10d4a120194e4a0a1e60a5d04d661b79ab
MWAgent.Client.WinUI/Strings/Resources,MWAgent.Client.WinUI Resources,szSnmpv2Oid,Trap OID,Adiscon User Interface .resw source; locale=en-US; revision=edd9fe10d4a120194e4a0a1e60a5d04d661b79ab
MWAgent.Client.WinUI/Strings/Resources,MWAgent.Client.WinUI Resources,szSourcePropertyName,Select Source Property from which the name will be resolved,Adiscon User Interface .resw source; locale=en-US; revision=edd9fe10d4a120194e4a0a1e60a5d04d661b79ab
MWAgent.Client.WinUI/Strings/Resources,MWAgent.Client.WinUI Resources,szSpaceParity,Space Parity,Adiscon User Interface .resw source; locale=en-US; revision=edd9fe10d4a120194e4a0a1e60a5d04d661b79ab
MWAgent.Client.WinUI/Strings/Resources,MWAgent.Client.WinUI Resources,szSpoofedIPAddress,Fixed IP or single property,Adiscon User Interface .resw source; locale=en-US; revision=edd9fe10d4a120194e4a0a1e60a5d04d661b79ab
MWAgent.Client.WinUI/Strings/Resources,MWAgent.Client.WinUI Resources,szStatusVar,Status variable,Adiscon User Interface .resw source; locale=en-US; revision=edd9fe10d4a120194e4a0a1e60a5d04d661b79ab
MWAgent.Client.WinUI/Strings/Resources,MWAgent.Client.WinUI Resources,szStoredProcedure,CALL (MSSQLStored Procedure),Adiscon User Interface .resw source; locale=en-US; revision=edd9fe10d4a120194e4a0a1e60a5d04d661b79ab
MWAgent.Client.WinUI/Strings/Resources,MWAgent.Client.WinUI Resources,szSubscriptionOptions,Subscription related Options,Adiscon User Interface .resw source; locale=en-US; revision=edd9fe10d4a120194e4a0a1e60a5d04d661b79ab
MWAgent.Client.WinUI/Strings/Resources,MWAgent.Client.WinUI Resources,szSyslogHeaderOptions,SyslogHeader Options,Adiscon User Interface .resw source; locale=en-US; revision=edd9fe10d4a120194e4a0a1e60a5d04d661b79ab
MWAgent.Client.WinUI/Strings/Resources,MWAgent.Client.WinUI Resources,szSyslogMaxMessageSizeDescription,"When oversized messages are received over Syslog TCP, this size limit defines when we have to split the message.
By default the maximum for TCP is set to 1024000 bytes (1MB). For Syslog UDP, the limit is 65536 Bytes due to the UDP Protocol limits.",Adiscon User Interface .resw source; locale=en-US; revision=edd9fe10d4a120194e4a0a1e60a5d04d661b79ab
MWAgent.Client.WinUI/Strings/Resources,MWAgent.Client.WinUI Resources,szSyslogMessageOptions,Syslog Message Options,Adiscon User Interface .resw source; locale=en-US; revision=edd9fe10d4a120194e4a0a1e60a5d04d661b79ab
MWAgent.Client.WinUI/Strings/Resources,MWAgent.Client.WinUI Resources,szSyslogNetworkOptions,Network related Options,Adiscon User Interface .resw source; locale=en-US; revision=edd9fe10d4a120194e4a0a1e60a5d04d661b79ab
MWAgent.Client.WinUI/Strings/Resources,MWAgent.Client.WinUI Resources,szSyslogProcessingCustomHeader,Use Custom Syslog Header,Adiscon User Interface .resw source; locale=en-US; revision=edd9fe10d4a120194e4a0a1e60a5d04d661b79ab
MWAgent.Client.WinUI/Strings/Resources,MWAgent.Client.WinUI Resources,szSyslogProcessingDisabled,"Disable processing, forward as it is.",Adiscon User Interface .resw source; locale=en-US; revision=edd9fe10d4a120194e4a0a1e60a5d04d661b79ab
MWAgent.Client.WinUI/Strings/Resources,MWAgent.Client.WinUI Resources,szSyslogProcessingRFC3164,Use legacy RFC 3164 processing,Adiscon User Interface .resw source; locale=en-US; revision=edd9fe10d4a120194e4a0a1e60a5d04d661b79ab
MWAgent.Client.WinUI/Strings/Resources,MWAgent.Client.WinUI Resources,szSyslogProcessingRFC5424,Use RFC 5424 processing (recommended),Adiscon User Interface .resw source; locale=en-US; revision=edd9fe10d4a120194e4a0a1e60a5d04d661b79ab
MWAgent.Client.WinUI/Strings/Resources,MWAgent.Client.WinUI Resources,szSyslogQueue,SyslogQueue Name,Adiscon User Interface .resw source; locale=en-US; revision=edd9fe10d4a120194e4a0a1e60a5d04d661b79ab
MWAgent.Client.WinUI/Strings/Resources,MWAgent.Client.WinUI Resources,szSyslogQueueOptions,SyslogQueue Options,Adiscon User Interface .resw source; locale=en-US; revision=edd9fe10d4a120194e4a0a1e60a5d04d661b79ab
MWAgent.Client.WinUI/Strings/Resources,MWAgent.Client.WinUI Resources,szSyslogSSLOptions,SSL/TLS related Options,Adiscon User Interface .resw source; locale=en-US; revision=edd9fe10d4a120194e4a0a1e60a5d04d661b79ab
MWAgent.Client.WinUI/Strings/Resources,MWAgent.Client.WinUI Resources,szSyslogSendServer,Syslog Server,Adiscon User Interface .resw source; locale=en-US; revision=edd9fe10d4a120194e4a0a1e60a5d04d661b79ab
MWAgent.Client.WinUI/Strings/Resources,MWAgent.Client.WinUI Resources,szSyslogServerBackup,Backup Syslog Server,Adiscon User Interface .resw source; locale=en-US; revision=edd9fe10d4a120194e4a0a1e60a5d04d661b79ab
MWAgent.Client.WinUI/Strings/Resources,MWAgent.Client.WinUI Resources,szSyslogServerOptions,Syslog Receiver Options,Adiscon User Interface .resw source; locale=en-US; revision=edd9fe10d4a120194e4a0a1e60a5d04d661b79ab
MWAgent.Client.WinUI/Strings/Resources,MWAgent.Client.WinUI Resources,szSyslogServer_,Syslog Server,Adiscon User Interface .resw source; locale=en-US; revision=edd9fe10d4a120194e4a0a1e60a5d04d661b79ab
MWAgent.Client.WinUI/Strings/Resources,MWAgent.Client.WinUI Resources,szSyslogTCPOptions,TCP related Options,Adiscon User Interface .resw source; locale=en-US; revision=edd9fe10d4a120194e4a0a1e60a5d04d661b79ab
MWAgent.Client.WinUI/Strings/Resources,MWAgent.Client.WinUI Resources,szSyslogTagValue,Syslog Tag Value,Adiscon User Interface .resw source; locale=en-US; revision=edd9fe10d4a120194e4a0a1e60a5d04d661b79ab
MWAgent.Client.WinUI/Strings/Resources,MWAgent.Client.WinUI Resources,szSyslogTargetOptions,Syslog Target Options,Adiscon User Interface .resw source; locale=en-US; revision=edd9fe10d4a120194e4a0a1e60a5d04d661b79ab
MWAgent.Client.WinUI/Strings/Resources,MWAgent.Client.WinUI Resources,szSyslogUDPOptions,UDP related Options,Adiscon User Interface .resw source; locale=en-US; revision=edd9fe10d4a120194e4a0a1e60a5d04d661b79ab
MWAgent.Client.WinUI/Strings/Resources,MWAgent.Client.WinUI Resources,szTCPMsgSep,Message separation sequence,Adiscon User Interface .resw source; locale=en-US; revision=edd9fe10d4a120194e4a0a1e60a5d04d661b79ab
MWAgent.Client.WinUI/Strings/Resources,MWAgent.Client.WinUI Resources,szTCPOptions,TCPOptions,Adiscon User Interface .resw source; locale=en-US; revision=edd9fe10d4a120194e4a0a1e60a5d04d661b79ab
MWAgent.Client.WinUI/Strings/Resources,MWAgent.Client.WinUI Resources,szTLSAdvancedOptions,TLS Advanced,Adiscon User Interface .resw source; locale=en-US; revision=edd9fe10d4a120194e4a0a1e60a5d04d661b79ab
MWAgent.Client.WinUI/Strings/Resources,MWAgent.Client.WinUI Resources,szTLSCommandsInfo,"By enabling this option, you can set OpenSSL configuration commands directly. For more information on available configuration parameters for each command type, visit: ",Adiscon User Interface .resw source; locale=en-US; revision=edd9fe10d4a120194e4a0a1e60a5d04d661b79ab
MWAgent.Client.WinUI/Strings/Resources,MWAgent.Client.WinUI Resources,szTLSCommandsInfoLink,OpenSSL SSL_CONF_cmd documentation,Adiscon User Interface .resw source; locale=en-US; revision=edd9fe10d4a120194e4a0a1e60a5d04d661b79ab
MWAgent.Client.WinUI/Strings/Resources,MWAgent.Client.WinUI Resources,szTLSOptions,TLS Options,Adiscon User Interface .resw source; locale=en-US; revision=edd9fe10d4a120194e4a0a1e60a5d04d661b79ab
MWAgent.Client.WinUI/Strings/Resources,MWAgent.Client.WinUI Resources,szTabAdvanced,Advanced Options,Adiscon User Interface .resw source; locale=en-US; revision=edd9fe10d4a120194e4a0a1e60a5d04d661b79ab
MWAgent.Client.WinUI/Strings/Resources,MWAgent.Client.WinUI Resources,szTabCPU,CPU,Adiscon User Interface .resw source; locale=en-US; revision=edd9fe10d4a120194e4a0a1e60a5d04d661b79ab
MWAgent.Client.WinUI/Strings/Resources,MWAgent.Client.WinUI Resources,szTabCaching,Event Caching,Adiscon User Interface .resw source; locale=en-US; revision=edd9fe10d4a120194e4a0a1e60a5d04d661b79ab
MWAgent.Client.WinUI/Strings/Resources,MWAgent.Client.WinUI Resources,szTabEncoding,Encoding,Adiscon User Interface .resw source; locale=en-US; revision=edd9fe10d4a120194e4a0a1e60a5d04d661b79ab
MWAgent.Client.WinUI/Strings/Resources,MWAgent.Client.WinUI Resources,szTabEventChannels,Event Channels,Adiscon User Interface .resw source; locale=en-US; revision=edd9fe10d4a120194e4a0a1e60a5d04d661b79ab
MWAgent.Client.WinUI/Strings/Resources,MWAgent.Client.WinUI Resources,szTabFiles,Processed Files,Adiscon User Interface .resw source; locale=en-US; revision=edd9fe10d4a120194e4a0a1e60a5d04d661b79ab
MWAgent.Client.WinUI/Strings/Resources,MWAgent.Client.WinUI Resources,szTabGeneral,General Options,Adiscon User Interface .resw source; locale=en-US; revision=edd9fe10d4a120194e4a0a1e60a5d04d661b79ab
MWAgent.Client.WinUI/Strings/Resources,MWAgent.Client.WinUI Resources,szTabMailFormatOptions,Mail Format Options,Adiscon User Interface .resw source; locale=en-US; revision=edd9fe10d4a120194e4a0a1e60a5d04d661b79ab
MWAgent.Client.WinUI/Strings/Resources,MWAgent.Client.WinUI Resources,szTabMailServerOptions,Mail Server Options,Adiscon User Interface .resw source; locale=en-US; revision=edd9fe10d4a120194e4a0a1e60a5d04d661b79ab
MWAgent.Client.WinUI/Strings/Resources,MWAgent.Client.WinUI Resources,szTabMemory,Total Memory,Adiscon User Interface .resw source; locale=en-US; revision=edd9fe10d4a120194e4a0a1e60a5d04d661b79ab
MWAgent.Client.WinUI/Strings/Resources,MWAgent.Client.WinUI Resources,szTabMsgSep,Message Separators,Adiscon User Interface .resw source; locale=en-US; revision=edd9fe10d4a120194e4a0a1e60a5d04d661b79ab
MWAgent.Client.WinUI/Strings/Resources,MWAgent.Client.WinUI Resources,szTabPhyMemory,Physical Memory,Adiscon User Interface .resw source; locale=en-US; revision=edd9fe10d4a120194e4a0a1e60a5d04d661b79ab
MWAgent.Client.WinUI/Strings/Resources,MWAgent.Client.WinUI Resources,szTabVirtMemory,Virtual Memory,Adiscon User Interface .resw source; locale=en-US; revision=edd9fe10d4a120194e4a0a1e60a5d04d661b79ab
MWAgent.Client.WinUI/Strings/Resources,MWAgent.Client.WinUI Resources,szTableID,ID Field name,Adiscon User Interface .resw source; locale=en-US; revision=edd9fe10d4a120194e4a0a1e60a5d04d661b79ab
MWAgent.Client.WinUI/Strings/Resources,MWAgent.Client.WinUI Resources,szTableName,Table Name,Adiscon User Interface .resw source; locale=en-US; revision=edd9fe10d4a120194e4a0a1e60a5d04d661b79ab
MWAgent.Client.WinUI/Strings/Resources,MWAgent.Client.WinUI Resources,szTarget,Target Machine,Adiscon User Interface .resw source; locale=en-US; revision=edd9fe10d4a120194e4a0a1e60a5d04d661b79ab
MWAgent.Client.WinUI/Strings/Resources,MWAgent.Client.WinUI Resources,szText,text,Adiscon User Interface .resw source; locale=en-US; revision=edd9fe10d4a120194e4a0a1e60a5d04d661b79ab
MWAgent.Client.WinUI/Strings/Resources,MWAgent.Client.WinUI Resources,szTwoStopBits,2 Stop bits,Adiscon User Interface .resw source; locale=en-US; revision=edd9fe10d4a120194e4a0a1e60a5d04d661b79ab
MWAgent.Client.WinUI/Strings/Resources,MWAgent.Client.WinUI Resources,szTypeAgentcap,Agent Cap,Adiscon User Interface .resw source; locale=en-US; revision=edd9fe10d4a120194e4a0a1e60a5d04d661b79ab
MWAgent.Client.WinUI/Strings/Resources,MWAgent.Client.WinUI Resources,szTypeBitstring,Bit String,Adiscon User Interface .resw source; locale=en-US; revision=edd9fe10d4a120194e4a0a1e60a5d04d661b79ab
MWAgent.Client.WinUI/Strings/Resources,MWAgent.Client.WinUI Resources,szTypeCounter,Counter,Adiscon User Interface .resw source; locale=en-US; revision=edd9fe10d4a120194e4a0a1e60a5d04d661b79ab
MWAgent.Client.WinUI/Strings/Resources,MWAgent.Client.WinUI Resources,szTypeCounter64,Counter64,Adiscon User Interface .resw source; locale=en-US; revision=edd9fe10d4a120194e4a0a1e60a5d04d661b79ab
MWAgent.Client.WinUI/Strings/Resources,MWAgent.Client.WinUI Resources,szTypeGauge,Gauge,Adiscon User Interface .resw source; locale=en-US; revision=edd9fe10d4a120194e4a0a1e60a5d04d661b79ab
MWAgent.Client.WinUI/Strings/Resources,MWAgent.Client.WinUI Resources,szTypeInteger,Integer,Adiscon User Interface .resw source; locale=en-US; revision=edd9fe10d4a120194e4a0a1e60a5d04d661b79ab
MWAgent.Client.WinUI/Strings/Resources,MWAgent.Client.WinUI Resources,szTypeInteger32,Signed Integer32,Adiscon User Interface .resw source; locale=en-US; revision=edd9fe10d4a120194e4a0a1e60a5d04d661b79ab
MWAgent.Client.WinUI/Strings/Resources,MWAgent.Client.WinUI Resources,szTypeIpaddr,IPAddress,Adiscon User Interface .resw source; locale=en-US; revision=edd9fe10d4a120194e4a0a1e60a5d04d661b79ab
MWAgent.Client.WinUI/Strings/Resources,MWAgent.Client.WinUI Resources,szTypeModcomp,Mod Comp,Adiscon User Interface .resw source; locale=en-US; revision=edd9fe10d4a120194e4a0a1e60a5d04d661b79ab
MWAgent.Client.WinUI/Strings/Resources,MWAgent.Client.WinUI Resources,szTypeModid,ModID,Adiscon User Interface .resw source; locale=en-US; revision=edd9fe10d4a120194e4a0a1e60a5d04d661b79ab
MWAgent.Client.WinUI/Strings/Resources,MWAgent.Client.WinUI Resources,szTypeNetaddr,Net Address,Adiscon User Interface .resw source; locale=en-US; revision=edd9fe10d4a120194e4a0a1e60a5d04d661b79ab
MWAgent.Client.WinUI/Strings/Resources,MWAgent.Client.WinUI Resources,szTypeNotiftype,Notify Type,Adiscon User Interface .resw source; locale=en-US; revision=edd9fe10d4a120194e4a0a1e60a5d04d661b79ab
MWAgent.Client.WinUI/Strings/Resources,MWAgent.Client.WinUI Resources,szTypeNsapaddress,NSAP Address,Adiscon User Interface .resw source; locale=en-US; revision=edd9fe10d4a120194e4a0a1e60a5d04d661b79ab
MWAgent.Client.WinUI/Strings/Resources,MWAgent.Client.WinUI Resources,szTypeNull,Null,Adiscon User Interface .resw source; locale=en-US; revision=edd9fe10d4a120194e4a0a1e60a5d04d661b79ab
MWAgent.Client.WinUI/Strings/Resources,MWAgent.Client.WinUI Resources,szTypeObjgroup,Object Group,Adiscon User Interface .resw source; locale=en-US; revision=edd9fe10d4a120194e4a0a1e60a5d04d661b79ab
MWAgent.Client.WinUI/Strings/Resources,MWAgent.Client.WinUI Resources,szTypeObjid,ObjectID,Adiscon User Interface .resw source; locale=en-US; revision=edd9fe10d4a120194e4a0a1e60a5d04d661b79ab
MWAgent.Client.WinUI/Strings/Resources,MWAgent.Client.WinUI Resources,szTypeOctetstr,Octet String,Adiscon User Interface .resw source; locale=en-US; revision=edd9fe10d4a120194e4a0a1e60a5d04d661b79ab
MWAgent.Client.WinUI/Strings/Resources,MWAgent.Client.WinUI Resources,szTypeOpaque,Opaque,Adiscon User Interface .resw source; locale=en-US; revision=edd9fe10d4a120194e4a0a1e60a5d04d661b79ab
MWAgent.Client.WinUI/Strings/Resources,MWAgent.Client.WinUI Resources,szTypeOther,Other,Adiscon User Interface .resw source; locale=en-US; revision=edd9fe10d4a120194e4a0a1e60a5d04d661b79ab
MWAgent.Client.WinUI/Strings/Resources,MWAgent.Client.WinUI Resources,szTypeTimeticks,Timeticks,Adiscon User Interface .resw source; locale=en-US; revision=edd9fe10d4a120194e4a0a1e60a5d04d661b79ab
MWAgent.Client.WinUI/Strings/Resources,MWAgent.Client.WinUI Resources,szTypeTraptype,Trap Type,Adiscon User Interface .resw source; locale=en-US; revision=edd9fe10d4a120194e4a0a1e60a5d04d661b79ab
MWAgent.Client.WinUI/Strings/Resources,MWAgent.Client.WinUI Resources,szTypeUinteger,UInteger,Adiscon User Interface .resw source; locale=en-US; revision=edd9fe10d4a120194e4a0a1e60a5d04d661b79ab
MWAgent.Client.WinUI/Strings/Resources,MWAgent.Client.WinUI Resources,szTypeUnsigned32,Unsigned Integer32,Adiscon User Interface .resw source; locale=en-US; revision=edd9fe10d4a120194e4a0a1e60a5d04d661b79ab
MWAgent.Client.WinUI/Strings/Resources,MWAgent.Client.WinUI Resources,szUDPOptions,UDP Options,Adiscon User Interface .resw source; locale=en-US; revision=edd9fe10d4a120194e4a0a1e60a5d04d661b79ab
MWAgent.Client.WinUI/Strings/Resources,MWAgent.Client.WinUI Resources,szUnixTimestamp,UNIX/LINUX-like Timestamp,Adiscon User Interface .resw source; locale=en-US; revision=edd9fe10d4a120194e4a0a1e60a5d04d661b79ab
MWAgent.Client.WinUI/Strings/Resources,MWAgent.Client.WinUI Resources,szUpTo,UpTo,Adiscon User Interface .resw source; locale=en-US; revision=edd9fe10d4a120194e4a0a1e60a5d04d661b79ab
MWAgent.Client.WinUI/Strings/Resources,MWAgent.Client.WinUI Resources,szUrl,Url & Querystring,Adiscon User Interface .resw source; locale=en-US; revision=edd9fe10d4a120194e4a0a1e60a5d04d661b79ab
MWAgent.Client.WinUI/Strings/Resources,MWAgent.Client.WinUI Resources,szUserAgent,User Agent (Browser),Adiscon User Interface .resw source; locale=en-US; revision=edd9fe10d4a120194e4a0a1e60a5d04d661b79ab
MWAgent.Client.WinUI/Strings/Resources,MWAgent.Client.WinUI Resources,szUsername,Username,Adiscon User Interface .resw source; locale=en-US; revision=edd9fe10d4a120194e4a0a1e60a5d04d661b79ab
MWAgent.Client.WinUI/Strings/Resources,MWAgent.Client.WinUI Resources,szVarChar,varchar,Adiscon User Interface .resw source; locale=en-US; revision=edd9fe10d4a120194e4a0a1e60a5d04d661b79ab
MWAgent.Client.WinUI/Strings/Resources,MWAgent.Client.WinUI Resources,szVariableOID_,Variable OID,Adiscon User Interface .resw source; locale=en-US; revision=edd9fe10d4a120194e4a0a1e60a5d04d661b79ab
MWAgent.Client.WinUI/Strings/Resources,MWAgent.Client.WinUI Resources,szVariableValue_,Variable Value,Adiscon User Interface .resw source; locale=en-US; revision=edd9fe10d4a120194e4a0a1e60a5d04d661b79ab
MWAgent.Client.WinUI/Strings/Resources,MWAgent.Client.WinUI Resources,szW3CHeader,W3C Header Value,Adiscon User Interface .resw source; locale=en-US; revision=edd9fe10d4a120194e4a0a1e60a5d04d661b79ab
MWAgent.Client.WinUI/Strings/Resources,MWAgent.Client.WinUI Resources,szWarningSavingConfiguration,Warning while saving Configuration,Adiscon User Interface .resw source; locale=en-US; revision=edd9fe10d4a120194e4a0a1e60a5d04d661b79ab
MWAgent.Client.WinUI/Strings/Resources,MWAgent.Client.WinUI Resources,szWarningSavingConfigurationBackup,Failed to backup old configuration file. Saving the configuration into the following file may fail: ,Adiscon User Interface .resw source; locale=en-US; revision=edd9fe10d4a120194e4a0a1e60a5d04d661b79ab
MWAgent.Client.WinUI/Strings/Resources,MWAgent.Client.WinUI Resources,szWarningSavingConfigurationOldFile,Failed to delete an old configuration file. The file maybe blocked by another process. You will have to manually delete the following file: ,Adiscon User Interface .resw source; locale=en-US; revision=edd9fe10d4a120194e4a0a1e60a5d04d661b79ab
MWAgent.Client.WinUI/Strings/Resources,MWAgent.Client.WinUI Resources,szWord,Single Word,Adiscon User Interface .resw source; locale=en-US; revision=edd9fe10d4a120194e4a0a1e60a5d04d661b79ab
MWAgent.Client.WinUI/Strings/Resources,MWAgent.Client.WinUI Resources,szXMLBookmark,Last Record,Adiscon User Interface .resw source; locale=en-US; revision=edd9fe10d4a120194e4a0a1e60a5d04d661b79ab
MWAgent.Client.WinUI/Strings/Resources,MWAgent.Client.WinUI Resources,szXmlFormat,XML Format,Adiscon User Interface .resw source; locale=en-US; revision=edd9fe10d4a120194e4a0a1e60a5d04d661b79ab
MWAgent.Client.WinUI/Strings/Resources,MWAgent.Client.WinUI Resources,sz_runhigh,High,Adiscon User Interface .resw source; locale=en-US; revision=edd9fe10d4a120194e4a0a1e60a5d04d661b79ab
MWAgent.Client.WinUI/Strings/Resources,MWAgent.Client.WinUI Resources,sz_runidle,Run with idle priority,Adiscon User Interface .resw source; locale=en-US; revision=edd9fe10d4a120194e4a0a1e60a5d04d661b79ab
MWAgent.Client.WinUI/Strings/Resources,MWAgent.Client.WinUI Resources,sz_runlow,Low ,Adiscon User Interface .resw source; locale=en-US; revision=edd9fe10d4a120194e4a0a1e60a5d04d661b79ab
MWAgent.Client.WinUI/Strings/Resources,MWAgent.Client.WinUI Resources,sz_runnormal,Normal,Adiscon User Interface .resw source; locale=en-US; revision=edd9fe10d4a120194e4a0a1e60a5d04d661b79ab
MWAgent.Client.WinUI/Strings/Resources,MWAgent.Client.WinUI Resources,tlsallowedentries,Permitted Peers,Adiscon User Interface .resw source; locale=en-US; revision=edd9fe10d4a120194e4a0a1e60a5d04d661b79ab
MWAgent.Client.WinUI/Strings/Resources,MWAgent.Client.WinUI Resources,txteventchannels,Eventlog Channel,Adiscon User Interface .resw source; locale=en-US; revision=edd9fe10d4a120194e4a0a1e60a5d04d661b79ab
MWAgent.Client.WinUI/Strings/Resources,MWAgent.Client.WinUI Resources,txtfileitems,Filename,Adiscon User Interface .resw source; locale=en-US; revision=edd9fe10d4a120194e4a0a1e60a5d04d661b79ab
MWAgent.Client.WinUI/Strings/Resources,MWAgent.Client.WinUI Resources,txtprocessedfiles,Processed Filename,Adiscon User Interface .resw source; locale=en-US; revision=edd9fe10d4a120194e4a0a1e60a5d04d661b79ab
