Unit,Unit Name,ID,English,Sprache,Comment
ClientCore/CTimeHelper,C Time Helper,szTime100milliseconds,100 Milliseconds,100 milisegundos,
ClientCore/CTimeHelper,C Time Helper,szTime10milliseconds,10 milliseconds,10 milisegundos,
ClientCore/CTimeHelper,C Time Helper,szTime1millisecond,1 millisecond,1 milisegundo,
ClientCore/CTimeHelper,C Time Helper,szTime250milliseconds,250 Milliseconds,250 milisegundos,
ClientCore/CTimeHelper,C Time Helper,szTime500milliseconds,500 Milliseconds,500 milisegundos,
ClientCore/CTimeHelper,C Time Helper,szTime50milliseconds,50 milliseconds,50 milisegundos,
ClientCore/CTimeHelper,C Time Helper,szTime5milliseconds,5 milliseconds,5 milisegundos,
ClientCore/CTimeHelper,C Time Helper,szTimeCustom,-- Custom --,-- Costumbre --,
ClientCore/CTimeHelper,C Time Helper,szTimeDisabled,0 (disabled),0 (deshabilitado),
ClientCore/CTimeHelper,C Time Helper,szTimeFifteenMinutes,15 Minutes,15 minutos,
ClientCore/CTimeHelper,C Time Helper,szTimeFifteenSecond,15 seconds,15 segundos,
ClientCore/CTimeHelper,C Time Helper,szTimeFiveMinutes,5 Minutes,5 minutos,
ClientCore/CTimeHelper,C Time Helper,szTimeFiveSecond,5 seconds,5 segundos,
ClientCore/CTimeHelper,C Time Helper,szTimeFortyFiveSecond,45 seconds,45 segundos,
ClientCore/CTimeHelper,C Time Helper,szTimeHalfHour,30 minutes,30 minutos,
ClientCore/CTimeHelper,C Time Helper,szTimeOneHour,1 hour,1 hora,
ClientCore/CTimeHelper,C Time Helper,szTimeOneMinute,1 Minute,1 minuto,
ClientCore/CTimeHelper,C Time Helper,szTimeOneSecond,1 second,1 segundo,
ClientCore/CTimeHelper,C Time Helper,szTimeSixHours,6 hours,6 horas,
ClientCore/CTimeHelper,C Time Helper,szTimeTenSecond,10 seconds,10 segundos,
ClientCore/CTimeHelper,C Time Helper,szTimeThirtySecond,30 seconds,30 segundos,
ClientCore/CTimeHelper,C Time Helper,szTimeThreeHours,3 hours,3 horas,
ClientCore/CTimeHelper,C Time Helper,szTimeTwelveHours,12 hours,12 horas,
ClientCore/CTimeHelper,C Time Helper,szTimeTwentyFourHours,24 hours,24 horas,
ClientCore/CTimeHelper,C Time Helper,szTimeTwoHours,2 hours,2 horas,
ClientCore/CTimeHelper,C Time Helper,szUnitHour,hours,horas,
ClientCore/CTimeHelper,C Time Helper,szUnitMilliSecond,milliseconds,milisegundos,
ClientCore/CTimeHelper,C Time Helper,szUnitMinute,minutes,minutos,
ClientCore/CTimeHelper,C Time Helper,szUnitSecond,seconds,artículos de segunda clase,
ClientCore/extIPAddressTextBox,ext IP Address Text Box,$this.Name,IPAddressTextBox,,
ClientCore/frmAboutTemplate,About Template Form,$this.Text,frmAbout,,
ClientCore/frmAboutTemplate,About Template Form,lblClient.Text,Client Version: ,Versión del cliente:,
ClientCore/frmAboutTemplate,About Template Form,lblClientVersion.Text,1.x,,
ClientCore/frmAboutTemplate,About Template Form,lblLink.Text,www.product.com,,
ClientCore/frmAboutTemplate,About Template Form,lblMoreInformation.Text,More Information at,Más información en,
ClientCore/frmAboutTemplate,About Template Form,lblService.Text,Service Version: ,Versión del servicio:,
ClientCore/frmAboutTemplate,About Template Form,lblServiceVersion.Text,1.x,,
ClientCore/frmAboutTemplate,About Template Form,lblTitle.Text,About [Product],,
ClientCore/frmAddRule,Add Rule Form,$this.Text,Add Rule,,
ClientCore/frmAddRule,Add Rule Form,cmdCancel.Text,Cancel,Cancelar,
ClientCore/frmAddRule,Add Rule Form,cmdOK.Text,OK,Aceptar,
ClientCore/frmAddRule,Add Rule Form,lblAfterRuleAdded.Text,After the Rule has been added...,Tras añadir la Rule...,
ClientCore/frmAddRule,Add Rule Form,lblExample.Text,For example MyRule or Rule1,Ej: MyRule o Rule1,
ClientCore/frmAddRule,Add Rule Form,lblName.Text,Enter the Name of the new Rule,Nombre de la nueva Rule,
ClientCore/frmAddRule,Add Rule Form,lblTitle.Text,Adding a new Rule ...,Añadir Rule,
ClientCore/frmAddRule,Add Rule Form,rdAddActions.Text,Add the selected Actions to the Rule.,Añadir Actions seleccionadas,
ClientCore/frmAddRule,Add Rule Form,rdNoActions.Text,Do not add any Actions yet.,Sin Actions por ahora,
ClientCore/frmAddRuleSet,Add Rule Set Form,$this.Text,Add RuleSet,,
ClientCore/frmAddRuleSet,Add Rule Set Form,cmdCancel.Text,Cancel,Cancelar,
ClientCore/frmAddRuleSet,Add Rule Set Form,cmdOK.Text,OK,Aceptar,
ClientCore/frmAddRuleSet,Add Rule Set Form,lblAfterRuleSet.Text,After the RuleSet has been added...,Tras añadir el RuleSet...,
ClientCore/frmAddRuleSet,Add Rule Set Form,lblExample.Text,For example MyRuleSet or RuleSet1,Ej: MyRuleSet o RuleSet1,
ClientCore/frmAddRuleSet,Add Rule Set Form,lblName.Text,Enter the Name of the new RuleSet,Nombre del nuevo RuleSet,
ClientCore/frmAddRuleSet,Add Rule Set Form,lblTitle.Text,Adding a new RuleSet ...,Añadir RuleSet,
ClientCore/frmAddRuleSet,Add Rule Set Form,rdNoRule.Text,Do not add a Rule yet.,No agregue un Rule todavía.,
ClientCore/frmAddRuleSet,Add Rule Set Form,rdRulePerAction.Text,Add a Rule for each of these Actions.,Agregue un Rule para cada uno de estos Action.,
ClientCore/frmAddRuleSet,Add Rule Set Form,rdSingleRule.Text,Add a single Rule including these Actions.,Agregue un único Rule que incluya estos Action.,
ClientCore/frmClientConfig,Client Config Form,$this.Text,Options,,
ClientCore/frmClientConfig,Client Config Form,btnValidateUrl.Text,Validate,Validar,
ClientCore/frmClientConfig,Client Config Form,chkAlwaysReloadApplication.Text,Always ask to reload application on language change,Preguntar siempre si recargar la aplicación al cambiar el idioma,
ClientCore/frmClientConfig,Client Config Form,chkAutoConfigReloadFromUrl.Text,Automatically Reload Configuration from URL (https required),Recargar automáticamente la configuración desde URL (se requiere https),
ClientCore/frmClientConfig,Client Config Form,chkAutoSaveWarning.Text,Suppress Autosave warning message,Suprimir mensaje de advertencia de guardado automático,
ClientCore/frmClientConfig,Client Config Form,chkAutoSortDataGrids.Text,Sort Datagrid Lists automatically,Ordenar automáticamente las cuadrículas de datos: ,
ClientCore/frmClientConfig,Client Config Form,chkLoadMibsDescription.Text,Load SNMP Mibs Description  (Slows OID Browser down first time),Cargar descripción de MIBs SNMP (ralentiza el navegador OID la primera vez),
ClientCore/frmClientConfig,Client Config Form,chkServiceWarning.Text,Suppress warning when a service is deleted,Suprimir advertencia cuando se elimina un servicio,
ClientCore/frmClientConfig,Client Config Form,chkSplitConfigurationForRuleSets.Text,Create individual configuration files for RuleSets,Crear archivos de configuración individuales para RuleSets,
ClientCore/frmClientConfig,Client Config Form,chkSplitConfigurationForServices.Text,Create individual configuration files for Services,Crear archivos de configuración individuales para Servicios,
ClientCore/frmClientConfig,Client Config Form,cmdBrowseFileConfig.Text,Browse,,
ClientCore/frmClientConfig,Client Config Form,cmdBrowseFileData.Text,Browse,,
ClientCore/frmClientConfig,Client Config Form,cmdCancel.Text,Cancel,Cancelar,
ClientCore/frmClientConfig,Client Config Form,cmdOK.Text,OK,Aceptar,
ClientCore/frmClientConfig,Client Config Form,lblAutoConfigReloadFromUrlSleepTime.Text,Check interval: ,Intervalo:,
ClientCore/frmClientConfig,Client Config Form,lblBaseKey.Text,Base Registry Key:,Clave base:,
ClientCore/frmClientConfig,Client Config Form,lblConfigFilename.Text,Confiuration Filename:,Archivo config:,
ClientCore/frmClientConfig,Client Config Form,lblDataDirectory.Text,Data Directory:,Directorio datos:,
ClientCore/frmClientConfig,Client Config Form,lblDataKey.Text,Data Registry Key:,Clave datos:,
ClientCore/frmClientConfig,Client Config Form,lblLanguage.Text,Choose Display language:,Idioma:,
ClientCore/frmClientConfig,Client Config Form,lblRootKey.Text,Root Registry Key:,Clave raíz:,
ClientCore/frmClientConfig,Client Config Form,rbFile.Text,Load Configuration from File,Cargar desde archivo,
ClientCore/frmClientConfig,Client Config Form,rbRegistry.Text,Load Configuration from Registry ,Cargar desde registro,
ClientCore/frmClientConfig,Client Config Form,tpConfigAccess.Text,Config Access,Acceso config.,
ClientCore/frmClientConfig,Client Config Form,tpGeneral.Text,General,General,
ClientCore/frmConfig,Config Form,$this.Text,frmConfig,,
ClientCore/frmConfig,Config Form,szTLSCommandsInfo,"By enabling this option, you can set OpenSSL configuration commands directly. For more information on available configuration parameters for each command type, visit: ","Al habilitar esta opción, puede establecer comandos de configuración OpenSSL directamente. Para más información sobre los parámetros de configuración disponibles para cada tipo de comando, visite: ",
ClientCore/frmConfig,Config Form,szTLSCommandsInfoLink,OpenSSL SSL_CONF_cmd documentation,Documentación de OpenSSL SSL_CONF_cmd,
ClientCore/frmEventViewer,Event Viewer Form,$this.Text,EventViewer,Visor de eventos,
ClientCore/frmEventViewer,Event Viewer Form,SFDiagEvents.Title,Save selected Events as ...,,
ClientCore/frmEventViewer,Event Viewer Form,STBEvents.Text,statusStrip1,,
ClientCore/frmEventViewer,Event Viewer Form,cDateTime.HeaderText,Date and Time,Fecha y hora,
ClientCore/frmEventViewer,Event Viewer Form,cEventID.HeaderText,Event ID,ID de evento,
ClientCore/frmEventViewer,Event Viewer Form,cEventIndex.HeaderText,Index [hidden],,
ClientCore/frmEventViewer,Event Viewer Form,cEventLevel.HeaderText,Event Level,Nivel de evento,
ClientCore/frmEventViewer,Event Viewer Form,cLevelImage.HeaderText,_,,
ClientCore/frmEventViewer,Event Viewer Form,cSource.HeaderText,Source,Origen,
ClientCore/frmEventViewer,Event Viewer Form,cTaskCategory.HeaderText,Task Category,Categoría tarea,
ClientCore/frmEventViewer,Event Viewer Form,cbTimeMode.Items,Any time,,
ClientCore/frmEventViewer,Event Viewer Form,cbTimeMode.Items1,Last hour,,
ClientCore/frmEventViewer,Event Viewer Form,cbTimeMode.Items2,Last 12 hours,,
ClientCore/frmEventViewer,Event Viewer Form,cbTimeMode.Items3,Last 24 hours,,
ClientCore/frmEventViewer,Event Viewer Form,cbTimeMode.Items4,Last 7 days,,
ClientCore/frmEventViewer,Event Viewer Form,cbTimeMode.Items5,Last 30 days,,
ClientCore/frmEventViewer,Event Viewer Form,cbTimeMode.Items6,<< Custom Range >>,,
ClientCore/frmEventViewer,Event Viewer Form,cmdEventProperties.Text,Event Properties,Propiedades evento,
ClientCore/frmEventViewer,Event Viewer Form,cmdFilterEvents.Text,Filter Events,Filtrar eventos,
ClientCore/frmEventViewer,Event Viewer Form,cmdRefresh.Text,Refresh,Actualizar,
ClientCore/frmEventViewer,Event Viewer Form,cmdResetView.Text,Reset View,Restablecer vista,
ClientCore/frmEventViewer,Event Viewer Form,cmdSaveEvents.Text,Save Events,Guardar eventos,
ClientCore/frmEventViewer,Event Viewer Form,cmdSearch.Text,Search,Buscar,
ClientCore/frmEventViewer,Event Viewer Form,cmdSearchGo.Text,Search !,,
ClientCore/frmEventViewer,Event Viewer Form,lblActions.Text,Actions,Acciones,
ClientCore/frmEventViewer,Event Viewer Form,lblEventCount.Text,0,,
ClientCore/frmEventViewer,Event Viewer Form,lblFilterEventTypes.Text,Select Eventlevels,,
ClientCore/frmEventViewer,Event Viewer Form,lblFilterOptions.Text,Filter Options,Opciones filtro,
ClientCore/frmEventViewer,Event Viewer Form,lblSearch.Text,Search,Buscar,
ClientCore/frmEventViewer,Event Viewer Form,lblStatus.Text,Status,Estado,
ClientCore/frmEventViewer,Event Viewer Form,lblTools.Text,Tools,Herramientas,
ClientCore/frmEventViewer,Event Viewer Form,lvEventTypes.Text,lvEventTypes,,
ClientCore/frmEventViewer,Event Viewer Form,mnuCopy.Text,Copy,,
ClientCore/frmEventViewer,Event Viewer Form,mnuCopyDetails.Text,Copy Details,,
ClientCore/frmEventViewer,Event Viewer Form,mnuCopyTable.Text,Copy Table,,
ClientCore/frmEventViewer,Event Viewer Form,mnuEventProperties.Text,Event Properties,,
ClientCore/frmEventViewer,Event Viewer Form,mnuRefresh.Text,Refresh,,
ClientCore/frmEventViewer,Event Viewer Form,mnuResetView.Text,Reset View,,
ClientCore/frmEventViewer,Event Viewer Form,mnuSaveSelectedEvents.Text,Save Selected Events ...,,
ClientCore/frmEventViewer,Event Viewer Form,statusCancelButton.Text,Cancel EventFrefresh,,
ClientCore/frmEventViewer,Event Viewer Form,tslblEventCount.Text,Eventcount: ,Eventos:,
ClientCore/frmEventViewer,Event Viewer Form,txtSearchEvents.ToolTipText,Enter a search pattern and hit return to perform a search,,
ClientCore/frmEventViewerDetail,Event Viewer Detail Form,$this.Text,Event Properties,Propiedades del evento,
ClientCore/frmEventViewerDetail,Event Viewer Detail Form,cmdClose.Text,Close,Cerrar,
ClientCore/frmEventViewerDetail,Event Viewer Detail Form,cmdCopy.Text,Copy,Copiar,
ClientCore/frmExportConfigScope,Export Config Scope Form,$this.Text,Export configuration,Exportar configuración,
ClientCore/frmExportConfigScope,Export Config Scope Form,btnCancel.Text,Cancel,Cancelar,
ClientCore/frmExportConfigScope,Export Config Scope Form,btnNext.Text,Next…,Siguiente…,
ClientCore/frmExportConfigScope,Export Config Scope Form,lblExportFullDesc.Text,"Exports all general settings (including license), services, and rule sets.","Exporta toda la configuración general (incluida la licencia), servicios y conjuntos de reglas.",
ClientCore/frmExportConfigScope,Export Config Scope Form,lblExportNoGeneralDesc.Text,"Exports only services and rule sets. No general blocks (e.g. engine, debug, license) are written.","Exporta solo servicios y conjuntos de reglas. No se escriben bloques generales (p. ej., motor, depuración, licencia).",
ClientCore/frmExportConfigScope,Export Config Scope Form,lblExportNoLicenseDesc.Text,"Exports all general settings except the license block, plus services and rule sets.","Exporta toda la configuración general excepto el bloque de licencia, además de servicios y conjuntos de reglas.",
ClientCore/frmExportConfigScope,Export Config Scope Form,lblIntro.Text,Choose what to include in the exported file. You will choose where to save in the next step.,Elija qué incluir en el archivo exportado. En el siguiente paso elegirá dónde guardar.,
ClientCore/frmExportConfigScope,Export Config Scope Form,rbExportFull.Text,Full export,Exportación completa,
ClientCore/frmExportConfigScope,Export Config Scope Form,rbExportNoGeneral.Text,Full export (without general settings),Exportación completa (sin configuración general),
ClientCore/frmExportConfigScope,Export Config Scope Form,rbExportNoLicense.Text,Full export (without license),Exportación completa (sin licencia),
ClientCore/frmFilters,Filters Form,$this.Text,Filters,,
ClientCore/frmFilters,Filters Form,TVFilters.ImageKey,Root,,
ClientCore/frmFilters,Filters Form,TVFilters.SelectedImageKey,Root,,
ClientCore/frmFilters,Filters Form,chkGlobalCondProperty.Text,Global Conditions relative to this property,Condiciones globales relativas,
ClientCore/frmFilters,Filters Form,chkMinimumWaitTime.Text,Minimum WaitTime,Tiempo espera mín.,
ClientCore/frmFilters,Filters Form,chkOccurrences.Text,Fire only if Event occurs,Activar solo si ocurre evento,
ClientCore/frmFilters,Filters Form,chkSaveIntoPropertyName.Text,"If filter matches, store the text into the following Property","Si coincide, guardar en propiedad",
ClientCore/frmFilters,Filters Form,chkThreatNotFoundFilters.Text,Treat not found filters as TRUE,Tratar no encontrados como TRUE,
ClientCore/frmFilters,Filters Form,cmdAddFilter.Text,Add Filter >,,
ClientCore/frmFilters,Filters Form,cmdAnd.Text,AND,,
ClientCore/frmFilters,Filters Form,cmdBrowse.Text,Browse,Examinar,
ClientCore/frmFilters,Filters Form,cmdChangeOperator.Text,Change Operator,Cambiar operador,
ClientCore/frmFilters,Filters Form,cmdCloneFilter.Text,Clone Filter,Clonar filtro,
ClientCore/frmFilters,Filters Form,cmdDelete.Text,Delete,Eliminar,
ClientCore/frmFilters,Filters Form,cmdFalse.Text,FALSE,,
ClientCore/frmFilters,Filters Form,cmdNot.Text,NOT,,
ClientCore/frmFilters,Filters Form,cmdOr.Text,OR,,
ClientCore/frmFilters,Filters Form,cmdTrue.Text,TRUE,,
ClientCore/frmFilters,Filters Form,cmdXor.Text,XOR,,
ClientCore/frmFilters,Filters Form,deleteFilterToolStripMenuItem.Text,Delete Filter,Eliminar filtro,
ClientCore/frmFilters,Filters Form,dtPropertyValue.CustomFormat,HH-mm-ss,,
ClientCore/frmFilters,Filters Form,gbButtons.Text,Tools,Herramientas,
ClientCore/frmFilters,Filters Form,lblBasicFilters.Text,Basic Filters,Filtros básicos,
ClientCore/frmFilters,Filters Form,lblCompareOperation.Text,Compare Operation: ,Operación comparación: ,
ClientCore/frmFilters,Filters Form,lblFileSystemMonServices.Text,File&System Monitoring Services,Servicios archivo y sistema,
ClientCore/frmFilters,Filters Form,lblGCProp.Text,Insert,Insertar,
ClientCore/frmFilters,Filters Form,lblMore.Text,Learn about Filters,Más sobre Filters,
ClientCore/frmFilters,Filters Form,lblNetworkRelatedServices.Text,Network related Services,Servicios relacionados con red,
ClientCore/frmFilters,Filters Form,lblOccurrences2.Text,seconds.,segundos.,
ClientCore/frmFilters,Filters Form,lblOperations.Text,Add Operations,Añadir operaciones,
ClientCore/frmFilters,Filters Form,lblProbeServices.Text,Probe Services,Servicios Probe,
ClientCore/frmFilters,Filters Form,lblPropertyName.Text,Propety Name: ,Nombre propiedad: ,
ClientCore/frmFilters,Filters Form,lblPropertyValue.Text,Set Property Value: ,Valor propiedad: ,
ClientCore/frmFilters,Filters Form,lblRangeEnd.Text,End:,Fin:,
ClientCore/frmFilters,Filters Form,lblRangeStart.Text,Start:,Iniciar:,
ClientCore/frmFilters,Filters Form,lblSeconds.Text,seconds.,segundos.,
ClientCore/frmFilters,Filters Form,lblSelectTimeMode.Text,Select TimeMode,Seleccionar modo de tiempo,
ClientCore/frmFilters,Filters Form,lblSpecialOps.Text,"Special Operations, useful for debugging",Operaciones especiales (debug),
ClientCore/frmFilters,Filters Form,lbltimeswithin.Text,times within,veces en,
ClientCore/frmFilters,Filters Form,mnuAddFilter.Text,Add Filter >,Añadir filtro >,
ClientCore/frmFilters,Filters Form,mnuAddOperation.Text,Add Operation >,Añadir operación >,
ClientCore/frmFilters,Filters Form,mnuAgentIP.Text,Agent IP,,
ClientCore/frmFilters,Filters Form,mnuAnd.Text,AND,,
ClientCore/frmFilters,Filters Form,mnuCPULoad.Text,CPU Load,,
ClientCore/frmFilters,Filters Form,mnuCPUMemoryMonitor.Text,CPU/Memory Monitor,,
ClientCore/frmFilters,Filters Form,mnuCPUNumber.Text,CPU Number,,
ClientCore/frmFilters,Filters Form,mnuClear.Text,Clear,Limpiar,
ClientCore/frmFilters,Filters Form,mnuCloneFilter.Text,Clone Filter,Clonar filtro,
ClientCore/frmFilters,Filters Form,mnuCommunity.Text,Community,,
ClientCore/frmFilters,Filters Form,mnuCopy.Text,Copy,Copiar,
ClientCore/frmFilters,Filters Form,mnuCustomProperty.Text,Custom Property,Propiedad personalizada,
ClientCore/frmFilters,Filters Form,mnuCustomerID.Text,CustomerID,,
ClientCore/frmFilters,Filters Form,mnuDateTime.Text,Date/Time,Fecha/Hora,
ClientCore/frmFilters,Filters Form,mnuDiskSpaceLeft.Text,Disk Space left (%),,
ClientCore/frmFilters,Filters Form,mnuDiskSpaceLeftGB.Text,Disk Space left (GB),,
ClientCore/frmFilters,Filters Form,mnuDiskSpaceLeftMB.Text,Disk Space left (MB),,
ClientCore/frmFilters,Filters Form,mnuDiskSpaceMonitor.Text,DiskSpace Monitor,,
ClientCore/frmFilters,Filters Form,mnuEnterprise.Text,Enterprise,,
ClientCore/frmFilters,Filters Form,mnuEventCategory.Text,Event Category,Categoría de evento,
ClientCore/frmFilters,Filters Form,mnuEventCategoryV2.Text,Event Category,Categoría de evento,
ClientCore/frmFilters,Filters Form,mnuEventCategoryname.Text,Event Categoryname,Nombre de categoría de evento,
ClientCore/frmFilters,Filters Form,mnuEventCategorynameV2.Text,Event Categoryname,Nombre de categoría de evento,
ClientCore/frmFilters,Filters Form,mnuEventChannel.Text,Event Channel,Canal de eventos,
ClientCore/frmFilters,Filters Form,mnuEventID.Text,Event ID,ID de evento,
ClientCore/frmFilters,Filters Form,mnuEventIDv2.Text,Event ID,ID de evento,
ClientCore/frmFilters,Filters Form,mnuEventKeyword.Text,Event Keyword,Palabra clave del evento,
ClientCore/frmFilters,Filters Form,mnuEventKeywordID.Text,Event Keyword ID,ID de palabra clave del evento,
ClientCore/frmFilters,Filters Form,mnuEventLevel.Text,Event Level,Nivel de evento,
ClientCore/frmFilters,Filters Form,mnuEventLogMonitor.Text,Event Log Monitor,Monitor de registro de eventos,
ClientCore/frmFilters,Filters Form,mnuEventLogMonitorV2.Text,Event Log Monitor V2,Monitor de registro de eventos V2,
ClientCore/frmFilters,Filters Form,mnuEventRawSource.Text,Event Raw Source,Fuente sin procesar del evento,
ClientCore/frmFilters,Filters Form,mnuEventRecordnumber.Text,Event Recordnumber,Número de registro de evento,
ClientCore/frmFilters,Filters Form,mnuEventSeverity.Text,Event Severity,Gravedad del evento,
ClientCore/frmFilters,Filters Form,mnuEventSeverityIDV2.Text,Event Severity ID,ID de gravedad del evento,
ClientCore/frmFilters,Filters Form,mnuEventSeverityV2.Text,Event Severity,Gravedad del evento,
ClientCore/frmFilters,Filters Form,mnuEventSource.Text,Event Source,Fuente del evento,
ClientCore/frmFilters,Filters Form,mnuEventSourceV2.Text,Event Source,Fuente del evento,
ClientCore/frmFilters,Filters Form,mnuEventType.Text,Event Type,Tipo de evento,
ClientCore/frmFilters,Filters Form,mnuEventUser.Text,Event User,Usuario del evento,
ClientCore/frmFilters,Filters Form,mnuEventUserV2.Text,Event User,Usuario del evento,
ClientCore/frmFilters,Filters Form,mnuExtendedIPProperty.Text,Extended IP Property,Propiedad de IP extendida,
ClientCore/frmFilters,Filters Form,mnuExtendedNumber.Text,Extended Number Property,Propiedad de número extendido,
ClientCore/frmFilters,Filters Form,mnuFTPProbe.Text,FTP Probe,,
ClientCore/frmFilters,Filters Form,mnuFTPResponse.Text,FTP Response,,
ClientCore/frmFilters,Filters Form,mnuFTPStatuscode.Text,FTP Statuscode,,
ClientCore/frmFilters,Filters Form,mnuFacility.Text,Facility,Instalación,
ClientCore/frmFilters,Filters Form,mnuFalse.Text,FALSE,,
ClientCore/frmFilters,Filters Form,mnuFileExists.Text,File Exists,Archivo existe,
ClientCore/frmFilters,Filters Form,mnuFileMonitor.Text,File Monitor,,
ClientCore/frmFilters,Filters Form,mnuFreePhysicalMemory.Text,Free physical memory,,
ClientCore/frmFilters,Filters Form,mnuFreeTotalMemory.Text,Free total memory,,
ClientCore/frmFilters,Filters Form,mnuFreeVirtualMemory.Text,Free virtual memory,,
ClientCore/frmFilters,Filters Form,mnuGeneral.Text,General,General,
ClientCore/frmFilters,Filters Form,mnuGeneratedFilename.Text,Generated Filename,Nombre de archivo generado,
ClientCore/frmFilters,Filters Form,mnuGeneratedFilenamewithoutPath.Text,Generated Filename (without path),Nombre de archivo generado (sin ruta),
ClientCore/frmFilters,Filters Form,mnuGenericName.Text,Generic Name,,
ClientCore/frmFilters,Filters Form,mnuHELOResponse.Text,HELO Response,,
ClientCore/frmFilters,Filters Form,mnuHTTPProbe.Text,HTTP Probe,,
ClientCore/frmFilters,Filters Form,mnuHTTPResponse.Text,HTTP Response,,
ClientCore/frmFilters,Filters Form,mnuHTTPStatuscode.Text,HTTP Statuscode,,
ClientCore/frmFilters,Filters Form,mnuIMAPProbe.Text,IMAP Probe,,
ClientCore/frmFilters,Filters Form,mnuIMAPResponse.Text,IMAP Response,,
ClientCore/frmFilters,Filters Form,mnuIMAPStatuscode.Text,IMAP Statuscode,,
ClientCore/frmFilters,Filters Form,mnuIUCPUMemoryMonitor.Text,CPU/Memory Monitor,Monitor de CPU/memoria,
ClientCore/frmFilters,Filters Form,mnuIUDatabaseMonitor.Text,Database Monitor,Monitor de base de datos,
ClientCore/frmFilters,Filters Form,mnuIUDiskSpaceMonitor.Text,DiskSpace Monitor,Monitor de espacio en disco,
ClientCore/frmFilters,Filters Form,mnuIUEventLogMonitor.Text,Event Log Monitor,Monitor de registro de eventos,
ClientCore/frmFilters,Filters Form,mnuIUEventLogMonitorV2.Text,Event Log Monitor V2,Monitor de registro de eventos V2,
ClientCore/frmFilters,Filters Form,mnuIUFTPProbe.Text,FTP Probe,Sonda FTP,
ClientCore/frmFilters,Filters Form,mnuIUFileMonitor.Text,File Monitor,Supervisor de archivos,
ClientCore/frmFilters,Filters Form,mnuIUHTTPProbe.Text,HTTP Probe,Sonda HTTP,
ClientCore/frmFilters,Filters Form,mnuIUHeart.Text,HeartBeat,Latido del corazón,
ClientCore/frmFilters,Filters Form,mnuIUIMAPProbe.Text,IMAP Probe,Sonda IMAP,
ClientCore/frmFilters,Filters Form,mnuIUNNTPProbe.Text,NNTP Probe,Sonda NNTP,
ClientCore/frmFilters,Filters Form,mnuIUNTServicesMonitor.Text,NT Services Monitor,Monitor de servicios NT,
ClientCore/frmFilters,Filters Form,mnuIUPOP3Probe.Text,POP3 Probe,Sonda POP3,
ClientCore/frmFilters,Filters Form,mnuIUPingProbe.Text,Ping Probe,Sonda de ping,
ClientCore/frmFilters,Filters Form,mnuIUPortProbe.Text,Port Probe,Sonda de puerto,
ClientCore/frmFilters,Filters Form,mnuIURELPListener.Text,RELP Listener,RELP Oyente,
ClientCore/frmFilters,Filters Form,mnuIUSMTPListener.Text,SMTP Listener,SMTP Oyente,
ClientCore/frmFilters,Filters Form,mnuIUSMTPProbe.Text,SMTP Probe,SMTP Sonda,
ClientCore/frmFilters,Filters Form,mnuIUSNMPMonitor.Text,SNMP Monitor,SNMP Monitorear,
ClientCore/frmFilters,Filters Form,mnuIUSNMPTraps.Text,SNMP Traps,SNMP Trampas,
ClientCore/frmFilters,Filters Form,mnuIUSerialPortMonitor.Text,SerialPort Monitor,Monitor de puerto serie,
ClientCore/frmFilters,Filters Form,mnuIUSyslog.Text,Syslog,Syslog,
ClientCore/frmFilters,Filters Form,mnuInformationUnitType.Text,InformationUnit Type,Tipo de unidad de información,
ClientCore/frmFilters,Filters Form,mnuInsertAND.Text,AND,,
ClientCore/frmFilters,Filters Form,mnuInsertNOT.Text,NOT,,
ClientCore/frmFilters,Filters Form,mnuInsertOR.Text,OR,,
ClientCore/frmFilters,Filters Form,mnuInsertOperation.Text,Insert Operation,Operación de inserción,
ClientCore/frmFilters,Filters Form,mnuInsertXOR.Text,XOR,,
ClientCore/frmFilters,Filters Form,mnuLocalHostname.Text,Local Hostname,Nombre host local,
ClientCore/frmFilters,Filters Form,mnuMaxPhysicalMemory.Text,Max physical memory,,
ClientCore/frmFilters,Filters Form,mnuMaxTotalMemory.Text,Max total memory,,
ClientCore/frmFilters,Filters Form,mnuMaxVirtualMemory.Text,Max virtual memory,,
ClientCore/frmFilters,Filters Form,mnuMessage.Text,Message,Mensaje,
ClientCore/frmFilters,Filters Form,mnuMoveDown.Text,Move Down,Bajar,
ClientCore/frmFilters,Filters Form,mnuMoveUp.Text,Move Up,Subir,
ClientCore/frmFilters,Filters Form,mnuNNTPProbe.Text,NNTP Probe,,
ClientCore/frmFilters,Filters Form,mnuNNTPResponse.Text,NNTP Response,,
ClientCore/frmFilters,Filters Form,mnuNNTPStatuscode.Text,NNTP Statuscode,,
ClientCore/frmFilters,Filters Form,mnuNTServiceDisplayName.Text,NT Service DisplayName,,
ClientCore/frmFilters,Filters Form,mnuNTServiceMonitor.Text,NT Service Monitor,,
ClientCore/frmFilters,Filters Form,mnuNTServiceName.Text,NT Service Name,,
ClientCore/frmFilters,Filters Form,mnuNot.Text,NOT,,
ClientCore/frmFilters,Filters Form,mnuOr.Text,OR,,
ClientCore/frmFilters,Filters Form,mnuOtherServices.Text,Other Services,Otros Services,
ClientCore/frmFilters,Filters Form,mnuPOP3Probe.Text,POP3 Probe,,
ClientCore/frmFilters,Filters Form,mnuPOP3Response.Text,POP3 Response,,
ClientCore/frmFilters,Filters Form,mnuPOP3Statuscode.Text,POP3 Statuscode,,
ClientCore/frmFilters,Filters Form,mnuPaste.Text,Paste,Pegar,
ClientCore/frmFilters,Filters Form,mnuPhysicalVirtualMemory.Text,Physical virtual memory Load,,
ClientCore/frmFilters,Filters Form,mnuPortname.Text,Portname,,
ClientCore/frmFilters,Filters Form,mnuPriority.Text,Priority,Prioridad,
ClientCore/frmFilters,Filters Form,mnuRemoveOperation.Text,Remove Operation,Eliminar operación,
ClientCore/frmFilters,Filters Form,mnuRunOnFriday.Text,Run on Friday,Ejecutar viernes,
ClientCore/frmFilters,Filters Form,mnuRunOnMonday.Text,Run on Monday,Ejecutar lunes,
ClientCore/frmFilters,Filters Form,mnuRunOnSaturday.Text,Run on Saturday,Ejecutar sábado,
ClientCore/frmFilters,Filters Form,mnuRunOnSunday.Text,Run on Sunday,Ejecutar domingo,
ClientCore/frmFilters,Filters Form,mnuRunOnThisday.Text,Run on Thursday,Ejecutar jueves,
ClientCore/frmFilters,Filters Form,mnuRunOnTuesday.Text,Run on Tuesday,Ejecutar martes,
ClientCore/frmFilters,Filters Form,mnuRunOnWednesday.Text,Run on Wednesday,Ejecutar miércoles,
ClientCore/frmFilters,Filters Form,mnuSMTPProbe.Text,SMTP Probe,,
ClientCore/frmFilters,Filters Form,mnuSMTPStatuscode.Text,SMTP Statuscode,,
ClientCore/frmFilters,Filters Form,mnuSNMPTraps.Text,SNMP Traps,,
ClientCore/frmFilters,Filters Form,mnuSerialPortMonitor.Text,SerialPort Monitor,,
ClientCore/frmFilters,Filters Form,mnuSource.Text,Source,Origen,
ClientCore/frmFilters,Filters Form,mnuSourceIPType.Text,Source (IP Type),Origen (tipo IP),
ClientCore/frmFilters,Filters Form,mnuSpecificType.Text,Specific Type,,
ClientCore/frmFilters,Filters Form,mnuStatusNameValue.Text,Status Name & Value,Nombre y valor estado,
ClientCore/frmFilters,Filters Form,mnuSyslog.Text,Syslog,Syslog,
ClientCore/frmFilters,Filters Form,mnuSyslogAppname.Text,Syslog Appname,Syslog Nombre de la aplicación,
ClientCore/frmFilters,Filters Form,mnuSyslogMSGID.Text,Syslog MSGID,SyslogMSGID,
ClientCore/frmFilters,Filters Form,mnuSyslogProcID.Text,Syslog ProcID,Syslog ID de proceso,
ClientCore/frmFilters,Filters Form,mnuSyslogStructdata.Text,Syslog Structdata,Syslog Datos estructurales,
ClientCore/frmFilters,Filters Form,mnuSyslogTag.Text,Syslog Tag,Syslog Etiqueta,
ClientCore/frmFilters,Filters Form,mnuSyslogVersion.Text,Syslog Version,Syslog Versión,
ClientCore/frmFilters,Filters Form,mnuSystemID.Text,SystemID,,
ClientCore/frmFilters,Filters Form,mnuTime.Text,Time,Tiempo,
ClientCore/frmFilters,Filters Form,mnuTotalMemoryLoad.Text,Total memory Load,,
ClientCore/frmFilters,Filters Form,mnuTrue.Text,TRUE,,
ClientCore/frmFilters,Filters Form,mnuUptime.Text,Uptime,,
ClientCore/frmFilters,Filters Form,mnuVersion.Text,Version,,
ClientCore/frmFilters,Filters Form,mnuVirtualMemoryLoad.Text,Virtual Memory Load,,
ClientCore/frmFilters,Filters Form,mnuXor.Text,XOR,,
ClientCore/frmFilters,Filters Form,rbProcessAfterInstall.Text,Process only after Installation Date,Solo tras fecha instalación,
ClientCore/frmFilters,Filters Form,rbProcessAlways.Text,Always process Rule,Siempre procesar Rule,
ClientCore/frmFilters,Filters Form,rbProcessCustomDate.Text,Process only after custom date:  ,Solo tras fecha: ,
ClientCore/frmFilters,Filters Form,toolStripMenuItem9.Text,SNMP V1 Filters,,
ClientCore/frmFilters,Filters Form,tpAdvanced.Text,Advanced,Avanzado,
ClientCore/frmFilters,Filters Form,tpComments.Text,Comments,Comentarios,
ClientCore/frmFilters,Filters Form,tpDate.Text,Date Conditions,Condiciones fecha,
ClientCore/frmFilters,Filters Form,tpDetails.Text,Details,Detalles,
ClientCore/frmFilters,Filters Form,tpGlobal.Text,Global Conditions,Condiciones globales,
ClientCore/frmFilters,Filters Form,txtComments.Text,,,
ClientCore/frmImportConfigScope,Import Config Scope Form,$this.Text,Import configuration,Importar configuración,
ClientCore/frmImportConfigScope,Import Config Scope Form,btnCancel.Text,Cancel,Cancelar,
ClientCore/frmImportConfigScope,Import Config Scope Form,btnNext.Text,Next…,Siguiente…,
ClientCore/frmImportConfigScope,Import Config Scope Form,lblFullDesc.Text,Replaces all settings including license with the contents of the configuration file.,"Reemplaza todos los ajustes, incluida la licencia, con el contenido del archivo de configuración.",
ClientCore/frmImportConfigScope,Import Config Scope Form,lblFullKeepLicenseDesc.Text,Replaces all settings from the file except the license: your current license name and keys stay in effect.,Reemplaza todos los ajustes del archivo excepto la licencia: el nombre y las claves de licencia actuales siguen vigentes.,
ClientCore/frmImportConfigScope,Import Config Scope Form,lblIntro.Text,Choose which parts of the configuration to take from the file. You will select the file in the next step.,Elija qué partes de la configuración desea tomar del archivo. Seleccionará el archivo en el paso siguiente.,
ClientCore/frmImportConfigScope,Import Config Scope Form,lblServicesRuleSetsDesc.Text,"Keeps your current general settings (e.g. engine, debug). Only services and rule sets are replaced from the file; general blocks in the file are ignored.","Conserva la configuración general actual (p. ej., motor, depuración). Solo se sustituyen los servicios y conjuntos de reglas desde el archivo; se ignoran los bloques generales del archivo.",
ClientCore/frmImportConfigScope,Import Config Scope Form,rbFull.Text,Full import (replace everything),Importación completa (reemplazar todo),
ClientCore/frmImportConfigScope,Import Config Scope Form,rbFullKeepLicense.Text,"Full import, keep current license","Importación completa, conservar licencia actual",
ClientCore/frmImportConfigScope,Import Config Scope Form,rbServicesRuleSets.Text,Services and rule sets only,Solo servicios y conjuntos de reglas,
ClientCore/frmMainTemplate,Main Template Form,$this.Text,Main Template Form,,
ClientCore/frmMainTemplate,Main Template Form,ImportRegistryBinaryfileToolStripMenuItem.Text,Registry Binaryfile,Archivo binario del registro,
ClientCore/frmMainTemplate,Main Template Form,ImportadisconConfigFormatToolStripMenuItem.Text,Adiscon Config Format,Formato de configuración Adiscon,
ClientCore/frmMainTemplate,Main Template Form,adisconConfigFormatToolStripMenuItem.Text,Adiscon Config Format,Formato de configuración Adiscon,
ClientCore/frmMainTemplate,Main Template Form,adisconEventlogFormatToolStripMenuItem.Text,Adiscon Eventlog Format,,
ClientCore/frmMainTemplate,Main Template Form,adisconXMLFormatLegacyToolStripMenuItem.Text,Adiscon XML Format (Legacy),Formato XML Adiscon (heredado),
ClientCore/frmMainTemplate,Main Template Form,btnConnect.Text,Connect,Conectar,
ClientCore/frmMainTemplate,Main Template Form,btnDown.Text,Down,Abajo,
ClientCore/frmMainTemplate,Main Template Form,btnLocal.Text,Localhost,Equipo local,
ClientCore/frmMainTemplate,Main Template Form,btnQuit.Text,Quit,Salir,
ClientCore/frmMainTemplate,Main Template Form,btnResetChanges.Text,Reset Changes,Restablecer cambios,
ClientCore/frmMainTemplate,Main Template Form,btnRestart.AccessibleDescription,Restarts the Background Service,Reinicia el servicio en segundo plano,
ClientCore/frmMainTemplate,Main Template Form,btnRestart.AccessibleName,Restart Service,Reiniciar servicio,
ClientCore/frmMainTemplate,Main Template Form,btnRestart.Text,Restart Service,Reiniciar servicio,
ClientCore/frmMainTemplate,Main Template Form,btnRestart.ToolTipText,Restarts the Background Service,Reinicia el servicio en segundo plano,
ClientCore/frmMainTemplate,Main Template Form,btnSave.Text,Save,Guardar,
ClientCore/frmMainTemplate,Main Template Form,btnStart.AccessibleDescription,Starts the Background Service,Inicia el servicio en segundo plano,
ClientCore/frmMainTemplate,Main Template Form,btnStart.AccessibleName,Start Service,Iniciar servicio,
ClientCore/frmMainTemplate,Main Template Form,btnStart.Text,Start Service,Iniciar servicio,
ClientCore/frmMainTemplate,Main Template Form,btnStart.ToolTipText,Starts the Background Service,Inicia el servicio en segundo plano,
ClientCore/frmMainTemplate,Main Template Form,btnStop.AccessibleDescription,Stops the Background Service,Detiene el servicio en segundo plano,
ClientCore/frmMainTemplate,Main Template Form,btnStop.AccessibleName,Stop Service,Detener servicio,
ClientCore/frmMainTemplate,Main Template Form,btnStop.Text,Stop Service,Detener servicio,
ClientCore/frmMainTemplate,Main Template Form,btnStop.ToolTipText,Stops the Background Service,Detiene el servicio en segundo plano,
ClientCore/frmMainTemplate,Main Template Form,btnUp.Text,Up,,
ClientCore/frmMainTemplate,Main Template Form,btnVerifyConfiguration.Text,Verify,Verificar configuración,
ClientCore/frmMainTemplate,Main Template Form,btnVerifyConfiguration.ToolTipText,Verify Configuration,,
ClientCore/frmMainTemplate,Main Template Form,carriageReturnCRToolStripMenuItem.Text,Carriage return (CR),Retorno de carro (CR),
ClientCore/frmMainTemplate,Main Template Form,carriageReturnLineFeedCRLFToolStripMenuItem.Text,Carriage return line feed (CRLF),Retorno de carro y salto de línea (CRLF),
ClientCore/frmMainTemplate,Main Template Form,cloneActionToolStripMenuItem.Text,Clone Action,Clonar acción,
ClientCore/frmMainTemplate,Main Template Form,cloneRuleSetToolStripMenuItem.Text,Clone RuleSet,Clonar conjunto de reglas,
ClientCore/frmMainTemplate,Main Template Form,cloneRuleToolStripMenuItem.Text,Clone Rule,Clonar regla,
ClientCore/frmMainTemplate,Main Template Form,cloneServiceToolStripMenuItem.Text,Clone Service,Clonar servicio,
ClientCore/frmMainTemplate,Main Template Form,copyActionToolStripMenuItem.Text,Copy Action,Copiar acción,
ClientCore/frmMainTemplate,Main Template Form,copyRuleSetToolStripMenuItem.Text,Copy RuleSet,Copiar conjunto de reglas,
ClientCore/frmMainTemplate,Main Template Form,copyRuleToolStripMenuItem.Text,Copy Rule,Copiar regla,
ClientCore/frmMainTemplate,Main Template Form,copyServiceToolStripMenuItem.Text,Copy Service,Copiar servicio,
ClientCore/frmMainTemplate,Main Template Form,currentSeparatorMatchToolStripMenuItem.Text,Current separator match,Coincidencia de separador actual,
ClientCore/frmMainTemplate,Main Template Form,disableActionToolStripMenuItem.Text,Disable Action,Deshabilitar acción,
ClientCore/frmMainTemplate,Main Template Form,disableServiceToolStripMenuItem.Text,Disable Service,Deshabilitar servicio,
ClientCore/frmMainTemplate,Main Template Form,diskspaceInUseMBToolStripMenuItem.Text,Diskspace in use (MB),Espacio en disco en uso (MB),
ClientCore/frmMainTemplate,Main Template Form,enableActionToolStripMenuItem.Text,Enable Action,Habilitar acción,
ClientCore/frmMainTemplate,Main Template Form,enableServiceToolStripMenuItem.Text,Enable Service,Habilitar servicio,
ClientCore/frmMainTemplate,Main Template Form,eventReporterLegacyFormatToolStripMenuItem.Text,EventReporter Legacy Format,Formato heredado EventReporter,
ClientCore/frmMainTemplate,Main Template Form,exportToolStripMenuItem.Text,Export Configuration,Exportar configuración,
ClientCore/frmMainTemplate,Main Template Form,genericFileNameToolStripMenuItem.Text,Generic FileName,Nombre de archivo genérico,
ClientCore/frmMainTemplate,Main Template Form,importConfigurationToolStripMenuItem.Text,Import Configuration,Importar configuración,
ClientCore/frmMainTemplate,Main Template Form,insertServiceToolStripMenuItem.Text,Paste Service,Pegar servicio,
ClientCore/frmMainTemplate,Main Template Form,lblBasicFilters.Text,Properties,Propiedades,
ClientCore/frmMainTemplate,Main Template Form,lblConfigName.Text,Name,,
ClientCore/frmMainTemplate,Main Template Form,lblConnected.Text,Connected To: ,Conectado a:,
ClientCore/frmMainTemplate,Main Template Form,lblFileSystemMonServices.Text,File&&System Monitoring Services,Servicios archivo y sistema,
ClientCore/frmMainTemplate,Main Template Form,lblLicenseStatus.Text,30 days trial,,
ClientCore/frmMainTemplate,Main Template Form,lblNetworkRelatedServices.Text,Network related Services,Servicios relacionados con la red,
ClientCore/frmMainTemplate,Main Template Form,lblProbeServices.Text,Probe Services,Servicios de sonda,
ClientCore/frmMainTemplate,Main Template Form,lblRemoteName.Text,localhost,,
ClientCore/frmMainTemplate,Main Template Form,lblStatus.Text,Status,,
ClientCore/frmMainTemplate,Main Template Form,lblStatusEnabled.ToolTipText,Status: ,Estado:,
ClientCore/frmMainTemplate,Main Template Form,lineFeedLFToolStripMenuItem.Text,Line feed (LF),Salto de línea (LF),
ClientCore/frmMainTemplate,Main Template Form,maxAvailableDiskspaceMBToolStripMenuItem.Text,Max available Diskspace (MB),Espacio en disco máximo disponible (MB),
ClientCore/frmMainTemplate,Main Template Form,mnuCommunity.Text,Community,Comunidad,
ClientCore/frmMainTemplate,Main Template Form,mnuCustomerID.Text,CustomerID,ID de cliente,
ClientCore/frmMainTemplate,Main Template Form,mnuDiskSpaceMonitor.Text,DiskSpace Monitor,Monitor de espacio en disco,
ClientCore/frmMainTemplate,Main Template Form,mnuEnterprise.Text,Enterprise,Empresa,
ClientCore/frmMainTemplate,Main Template Form,mnuEventCategory.Text,Event Category,Categoría de evento,
ClientCore/frmMainTemplate,Main Template Form,mnuEventCategoryV2.Text,Event Category,Categoría de evento,
ClientCore/frmMainTemplate,Main Template Form,mnuEventCategoryname.Text,Event Categoryname,Nombre de categoría de evento,
ClientCore/frmMainTemplate,Main Template Form,mnuEventCategorynameV2.Text,Event Categoryname,Nombre de categoría de evento,
ClientCore/frmMainTemplate,Main Template Form,mnuEventChannel.Text,Event Channel,Canal de eventos,
ClientCore/frmMainTemplate,Main Template Form,mnuEventID.Text,Event ID,ID de evento,
ClientCore/frmMainTemplate,Main Template Form,mnuEventIDv2.Text,Event ID,ID de evento,
ClientCore/frmMainTemplate,Main Template Form,mnuEventKeyword.Text,Event Keyword,Palabra clave de evento,
ClientCore/frmMainTemplate,Main Template Form,mnuEventKeywordID.Text,Event Keyword ID,ID de palabra clave del evento,
ClientCore/frmMainTemplate,Main Template Form,mnuEventLevel.Text,Event Level,Nivel de evento,
ClientCore/frmMainTemplate,Main Template Form,mnuEventLogMonitor.Text,Event Log Monitor,Monitor de registro de eventos,
ClientCore/frmMainTemplate,Main Template Form,mnuEventLogMonitorV2.Text,Event Log Monitor V2,Eventlog Monitor V2,
ClientCore/frmMainTemplate,Main Template Form,mnuEventRawSource.Text,Event Raw Source,Fuente sin procesar del evento,
ClientCore/frmMainTemplate,Main Template Form,mnuEventRecordnumber.Text,Event Recordnumber,Número de registro del evento,
ClientCore/frmMainTemplate,Main Template Form,mnuEventSeverity.Text,Event Severity,Gravedad del evento,
ClientCore/frmMainTemplate,Main Template Form,mnuEventSeverityIDV2.Text,Event Severity ID,ID de gravedad del evento,
ClientCore/frmMainTemplate,Main Template Form,mnuEventSeverityV2.Text,Event Severity,Gravedad del evento,
ClientCore/frmMainTemplate,Main Template Form,mnuEventSource.Text,Event Source,Fuente del evento,
ClientCore/frmMainTemplate,Main Template Form,mnuEventSourceV2.Text,Event Source,Fuente del evento,
ClientCore/frmMainTemplate,Main Template Form,mnuEventType.Text,Event Type,Tipo de evento,
ClientCore/frmMainTemplate,Main Template Form,mnuEventUser.Text,Event User,Usuario del evento,
ClientCore/frmMainTemplate,Main Template Form,mnuEventUserV2.Text,Event User,Usuario del evento,
ClientCore/frmMainTemplate,Main Template Form,mnuFTPProbe.Text,FTP Probe,Sonda FTP,
ClientCore/frmMainTemplate,Main Template Form,mnuFTPResponse.Text,FTP Response,Respuesta FTP,
ClientCore/frmMainTemplate,Main Template Form,mnuFTPStatuscode.Text,FTP Statuscode,Código de estado FTP,
ClientCore/frmMainTemplate,Main Template Form,mnuFacility.Text,Facility,Instalación,
ClientCore/frmMainTemplate,Main Template Form,mnuFacilityText.Text,Facility Text,Texto de instalación,
ClientCore/frmMainTemplate,Main Template Form,mnuFile.Text,&File,&Archivo,
ClientCore/frmMainTemplate,Main Template Form,mnuFileMonitor.Text,File Monitor,Monitor de archivos,
ClientCore/frmMainTemplate,Main Template Form,mnuGeneral.Text,General,General,
ClientCore/frmMainTemplate,Main Template Form,mnuGeneratedFilename.Text,Generated Filename,Nombre de archivo generado,
ClientCore/frmMainTemplate,Main Template Form,mnuGeneratedFilenamewithoutPath.Text,Generated Filename (without path),Nombre de archivo generado (sin ruta),
ClientCore/frmMainTemplate,Main Template Form,mnuGenericName.Text,Generic Name,Nombre genérico,
ClientCore/frmMainTemplate,Main Template Form,mnuHELOResponse.Text,HELO Response,Respuesta HELO,
ClientCore/frmMainTemplate,Main Template Form,mnuHTTPProbe.Text,HTTP Probe,Sonda HTTP,
ClientCore/frmMainTemplate,Main Template Form,mnuHTTPResponse.Text,HTTP Response,Respuesta HTTP,
ClientCore/frmMainTemplate,Main Template Form,mnuHTTPStatuscode.Text,HTTP Statuscode,Código de estado HTTP,
ClientCore/frmMainTemplate,Main Template Form,mnuHelp.Text,Help,Ayuda,
ClientCore/frmMainTemplate,Main Template Form,mnuHelpAbout.Text,About Adiscon Client,Acerca del cliente Adiscon,
ClientCore/frmMainTemplate,Main Template Form,mnuHelpContent.Text,Contents,Contenido,
ClientCore/frmMainTemplate,Main Template Form,mnuHelpIndex.Text,Index,Índice,
ClientCore/frmMainTemplate,Main Template Form,mnuHelpOnlineSupport.Text,Online Support,Soporte en línea,
ClientCore/frmMainTemplate,Main Template Form,mnuHelpRequestSupport.Text,Request Support,Solicitar soporte,
ClientCore/frmMainTemplate,Main Template Form,mnuHelpSearch.Text,Search,Buscar,
ClientCore/frmMainTemplate,Main Template Form,mnuIMAPProbe.Text,IMAP Probe,Sonda IMAP,
ClientCore/frmMainTemplate,Main Template Form,mnuIMAPResponse.Text,IMAP Response,Respuesta IMAP,
ClientCore/frmMainTemplate,Main Template Form,mnuIMAPStatuscode.Text,IMAP Statuscode,Código de estado IMAP,
ClientCore/frmMainTemplate,Main Template Form,mnuInformationUnitType.Text,Information Type,Tipo de información,
ClientCore/frmMainTemplate,Main Template Form,mnuKillService.Text,Kill service,Finalizar servicio,
ClientCore/frmMainTemplate,Main Template Form,mnuLocalHostname.Text,Local Hostname,Nombre de host local,
ClientCore/frmMainTemplate,Main Template Form,mnuMain.Text,Main Menu,,
ClientCore/frmMainTemplate,Main Template Form,mnuMessage.Text,Message,Mensaje,
ClientCore/frmMainTemplate,Main Template Form,mnuMessageCompressed.Text,Message (Compressed),Mensaje (comprimido),
ClientCore/frmMainTemplate,Main Template Form,mnuNNTPProbe.Text,NNTP Probe,Sonda NNTP,
ClientCore/frmMainTemplate,Main Template Form,mnuNNTPResponse.Text,NNTP Response,Respuesta NNTP,
ClientCore/frmMainTemplate,Main Template Form,mnuNNTPStatuscode.Text,NNTP Statuscode,Código de estado NNTP,
ClientCore/frmMainTemplate,Main Template Form,mnuNTServiceDisplayName.Text,NT Service DisplayName,NT Service Nombre para mostrar,
ClientCore/frmMainTemplate,Main Template Form,mnuNTServiceMonitor.Text,NT Service Monitor,Monitor de servicio NT,
ClientCore/frmMainTemplate,Main Template Form,mnuNTServiceName.Text,NT Service Name,NT Service Nombre,
ClientCore/frmMainTemplate,Main Template Form,mnuNetworkDiscovery.Text,Network Discovery,Detección de red,
ClientCore/frmMainTemplate,Main Template Form,mnuOptions.Text,Options,Opciones,
ClientCore/frmMainTemplate,Main Template Form,mnuOtherServices.Text,Other Services,Otros servicios,
ClientCore/frmMainTemplate,Main Template Form,mnuPOP3Probe.Text,POP3 Probe,Sonda POP3,
ClientCore/frmMainTemplate,Main Template Form,mnuPOP3Response.Text,POP3 Response,Respuesta POP3,
ClientCore/frmMainTemplate,Main Template Form,mnuPOP3Statuscode.Text,POP3 Statuscode,Código de estado POP3,
ClientCore/frmMainTemplate,Main Template Form,mnuPortname.Text,Portname,Nombre de puerto,
ClientCore/frmMainTemplate,Main Template Form,mnuPriority.Text,Priority,Prioridad,
ClientCore/frmMainTemplate,Main Template Form,mnuPriorityText.Text,Priority Text,Texto prioritario,
ClientCore/frmMainTemplate,Main Template Form,mnuQuit.Text,&Quit,&Abandonar,
ClientCore/frmMainTemplate,Main Template Form,mnuSMTPProbe.Text,SMTP Probe,SMTP Sonda,
ClientCore/frmMainTemplate,Main Template Form,mnuSMTPStatuscode.Text,SMTP Statuscode,SMTP Código de estado,
ClientCore/frmMainTemplate,Main Template Form,mnuSNMPTraps.Text,SNMP Traps,SNMP Trampas,
ClientCore/frmMainTemplate,Main Template Form,mnuSendSyslogTestMsg.Text,Syslog Test Message,Mensaje de prueba Syslog,
ClientCore/frmMainTemplate,Main Template Form,mnuSerialPortMonitor.Text,SerialPort Monitor,Monitor de puerto serie,
ClientCore/frmMainTemplate,Main Template Form,mnuSource.Text,Source,Origen,
ClientCore/frmMainTemplate,Main Template Form,mnuSourceIPv4.Text,Source IPv4,,
ClientCore/frmMainTemplate,Main Template Form,mnuSourceIPv6.Text,Source IPv6,,
ClientCore/frmMainTemplate,Main Template Form,mnuSourceIPv6Dots.Text,Source IPv6 (Dots),,
ClientCore/frmMainTemplate,Main Template Form,mnuSyslog.Text,Syslog,Syslog,
ClientCore/frmMainTemplate,Main Template Form,mnuSyslogAppname.Text,Syslog Appname,Syslog Nombre de la aplicación,
ClientCore/frmMainTemplate,Main Template Form,mnuSyslogMSGID.Text,Syslog MSGID,SyslogMSGID,
ClientCore/frmMainTemplate,Main Template Form,mnuSyslogProcID.Text,Syslog ProcID,Syslog ID de proceso,
ClientCore/frmMainTemplate,Main Template Form,mnuSyslogStructdata.Text,Syslog Structdata,Syslog Datos estructurales,
ClientCore/frmMainTemplate,Main Template Form,mnuSyslogTag.Text,Syslog Tag,Syslog Etiqueta,
ClientCore/frmMainTemplate,Main Template Form,mnuSyslogVersion.Text,Syslog Version,Syslog Versión,
ClientCore/frmMainTemplate,Main Template Form,mnuSystemID.Text,SystemID,SystemID,
ClientCore/frmMainTemplate,Main Template Form,mnuTimeGenerated.Text,Time Generated,Tiempo generado,
ClientCore/frmMainTemplate,Main Template Form,mnuTimeGeneratedLocaltime.Text,Time Generated (Localtime),Hora generada (hora local),
ClientCore/frmMainTemplate,Main Template Form,mnuTimeReported.Text,Time Reported,Tiempo reportado,
ClientCore/frmMainTemplate,Main Template Form,mnuTimeReportedLocaltime.Text,Time Reported (Localtime),Hora reportada (hora local),
ClientCore/frmMainTemplate,Main Template Form,mnuTools.Text,Tools,Herramientas,
ClientCore/frmMainTemplate,Main Template Form,mnuUptime.Text,Uptime,tiempo de actividad,
ClientCore/frmMainTemplate,Main Template Form,mnuVersion.Text,Version,Versión,
ClientCore/frmMainTemplate,Main Template Form,monilogFormatToolStripMenuItem.Text,Monilog Format,,
ClientCore/frmMainTemplate,Main Template Form,newUUIDToolStripMenuItem.Text,New UUID(Universally Unique Identifiers),Nuevo UUID (Universally Unique Identifiers),
ClientCore/frmMainTemplate,Main Template Form,passiveSyslogReceiverToolStripMenuItem.Text,Passive Syslog Receiver,,
ClientCore/frmMainTemplate,Main Template Form,pasteActionToolStripMenuItem.Text,Paste Action,Pegar acción,
ClientCore/frmMainTemplate,Main Template Form,pasteRuleSetToolStripMenuItem.Text,Paste RuleSet,Pegar conjunto de reglas,
ClientCore/frmMainTemplate,Main Template Form,pasteRuleToolStripMenuItem.Text,Paste Rule,Pegar regla,
ClientCore/frmMainTemplate,Main Template Form,previousSeparatorMatchToolStripMenuItem.Text,Previous separator match,Coincidencia de separador anterior,
ClientCore/frmMainTemplate,Main Template Form,rAWSyslogMessageToolStripMenuItem.Text,RAW Syslog Message,,
ClientCore/frmMainTemplate,Main Template Form,registryBinaryfileToolStripMenuItem.Text,Registry Binaryfile,Archivo binario del registro,
ClientCore/frmMainTemplate,Main Template Form,registryTextfile64BitWindowsToolStripMenuItem.Text,Registry Textfile (64Bit Windows),Archivo de texto del registro (Windows 64 bits),
ClientCore/frmMainTemplate,Main Template Form,registryfile32BitWindowsToolStripMenuItem.Text,Registry Textfile (32Bit Windows),Archivo de texto del registro (Windows 32 bits),
ClientCore/frmMainTemplate,Main Template Form,reloadConfigurationToolStripMenuItem.Text,Reload Configuration,Recargar configuración,
ClientCore/frmMainTemplate,Main Template Form,replaceWithToolStripMenuItem.Text,Replace with,Reemplazar con,
ClientCore/frmMainTemplate,Main Template Form,resetToDefaultToolStripMenuItem.Text,Reset Configuration to Default,Restablecer configuración a predeterminada,
ClientCore/frmMainTemplate,Main Template Form,saveToolStripMenuItem.Text,Save,,
ClientCore/frmMainTemplate,Main Template Form,snmpAgentIP.Text,Agent IP,,
ClientCore/frmMainTemplate,Main Template Form,snmpSpecificType.Text,Specific Type,,
ClientCore/frmMainTemplate,Main Template Form,snmpVariable1ToolStripMenuItem.Text,Snmp variable 1,,
ClientCore/frmMainTemplate,Main Template Form,snmpVariable2ToolStripMenuItem.Text,Snmp variable 2,,
ClientCore/frmMainTemplate,Main Template Form,snmpVariable3ToolStripMenuItem.Text,Snmp variable 3,,
ClientCore/frmMainTemplate,Main Template Form,specialVariablesToolStripMenuItem.Text,Special Variables,Variables especiales,
ClientCore/frmMainTemplate,Main Template Form,stbMain.Text,stbMain,,
ClientCore/frmMainTemplate,Main Template Form,szServiceButtonHintRestart,Restarts the Background Service,Reinicia el servicio en segundo plano,
ClientCore/frmMainTemplate,Main Template Form,szServiceButtonHintStart,Starts the Background Service,Inicia el servicio en segundo plano,
ClientCore/frmMainTemplate,Main Template Form,szServiceButtonHintStop,Stops the Background Service,Detiene el servicio en segundo plano,
ClientCore/frmMainTemplate,Main Template Form,szServiceStatusRunning,Service: Running,Servicio: En ejecución,
ClientCore/frmMainTemplate,Main Template Form,szServiceStatusStopped,Service: Stopped,Servicio: Detenido,
ClientCore/frmMainTemplate,Main Template Form,szServiceStatusUnknown,Service: Unknown,Servicio: Desconocido,
ClientCore/frmMainTemplate,Main Template Form,szStartupConfigurationAccessDeniedText,"The configuration registry could not be accessed. The service may not be installed on this machine, or access was denied. The client will open with default settings.",No se pudo acceder al registro de configuración. Es posible que el servicio no esté instalado en este equipo o que se haya denegado el acceso. El cliente se abrirá con la configuración predeterminada.,
ClientCore/frmMainTemplate,Main Template Form,szStartupConfigurationMissingText,The service or configuration registry was not found on this machine. The client will open with default settings.,No se encontró el servicio ni el registro de configuración en este equipo. El cliente se abrirá con la configuración predeterminada.,
ClientCore/frmMainTemplate,Main Template Form,szStartupConfigurationUnavailable,Configuration not available,Configuración no disponible,
ClientCore/frmMainTemplate,Main Template Form,tABToolStripMenuItem.Text,TAB,,
ClientCore/frmMainTemplate,Main Template Form,tbCbEnabled.Items,Enabled,,
ClientCore/frmMainTemplate,Main Template Form,tbCbEnabled.Items1,Disabled,,
ClientCore/frmMainTemplate,Main Template Form,tbCbTestMode.Items,Testmode Enabled,,
ClientCore/frmMainTemplate,Main Template Form,tbCbTestMode.Items1,Testmode Disabled,,
ClientCore/frmMainTemplate,Main Template Form,tbComments.Text,Comments,Comentarios,
ClientCore/frmMainTemplate,Main Template Form,tbConfigReset.Text,Reset,Restablecer,
ClientCore/frmMainTemplate,Main Template Form,tbConfigSave.Text,Save,Confirmar,
ClientCore/frmMainTemplate,Main Template Form,tbDebug.Text,Logviewer (Debug),Registro de depuración,
ClientCore/frmMainTemplate,Main Template Form,tbHelp.Text,Help,,
ClientCore/frmMainTemplate,Main Template Form,tbMain.Text,TTMain,,
ClientCore/frmMainTemplate,Main Template Form,tbSettings.Text,Settings,Configuración,
ClientCore/frmMainTemplate,Main Template Form,toolStripMenuItem19.Text,Version 1 parameters,,
ClientCore/frmMainTemplate,Main Template Form,toolStripMenuItem20.Text,Version 2 parameters,,
ClientCore/frmMainTemplate,Main Template Form,tsmAddAction.Text,Add Action,Añadir acción,
ClientCore/frmMainTemplate,Main Template Form,tsmAddRule.Text,Add Rule,Añadir regla,
ClientCore/frmMainTemplate,Main Template Form,tsmAddRuleSet.Text,Add RuleSet,Añadir conjunto de reglas,
ClientCore/frmMainTemplate,Main Template Form,tsmAddService.Text,Add Service,Añadir servicio,
ClientCore/frmMainTemplate,Main Template Form,tsmDeleteAction.Text,Delete Action,Eliminar acción,
ClientCore/frmMainTemplate,Main Template Form,tsmDeleteRule.Text,Delete Rule,Eliminar regla,
ClientCore/frmMainTemplate,Main Template Form,tsmDeleteRuleSet.Text,Delete RuleSet,Eliminar conjunto de reglas,
ClientCore/frmMainTemplate,Main Template Form,tsmDeleteService.Text,Delete Service,Eliminar servicio,
ClientCore/frmMainTemplate,Main Template Form,tsmImportRuleSet.Text,Import RuleSet,Importar RuleSet(s),
ClientCore/frmMainTemplate,Main Template Form,tsmImportService.Text,Import Service(s),Importar Service(s),
ClientCore/frmMainTemplate,Main Template Form,tsmRenameAction.Text,Rename Action,Renombrar acción,
ClientCore/frmMainTemplate,Main Template Form,tsmRenameRule.Text,Rename Rule,Renombrar regla,
ClientCore/frmMainTemplate,Main Template Form,tsmRenameRuleSet.Text,Rename RuleSet,Renombrar conjunto de reglas,
ClientCore/frmMainTemplate,Main Template Form,tsmRenameService.Text,Rename Service,Renombrar servicio,
ClientCore/frmMainTemplate,Main Template Form,ttConfigureFor.Text,Configure for...,Configurar para...,
ClientCore/frmMainTemplate,Main Template Form,ttCopyFrom.Text,Copy from ...,Copiar desde...,
ClientCore/frmMainTemplate,Main Template Form,ttmClearFilters.Text,Clear Filters,Borrar filtros,
ClientCore/frmMessageBox,Message Box Form,$this.Text,Adiscon Client,,
ClientCore/frmMessageBox,Message Box Form,chkAskAgain.Text,Do not ask me again!,No preguntar de nuevo,
ClientCore/frmMessageBox,Message Box Form,cmdCancel.Text,Cancel,Cancelar,
ClientCore/frmMessageBox,Message Box Form,cmdMore.Text,Click here,Clic aquí,
ClientCore/frmMessageBox,Message Box Form,cmdOK.Text,OK,Aceptar,
ClientCore/frmMessageBox,Message Box Form,lblMore.Text,More Information:,,
ClientCore/frmMessageBox,Message Box Form,lblMoreLink.Text,www.moremoremore.com,,
ClientCore/frmMessageBox,Message Box Form,lblTitleText.Text,*Title,,
ClientCore/frmMessageBox,Message Box Form,txtMessage.Text,*Message,,
ClientCore/frmMibBrowser,Mib Browser Form,$this.Text,SNMP Mib Browser,,
ClientCore/frmMibBrowser,Mib Browser Form,cmdCancel.Text,Cancel,Cancelar,
ClientCore/frmMibBrowser,Mib Browser Form,cmdReloadMibs.Text,Reload Mibs,Recargar MIBs,
ClientCore/frmMibBrowser,Mib Browser Form,cmdSelectOID.Text,Select OID,Seleccionar OID,
ClientCore/frmMibBrowser,Mib Browser Form,lblDefaultValue.Text,Default Value:,Valor predeterminado:,
ClientCore/frmMibBrowser,Mib Browser Form,lblDescription.Text,Description:,Descripción:,
ClientCore/frmMibBrowser,Mib Browser Form,lblOIDNumber.Text,OID Number:,Número OID:,
ClientCore/frmMibBrowser,Mib Browser Form,lblOIDString.Text,OID String:,Cadena OID:,
ClientCore/frmMibBrowser,Mib Browser Form,lblTitle.Text,MIB Browser (OID),Explorador MIB (OID),
ClientCore/frmMibBrowser,Mib Browser Form,lblvarType.Text,Variable Type:,Tipo de variable:,
ClientCore/frmToolsConnect,Tools Connect Form,$this.Text,Connect,,
ClientCore/frmToolsConnect,Tools Connect Form,cmdBrowse.Text,Browse,,
ClientCore/frmToolsConnect,Tools Connect Form,cmdCancel.Text,Cancel,,
ClientCore/frmToolsConnect,Tools Connect Form,cmdConnect.Text,Connect,,
ClientCore/frmToolsConnect,Tools Connect Form,lblConnectTo.Text,Connect to:,,
ClientCore/frmToolsDebugView,Tools Debug View Form,$this.Text,Debug Viewer,,
ClientCore/frmToolsDebugView,Tools Debug View Form,DebugMsg.HeaderText,Debug Message,,
ClientCore/frmToolsDebugView,Tools Debug View Form,Facility.HeaderText,Facility,,
ClientCore/frmToolsDebugView,Tools Debug View Form,Index.HeaderText,Index,,
ClientCore/frmToolsDebugView,Tools Debug View Form,Priority.HeaderText,  ,,
ClientCore/frmToolsDebugView,Tools Debug View Form,PriorityText.HeaderText,Priority,,
ClientCore/frmToolsDebugView,Tools Debug View Form,RawDebug.HeaderText,Raw Debug,,
ClientCore/frmToolsDebugView,Tools Debug View Form,StatusBar.Text,statusStrip1,,
ClientCore/frmToolsDebugView,Tools Debug View Form,Thread.HeaderText,Thread,,
ClientCore/frmToolsDebugView,Tools Debug View Form,Time.HeaderText,Time,,
ClientCore/frmToolsDebugView,Tools Debug View Form,lblDebugFile.Text,Debugfile: ,Archivo debug: ,
ClientCore/frmToolsDebugView,Tools Debug View Form,lblDebugFilter.Text,Message contains,,
ClientCore/frmToolsDebugView,Tools Debug View Form,lblFiltering.Text,Filtering,Filtrando,
ClientCore/frmToolsDebugView,Tools Debug View Form,lblFunction.Text,Function,,
ClientCore/frmToolsDebugView,Tools Debug View Form,lblInitLines.Text,Initial Debuglines: ,Líneas iniciales: ,
ClientCore/frmToolsDebugView,Tools Debug View Form,lblLoading.Text,-,,
ClientCore/frmToolsDebugView,Tools Debug View Form,lblProgressLabel.Text,Progress:,Progreso:,
ClientCore/frmToolsDebugView,Tools Debug View Form,lblShowDebugFor.Text,Show debug message for: ,Mostrar debug para:,
ClientCore/frmToolsDebugView,Tools Debug View Form,lblStatus.Text,-,,
ClientCore/frmToolsDebugView,Tools Debug View Form,lblStatusLabel.Text,Status:,Estado:,
ClientCore/frmToolsDebugView,Tools Debug View Form,lblThread.Text,Thread,,
ClientCore/frmToolsDebugView,Tools Debug View Form,lblTitleText.Text,Logviewer (Debug),Visor registro (Debug),
ClientCore/frmToolsDebugView,Tools Debug View Form,lbldebugLoglines.Text,-,,
ClientCore/frmToolsDebugView,Tools Debug View Form,lbldebugLoglinesLabel.Text,Total LogLines:,Total líneas:,
ClientCore/frmToolsDebugView,Tools Debug View Form,tbBrowse.Text,Browse,Examinar,
ClientCore/frmToolsDebugView,Tools Debug View Form,tbReset.Text,Reset,Restablecer,
ClientCore/frmToolsDebugView,Tools Debug View Form,toolStripLabel1.Text,Priority,,
ClientCore/frmToolsDebugView,Tools Debug View Form,toolStripLabel2.Text,Facility,,
ClientCore/frmToolsDebugView,Tools Debug View Form,tsStart.Text,Start,Cargar,
ClientCore/frmToolsDebugView,Tools Debug View Form,tsStop.Text,Stop,Detener,
ClientCore/frmToolsNetworkDiscovery,Tools Network Discovery Form,$this.Text,Network Discovery Wizard,,
ClientCore/frmToolsNetworkDiscovery,Tools Network Discovery Form,chkUseDNS.Text,Resolve Names using DNS during Scan operation,Resolver nombres con DNS durante escaneo,
ClientCore/frmToolsNetworkDiscovery,Tools Network Discovery Form,clDomain.Text,Domain Name,,
ClientCore/frmToolsNetworkDiscovery,Tools Network Discovery Form,cmdBack.Text,< Back,< Atrás,
ClientCore/frmToolsNetworkDiscovery,Tools Network Discovery Form,cmdCancel.Text,Cancel,Cancelar,
ClientCore/frmToolsNetworkDiscovery,Tools Network Discovery Form,cmdCancelScan.Text,Cancel Scan,Cancelar escaneo,
ClientCore/frmToolsNetworkDiscovery,Tools Network Discovery Form,cmdDeSelectAll.Text,Deselect All,Desmarcar todo,
ClientCore/frmToolsNetworkDiscovery,Tools Network Discovery Form,cmdFinish.Text,Finish,Finalizar,
ClientCore/frmToolsNetworkDiscovery,Tools Network Discovery Form,cmdNext.Text,Next >,Siguiente >,
ClientCore/frmToolsNetworkDiscovery,Tools Network Discovery Form,cmdRestart.Text,Restart Wizard,Reiniciar asistente,
ClientCore/frmToolsNetworkDiscovery,Tools Network Discovery Form,cmdSelectAll.Text,Select All,Seleccionar todo,
ClientCore/frmToolsNetworkDiscovery,Tools Network Discovery Form,lblDiscover.Text,How you want to discover your network?,¿Cómo detectar la red?,
ClientCore/frmToolsNetworkDiscovery,Tools Network Discovery Form,lblDomError.Text,*Error Maybe,,
ClientCore/frmToolsNetworkDiscovery,Tools Network Discovery Form,lblDomainNames.Text,Domain / Workgroup Names,Dominios / grupos de trabajo,
ClientCore/frmToolsNetworkDiscovery,Tools Network Discovery Form,lblEndIP.Text,End IP Address,IP fin,
ClientCore/frmToolsNetworkDiscovery,Tools Network Discovery Form,lblNumPingConns.Text,Number of PING Connections: ,Conexiones PING:,
ClientCore/frmToolsNetworkDiscovery,Tools Network Discovery Form,lblStartIP.Text,Start IP Address,IP inicio,
ClientCore/frmToolsNetworkDiscovery,Tools Network Discovery Form,lblTitleText.Text,*Title,,
ClientCore/frmToolsNetworkDiscovery,Tools Network Discovery Form,rbIPRange.Text,Scan IP Range,Escanear rango IP,
ClientCore/frmToolsNetworkDiscovery,Tools Network Discovery Form,rbWinNet.Text,Scan Windows Network,Escanear red Windows,
ClientCore/frmToolsNetworkDiscovery,Tools Network Discovery Form,tpMethod.Text,Method,Método,
ClientCore/frmToolsNetworkDiscovery,Tools Network Discovery Form,tpOptionsIPScan.Text,Options IPScan,Opciones IP,
ClientCore/frmToolsNetworkDiscovery,Tools Network Discovery Form,tpOptionsWINNETScan.Text,Options WinNetScan,Opciones WinNet,
ClientCore/frmToolsNetworkDiscovery,Tools Network Discovery Form,tpScanning.Text,Scanning,,
ClientCore/frmToolsPassiveSyslog,Tools Passive Syslog Form,$this.Text,Passive Syslog Receiver,,
ClientCore/frmToolsPassiveSyslog,Tools Passive Syslog Form,Category.HeaderText, ,,
ClientCore/frmToolsPassiveSyslog,Tools Passive Syslog Form,DateTime.HeaderText,Date&Time,Fecha y hora,
ClientCore/frmToolsPassiveSyslog,Tools Passive Syslog Form,Facility.HeaderText,Facility,Instalación,
ClientCore/frmToolsPassiveSyslog,Tools Passive Syslog Form,Message.HeaderText,Logged Message,Mensaje registrado,
ClientCore/frmToolsPassiveSyslog,Tools Passive Syslog Form,Priority.HeaderText,Priority,Prioridad,
ClientCore/frmToolsPassiveSyslog,Tools Passive Syslog Form,Source.HeaderText,Source,Origen,
ClientCore/frmToolsPassiveSyslog,Tools Passive Syslog Form,chkMsgExpectedAfterConnect.Text,Expect this Message after Connect,Esperar este mensaje después de conectar,
ClientCore/frmToolsPassiveSyslog,Tools Passive Syslog Form,chkMsgSendAfterConnect.Text,Send this Message after Connect,Enviar este mensaje después de conectar,
ClientCore/frmToolsPassiveSyslog,Tools Passive Syslog Form,cmdCancel.Text,Cancel,Cancelar,
ClientCore/frmToolsPassiveSyslog,Tools Passive Syslog Form,cmdClose.Text,Close,Cerrar,
ClientCore/frmToolsPassiveSyslog,Tools Passive Syslog Form,cmdRetrieve.Text,Retrieve Messages,Recuperar mensajes,
ClientCore/frmToolsPassiveSyslog,Tools Passive Syslog Form,lblMsgSep.Text,Message Separator,Delimitador de mensajes,
ClientCore/frmToolsPassiveSyslog,Tools Passive Syslog Form,lblSyslogPort.Text,Syslog Port,Puerto Syslog,
ClientCore/frmToolsPassiveSyslog,Tools Passive Syslog Form,lblSyslogServer.Text,Syslog Server,Servidor Syslog,
ClientCore/frmToolsPassiveSyslog,Tools Passive Syslog Form,lblTitleText.Text,Test PassiveSyslog Service,Probar servicio PassiveSyslog,
ClientCore/frmToolsSendSyslog,Tools Send Syslog Form,$this.Text,Send Syslog Test Message,,
ClientCore/frmToolsSendSyslog,Tools Send Syslog Form,cbOutputEncoding.Items,ASCII,,
ClientCore/frmToolsSendSyslog,Tools Send Syslog Form,cbOutputEncoding.Items1,UTF8,,
ClientCore/frmToolsSendSyslog,Tools Send Syslog Form,cbProtocolType.Items,UDP,,
ClientCore/frmToolsSendSyslog,Tools Send Syslog Form,cbProtocolType.Items1,TCP,,
ClientCore/frmToolsSendSyslog,Tools Send Syslog Form,cbSyslogFacility.Items,Kernel,,
ClientCore/frmToolsSendSyslog,Tools Send Syslog Form,cbSyslogFacility.Items1,User,,
ClientCore/frmToolsSendSyslog,Tools Send Syslog Form,cbSyslogFacility.Items10,Local0,,
ClientCore/frmToolsSendSyslog,Tools Send Syslog Form,cbSyslogFacility.Items11,Local1,,
ClientCore/frmToolsSendSyslog,Tools Send Syslog Form,cbSyslogFacility.Items12,Local2,,
ClientCore/frmToolsSendSyslog,Tools Send Syslog Form,cbSyslogFacility.Items13,Local3,,
ClientCore/frmToolsSendSyslog,Tools Send Syslog Form,cbSyslogFacility.Items14,Local4,,
ClientCore/frmToolsSendSyslog,Tools Send Syslog Form,cbSyslogFacility.Items15,Local5,,
ClientCore/frmToolsSendSyslog,Tools Send Syslog Form,cbSyslogFacility.Items16,Local6,,
ClientCore/frmToolsSendSyslog,Tools Send Syslog Form,cbSyslogFacility.Items17,Local7,,
ClientCore/frmToolsSendSyslog,Tools Send Syslog Form,cbSyslogFacility.Items2,Mail System,,
ClientCore/frmToolsSendSyslog,Tools Send Syslog Form,cbSyslogFacility.Items3,Daemon,,
ClientCore/frmToolsSendSyslog,Tools Send Syslog Form,cbSyslogFacility.Items4,Security,,
ClientCore/frmToolsSendSyslog,Tools Send Syslog Form,cbSyslogFacility.Items5,Syslog,,
ClientCore/frmToolsSendSyslog,Tools Send Syslog Form,cbSyslogFacility.Items6,Printer,,
ClientCore/frmToolsSendSyslog,Tools Send Syslog Form,cbSyslogFacility.Items7,News,,
ClientCore/frmToolsSendSyslog,Tools Send Syslog Form,cbSyslogFacility.Items8,UUCP,,
ClientCore/frmToolsSendSyslog,Tools Send Syslog Form,cbSyslogFacility.Items9,Cron,,
ClientCore/frmToolsSendSyslog,Tools Send Syslog Form,cbSyslogPriority.Items,Emergency,,
ClientCore/frmToolsSendSyslog,Tools Send Syslog Form,cbSyslogPriority.Items1,Alert,,
ClientCore/frmToolsSendSyslog,Tools Send Syslog Form,cbSyslogPriority.Items2,Critical,,
ClientCore/frmToolsSendSyslog,Tools Send Syslog Form,cbSyslogPriority.Items3,Error,,
ClientCore/frmToolsSendSyslog,Tools Send Syslog Form,cbSyslogPriority.Items4,Warning,,
ClientCore/frmToolsSendSyslog,Tools Send Syslog Form,cbSyslogPriority.Items5,Notice,,
ClientCore/frmToolsSendSyslog,Tools Send Syslog Form,cbSyslogPriority.Items6,Information,,
ClientCore/frmToolsSendSyslog,Tools Send Syslog Form,cbSyslogPriority.Items7,Debug,,
ClientCore/frmToolsSendSyslog,Tools Send Syslog Form,chkAppendSyslogNumber.Text,Append Number to Syslog Message,Añadir número al mensaje Syslog,
ClientCore/frmToolsSendSyslog,Tools Send Syslog Form,chkEnableTls.Text,Enable SSL / TLS Encryption.,Habilitar cifrado SSL/TLS.,
ClientCore/frmToolsSendSyslog,Tools Send Syslog Form,chkSendPerLineFeed.Text,Send One Message per LineFeed,Enviar un mensaje por salto de línea,
ClientCore/frmToolsSendSyslog,Tools Send Syslog Form,cmdBrowse.Text,Browse,Examinar,
ClientCore/frmToolsSendSyslog,Tools Send Syslog Form,cmdBrowseCA.Text,Browse,Examinar,
ClientCore/frmToolsSendSyslog,Tools Send Syslog Form,cmdBrowseCERT.Text,Browse,Examinar,
ClientCore/frmToolsSendSyslog,Tools Send Syslog Form,cmdBrowseKEY.Text,Browse,Examinar,
ClientCore/frmToolsSendSyslog,Tools Send Syslog Form,cmdCancel.Text,Cancel,Cancelar,
ClientCore/frmToolsSendSyslog,Tools Send Syslog Form,cmdClose.Text,Close,Cerrar,
ClientCore/frmToolsSendSyslog,Tools Send Syslog Form,cmdSend.Text,Send,Enviar,
ClientCore/frmToolsSendSyslog,Tools Send Syslog Form,gbTCPRelated.Text,TCP related Options,Opciones relacionadas con TCP,
ClientCore/frmToolsSendSyslog,Tools Send Syslog Form,gbTLSRelated.Text,TLS related Options,Opciones relacionadas con TLS,
ClientCore/frmToolsSendSyslog,Tools Send Syslog Form,lblCertificate.Text,Certificate,Certificado,
ClientCore/frmToolsSendSyslog,Tools Send Syslog Form,lblCommonCA.Text,Common CA,CA común,
ClientCore/frmToolsSendSyslog,Tools Send Syslog Form,lblDebugOutput.Text,Debug Output,Salida de depuración,
ClientCore/frmToolsSendSyslog,Tools Send Syslog Form,lblFileName.Text,Filename:,Nombre de archivo:,
ClientCore/frmToolsSendSyslog,Tools Send Syslog Form,lblKey.Text,Key,Clave,
ClientCore/frmToolsSendSyslog,Tools Send Syslog Form,lblMessageDelimiter.Text,Message Delimiter,Delimitador de mensajes,
ClientCore/frmToolsSendSyslog,Tools Send Syslog Form,lblMilliSeconds.Text,milliseconds,milisegundos,
ClientCore/frmToolsSendSyslog,Tools Send Syslog Form,lblNetworkProtocol.Text,Network Protocol,Protocolo de red,
ClientCore/frmToolsSendSyslog,Tools Send Syslog Form,lblOutputencoding.Text,Output encoding: ,Codificación salida: ,
ClientCore/frmToolsSendSyslog,Tools Send Syslog Form,lblSleeptime.Text,Sleeptime between sending,Tiempo de espera entre envíos,
ClientCore/frmToolsSendSyslog,Tools Send Syslog Form,lblSourceName.Text,Sourcename,Nombre del origen,
ClientCore/frmToolsSendSyslog,Tools Send Syslog Form,lblSyslogFacility.Text,Syslog Facility,Facilidad Syslog,
ClientCore/frmToolsSendSyslog,Tools Send Syslog Form,lblSyslogPort.Text,Syslog Port,Puerto Syslog,
ClientCore/frmToolsSendSyslog,Tools Send Syslog Form,lblSyslogPriority.Text,Syslog Priority,Prioridad Syslog,
ClientCore/frmToolsSendSyslog,Tools Send Syslog Form,lblSyslogServer.Text,Syslog Server,Servidor Syslog,
ClientCore/frmToolsSendSyslog,Tools Send Syslog Form,lblSyslogTagValue.Text,Syslog Tag Value,Valor de etiqueta Syslog,
ClientCore/frmToolsSendSyslog,Tools Send Syslog Form,lblTitleText.Text,Send Syslog Test Message,Enviar mensaje de prueba Syslog,
ClientCore/frmToolsSendSyslog,Tools Send Syslog Form,lblrepeatMessage.Text,Repeat Message,Repetir mensaje,
ClientCore/frmToolsSendSyslog,Tools Send Syslog Form,lbltimes.Text,times,veces,
ClientCore/frmToolsSendSyslog,Tools Send Syslog Form,rbFromFile.Text,Load RAW Syslogdata from File,Cargar datos Syslog RAW desde archivo,
ClientCore/frmToolsSendSyslog,Tools Send Syslog Form,rbUseFromTextBox.Text,Configure Syslog message with these properties,Configurar mensaje Syslog con estas propiedades,
ClientCore/frmToolsSendSyslog,Tools Send Syslog Form,tpConnection.Text,Connection properties,Propiedades de conexión,
ClientCore/frmToolsSendSyslog,Tools Send Syslog Form,tpMessage.Text,Message properties,Propiedades del mensaje,
ClientCore/frmWaiting,Waiting Form,$this.Text,Configuration Client is working ...,,
ClientCore/frmWaiting,Waiting Form,lblTitle.Text,Configuration Client is working ... please wait,Cliente de configuración trabajando ... espere por favor,
ClientCore/ucEventDetails,uc Event Details,lblEventID.Text,EventID:,ID de evento,
ClientCore/ucEventDetails,uc Event Details,lblKeywords.Text,Keywords:,Palabras clave,
ClientCore/ucEventDetails,uc Event Details,lblLevel.Text,Level:,Nivel,
ClientCore/ucEventDetails,uc Event Details,lblLogged.Text,Logged:,Registrado,
ClientCore/ucEventDetails,uc Event Details,lblSource.Text,Source:,Origen,
ClientCore/ucEventDetails,uc Event Details,lblTaskCategory.Text,Task Category:,Categoría de tarea,
ClientCore/ucEventDetails,uc Event Details,lblUser.Text,User:,Usuario,
ClientCore/ucEventDetails,uc Event Details,tpGeneral.Text,General,Detalles del evento,
ClientCore/xml.languagefiles/Action.CallRuleSet,Call Rule Set Action,szRuleSet,RuleSet to process,RuleSet a procesar,
ClientCore/xml.languagefiles/Action.ComputeStatusVariable,Compute Status Variable Action,lblDecrement,Decrement Value (-),Decrementar valor (-),
ClientCore/xml.languagefiles/Action.ComputeStatusVariable,Compute Status Variable Action,lblIncrement,Increment Value (+),Incrementar valor (+),
ClientCore/xml.languagefiles/Action.ComputeStatusVariable,Compute Status Variable Action,nChangeVal,Operation value,Valor de operación,
ClientCore/xml.languagefiles/Action.ComputeStatusVariable,Compute Status Variable Action,szOperationType,Operation type,Tipo de operación,
ClientCore/xml.languagefiles/Action.ComputeStatusVariable,Compute Status Variable Action,szStatusVar,Status variable,Variable de estado,
ClientCore/xml.languagefiles/Action.ControlNTService,Control NT Service Action,lbl_nAction1,Start,Iniciar,
ClientCore/xml.languagefiles/Action.ControlNTService,Control NT Service Action,lbl_nAction2,Stop,Detener,
ClientCore/xml.languagefiles/Action.ControlNTService,Control NT Service Action,lbl_nAction3,Restart,Reiniciar,
ClientCore/xml.languagefiles/Action.ControlNTService,Control NT Service Action,lbl_nAction4,Pause,Pausar,
ClientCore/xml.languagefiles/Action.ControlNTService,Control NT Service Action,lbl_nAction5,Unpause,Reanudar,
ClientCore/xml.languagefiles/Action.ControlNTService,Control NT Service Action,nAction,Action to perform,Acción a realizar,
ClientCore/xml.languagefiles/Action.ControlNTService,Control NT Service Action,szServiceName,Service Name,Nombre del servicio,
ClientCore/xml.languagefiles/Action.DatabaseOdbc,Database Odbc Action,btnszODBCDsn,Configure DSN,Configurar DSN,
ClientCore/xml.languagefiles/Action.DatabaseOdbc,Database Odbc Action,datafields,Datafields,Campos de datos,
ClientCore/xml.languagefiles/Action.DatabaseOdbc,Database Odbc Action,nEmptyStringsAsNull,Insert NULLValue if string is empty,Insertar NULL si cadena vacía,
ClientCore/xml.languagefiles/Action.DatabaseOdbc,Database Odbc Action,nFieldType_,Fieldtype,Tipo de campo,
ClientCore/xml.languagefiles/Action.DatabaseOdbc,Database Odbc Action,nMaxValueLength,Maximum value length (Bytes):,Longitud máx. valor (bytes):,
ClientCore/xml.languagefiles/Action.DatabaseOdbc,Database Odbc Action,nODBCEnCryption,Enable Password encryption,Cifrar contraseña,
ClientCore/xml.languagefiles/Action.DatabaseOdbc,Database Odbc Action,nPropertiesTable,Enable Detail Property Logging,Registro detallado de propiedades,
ClientCore/xml.languagefiles/Action.DatabaseOdbc,Database Odbc Action,nSQLConnectionTimeOut,SQL Connection Timeout,Timeout conexión SQL,
ClientCore/xml.languagefiles/Action.DatabaseOdbc,Database Odbc Action,nSQLStatementType,Statement Type,Tipo sentencia,
ClientCore/xml.languagefiles/Action.DatabaseOdbc,Database Odbc Action,szDateTimeLT,DateTime Localtime,Fecha/hora local,
ClientCore/xml.languagefiles/Action.DatabaseOdbc,Database Odbc Action,szDateTimeUTC,DateTime UTC,FechaHora UTC,
ClientCore/xml.languagefiles/Action.DatabaseOdbc,Database Odbc Action,szFieldContent_,Fieldcontent,Contenido campo,
ClientCore/xml.languagefiles/Action.DatabaseOdbc,Database Odbc Action,szFieldName_,Fieldname,Nombre campo,
ClientCore/xml.languagefiles/Action.DatabaseOdbc,Database Odbc Action,szInsertStatement,INSERT,INSERTAR,
ClientCore/xml.languagefiles/Action.DatabaseOdbc,Database Odbc Action,szInt,int,entero,
ClientCore/xml.languagefiles/Action.DatabaseOdbc,Database Odbc Action,szODBCDsn,DSN,DSN,
ClientCore/xml.languagefiles/Action.DatabaseOdbc,Database Odbc Action,szODBCPwd,Password,Contraseña,
ClientCore/xml.languagefiles/Action.DatabaseOdbc,Database Odbc Action,szODBCUid,User-ID,ID de usuario,
ClientCore/xml.languagefiles/Action.DatabaseOdbc,Database Odbc Action,szPropertiesTableName,Detaildata Tablename,Nombre tabla datos detalle,
ClientCore/xml.languagefiles/Action.DatabaseOdbc,Database Odbc Action,szSQLConnectionOptions,Connection Options,Opciones conexión,
ClientCore/xml.languagefiles/Action.DatabaseOdbc,Database Odbc Action,szSQLOptions,SQL Options,Opciones SQL,
ClientCore/xml.languagefiles/Action.DatabaseOdbc,Database Odbc Action,szStoredProcedure,CALL (MSSQLStored Procedure),CALL (procedimiento MSSQL),
ClientCore/xml.languagefiles/Action.DatabaseOdbc,Database Odbc Action,szTableName,Table Name,Nombre tabla,
ClientCore/xml.languagefiles/Action.DatabaseOdbc,Database Odbc Action,szText,text,texto,
ClientCore/xml.languagefiles/Action.DatabaseOdbc,Database Odbc Action,szVarChar,varchar,varchar,
ClientCore/xml.languagefiles/Action.DatabaseOledb,Database Oledb Action,datafields,Datafields,Campos de datos,
ClientCore/xml.languagefiles/Action.DatabaseOledb,Database Oledb Action,nFieldType_,Fieldtype,Tipo de campo,
ClientCore/xml.languagefiles/Action.DatabaseOledb,Database Oledb Action,nMaxValueLength,Maximum value length (Bytes):,Longitud máx. valor (bytes):,
ClientCore/xml.languagefiles/Action.DatabaseOledb,Database Oledb Action,nOleDbEnCryption,Encrypt password,Cifrar contraseña,
ClientCore/xml.languagefiles/Action.DatabaseOledb,Database Oledb Action,nPropertiesTable,Enable Detail Property Logging,Registro detallado de propiedades,
ClientCore/xml.languagefiles/Action.DatabaseOledb,Database Oledb Action,nSQLConnectionTimeOut,SQL Connection Timeout,Timeout conexión SQL,
ClientCore/xml.languagefiles/Action.DatabaseOledb,Database Oledb Action,nSQLStatementType,Statement Type,Tipo sentencia,
ClientCore/xml.languagefiles/Action.DatabaseOledb,Database Oledb Action,szConnectionString,Configure OLEDB Connection,Configurar conexión OLEDB,
ClientCore/xml.languagefiles/Action.DatabaseOledb,Database Oledb Action,szDataCatalog,Data Catalog,Catálogo de datos,
ClientCore/xml.languagefiles/Action.DatabaseOledb,Database Oledb Action,szDataSource,Data Source,Origen datos,
ClientCore/xml.languagefiles/Action.DatabaseOledb,Database Oledb Action,szDateTimeLT,DateTime Localtime,Fecha/hora local,
ClientCore/xml.languagefiles/Action.DatabaseOledb,Database Oledb Action,szDateTimeUTC,DateTime UTC,FechaHora UTC,
ClientCore/xml.languagefiles/Action.DatabaseOledb,Database Oledb Action,szFieldContent_,Fieldcontent,Contenido campo,
ClientCore/xml.languagefiles/Action.DatabaseOledb,Database Oledb Action,szFieldName_,Fieldname,Nombre campo,
ClientCore/xml.languagefiles/Action.DatabaseOledb,Database Oledb Action,szInsertStatement,INSERT,INSERTAR,
ClientCore/xml.languagefiles/Action.DatabaseOledb,Database Oledb Action,szInt,int,entero,
ClientCore/xml.languagefiles/Action.DatabaseOledb,Database Oledb Action,szLocation,Location,Ubicación,
ClientCore/xml.languagefiles/Action.DatabaseOledb,Database Oledb Action,szPassword,Password,Contraseña,
ClientCore/xml.languagefiles/Action.DatabaseOledb,Database Oledb Action,szPropertiesTableName,Detaildata Tablename,Nombre tabla datos detalle,
ClientCore/xml.languagefiles/Action.DatabaseOledb,Database Oledb Action,szProvider,Provider,Proveedor,
ClientCore/xml.languagefiles/Action.DatabaseOledb,Database Oledb Action,szSQLConnectionOptions,Connection Options,Opciones conexión,
ClientCore/xml.languagefiles/Action.DatabaseOledb,Database Oledb Action,szSQLOptions,SQL Options,Opciones SQL,
ClientCore/xml.languagefiles/Action.DatabaseOledb,Database Oledb Action,szStoredProcedure,CALL (MSSQLStored Procedure),CALL (procedimiento MSSQL),
ClientCore/xml.languagefiles/Action.DatabaseOledb,Database Oledb Action,szTableName,Table Name,Nombre tabla,
ClientCore/xml.languagefiles/Action.DatabaseOledb,Database Oledb Action,szText,text,texto,
ClientCore/xml.languagefiles/Action.DatabaseOledb,Database Oledb Action,szUsername,Username,Nombre de usuario,
ClientCore/xml.languagefiles/Action.DatabaseOledb,Database Oledb Action,szVarChar,varchar,varchar,
ClientCore/xml.languagefiles/Action.EventLog,Event Log Action,bUseCustomEventLog,Enable custom Eventlog Channel,Habilitar canal Eventlog personalizado,
ClientCore/xml.languagefiles/Action.EventLog,Event Log Action,lbl_EventLogSource_Replace,Replace Event Log Source,Reemplazar origen Event Log,
ClientCore/xml.languagefiles/Action.EventLog,Event Log Action,lbl_EventLogSource_Service,Use logsource from service,Usar logsource del servicio,
ClientCore/xml.languagefiles/Action.EventLog,Event Log Action,nEventID,Event ID,ID de evento,
ClientCore/xml.languagefiles/Action.EventLog,Event Log Action,nEventType,Use Custom Eventlog Type,Usar tipo Eventlog personalizado,
ClientCore/xml.languagefiles/Action.EventLog,Event Log Action,szCustomEventLog,Custom Eventlog Channel,Canal Eventlog personalizado,
ClientCore/xml.languagefiles/Action.EventLog,Event Log Action,szCustomSource,Custom Eventlog Source,Origen Eventlog personalizado,
ClientCore/xml.languagefiles/Action.EventLog,Event Log Action,szMessagecontent,Message to log,Mensaje a registrar,
ClientCore/xml.languagefiles/Action.File,File Action,nCircularLogging,Use Circular Logging,Usar registro circular,
ClientCore/xml.languagefiles/Action.File,File Action,nCleanFileHandlesTimeout,Timeout until unused file handles are closed,Tiempo hasta cerrar manejadores de archivo no usados,
ClientCore/xml.languagefiles/Action.File,File Action,nEnablePropertyFileName,Enable Property replacements in Filename,Habilitar reemplazos de propiedades en nombre de archivo,
ClientCore/xml.languagefiles/Action.File,File Action,nEnableUpdateFileTime,Explicitly update create and modified file timestamp,Actualizar explícitamente fecha de creación y modificación,
ClientCore/xml.languagefiles/Action.File,File Action,nFileDateTime,Include Date and Time,Incluir fecha y hora,
ClientCore/xml.languagefiles/Action.File,File Action,nFileDateTimeReported,Include Date and Time reported by Device,Incluir fecha y hora reportadas por dispositivo,
ClientCore/xml.languagefiles/Action.File,File Action,nFileFacility,Include Syslog Facility,Incluir Facility Syslog,
ClientCore/xml.languagefiles/Action.File,File Action,nFileFormat,File format,Formato archivo,
ClientCore/xml.languagefiles/Action.File,File Action,nFilePriority,Include Syslog Priority,Incluir Priority Syslog,
ClientCore/xml.languagefiles/Action.File,File Action,nFileSource,Include Source,Incluir origen,
ClientCore/xml.languagefiles/Action.File,File Action,nIncludeMessage,Include Message,Incluir mensaje,
ClientCore/xml.languagefiles/Action.File,File Action,nIncludeRAWMessage,Include RAW Message,Incluir mensaje RAW,
ClientCore/xml.languagefiles/Action.File,File Action,nIncludeSourceInFilename,Include Source in Filename,Incluir origen en nombre de archivo,
ClientCore/xml.languagefiles/Action.File,File Action,nLogDoNotRotateOnShutdown,Do not rotate files on shutdown ,No rotar archivos al cerrar ,
ClientCore/xml.languagefiles/Action.File,File Action,nLogEnableRotate,Enable Log Rotation,Habilitar rotación de registros,
ClientCore/xml.languagefiles/Action.File,File Action,nLogEnableRotateTimeOfTheDay,Enable rotation by time of the day,Rotar a hora del día,
ClientCore/xml.languagefiles/Action.File,File Action,nLogEnableRotateTimeout,Enable time based rotation,Rotación por tiempo,
ClientCore/xml.languagefiles/Action.File,File Action,nLogMoveAfterRotate,Move file after log rotation,Mover archivo tras rotación,
ClientCore/xml.languagefiles/Action.File,File Action,nLogRotateMaxFiles,Maximum number of rotated logfiles to keep,Máx. archivos rotados a conservar,
ClientCore/xml.languagefiles/Action.File,File Action,nLogRotateMaxWait,Max wait time for log rotation,Tiempo máx. espera para rotación,
ClientCore/xml.languagefiles/Action.File,File Action,nLogRotateOnClose,Rotate each time a file is closed,Rotar al cerrar cada archivo,
ClientCore/xml.languagefiles/Action.File,File Action,nLogRotateOnSizeLimit,Rotate if this file size limit is being reached: ,Rotar si se alcanza:,
ClientCore/xml.languagefiles/Action.File,File Action,nLogRotateSizeLimit,File size limit (KB),Límite tamaño (KB),
ClientCore/xml.languagefiles/Action.File,File Action,nLogRotateTimeOfTheDay,Rotate files at this time (hour:minute),Rotar a esta hora,
ClientCore/xml.languagefiles/Action.File,File Action,nLogRotateTimeOfTheDayFriday,Friday,Viernes,
ClientCore/xml.languagefiles/Action.File,File Action,nLogRotateTimeOfTheDayMonday,Monday,Lunes,
ClientCore/xml.languagefiles/Action.File,File Action,nLogRotateTimeOfTheDaySaturday,Saturday,Sábado,
ClientCore/xml.languagefiles/Action.File,File Action,nLogRotateTimeOfTheDaySunday,Sunday,Domingo,
ClientCore/xml.languagefiles/Action.File,File Action,nLogRotateTimeOfTheDayThusday,Thursday,Jueves,
ClientCore/xml.languagefiles/Action.File,File Action,nLogRotateTimeOfTheDayTuesday,Tuesday,Martes,
ClientCore/xml.languagefiles/Action.File,File Action,nLogRotateTimeOfTheDayWednesday,Wednesday,Miércoles,
ClientCore/xml.languagefiles/Action.File,File Action,nLogRotateTimeout,Rotate logfiles older than:,Rotar archivos más antiguos que:,
ClientCore/xml.languagefiles/Action.File,File Action,nLogZipAfterRotate,Compress file after log rotation,Comprimir archivo tras rotación,
ClientCore/xml.languagefiles/Action.File,File Action,nLogZipAfterRotateFormat,Compression Format,Formato compresión,
ClientCore/xml.languagefiles/Action.File,File Action,nLogZipCompressionLevel,Compression Level,Nivel de compresión,
ClientCore/xml.languagefiles/Action.File,File Action,nMaxFileSize,Maximum file size (KB),Tamaño máx. (KB),
ClientCore/xml.languagefiles/Action.File,File Action,nNumberOfLogfiles,Number of Logfiles,Número de archivos de registro,
ClientCore/xml.languagefiles/Action.File,File Action,nReUseFile,Clear logfile instead of deleting (File will be reused),Limpiar en vez de borrar,
ClientCore/xml.languagefiles/Action.File,File Action,nSegmentFileBySize,Segment file size (KB),Tamaño segmento (KB),
ClientCore/xml.languagefiles/Action.File,File Action,nSegmentFileEnable,Segment files when the following file size is reached (KB),Segmentar si se alcanza (KB),
ClientCore/xml.languagefiles/Action.File,File Action,nUniqueFileName,Create unique filenames,Crear nombres únicos,
ClientCore/xml.languagefiles/Action.File,File Action,nUseUTCForTimestamps,Use UTC for Timestamps,Usar UTC para marcas de tiempo,
ClientCore/xml.languagefiles/Action.File,File Action,nUseUTCInFileName,Use UTC in Filename,Usar UTC en nombre de archivo,
ClientCore/xml.languagefiles/Action.File,File Action,nUseXMLtoReport,Use XML to Report,Usar XML para informar,
ClientCore/xml.languagefiles/Action.File,File Action,szCircularDisabled,Continuous Logging,Registro continuo,
ClientCore/xml.languagefiles/Action.File,File Action,szCircularEnabled,Circular Logging,Registro circular,
ClientCore/xml.languagefiles/Action.File,File Action,szFileBaseName,File Base Name,Nombre base archivo,
ClientCore/xml.languagefiles/Action.File,File Action,szFileExtension,File Extension,Extensión archivo,
ClientCore/xml.languagefiles/Action.File,File Action,szFileFormatAdiscon,Adiscon,Adiscon,
ClientCore/xml.languagefiles/Action.File,File Action,szFileFormatCustom,Custom format,Formato personalizado,
ClientCore/xml.languagefiles/Action.File,File Action,szFileFormatRaw,Raw Syslog message,Mensaje Syslog RAW,
ClientCore/xml.languagefiles/Action.File,File Action,szFileFormatWebtrends,Webtrends syslog compatible,Compatible Webtrends syslog,
ClientCore/xml.languagefiles/Action.File,File Action,szFileHandlingOptions,File Handling Options,Opciones manejo archivos,
ClientCore/xml.languagefiles/Action.File,File Action,szFileNameOptions,Filename related options,Opciones nombre de archivo,
ClientCore/xml.languagefiles/Action.File,File Action,szFilePath,File Path Name,Ruta,
ClientCore/xml.languagefiles/Action.File,File Action,szFilenamePreview,Filename Preview,Vista previa nombre,
ClientCore/xml.languagefiles/Action.File,File Action,szFilenamePreviewLegendBase,Base Name,Nombre base,
ClientCore/xml.languagefiles/Action.File,File Action,szFilenamePreviewLegendDate,Source / Date (Dynamic),Origen / Fecha,
ClientCore/xml.languagefiles/Action.File,File Action,szFilenamePreviewLegendExt,Extension,Extensión,
ClientCore/xml.languagefiles/Action.File,File Action,szFilenamePreviewLegendPath,File Path,Ruta,
ClientCore/xml.languagefiles/Action.File,File Action,szFilenamePreviewLegendSegment,Segment # (Dynamic),Segmento #,
ClientCore/xml.languagefiles/Action.File,File Action,szFilenamePreviewLegendTime,Time (Dynamic): HH-MM-SS,Hora: HH-MM-SS,
ClientCore/xml.languagefiles/Action.File,File Action,szGeneralOptions,General file options,Opciones generales archivo,
ClientCore/xml.languagefiles/Action.File,File Action,szLineFormat,Custom Line Format,Formato línea personalizado,
ClientCore/xml.languagefiles/Action.File,File Action,szLogMoveAfterRotatePath,Target directory,Directorio destino,
ClientCore/xml.languagefiles/Action.File,File Action,szLogPostProcessing,Post Processing,Postprocesado,
ClientCore/xml.languagefiles/Action.File,File Action,szLogRotateDisableUniqueFilenameMessage,"Log rotation automatically manages file names when rotating.

Example with log rotation:
  application.log   → current file
  application.log.1  → previous file (rotated)
  application.log.2  → older file (rotated)

'Create unique filenames' adds timestamps (e.g. app_2024-01-15.log) to avoid overwriting. Log rotation already handles this by appending numeric suffixes. Having both enabled is redundant.

Would you like to disable 'Create unique filenames'?","La rotación gestiona automáticamente los nombres de archivo.

Ejemplo:
  application.log   → archivo actual
  application.log.1  → archivo anterior (rotado)
  application.log.2  → archivo más antiguo (rotado)

'Crear nombres únicos' añade marcas de tiempo. La rotación ya añade sufijos numéricos. Tener ambos activos es redundante.

¿Deshabilitar 'Crear nombres únicos'?",
ClientCore/xml.languagefiles/Action.File,File Action,szLogRotateDisableUniqueFilenameTitle,Log Rotation,Rotación,
ClientCore/xml.languagefiles/Action.File,File Action,szLogZipGzip,GZIP (.gz) Compression,Compresión GZIP,
ClientCore/xml.languagefiles/Action.File,File Action,szLogZipZip,ZIP (.zip) Compression,Compresión ZIP,
ClientCore/xml.languagefiles/Action.File,File Action,szRotateConditions,Rotate Conditions,Condiciones rotación,
ClientCore/xml.languagefiles/Action.File,File Action,szRotatePostProcessing,Rotate PostProcessing,PostProcessing tras rotación,
ClientCore/xml.languagefiles/Action.HTTPRequest,HTTP Request Action,bUseTLS,Use TLS/SSL Encryption,Utilice cifrado TLS/SSL,
ClientCore/xml.languagefiles/Action.HTTPRequest,HTTP Request Action,nPort,HTTP Port,Puerto HTTP,
ClientCore/xml.languagefiles/Action.HTTPRequest,HTTP Request Action,szConfigUrlPreview,URL Preview,Vista previa de URL,
ClientCore/xml.languagefiles/Action.HTTPRequest,HTTP Request Action,szHost,Host,Anfitrión,
ClientCore/xml.languagefiles/Action.HTTPRequest,HTTP Request Action,szReferer,Referer,árbitro,
ClientCore/xml.languagefiles/Action.HTTPRequest,HTTP Request Action,szUrl,Url & Querystring,URL y cadena de consulta,
ClientCore/xml.languagefiles/Action.HTTPRequest,HTTP Request Action,szUserAgent,User Agent (Browser),Agente de usuario (navegador),
ClientCore/xml.languagefiles/Action.LogNorm,Log Norm Action,nOutputFormat,Lognorm Output Format,Formato de salida Lognorm,
ClientCore/xml.languagefiles/Action.LogNorm,Log Norm Action,szMessage,Normalize Parameter,Parámetro de normalización,
ClientCore/xml.languagefiles/Action.LogNorm,Log Norm Action,szOutputFormat_CSV,CSV Format,Formato CSV,
ClientCore/xml.languagefiles/Action.LogNorm,Log Norm Action,szOutputFormat_Disabled,Disabled,Deshabilitado,
ClientCore/xml.languagefiles/Action.LogNorm,Log Norm Action,szOutputFormat_JSON,JSON Format,Formato JSON,
ClientCore/xml.languagefiles/Action.LogNorm,Log Norm Action,szOutputFormat_XML,XML Format,Formato XML,
ClientCore/xml.languagefiles/Action.LogNorm,Log Norm Action,szOutputProperty,Output Property,Propiedad de salida,
ClientCore/xml.languagefiles/Action.LogNorm,Log Norm Action,szRulebase,Select Rulebase File,Seleccionar archivo de reglas,
ClientCore/xml.languagefiles/Action.Mail,Mail Action,nEnableBackupServer,"Enable Backup Server, used if first Mailserver fails",Servidor de respaldo si falla el primero,
ClientCore/xml.languagefiles/Action.Mail,Mail Action,nIncludeMessage,Include message / event in email body,Incluir mensaje/evento en cuerpo,
ClientCore/xml.languagefiles/Action.Mail,Mail Action,nMailPriority,Mail Priority,Prioridad correo,
ClientCore/xml.languagefiles/Action.Mail,Mail Action,nSMTPPort,Mailserver port,Puerto servidor,
ClientCore/xml.languagefiles/Action.Mail,Mail Action,nSMTPPortBackup,Backup Mailserver port,Puerto respaldo,
ClientCore/xml.languagefiles/Action.Mail,Mail Action,nTimeoutValue,Session Timeout,Tiempo de espera de sesión,
ClientCore/xml.languagefiles/Action.Mail,Mail Action,nUseLegacySubjectProcessing,Use legacy subject line processing,Procesar asunto legacy,
ClientCore/xml.languagefiles/Action.Mail,Mail Action,nUseSMTPAuth,Use SMTP Authentication,Autenticación SMTP,
ClientCore/xml.languagefiles/Action.Mail,Mail Action,nUseSSL,Use a secure connection (SSL) to the mail server,Conexión SSL,
ClientCore/xml.languagefiles/Action.Mail,Mail Action,nUseStartTLSMethod,Use STARTTLS SMTP Extension,Usar STARTTLS,
ClientCore/xml.languagefiles/Action.Mail,Mail Action,nUseUTCTimeStamp,Use UTC Time in Date-Header,UTC en cabecera fecha,
ClientCore/xml.languagefiles/Action.Mail,Mail Action,nUseXMLtoReport,Use XML to Report,Usar XML para informar,
ClientCore/xml.languagefiles/Action.Mail,Mail Action,szPriorityLow,Low Priority,Prioridad baja,
ClientCore/xml.languagefiles/Action.Mail,Mail Action,szPriorityNormal,Normal Priority,Prioridad normal,
ClientCore/xml.languagefiles/Action.Mail,Mail Action,szPriorityhigh,High Priority,alta prioridad,
ClientCore/xml.languagefiles/Action.Mail,Mail Action,szSMTPBody,Mail Message Format,Formato mensaje correo,
ClientCore/xml.languagefiles/Action.Mail,Mail Action,szSMTPPassword,SMTP Password,Contraseña SMTP,
ClientCore/xml.languagefiles/Action.Mail,Mail Action,szSMTPRecipient,Recipient Emailaddress,Destinatario,
ClientCore/xml.languagefiles/Action.Mail,Mail Action,szSMTPSender,Sender Emailaddress,Remitente,
ClientCore/xml.languagefiles/Action.Mail,Mail Action,szSMTPServer,Mailserver,Servidor correo,
ClientCore/xml.languagefiles/Action.Mail,Mail Action,szSMTPServerBackup,Backup Mailserver,Servidor respaldo,
ClientCore/xml.languagefiles/Action.Mail,Mail Action,szSMTPSubject,Subject,Asunto,
ClientCore/xml.languagefiles/Action.Mail,Mail Action,szSMTPUsername,SMTP Username,Usuario SMTP,
ClientCore/xml.languagefiles/Action.Mail,Mail Action,szTabMailFormatOptions,Mail Format Options,Opciones formato correo,
ClientCore/xml.languagefiles/Action.Mail,Mail Action,szTabMailServerOptions,Mail Server Options,Opciones servidor correo,
ClientCore/xml.languagefiles/Action.NetSend,Net Send Action,szMessage,Message to send,Mensaje a enviar,
ClientCore/xml.languagefiles/Action.NetSend,Net Send Action,szTarget,Target Machine,Máquina objetivo,
ClientCore/xml.languagefiles/Action.PlaySound,Play Sound Action,nCount,Playcount (How often the file is played),Playcount (Con qué frecuencia se reproduce el archivo),
ClientCore/xml.languagefiles/Action.PlaySound,Play Sound Action,nDelay,Delay between the sound plays (ms),Retraso entre las reproducciones de sonido (ms),
ClientCore/xml.languagefiles/Action.PlaySound,Play Sound Action,szFilename,Filename of the soundfile,Nombre del archivo de sonido,
ClientCore/xml.languagefiles/Action.PostProcessing,Post Processing Action,nSyntax_,Type,Tipo,
ClientCore/xml.languagefiles/Action.PostProcessing,Post Processing Action,propertylist,Property List,Lista de propiedades,
ClientCore/xml.languagefiles/Action.PostProcessing,Post Processing Action,szCharMatch,Character Match,Coincidencia de personajes,
ClientCore/xml.languagefiles/Action.PostProcessing,Post Processing Action,szConfigPostProcessPreview,Message Preview of your rules,Mensaje Vista previa de tus reglas,
ClientCore/xml.languagefiles/Action.PostProcessing,Post Processing Action,szIPv4,IP V4 Address,Dirección IP V4,
ClientCore/xml.languagefiles/Action.PostProcessing,Post Processing Action,szInteger,Integer,Entero,
ClientCore/xml.languagefiles/Action.PostProcessing,Post Processing Action,szIsoTimestamp,ISO-like Timestamp,Marca de tiempo similar a ISO,
ClientCore/xml.languagefiles/Action.PostProcessing,Post Processing Action,szParsValue_,Value,Valor,
ClientCore/xml.languagefiles/Action.PostProcessing,Post Processing Action,szProperty_,Property Name,Nombre de la propiedad,
ClientCore/xml.languagefiles/Action.PostProcessing,Post Processing Action,szROM,Rest of Message,Resto del mensaje,
ClientCore/xml.languagefiles/Action.PostProcessing,Post Processing Action,szUnixTimestamp,UNIX/LINUX-like Timestamp,Marca de tiempo similar a UNIX/LINUX,
ClientCore/xml.languagefiles/Action.PostProcessing,Post Processing Action,szUpTo,UpTo,Hasta,
ClientCore/xml.languagefiles/Action.PostProcessing,Post Processing Action,szWord,Single Word,Una sola palabra,
ClientCore/xml.languagefiles/Action.ResolveHostname,Resolve Hostname Action,nCacheNameEntry,Cache resolved host entry,Entrada de host resuelta en caché,
ClientCore/xml.languagefiles/Action.ResolveHostname,Resolve Hostname Action,nResolveIfName,Also resolve name if the source property is already a name,Resuelva también el nombre si la propiedad de origen ya es un nombre.,
ClientCore/xml.languagefiles/Action.ResolveHostname,Resolve Hostname Action,szDestinationPropertyName,Destination Property in which the resolved name will be saved to,Propiedad de destino en la que se guardará el nombre resuelto,
ClientCore/xml.languagefiles/Action.ResolveHostname,Resolve Hostname Action,szSourcePropertyName,Select Source Property from which the name will be resolved,Seleccione la propiedad de origen a partir de la cual se resolverá el nombre.,
ClientCore/xml.languagefiles/Action.SendComPort,Send Com Port Action,nBps,Bits per second,Bits por segundo,
ClientCore/xml.languagefiles/Action.SendComPort,Send Com Port Action,nDatabits,Data bits,Bits de datos,
ClientCore/xml.languagefiles/Action.SendComPort,Send Com Port Action,nDtsControl,DTR Control Flow,Flujo de control DTR,
ClientCore/xml.languagefiles/Action.SendComPort,Send Com Port Action,nParity,Parity,Paridad,
ClientCore/xml.languagefiles/Action.SendComPort,Send Com Port Action,nRtsControl,RTS Control Flow,Flujo de control RTS,
ClientCore/xml.languagefiles/Action.SendComPort,Send Com Port Action,nStopbits,Stop bits,Bits de parada,
ClientCore/xml.languagefiles/Action.SendComPort,Send Com Port Action,nTimeOutLimit,Timeout Limit,Límite de tiempo de espera,
ClientCore/xml.languagefiles/Action.SendComPort,Send Com Port Action,szDtsControlDisable,DTR Control Disable,Deshabilitar control DTR,
ClientCore/xml.languagefiles/Action.SendComPort,Send Com Port Action,szDtsControlEnable,DTR Control Enable,Habilitar control DTR,
ClientCore/xml.languagefiles/Action.SendComPort,Send Com Port Action,szDtsControlHandshake,DTR Control Handshake,Control de enlace DTR,
ClientCore/xml.languagefiles/Action.SendComPort,Send Com Port Action,szEvenParity,Even Parity,Paridad par,
ClientCore/xml.languagefiles/Action.SendComPort,Send Com Port Action,szMarkParity,Mark Parity,Paridad de marca,
ClientCore/xml.languagefiles/Action.SendComPort,Send Com Port Action,szMessage,Message to send,Mensaje a enviar,
ClientCore/xml.languagefiles/Action.SendComPort,Send Com Port Action,szNoParity,No Parity,Sin paridad,
ClientCore/xml.languagefiles/Action.SendComPort,Send Com Port Action,szOddParity,Odd Parity,Paridad impar,
ClientCore/xml.languagefiles/Action.SendComPort,Send Com Port Action,szOne5StopBits,"1,5 Stop bit","1,5 bit de parada",
ClientCore/xml.languagefiles/Action.SendComPort,Send Com Port Action,szOneStopBit,1 Stop bit,1 bit de parada,
ClientCore/xml.languagefiles/Action.SendComPort,Send Com Port Action,szPortName,Send message to this communication port,Enviar mensaje a este puerto de comunicación,
ClientCore/xml.languagefiles/Action.SendComPort,Send Com Port Action,szPortSettings,Port Settings,Configuración del puerto,
ClientCore/xml.languagefiles/Action.SendComPort,Send Com Port Action,szRtsControlDisable,RTS Control Disable,Deshabilitar control RTS,
ClientCore/xml.languagefiles/Action.SendComPort,Send Com Port Action,szRtsControlEnable,RTS Control Enable,Habilitar control RTS,
ClientCore/xml.languagefiles/Action.SendComPort,Send Com Port Action,szRtsControlHandshake,RTS Control Handshake,Control de enlace RTS,
ClientCore/xml.languagefiles/Action.SendComPort,Send Com Port Action,szRtsControlToggle,RTS Control Toggle,Alternar control RTS,
ClientCore/xml.languagefiles/Action.SendComPort,Send Com Port Action,szSpaceParity,Space Parity,Paridad de espacio,
ClientCore/xml.languagefiles/Action.SendComPort,Send Com Port Action,szTwoStopBits,2 Stop bits,2 bits de parada,
ClientCore/xml.languagefiles/Action.SendDTLS,Send DTLS Action,nDTLSSendPort,DTLS Port,Puerto DTLS,
ClientCore/xml.languagefiles/Action.SendDTLS,Send DTLS Action,nSendTimeOut,Send /Receive Timeout,Tiempo de espera de envío/recepción,
ClientCore/xml.languagefiles/Action.SendDTLS,Send DTLS Action,nTimeOutSession,Session Timeout,Tiempo de espera de sesión,
ClientCore/xml.languagefiles/Action.SendDTLS,Send DTLS Action,nUseSSL,Enable SSL / TLS Encryption.,Habilitar cifrado SSL/TLS.,
ClientCore/xml.languagefiles/Action.SendDTLS,Send DTLS Action,szDTLSServer,DTLS Servername,Nombre del servidor DTLS,
ClientCore/xml.languagefiles/Action.SendDTLS,Send DTLS Action,szMessage,Message Format,Formato del mensaje,
ClientCore/xml.languagefiles/Action.SendDTLS,Send DTLS Action,szTLSOptions,TLS Options,Opciones TLS,
ClientCore/xml.languagefiles/Action.SendMSQueue,Send MS Queue Action,nMessagePriority,Queue Priority,Prioridad de cola,
ClientCore/xml.languagefiles/Action.SendMSQueue,Send MS Queue Action,szComputerName,Server Computername/IP,Nombre de la computadora del servidor/IP,
ClientCore/xml.languagefiles/Action.SendMSQueue,Send MS Queue Action,szQueueBody,Queue Message Body,Cuerpo del mensaje en cola,
ClientCore/xml.languagefiles/Action.SendMSQueue,Send MS Queue Action,szQueueLable,Queue Message Label,Etiqueta de mensaje en cola,
ClientCore/xml.languagefiles/Action.SendMSQueue,Send MS Queue Action,szQueueName,Queuename,nombre de cola,
ClientCore/xml.languagefiles/Action.SendRelp,Send Relp Action,nSelpSendPort,RELP Port,Puerto RELP,
ClientCore/xml.languagefiles/Action.SendRelp,Send Relp Action,nSendTimeOut,Send /Receive Timeout,Tiempo de espera de envío/recepción,
ClientCore/xml.languagefiles/Action.SendRelp,Send Relp Action,nTimeOutSession,Session Timeout,Tiempo de espera de sesión,
ClientCore/xml.languagefiles/Action.SendRelp,Send Relp Action,nUseSSL,Enable SSL / TLS Encryption.,Habilitar cifrado SSL/TLS.,
ClientCore/xml.languagefiles/Action.SendRelp,Send Relp Action,szMessage,Message Format,Formato del mensaje,
ClientCore/xml.languagefiles/Action.SendRelp,Send Relp Action,szRELPOptions,General Options,Opciones generales,
ClientCore/xml.languagefiles/Action.SendRelp,Send Relp Action,szSelpSendServer,RELP Servername,Nombre del servidor RELP,
ClientCore/xml.languagefiles/Action.SendSetp,Send Setp Action,nCompLevel,Compression Level,Nivel de compresión,
ClientCore/xml.languagefiles/Action.SendSetp,Send Setp Action,nConnectTimeOut,Connection Timeout,Tiempo de espera de conexión,
ClientCore/xml.languagefiles/Action.SendSetp,Send Setp Action,nMIAPSendPort,Default SETP Port,Puerto SETP predeterminado,
ClientCore/xml.languagefiles/Action.SendSetp,Send Setp Action,nSendRecvTimeOut,Send / Receive Timeout,Tiempo de espera de envío/recepción,
ClientCore/xml.languagefiles/Action.SendSetp,Send Setp Action,nTimeOutSession,Session Timeout,Tiempo de espera de sesión,
ClientCore/xml.languagefiles/Action.SendSetp,Send Setp Action,nUseSSL,"Enable SSL / TLS Encryption. Note if this Option is enabled, this action will not be able to connect to NON-SSL SETP Servers.","Habilitar cifrado SSL/TLS. Nota: si esta opción está habilitada, esta acción no podrá conectarse a servidores SETP sin SSL.",
ClientCore/xml.languagefiles/Action.SendSetp,Send Setp Action,nZlibComp,Use zLib Compression to compress the data,Usar compresión zLib para comprimir los datos,
ClientCore/xml.languagefiles/Action.SendSetp,Send Setp Action,szAdvancedOptions,Timeout Options,Opciones de tiempo de espera,
ClientCore/xml.languagefiles/Action.SendSetp,Send Setp Action,szSETPOptions,General Options,Opciones generales,
ClientCore/xml.languagefiles/Action.SendSetp,Send Setp Action,szServer,Servername,Nombre del servidor,
ClientCore/xml.languagefiles/Action.SendSnmp,Send Snmp Action,nGenericName,Generic Name,Nombre genérico,
ClientCore/xml.languagefiles/Action.SendSnmp,Send Snmp Action,nPort,SNMP Port,SNMP Puerto,
ClientCore/xml.languagefiles/Action.SendSnmp,Send Snmp Action,nSpecificType,Specific Type,Tipo específico,
ClientCore/xml.languagefiles/Action.SendSnmp,Send Snmp Action,nVariableType_,Variable Type,Tipo de variable,
ClientCore/xml.languagefiles/Action.SendSnmp,Send Snmp Action,snmpvars,SNMP Variables,Variables SNMP,
ClientCore/xml.languagefiles/Action.SendSnmp,Send Snmp Action,szAgent,SNMP Server,SNMP Servidor,
ClientCore/xml.languagefiles/Action.SendSnmp,Send Snmp Action,szAgentIP,Agent IP Address,Dirección IP del agente,
ClientCore/xml.languagefiles/Action.SendSnmp,Send Snmp Action,szCommunity,Community ,Comunidad,
ClientCore/xml.languagefiles/Action.SendSnmp,Send Snmp Action,szEnterprise,Enterprise OID,OID empresarial,
ClientCore/xml.languagefiles/Action.SendSnmp,Send Snmp Action,szGenericName0,0 - Cold Start,0 - Arranque en frío,
ClientCore/xml.languagefiles/Action.SendSnmp,Send Snmp Action,szGenericName1,1 - Warm Start,1 - Arranque en caliente,
ClientCore/xml.languagefiles/Action.SendSnmp,Send Snmp Action,szGenericName2,2 - Link Down,2 - Enlace caído,
ClientCore/xml.languagefiles/Action.SendSnmp,Send Snmp Action,szGenericName3,3 - Link Up,3 - Enlace,
ClientCore/xml.languagefiles/Action.SendSnmp,Send Snmp Action,szGenericName4,4 - Authentication Failure,4 - Fallo de autenticación,
ClientCore/xml.languagefiles/Action.SendSnmp,Send Snmp Action,szGenericName5,5 - EGP Neighbor Loss,5 - Pérdida de vecino EGP,
ClientCore/xml.languagefiles/Action.SendSnmp,Send Snmp Action,szGenericName6,6 - Enterprise Specific,6 - Específico de la empresa,
ClientCore/xml.languagefiles/Action.SendSnmp,Send Snmp Action,szSNMPOptions,SNMP Options,SNMP Opciones,
ClientCore/xml.languagefiles/Action.SendSnmp,Send Snmp Action,szSnmpGeneralOptions,General SNMP Options,Opciones generales de SNMP,
ClientCore/xml.languagefiles/Action.SendSnmp,Send Snmp Action,szSnmpv2Oid,Trap OID,OID de trampa,
ClientCore/xml.languagefiles/Action.SendSnmp,Send Snmp Action,szTypeAgentcap,Agent Cap,Gorra de agente,
ClientCore/xml.languagefiles/Action.SendSnmp,Send Snmp Action,szTypeBitstring,Bit String,Cadena de bits,
ClientCore/xml.languagefiles/Action.SendSnmp,Send Snmp Action,szTypeCounter,Counter,Encimera,
ClientCore/xml.languagefiles/Action.SendSnmp,Send Snmp Action,szTypeCounter64,Counter64,contador64,
ClientCore/xml.languagefiles/Action.SendSnmp,Send Snmp Action,szTypeGauge,Gauge,Indicador,
ClientCore/xml.languagefiles/Action.SendSnmp,Send Snmp Action,szTypeInteger,Integer,Entero,
ClientCore/xml.languagefiles/Action.SendSnmp,Send Snmp Action,szTypeInteger32,Signed Integer32,Entero con signo32,
ClientCore/xml.languagefiles/Action.SendSnmp,Send Snmp Action,szTypeIpaddr,IPAddress,Dirección IP,
ClientCore/xml.languagefiles/Action.SendSnmp,Send Snmp Action,szTypeModcomp,Mod Comp,Compensación de mods,
ClientCore/xml.languagefiles/Action.SendSnmp,Send Snmp Action,szTypeModid,ModID,ID de modificación,
ClientCore/xml.languagefiles/Action.SendSnmp,Send Snmp Action,szTypeNetaddr,Net Address,Dirección neta,
ClientCore/xml.languagefiles/Action.SendSnmp,Send Snmp Action,szTypeNotiftype,Notify Type,Tipo de notificación,
ClientCore/xml.languagefiles/Action.SendSnmp,Send Snmp Action,szTypeNsapaddress,NSAP Address,Dirección NSAP,
ClientCore/xml.languagefiles/Action.SendSnmp,Send Snmp Action,szTypeNull,Null,Nulo,
ClientCore/xml.languagefiles/Action.SendSnmp,Send Snmp Action,szTypeObjgroup,Object Group,Grupo de objetos,
ClientCore/xml.languagefiles/Action.SendSnmp,Send Snmp Action,szTypeObjid,ObjectID,ID de objeto,
ClientCore/xml.languagefiles/Action.SendSnmp,Send Snmp Action,szTypeOctetstr,Octet String,Cadena de octeto,
ClientCore/xml.languagefiles/Action.SendSnmp,Send Snmp Action,szTypeOpaque,Opaque,Opaco,
ClientCore/xml.languagefiles/Action.SendSnmp,Send Snmp Action,szTypeOther,Other,Otro,
ClientCore/xml.languagefiles/Action.SendSnmp,Send Snmp Action,szTypeTimeticks,Timeticks,Marcas de tiempo,
ClientCore/xml.languagefiles/Action.SendSnmp,Send Snmp Action,szTypeTraptype,Trap Type,Tipo de trampa,
ClientCore/xml.languagefiles/Action.SendSnmp,Send Snmp Action,szTypeUinteger,UInteger,UInteger,
ClientCore/xml.languagefiles/Action.SendSnmp,Send Snmp Action,szTypeUnsigned32,Unsigned Integer32,Entero sin signo32,
ClientCore/xml.languagefiles/Action.SendSnmp,Send Snmp Action,szVariableOID_,Variable OID,OID variable,
ClientCore/xml.languagefiles/Action.SendSnmp,Send Snmp Action,szVariableValue_,Variable Value,Valor variable,
ClientCore/xml.languagefiles/Action.SetProperty,Set Property Action,szPropertyType,Select property Type,Seleccionar tipo de propiedad,
ClientCore/xml.languagefiles/Action.SetProperty,Set Property Action,szPropertyValue,Set property value,Establecer valor de propiedad,
ClientCore/xml.languagefiles/Action.SetStatus,Set Status Action,szPropertyName,Status variable name,Nombre de la variable de estado,
ClientCore/xml.languagefiles/Action.SetStatus,Set Status Action,szPropertyValue,Status variable value,Valor de la variable de estado,
ClientCore/xml.languagefiles/Action.Startprocess,Startprocess Action,lbl_procmode0,Synchronus Processing (Wait for Completion),Procesamiento síncrono (esperar finalización),
ClientCore/xml.languagefiles/Action.Startprocess,Startprocess Action,lbl_procmode1,Asynchronus Processing,Procesamiento asíncrono,
ClientCore/xml.languagefiles/Action.Startprocess,Startprocess Action,nAsyncMaxProc,Async Max Processes,Máx. procesos asíncronos,
ClientCore/xml.languagefiles/Action.Startprocess,Startprocess Action,nOnMaxProc,On Max Processes,Al alcanzar máx. procesos,
ClientCore/xml.languagefiles/Action.Startprocess,Startprocess Action,nOnMaxProcWait,Waittime On Max Processes,Tiempo de espera al alcanzar máx. procesos,
ClientCore/xml.languagefiles/Action.Startprocess,Startprocess Action,nProcMode,Processing Mode,Modo de procesamiento,
ClientCore/xml.languagefiles/Action.Startprocess,Startprocess Action,nSyncTimeOut,Sync Timeout,Tiempo de espera de sincronización,
ClientCore/xml.languagefiles/Action.Startprocess,Startprocess Action,nUseLegacyProcessing,Use legacy parameter processing,Usar procesamiento de parámetros heredado,
ClientCore/xml.languagefiles/Action.Startprocess,Startprocess Action,szCommand,Command to execute,Comando a ejecutar,
ClientCore/xml.languagefiles/Action.Startprocess,Startprocess Action,szParameters,Command Parameters,Parámetros del comando,
ClientCore/xml.languagefiles/Action.Syslog,Syslog Action,bReportInXML,Use XML to Report,Usar XML para informar,
ClientCore/xml.languagefiles/Action.Syslog,Syslog Action,lbl_syslogRFC3195RAW,RFC3195 Raw,RFC3195 crudo,
ClientCore/xml.languagefiles/Action.Syslog,Syslog Action,lbl_syslogTCPOctetCount,"TCP (Persistent connection, Octet based framing)","TCP (Conexión persistente, encuadre basado en octetos)",
ClientCore/xml.languagefiles/Action.Syslog,Syslog Action,lbl_syslogTCPOneMSG,"TCP (NOT RECOMMENDED, one message per connection)","TCP (NO RECOMENDADO, un mensaje por conexión)",
ClientCore/xml.languagefiles/Action.Syslog,Syslog Action,lbl_syslogTCPPersistant,TCP (Persistent connection),TCP (Conexión persistente),
ClientCore/xml.languagefiles/Action.Syslog,Syslog Action,lbl_syslogUDP,UDP,UDP,
ClientCore/xml.languagefiles/Action.Syslog,Syslog Action,nCompressionLevel,Compression Level,Nivel de compresión,
ClientCore/xml.languagefiles/Action.Syslog,Syslog Action,nEnableBackupServer,Use this backup syslog server if first one fails.,Usar este servidor syslog de respaldo si el primero falla.,
ClientCore/xml.languagefiles/Action.Syslog,Syslog Action,nForwardIUT,Forward as MWAgent XML representation code,Reenviar como código de representación XML de MWAgent,
ClientCore/xml.languagefiles/Action.Syslog,Syslog Action,nJSONIncludeMessageProperty,Include Message property in CEE Format,Incluir propiedad Message en formato CEE,
ClientCore/xml.languagefiles/Action.Syslog,Syslog Action,nOutputEncodingUTF8BOM,Include UTF8 BOM in message,Incluir BOM UTF8 en el mensaje,
ClientCore/xml.languagefiles/Action.Syslog,Syslog Action,nReportInJSON,Use CEE enhanced Syslog Format,Usar formato Syslog mejorado CEE,
ClientCore/xml.languagefiles/Action.Syslog,Syslog Action,nRoundRobinMsgCount,Amount of messages sent to each syslog server before load balancing,Cantidad de mensajes enviados a cada servidor syslog antes del balanceo de carga,
ClientCore/xml.languagefiles/Action.Syslog,Syslog Action,nSendMode,Syslog Send mode,Modo de envío Syslog,
ClientCore/xml.languagefiles/Action.Syslog,Syslog Action,nSpoofIPAddress,Enable IP Spoofing for the UDP Protocol. See the manual for more details,Habilitar suplantación de IP para el protocolo UDP. Consulte el manual para más detalles,
ClientCore/xml.languagefiles/Action.Syslog,Syslog Action,nSyslogInsertSource,Add Syslog Source when forwarding to other Syslog servers,Añadir origen Syslog al reenviar a otros servidores Syslog,
ClientCore/xml.languagefiles/Action.Syslog,Syslog Action,nSyslogPortBackup,Backup Syslog Port,Puerto Syslog de respaldo,
ClientCore/xml.languagefiles/Action.Syslog,Syslog Action,nSyslogPort_,Syslog Port,Puerto Syslog,
ClientCore/xml.languagefiles/Action.Syslog,Syslog Action,nSyslogSendPort,Syslog Port,Puerto Syslog,
ClientCore/xml.languagefiles/Action.Syslog,Syslog Action,nTimeoutValue,Session Timeout,Tiempo de espera de sesión,
ClientCore/xml.languagefiles/Action.Syslog,Syslog Action,nType,Protocol Type,Tipo de protocolo,
ClientCore/xml.languagefiles/Action.Syslog,Syslog Action,nUseCompression,Use zLib Compression to compress the data.,Usar compresión zLib para comprimir los datos.,
ClientCore/xml.languagefiles/Action.Syslog,Syslog Action,nUseSSL,"Enable SSL / TLS Encryption. Note if this Option is enabled, this action will not be able to connect to NON-SSL Syslog Servers.","Habilitar cifrado SSL/TLS. Nota: si esta opción está habilitada, esta acción no podrá conectarse a servidores Syslog sin SSL.",
ClientCore/xml.languagefiles/Action.Syslog,Syslog Action,syslogservers,Syslog Servers,Servidores Syslog,
ClientCore/xml.languagefiles/Action.Syslog,Syslog Action,szCustomSyslogHeader,Use Custom Syslog Header,Usar encabezado Syslog personalizado,
ClientCore/xml.languagefiles/Action.Syslog,Syslog Action,szMessageFormat,Message Format,Formato del mensaje,
ClientCore/xml.languagefiles/Action.Syslog,Syslog Action,szSendModeRoundRobin,Use round robin (multiple syslog servers),Usar round robin (múltiples servidores syslog),
ClientCore/xml.languagefiles/Action.Syslog,Syslog Action,szSendModeSingle,Use single syslog server with optional backup server,Usar un solo servidor syslog con servidor de respaldo opcional,
ClientCore/xml.languagefiles/Action.Syslog,Syslog Action,szSpoofedIPAddress,Fixed IP or single property,IP fija o propiedad única,
ClientCore/xml.languagefiles/Action.Syslog,Syslog Action,szSyslogMessageOptions,Syslog Message Options,Opciones de mensaje Syslog,
ClientCore/xml.languagefiles/Action.Syslog,Syslog Action,szSyslogNetworkOptions,Network related Options,Opciones relacionadas con la red,
ClientCore/xml.languagefiles/Action.Syslog,Syslog Action,szSyslogProcessingCustomHeader,Use Custom Syslog Header,Usar encabezado Syslog personalizado,
ClientCore/xml.languagefiles/Action.Syslog,Syslog Action,szSyslogProcessingDisabled,"Disable processing, forward as it is.","Deshabilitar procesamiento, reenviar tal cual.",
ClientCore/xml.languagefiles/Action.Syslog,Syslog Action,szSyslogProcessingRFC3164,Use legacy RFC 3164 processing,Usar procesamiento RFC 3164 heredado,
ClientCore/xml.languagefiles/Action.Syslog,Syslog Action,szSyslogProcessingRFC5424,Use RFC 5424 processing (recommended),Usar procesamiento RFC 5424 (recomendado),
ClientCore/xml.languagefiles/Action.Syslog,Syslog Action,szSyslogSSLOptions,SSL/TLS related Options,Opciones relacionadas con SSL/TLS,
ClientCore/xml.languagefiles/Action.Syslog,Syslog Action,szSyslogSendServer,Syslog Server,Servidor Syslog,
ClientCore/xml.languagefiles/Action.Syslog,Syslog Action,szSyslogServerBackup,Backup Syslog Server,Servidor Syslog de respaldo,
ClientCore/xml.languagefiles/Action.Syslog,Syslog Action,szSyslogServerOptions,Syslog Receiver Options,Opciones del receptor Syslog,
ClientCore/xml.languagefiles/Action.Syslog,Syslog Action,szSyslogServer_,Syslog Server,Servidor Syslog,
ClientCore/xml.languagefiles/Action.Syslog,Syslog Action,szSyslogTCPOptions,TCP related Options,Opciones relacionadas con TCP,
ClientCore/xml.languagefiles/Action.Syslog,Syslog Action,szSyslogTargetOptions,Syslog Target Options,Opciones de destino Syslog,
ClientCore/xml.languagefiles/Action.Syslog,Syslog Action,szSyslogUDPOptions,UDP related Options,Opciones relacionadas con UDP,
ClientCore/xml.languagefiles/Action.SyslogQueue,Syslog Queue Action,lbl_syslogTCPOctetCount,"TCP (Persistent connection, Octet based framing)","TCP (Conexión persistente, encuadre basado en octetos)",
ClientCore/xml.languagefiles/Action.SyslogQueue,Syslog Queue Action,lbl_syslogTCPOneMSG,"TCP (NOT RECOMMENDED, one message per connection)","TCP (NO RECOMENDADO, un mensaje por conexión)",
ClientCore/xml.languagefiles/Action.SyslogQueue,Syslog Queue Action,lbl_syslogTCPPersistant,TCP (Persistent connection),TCP (Conexión persistente),
ClientCore/xml.languagefiles/Action.SyslogQueue,Syslog Queue Action,lbl_syslogUDP,UDP,UDP,
ClientCore/xml.languagefiles/Action.SyslogQueue,Syslog Queue Action,nDiskCacheWait,Waittime between connection tries,Tiempo entre intentos,
ClientCore/xml.languagefiles/Action.SyslogQueue,Syslog Queue Action,nDiskQueueMaxFileSize,Split files if this size is reached,Dividir archivos si se alcanza,
ClientCore/xml.languagefiles/Action.SyslogQueue,Syslog Queue Action,nJSONIncludeMessageProperty,Include message property in CEE Format,Incluir propiedad mensaje en CEE,
ClientCore/xml.languagefiles/Action.SyslogQueue,Syslog Queue Action,szCustomMessageFormat,Custom Message Format,Formato mensaje personalizado,
ClientCore/xml.languagefiles/Action.SyslogQueue,Syslog Queue Action,szCustomSyslogHeader,Use Custom Syslog Header,Usar encabezado Syslog personalizado,
ClientCore/xml.languagefiles/Action.SyslogQueue,Syslog Queue Action,szIutFormat,Forward as MWAgent XML representation code,Reenviar como código de representación XML de MWAgent,
ClientCore/xml.languagefiles/Action.SyslogQueue,Syslog Queue Action,szJsonFormat,Use CEE enhanced Syslog Format,Usar formato Syslog mejorado CEE,
ClientCore/xml.languagefiles/Action.SyslogQueue,Syslog Queue Action,szMessageFormat,Message Format,Formato del mensaje,
ClientCore/xml.languagefiles/Action.SyslogQueue,Syslog Queue Action,szSyslogHeaderOptions,SyslogHeader Options,Opciones cabecera Syslog,
ClientCore/xml.languagefiles/Action.SyslogQueue,Syslog Queue Action,szSyslogMessageOptions,Syslog Message Options,Opciones de mensaje Syslog,
ClientCore/xml.languagefiles/Action.SyslogQueue,Syslog Queue Action,szSyslogProcessingCustomHeader,Use Custom Syslog Header,Usar encabezado Syslog personalizado,
ClientCore/xml.languagefiles/Action.SyslogQueue,Syslog Queue Action,szSyslogProcessingDisabled,"Disable processing, forward as it is.","Deshabilitar procesamiento, reenviar tal cual.",
ClientCore/xml.languagefiles/Action.SyslogQueue,Syslog Queue Action,szSyslogProcessingRFC3164,Use legacy RFC 3164 processing,Usar procesamiento RFC 3164 heredado,
ClientCore/xml.languagefiles/Action.SyslogQueue,Syslog Queue Action,szSyslogProcessingRFC5424,Use RFC 5424 processing (recommended),Usar procesamiento RFC 5424 (recomendado),
ClientCore/xml.languagefiles/Action.SyslogQueue,Syslog Queue Action,szSyslogQueue,SyslogQueue Name,Nombre de SyslogQueue,
ClientCore/xml.languagefiles/Action.SyslogQueue,Syslog Queue Action,szSyslogQueueOptions,SyslogQueue Options,Opciones SyslogQueue,
ClientCore/xml.languagefiles/Action.SyslogQueue,Syslog Queue Action,szXmlFormat,XML Format,Formato XML,
ClientCore/xml.languagefiles/General.Debug,Debug General,nCircularLogging,Use circular Logging,Registro circular,
ClientCore/xml.languagefiles/General.Debug,Debug General,nDebugErrors,Errors & Warnings,Errores y advertencias,
ClientCore/xml.languagefiles/General.Debug,Debug General,nDebugInternal,Information Output,Salida información,
ClientCore/xml.languagefiles/General.Debug,Debug General,nDebugMini,Minimal Output,Salida mínima,
ClientCore/xml.languagefiles/General.Debug,Debug General,nDebugRuleEngine,Rule & Filter Engine Output,Salida Rule y Filter Engine,
ClientCore/xml.languagefiles/General.Debug,Debug General,nDebugUltra,Ultra Verbose Output,Salida ultra detallada,
ClientCore/xml.languagefiles/General.Debug,Debug General,nEnableDebugOutput,Enable Debug output into file,Salida debug a archivo,
ClientCore/xml.languagefiles/General.Debug,Debug General,nMaxFileSize,Maximum file size (KB),Tamaño máx. archivo (KB),
ClientCore/xml.languagefiles/General.Debug,Debug General,nNumberOfLogfiles,Number of logfiles,Número archivos,
ClientCore/xml.languagefiles/General.Debug,Debug General,nReportCrash,Automatically send problem reports to Adiscon Support,Enviar informes automáticamente,
ClientCore/xml.languagefiles/General.Debug,Debug General,szCrashReporting,Crash Reporting,Informes de fallos,
ClientCore/xml.languagefiles/General.Debug,Debug General,szDebugFileName,File and path name,Archivo y ruta,
ClientCore/xml.languagefiles/General.Debug,Debug General,szEnableReportCrash,Do you want to enable Crash reporting?,¿Habilitar informes de fallos?,
ClientCore/xml.languagefiles/General.Debug,Debug General,szMoreInfoCrash,"If enabled, crashdumps will automatically be uploaded to http://crashdump.adiscon.com.
These crash dump do not contain any personal data. 
Only data related to the problem will be send. ","Si está habilitado, los volcados se subirán automáticamente a http://crashdump.adiscon.com.
No contienen datos personales. Solo se envían datos relacionados con el problema.",
ClientCore/xml.languagefiles/General.Engine,Engine General,bAbortRuleOnFailure,Abort Rule Execution when one Rule fails?,¿Abortar ejecución si falla una Rule?,
ClientCore/xml.languagefiles/General.Engine,Engine General,nDNSCacheLimit,How many DNS records can be cached?,¿Cuántos registros DNS se pueden cachear?,
ClientCore/xml.languagefiles/General.Engine,Engine General,nDNSCacheTime,How long should dns names be cached?,¿Cuánto tiempo cachear nombres DNS?,
ClientCore/xml.languagefiles/General.Engine,Engine General,nDNSInetProtocol,Internet Protocoltype,Tipo protocolo Internet,
ClientCore/xml.languagefiles/General.Engine,Engine General,nEnableDNSCache,Enable internal DNS Cache,Caché DNS interna,
ClientCore/xml.languagefiles/General.Engine,Engine General,nEnableRetry,Enable retry of Actions on failure,Reintentar Actions si fallan,
ClientCore/xml.languagefiles/General.Engine,Engine General,nLibCacheTimeOut,How long should libraries be cached?,¿Cuánto tiempo cachear bibliotecas?,
ClientCore/xml.languagefiles/General.Engine,Engine General,nLogRotateWorkerCount,Number of log rotation workers,Número de workers de rotación de logs,
ClientCore/xml.languagefiles/General.Engine,Engine General,nLogRotateWorkerEnable,Enable queued log rotation workers,Habilitar workers en cola para la rotación de logs,
ClientCore/xml.languagefiles/General.Engine,Engine General,nLogRotateWorkerSleepTime,Idle wait time between queue checks,Tiempo de espera entre comprobaciones de cola,
ClientCore/xml.languagefiles/General.Engine,Engine General,nLogRotateWorkerStopWaitTimeout,Shutdown wait time for queued log rotation jobs,Tiempo de espera al detener el servicio para trabajos de rotación en cola,
ClientCore/xml.languagefiles/General.Engine,Engine General,nRetryCount,Retry Count,Número de reintentos,
ClientCore/xml.languagefiles/General.Engine,Engine General,nRetryPeriod,Retry period (ms),Período reintento (ms),
ClientCore/xml.languagefiles/General.Engine,Engine General,nSyslogMaxMessageSize,Maximum Syslog Message Size (Bytes),Tamaño máx. mensaje Syslog (bytes),
ClientCore/xml.languagefiles/General.Engine,Engine General,szActionSpecific,Action specific,Específico de Action,
ClientCore/xml.languagefiles/General.Engine,Engine General,szNetworkOptions,Network specific,Específico de red,
ClientCore/xml.languagefiles/General.Engine,Engine General,szOtherOptions,Other Engine Options,Otras opciones Engine,
ClientCore/xml.languagefiles/General.Engine,Engine General,szRessourceOptions,Ressource Library Cache Options,Opciones de caché de biblioteca de recursos,
ClientCore/xml.languagefiles/General.Engine,Engine General,szRotateWorkerOptions,LogRotate Background Worker,Worker LogRotate en segundo plano,
ClientCore/xml.languagefiles/General.Engine,Engine General,szRotateWorkerOptionsDescription,"The queued LogRotate worker subsystem prepares detached files and processes log rotation jobs in the background.
Pending jobs are saved in LogRotationQueue.json and continue after restart.
Temporary .staging files may appear while files are prepared for rotation, compression, or move operations.","El subsistema LogRotate en cola prepara archivos desacoplados y procesa trabajos de rotación en segundo plano.
Los trabajos pendientes se guardan en LogRotationQueue.json y continúan tras reiniciar.
Pueden aparecer archivos .staging temporales mientras se preparan archivos para rotación, compresión o movimiento.",
ClientCore/xml.languagefiles/General.Engine,Engine General,szRuleEngineSpecific,Rule Engine specific,Específico Rule Engine,
ClientCore/xml.languagefiles/General.Engine,Engine General,szRuleSetEngineOptions,RuleSet Engine,RuleSet Motor,
ClientCore/xml.languagefiles/General.Engine,Engine General,szSyslogMaxMessageSizeDescription,"When oversized messages are received over Syslog TCP, this size limit defines when we have to split the message. 
By default the maximum for TCP is set to 1024000 bytes (1MB). For Syslog UDP, the limit is 65536 Bytes due to the UDP Protocol limits.","Con mensajes Syslog TCP grandes, este límite define cuándo dividir. Por defecto TCP: 1024000 bytes (1MB). UDP: 65536 bytes por límites del protocolo.",
ClientCore/xml.languagefiles/General.General,General General,bAutoReloadRandomDelay,Enable random wait time delay when checking for new configurations,Retraso aleatorio al comprobar config,
ClientCore/xml.languagefiles/General.General,General General,nAutoReloadDelayTime,Maximum random delay time,Retraso aleatorio máx.,
ClientCore/xml.languagefiles/General.General,General General,nCustomerID,CustomerID,CustomerID,
ClientCore/xml.languagefiles/General.General,General General,nEnableAutoConfigReload,Automatically reload service on configuration changes,Recargar servicio al cambiar config,
ClientCore/xml.languagefiles/General.General,General General,nEnableEventlogWarnings,Log Warnings into the Windows Application Eventlog,Registrar advertencias en Eventlog de Windows,
ClientCore/xml.languagefiles/General.General,General General,nJapanStringHandling,Special Unicoder Conversion for Japanese Systems,Conversión Unicode especial para sistemas japoneses,
ClientCore/xml.languagefiles/General.General,General General,nProcessPriority,Process Priority,Prioridad proceso,
ClientCore/xml.languagefiles/General.General,General General,nProtectAgainstShutdown,Protect Service against shutdown,Proteger servicio contra cierre,
ClientCore/xml.languagefiles/General.General,General General,nQueueLimit,Queuelimit,Límite cola,
ClientCore/xml.languagefiles/General.General,General General,nSystemID,SystemID,SystemID,
ClientCore/xml.languagefiles/General.General,General General,nTimeMode,Default Timevalues are based on,Valores tiempo basados en,
ClientCore/xml.languagefiles/General.General,General General,szMIBSPath,Location of your SNMP Mibs,Ubicación MIBs SNMP,
ClientCore/xml.languagefiles/General.General,General General,sz_runhigh,High,Alto,
ClientCore/xml.languagefiles/General.General,General General,sz_runidle,Run with idle priority,Prioridad inactiva,
ClientCore/xml.languagefiles/General.General,General General,sz_runlow,Low ,Bajo,
ClientCore/xml.languagefiles/General.General,General General,sz_runnormal,Normal,Normal,
ClientCore/xml.languagefiles/General.License,License General,nLicenseKey1,Key1,Clave1,
ClientCore/xml.languagefiles/General.License,License General,nLicenseKey2,Key2,Clave2,
ClientCore/xml.languagefiles/General.License,License General,nLicenseKey3,Key3,Clave3,
ClientCore/xml.languagefiles/General.License,License General,nLicenseKey4,Key4,Clave4,
ClientCore/xml.languagefiles/General.License,License General,nLicenseKey5,Key5,Clave5,
ClientCore/xml.languagefiles/General.License,License General,szButtonVerifyLicense,Verify License,Verificar licencia,
ClientCore/xml.languagefiles/General.License,License General,szLicense,License Information,Información de licencia,
ClientCore/xml.languagefiles/General.License,License General,szLicensee,Registration Name,Nombre de registro,
ClientCore/xml.languagefiles/General.License,License General,szMoreInformation,More information can be found at our Homepage,Puede encontrar más información en nuestra página de inicio,
ClientCore/xml.languagefiles/General.License,License General,szRegNumber,Registration Number,Número de registro,
ClientCore/xml.languagefiles/General.Permitted,Permitted General,nEnablePermittedSenders,Enabled Permitted Senders List. ,Lista de remitentes permitidos habilitada. ,
ClientCore/xml.languagefiles/General.Permitted,Permitted General,permittedsenders,Only receive syslog messages from the following IP Addresses. ,Recibir mensajes syslog solo desde las siguientes direcciones IP. ,
ClientCore/xml.languagefiles/General.Permitted,Permitted General,szEditionInformation,"Please note that if you activate the Permitted Senders List, all network related services will be limited to receive messages from the configured devices only. 

The list configuration itself is not limited. 
But if your license is limited to 10 devices for example, only the first 10 configured senders will work.","Tenga en cuenta que si activa la lista de remitentes permitidos, todos los servicios de red solo recibirán mensajes de los dispositivos configurados. 

La configuración de la lista no tiene límite. 
Pero si su licencia está limitada a 10 dispositivos, por ejemplo, solo funcionarán los primeros 10 remitentes configurados.",
ClientCore/xml.languagefiles/General.Permitted,Permitted General,szIP_,IP Address,Dirección IP,
ClientCore/xml.languagefiles/General.PostProcessApps,Post Process Apps General,btnRun,Run,Correr,
ClientCore/xml.languagefiles/General.PostProcessApps,Post Process Apps General,interactive_path,Path && Filename for application,Ruta && Nombre de archivo para la aplicación,
ClientCore/xml.languagefiles/General.PostProcessApps,Post Process Apps General,loganalyzer_path,Path && Filename for application,Ruta && Nombre de archivo para la aplicación,
ClientCore/xml.languagefiles/General.PostProcessApps,Post Process Apps General,logfilemgr_path,Path && Filename for application,Ruta && Nombre de archivo para la aplicación,
ClientCore/xml.languagefiles/General.PostProcessApps,Post Process Apps General,logsearch_path,Path && Filename for application,Ruta && Nombre de archivo para la aplicación,
ClientCore/xml.languagefiles/General.PostProcessApps,Post Process Apps General,ninteractive,InterActive SyslogViewer,Visor interactivo Syslog,
ClientCore/xml.languagefiles/General.PostProcessApps,Post Process Apps General,nloganalyzer,Log Analyzer & Reporter Tool,Herramienta de análisis y reporte de registros,
ClientCore/xml.languagefiles/General.PostProcessApps,Post Process Apps General,nlogfilemgr,Log File Management Tool,Herramienta de gestión de archivos de registro,
ClientCore/xml.languagefiles/General.PostProcessApps,Post Process Apps General,nlogsearch,Log Search Tool,Herramienta de búsqueda de registros,
ClientCore/xml.languagefiles/General.PostProcessApps,Post Process Apps General,szPostProcessApps,Available post process applications,Solicitudes de posproceso disponibles,
ClientCore/xml.languagefiles/General.QueueManager,Queue Manager General,nEnableRingBuffer,Enable Queue Manager Diskcache,Habilitar caché disco Queue Manager,
ClientCore/xml.languagefiles/General.QueueManager,Queue Manager General,nProcessingLow,Processing pointer,Puntero procesamiento,
ClientCore/xml.languagefiles/General.QueueManager,Queue Manager General,nRingBufferSize,Queue File Size (static),Tamaño archivo cola (estático),
ClientCore/xml.languagefiles/General.QueueManager,Queue Manager General,nSavingLow,Saving pointer,Puntero guardado,
ClientCore/xml.languagefiles/General.QueueManager,Queue Manager General,nWorkerThreads,Number of worker threads,Número de hilos de trabajo,
ClientCore/xml.languagefiles/General.QueueManager,Queue Manager General,szRingBufferFile,File and path name,Archivo y ruta,
ClientCore/xml.languagefiles/General.QueueManager,Queue Manager General,szRingBufferWarning,"Warning! If you enable diskcaching, it will slow down processing of the actions. This depends on the speed of your harddisk. Do only enable this feature if you really want cache the queue on disk for failover reasons. If the processing is interrupted for some reason, the Service will load the queue on startup and process what was in the queue before.","Advertencia: si habilita caché en disco, ralentizará el procesamiento. Solo habilítelo si desea guardar la cola en disco por motivos de conmutación por error. Si el procesamiento se interrumpe, el servicio cargará la cola al iniciar y procesará lo que había en la cola.",
ClientCore/xml.languagefiles/Service.CPUMonitor,CPU Monitor Service,nCPUEnable,Enable CPU Check,Habilitar comprobación CPU,
ClientCore/xml.languagefiles/Service.CPUMonitor,CPU Monitor Service,nCPUOccurences,Occurrences until CPU alarm is raised,Apariciones hasta alarma CPU,
ClientCore/xml.languagefiles/Service.CPUMonitor,CPU Monitor Service,nCPUReportIfBelowAlarm,Also report if CPULevel is below the alarm level,Informar también si CPU está por debajo del nivel de alarma,
ClientCore/xml.languagefiles/Service.CPUMonitor,CPU Monitor Service,nCPUSingle,For Multiprocessor Systems only: Report for each CPU,Solo multiprocesador: informar por cada CPU,
ClientCore/xml.languagefiles/Service.CPUMonitor,CPU Monitor Service,nCPUUsageAlarmLevel,CPU usage alarm level,Nivel alarma uso CPU,
ClientCore/xml.languagefiles/Service.CPUMonitor,CPU Monitor Service,nMEMEnable,Enable Memory Check,Habilitar comprobación memoria,
ClientCore/xml.languagefiles/Service.CPUMonitor,CPU Monitor Service,nMEMOccurences,Occurrences until Memory alarm is raised,Apariciones hasta alarma memoria,
ClientCore/xml.languagefiles/Service.CPUMonitor,CPU Monitor Service,nMEMPsyEnable,Enable Physical Memory Check,Habilitar comprobación memoria física,
ClientCore/xml.languagefiles/Service.CPUMonitor,CPU Monitor Service,nMEMPsyOccurences,Occurrences until Physical Memory alarm is raised,Apariciones hasta alarma memoria física,
ClientCore/xml.languagefiles/Service.CPUMonitor,CPU Monitor Service,nMEMPsyReportIfBelowAlarm,Also report if Physical Memory level is below the alarm level,Informar también si memoria física está por debajo,
ClientCore/xml.languagefiles/Service.CPUMonitor,CPU Monitor Service,nMEMPsyUsageAlarmLevel,Physical Memory usage alarm level,Nivel alarma uso memoria física,
ClientCore/xml.languagefiles/Service.CPUMonitor,CPU Monitor Service,nMEMReportIfBelowAlarm,Also report if Memory Level is below the alarm level,Informar también si memoria está por debajo,
ClientCore/xml.languagefiles/Service.CPUMonitor,CPU Monitor Service,nMEMUsageAlarmLevel,Memory usage alarm level,Nivel alarma uso memoria,
ClientCore/xml.languagefiles/Service.CPUMonitor,CPU Monitor Service,nMEMVirtEnable,Enable Virtual Memory Check,Habilitar comprobación memoria virtual,
ClientCore/xml.languagefiles/Service.CPUMonitor,CPU Monitor Service,nMEMVirtOccurences,Occurrences until Virtual Memory alarm is raised,Apariciones hasta alarma memoria virtual,
ClientCore/xml.languagefiles/Service.CPUMonitor,CPU Monitor Service,nMEMVirtReportIfBelowAlarm,Also report if Virtual Memory Level is below the alarm level,Informar también si memoria virtual está por debajo,
ClientCore/xml.languagefiles/Service.CPUMonitor,CPU Monitor Service,nMEMVirtUsageAlarmLevel,Virtual Memory usage alarm level,Nivel alarma uso memoria virtual,
ClientCore/xml.languagefiles/Service.CPUMonitor,CPU Monitor Service,nSleepTime,Check Interval (ms),Intervalo comprobación (ms),
ClientCore/xml.languagefiles/Service.CPUMonitor,CPU Monitor Service,szTabCPU,CPU,UPC,
ClientCore/xml.languagefiles/Service.CPUMonitor,CPU Monitor Service,szTabMemory,Total Memory,Memoria total,
ClientCore/xml.languagefiles/Service.CPUMonitor,CPU Monitor Service,szTabPhyMemory,Physical Memory,Memoria física,
ClientCore/xml.languagefiles/Service.CPUMonitor,CPU Monitor Service,szTabVirtMemory,Virtual Memory,Memoria virtual,
ClientCore/xml.languagefiles/Service.DTLSListener,DTLS Listener Service,nTimeOutSession,Session Timeout,Tiempo de espera de sesión,
ClientCore/xml.languagefiles/Service.DTLSListener,DTLS Listener Service,nUseSSL,Enable SSL / TLS Encryption.,Habilitar cifrado SSL/TLS.,
ClientCore/xml.languagefiles/Service.DTLSListener,DTLS Listener Service,szIP_,Permitted Peername / SHA1 / etc,Nombre de par permitido / SHA1 / etc,
ClientCore/xml.languagefiles/Service.DTLSListener,DTLS Listener Service,tlsallowedentries,Permitted Peers,Pares permitidos,
ClientCore/xml.languagefiles/Service.DatabaseMonitor,Database Monitor Service,btnButtonDBMonReloadLastPos,Reload DB Index number,Recargar índice DB,
ClientCore/xml.languagefiles/Service.DatabaseMonitor,Database Monitor Service,btnButtonResetLastPos,Reset DB Index number,Restablecer índice DB,
ClientCore/xml.languagefiles/Service.DatabaseMonitor,Database Monitor Service,iLastDBID,Last DB Index,Último índice DB,
ClientCore/xml.languagefiles/Service.DatabaseMonitor,Database Monitor Service,lbl_nMessageMode_csv,CSV (Comma-separated values),CSV (valores separados por comas),
ClientCore/xml.languagefiles/Service.DatabaseMonitor,Database Monitor Service,lbl_nMessageMode_custom,Custom,Personalizado,
ClientCore/xml.languagefiles/Service.DatabaseMonitor,Database Monitor Service,lbl_nMessageMode_none,None,Ninguno,
ClientCore/xml.languagefiles/Service.DatabaseMonitor,Database Monitor Service,nDBPassEncryption,Enable Encryption,Habilitar cifrado,
ClientCore/xml.languagefiles/Service.DatabaseMonitor,Database Monitor Service,nForceConnectionClose,Close connection after each Check Interval,Cerrar conexión tras cada intervalo,
ClientCore/xml.languagefiles/Service.DatabaseMonitor,Database Monitor Service,nMAX_LONGVCHAR_LEN,Maximum text length (Bytes),Long. texto máx. (bytes),
ClientCore/xml.languagefiles/Service.DatabaseMonitor,Database Monitor Service,nMAX_VCHAR_LEN,Maximum char length (Bytes),Long. char máx. (bytes),
ClientCore/xml.languagefiles/Service.DatabaseMonitor,Database Monitor Service,nMessageMode,,,
ClientCore/xml.languagefiles/Service.DatabaseMonitor,Database Monitor Service,nPreventOverrunDelay,Overrun Prevention Delay (ms),Retraso prevención desbordamiento (ms),
ClientCore/xml.languagefiles/Service.DatabaseMonitor,Database Monitor Service,nSleepTime,Check Interval (ms),Intervalo comprobación (ms),
ClientCore/xml.languagefiles/Service.DatabaseMonitor,Database Monitor Service,nUseCustomSeparator,Use custom separator,Usar separador personalizado,
ClientCore/xml.languagefiles/Service.DatabaseMonitor,Database Monitor Service,nWriteLastDBINdex,Write LastDBIndex at frequent intervals,Escribir LastDBIndex con frecuencia,
ClientCore/xml.languagefiles/Service.DatabaseMonitor,Database Monitor Service,nWriteLastDBINdex.tooltip,"When using 0, the LastDBIndex will only be written after all new DB Records have been processed.","Si es 0, se escribe tras procesar todos los registros.",
ClientCore/xml.languagefiles/Service.DatabaseMonitor,Database Monitor Service,szCustomSeparator,Custom separator,Separador personalizado,
ClientCore/xml.languagefiles/Service.DatabaseMonitor,Database Monitor Service,szDBDSN,DSN,DSN,
ClientCore/xml.languagefiles/Service.DatabaseMonitor,Database Monitor Service,szDBPass,Password,Contraseña,
ClientCore/xml.languagefiles/Service.DatabaseMonitor,Database Monitor Service,szDBSelect,Select Statement,Sentencia SELECT,
ClientCore/xml.languagefiles/Service.DatabaseMonitor,Database Monitor Service,szDBTableName,Database Table,Tabla base de datos,
ClientCore/xml.languagefiles/Service.DatabaseMonitor,Database Monitor Service,szDBUser,User-ID,ID de usuario,
ClientCore/xml.languagefiles/Service.DatabaseMonitor,Database Monitor Service,szDatabaseValues,Database Properties,Propiedades base de datos,
ClientCore/xml.languagefiles/Service.DatabaseMonitor,Database Monitor Service,szLastDBIndex,Last processed DB Index number,Último índice procesado,
ClientCore/xml.languagefiles/Service.DatabaseMonitor,Database Monitor Service,szMessageMode,MessageField (%msg%),Campo de mensaje (%msg%),
ClientCore/xml.languagefiles/Service.DatabaseMonitor,Database Monitor Service,szMessagecontent,Custom Message Content,Contenido mensaje personalizado,
ClientCore/xml.languagefiles/Service.DatabaseMonitor,Database Monitor Service,szSelectStatement,Statement related properties,Propiedades relacionadas con sentencia,
ClientCore/xml.languagefiles/Service.DatabaseMonitor,Database Monitor Service,szSelectStatementFROM,FROM,DE,
ClientCore/xml.languagefiles/Service.DatabaseMonitor,Database Monitor Service,szSelectStatementSELECT,SELECT,SELECCIONAR,
ClientCore/xml.languagefiles/Service.DatabaseMonitor,Database Monitor Service,szTableID,ID Field name,Nombre del campo ID,
ClientCore/xml.languagefiles/Service.DiskSpaceMonitor,Disk Space Monitor Service,nSleepTime,Check Interval,Intervalo comprobación,
ClientCore/xml.languagefiles/Service.EventMonitorV1,Event Monitor V1 Service,bAddFacilityString,Add Facilitystring,Añadir cadena de facilidad,
ClientCore/xml.languagefiles/Service.EventMonitorV1,Event Monitor V1 Service,bReportTruncatedLog,Report Truncated Log,Informar registro truncado,
ClientCore/xml.languagefiles/Service.EventMonitorV1,Event Monitor V1 Service,bShowSyslogMsgNbr,Syslog Message Numbers,Números de mensaje Syslog,
ClientCore/xml.languagefiles/Service.EventMonitorV1,Event Monitor V1 Service,bUseLegacyFormat,Use Legacy Format,Usar formato heredado,
ClientCore/xml.languagefiles/Service.EventMonitorV1,Event Monitor V1 Service,btnEventLogDeSelectAll,Deleselect All,Deseleccionar todo,
ClientCore/xml.languagefiles/Service.EventMonitorV1,Event Monitor V1 Service,btnEventLogReloadLastRecords,Reload All LastRecords,Recargar todos los últimos registros,
ClientCore/xml.languagefiles/Service.EventMonitorV1,Event Monitor V1 Service,btnEventLogResetLastRecords,Reset All LastRecords,Restablecer todos los últimos registros,
ClientCore/xml.languagefiles/Service.EventMonitorV1,Event Monitor V1 Service,btnEventLogSelectAll,Select All,Seleccionar todo,
ClientCore/xml.languagefiles/Service.EventMonitorV1,Event Monitor V1 Service,btnReloadLastRecordV1,Reload,Recargar,
ClientCore/xml.languagefiles/Service.EventMonitorV1,Event Monitor V1 Service,btnResetLastRecordV1,Reset ,Restablecer ,
ClientCore/xml.languagefiles/Service.EventMonitorV1,Event Monitor V1 Service,btnVerifyEvtV1,Verify Connection,Verificar conexión,
ClientCore/xml.languagefiles/Service.EventMonitorV1,Event Monitor V1 Service,chkeventchannels,Enable,Habilitar,
ClientCore/xml.languagefiles/Service.EventMonitorV1,Event Monitor V1 Service,eventchannels,Eventlog Channels,Canales del registro de eventos,
ClientCore/xml.languagefiles/Service.EventMonitorV1,Event Monitor V1 Service,nAddLogType,Add Logtype,Añadir tipo de registro,
ClientCore/xml.languagefiles/Service.EventMonitorV1,Event Monitor V1 Service,nAddUserName,Add Username,Añadir nombre de usuario,
ClientCore/xml.languagefiles/Service.EventMonitorV1,Event Monitor V1 Service,nCheckAutoBackupLogFiles,Check for Backup Logfiles made by Windows (See KB312571),Comprobar archivos de registro de respaldo creados por Windows (véase KB312571),
ClientCore/xml.languagefiles/Service.EventMonitorV1,Event Monitor V1 Service,nClearEventLog,Clear Eventlog handling,Manejo de borrado del registro de eventos,
ClientCore/xml.languagefiles/Service.EventMonitorV1,Event Monitor V1 Service,nCompressControlChars,Compress Spaces and Remove Control Characters,Comprimir espacios y eliminar caracteres de control,
ClientCore/xml.languagefiles/Service.EventMonitorV1,Event Monitor V1 Service,nCustomizeSearchPath,Customize Search path for Event Log backup log files,Personalizar ruta de búsqueda para archivos de registro de respaldo del registro de eventos,
ClientCore/xml.languagefiles/Service.EventMonitorV1,Event Monitor V1 Service,nDefaultBuffer,Default Buffersize,Tamaño de búfer predeterminado,
ClientCore/xml.languagefiles/Service.EventMonitorV1,Event Monitor V1 Service,nDoNotProcessLastRecord,Do NOT process existing entries when Eventlog corruption occurs,NO procesar entradas existentes cuando ocurre corrupción del registro de eventos,
ClientCore/xml.languagefiles/Service.EventMonitorV1,Event Monitor V1 Service,nDoNotProcessLastRecordOnStartup,Do NOT process existing entries on Service Startup,NO procesar entradas existentes al iniciar el servicio,
ClientCore/xml.languagefiles/Service.EventMonitorV1,Event Monitor V1 Service,nEnableDateReplacements,Enable date replacement characters (See manual for more),Habilitar caracteres de reemplazo de fecha (véase el manual para más),
ClientCore/xml.languagefiles/Service.EventMonitorV1,Event Monitor V1 Service,nEnableDateReplacementsOffset,Offset in seconds,Desplazamiento en segundos,
ClientCore/xml.languagefiles/Service.EventMonitorV1,Event Monitor V1 Service,nEnableLastRecordDelay,Delay writing LastRecord ,Retrasar escritura del último registro ,
ClientCore/xml.languagefiles/Service.EventMonitorV1,Event Monitor V1 Service,nEnabled,Channel Enabled,Canal habilitado,
ClientCore/xml.languagefiles/Service.EventMonitorV1,Event Monitor V1 Service,nEnabledRemote,Enable remote EventLog monitoring,Habilitar supervisión remota del registro de eventos,
ClientCore/xml.languagefiles/Service.EventMonitorV1,Event Monitor V1 Service,nEventLogCor,How to handle Eventlog corruption?,¿Cómo manejar la corrupción del registro de eventos?,
ClientCore/xml.languagefiles/Service.EventMonitorV1,Event Monitor V1 Service,nEventScanLastEventByChecksum,Always search for the last processed Event using the Checksum,Buscar siempre el último evento procesado usando la suma de comprobación,
ClientCore/xml.languagefiles/Service.EventMonitorV1,Event Monitor V1 Service,nEventUseChecksum,Use Checksum to verify the last processed event,Usar suma de comprobación para verificar el último evento procesado,
ClientCore/xml.languagefiles/Service.EventMonitorV1,Event Monitor V1 Service,nEvtClearIfEmpty,Clear the log even if it is empty,Borrar el registro incluso si está vacío,
ClientCore/xml.languagefiles/Service.EventMonitorV1,Event Monitor V1 Service,nEvtClrPollingCycles,Clear after Nbr Runs,Borrar después de N ejecuciones,
ClientCore/xml.languagefiles/Service.EventMonitorV1,Event Monitor V1 Service,nEvtClrSaveToFile,Create a Backup of the EventLog,Crear una copia de seguridad del registro de eventos,
ClientCore/xml.languagefiles/Service.EventMonitorV1,Event Monitor V1 Service,nEvtClrTime,Select Clearing at,Seleccionar borrado en,
ClientCore/xml.languagefiles/Service.EventMonitorV1,Event Monitor V1 Service,nEvtLogSuccessfullClear,Log if Clearing was successful,Registrar si el borrado fue exitoso,
ClientCore/xml.languagefiles/Service.EventMonitorV1,Event Monitor V1 Service,nFacility,Syslog Facility,Facilidad Syslog,
ClientCore/xml.languagefiles/Service.EventMonitorV1,Event Monitor V1 Service,nFilterEventType,,,
ClientCore/xml.languagefiles/Service.EventMonitorV1,Event Monitor V1 Service,nLanguageLCID,Preferred language,Idioma preferido,
ClientCore/xml.languagefiles/Service.EventMonitorV1,Event Monitor V1 Service,nLastRecord,Last Record,Último registro,
ClientCore/xml.languagefiles/Service.EventMonitorV1,Event Monitor V1 Service,nLastRecordDelayCount,Save after amount of entries,Guardar después de cantidad de entradas,
ClientCore/xml.languagefiles/Service.EventMonitorV1,Event Monitor V1 Service,nLastWriteTime,Last WriteTime,Última hora de escritura,
ClientCore/xml.languagefiles/Service.EventMonitorV1,Event Monitor V1 Service,nNoExistingEntries,Do NOT process existing entries,NO procesar entradas existentes,
ClientCore/xml.languagefiles/Service.EventMonitorV1,Event Monitor V1 Service,nPriorityAuditFailure,Audit Failure,Error de auditoría,
ClientCore/xml.languagefiles/Service.EventMonitorV1,Event Monitor V1 Service,nPriorityAuditSuccess,Audit Success,Éxito de auditoría,
ClientCore/xml.languagefiles/Service.EventMonitorV1,Event Monitor V1 Service,nPriorityError,Error,Error,
ClientCore/xml.languagefiles/Service.EventMonitorV1,Event Monitor V1 Service,nPriorityInformation,Information,Información,
ClientCore/xml.languagefiles/Service.EventMonitorV1,Event Monitor V1 Service,nPrioritySuccess,Success,Éxito,
ClientCore/xml.languagefiles/Service.EventMonitorV1,Event Monitor V1 Service,nPriorityWarning,Warning,Advertencia,
ClientCore/xml.languagefiles/Service.EventMonitorV1,Event Monitor V1 Service,nReadFromFile,Read Eventlog from File,Leer registro de eventos desde archivo,
ClientCore/xml.languagefiles/Service.EventMonitorV1,Event Monitor V1 Service,nReadSourceLocally,Read EventLog Sources from local machine,Leer orígenes del registro de eventos desde la máquina local,
ClientCore/xml.languagefiles/Service.EventMonitorV1,Event Monitor V1 Service,nRemoveControlCharsFromParams,Remove Control Characters from String Parameters,Eliminar caracteres de control de parámetros de cadena,
ClientCore/xml.languagefiles/Service.EventMonitorV1,Event Monitor V1 Service,nSleepTime,Sleep Time(ms),Tiempo de espera (ms),
ClientCore/xml.languagefiles/Service.EventMonitorV1,Event Monitor V1 Service,nTryConvSIDtoObj,Try to convert Security IDs (SID) to Object Names,Intentar convertir ID de seguridad (SID) a nombres de objeto,
ClientCore/xml.languagefiles/Service.EventMonitorV1,Event Monitor V1 Service,nTryConvertDsClasses,Try to convert Active Directory Object Classes,Intentar convertir clases de objetos de Active Directory,
ClientCore/xml.languagefiles/Service.EventMonitorV1,Event Monitor V1 Service,processedfiles,Processed file properties,Propiedades del archivo procesado,
ClientCore/xml.languagefiles/Service.EventMonitorV1,Event Monitor V1 Service,szAutoBackPath,Search Path,Ruta de búsqueda,
ClientCore/xml.languagefiles/Service.EventMonitorV1,Event Monitor V1 Service,szAutoBackupRunCommand,Postprocess Command,Comando de posprocesamiento,
ClientCore/xml.languagefiles/Service.EventMonitorV1,Event Monitor V1 Service,szClearEventLog0,Never clear (default),Nunca borrar (predeterminado),
ClientCore/xml.languagefiles/Service.EventMonitorV1,Event Monitor V1 Service,szClearEventLog1,"Clear after Polling cycles, every time","Borrar después de ciclos de sondeo, cada vez",
ClientCore/xml.languagefiles/Service.EventMonitorV1,Event Monitor V1 Service,szClearEventLog2,"Clear once a day, starting at configured hour","Borrar una vez al día, comenzando a la hora configurada",
ClientCore/xml.languagefiles/Service.EventMonitorV1,Event Monitor V1 Service,szDisabled,Disabled,Deshabilitado,
ClientCore/xml.languagefiles/Service.EventMonitorV1,Event Monitor V1 Service,szEventLogCor_clear,Clear all events from Eventlog,Borrar todos los eventos del registro de eventos,
ClientCore/xml.languagefiles/Service.EventMonitorV1,Event Monitor V1 Service,szEventLogCor_ignore,Ignore corrupted Eventlog entry,Ignorar entrada corrupta del registro de eventos,
ClientCore/xml.languagefiles/Service.EventMonitorV1,Event Monitor V1 Service,szEventLogCor_retry,Retry processing from beginning,Reintentar procesamiento desde el principio,
ClientCore/xml.languagefiles/Service.EventMonitorV1,Event Monitor V1 Service,szEventTypesToLog,Eventlogtypes to Log,Tipos de registro de eventos a registrar,
ClientCore/xml.languagefiles/Service.EventMonitorV1,Event Monitor V1 Service,szEvtClrSaveFile,Backup Filename,Nombre de archivo de respaldo,
ClientCore/xml.languagefiles/Service.EventMonitorV1,Event Monitor V1 Service,szLogFileName,File & Path Name,Archivo y nombre de ruta,
ClientCore/xml.languagefiles/Service.EventMonitorV1,Event Monitor V1 Service,szLogType,Type of Eventlog,Tipo de registro de eventos,
ClientCore/xml.languagefiles/Service.EventMonitorV1,Event Monitor V1 Service,szServerName,Monitor Eventlog from this host,Supervisar registro de eventos desde este host,
ClientCore/xml.languagefiles/Service.EventMonitorV1,Event Monitor V1 Service,szSyslogTagValue,Syslog Tag Value,Valor de etiqueta Syslog,
ClientCore/xml.languagefiles/Service.EventMonitorV1,Event Monitor V1 Service,szTabEventChannels,Event Channels,Canales de eventos,
ClientCore/xml.languagefiles/Service.EventMonitorV1,Event Monitor V1 Service,szTabGeneral,General Options,Opciones generales,
ClientCore/xml.languagefiles/Service.EventMonitorV1,Event Monitor V1 Service,txteventchannels,Eventlog Channel,Canal del registro de eventos,
ClientCore/xml.languagefiles/Service.EventMonitorV1,Event Monitor V1 Service,txtprocessedfiles,Processed Filename,Nombre de archivo procesado,
ClientCore/xml.languagefiles/Service.EventMonitorV2,Event Monitor V2 Service,bShowEvtChannelAdmin,Show operational / administrative Channels,Mostrar canales operativos/administrativos,
ClientCore/xml.languagefiles/Service.EventMonitorV2,Event Monitor V2 Service,bShowEvtChannelDebug,Show debug / analytic Channels,Mostrar canales de depuración/análisis,
ClientCore/xml.languagefiles/Service.EventMonitorV2,Event Monitor V2 Service,btnEventLogDeSelectAll,Deleselect All,Deseleccionar todo,
ClientCore/xml.languagefiles/Service.EventMonitorV2,Event Monitor V2 Service,btnEventLogReloadLastRecords,Reload All LastRecords,Recargar todos los últimos registros,
ClientCore/xml.languagefiles/Service.EventMonitorV2,Event Monitor V2 Service,btnEventLogRemoveDead,Remove not existing Channels,Eliminar canales inexistentes,
ClientCore/xml.languagefiles/Service.EventMonitorV2,Event Monitor V2 Service,btnEventLogResetLastRecords,Reset All LastRecords,Restablecer todos los últimos registros,
ClientCore/xml.languagefiles/Service.EventMonitorV2,Event Monitor V2 Service,btnEventLogScan,(Re)Scan for EventLog Channels,(Re)Escanear canales EventLog,
ClientCore/xml.languagefiles/Service.EventMonitorV2,Event Monitor V2 Service,btnEventLogSelectAll,Select All,Seleccionar todo,
ClientCore/xml.languagefiles/Service.EventMonitorV2,Event Monitor V2 Service,btnReloadLastRecordV2,Reload,Recargar,
ClientCore/xml.languagefiles/Service.EventMonitorV2,Event Monitor V2 Service,btnResetLastRecordV2,Reset,Restablecer,
ClientCore/xml.languagefiles/Service.EventMonitorV2,Event Monitor V2 Service,btnVerifyEvtV2,Verify Connection,Verificar conexión,
ClientCore/xml.languagefiles/Service.EventMonitorV2,Event Monitor V2 Service,chkeventchannels,Enable,Habilitar,
ClientCore/xml.languagefiles/Service.EventMonitorV2,Event Monitor V2 Service,eventchannels,Eventlog Channels,Canales del registro de eventos,
ClientCore/xml.languagefiles/Service.EventMonitorV2,Event Monitor V2 Service,nApiReadMode,Processing Mode,Modo de procesamiento,
ClientCore/xml.languagefiles/Service.EventMonitorV2,Event Monitor V2 Service,nApiReadMode_Polling,Eventlog Polling (Sleeptime),Sondeo del registro de eventos (tiempo de espera),
ClientCore/xml.languagefiles/Service.EventMonitorV2,Event Monitor V2 Service,nApiReadMode_Subscription,Eventlog Subscription (Realtime),Suscripción al registro de eventos (tiempo real),
ClientCore/xml.languagefiles/Service.EventMonitorV2,Event Monitor V2 Service,nCacheEventCategory,Cache Event Category ( Task field ) ,Caché de categoría de evento (campo Tarea) ,
ClientCore/xml.languagefiles/Service.EventMonitorV2,Event Monitor V2 Service,nCacheEventKeyword,Cache Event Keyword,Palabra clave de caché de eventos,
ClientCore/xml.languagefiles/Service.EventMonitorV2,Event Monitor V2 Service,nCacheEventLevel,"Cache Event Levels ( Like Warning, Information, Error)","Caché de niveles de evento (como Advertencia, Información, Error)",
ClientCore/xml.languagefiles/Service.EventMonitorV2,Event Monitor V2 Service,nCacheEventPublisher,Cache Event Publisher handles ( Event Source ) ,Caché de identificadores de publicador de eventos (origen del evento) ,
ClientCore/xml.languagefiles/Service.EventMonitorV2,Event Monitor V2 Service,nConvertToEventLogMonitorV1,Convert to EventLog Monitor V1 compatible Events,Convertir a eventos compatibles con EventLog Monitor V1,
ClientCore/xml.languagefiles/Service.EventMonitorV2,Event Monitor V2 Service,nCopyFormatIntoProperty,Select MessageFormat,Seleccionar formato de mensaje,
ClientCore/xml.languagefiles/Service.EventMonitorV2,Event Monitor V2 Service,nEmulateParameters,Emulate %Param% properties from old EventLog Monitor,Emular propiedades %Param% del antiguo EventLog Monitor,
ClientCore/xml.languagefiles/Service.EventMonitorV2,Event Monitor V2 Service,nEnableLastRecordDelay,Delay writing LastRecord ,Retrasar escritura del último registro ,
ClientCore/xml.languagefiles/Service.EventMonitorV2,Event Monitor V2 Service,nEnableUnknownChannels,Process unknown/unconfigured Eventlog Channels,Procesar canales desconocidos o no configurados del registro de eventos,
ClientCore/xml.languagefiles/Service.EventMonitorV2,Event Monitor V2 Service,nEnabled,Channel Enabled,Canal habilitado,
ClientCore/xml.languagefiles/Service.EventMonitorV2,Event Monitor V2 Service,nEnabledRemote,Enable remote EventLog monitoring,Habilitar supervisión remota del registro de eventos,
ClientCore/xml.languagefiles/Service.EventMonitorV2,Event Monitor V2 Service,nFacility,Facility,Facilidad,
ClientCore/xml.languagefiles/Service.EventMonitorV2,Event Monitor V2 Service,nFormatType,Select MessageFormat,Seleccionar formato de mensaje,
ClientCore/xml.languagefiles/Service.EventMonitorV2,Event Monitor V2 Service,nFormatType_DISABLED,Disabled,Deshabilitado,
ClientCore/xml.languagefiles/Service.EventMonitorV2,Event Monitor V2 Service,nFormatType_Json,JSON Format,Formato JSON,
ClientCore/xml.languagefiles/Service.EventMonitorV2,Event Monitor V2 Service,nFormatType_JsonSiem,LogPoint SIEM JSON Format,Formato JSON LogPoint SIEM,
ClientCore/xml.languagefiles/Service.EventMonitorV2,Event Monitor V2 Service,nFormatType_Predefined,Predefined Event Format,Formato de evento predefinido,
ClientCore/xml.languagefiles/Service.EventMonitorV2,Event Monitor V2 Service,nFormatType_XML,Raw XML Format,Formato XML sin procesar,
ClientCore/xml.languagefiles/Service.EventMonitorV2,Event Monitor V2 Service,nIncludeEventParameters,Include optional Event Parameters as properties?,¿Incluir parámetros opcionales del evento como propiedades?,
ClientCore/xml.languagefiles/Service.EventMonitorV2,Event Monitor V2 Service,nLanguageLCID,Preferred language,Idioma preferido,
ClientCore/xml.languagefiles/Service.EventMonitorV2,Event Monitor V2 Service,nLanguageLCID.invalidZero,0 is reserved for the internal Windows default fallback and cannot be configured here. Use -1 for OS default or a positive LCID.,0 está reservado para la reserva interna del valor predeterminado de Windows y no puede configurarse aquí. Use -1 para el predeterminado del SO o un LCID positivo.,
ClientCore/xml.languagefiles/Service.EventMonitorV2,Event Monitor V2 Service,nLanguageLCID.systemDefault,OS default / automatic fallback [-1],Predeterminado del SO / reserva automática [-1],
ClientCore/xml.languagefiles/Service.EventMonitorV2,Event Monitor V2 Service,nLanguageLCID.tooltip,"Preferred locale used for WEVT event message formatting. Fallback order: configured LCID, Windows default, system UI locale, en-US.","Configuración regional preferida para el formato de mensajes de eventos WEVT. Orden de reserva: LCID configurado, predeterminado de Windows, configuración regional de la interfaz del sistema, en-US.",
ClientCore/xml.languagefiles/Service.EventMonitorV2,Event Monitor V2 Service,nLastRecordDelayCount,Save after amount of entries,Guardar después de cantidad de entradas,
ClientCore/xml.languagefiles/Service.EventMonitorV2,Event Monitor V2 Service,nLastRecordDelayTime,Save after wait time,Guardar después del tiempo de espera,
ClientCore/xml.languagefiles/Service.EventMonitorV2,Event Monitor V2 Service,nNoExistingEntries,Do NOT process existing entries,NO procesar entradas existentes,
ClientCore/xml.languagefiles/Service.EventMonitorV2,Event Monitor V2 Service,nPreventOverrunDelay,Overrun Prevention Delay (ms),Retraso de prevención de desbordamiento (ms),
ClientCore/xml.languagefiles/Service.EventMonitorV2,Event Monitor V2 Service,nPriorityCritical,Critical,Crítico,
ClientCore/xml.languagefiles/Service.EventMonitorV2,Event Monitor V2 Service,nPriorityError,Error,Error,
ClientCore/xml.languagefiles/Service.EventMonitorV2,Event Monitor V2 Service,nPriorityInfo,Information,Información,
ClientCore/xml.languagefiles/Service.EventMonitorV2,Event Monitor V2 Service,nPriorityVerbose,Verbose,Detallado,
ClientCore/xml.languagefiles/Service.EventMonitorV2,Event Monitor V2 Service,nPriorityWarning,Warning,Advertencia,
ClientCore/xml.languagefiles/Service.EventMonitorV2,Event Monitor V2 Service,nReadFromFile,Read Eventlog from File,Leer registro de eventos desde archivo,
ClientCore/xml.languagefiles/Service.EventMonitorV2,Event Monitor V2 Service,nSleepTime,Sleep Time(ms),Tiempo de espera (ms),
ClientCore/xml.languagefiles/Service.EventMonitorV2,Event Monitor V2 Service,nSubscriptionSleepTime,Wait time after action failure,Tiempo de espera después de fallo de acción,
ClientCore/xml.languagefiles/Service.EventMonitorV2,Event Monitor V2 Service,nSubscriptionSleepTime.tooltip,Defines the wait time after the Event subscription is retried. This wait time only applies after an action failure. ,Define el tiempo de espera después de reintentar la suscripción a eventos. Este tiempo solo se aplica después de un fallo de acción. ,
ClientCore/xml.languagefiles/Service.EventMonitorV2,Event Monitor V2 Service,nTryConvSIDtoObj,Try to convert Security IDs (SID) to Object Names,Intentar convertir ID de seguridad (SID) a nombres de objeto,
ClientCore/xml.languagefiles/Service.EventMonitorV2,Event Monitor V2 Service,szCacheEventInfo,"For performance reasons we recommend to use all caching options available. However if you do not want to cache data queried from the eventlog, you can disable them here. ","Por razones de rendimiento recomendamos usar todas las opciones de caché disponibles. Sin embargo, si no desea almacenar en caché los datos consultados del registro de eventos, puede deshabilitarlas aquí. ",
ClientCore/xml.languagefiles/Service.EventMonitorV2,Event Monitor V2 Service,szCopyFormatIntoProperty,store into Property,almacenar en propiedad,
ClientCore/xml.languagefiles/Service.EventMonitorV2,Event Monitor V2 Service,szCopyFormatIntoPropertyGroup,Copy Format into Property,Copiar formato a propiedad,
ClientCore/xml.languagefiles/Service.EventMonitorV2,Event Monitor V2 Service,szDisabled,Disabled,Deshabilitado,
ClientCore/xml.languagefiles/Service.EventMonitorV2,Event Monitor V2 Service,szEventLogV2WarningOnWinXp,"Warning, this Windows Version does not support the new Windows Eventlog API needed for this service. You may configure this service if you intend to use this configuration on a machine with a higher OS level later.",Advertencia: esta versión de Windows no admite la nueva API del registro de eventos de Windows necesaria para este servicio. Puede configurar este servicio si tiene la intención de usar esta configuración en una máquina con un nivel de SO superior más adelante.,
ClientCore/xml.languagefiles/Service.EventMonitorV2,Event Monitor V2 Service,szEventPollingOptions,Eventpolling related Options,Opciones relacionadas con el sondeo de eventos,
ClientCore/xml.languagefiles/Service.EventMonitorV2,Event Monitor V2 Service,szEventTypesManage,Manage Event Channels,Administrar canales de eventos,
ClientCore/xml.languagefiles/Service.EventMonitorV2,Event Monitor V2 Service,szEventTypesToLog,Eventlog Types to Log,Tipos de registro de eventos a registrar,
ClientCore/xml.languagefiles/Service.EventMonitorV2,Event Monitor V2 Service,szLogFileName,File & Path Name,Archivo y nombre de ruta,
ClientCore/xml.languagefiles/Service.EventMonitorV2,Event Monitor V2 Service,szServerName,Monitor Eventlog from this host:,Supervisar registro de eventos desde este host:,
ClientCore/xml.languagefiles/Service.EventMonitorV2,Event Monitor V2 Service,szSubscriptionOptions,Subscription related Options,Opciones relacionadas con la suscripción,
ClientCore/xml.languagefiles/Service.EventMonitorV2,Event Monitor V2 Service,szSyslogTagValue,Syslog Tag Value,Valor de etiqueta Syslog,
ClientCore/xml.languagefiles/Service.EventMonitorV2,Event Monitor V2 Service,szTabCaching,Event Caching,Almacenamiento en caché de eventos,
ClientCore/xml.languagefiles/Service.EventMonitorV2,Event Monitor V2 Service,szTabEventChannels,Event Channels,Canales de eventos,
ClientCore/xml.languagefiles/Service.EventMonitorV2,Event Monitor V2 Service,szTabGeneral,General Options,Opciones generales,
ClientCore/xml.languagefiles/Service.EventMonitorV2,Event Monitor V2 Service,szXMLBookmark,Last Record,Último registro,
ClientCore/xml.languagefiles/Service.EventMonitorV2,Event Monitor V2 Service,txteventchannels,Eventlog Channel,Canal del registro de eventos,
ClientCore/xml.languagefiles/Service.FTPProbe,FTP Probe Service,nFTPPort,FTP Port,Puerto FTP,
ClientCore/xml.languagefiles/Service.FTPProbe,FTP Probe Service,nGenerateOnSuccess,Generate an event if FTP Probe was successful,Generar un evento si la sonda FTP fue exitosa,
ClientCore/xml.languagefiles/Service.FTPProbe,FTP Probe Service,szFTPServer,FTP Server,Servidor FTP,
ClientCore/xml.languagefiles/Service.FileMonitor,File Monitor Service,bIsRegex_,Enable Regular Expression,Habilitar expresión regular,
ClientCore/xml.languagefiles/Service.FileMonitor,File Monitor Service,btnButtonFileMonResetAllLastPos,Reset All Position Counters,Restablecer todos los contadores de posición,
ClientCore/xml.languagefiles/Service.FileMonitor,File Monitor Service,btnButtonResetLastPos,Reset Position Counter,Restablecer contador de posición,
ClientCore/xml.languagefiles/Service.FileMonitor,File Monitor Service,btnEventLogReloadLastRecords,Reload File Counter Positions,Recargar posiciones del contador de archivos,
ClientCore/xml.languagefiles/Service.FileMonitor,File Monitor Service,fileitems,Processed File,Archivo procesado,
ClientCore/xml.languagefiles/Service.FileMonitor,File Monitor Service,msgseps,List of message separators,Lista de separadores de mensajes,
ClientCore/xml.languagefiles/Service.FileMonitor,File Monitor Service,nCompressSpaces,Compress spaces,Comprimir espacios,
ClientCore/xml.languagefiles/Service.FileMonitor,File Monitor Service,nEnableLastRecordDelay,Delay writing Last File Position,Retrasar escritura de última posición de archivo,
ClientCore/xml.languagefiles/Service.FileMonitor,File Monitor Service,nIgnoreEmptyLines,Ignore empty lines,Ignorar líneas vacías,
ClientCore/xml.languagefiles/Service.FileMonitor,File Monitor Service,nKeepReadingUntilNew,Keep reading the current opened file until a new is created,Seguir leyendo hasta nuevo archivo,
ClientCore/xml.languagefiles/Service.FileMonitor,File Monitor Service,nLastPos,Last File Position,Última posición de archivo,
ClientCore/xml.languagefiles/Service.FileMonitor,File Monitor Service,nLastRecordDelayCount,Save after amount of processed lines,Guardar después de cantidad de líneas procesadas,
ClientCore/xml.languagefiles/Service.FileMonitor,File Monitor Service,nLogFileType,Logfile Type,Tipo de archivo de registro,
ClientCore/xml.languagefiles/Service.FileMonitor,File Monitor Service,nMaxBytesPerMessage,Max Bytes per Message,Máx. bytes por mensaje,
ClientCore/xml.languagefiles/Service.FileMonitor,File Monitor Service,nMultipleFiles,Allow Directories or read multiple files (Needs Wildcard in Filename),Permitir directorios o leer varios archivos (requiere comodín en nombre de archivo),
ClientCore/xml.languagefiles/Service.FileMonitor,File Monitor Service,nPreventOverrunDelay,Overrun Prevention Delay (ms),Retraso de prevención de desbordamiento (ms),
ClientCore/xml.languagefiles/Service.FileMonitor,File Monitor Service,nProcessRestOfFile,Process rest of file as one message (If no message separator matches anymore),Procesar el resto del archivo como un mensaje (si no se encuentra más separador de mensajes),
ClientCore/xml.languagefiles/Service.FileMonitor,File Monitor Service,nPropertyMsgSep,Save Message Separator in Property (%msgsep%),Guardar separador de mensaje en propiedad (%msgsep%),
ClientCore/xml.languagefiles/Service.FileMonitor,File Monitor Service,nPropertyMsgSepReset,Reset Message Separator after each run,Restablecer separador de mensajes después de cada ejecución,
ClientCore/xml.languagefiles/Service.FileMonitor,File Monitor Service,nReadFileBuffer,Read Filebuffer size,Tamaño del búfer de lectura de archivo,
ClientCore/xml.languagefiles/Service.FileMonitor,File Monitor Service,nRemoveControlChars,Remove Control Characters,Eliminar caracteres de control,
ClientCore/xml.languagefiles/Service.FileMonitor,File Monitor Service,nRemoveLeadingSpaces,Remove leading space,Eliminar espacio inicial,
ClientCore/xml.languagefiles/Service.FileMonitor,File Monitor Service,nReplaceNullBytes,Replace NULL Bytes with spaces,Reemplazar bytes NULL con espacios,
ClientCore/xml.languagefiles/Service.FileMonitor,File Monitor Service,nReportErrorOnFNF,Report an error if the File was not found (Willbe written into the Application Eventlog),Informar error si no se encontró el archivo (se escribirá en el registro de eventos de la aplicación),
ClientCore/xml.languagefiles/Service.FileMonitor,File Monitor Service,nSkipLinesEnabled,Skip all lines on Startup,Omitir todas las líneas al iniciar,
ClientCore/xml.languagefiles/Service.FileMonitor,File Monitor Service,nTimeMode,Timemode used for Filename,Modo de tiempo usado para nombre de archivo,
ClientCore/xml.languagefiles/Service.FileMonitor,File Monitor Service,nUseWildcard,Use wildcards in Filename,Usar comodines en nombre de archivo,
ClientCore/xml.languagefiles/Service.FileMonitor,File Monitor Service,szCharacterProcessing,Character processing related options,Opciones relacionadas con el procesamiento de caracteres,
ClientCore/xml.languagefiles/Service.FileMonitor,File Monitor Service,szIncludeMsgSepInMessageDisabled,Do not include message separator in message,No incluir separador de mensaje en el mensaje,
ClientCore/xml.languagefiles/Service.FileMonitor,File Monitor Service,szIncludeMsgSepInMessageLastMsgSepPrepend,Prepend previous found separator to message,Anteponer separador encontrado anteriormente al mensaje,
ClientCore/xml.languagefiles/Service.FileMonitor,File Monitor Service,szIncludeMsgSepInMessageMsgSepAppend,Append found separator to message,Añadir separador encontrado al mensaje,
ClientCore/xml.languagefiles/Service.FileMonitor,File Monitor Service,szIncludeMsgSepInMessageMsgSepPrepend,Prepend found separator to message,Anteponer separador encontrado al mensaje,
ClientCore/xml.languagefiles/Service.FileMonitor,File Monitor Service,szLogFileTypeStandard,Standard,Estándar,
ClientCore/xml.languagefiles/Service.FileMonitor,File Monitor Service,szLogFileTypeW3C,W3C WebServer Logfile,Archivo de registro de servidor web W3C,
ClientCore/xml.languagefiles/Service.FileMonitor,File Monitor Service,szMessageProcessing,Message processing related options,Opciones relacionadas con el procesamiento de mensajes,
ClientCore/xml.languagefiles/Service.FileMonitor,File Monitor Service,szMsgSep_,Message separation sequence,Secuencia de separación de mensajes,
ClientCore/xml.languagefiles/Service.FileMonitor,File Monitor Service,szPathAndFileName,File and Path Name,Archivo y nombre de ruta,
ClientCore/xml.languagefiles/Service.FileMonitor,File Monitor Service,szReadFileBufferInfo,"The File Monitor reads files in chunks (blocks) with the read Filebuffer size. 
The default buffersize is 4096 bytes which is a good balance between performance and memory usage. 
 
You may want to increase the size when using regex message separators and your log lines increase the default file buffer size. Otherwise we recommend not to change this value!","El File Monitor lee archivos en fragmentos (bloques) según el tamaño del búfer. 
El tamaño predeterminado es 4096 bytes, un buen equilibrio entre rendimiento y memoria. 
 
Puede aumentar el tamaño si usa separadores de mensajes regex y sus líneas de registro superan el búfer predeterminado. En caso contrario, recomendamos no cambiar este valor.",
ClientCore/xml.languagefiles/Service.FileMonitor,File Monitor Service,szResetValue,Reset value,Restablecer valor,
ClientCore/xml.languagefiles/Service.FileMonitor,File Monitor Service,szTabAdvanced,Advanced Options,Opciones avanzadas,
ClientCore/xml.languagefiles/Service.FileMonitor,File Monitor Service,szTabFiles,Processed Files,Archivos procesados,
ClientCore/xml.languagefiles/Service.FileMonitor,File Monitor Service,szTabGeneral,General,General,
ClientCore/xml.languagefiles/Service.FileMonitor,File Monitor Service,szTabMsgSep,Message Separators,Separadores de mensajes,
ClientCore/xml.languagefiles/Service.FileMonitor,File Monitor Service,szW3CHeader,W3C Header Value,Valor de encabezado W3C,
ClientCore/xml.languagefiles/Service.FileMonitor,File Monitor Service,txtfileitems,Filename,Nombre de archivo,
ClientCore/xml.languagefiles/Service.HTTPProbe,HTTP Probe Service,lbl_request_get,GET,CONSEGUIR,
ClientCore/xml.languagefiles/Service.HTTPProbe,HTTP Probe Service,lbl_request_head,HEAD,CABEZA,
ClientCore/xml.languagefiles/Service.HTTPProbe,HTTP Probe Service,nGenerateOnSuccess,Generate an event if HTTP Probe was successful,Generar un evento si la sonda HTTP fue exitosa,
ClientCore/xml.languagefiles/Service.HTTPProbe,HTTP Probe Service,nHTTPPort,HTTP Port,Puerto HTTP,
ClientCore/xml.languagefiles/Service.HTTPProbe,HTTP Probe Service,nUseSSL,Use secure https protocoll,Utilice el protocolo https seguro,
ClientCore/xml.languagefiles/Service.HTTPProbe,HTTP Probe Service,szConfigUrlPreview,URL Preview,Vista previa de URL,
ClientCore/xml.languagefiles/Service.HTTPProbe,HTTP Probe Service,szHTTPServer,HTTP Server,Servidor HTTP,
ClientCore/xml.languagefiles/Service.HTTPProbe,HTTP Probe Service,szReferer,Referrer,referente,
ClientCore/xml.languagefiles/Service.HTTPProbe,HTTP Probe Service,szRequestType,Request Type,Tipo de solicitud,
ClientCore/xml.languagefiles/Service.HTTPProbe,HTTP Probe Service,szUrl,URL & Querystring,URL y cadena de consulta,
ClientCore/xml.languagefiles/Service.HTTPProbe,HTTP Probe Service,szUserAgent,UserAgent (Browser),Agente de usuario (navegador),
ClientCore/xml.languagefiles/Service.Heartbeat,Heartbeat Service,nSleepTime,Heartbeat clock (Sleeptime),Heartbeat reloj (hora de dormir),
ClientCore/xml.languagefiles/Service.Heartbeat,Heartbeat Service,szMessage,Message that is send during each heartbeat,Mensaje que se envía durante cada latido.,
ClientCore/xml.languagefiles/Service.IMAPProbe,IMAP Probe Service,nGenerateOnSuccess,Generate an event if IMAP Probe was successful,Generar un evento si IMAP Probe tuvo éxito,
ClientCore/xml.languagefiles/Service.IMAPProbe,IMAP Probe Service,nIMAPPort,IMAP Port,Puerto IMAP,
ClientCore/xml.languagefiles/Service.IMAPProbe,IMAP Probe Service,szIMAPServer,IMAP Server,Servidor IMAP,
ClientCore/xml.languagefiles/Service.MonitorWareEchoReply,Monitor Ware Echo Reply Service,szMyIPAddress,IP Listener Address,Dirección de escucha IP,
ClientCore/xml.languagefiles/Service.MonitorWareEchoRequest,Monitor Ware Echo Request Service,hostlist,List of hosts,Lista de hosts,
ClientCore/xml.languagefiles/Service.MonitorWareEchoRequest,Monitor Ware Echo Request Service,nGenerateOnSuccess,Also generate an event if echo reply was successful,También generar un evento si la respuesta de eco fue exitosa,
ClientCore/xml.languagefiles/Service.MonitorWareEchoRequest,Monitor Ware Echo Request Service,nPort_,Port,Puerto,
ClientCore/xml.languagefiles/Service.MonitorWareEchoRequest,Monitor Ware Echo Request Service,nSleepTime,Check Interval(ms),Intervalo de comprobación (ms),
ClientCore/xml.languagefiles/Service.MonitorWareEchoRequest,Monitor Ware Echo Request Service,szIP_,IP Address,Dirección IP,
ClientCore/xml.languagefiles/Service.NNTPProbe,NNTP Probe Service,nGenerateOnSuccess,Generate an event if NNTP Probe was successful,Generar un evento si la sonda NNTP fue exitosa,
ClientCore/xml.languagefiles/Service.NNTPProbe,NNTP Probe Service,nNNTPPort,NNTP Port,Puerto NNTP,
ClientCore/xml.languagefiles/Service.NNTPProbe,NNTP Probe Service,szNNTPServer,NNTP Server,Servidor NNTP,
ClientCore/xml.languagefiles/Service.NTServiceMonitor,NT Service Monitor Service,nDelayOnStartup,Delay on Startup in Milliseconds (1000 ms --> 1 second),Retraso en el inicio en milisegundos (1000 ms --> 1 segundo),
ClientCore/xml.languagefiles/Service.NTServiceMonitor,NT Service Monitor Service,nGenerateOnSuccess,Generate an event if a Service is in the running state,Generar un evento si un Service está en estado de ejecución,
ClientCore/xml.languagefiles/Service.POP3Probe,POP3Probe Service,nGenerateOnSuccess,Generate an event if POP3 Probe was successful,Generar un evento si la sonda POP3 tuvo éxito,
ClientCore/xml.languagefiles/Service.POP3Probe,POP3Probe Service,nPOP3Port,POP3 Port,Puerto POP3,
ClientCore/xml.languagefiles/Service.POP3Probe,POP3Probe Service,szPOP3Server,POP3 Server,Servidor POP3,
ClientCore/xml.languagefiles/Service.PassiveSyslogListener,Passive Syslog Listener Service,btnButtonPassiveSyslogTest,Test Passive Syslogserver,Probar servidor Syslog pasivo,
ClientCore/xml.languagefiles/Service.PassiveSyslogListener,Passive Syslog Listener Service,lbl_syslogTCP,TCP,TCP,
ClientCore/xml.languagefiles/Service.PassiveSyslogListener,Passive Syslog Listener Service,lbl_syslogUDP,UDP,UDP,
ClientCore/xml.languagefiles/Service.PassiveSyslogListener,Passive Syslog Listener Service,nEnableCommunicate,Enable communication,Habilitar comunicación,
ClientCore/xml.languagefiles/Service.PassiveSyslogListener,Passive Syslog Listener Service,nListenPort,Listener Port,Puerto de escucha,
ClientCore/xml.languagefiles/Service.PassiveSyslogListener,Passive Syslog Listener Service,nProtocolType,Protocol Type,Tipo de protocolo,
ClientCore/xml.languagefiles/Service.PassiveSyslogListener,Passive Syslog Listener Service,nTCPMaxSessions,Maximum TCP sessions,Sesiones TCP maximas,
ClientCore/xml.languagefiles/Service.PassiveSyslogListener,Passive Syslog Listener Service,nTCPMaxSessions.tooltip,Maximum number of concurrent TCP receiver sessions. Use 0 to disable the cap.,Numero maximo de sesiones receptoras TCP simultaneas. Use 0 para desactivar el limite.,
ClientCore/xml.languagefiles/Service.PassiveSyslogListener,Passive Syslog Listener Service,nTLSAllowExpiredCerts,Allow expired peer certificates,Permitir certificados de pares expirados,
ClientCore/xml.languagefiles/Service.PassiveSyslogListener,Passive Syslog Listener Service,nTLSAllowExpiredCerts.tooltip,"Compatibility mode. When enabled, expired peer certificates are accepted. Disable to reject expired certificates.","Modo de compatibilidad. Si esta habilitado, se aceptan certificados de pares expirados. Deshabilitelo para rechazarlos.",
ClientCore/xml.languagefiles/Service.PassiveSyslogListener,Passive Syslog Listener Service,nTLSFailOnConfigCommandError,Fail on TLS config command errors,Fallar ante errores de comandos TLS,
ClientCore/xml.languagefiles/Service.PassiveSyslogListener,Passive Syslog Listener Service,nTLSFailOnConfigCommandError.tooltip,"When enabled, listener setup fails if configured OpenSSL commands cannot be applied. By default errors are logged and setup continues.","Si esta habilitado, la configuracion del listener falla si los comandos OpenSSL configurados no se pueden aplicar. De forma predeterminada, los errores se registran y la configuracion continua.",
ClientCore/xml.languagefiles/Service.PassiveSyslogListener,Passive Syslog Listener Service,nTLSHandshakeTimeout,TLS handshake timeout,Tiempo de espera del handshake TLS,
ClientCore/xml.languagefiles/Service.PassiveSyslogListener,Passive Syslog Listener Service,nTLSHandshakeTimeout.tooltip,Maximum time in milliseconds allowed for a TLS handshake before the connection is closed.,Tiempo maximo en milisegundos permitido para un handshake TLS antes de cerrar la conexion.,
ClientCore/xml.languagefiles/Service.PassiveSyslogListener,Passive Syslog Listener Service,nTLSLegacyFingerprintMatch,Allow legacy fingerprint matching,Permitir coincidencia heredada de huella,
ClientCore/xml.languagefiles/Service.PassiveSyslogListener,Passive Syslog Listener Service,nTLSLegacyFingerprintMatch.tooltip,"Compatibility mode. When enabled, legacy SHA-1 substring fingerprint matching remains allowed. Disable to require normalized exact SHA-1/SHA-256 fingerprints.","Modo de compatibilidad. Si esta habilitado, se permite la antigua coincidencia por subcadena SHA-1. Deshabilitelo para exigir huellas SHA-1/SHA-256 normalizadas exactas.",
ClientCore/xml.languagefiles/Service.PassiveSyslogListener,Passive Syslog Listener Service,nTLSLegacyPeerNameMatch,Allow legacy peer name matching,Permitir coincidencia heredada de nombre de par,
ClientCore/xml.languagefiles/Service.PassiveSyslogListener,Passive Syslog Listener Service,nTLSLegacyPeerNameMatch.tooltip,"Compatibility mode. When enabled, legacy subject substring matching remains allowed. Disable to require strict SAN/CN matching.","Modo de compatibilidad. Si esta habilitado, se permite la antigua coincidencia por subcadena del asunto. Deshabilitelo para exigir coincidencia SAN/CN estricta.",
ClientCore/xml.languagefiles/Service.PassiveSyslogListener,Passive Syslog Listener Service,nTimeOutSession,Session Timeout,Tiempo de espera de sesión,
ClientCore/xml.languagefiles/Service.PassiveSyslogListener,Passive Syslog Listener Service,nUseSSL,"Enable SSL / TLS Encryption. Note if this Option is enabled, NON-SSL Clients will not be able to connect to this Service.","Habilitar cifrado SSL/TLS. Nota: si esta opción está habilitada, los clientes sin SSL no podrán conectarse a este servicio.",
ClientCore/xml.languagefiles/Service.PassiveSyslogListener,Passive Syslog Listener Service,szDetailProperties,Details,Detalles,
ClientCore/xml.languagefiles/Service.PassiveSyslogListener,Passive Syslog Listener Service,szIP_,Permitted Peername / SHA1 / etc,Nombre de par permitido / SHA1 / etc,
ClientCore/xml.languagefiles/Service.PassiveSyslogListener,Passive Syslog Listener Service,szMessageExpected,Expected Message: ,Mensaje esperado: ,
ClientCore/xml.languagefiles/Service.PassiveSyslogListener,Passive Syslog Listener Service,szMessageToSend,Message to Send: ,Mensaje a enviar: ,
ClientCore/xml.languagefiles/Service.PassiveSyslogListener,Passive Syslog Listener Service,szMyIPAddress,IP Address,Dirección IP,
ClientCore/xml.languagefiles/Service.PassiveSyslogListener,Passive Syslog Listener Service,szSyslogQueue,SyslogQueue Name,Nombre de SyslogQueue,
ClientCore/xml.languagefiles/Service.PassiveSyslogListener,Passive Syslog Listener Service,szTCPMsgSep,Message separation sequence,Secuencia de separación de mensajes,
ClientCore/xml.languagefiles/Service.PassiveSyslogListener,Passive Syslog Listener Service,szTLSAdvancedOptions,TLS Advanced,TLS avanzado,
ClientCore/xml.languagefiles/Service.PassiveSyslogListener,Passive Syslog Listener Service,szTLSOptions,Syslog TLS,TLS de registro del sistema,
ClientCore/xml.languagefiles/Service.PassiveSyslogListener,Passive Syslog Listener Service,szTabGeneral,General,General,
ClientCore/xml.languagefiles/Service.PassiveSyslogListener,Passive Syslog Listener Service,tlsallowedentries,Permitted Peers,Pares permitidos,
ClientCore/xml.languagefiles/Service.PingProbe,Ping Probe Service,nGenerateOnSuccess,Generate an event if PingProbe was successful,Generar un evento si PingProbe fue exitoso,
ClientCore/xml.languagefiles/Service.PingProbe,Ping Probe Service,nNbrOfRetries,Number Of Retries,Número de reintentos,
ClientCore/xml.languagefiles/Service.PingProbe,Ping Probe Service,nRetryInterval,Retry Interval (ms),Intervalo de reintento (ms),
ClientCore/xml.languagefiles/Service.PingProbe,Ping Probe Service,szIPAddress,IPAddress or Hostname,Dirección IP o nombre de host,
ClientCore/xml.languagefiles/Service.PortProbe,Port Probe Service,nGenerateOnSuccess,Generate an event if PingProbe was successful,Generar un evento si PingProbe fue exitoso,
ClientCore/xml.languagefiles/Service.PortProbe,Port Probe Service,nPortNumber,Port,Puerto,
ClientCore/xml.languagefiles/Service.PortProbe,Port Probe Service,nSendExpect,Send Message and check for expected message,Enviar mensaje y comprobar mensaje esperado,
ClientCore/xml.languagefiles/Service.PortProbe,Port Probe Service,szIPAddress,IPAddress or Hostname,Dirección IP o nombre de host,
ClientCore/xml.languagefiles/Service.PortProbe,Port Probe Service,szMessageExpected,Message to expect,Mensaje esperado,
ClientCore/xml.languagefiles/Service.PortProbe,Port Probe Service,szMessageToSend,Message to send,Mensaje a enviar,
ClientCore/xml.languagefiles/Service.RELPListener,RELP Listener Service,nTimeOutSession,Session Timeout,Tiempo de espera de sesión,
ClientCore/xml.languagefiles/Service.RELPListener,RELP Listener Service,nUseSSL,Enable SSL / TLS Encryption.,Habilitar cifrado SSL/TLS.,
ClientCore/xml.languagefiles/Service.RELPListener,RELP Listener Service,szIP_,Permitted Peername / SHA1 / etc,Nombre de par permitido / SHA1 / etc,
ClientCore/xml.languagefiles/Service.RELPListener,RELP Listener Service,tlsallowedentries,Permitted Peers,Pares permitidos,
ClientCore/xml.languagefiles/Service.SETPListener,SETP Listener Service,bIndicateErrorToOrigin,Notify Sender about Rule Action Errors?,¿Notificar al remitente sobre errores de acción de reglas?,
ClientCore/xml.languagefiles/Service.SETPListener,SETP Listener Service,nTimeOutSession,Session Timeout,Tiempo de espera de sesión,
ClientCore/xml.languagefiles/Service.SETPListener,SETP Listener Service,nUseSSL,"Enable SSL / TLS Encryption. Note if this Option is enabled, NON-SSL Clients will not be able to connect to this Service.","Habilitar cifrado SSL/TLS. Nota: si esta opción está habilitada, los clientes sin SSL no podrán conectarse a este servicio.",
ClientCore/xml.languagefiles/Service.SETPListener,SETP Listener Service,nZlibComp,Use zLib Compression to compress the data.,Usar compresión zLib para comprimir los datos.,
ClientCore/xml.languagefiles/Service.SETPListener,SETP Listener Service,szOptions,Options,Opciones,
ClientCore/xml.languagefiles/Service.SMTPListener,SMTP Listener Service,nSMTPPort,Listener Port,Puerto de escucha,
ClientCore/xml.languagefiles/Service.SMTPListener,SMTP Listener Service,nTimeOutLimit,Connection Timeout Limit,Límite de tiempo de espera de conexión,
ClientCore/xml.languagefiles/Service.SMTPProbe,SMTP Probe Service,nGenerateOnSuccess,Generate an event if SMTP Probe was successful,Genere un evento si la sonda SMTP fue exitosa,
ClientCore/xml.languagefiles/Service.SMTPProbe,SMTP Probe Service,nSMTPPort,SMTP Port,SMTP Puerto,
ClientCore/xml.languagefiles/Service.SMTPProbe,SMTP Probe Service,szMailServer,SMTP Server,SMTP Servidor,
ClientCore/xml.languagefiles/Service.SNMPMonitor,SNMP Monitor Service,nCheckPort,SNMP Port,Puerto SNMP,
ClientCore/xml.languagefiles/Service.SNMPMonitor,SNMP Monitor Service,nInstanceID,Instance subidentifier,Subidentificador de instancia,
ClientCore/xml.languagefiles/Service.SNMPMonitor,SNMP Monitor Service,nSleepTime,Probe Interval,Intervalo de sondeo,
ClientCore/xml.languagefiles/Service.SNMPMonitor,SNMP Monitor Service,nSnmpVersion,SNMP Version,Versión SNMP,
ClientCore/xml.languagefiles/Service.SNMPMonitor,SNMP Monitor Service,nTimeOutLimit,Timeout limit,Límite de tiempo de espera,
ClientCore/xml.languagefiles/Service.SNMPMonitor,SNMP Monitor Service,szCommunity,Community,Comunidad,
ClientCore/xml.languagefiles/Service.SNMPMonitor,SNMP Monitor Service,szRemoteHost,Remote host,Host remoto,
ClientCore/xml.languagefiles/Service.SNMPMonitor,SNMP Monitor Service,szSnmpCheckOid,Query OID (Object ID),OID de consulta (ID de objeto),
ClientCore/xml.languagefiles/Service.SNMPMonitor,SNMP Monitor Service,szSnmpRelatedValues,SNMP Query related,Consulta SNMP relacionada,
ClientCore/xml.languagefiles/Service.SNMPTrapReceiver,SNMP Trap Receiver Service,nAddMibDescriptionToMsg,"Append MIB Description after Mibname (Attention, can be a lot of information!)","Añadir descripción MIB después del nombre MIB (¡Atención, puede ser mucha información!)",
ClientCore/xml.languagefiles/Service.SNMPTrapReceiver,SNMP Trap Receiver Service,nCompressOutputFormat,Compress Outputformat (Remove spaces/quotations),Comprimir formato de salida (eliminar espacios/comillas),
ClientCore/xml.languagefiles/Service.SNMPTrapReceiver,SNMP Trap Receiver Service,nListenPort,Listener Port,Puerto de escucha,
ClientCore/xml.languagefiles/Service.SNMPTrapReceiver,SNMP Trap Receiver Service,nResolveLongMibNames,Fully resolve Mibnames (Long Format),Resolver completamente nombres MIB (formato largo),
ClientCore/xml.languagefiles/Service.SNMPTrapReceiver,SNMP Trap Receiver Service,nResolveMibNamesShort,Use short Format (Last Portion only),Usar formato corto (solo última porción),
ClientCore/xml.languagefiles/Service.SNMPTrapReceiver,SNMP Trap Receiver Service,nSnmpVersion,SNMP Version,Versión SNMP,
ClientCore/xml.languagefiles/Service.SerialPortMonitor,Serial Port Monitor Service,nBps,Bits per second,Bits por segundo,
ClientCore/xml.languagefiles/Service.SerialPortMonitor,Serial Port Monitor Service,nDatabits,Data bits,Bits de datos,
ClientCore/xml.languagefiles/Service.SerialPortMonitor,Serial Port Monitor Service,nDtsControl,DTR Control Flow,Flujo de control DTR,
ClientCore/xml.languagefiles/Service.SerialPortMonitor,Serial Port Monitor Service,nParity,Parity,Paridad,
ClientCore/xml.languagefiles/Service.SerialPortMonitor,Serial Port Monitor Service,nRtsControl,RTS Control Flow,Flujo de control RTS,
ClientCore/xml.languagefiles/Service.SerialPortMonitor,Serial Port Monitor Service,nStopbits,Stop bits,Bits de parada,
ClientCore/xml.languagefiles/Service.SerialPortMonitor,Serial Port Monitor Service,szDtsControlDisable,DTR Control Disable,Deshabilitar control DTR,
ClientCore/xml.languagefiles/Service.SerialPortMonitor,Serial Port Monitor Service,szDtsControlEnable,DTR Control Enable,Habilitar control DTR,
ClientCore/xml.languagefiles/Service.SerialPortMonitor,Serial Port Monitor Service,szDtsControlHandshake,DTR Control Handshake,Control de enlace DTR,
ClientCore/xml.languagefiles/Service.SerialPortMonitor,Serial Port Monitor Service,szEvenParity,Even Parity,Paridad par,
ClientCore/xml.languagefiles/Service.SerialPortMonitor,Serial Port Monitor Service,szMarkParity,Mark Parity,Paridad de marca,
ClientCore/xml.languagefiles/Service.SerialPortMonitor,Serial Port Monitor Service,szMessageBegin,Send this on startup,Enviar esto al iniciar,
ClientCore/xml.languagefiles/Service.SerialPortMonitor,Serial Port Monitor Service,szMessageEnd,How the message is ended,Cómo termina el mensaje,
ClientCore/xml.languagefiles/Service.SerialPortMonitor,Serial Port Monitor Service,szNoParity,No Parity,Sin paridad,
ClientCore/xml.languagefiles/Service.SerialPortMonitor,Serial Port Monitor Service,szOddParity,Odd Parity,Paridad impar,
ClientCore/xml.languagefiles/Service.SerialPortMonitor,Serial Port Monitor Service,szOne5StopBits,"1,5 Stop bit","1,5 bit de parada",
ClientCore/xml.languagefiles/Service.SerialPortMonitor,Serial Port Monitor Service,szOneStopBit,1 Stop bit,1 bit de parada,
ClientCore/xml.languagefiles/Service.SerialPortMonitor,Serial Port Monitor Service,szPortName,Which Port do you want to monitor,Qué puerto desea supervisar,
ClientCore/xml.languagefiles/Service.SerialPortMonitor,Serial Port Monitor Service,szPortSettings,Port Settings,Configuración del puerto,
ClientCore/xml.languagefiles/Service.SerialPortMonitor,Serial Port Monitor Service,szRtsControlDisable,RTS Control Disable,Deshabilitar control RTS,
ClientCore/xml.languagefiles/Service.SerialPortMonitor,Serial Port Monitor Service,szRtsControlEnable,RTS Control Enable,Habilitar control RTS,
ClientCore/xml.languagefiles/Service.SerialPortMonitor,Serial Port Monitor Service,szRtsControlHandshake,RTS Control Handshake,Control de enlace RTS,
ClientCore/xml.languagefiles/Service.SerialPortMonitor,Serial Port Monitor Service,szRtsControlToggle,RTS Control Toggle,Alternar control RTS,
ClientCore/xml.languagefiles/Service.SerialPortMonitor,Serial Port Monitor Service,szSpaceParity,Space Parity,Paridad de espacio,
ClientCore/xml.languagefiles/Service.SerialPortMonitor,Serial Port Monitor Service,szTwoStopBits,2 Stop bits,2 bits de parada,
ClientCore/xml.languagefiles/Service.SyslogListener,Syslog Listener Service,bIsRegex_,Enable Regular Expression,Habilitar expresión regular,
ClientCore/xml.languagefiles/Service.SyslogListener,Syslog Listener Service,btnButtonSendSyslog,Test Syslog Server,Probar servidor Syslog,
ClientCore/xml.languagefiles/Service.SyslogListener,Syslog Listener Service,lbl_syslogRFC3195,RFC3195,RFC3195,
ClientCore/xml.languagefiles/Service.SyslogListener,Syslog Listener Service,lbl_syslogTCP,TCP,TCP,
ClientCore/xml.languagefiles/Service.SyslogListener,Syslog Listener Service,lbl_syslogUDP,UDP,UDP,
ClientCore/xml.languagefiles/Service.SyslogListener,Syslog Listener Service,msgseps,List of additional separators,Lista de separadores adicionales,
ClientCore/xml.languagefiles/Service.SyslogListener,Syslog Listener Service,nEnableMultiCastGroup,Enable receiving from a UDP Multicast Group,Habilitar recepción desde un grupo de multidifusión UDP,
ClientCore/xml.languagefiles/Service.SyslogListener,Syslog Listener Service,nEnableMultiTCPMsgSep,Enable multiple message separators,Habilitar múltiples separadores de mensajes,
ClientCore/xml.languagefiles/Service.SyslogListener,Syslog Listener Service,nEnableTCPMsgSep,Messages are separated by the following sequence,Los mensajes se separan por la siguiente secuencia,
ClientCore/xml.languagefiles/Service.SyslogListener,Syslog Listener Service,nEscapeControlCharacters,Escape control characters,Escapar caracteres de control,
ClientCore/xml.languagefiles/Service.SyslogListener,Syslog Listener Service,nForceUTF8Decoding,Force UTF8 Decoding if encoding could not be detected automatically.,Forzar decodificación UTF8 si la codificación no se pudo detectar automáticamente.,
ClientCore/xml.languagefiles/Service.SyslogListener,Syslog Listener Service,nListenPort,Listener Port,Puerto de escucha,
ClientCore/xml.languagefiles/Service.SyslogListener,Syslog Listener Service,nParseSyslogDate,Use original message timestamp (RFC 3164),Usar marca de tiempo original del mensaje (RFC 3164),
ClientCore/xml.languagefiles/Service.SyslogListener,Syslog Listener Service,nProtocolType,Protocol Type,Tipo de protocolo,
ClientCore/xml.languagefiles/Service.SyslogListener,Syslog Listener Service,nRFC3164DetectYear,Try to parse year from message timestamp (RFC 3164),Intentar analizar el año desde la marca de tiempo del mensaje (RFC 3164),
ClientCore/xml.languagefiles/Service.SyslogListener,Syslog Listener Service,nRFC3164Parsing,Enable RFC3164 Parsing,Habilitar análisis RFC3164,
ClientCore/xml.languagefiles/Service.SyslogListener,Syslog Listener Service,nRFC5424AddProcID2SyslogTag,Append ProcessID to Syslogtag if available,Añadir ProcessID a Syslogtag si está disponible,
ClientCore/xml.languagefiles/Service.SyslogListener,Syslog Listener Service,nRFC5424Parsing,Enable RFC5424 Parsing,Habilitar análisis RFC5424,
ClientCore/xml.languagefiles/Service.SyslogListener,Syslog Listener Service,nResolveNames,Resolve Hostnames,Resolver nombres de host,
ClientCore/xml.languagefiles/Service.SyslogListener,Syslog Listener Service,nSaveSourceIntoProperty,Save original source into property,Guardar origen original en propiedad,
ClientCore/xml.languagefiles/Service.SyslogListener,Syslog Listener Service,nTCPMaxSessions,Maximum TCP sessions,Sesiones TCP maximas,
ClientCore/xml.languagefiles/Service.SyslogListener,Syslog Listener Service,nTCPMaxSessions.tooltip,Maximum number of concurrent TCP receiver sessions. Use 0 to disable the cap.,Numero maximo de sesiones receptoras TCP simultaneas. Use 0 para desactivar el limite.,
ClientCore/xml.languagefiles/Service.SyslogListener,Syslog Listener Service,nTLSAllowExpiredCerts,Allow expired peer certificates,Permitir certificados de pares expirados,
ClientCore/xml.languagefiles/Service.SyslogListener,Syslog Listener Service,nTLSAllowExpiredCerts.tooltip,"Compatibility mode. When enabled, expired peer certificates are accepted. Disable to reject expired certificates.","Modo de compatibilidad. Si esta habilitado, se aceptan certificados de pares expirados. Deshabilitelo para rechazarlos.",
ClientCore/xml.languagefiles/Service.SyslogListener,Syslog Listener Service,nTLSFailOnConfigCommandError,Fail on TLS config command errors,Fallar ante errores de comandos TLS,
ClientCore/xml.languagefiles/Service.SyslogListener,Syslog Listener Service,nTLSFailOnConfigCommandError.tooltip,"When enabled, listener setup fails if configured OpenSSL commands cannot be applied. By default errors are logged and setup continues.","Si esta habilitado, la configuracion del listener falla si los comandos OpenSSL configurados no se pueden aplicar. De forma predeterminada, los errores se registran y la configuracion continua.",
ClientCore/xml.languagefiles/Service.SyslogListener,Syslog Listener Service,nTLSHandshakeTimeout,TLS handshake timeout,Tiempo de espera del handshake TLS,
ClientCore/xml.languagefiles/Service.SyslogListener,Syslog Listener Service,nTLSHandshakeTimeout.tooltip,Maximum time in milliseconds allowed for a TLS handshake before the connection is closed.,Tiempo maximo en milisegundos permitido para un handshake TLS antes de cerrar la conexion.,
ClientCore/xml.languagefiles/Service.SyslogListener,Syslog Listener Service,nTLSLegacyFingerprintMatch,Allow legacy fingerprint matching,Permitir coincidencia heredada de huella,
ClientCore/xml.languagefiles/Service.SyslogListener,Syslog Listener Service,nTLSLegacyFingerprintMatch.tooltip,"Compatibility mode. When enabled, legacy SHA-1 substring fingerprint matching remains allowed. Disable to require normalized exact SHA-1/SHA-256 fingerprints.","Modo de compatibilidad. Si esta habilitado, se permite la antigua coincidencia por subcadena SHA-1. Deshabilitelo para exigir huellas SHA-1/SHA-256 normalizadas exactas.",
ClientCore/xml.languagefiles/Service.SyslogListener,Syslog Listener Service,nTLSLegacyPeerNameMatch,Allow legacy peer name matching,Permitir coincidencia heredada de nombre de par,
ClientCore/xml.languagefiles/Service.SyslogListener,Syslog Listener Service,nTLSLegacyPeerNameMatch.tooltip,"Compatibility mode. When enabled, legacy subject substring matching remains allowed. Disable to require strict SAN/CN matching.","Modo de compatibilidad. Si esta habilitado, se permite la antigua coincidencia por subcadena del asunto. Deshabilitelo para exigir coincidencia SAN/CN estricta.",
ClientCore/xml.languagefiles/Service.SyslogListener,Syslog Listener Service,nTakeSourceSysFromSyslogMsg,Take source system from Syslog message,Tomar sistema de origen del mensaje Syslog,
ClientCore/xml.languagefiles/Service.SyslogListener,Syslog Listener Service,nTimeOutMsg,Message Completion Timeout,Tiempo de espera de finalización del mensaje,
ClientCore/xml.languagefiles/Service.SyslogListener,Syslog Listener Service,nTimeOutSession,Session Timeout,Tiempo de espera de sesión,
ClientCore/xml.languagefiles/Service.SyslogListener,Syslog Listener Service,nTryDetectMessageEncoding,"Automatically detect Message Encoding (UTF8, SHIFT_JIS, EUC-JP)","Detectar automáticamente la codificación del mensaje (UTF8, SHIFT_JIS, EUC-JP)",
ClientCore/xml.languagefiles/Service.SyslogListener,Syslog Listener Service,nUseSSL,"Enable SSL / TLS Encryption. Note if this Option is enabled, NON-SSL Clients will not be able to connect to this Service.","Habilitar cifrado SSL/TLS. Nota: si esta opción está habilitada, los clientes sin SSL no podrán conectarse a este servicio.",
ClientCore/xml.languagefiles/Service.SyslogListener,Syslog Listener Service,nZlibComp,Use zLib Compression to compress the data.,Usar compresión zLib para comprimir los datos.,
ClientCore/xml.languagefiles/Service.SyslogListener,Syslog Listener Service,szDetailProperties,Details,Detalles,
ClientCore/xml.languagefiles/Service.SyslogListener,Syslog Listener Service,szIP_,Permitted Peername / SHA1 / etc,Nombre de par permitido / SHA1 / etc,
ClientCore/xml.languagefiles/Service.SyslogListener,Syslog Listener Service,szMsgSep_,Message separation sequence,Secuencia de separación de mensajes,
ClientCore/xml.languagefiles/Service.SyslogListener,Syslog Listener Service,szMultiCastAddress,Multicast Address,Dirección de multidifusión,
ClientCore/xml.languagefiles/Service.SyslogListener,Syslog Listener Service,szMyIPAddress,IP Address,Dirección IP,
ClientCore/xml.languagefiles/Service.SyslogListener,Syslog Listener Service,szSaveSourceProperty,Propertyname: ,Nombre de propiedad: ,
ClientCore/xml.languagefiles/Service.SyslogListener,Syslog Listener Service,szTCPMsgSep,Message separation sequence,Secuencia de separación de mensajes,
ClientCore/xml.languagefiles/Service.SyslogListener,Syslog Listener Service,szTCPOptions,TCPOptions,Opciones TCP,
ClientCore/xml.languagefiles/Service.SyslogListener,Syslog Listener Service,szTLSAdvancedOptions,TLS Advanced,TLS avanzado,
ClientCore/xml.languagefiles/Service.SyslogListener,Syslog Listener Service,szTLSOptions,Syslog TLS,TLS de registro del sistema,
ClientCore/xml.languagefiles/Service.SyslogListener,Syslog Listener Service,szTabEncoding,Encoding,Codificación,
ClientCore/xml.languagefiles/Service.SyslogListener,Syslog Listener Service,szTabGeneral,General,General,
ClientCore/xml.languagefiles/Service.SyslogListener,Syslog Listener Service,szUDPOptions,UDP Options,Opciones UDP,
ClientCore/xml.languagefiles/Service.SyslogListener,Syslog Listener Service,tlsallowedentries,Permitted Peers,Pares permitidos,
