Unit,Unit Name,ID,English,Sprache,Comment
ClientCore/CTimeHelper,C Time Helper,szTime100milliseconds,100 Milliseconds,100 millisekundit,
ClientCore/CTimeHelper,C Time Helper,szTime10milliseconds,10 milliseconds,10 millisekundit,
ClientCore/CTimeHelper,C Time Helper,szTime1millisecond,1 millisecond,1 millisekund,
ClientCore/CTimeHelper,C Time Helper,szTime250milliseconds,250 Milliseconds,250 millisekundit,
ClientCore/CTimeHelper,C Time Helper,szTime500milliseconds,500 Milliseconds,500 millisekundit,
ClientCore/CTimeHelper,C Time Helper,szTime50milliseconds,50 milliseconds,50 millisekundit,
ClientCore/CTimeHelper,C Time Helper,szTime5milliseconds,5 milliseconds,5 millisekundit,
ClientCore/CTimeHelper,C Time Helper,szTimeCustom,-- Custom --,-- Kohandatud --,
ClientCore/CTimeHelper,C Time Helper,szTimeDisabled,0 (disabled),0 (keelatud),
ClientCore/CTimeHelper,C Time Helper,szTimeFifteenMinutes,15 Minutes,15 minutit,
ClientCore/CTimeHelper,C Time Helper,szTimeFifteenSecond,15 seconds,15 sekundit,
ClientCore/CTimeHelper,C Time Helper,szTimeFiveMinutes,5 Minutes,5 minutit,
ClientCore/CTimeHelper,C Time Helper,szTimeFiveSecond,5 seconds,5 sekundit,
ClientCore/CTimeHelper,C Time Helper,szTimeFortyFiveSecond,45 seconds,45 sekundit,
ClientCore/CTimeHelper,C Time Helper,szTimeHalfHour,30 minutes,30 minutit,
ClientCore/CTimeHelper,C Time Helper,szTimeOneHour,1 hour,1 tund,
ClientCore/CTimeHelper,C Time Helper,szTimeOneMinute,1 Minute,1 minut,
ClientCore/CTimeHelper,C Time Helper,szTimeOneSecond,1 second,1 sekund,
ClientCore/CTimeHelper,C Time Helper,szTimeSixHours,6 hours,6 tundi,
ClientCore/CTimeHelper,C Time Helper,szTimeTenSecond,10 seconds,10 sekundit,
ClientCore/CTimeHelper,C Time Helper,szTimeThirtySecond,30 seconds,30 sekundit,
ClientCore/CTimeHelper,C Time Helper,szTimeThreeHours,3 hours,3 tundi,
ClientCore/CTimeHelper,C Time Helper,szTimeTwelveHours,12 hours,12 tundi,
ClientCore/CTimeHelper,C Time Helper,szTimeTwentyFourHours,24 hours,24 tundi,
ClientCore/CTimeHelper,C Time Helper,szTimeTwoHours,2 hours,2 tundi,
ClientCore/CTimeHelper,C Time Helper,szUnitHour,hours,tundi,
ClientCore/CTimeHelper,C Time Helper,szUnitMilliSecond,milliseconds,millisekundid,
ClientCore/CTimeHelper,C Time Helper,szUnitMinute,minutes,minutit,
ClientCore/CTimeHelper,C Time Helper,szUnitSecond,seconds,sekundit,
ClientCore/extIPAddressTextBox,ext IP Address Text Box,$this.Name,IPAddressTextBox,,
ClientCore/frmAboutTemplate,About Template Form,$this.Text,frmAbout,,
ClientCore/frmAboutTemplate,About Template Form,lblClient.Text,Client Version: ,Kliendi versioon:,
ClientCore/frmAboutTemplate,About Template Form,lblClientVersion.Text,1.x,,
ClientCore/frmAboutTemplate,About Template Form,lblLink.Text,www.product.com,,
ClientCore/frmAboutTemplate,About Template Form,lblMoreInformation.Text,More Information at,Rohkem infot aadressil,
ClientCore/frmAboutTemplate,About Template Form,lblService.Text,Service Version: ,Teenuse versioon:,
ClientCore/frmAboutTemplate,About Template Form,lblServiceVersion.Text,1.x,,
ClientCore/frmAboutTemplate,About Template Form,lblTitle.Text,About [Product],,
ClientCore/frmAddRule,Add Rule Form,$this.Text,Add Rule,,
ClientCore/frmAddRule,Add Rule Form,cmdCancel.Text,Cancel,Tühista,
ClientCore/frmAddRule,Add Rule Form,cmdOK.Text,OK,OK,
ClientCore/frmAddRule,Add Rule Form,lblAfterRuleAdded.Text,After the Rule has been added...,Pärast reegli lisamist...,
ClientCore/frmAddRule,Add Rule Form,lblExample.Text,For example MyRule or Rule1,Näiteks MinuReegel või Reegel1,
ClientCore/frmAddRule,Add Rule Form,lblName.Text,Enter the Name of the new Rule,Sisestage uue reegli nimi,
ClientCore/frmAddRule,Add Rule Form,lblTitle.Text,Adding a new Rule ...,Uue reegli lisamine...,
ClientCore/frmAddRule,Add Rule Form,rdAddActions.Text,Add the selected Actions to the Rule.,Lisage valitud toimingud reeglile.,
ClientCore/frmAddRule,Add Rule Form,rdNoActions.Text,Do not add any Actions yet.,Ärge veel toiminguid lisage.,
ClientCore/frmAddRuleSet,Add Rule Set Form,$this.Text,Add RuleSet,,
ClientCore/frmAddRuleSet,Add Rule Set Form,cmdCancel.Text,Cancel,Tühista,
ClientCore/frmAddRuleSet,Add Rule Set Form,cmdOK.Text,OK,OK,
ClientCore/frmAddRuleSet,Add Rule Set Form,lblAfterRuleSet.Text,After the RuleSet has been added...,Pärast reeglistiku lisamist...,
ClientCore/frmAddRuleSet,Add Rule Set Form,lblExample.Text,For example MyRuleSet or RuleSet1,Näiteks MinuReeglistik või Reeglistik1,
ClientCore/frmAddRuleSet,Add Rule Set Form,lblName.Text,Enter the Name of the new RuleSet,Sisestage uue reeglistiku nimi,
ClientCore/frmAddRuleSet,Add Rule Set Form,lblTitle.Text,Adding a new RuleSet ...,Uue reeglistiku lisamine...,
ClientCore/frmAddRuleSet,Add Rule Set Form,rdNoRule.Text,Do not add a Rule yet.,Ärge veel reeglit lisage.,
ClientCore/frmAddRuleSet,Add Rule Set Form,rdRulePerAction.Text,Add a Rule for each of these Actions.,Lisage igale sellisele toimingule reegel.,
ClientCore/frmAddRuleSet,Add Rule Set Form,rdSingleRule.Text,Add a single Rule including these Actions.,Lisage üks reegel koos nende toimingutega.,
ClientCore/frmClientConfig,Client Config Form,$this.Text,Options,,
ClientCore/frmClientConfig,Client Config Form,btnValidateUrl.Text,Validate,Kinnitage,
ClientCore/frmClientConfig,Client Config Form,chkAlwaysReloadApplication.Text,Always ask to reload application on language change,Keele muutmisel paluge alati rakendus uuesti laadida,
ClientCore/frmClientConfig,Client Config Form,chkAutoConfigReloadFromUrl.Text,Automatically Reload Configuration from URL (https required),Laadi konfiguratsioon automaatselt uuesti URL-ist (vajalik https),
ClientCore/frmClientConfig,Client Config Form,chkAutoSaveWarning.Text,Suppress Autosave warning message,Tühista automaatse salvestamise hoiatusteade,
ClientCore/frmClientConfig,Client Config Form,chkAutoSortDataGrids.Text,Sort Datagrid Lists automatically,Andmevõrkude automaatne sortimine:,
ClientCore/frmClientConfig,Client Config Form,chkLoadMibsDescription.Text,Load SNMP Mibs Description  (Slows OID Browser down first time),Laadi SNMP Mibs-i kirjeldus (aeglustab OID-brauseri esimest korda),
ClientCore/frmClientConfig,Client Config Form,chkServiceWarning.Text,Suppress warning when a service is deleted,Teenuse kustutamise korral hoiatus välja lülitada,
ClientCore/frmClientConfig,Client Config Form,chkSplitConfigurationForRuleSets.Text,Create individual configuration files for RuleSets,Looge reeglistike jaoks eraldi konfiguratsioonifailid,
ClientCore/frmClientConfig,Client Config Form,chkSplitConfigurationForServices.Text,Create individual configuration files for Services,Looge teenuste jaoks eraldi konfiguratsioonifailid,
ClientCore/frmClientConfig,Client Config Form,cmdBrowseFileConfig.Text,Browse,,
ClientCore/frmClientConfig,Client Config Form,cmdBrowseFileData.Text,Browse,,
ClientCore/frmClientConfig,Client Config Form,cmdCancel.Text,Cancel,Tühista,
ClientCore/frmClientConfig,Client Config Form,cmdOK.Text,OK,OK,
ClientCore/frmClientConfig,Client Config Form,lblAutoConfigReloadFromUrlSleepTime.Text,Check interval: ,Kontrolli intervall:,
ClientCore/frmClientConfig,Client Config Form,lblBaseKey.Text,Base Registry Key:,Põhiregistri võti:,
ClientCore/frmClientConfig,Client Config Form,lblConfigFilename.Text,Confiuration Filename:,Konfiguratsiooni failinimi:,
ClientCore/frmClientConfig,Client Config Form,lblDataDirectory.Text,Data Directory:,Andmekataloog:,
ClientCore/frmClientConfig,Client Config Form,lblDataKey.Text,Data Registry Key:,Andmeregistri võti:,
ClientCore/frmClientConfig,Client Config Form,lblLanguage.Text,Choose Display language:,Valige oma keel:,
ClientCore/frmClientConfig,Client Config Form,lblRootKey.Text,Root Registry Key:,Juurregistri võti:,
ClientCore/frmClientConfig,Client Config Form,rbFile.Text,Load Configuration from File,Laadige konfiguratsioon failist,
ClientCore/frmClientConfig,Client Config Form,rbRegistry.Text,Load Configuration from Registry ,Laadige konfiguratsioon registrist,
ClientCore/frmClientConfig,Client Config Form,tpConfigAccess.Text,Config Access,Konfigureeri juurdepääs,
ClientCore/frmClientConfig,Client Config Form,tpGeneral.Text,General,Üldine,
ClientCore/frmConfig,Config Form,$this.Text,frmConfig,,
ClientCore/frmConfig,Config Form,szTLSCommandsInfo,"By enabling this option, you can set OpenSSL configuration commands directly. For more information on available configuration parameters for each command type, visit: ",Selle suvandi lubamisel saate määrata OpenSSL-i konfiguratsioonikäsud otse. Iga käsutüübi jaoks saadaolevate konfiguratsiooniparameetrite kohta lisateabe saamiseks külastage:,
ClientCore/frmConfig,Config Form,szTLSCommandsInfoLink,OpenSSL SSL_CONF_cmd documentation,OpenSSL SSL_CONF_cmd dokumentatsioon,
ClientCore/frmEventViewer,Event Viewer Form,$this.Text,EventViewer,EventViewer,
ClientCore/frmEventViewer,Event Viewer Form,SFDiagEvents.Title,Save selected Events as ...,,
ClientCore/frmEventViewer,Event Viewer Form,STBEvents.Text,statusStrip1,,
ClientCore/frmEventViewer,Event Viewer Form,cDateTime.HeaderText,Date and Time,Kuupäev ja kellaaeg,
ClientCore/frmEventViewer,Event Viewer Form,cEventID.HeaderText,Event ID,Event ID,
ClientCore/frmEventViewer,Event Viewer Form,cEventIndex.HeaderText,Index [hidden],,
ClientCore/frmEventViewer,Event Viewer Form,cEventLevel.HeaderText,Event Level,Sündmuse tase,
ClientCore/frmEventViewer,Event Viewer Form,cLevelImage.HeaderText,_,,
ClientCore/frmEventViewer,Event Viewer Form,cSource.HeaderText,Source,Allikas,
ClientCore/frmEventViewer,Event Viewer Form,cTaskCategory.HeaderText,Task Category,Ülesande kategooria,
ClientCore/frmEventViewer,Event Viewer Form,cbTimeMode.Items,Any time,,
ClientCore/frmEventViewer,Event Viewer Form,cbTimeMode.Items1,Last hour,,
ClientCore/frmEventViewer,Event Viewer Form,cbTimeMode.Items2,Last 12 hours,,
ClientCore/frmEventViewer,Event Viewer Form,cbTimeMode.Items3,Last 24 hours,,
ClientCore/frmEventViewer,Event Viewer Form,cbTimeMode.Items4,Last 7 days,,
ClientCore/frmEventViewer,Event Viewer Form,cbTimeMode.Items5,Last 30 days,,
ClientCore/frmEventViewer,Event Viewer Form,cbTimeMode.Items6,<< Custom Range >>,,
ClientCore/frmEventViewer,Event Viewer Form,cmdEventProperties.Text,Event Properties,Sündmuse omadused,
ClientCore/frmEventViewer,Event Viewer Form,cmdFilterEvents.Text,Filter Events,Filtreeri sündmusi,
ClientCore/frmEventViewer,Event Viewer Form,cmdRefresh.Text,Refresh,Värskenda,
ClientCore/frmEventViewer,Event Viewer Form,cmdResetView.Text,Reset View,ResetView,
ClientCore/frmEventViewer,Event Viewer Form,cmdSaveEvents.Text,Save Events,Salvesta sündmused,
ClientCore/frmEventViewer,Event Viewer Form,cmdSearch.Text,Search,Otsi,
ClientCore/frmEventViewer,Event Viewer Form,cmdSearchGo.Text,Search !,,
ClientCore/frmEventViewer,Event Viewer Form,lblActions.Text,Actions,Toimingud,
ClientCore/frmEventViewer,Event Viewer Form,lblEventCount.Text,0,,
ClientCore/frmEventViewer,Event Viewer Form,lblFilterEventTypes.Text,Select Eventlevels,,
ClientCore/frmEventViewer,Event Viewer Form,lblFilterOptions.Text,Filter Options,Filtri valikud,
ClientCore/frmEventViewer,Event Viewer Form,lblSearch.Text,Search,Otsi,
ClientCore/frmEventViewer,Event Viewer Form,lblStatus.Text,Status,Olek,
ClientCore/frmEventViewer,Event Viewer Form,lblTools.Text,Tools,Tööriistad,
ClientCore/frmEventViewer,Event Viewer Form,lvEventTypes.Text,lvEventTypes,,
ClientCore/frmEventViewer,Event Viewer Form,mnuCopy.Text,Copy,,
ClientCore/frmEventViewer,Event Viewer Form,mnuCopyDetails.Text,Copy Details,,
ClientCore/frmEventViewer,Event Viewer Form,mnuCopyTable.Text,Copy Table,,
ClientCore/frmEventViewer,Event Viewer Form,mnuEventProperties.Text,Event Properties,,
ClientCore/frmEventViewer,Event Viewer Form,mnuRefresh.Text,Refresh,,
ClientCore/frmEventViewer,Event Viewer Form,mnuResetView.Text,Reset View,,
ClientCore/frmEventViewer,Event Viewer Form,mnuSaveSelectedEvents.Text,Save Selected Events ...,,
ClientCore/frmEventViewer,Event Viewer Form,statusCancelButton.Text,Cancel EventFrefresh,,
ClientCore/frmEventViewer,Event Viewer Form,tslblEventCount.Text,Eventcount: ,Sündmuste arv:,
ClientCore/frmEventViewer,Event Viewer Form,txtSearchEvents.ToolTipText,Enter a search pattern and hit return to perform a search,,
ClientCore/frmEventViewerDetail,Event Viewer Detail Form,$this.Text,Event Properties,Sündmuse omadused,
ClientCore/frmEventViewerDetail,Event Viewer Detail Form,cmdClose.Text,Close,Sule,
ClientCore/frmEventViewerDetail,Event Viewer Detail Form,cmdCopy.Text,Copy,Kopeeri,
ClientCore/frmExportConfigScope,Export Config Scope Form,$this.Text,Export configuration,Konfiguratsiooni eksport,
ClientCore/frmExportConfigScope,Export Config Scope Form,btnCancel.Text,Cancel,Loobu,
ClientCore/frmExportConfigScope,Export Config Scope Form,btnNext.Text,Next…,Edasi…,
ClientCore/frmExportConfigScope,Export Config Scope Form,lblExportFullDesc.Text,"Exports all general settings (including license), services, and rule sets.","Ekspordib kõik üldseaded (sh litsents), teenused ja reeglitekogumid.",
ClientCore/frmExportConfigScope,Export Config Scope Form,lblExportNoGeneralDesc.Text,"Exports only services and rule sets. No general blocks (e.g. engine, debug, license) are written.","Ekspordib ainult teenused ja reeglitekogumid. Üldblokke (nt mootor, silumine, litsents) ei kirjutata.",
ClientCore/frmExportConfigScope,Export Config Scope Form,lblExportNoLicenseDesc.Text,"Exports all general settings except the license block, plus services and rule sets.",Ekspordib kõik üldseaded peale litsentsiploki ning teenused ja reeglitekogumid.,
ClientCore/frmExportConfigScope,Export Config Scope Form,lblIntro.Text,Choose what to include in the exported file. You will choose where to save in the next step.,"Valige, mis eksporditavasse faili kaasatakse. Järgmises sammus valite salvestuskoha.",
ClientCore/frmExportConfigScope,Export Config Scope Form,rbExportFull.Text,Full export,Täielik eksport,
ClientCore/frmExportConfigScope,Export Config Scope Form,rbExportNoGeneral.Text,Full export (without general settings),Täielik eksport (ilma üldseadeteta),
ClientCore/frmExportConfigScope,Export Config Scope Form,rbExportNoLicense.Text,Full export (without license),Täielik eksport (ilma litsentsita),
ClientCore/frmFilters,Filters Form,$this.Text,Filters,,
ClientCore/frmFilters,Filters Form,TVFilters.ImageKey,Root,,
ClientCore/frmFilters,Filters Form,TVFilters.SelectedImageKey,Root,,
ClientCore/frmFilters,Filters Form,chkGlobalCondProperty.Text,Global Conditions relative to this property,Selle kinnisvaraga seotud globaalsed tingimused,
ClientCore/frmFilters,Filters Form,chkMinimumWaitTime.Text,Minimum WaitTime,Minimaalne ooteaeg,
ClientCore/frmFilters,Filters Form,chkOccurrences.Text,Fire only if Event occurs,"Tulekahju ainult juhul, kui sündmus toimub",
ClientCore/frmFilters,Filters Form,chkSaveIntoPropertyName.Text,"If filter matches, store the text into the following Property","Kui filter sobib, salvestage tekst järgmisesse atribuuti",
ClientCore/frmFilters,Filters Form,chkThreatNotFoundFilters.Text,Treat not found filters as TRUE,Käsitlege leidmata filtreid TRUE-na,
ClientCore/frmFilters,Filters Form,cmdAddFilter.Text,Add Filter >,,
ClientCore/frmFilters,Filters Form,cmdAnd.Text,AND,,
ClientCore/frmFilters,Filters Form,cmdBrowse.Text,Browse,Sirvige,
ClientCore/frmFilters,Filters Form,cmdChangeOperator.Text,Change Operator,Vaheta operaatorit,
ClientCore/frmFilters,Filters Form,cmdCloneFilter.Text,Clone Filter,Klooni filter,
ClientCore/frmFilters,Filters Form,cmdDelete.Text,Delete,Kustuta,
ClientCore/frmFilters,Filters Form,cmdFalse.Text,FALSE,,
ClientCore/frmFilters,Filters Form,cmdNot.Text,NOT,,
ClientCore/frmFilters,Filters Form,cmdOr.Text,OR,,
ClientCore/frmFilters,Filters Form,cmdTrue.Text,TRUE,,
ClientCore/frmFilters,Filters Form,cmdXor.Text,XOR,,
ClientCore/frmFilters,Filters Form,deleteFilterToolStripMenuItem.Text,Delete Filter,Kustuta filter,
ClientCore/frmFilters,Filters Form,dtPropertyValue.CustomFormat,HH-mm-ss,,
ClientCore/frmFilters,Filters Form,gbButtons.Text,Tools,Tööriistad,
ClientCore/frmFilters,Filters Form,lblBasicFilters.Text,Basic Filters,Põhifiltrid,
ClientCore/frmFilters,Filters Form,lblCompareOperation.Text,Compare Operation: ,Võrdle toimimist:,
ClientCore/frmFilters,Filters Form,lblFileSystemMonServices.Text,File&System Monitoring Services,Faili- ja süsteemijälgimise teenused,
ClientCore/frmFilters,Filters Form,lblGCProp.Text,Insert,Sisestage,
ClientCore/frmFilters,Filters Form,lblMore.Text,Learn about Filters,Lisateavet filtrite kohta,
ClientCore/frmFilters,Filters Form,lblNetworkRelatedServices.Text,Network related Services,Võrguteenused,
ClientCore/frmFilters,Filters Form,lblOccurrences2.Text,seconds.,sekundit.,
ClientCore/frmFilters,Filters Form,lblOperations.Text,Add Operations,Lisa toimingud,
ClientCore/frmFilters,Filters Form,lblProbeServices.Text,Probe Services,Sondteenused,
ClientCore/frmFilters,Filters Form,lblPropertyName.Text,Propety Name: ,Kinnisvara nimi:,
ClientCore/frmFilters,Filters Form,lblPropertyValue.Text,Set Property Value: ,Määra atribuudi väärtus:,
ClientCore/frmFilters,Filters Form,lblRangeEnd.Text,End:,Lõpp:,
ClientCore/frmFilters,Filters Form,lblRangeStart.Text,Start:,Alusta:,
ClientCore/frmFilters,Filters Form,lblSeconds.Text,seconds.,sekundit.,
ClientCore/frmFilters,Filters Form,lblSelectTimeMode.Text,Select TimeMode,Valige ajarežiim,
ClientCore/frmFilters,Filters Form,lblSpecialOps.Text,"Special Operations, useful for debugging","Eritoimingud, kasulikud silumiseks",
ClientCore/frmFilters,Filters Form,lbltimeswithin.Text,times within,korda sees,
ClientCore/frmFilters,Filters Form,mnuAddFilter.Text,Add Filter >,Lisa filter >,
ClientCore/frmFilters,Filters Form,mnuAddOperation.Text,Add Operation >,Lisa toiming >,
ClientCore/frmFilters,Filters Form,mnuAgentIP.Text,Agent IP,,
ClientCore/frmFilters,Filters Form,mnuAnd.Text,AND,,
ClientCore/frmFilters,Filters Form,mnuCPULoad.Text,CPU Load,,
ClientCore/frmFilters,Filters Form,mnuCPUMemoryMonitor.Text,CPU/Memory Monitor,,
ClientCore/frmFilters,Filters Form,mnuCPUNumber.Text,CPU Number,,
ClientCore/frmFilters,Filters Form,mnuClear.Text,Clear,Selge,
ClientCore/frmFilters,Filters Form,mnuCloneFilter.Text,Clone Filter,Klooni filter,
ClientCore/frmFilters,Filters Form,mnuCommunity.Text,Community,,
ClientCore/frmFilters,Filters Form,mnuCopy.Text,Copy,Kopeeri,
ClientCore/frmFilters,Filters Form,mnuCustomProperty.Text,Custom Property,Kohandatud atribuut,
ClientCore/frmFilters,Filters Form,mnuCustomerID.Text,CustomerID,,
ClientCore/frmFilters,Filters Form,mnuDateTime.Text,Date/Time,Kuupäev/kellaaeg,
ClientCore/frmFilters,Filters Form,mnuDiskSpaceLeft.Text,Disk Space left (%),,
ClientCore/frmFilters,Filters Form,mnuDiskSpaceLeftGB.Text,Disk Space left (GB),,
ClientCore/frmFilters,Filters Form,mnuDiskSpaceLeftMB.Text,Disk Space left (MB),,
ClientCore/frmFilters,Filters Form,mnuDiskSpaceMonitor.Text,DiskSpace Monitor,,
ClientCore/frmFilters,Filters Form,mnuEnterprise.Text,Enterprise,,
ClientCore/frmFilters,Filters Form,mnuEventCategory.Text,Event Category,Event Category,
ClientCore/frmFilters,Filters Form,mnuEventCategoryV2.Text,Event Category,Event Category,
ClientCore/frmFilters,Filters Form,mnuEventCategoryname.Text,Event Categoryname,Event Category Name,
ClientCore/frmFilters,Filters Form,mnuEventCategorynameV2.Text,Event Categoryname,Event Category Name,
ClientCore/frmFilters,Filters Form,mnuEventChannel.Text,Event Channel,Event Channel,
ClientCore/frmFilters,Filters Form,mnuEventID.Text,Event ID,Event ID,
ClientCore/frmFilters,Filters Form,mnuEventIDv2.Text,Event ID,Event ID,
ClientCore/frmFilters,Filters Form,mnuEventKeyword.Text,Event Keyword,Sündmuse märksõna,
ClientCore/frmFilters,Filters Form,mnuEventKeywordID.Text,Event Keyword ID,Sündmuse märksõna ID,
ClientCore/frmFilters,Filters Form,mnuEventLevel.Text,Event Level,Sündmuse tase,
ClientCore/frmFilters,Filters Form,mnuEventLogMonitor.Text,Event Log Monitor,EventMonitorV1,
ClientCore/frmFilters,Filters Form,mnuEventLogMonitorV2.Text,Event Log Monitor V2,EventMonitorV2,
ClientCore/frmFilters,Filters Form,mnuEventRawSource.Text,Event Raw Source,Sündmuse töötlemata allikas,
ClientCore/frmFilters,Filters Form,mnuEventRecordnumber.Text,Event Recordnumber,Sündmuse rekordnumber,
ClientCore/frmFilters,Filters Form,mnuEventSeverity.Text,Event Severity,Sündmuse tõsidus,
ClientCore/frmFilters,Filters Form,mnuEventSeverityIDV2.Text,Event Severity ID,Sündmuse tõsiduse ID,
ClientCore/frmFilters,Filters Form,mnuEventSeverityV2.Text,Event Severity,Sündmuse tõsidus,
ClientCore/frmFilters,Filters Form,mnuEventSource.Text,Event Source,Event Source,
ClientCore/frmFilters,Filters Form,mnuEventSourceV2.Text,Event Source,Event Source,
ClientCore/frmFilters,Filters Form,mnuEventType.Text,Event Type,Sündmuse tüüp,
ClientCore/frmFilters,Filters Form,mnuEventUser.Text,Event User,Sündmuse kasutaja,
ClientCore/frmFilters,Filters Form,mnuEventUserV2.Text,Event User,Sündmuse kasutaja,
ClientCore/frmFilters,Filters Form,mnuExtendedIPProperty.Text,Extended IP Property,Laiendatud IP-omadus,
ClientCore/frmFilters,Filters Form,mnuExtendedNumber.Text,Extended Number Property,Laiendatud numbriomadus,
ClientCore/frmFilters,Filters Form,mnuFTPProbe.Text,FTP Probe,,
ClientCore/frmFilters,Filters Form,mnuFTPResponse.Text,FTP Response,,
ClientCore/frmFilters,Filters Form,mnuFTPStatuscode.Text,FTP Statuscode,,
ClientCore/frmFilters,Filters Form,mnuFacility.Text,Facility,Facility,
ClientCore/frmFilters,Filters Form,mnuFalse.Text,FALSE,,
ClientCore/frmFilters,Filters Form,mnuFileExists.Text,File Exists,Fail on olemas,
ClientCore/frmFilters,Filters Form,mnuFileMonitor.Text,File Monitor,,
ClientCore/frmFilters,Filters Form,mnuFreePhysicalMemory.Text,Free physical memory,,
ClientCore/frmFilters,Filters Form,mnuFreeTotalMemory.Text,Free total memory,,
ClientCore/frmFilters,Filters Form,mnuFreeVirtualMemory.Text,Free virtual memory,,
ClientCore/frmFilters,Filters Form,mnuGeneral.Text,General,Üldine,
ClientCore/frmFilters,Filters Form,mnuGeneratedFilename.Text,Generated Filename,Generated Filename,
ClientCore/frmFilters,Filters Form,mnuGeneratedFilenamewithoutPath.Text,Generated Filename (without path),Generated Filename (ilma teeta),
ClientCore/frmFilters,Filters Form,mnuGenericName.Text,Generic Name,,
ClientCore/frmFilters,Filters Form,mnuHELOResponse.Text,HELO Response,,
ClientCore/frmFilters,Filters Form,mnuHTTPProbe.Text,HTTP Probe,,
ClientCore/frmFilters,Filters Form,mnuHTTPResponse.Text,HTTP Response,,
ClientCore/frmFilters,Filters Form,mnuHTTPStatuscode.Text,HTTP Statuscode,,
ClientCore/frmFilters,Filters Form,mnuIMAPProbe.Text,IMAP Probe,,
ClientCore/frmFilters,Filters Form,mnuIMAPResponse.Text,IMAP Response,,
ClientCore/frmFilters,Filters Form,mnuIMAPStatuscode.Text,IMAP Statuscode,,
ClientCore/frmFilters,Filters Form,mnuIUCPUMemoryMonitor.Text,CPU/Memory Monitor,CPU/mälu monitor,
ClientCore/frmFilters,Filters Form,mnuIUDatabaseMonitor.Text,Database Monitor,Andmebaasi monitor,
ClientCore/frmFilters,Filters Form,mnuIUDiskSpaceMonitor.Text,DiskSpace Monitor,DiskSpace Monitor,
ClientCore/frmFilters,Filters Form,mnuIUEventLogMonitor.Text,Event Log Monitor,EventMonitorV1,
ClientCore/frmFilters,Filters Form,mnuIUEventLogMonitorV2.Text,Event Log Monitor V2,EventMonitorV2,
ClientCore/frmFilters,Filters Form,mnuIUFTPProbe.Text,FTP Probe,FTP sond,
ClientCore/frmFilters,Filters Form,mnuIUFileMonitor.Text,File Monitor,FileMonitor,
ClientCore/frmFilters,Filters Form,mnuIUHTTPProbe.Text,HTTP Probe,HTTP-sond,
ClientCore/frmFilters,Filters Form,mnuIUHeart.Text,HeartBeat,Heart Beat,
ClientCore/frmFilters,Filters Form,mnuIUIMAPProbe.Text,IMAP Probe,IMAP-sond,
ClientCore/frmFilters,Filters Form,mnuIUNNTPProbe.Text,NNTP Probe,NNTP sond,
ClientCore/frmFilters,Filters Form,mnuIUNTServicesMonitor.Text,NT Services Monitor,NT-teenuste monitor,
ClientCore/frmFilters,Filters Form,mnuIUPOP3Probe.Text,POP3 Probe,POP3 sond,
ClientCore/frmFilters,Filters Form,mnuIUPingProbe.Text,Ping Probe,Ping Probe,
ClientCore/frmFilters,Filters Form,mnuIUPortProbe.Text,Port Probe,Sadama sond,
ClientCore/frmFilters,Filters Form,mnuIURELPListener.Text,RELP Listener,RELPListener,
ClientCore/frmFilters,Filters Form,mnuIUSMTPListener.Text,SMTP Listener,SMTP Kuulaja,
ClientCore/frmFilters,Filters Form,mnuIUSMTPProbe.Text,SMTP Probe,SMTP Sond,
ClientCore/frmFilters,Filters Form,mnuIUSNMPMonitor.Text,SNMP Monitor,SNMP Monitor,
ClientCore/frmFilters,Filters Form,mnuIUSNMPTraps.Text,SNMP Traps,SNMP Lõksud,
ClientCore/frmFilters,Filters Form,mnuIUSerialPortMonitor.Text,SerialPort Monitor,SerialPort monitor,
ClientCore/frmFilters,Filters Form,mnuIUSyslog.Text,Syslog,Syslog,
ClientCore/frmFilters,Filters Form,mnuInformationUnitType.Text,InformationUnit Type,Teabeüksuse tüüp,
ClientCore/frmFilters,Filters Form,mnuInsertAND.Text,AND,,
ClientCore/frmFilters,Filters Form,mnuInsertNOT.Text,NOT,,
ClientCore/frmFilters,Filters Form,mnuInsertOR.Text,OR,,
ClientCore/frmFilters,Filters Form,mnuInsertOperation.Text,Insert Operation,Sisestamise toiming,
ClientCore/frmFilters,Filters Form,mnuInsertXOR.Text,XOR,,
ClientCore/frmFilters,Filters Form,mnuLocalHostname.Text,Local Hostname,Kohalik hostinimi,
ClientCore/frmFilters,Filters Form,mnuMaxPhysicalMemory.Text,Max physical memory,,
ClientCore/frmFilters,Filters Form,mnuMaxTotalMemory.Text,Max total memory,,
ClientCore/frmFilters,Filters Form,mnuMaxVirtualMemory.Text,Max virtual memory,,
ClientCore/frmFilters,Filters Form,mnuMessage.Text,Message,Sõnum,
ClientCore/frmFilters,Filters Form,mnuMoveDown.Text,Move Down,Liigu alla,
ClientCore/frmFilters,Filters Form,mnuMoveUp.Text,Move Up,Liigu üles,
ClientCore/frmFilters,Filters Form,mnuNNTPProbe.Text,NNTP Probe,,
ClientCore/frmFilters,Filters Form,mnuNNTPResponse.Text,NNTP Response,,
ClientCore/frmFilters,Filters Form,mnuNNTPStatuscode.Text,NNTP Statuscode,,
ClientCore/frmFilters,Filters Form,mnuNTServiceDisplayName.Text,NT Service DisplayName,,
ClientCore/frmFilters,Filters Form,mnuNTServiceMonitor.Text,NT Service Monitor,,
ClientCore/frmFilters,Filters Form,mnuNTServiceName.Text,NT Service Name,,
ClientCore/frmFilters,Filters Form,mnuNot.Text,NOT,,
ClientCore/frmFilters,Filters Form,mnuOr.Text,OR,,
ClientCore/frmFilters,Filters Form,mnuOtherServices.Text,Other Services,Muud teenused,
ClientCore/frmFilters,Filters Form,mnuPOP3Probe.Text,POP3 Probe,,
ClientCore/frmFilters,Filters Form,mnuPOP3Response.Text,POP3 Response,,
ClientCore/frmFilters,Filters Form,mnuPOP3Statuscode.Text,POP3 Statuscode,,
ClientCore/frmFilters,Filters Form,mnuPaste.Text,Paste,Kleebi,
ClientCore/frmFilters,Filters Form,mnuPhysicalVirtualMemory.Text,Physical virtual memory Load,,
ClientCore/frmFilters,Filters Form,mnuPortname.Text,Portname,,
ClientCore/frmFilters,Filters Form,mnuPriority.Text,Priority,Prioriteet,
ClientCore/frmFilters,Filters Form,mnuRemoveOperation.Text,Remove Operation,Eemalda operatsioon,
ClientCore/frmFilters,Filters Form,mnuRunOnFriday.Text,Run on Friday,Jookse reedel,
ClientCore/frmFilters,Filters Form,mnuRunOnMonday.Text,Run on Monday,Jookse esmaspäeval,
ClientCore/frmFilters,Filters Form,mnuRunOnSaturday.Text,Run on Saturday,Jookse laupäeval,
ClientCore/frmFilters,Filters Form,mnuRunOnSunday.Text,Run on Sunday,Jookse pühapäeval,
ClientCore/frmFilters,Filters Form,mnuRunOnThisday.Text,Run on Thursday,Jookse neljapäeval,
ClientCore/frmFilters,Filters Form,mnuRunOnTuesday.Text,Run on Tuesday,Jookse teisipäeval,
ClientCore/frmFilters,Filters Form,mnuRunOnWednesday.Text,Run on Wednesday,Jookse kolmapäeval,
ClientCore/frmFilters,Filters Form,mnuSMTPProbe.Text,SMTP Probe,,
ClientCore/frmFilters,Filters Form,mnuSMTPStatuscode.Text,SMTP Statuscode,,
ClientCore/frmFilters,Filters Form,mnuSNMPTraps.Text,SNMP Traps,,
ClientCore/frmFilters,Filters Form,mnuSerialPortMonitor.Text,SerialPort Monitor,,
ClientCore/frmFilters,Filters Form,mnuSource.Text,Source,Allikas,
ClientCore/frmFilters,Filters Form,mnuSourceIPType.Text,Source (IP Type),Allikas (IP-tüüp),
ClientCore/frmFilters,Filters Form,mnuSpecificType.Text,Specific Type,,
ClientCore/frmFilters,Filters Form,mnuStatusNameValue.Text,Status Name & Value,Oleku nimi ja väärtus,
ClientCore/frmFilters,Filters Form,mnuSyslog.Text,Syslog,Syslog,
ClientCore/frmFilters,Filters Form,mnuSyslogAppname.Text,Syslog Appname,Syslog Rakenduse nimi,
ClientCore/frmFilters,Filters Form,mnuSyslogMSGID.Text,Syslog MSGID,Syslog MSGID,
ClientCore/frmFilters,Filters Form,mnuSyslogProcID.Text,Syslog ProcID,Syslog ProcID,
ClientCore/frmFilters,Filters Form,mnuSyslogStructdata.Text,Syslog Structdata,Syslog Struktuuriandmed,
ClientCore/frmFilters,Filters Form,mnuSyslogTag.Text,Syslog Tag,Syslog Silt,
ClientCore/frmFilters,Filters Form,mnuSyslogVersion.Text,Syslog Version,Syslog versioon,
ClientCore/frmFilters,Filters Form,mnuSystemID.Text,SystemID,,
ClientCore/frmFilters,Filters Form,mnuTime.Text,Time,Aeg,
ClientCore/frmFilters,Filters Form,mnuTotalMemoryLoad.Text,Total memory Load,,
ClientCore/frmFilters,Filters Form,mnuTrue.Text,TRUE,,
ClientCore/frmFilters,Filters Form,mnuUptime.Text,Uptime,,
ClientCore/frmFilters,Filters Form,mnuVersion.Text,Version,,
ClientCore/frmFilters,Filters Form,mnuVirtualMemoryLoad.Text,Virtual Memory Load,,
ClientCore/frmFilters,Filters Form,mnuXor.Text,XOR,,
ClientCore/frmFilters,Filters Form,rbProcessAfterInstall.Text,Process only after Installation Date,Töötlege alles pärast installimiskuupäeva,
ClientCore/frmFilters,Filters Form,rbProcessAlways.Text,Always process Rule,Töötle alati reeglit,
ClientCore/frmFilters,Filters Form,rbProcessCustomDate.Text,Process only after custom date:  ,Töötle ainult pärast kohandatud kuupäeva:,
ClientCore/frmFilters,Filters Form,toolStripMenuItem9.Text,SNMP V1 Filters,,
ClientCore/frmFilters,Filters Form,tpAdvanced.Text,Advanced,Täpsemalt,
ClientCore/frmFilters,Filters Form,tpComments.Text,Comments,Kommentaarid,
ClientCore/frmFilters,Filters Form,tpDate.Text,Date Conditions,Kuupäeva tingimused,
ClientCore/frmFilters,Filters Form,tpDetails.Text,Details,Üksikasjad,
ClientCore/frmFilters,Filters Form,tpGlobal.Text,Global Conditions,Globaalsed tingimused,
ClientCore/frmFilters,Filters Form,txtComments.Text,,,
ClientCore/frmImportConfigScope,Import Config Scope Form,$this.Text,Import configuration,Impordi seadistus,
ClientCore/frmImportConfigScope,Import Config Scope Form,btnCancel.Text,Cancel,Loobu,
ClientCore/frmImportConfigScope,Import Config Scope Form,btnNext.Text,Next…,Edasi…,
ClientCore/frmImportConfigScope,Import Config Scope Form,lblFullDesc.Text,Replaces all settings including license with the contents of the configuration file.,"Asendab kõik seaded, sealhulgas litsentsi, seadistusfaili sisuga.",
ClientCore/frmImportConfigScope,Import Config Scope Form,lblFullKeepLicenseDesc.Text,Replaces all settings from the file except the license: your current license name and keys stay in effect.,Asendab kõik faili seaded peale litsentsi: praegune litsentsinimi ja -võtmed jäävad kehtima.,
ClientCore/frmImportConfigScope,Import Config Scope Form,lblIntro.Text,Choose which parts of the configuration to take from the file. You will select the file in the next step.,"Valige, millised seadistuse osad failist võtta. Järgmises sammus valite faili.",
ClientCore/frmImportConfigScope,Import Config Scope Form,lblServicesRuleSetsDesc.Text,"Keeps your current general settings (e.g. engine, debug). Only services and rule sets are replaced from the file; general blocks in the file are ignored.","Säilitab praegused üldseaded (nt mootor, silumine). Failist asendatakse ainult teenused ja reeglistikud; faili üldplokid ignoreeritakse.",
ClientCore/frmImportConfigScope,Import Config Scope Form,rbFull.Text,Full import (replace everything),Täielik import (asenda kõik),
ClientCore/frmImportConfigScope,Import Config Scope Form,rbFullKeepLicense.Text,"Full import, keep current license","Täielik import, säilita praegune litsents",
ClientCore/frmImportConfigScope,Import Config Scope Form,rbServicesRuleSets.Text,Services and rule sets only,Ainult teenused ja reeglistikud,
ClientCore/frmMainTemplate,Main Template Form,$this.Text,Main Template Form,,
ClientCore/frmMainTemplate,Main Template Form,ImportRegistryBinaryfileToolStripMenuItem.Text,Registry Binaryfile,Registri binaarfail,
ClientCore/frmMainTemplate,Main Template Form,ImportadisconConfigFormatToolStripMenuItem.Text,Adiscon Config Format,Adiscon Konfiguratsioonivorming,
ClientCore/frmMainTemplate,Main Template Form,adisconConfigFormatToolStripMenuItem.Text,Adiscon Config Format,Adiscon Konfiguratsioonivorming,
ClientCore/frmMainTemplate,Main Template Form,adisconEventlogFormatToolStripMenuItem.Text,Adiscon Eventlog Format,,
ClientCore/frmMainTemplate,Main Template Form,adisconXMLFormatLegacyToolStripMenuItem.Text,Adiscon XML Format (Legacy),Adiscon XML-vorming (pärand),
ClientCore/frmMainTemplate,Main Template Form,btnConnect.Text,Connect,Ühendage,
ClientCore/frmMainTemplate,Main Template Form,btnDown.Text,Down,Alla,
ClientCore/frmMainTemplate,Main Template Form,btnLocal.Text,Localhost,Kohalik host,
ClientCore/frmMainTemplate,Main Template Form,btnQuit.Text,Quit,Lõpeta,
ClientCore/frmMainTemplate,Main Template Form,btnResetChanges.Text,Reset Changes,Lähtesta muudatused,
ClientCore/frmMainTemplate,Main Template Form,btnRestart.AccessibleDescription,Restarts the Background Service,,
ClientCore/frmMainTemplate,Main Template Form,btnRestart.AccessibleName,Restart Service,,
ClientCore/frmMainTemplate,Main Template Form,btnRestart.Text,Restart Service,Taaskäivitage,
ClientCore/frmMainTemplate,Main Template Form,btnRestart.ToolTipText,Restarts the Background Service,Taaskäivita teenus,
ClientCore/frmMainTemplate,Main Template Form,btnSave.Text,Save,Salvesta,
ClientCore/frmMainTemplate,Main Template Form,btnStart.AccessibleDescription,Starts the Background Service,,
ClientCore/frmMainTemplate,Main Template Form,btnStart.AccessibleName,Start Service,,
ClientCore/frmMainTemplate,Main Template Form,btnStart.Text,Start Service,Alusta,
ClientCore/frmMainTemplate,Main Template Form,btnStart.ToolTipText,Starts the Background Service,Käivita teenus,
ClientCore/frmMainTemplate,Main Template Form,btnStop.AccessibleDescription,Stops the Background Service,,
ClientCore/frmMainTemplate,Main Template Form,btnStop.AccessibleName,Stop Service,,
ClientCore/frmMainTemplate,Main Template Form,btnStop.Text,Stop Service,Peatus,
ClientCore/frmMainTemplate,Main Template Form,btnStop.ToolTipText,Stops the Background Service,Peata teenus,
ClientCore/frmMainTemplate,Main Template Form,btnUp.Text,Up,,
ClientCore/frmMainTemplate,Main Template Form,btnVerifyConfiguration.Text,Verify,Kinnitage konfiguratsioon,
ClientCore/frmMainTemplate,Main Template Form,btnVerifyConfiguration.ToolTipText,Verify Configuration,,
ClientCore/frmMainTemplate,Main Template Form,carriageReturnCRToolStripMenuItem.Text,Carriage return (CR),Käru tagasi (CR),
ClientCore/frmMainTemplate,Main Template Form,carriageReturnLineFeedCRLFToolStripMenuItem.Text,Carriage return line feed (CRLF),Käru tagastusrea etteanne (CRLF),
ClientCore/frmMainTemplate,Main Template Form,cloneActionToolStripMenuItem.Text,Clone Action,Klooni toiming,
ClientCore/frmMainTemplate,Main Template Form,cloneRuleSetToolStripMenuItem.Text,Clone RuleSet,Klooni reeglistik,
ClientCore/frmMainTemplate,Main Template Form,cloneRuleToolStripMenuItem.Text,Clone Rule,Klooni reegel,
ClientCore/frmMainTemplate,Main Template Form,cloneServiceToolStripMenuItem.Text,Clone Service,Klooni teenus,
ClientCore/frmMainTemplate,Main Template Form,copyActionToolStripMenuItem.Text,Copy Action,Kopeeri toiming,
ClientCore/frmMainTemplate,Main Template Form,copyRuleSetToolStripMenuItem.Text,Copy RuleSet,Kopeeri reeglistik,
ClientCore/frmMainTemplate,Main Template Form,copyRuleToolStripMenuItem.Text,Copy Rule,Kopeeri reegel,
ClientCore/frmMainTemplate,Main Template Form,copyServiceToolStripMenuItem.Text,Copy Service,Kopeeri teenus,
ClientCore/frmMainTemplate,Main Template Form,currentSeparatorMatchToolStripMenuItem.Text,Current separator match,Praegune eraldaja vaste,
ClientCore/frmMainTemplate,Main Template Form,disableActionToolStripMenuItem.Text,Disable Action,Keela toiming,
ClientCore/frmMainTemplate,Main Template Form,disableServiceToolStripMenuItem.Text,Disable Service,Keela teenus,
ClientCore/frmMainTemplate,Main Template Form,diskspaceInUseMBToolStripMenuItem.Text,Diskspace in use (MB),Kasutusel kettaruum (MB),
ClientCore/frmMainTemplate,Main Template Form,enableActionToolStripMenuItem.Text,Enable Action,Luba toiming,
ClientCore/frmMainTemplate,Main Template Form,enableServiceToolStripMenuItem.Text,Enable Service,Luba teenus,
ClientCore/frmMainTemplate,Main Template Form,eventReporterLegacyFormatToolStripMenuItem.Text,EventReporter Legacy Format,EventReporter Pärandvorming,
ClientCore/frmMainTemplate,Main Template Form,exportToolStripMenuItem.Text,Export Configuration,Ekspordi konfiguratsioon,
ClientCore/frmMainTemplate,Main Template Form,genericFileNameToolStripMenuItem.Text,Generic FileName,Üldine failinimi,
ClientCore/frmMainTemplate,Main Template Form,importConfigurationToolStripMenuItem.Text,Import Configuration,Konfiguratsiooni importimine,
ClientCore/frmMainTemplate,Main Template Form,insertServiceToolStripMenuItem.Text,Paste Service,Kleebi teenus,
ClientCore/frmMainTemplate,Main Template Form,lblBasicFilters.Text,Properties,Omadused,
ClientCore/frmMainTemplate,Main Template Form,lblConfigName.Text,Name,,
ClientCore/frmMainTemplate,Main Template Form,lblConnected.Text,Connected To: ,Ühendatud:,
ClientCore/frmMainTemplate,Main Template Form,lblFileSystemMonServices.Text,File&&System Monitoring Services,Faili- ja süsteemijälgimise teenused,
ClientCore/frmMainTemplate,Main Template Form,lblLicenseStatus.Text,30 days trial,,
ClientCore/frmMainTemplate,Main Template Form,lblNetworkRelatedServices.Text,Network related Services,Võrguteenused,
ClientCore/frmMainTemplate,Main Template Form,lblProbeServices.Text,Probe Services,Sondteenused,
ClientCore/frmMainTemplate,Main Template Form,lblRemoteName.Text,localhost,,
ClientCore/frmMainTemplate,Main Template Form,lblStatus.Text,Status,,
ClientCore/frmMainTemplate,Main Template Form,lblStatusEnabled.ToolTipText,Status: ,Olek:,
ClientCore/frmMainTemplate,Main Template Form,lineFeedLFToolStripMenuItem.Text,Line feed (LF),Reavahetus (LF),
ClientCore/frmMainTemplate,Main Template Form,maxAvailableDiskspaceMBToolStripMenuItem.Text,Max available Diskspace (MB),Maksimaalne vaba kettaruum (MB),
ClientCore/frmMainTemplate,Main Template Form,mnuCommunity.Text,Community,kogukond,
ClientCore/frmMainTemplate,Main Template Form,mnuCustomerID.Text,CustomerID,Kliendi ID,
ClientCore/frmMainTemplate,Main Template Form,mnuDiskSpaceMonitor.Text,DiskSpace Monitor,DiskSpace Monitor,
ClientCore/frmMainTemplate,Main Template Form,mnuEnterprise.Text,Enterprise,Ettevõtlus,
ClientCore/frmMainTemplate,Main Template Form,mnuEventCategory.Text,Event Category,Sündmuse kategooria,
ClientCore/frmMainTemplate,Main Template Form,mnuEventCategoryV2.Text,Event Category,Sündmuse kategooria,
ClientCore/frmMainTemplate,Main Template Form,mnuEventCategoryname.Text,Event Categoryname,Sündmuse kategooria nimi,
ClientCore/frmMainTemplate,Main Template Form,mnuEventCategorynameV2.Text,Event Categoryname,Sündmuse kategooria nimi,
ClientCore/frmMainTemplate,Main Template Form,mnuEventChannel.Text,Event Channel,Event Channel,
ClientCore/frmMainTemplate,Main Template Form,mnuEventID.Text,Event ID,Event ID,
ClientCore/frmMainTemplate,Main Template Form,mnuEventIDv2.Text,Event ID,Event ID,
ClientCore/frmMainTemplate,Main Template Form,mnuEventKeyword.Text,Event Keyword,Sündmuse märksõna,
ClientCore/frmMainTemplate,Main Template Form,mnuEventKeywordID.Text,Event Keyword ID,Sündmuse märksõna ID,
ClientCore/frmMainTemplate,Main Template Form,mnuEventLevel.Text,Event Level,Sündmuse tase,
ClientCore/frmMainTemplate,Main Template Form,mnuEventLogMonitor.Text,Event Log Monitor,EventMonitorV1,
ClientCore/frmMainTemplate,Main Template Form,mnuEventLogMonitorV2.Text,Event Log Monitor V2,EventMonitorV2,
ClientCore/frmMainTemplate,Main Template Form,mnuEventRawSource.Text,Event Raw Source,Sündmuse töötlemata allikas,
ClientCore/frmMainTemplate,Main Template Form,mnuEventRecordnumber.Text,Event Recordnumber,Sündmuse rekordnumber,
ClientCore/frmMainTemplate,Main Template Form,mnuEventSeverity.Text,Event Severity,Sündmuse tõsidus,
ClientCore/frmMainTemplate,Main Template Form,mnuEventSeverityIDV2.Text,Event Severity ID,Sündmuse tõsiduse ID,
ClientCore/frmMainTemplate,Main Template Form,mnuEventSeverityV2.Text,Event Severity,Sündmuse tõsidus,
ClientCore/frmMainTemplate,Main Template Form,mnuEventSource.Text,Event Source,Event Source,
ClientCore/frmMainTemplate,Main Template Form,mnuEventSourceV2.Text,Event Source,Event Source,
ClientCore/frmMainTemplate,Main Template Form,mnuEventType.Text,Event Type,Sündmuse tüüp,
ClientCore/frmMainTemplate,Main Template Form,mnuEventUser.Text,Event User,Sündmuse kasutaja,
ClientCore/frmMainTemplate,Main Template Form,mnuEventUserV2.Text,Event User,Sündmuse kasutaja,
ClientCore/frmMainTemplate,Main Template Form,mnuFTPProbe.Text,FTP Probe,FTP sond,
ClientCore/frmMainTemplate,Main Template Form,mnuFTPResponse.Text,FTP Response,FTP vastus,
ClientCore/frmMainTemplate,Main Template Form,mnuFTPStatuscode.Text,FTP Statuscode,FTP olekukood,
ClientCore/frmMainTemplate,Main Template Form,mnuFacility.Text,Facility,Facility,
ClientCore/frmMainTemplate,Main Template Form,mnuFacilityText.Text,Facility Text,Facility Text,
ClientCore/frmMainTemplate,Main Template Form,mnuFile.Text,&File,&Fail,
ClientCore/frmMainTemplate,Main Template Form,mnuFileMonitor.Text,File Monitor,FileMonitor,
ClientCore/frmMainTemplate,Main Template Form,mnuGeneral.Text,General,Üldine,
ClientCore/frmMainTemplate,Main Template Form,mnuGeneratedFilename.Text,Generated Filename,Generated Filename,
ClientCore/frmMainTemplate,Main Template Form,mnuGeneratedFilenamewithoutPath.Text,Generated Filename (without path),Generated Filename (ilma teeta),
ClientCore/frmMainTemplate,Main Template Form,mnuGenericName.Text,Generic Name,Generic Name,
ClientCore/frmMainTemplate,Main Template Form,mnuHELOResponse.Text,HELO Response,HELO vastus,
ClientCore/frmMainTemplate,Main Template Form,mnuHTTPProbe.Text,HTTP Probe,HTTP-sond,
ClientCore/frmMainTemplate,Main Template Form,mnuHTTPResponse.Text,HTTP Response,HTTP vastus,
ClientCore/frmMainTemplate,Main Template Form,mnuHTTPStatuscode.Text,HTTP Statuscode,HTTP olekukood,
ClientCore/frmMainTemplate,Main Template Form,mnuHelp.Text,Help,Abi,
ClientCore/frmMainTemplate,Main Template Form,mnuHelpAbout.Text,About Adiscon Client,Teave Adiscon kliendi kohta,
ClientCore/frmMainTemplate,Main Template Form,mnuHelpContent.Text,Contents,Sisu,
ClientCore/frmMainTemplate,Main Template Form,mnuHelpIndex.Text,Index,Indeks,
ClientCore/frmMainTemplate,Main Template Form,mnuHelpOnlineSupport.Text,Online Support,Interneti-tugi,
ClientCore/frmMainTemplate,Main Template Form,mnuHelpRequestSupport.Text,Request Support,Taotlege tuge,
ClientCore/frmMainTemplate,Main Template Form,mnuHelpSearch.Text,Search,Otsi,
ClientCore/frmMainTemplate,Main Template Form,mnuIMAPProbe.Text,IMAP Probe,IMAP-sond,
ClientCore/frmMainTemplate,Main Template Form,mnuIMAPResponse.Text,IMAP Response,IMAP-vastus,
ClientCore/frmMainTemplate,Main Template Form,mnuIMAPStatuscode.Text,IMAP Statuscode,IMAP olekukood,
ClientCore/frmMainTemplate,Main Template Form,mnuInformationUnitType.Text,Information Type,Teabe tüüp,
ClientCore/frmMainTemplate,Main Template Form,mnuKillService.Text,Kill service,Lõpeta teenus,
ClientCore/frmMainTemplate,Main Template Form,mnuLocalHostname.Text,Local Hostname,Kohalik hostinimi,
ClientCore/frmMainTemplate,Main Template Form,mnuMain.Text,Main Menu,,
ClientCore/frmMainTemplate,Main Template Form,mnuMessage.Text,Message,Sõnum,
ClientCore/frmMainTemplate,Main Template Form,mnuMessageCompressed.Text,Message (Compressed),Sõnum (tihendatud),
ClientCore/frmMainTemplate,Main Template Form,mnuNNTPProbe.Text,NNTP Probe,NNTP sond,
ClientCore/frmMainTemplate,Main Template Form,mnuNNTPResponse.Text,NNTP Response,NNTP vastus,
ClientCore/frmMainTemplate,Main Template Form,mnuNNTPStatuscode.Text,NNTP Statuscode,NNTP olekukood,
ClientCore/frmMainTemplate,Main Template Form,mnuNTServiceDisplayName.Text,NT Service DisplayName,NT-teenuse kuvanimi,
ClientCore/frmMainTemplate,Main Template Form,mnuNTServiceMonitor.Text,NT Service Monitor,NT-teenuse monitor,
ClientCore/frmMainTemplate,Main Template Form,mnuNTServiceName.Text,NT Service Name,NT-teenuse nimi,
ClientCore/frmMainTemplate,Main Template Form,mnuNetworkDiscovery.Text,Network Discovery,Võrgu avastamine,
ClientCore/frmMainTemplate,Main Template Form,mnuOptions.Text,Options,Valikud,
ClientCore/frmMainTemplate,Main Template Form,mnuOtherServices.Text,Other Services,Muud teenused,
ClientCore/frmMainTemplate,Main Template Form,mnuPOP3Probe.Text,POP3 Probe,POP3 sond,
ClientCore/frmMainTemplate,Main Template Form,mnuPOP3Response.Text,POP3 Response,POP3 vastus,
ClientCore/frmMainTemplate,Main Template Form,mnuPOP3Statuscode.Text,POP3 Statuscode,POP3 olekukood,
ClientCore/frmMainTemplate,Main Template Form,mnuPortname.Text,Portname,Portname,
ClientCore/frmMainTemplate,Main Template Form,mnuPriority.Text,Priority,Prioriteet,
ClientCore/frmMainTemplate,Main Template Form,mnuPriorityText.Text,Priority Text,Prioriteetne tekst,
ClientCore/frmMainTemplate,Main Template Form,mnuQuit.Text,&Quit,&Lõpeta,
ClientCore/frmMainTemplate,Main Template Form,mnuSMTPProbe.Text,SMTP Probe,SMTP Sond,
ClientCore/frmMainTemplate,Main Template Form,mnuSMTPStatuscode.Text,SMTP Statuscode,SMTP Olekukood,
ClientCore/frmMainTemplate,Main Template Form,mnuSNMPTraps.Text,SNMP Traps,SNMP Lõksud,
ClientCore/frmMainTemplate,Main Template Form,mnuSendSyslogTestMsg.Text,Syslog Test Message,Syslog Testsõnum,
ClientCore/frmMainTemplate,Main Template Form,mnuSerialPortMonitor.Text,SerialPort Monitor,SerialPort monitor,
ClientCore/frmMainTemplate,Main Template Form,mnuSource.Text,Source,Allikas,
ClientCore/frmMainTemplate,Main Template Form,mnuSourceIPv4.Text,Source IPv4,,
ClientCore/frmMainTemplate,Main Template Form,mnuSourceIPv6.Text,Source IPv6,,
ClientCore/frmMainTemplate,Main Template Form,mnuSourceIPv6Dots.Text,Source IPv6 (Dots),,
ClientCore/frmMainTemplate,Main Template Form,mnuSyslog.Text,Syslog,Syslog,
ClientCore/frmMainTemplate,Main Template Form,mnuSyslogAppname.Text,Syslog Appname,Syslog Rakenduse nimi,
ClientCore/frmMainTemplate,Main Template Form,mnuSyslogMSGID.Text,Syslog MSGID,Syslog MSGID,
ClientCore/frmMainTemplate,Main Template Form,mnuSyslogProcID.Text,Syslog ProcID,Syslog ProcID,
ClientCore/frmMainTemplate,Main Template Form,mnuSyslogStructdata.Text,Syslog Structdata,Syslog Struktuuriandmed,
ClientCore/frmMainTemplate,Main Template Form,mnuSyslogTag.Text,Syslog Tag,Syslog Silt,
ClientCore/frmMainTemplate,Main Template Form,mnuSyslogVersion.Text,Syslog Version,Syslog versioon,
ClientCore/frmMainTemplate,Main Template Form,mnuSystemID.Text,SystemID,Süsteemi ID,
ClientCore/frmMainTemplate,Main Template Form,mnuTimeGenerated.Text,Time Generated,Loodud aeg,
ClientCore/frmMainTemplate,Main Template Form,mnuTimeGeneratedLocaltime.Text,Time Generated (Localtime),Loodud aeg (kohalik aeg),
ClientCore/frmMainTemplate,Main Template Form,mnuTimeReported.Text,Time Reported,Aeg teatatud,
ClientCore/frmMainTemplate,Main Template Form,mnuTimeReportedLocaltime.Text,Time Reported (Localtime),Esitatud aeg (kohalik aeg),
ClientCore/frmMainTemplate,Main Template Form,mnuTools.Text,Tools,Tööriistad,
ClientCore/frmMainTemplate,Main Template Form,mnuUptime.Text,Uptime,Tööaeg,
ClientCore/frmMainTemplate,Main Template Form,mnuVersion.Text,Version,Versioon,
ClientCore/frmMainTemplate,Main Template Form,monilogFormatToolStripMenuItem.Text,Monilog Format,,
ClientCore/frmMainTemplate,Main Template Form,newUUIDToolStripMenuItem.Text,New UUID(Universally Unique Identifiers),Uus UUID (universaalselt unikaalsed identifikaatorid),
ClientCore/frmMainTemplate,Main Template Form,passiveSyslogReceiverToolStripMenuItem.Text,Passive Syslog Receiver,,
ClientCore/frmMainTemplate,Main Template Form,pasteActionToolStripMenuItem.Text,Paste Action,Kleebi toiming,
ClientCore/frmMainTemplate,Main Template Form,pasteRuleSetToolStripMenuItem.Text,Paste RuleSet,Kleebi reeglistik,
ClientCore/frmMainTemplate,Main Template Form,pasteRuleToolStripMenuItem.Text,Paste Rule,Kleebi reegel,
ClientCore/frmMainTemplate,Main Template Form,previousSeparatorMatchToolStripMenuItem.Text,Previous separator match,Eelmine eraldaja vaste,
ClientCore/frmMainTemplate,Main Template Form,rAWSyslogMessageToolStripMenuItem.Text,RAW Syslog Message,,
ClientCore/frmMainTemplate,Main Template Form,registryBinaryfileToolStripMenuItem.Text,Registry Binaryfile,Registri binaarfail,
ClientCore/frmMainTemplate,Main Template Form,registryTextfile64BitWindowsToolStripMenuItem.Text,Registry Textfile (64Bit Windows),Registri tekstifail (64-bitine Windows),
ClientCore/frmMainTemplate,Main Template Form,registryfile32BitWindowsToolStripMenuItem.Text,Registry Textfile (32Bit Windows),Registri tekstifail (32-bitine Windows),
ClientCore/frmMainTemplate,Main Template Form,reloadConfigurationToolStripMenuItem.Text,Reload Configuration,Laadi konfiguratsioon uuesti,
ClientCore/frmMainTemplate,Main Template Form,replaceWithToolStripMenuItem.Text,Replace with,Asenda vastu,
ClientCore/frmMainTemplate,Main Template Form,resetToDefaultToolStripMenuItem.Text,Reset Configuration to Default,Lähtestage konfiguratsioon vaikeseadetele,
ClientCore/frmMainTemplate,Main Template Form,saveToolStripMenuItem.Text,Save,,
ClientCore/frmMainTemplate,Main Template Form,snmpAgentIP.Text,Agent IP,,
ClientCore/frmMainTemplate,Main Template Form,snmpSpecificType.Text,Specific Type,,
ClientCore/frmMainTemplate,Main Template Form,snmpVariable1ToolStripMenuItem.Text,Snmp variable 1,,
ClientCore/frmMainTemplate,Main Template Form,snmpVariable2ToolStripMenuItem.Text,Snmp variable 2,,
ClientCore/frmMainTemplate,Main Template Form,snmpVariable3ToolStripMenuItem.Text,Snmp variable 3,,
ClientCore/frmMainTemplate,Main Template Form,specialVariablesToolStripMenuItem.Text,Special Variables,Spetsiaalsed muutujad,
ClientCore/frmMainTemplate,Main Template Form,stbMain.Text,stbMain,,
ClientCore/frmMainTemplate,Main Template Form,szServiceButtonHintRestart,Restarts the Background Service,,
ClientCore/frmMainTemplate,Main Template Form,szServiceButtonHintStart,Starts the Background Service,,
ClientCore/frmMainTemplate,Main Template Form,szServiceButtonHintStop,Stops the Background Service,,
ClientCore/frmMainTemplate,Main Template Form,szServiceStatusRunning,Service: Running,Teenus: töötab,
ClientCore/frmMainTemplate,Main Template Form,szServiceStatusStopped,Service: Stopped,Teenus: peatatud,
ClientCore/frmMainTemplate,Main Template Form,szServiceStatusUnknown,Service: Unknown,Teenus: teadmata,
ClientCore/frmMainTemplate,Main Template Form,szStartupConfigurationAccessDeniedText,"The configuration registry could not be accessed. The service may not be installed on this machine, or access was denied. The client will open with default settings.",Konfiguratsiooni registrile ei saanud juurde pääseda. Teenus ei pruugi olla selles arvutis installitud või juurdepääs keelati. Klient avatakse vaikesätetega.,
ClientCore/frmMainTemplate,Main Template Form,szStartupConfigurationMissingText,The service or configuration registry was not found on this machine. The client will open with default settings.,Teenust või konfiguratsiooni registrivõtit selles arvutis ei leitud. Klient avatakse vaikesätetega.,
ClientCore/frmMainTemplate,Main Template Form,szStartupConfigurationUnavailable,Configuration not available,Konfiguratsioon pole saadaval,
ClientCore/frmMainTemplate,Main Template Form,tABToolStripMenuItem.Text,TAB,,
ClientCore/frmMainTemplate,Main Template Form,tbCbEnabled.Items,Enabled,,
ClientCore/frmMainTemplate,Main Template Form,tbCbEnabled.Items1,Disabled,,
ClientCore/frmMainTemplate,Main Template Form,tbCbTestMode.Items,Testmode Enabled,,
ClientCore/frmMainTemplate,Main Template Form,tbCbTestMode.Items1,Testmode Disabled,,
ClientCore/frmMainTemplate,Main Template Form,tbComments.Text,Comments,Kommentaarid,
ClientCore/frmMainTemplate,Main Template Form,tbConfigReset.Text,Reset,Lähtesta,
ClientCore/frmMainTemplate,Main Template Form,tbConfigSave.Text,Save,Kinnita,
ClientCore/frmMainTemplate,Main Template Form,tbDebug.Text,Logviewer (Debug),DebugLog,
ClientCore/frmMainTemplate,Main Template Form,tbHelp.Text,Help,,
ClientCore/frmMainTemplate,Main Template Form,tbMain.Text,TTMain,,
ClientCore/frmMainTemplate,Main Template Form,tbSettings.Text,Settings,Seaded,
ClientCore/frmMainTemplate,Main Template Form,toolStripMenuItem19.Text,Version 1 parameters,,
ClientCore/frmMainTemplate,Main Template Form,toolStripMenuItem20.Text,Version 2 parameters,,
ClientCore/frmMainTemplate,Main Template Form,tsmAddAction.Text,Add Action,Lisa toiming,
ClientCore/frmMainTemplate,Main Template Form,tsmAddRule.Text,Add Rule,Lisa reegel,
ClientCore/frmMainTemplate,Main Template Form,tsmAddRuleSet.Text,Add RuleSet,Lisa reeglistik,
ClientCore/frmMainTemplate,Main Template Form,tsmAddService.Text,Add Service,Lisa teenus,
ClientCore/frmMainTemplate,Main Template Form,tsmDeleteAction.Text,Delete Action,Kustuta toiming,
ClientCore/frmMainTemplate,Main Template Form,tsmDeleteRule.Text,Delete Rule,Kustuta reegel,
ClientCore/frmMainTemplate,Main Template Form,tsmDeleteRuleSet.Text,Delete RuleSet,Kustuta reeglistik,
ClientCore/frmMainTemplate,Main Template Form,tsmDeleteService.Text,Delete Service,Kustuta teenus,
ClientCore/frmMainTemplate,Main Template Form,tsmImportRuleSet.Text,Import RuleSet,Impordi reeglistik(ud),
ClientCore/frmMainTemplate,Main Template Form,tsmImportService.Text,Import Service(s),Impordi teenus,
ClientCore/frmMainTemplate,Main Template Form,tsmRenameAction.Text,Rename Action,Nimeta toiming ümber,
ClientCore/frmMainTemplate,Main Template Form,tsmRenameRule.Text,Rename Rule,Nimeta reegel ümber,
ClientCore/frmMainTemplate,Main Template Form,tsmRenameRuleSet.Text,Rename RuleSet,Nimeta reeglistik ümber,
ClientCore/frmMainTemplate,Main Template Form,tsmRenameService.Text,Rename Service,Nimeta teenus ümber,
ClientCore/frmMainTemplate,Main Template Form,ttConfigureFor.Text,Configure for...,Seadista...,
ClientCore/frmMainTemplate,Main Template Form,ttCopyFrom.Text,Copy from ...,Kopeeri...,
ClientCore/frmMainTemplate,Main Template Form,ttmClearFilters.Text,Clear Filters,Tühjenda filtrid,
ClientCore/frmMessageBox,Message Box Form,$this.Text,Adiscon Client,,
ClientCore/frmMessageBox,Message Box Form,chkAskAgain.Text,Do not ask me again!,Ärge minult enam küsige!,
ClientCore/frmMessageBox,Message Box Form,cmdCancel.Text,Cancel,Tühista,
ClientCore/frmMessageBox,Message Box Form,cmdMore.Text,Click here,Klõpsake siin,
ClientCore/frmMessageBox,Message Box Form,cmdOK.Text,OK,OK,
ClientCore/frmMessageBox,Message Box Form,lblMore.Text,More Information:,,
ClientCore/frmMessageBox,Message Box Form,lblMoreLink.Text,www.moremoremore.com,,
ClientCore/frmMessageBox,Message Box Form,lblTitleText.Text,*Title,,
ClientCore/frmMessageBox,Message Box Form,txtMessage.Text,*Message,,
ClientCore/frmMibBrowser,Mib Browser Form,$this.Text,SNMP Mib Browser,,
ClientCore/frmMibBrowser,Mib Browser Form,cmdCancel.Text,Cancel,Tühista,
ClientCore/frmMibBrowser,Mib Browser Form,cmdReloadMibs.Text,Reload Mibs,Laadi Mibs uuesti,
ClientCore/frmMibBrowser,Mib Browser Form,cmdSelectOID.Text,Select OID,Valige OID,
ClientCore/frmMibBrowser,Mib Browser Form,lblDefaultValue.Text,Default Value:,Vaikeväärtus:,
ClientCore/frmMibBrowser,Mib Browser Form,lblDescription.Text,Description:,Kirjeldus:,
ClientCore/frmMibBrowser,Mib Browser Form,lblOIDNumber.Text,OID Number:,OID number:,
ClientCore/frmMibBrowser,Mib Browser Form,lblOIDString.Text,OID String:,OID string:,
ClientCore/frmMibBrowser,Mib Browser Form,lblTitle.Text,MIB Browser (OID),MIB-brauser (OID),
ClientCore/frmMibBrowser,Mib Browser Form,lblvarType.Text,Variable Type:,Muutuja tüüp:,
ClientCore/frmToolsConnect,Tools Connect Form,$this.Text,Connect,,
ClientCore/frmToolsConnect,Tools Connect Form,cmdBrowse.Text,Browse,,
ClientCore/frmToolsConnect,Tools Connect Form,cmdCancel.Text,Cancel,,
ClientCore/frmToolsConnect,Tools Connect Form,cmdConnect.Text,Connect,,
ClientCore/frmToolsConnect,Tools Connect Form,lblConnectTo.Text,Connect to:,,
ClientCore/frmToolsDebugView,Tools Debug View Form,$this.Text,Debug Viewer,,
ClientCore/frmToolsDebugView,Tools Debug View Form,DebugMsg.HeaderText,Debug Message,,
ClientCore/frmToolsDebugView,Tools Debug View Form,Facility.HeaderText,Facility,,
ClientCore/frmToolsDebugView,Tools Debug View Form,Index.HeaderText,Index,,
ClientCore/frmToolsDebugView,Tools Debug View Form,Priority.HeaderText,  ,,
ClientCore/frmToolsDebugView,Tools Debug View Form,PriorityText.HeaderText,Priority,,
ClientCore/frmToolsDebugView,Tools Debug View Form,RawDebug.HeaderText,Raw Debug,,
ClientCore/frmToolsDebugView,Tools Debug View Form,StatusBar.Text,statusStrip1,,
ClientCore/frmToolsDebugView,Tools Debug View Form,Thread.HeaderText,Thread,,
ClientCore/frmToolsDebugView,Tools Debug View Form,Time.HeaderText,Time,,
ClientCore/frmToolsDebugView,Tools Debug View Form,lblDebugFile.Text,Debugfile: ,Silumisfail:,
ClientCore/frmToolsDebugView,Tools Debug View Form,lblDebugFilter.Text,Message contains,,
ClientCore/frmToolsDebugView,Tools Debug View Form,lblFiltering.Text,Filtering,Filtreerimine,
ClientCore/frmToolsDebugView,Tools Debug View Form,lblFunction.Text,Function,,
ClientCore/frmToolsDebugView,Tools Debug View Form,lblInitLines.Text,Initial Debuglines: ,Esialgsed silumised:,
ClientCore/frmToolsDebugView,Tools Debug View Form,lblLoading.Text,-,,
ClientCore/frmToolsDebugView,Tools Debug View Form,lblProgressLabel.Text,Progress:,Edusammud:,
ClientCore/frmToolsDebugView,Tools Debug View Form,lblShowDebugFor.Text,Show debug message for: ,Kuva silumissõnum:,
ClientCore/frmToolsDebugView,Tools Debug View Form,lblStatus.Text,-,,
ClientCore/frmToolsDebugView,Tools Debug View Form,lblStatusLabel.Text,Status:,Olek:,
ClientCore/frmToolsDebugView,Tools Debug View Form,lblThread.Text,Thread,,
ClientCore/frmToolsDebugView,Tools Debug View Form,lblTitleText.Text,Logviewer (Debug),Logivaatur (silumine),
ClientCore/frmToolsDebugView,Tools Debug View Form,lbldebugLoglines.Text,-,,
ClientCore/frmToolsDebugView,Tools Debug View Form,lbldebugLoglinesLabel.Text,Total LogLines:,Logiridade kokku:,
ClientCore/frmToolsDebugView,Tools Debug View Form,tbBrowse.Text,Browse,Sirvige,
ClientCore/frmToolsDebugView,Tools Debug View Form,tbReset.Text,Reset,Lähtesta,
ClientCore/frmToolsDebugView,Tools Debug View Form,toolStripLabel1.Text,Priority,,
ClientCore/frmToolsDebugView,Tools Debug View Form,toolStripLabel2.Text,Facility,,
ClientCore/frmToolsDebugView,Tools Debug View Form,tsStart.Text,Start,Laadige,
ClientCore/frmToolsDebugView,Tools Debug View Form,tsStop.Text,Stop,Peatus,
ClientCore/frmToolsNetworkDiscovery,Tools Network Discovery Form,$this.Text,Network Discovery Wizard,,
ClientCore/frmToolsNetworkDiscovery,Tools Network Discovery Form,chkUseDNS.Text,Resolve Names using DNS during Scan operation,Nimede lahendamine DNS-i abil skannimise ajal,
ClientCore/frmToolsNetworkDiscovery,Tools Network Discovery Form,clDomain.Text,Domain Name,,
ClientCore/frmToolsNetworkDiscovery,Tools Network Discovery Form,cmdBack.Text,< Back,< Tagasi,
ClientCore/frmToolsNetworkDiscovery,Tools Network Discovery Form,cmdCancel.Text,Cancel,Tühista,
ClientCore/frmToolsNetworkDiscovery,Tools Network Discovery Form,cmdCancelScan.Text,Cancel Scan,Tühista skannimine,
ClientCore/frmToolsNetworkDiscovery,Tools Network Discovery Form,cmdDeSelectAll.Text,Deselect All,Tühistage valik Kõik,
ClientCore/frmToolsNetworkDiscovery,Tools Network Discovery Form,cmdFinish.Text,Finish,Lõpeta,
ClientCore/frmToolsNetworkDiscovery,Tools Network Discovery Form,cmdNext.Text,Next >,Järgmine >,
ClientCore/frmToolsNetworkDiscovery,Tools Network Discovery Form,cmdRestart.Text,Restart Wizard,Taaskäivitage viisard,
ClientCore/frmToolsNetworkDiscovery,Tools Network Discovery Form,cmdSelectAll.Text,Select All,Valige Kõik,
ClientCore/frmToolsNetworkDiscovery,Tools Network Discovery Form,lblDiscover.Text,How you want to discover your network?,Kuidas soovite oma võrku avastada?,
ClientCore/frmToolsNetworkDiscovery,Tools Network Discovery Form,lblDomError.Text,*Error Maybe,,
ClientCore/frmToolsNetworkDiscovery,Tools Network Discovery Form,lblDomainNames.Text,Domain / Workgroup Names,Domeeni / töörühma nimed,
ClientCore/frmToolsNetworkDiscovery,Tools Network Discovery Form,lblEndIP.Text,End IP Address,Lõpu IP-aadress,
ClientCore/frmToolsNetworkDiscovery,Tools Network Discovery Form,lblNumPingConns.Text,Number of PING Connections: ,PING-ühenduste arv:,
ClientCore/frmToolsNetworkDiscovery,Tools Network Discovery Form,lblStartIP.Text,Start IP Address,Käivitage IP-aadress,
ClientCore/frmToolsNetworkDiscovery,Tools Network Discovery Form,lblTitleText.Text,*Title,,
ClientCore/frmToolsNetworkDiscovery,Tools Network Discovery Form,rbIPRange.Text,Scan IP Range,IP-vahemiku skannimine,
ClientCore/frmToolsNetworkDiscovery,Tools Network Discovery Form,rbWinNet.Text,Scan Windows Network,Kontrollige Windowsi võrku,
ClientCore/frmToolsNetworkDiscovery,Tools Network Discovery Form,tpMethod.Text,Method,meetod,
ClientCore/frmToolsNetworkDiscovery,Tools Network Discovery Form,tpOptionsIPScan.Text,Options IPScan,Valikud IPScan,
ClientCore/frmToolsNetworkDiscovery,Tools Network Discovery Form,tpOptionsWINNETScan.Text,Options WinNetScan,Valikud WinNetScan,
ClientCore/frmToolsNetworkDiscovery,Tools Network Discovery Form,tpScanning.Text,Scanning,,
ClientCore/frmToolsPassiveSyslog,Tools Passive Syslog Form,$this.Text,Passive Syslog Receiver,,
ClientCore/frmToolsPassiveSyslog,Tools Passive Syslog Form,Category.HeaderText, ,,
ClientCore/frmToolsPassiveSyslog,Tools Passive Syslog Form,DateTime.HeaderText,Date&Time,Kuupäev ja kellaaeg,
ClientCore/frmToolsPassiveSyslog,Tools Passive Syslog Form,Facility.HeaderText,Facility,Facility,
ClientCore/frmToolsPassiveSyslog,Tools Passive Syslog Form,Message.HeaderText,Logged Message,Logitud sõnum,
ClientCore/frmToolsPassiveSyslog,Tools Passive Syslog Form,Priority.HeaderText,Priority,Prioriteet,
ClientCore/frmToolsPassiveSyslog,Tools Passive Syslog Form,Source.HeaderText,Source,Allikas,
ClientCore/frmToolsPassiveSyslog,Tools Passive Syslog Form,chkMsgExpectedAfterConnect.Text,Expect this Message after Connect,Oodake seda sõnumit pärast ühenduse loomist,
ClientCore/frmToolsPassiveSyslog,Tools Passive Syslog Form,chkMsgSendAfterConnect.Text,Send this Message after Connect,Saada see sõnum pärast ühenduse loomist,
ClientCore/frmToolsPassiveSyslog,Tools Passive Syslog Form,cmdCancel.Text,Cancel,Tühista,
ClientCore/frmToolsPassiveSyslog,Tools Passive Syslog Form,cmdClose.Text,Close,Sule,
ClientCore/frmToolsPassiveSyslog,Tools Passive Syslog Form,cmdRetrieve.Text,Retrieve Messages,Sõnumite toomine,
ClientCore/frmToolsPassiveSyslog,Tools Passive Syslog Form,lblMsgSep.Text,Message Separator,Sõnumi eraldaja,
ClientCore/frmToolsPassiveSyslog,Tools Passive Syslog Form,lblSyslogPort.Text,Syslog Port,Syslog Port,
ClientCore/frmToolsPassiveSyslog,Tools Passive Syslog Form,lblSyslogServer.Text,Syslog Server,Syslog server,
ClientCore/frmToolsPassiveSyslog,Tools Passive Syslog Form,lblTitleText.Text,Test PassiveSyslog Service,Passive Syslog teenuse test,
ClientCore/frmToolsSendSyslog,Tools Send Syslog Form,$this.Text,Send Syslog Test Message,,
ClientCore/frmToolsSendSyslog,Tools Send Syslog Form,cbOutputEncoding.Items,ASCII,,
ClientCore/frmToolsSendSyslog,Tools Send Syslog Form,cbOutputEncoding.Items1,UTF8,,
ClientCore/frmToolsSendSyslog,Tools Send Syslog Form,cbProtocolType.Items,UDP,,
ClientCore/frmToolsSendSyslog,Tools Send Syslog Form,cbProtocolType.Items1,TCP,,
ClientCore/frmToolsSendSyslog,Tools Send Syslog Form,cbSyslogFacility.Items,Kernel,,
ClientCore/frmToolsSendSyslog,Tools Send Syslog Form,cbSyslogFacility.Items1,User,,
ClientCore/frmToolsSendSyslog,Tools Send Syslog Form,cbSyslogFacility.Items10,Local0,,
ClientCore/frmToolsSendSyslog,Tools Send Syslog Form,cbSyslogFacility.Items11,Local1,,
ClientCore/frmToolsSendSyslog,Tools Send Syslog Form,cbSyslogFacility.Items12,Local2,,
ClientCore/frmToolsSendSyslog,Tools Send Syslog Form,cbSyslogFacility.Items13,Local3,,
ClientCore/frmToolsSendSyslog,Tools Send Syslog Form,cbSyslogFacility.Items14,Local4,,
ClientCore/frmToolsSendSyslog,Tools Send Syslog Form,cbSyslogFacility.Items15,Local5,,
ClientCore/frmToolsSendSyslog,Tools Send Syslog Form,cbSyslogFacility.Items16,Local6,,
ClientCore/frmToolsSendSyslog,Tools Send Syslog Form,cbSyslogFacility.Items17,Local7,,
ClientCore/frmToolsSendSyslog,Tools Send Syslog Form,cbSyslogFacility.Items2,Mail System,,
ClientCore/frmToolsSendSyslog,Tools Send Syslog Form,cbSyslogFacility.Items3,Daemon,,
ClientCore/frmToolsSendSyslog,Tools Send Syslog Form,cbSyslogFacility.Items4,Security,,
ClientCore/frmToolsSendSyslog,Tools Send Syslog Form,cbSyslogFacility.Items5,Syslog,,
ClientCore/frmToolsSendSyslog,Tools Send Syslog Form,cbSyslogFacility.Items6,Printer,,
ClientCore/frmToolsSendSyslog,Tools Send Syslog Form,cbSyslogFacility.Items7,News,,
ClientCore/frmToolsSendSyslog,Tools Send Syslog Form,cbSyslogFacility.Items8,UUCP,,
ClientCore/frmToolsSendSyslog,Tools Send Syslog Form,cbSyslogFacility.Items9,Cron,,
ClientCore/frmToolsSendSyslog,Tools Send Syslog Form,cbSyslogPriority.Items,Emergency,,
ClientCore/frmToolsSendSyslog,Tools Send Syslog Form,cbSyslogPriority.Items1,Alert,,
ClientCore/frmToolsSendSyslog,Tools Send Syslog Form,cbSyslogPriority.Items2,Critical,,
ClientCore/frmToolsSendSyslog,Tools Send Syslog Form,cbSyslogPriority.Items3,Error,,
ClientCore/frmToolsSendSyslog,Tools Send Syslog Form,cbSyslogPriority.Items4,Warning,,
ClientCore/frmToolsSendSyslog,Tools Send Syslog Form,cbSyslogPriority.Items5,Notice,,
ClientCore/frmToolsSendSyslog,Tools Send Syslog Form,cbSyslogPriority.Items6,Information,,
ClientCore/frmToolsSendSyslog,Tools Send Syslog Form,cbSyslogPriority.Items7,Debug,,
ClientCore/frmToolsSendSyslog,Tools Send Syslog Form,chkAppendSyslogNumber.Text,Append Number to Syslog Message,Lisa number Syslog sõnumile,
ClientCore/frmToolsSendSyslog,Tools Send Syslog Form,chkEnableTls.Text,Enable SSL / TLS Encryption.,Luba SSL/TLS-krüptimine.,
ClientCore/frmToolsSendSyslog,Tools Send Syslog Form,chkSendPerLineFeed.Text,Send One Message per LineFeed,Saatke üks sõnum reavahetuse kohta,
ClientCore/frmToolsSendSyslog,Tools Send Syslog Form,cmdBrowse.Text,Browse,Sirvige,
ClientCore/frmToolsSendSyslog,Tools Send Syslog Form,cmdBrowseCA.Text,Browse,Sirvige,
ClientCore/frmToolsSendSyslog,Tools Send Syslog Form,cmdBrowseCERT.Text,Browse,Sirvige,
ClientCore/frmToolsSendSyslog,Tools Send Syslog Form,cmdBrowseKEY.Text,Browse,Sirvige,
ClientCore/frmToolsSendSyslog,Tools Send Syslog Form,cmdCancel.Text,Cancel,Tühista,
ClientCore/frmToolsSendSyslog,Tools Send Syslog Form,cmdClose.Text,Close,Sule,
ClientCore/frmToolsSendSyslog,Tools Send Syslog Form,cmdSend.Text,Send,Saada,
ClientCore/frmToolsSendSyslog,Tools Send Syslog Form,gbTCPRelated.Text,TCP related Options,TCP-ga seotud valikud,
ClientCore/frmToolsSendSyslog,Tools Send Syslog Form,gbTLSRelated.Text,TLS related Options,TLS-iga seotud valikud,
ClientCore/frmToolsSendSyslog,Tools Send Syslog Form,lblCertificate.Text,Certificate,tunnistus,
ClientCore/frmToolsSendSyslog,Tools Send Syslog Form,lblCommonCA.Text,Common CA,Üldine CA,
ClientCore/frmToolsSendSyslog,Tools Send Syslog Form,lblDebugOutput.Text,Debug Output,Silumise väljund,
ClientCore/frmToolsSendSyslog,Tools Send Syslog Form,lblFileName.Text,Filename:,Failinimi:,
ClientCore/frmToolsSendSyslog,Tools Send Syslog Form,lblKey.Text,Key,Võti,
ClientCore/frmToolsSendSyslog,Tools Send Syslog Form,lblMessageDelimiter.Text,Message Delimiter,Sõnumi eraldaja,
ClientCore/frmToolsSendSyslog,Tools Send Syslog Form,lblMilliSeconds.Text,milliseconds,millisekundid,
ClientCore/frmToolsSendSyslog,Tools Send Syslog Form,lblNetworkProtocol.Text,Network Protocol,Võrguprotokoll,
ClientCore/frmToolsSendSyslog,Tools Send Syslog Form,lblOutputencoding.Text,Output encoding: ,Väljundi kodeering:,
ClientCore/frmToolsSendSyslog,Tools Send Syslog Form,lblSleeptime.Text,Sleeptime between sending,Uneaeg saatmise vahel,
ClientCore/frmToolsSendSyslog,Tools Send Syslog Form,lblSourceName.Text,Sourcename,Allika nimi,
ClientCore/frmToolsSendSyslog,Tools Send Syslog Form,lblSyslogFacility.Text,Syslog Facility,Syslog Rajatis,
ClientCore/frmToolsSendSyslog,Tools Send Syslog Form,lblSyslogPort.Text,Syslog Port,Syslog Port,
ClientCore/frmToolsSendSyslog,Tools Send Syslog Form,lblSyslogPriority.Text,Syslog Priority,Syslog Prioriteet,
ClientCore/frmToolsSendSyslog,Tools Send Syslog Form,lblSyslogServer.Text,Syslog Server,Syslog server,
ClientCore/frmToolsSendSyslog,Tools Send Syslog Form,lblSyslogTagValue.Text,Syslog Tag Value,Syslog Märgendi väärtus,
ClientCore/frmToolsSendSyslog,Tools Send Syslog Form,lblTitleText.Text,Send Syslog Test Message,Saada Syslog testsõnum,
ClientCore/frmToolsSendSyslog,Tools Send Syslog Form,lblrepeatMessage.Text,Repeat Message,Korda sõnumit,
ClientCore/frmToolsSendSyslog,Tools Send Syslog Form,lbltimes.Text,times,korda,
ClientCore/frmToolsSendSyslog,Tools Send Syslog Form,rbFromFile.Text,Load RAW Syslogdata from File,Laadige failist RAW Syslogandmed,
ClientCore/frmToolsSendSyslog,Tools Send Syslog Form,rbUseFromTextBox.Text,Configure Syslog message with these properties,Seadistage Syslog sõnum nende atribuutidega,
ClientCore/frmToolsSendSyslog,Tools Send Syslog Form,tpConnection.Text,Connection properties,Ühenduse omadused,
ClientCore/frmToolsSendSyslog,Tools Send Syslog Form,tpMessage.Text,Message properties,Sõnumi omadused,
ClientCore/frmWaiting,Waiting Form,$this.Text,Configuration Client is working ...,,
ClientCore/frmWaiting,Waiting Form,lblTitle.Text,Configuration Client is working ... please wait,Configuration Client töötab ... palun oodake,
ClientCore/ucEventDetails,uc Event Details,lblEventID.Text,EventID:,Event ID,
ClientCore/ucEventDetails,uc Event Details,lblKeywords.Text,Keywords:,Märksõnad,
ClientCore/ucEventDetails,uc Event Details,lblLevel.Text,Level:,Tase,
ClientCore/ucEventDetails,uc Event Details,lblLogged.Text,Logged:,Logitud,
ClientCore/ucEventDetails,uc Event Details,lblSource.Text,Source:,Allikas,
ClientCore/ucEventDetails,uc Event Details,lblTaskCategory.Text,Task Category:,TaskCategory,
ClientCore/ucEventDetails,uc Event Details,lblUser.Text,User:,Kasutaja,
ClientCore/ucEventDetails,uc Event Details,tpGeneral.Text,General,Sündmuse üksikasjad,
ClientCore/xml.languagefiles/Action.CallRuleSet,Call Rule Set Action,szRuleSet,RuleSet to process,Töödeldav reeglistik,
ClientCore/xml.languagefiles/Action.ComputeStatusVariable,Compute Status Variable Action,lblDecrement,Decrement Value (-),Väärtuse vähendamine (-),
ClientCore/xml.languagefiles/Action.ComputeStatusVariable,Compute Status Variable Action,lblIncrement,Increment Value (+),Suurenda väärtust (+),
ClientCore/xml.languagefiles/Action.ComputeStatusVariable,Compute Status Variable Action,nChangeVal,Operation value,Operatsiooni väärtus,
ClientCore/xml.languagefiles/Action.ComputeStatusVariable,Compute Status Variable Action,szOperationType,Operation type,Operatsiooni tüüp,
ClientCore/xml.languagefiles/Action.ComputeStatusVariable,Compute Status Variable Action,szStatusVar,Status variable,Olekumuutuja,
ClientCore/xml.languagefiles/Action.ControlNTService,Control NT Service Action,lbl_nAction1,Start,Alusta,
ClientCore/xml.languagefiles/Action.ControlNTService,Control NT Service Action,lbl_nAction2,Stop,Peatus,
ClientCore/xml.languagefiles/Action.ControlNTService,Control NT Service Action,lbl_nAction3,Restart,Taaskäivitage,
ClientCore/xml.languagefiles/Action.ControlNTService,Control NT Service Action,lbl_nAction4,Pause,Paus,
ClientCore/xml.languagefiles/Action.ControlNTService,Control NT Service Action,lbl_nAction5,Unpause,Tühista paus,
ClientCore/xml.languagefiles/Action.ControlNTService,Control NT Service Action,nAction,Action to perform,Tehtav toiming,
ClientCore/xml.languagefiles/Action.ControlNTService,Control NT Service Action,szServiceName,Service Name,Teenuse nimi,
ClientCore/xml.languagefiles/Action.DatabaseOdbc,Database Odbc Action,btnszODBCDsn,Configure DSN,Konfigureerige DSN,
ClientCore/xml.languagefiles/Action.DatabaseOdbc,Database Odbc Action,datafields,Datafields,Andmeväljad,
ClientCore/xml.languagefiles/Action.DatabaseOdbc,Database Odbc Action,nEmptyStringsAsNull,Insert NULLValue if string is empty,"Kui string on tühi, sisestage NULLValue",
ClientCore/xml.languagefiles/Action.DatabaseOdbc,Database Odbc Action,nFieldType_,Fieldtype,Väljatüüp,
ClientCore/xml.languagefiles/Action.DatabaseOdbc,Database Odbc Action,nMaxValueLength,Maximum value length (Bytes):,Maksimaalse väärtuse pikkus (baitides):,
ClientCore/xml.languagefiles/Action.DatabaseOdbc,Database Odbc Action,nODBCEnCryption,Enable Password encryption,Luba parooli krüpteerimine,
ClientCore/xml.languagefiles/Action.DatabaseOdbc,Database Odbc Action,nPropertiesTable,Enable Detail Property Logging,Luba üksikasjade atribuutide logimine,
ClientCore/xml.languagefiles/Action.DatabaseOdbc,Database Odbc Action,nSQLConnectionTimeOut,SQL Connection Timeout,SQL-i ühenduse ajalõpp,
ClientCore/xml.languagefiles/Action.DatabaseOdbc,Database Odbc Action,nSQLStatementType,Statement Type,Avalduse tüüp,
ClientCore/xml.languagefiles/Action.DatabaseOdbc,Database Odbc Action,szDateTimeLT,DateTime Localtime,Kuupäev Kellaaeg Kohalik aeg,
ClientCore/xml.languagefiles/Action.DatabaseOdbc,Database Odbc Action,szDateTimeUTC,DateTime UTC,Kuupäev ja kellaaeg UTC,
ClientCore/xml.languagefiles/Action.DatabaseOdbc,Database Odbc Action,szFieldContent_,Fieldcontent,Väljasisu,
ClientCore/xml.languagefiles/Action.DatabaseOdbc,Database Odbc Action,szFieldName_,Fieldname,Väljanimi,
ClientCore/xml.languagefiles/Action.DatabaseOdbc,Database Odbc Action,szInsertStatement,INSERT,LISA,
ClientCore/xml.languagefiles/Action.DatabaseOdbc,Database Odbc Action,szInt,int,int,
ClientCore/xml.languagefiles/Action.DatabaseOdbc,Database Odbc Action,szODBCDsn,DSN,DSN,
ClientCore/xml.languagefiles/Action.DatabaseOdbc,Database Odbc Action,szODBCPwd,Password,Parool,
ClientCore/xml.languagefiles/Action.DatabaseOdbc,Database Odbc Action,szODBCUid,User-ID,Kasutaja ID,
ClientCore/xml.languagefiles/Action.DatabaseOdbc,Database Odbc Action,szPropertiesTableName,Detaildata Tablename,Detailandmete tabeli nimi,
ClientCore/xml.languagefiles/Action.DatabaseOdbc,Database Odbc Action,szSQLConnectionOptions,Connection Options,Ühenduse valikud,
ClientCore/xml.languagefiles/Action.DatabaseOdbc,Database Odbc Action,szSQLOptions,SQL Options,SQL-i valikud,
ClientCore/xml.languagefiles/Action.DatabaseOdbc,Database Odbc Action,szStoredProcedure,CALL (MSSQLStored Procedure),KÕNE (MSSQL-i salvestatud protseduur),
ClientCore/xml.languagefiles/Action.DatabaseOdbc,Database Odbc Action,szTableName,Table Name,Tabeli nimi,
ClientCore/xml.languagefiles/Action.DatabaseOdbc,Database Odbc Action,szText,text,tekst,
ClientCore/xml.languagefiles/Action.DatabaseOdbc,Database Odbc Action,szVarChar,varchar,varchar,
ClientCore/xml.languagefiles/Action.DatabaseOledb,Database Oledb Action,datafields,Datafields,Andmeväljad,
ClientCore/xml.languagefiles/Action.DatabaseOledb,Database Oledb Action,nFieldType_,Fieldtype,Väljatüüp,
ClientCore/xml.languagefiles/Action.DatabaseOledb,Database Oledb Action,nMaxValueLength,Maximum value length (Bytes):,Maksimaalse väärtuse pikkus (baitides):,
ClientCore/xml.languagefiles/Action.DatabaseOledb,Database Oledb Action,nOleDbEnCryption,Encrypt password,Krüpteeri parool,
ClientCore/xml.languagefiles/Action.DatabaseOledb,Database Oledb Action,nPropertiesTable,Enable Detail Property Logging,Luba üksikasjade atribuutide logimine,
ClientCore/xml.languagefiles/Action.DatabaseOledb,Database Oledb Action,nSQLConnectionTimeOut,SQL Connection Timeout,SQL-i ühenduse ajalõpp,
ClientCore/xml.languagefiles/Action.DatabaseOledb,Database Oledb Action,nSQLStatementType,Statement Type,Avalduse tüüp,
ClientCore/xml.languagefiles/Action.DatabaseOledb,Database Oledb Action,szConnectionString,Configure OLEDB Connection,OLEDB-ühenduse konfigureerimine,
ClientCore/xml.languagefiles/Action.DatabaseOledb,Database Oledb Action,szDataCatalog,Data Catalog,Andmekataloog,
ClientCore/xml.languagefiles/Action.DatabaseOledb,Database Oledb Action,szDataSource,Data Source,Andmeallikas,
ClientCore/xml.languagefiles/Action.DatabaseOledb,Database Oledb Action,szDateTimeLT,DateTime Localtime,Kuupäev Kellaaeg Kohalik aeg,
ClientCore/xml.languagefiles/Action.DatabaseOledb,Database Oledb Action,szDateTimeUTC,DateTime UTC,Kuupäev ja kellaaeg UTC,
ClientCore/xml.languagefiles/Action.DatabaseOledb,Database Oledb Action,szFieldContent_,Fieldcontent,Väljasisu,
ClientCore/xml.languagefiles/Action.DatabaseOledb,Database Oledb Action,szFieldName_,Fieldname,Väljanimi,
ClientCore/xml.languagefiles/Action.DatabaseOledb,Database Oledb Action,szInsertStatement,INSERT,LISA,
ClientCore/xml.languagefiles/Action.DatabaseOledb,Database Oledb Action,szInt,int,int,
ClientCore/xml.languagefiles/Action.DatabaseOledb,Database Oledb Action,szLocation,Location,Asukoht,
ClientCore/xml.languagefiles/Action.DatabaseOledb,Database Oledb Action,szPassword,Password,Parool,
ClientCore/xml.languagefiles/Action.DatabaseOledb,Database Oledb Action,szPropertiesTableName,Detaildata Tablename,Detailandmete tabeli nimi,
ClientCore/xml.languagefiles/Action.DatabaseOledb,Database Oledb Action,szProvider,Provider,Pakkuja,
ClientCore/xml.languagefiles/Action.DatabaseOledb,Database Oledb Action,szSQLConnectionOptions,Connection Options,Ühenduse valikud,
ClientCore/xml.languagefiles/Action.DatabaseOledb,Database Oledb Action,szSQLOptions,SQL Options,SQL-i valikud,
ClientCore/xml.languagefiles/Action.DatabaseOledb,Database Oledb Action,szStoredProcedure,CALL (MSSQLStored Procedure),KÕNE (MSSQL-i salvestatud protseduur),
ClientCore/xml.languagefiles/Action.DatabaseOledb,Database Oledb Action,szTableName,Table Name,Tabeli nimi,
ClientCore/xml.languagefiles/Action.DatabaseOledb,Database Oledb Action,szText,text,tekst,
ClientCore/xml.languagefiles/Action.DatabaseOledb,Database Oledb Action,szUsername,Username,Kasutajanimi,
ClientCore/xml.languagefiles/Action.DatabaseOledb,Database Oledb Action,szVarChar,varchar,varchar,
ClientCore/xml.languagefiles/Action.EventLog,Event Log Action,bUseCustomEventLog,Enable custom Eventlog Channel,Luba kohandatud sündmustelogi kanal,
ClientCore/xml.languagefiles/Action.EventLog,Event Log Action,lbl_EventLogSource_Replace,Replace Event Log Source,Asenda sündmuste logi allikas,
ClientCore/xml.languagefiles/Action.EventLog,Event Log Action,lbl_EventLogSource_Service,Use logsource from service,Kasutage teenuse logiallikat,
ClientCore/xml.languagefiles/Action.EventLog,Event Log Action,nEventID,Event ID,Event ID,
ClientCore/xml.languagefiles/Action.EventLog,Event Log Action,nEventType,Use Custom Eventlog Type,Kasutage kohandatud sündmuste logi tüüpi,
ClientCore/xml.languagefiles/Action.EventLog,Event Log Action,szCustomEventLog,Custom Eventlog Channel,Kohandatud sündmustelogi kanal,
ClientCore/xml.languagefiles/Action.EventLog,Event Log Action,szCustomSource,Custom Eventlog Source,Kohandatud sündmuste logi allikas,
ClientCore/xml.languagefiles/Action.EventLog,Event Log Action,szMessagecontent,Message to log,Sõnum logimiseks,
ClientCore/xml.languagefiles/Action.File,File Action,nCircularLogging,Use Circular Logging,Kasutage ringikujulist logimist,
ClientCore/xml.languagefiles/Action.File,File Action,nCleanFileHandlesTimeout,Timeout until unused file handles are closed,"Aegumine, kuni kasutamata failikäepidemed suletakse",
ClientCore/xml.languagefiles/Action.File,File Action,nEnablePropertyFileName,Enable Property replacements in Filename,Lubage failinimes atribuutide asendused,
ClientCore/xml.languagefiles/Action.File,File Action,nEnableUpdateFileTime,Explicitly update create and modified file timestamp,Loomise ja muudetud faili ajatempli selgesõnaline värskendamine,
ClientCore/xml.languagefiles/Action.File,File Action,nFileDateTime,Include Date and Time,Kaasake kuupäev ja kellaaeg,
ClientCore/xml.languagefiles/Action.File,File Action,nFileDateTimeReported,Include Date and Time reported by Device,Kaasake seadme teatatud kuupäev ja kellaaeg,
ClientCore/xml.languagefiles/Action.File,File Action,nFileFacility,Include Syslog Facility,Kaasake Syslog rajatis,
ClientCore/xml.languagefiles/Action.File,File Action,nFileFormat,File format,Failivorming,
ClientCore/xml.languagefiles/Action.File,File Action,nFilePriority,Include Syslog Priority,Kaasake Syslog prioriteet,
ClientCore/xml.languagefiles/Action.File,File Action,nFileSource,Include Source,Kaasa allikas,
ClientCore/xml.languagefiles/Action.File,File Action,nIncludeMessage,Include Message,Kaasa sõnum,
ClientCore/xml.languagefiles/Action.File,File Action,nIncludeRAWMessage,Include RAW Message,Kaasake RAW-sõnum,
ClientCore/xml.languagefiles/Action.File,File Action,nIncludeSourceInFilename,Include Source in Filename,Kaasake failinimesse allikas,
ClientCore/xml.languagefiles/Action.File,File Action,nLogDoNotRotateOnShutdown,Do not rotate files on shutdown ,Ärge pöörake faile sulgemisel,
ClientCore/xml.languagefiles/Action.File,File Action,nLogEnableRotate,Enable Log Rotation,Logi sisse lülitamine,
ClientCore/xml.languagefiles/Action.File,File Action,nLogEnableRotateTimeOfTheDay,Enable rotation by time of the day,Lubage kellaaja järgi pööramine,
ClientCore/xml.languagefiles/Action.File,File Action,nLogEnableRotateTimeout,Enable time based rotation,Luba ajapõhine pööramine,
ClientCore/xml.languagefiles/Action.File,File Action,nLogMoveAfterRotate,Move file after log rotation,Teisalda fail pärast logi pööramist,
ClientCore/xml.languagefiles/Action.File,File Action,nLogRotateMaxFiles,Maximum number of rotated logfiles to keep,Säilitatavate pööratud logifailide maksimaalne arv,
ClientCore/xml.languagefiles/Action.File,File Action,nLogRotateMaxWait,Max wait time for log rotation,Maksimaalne logi pööramise ooteaeg,
ClientCore/xml.languagefiles/Action.File,File Action,nLogRotateOnClose,Rotate each time a file is closed,"Pöörake iga kord, kui fail suletakse",
ClientCore/xml.languagefiles/Action.File,File Action,nLogRotateOnSizeLimit,Rotate if this file size limit is being reached: ,"Pöörake, kui see failimahu limiit on saavutatud:",
ClientCore/xml.languagefiles/Action.File,File Action,nLogRotateSizeLimit,File size limit (KB),Faili suuruse piirang (KB),
ClientCore/xml.languagefiles/Action.File,File Action,nLogRotateTimeOfTheDay,Rotate files at this time (hour:minute),Pööra faile sel ajal (tund: minut),
ClientCore/xml.languagefiles/Action.File,File Action,nLogRotateTimeOfTheDayFriday,Friday,reedel,
ClientCore/xml.languagefiles/Action.File,File Action,nLogRotateTimeOfTheDayMonday,Monday,esmaspäev,
ClientCore/xml.languagefiles/Action.File,File Action,nLogRotateTimeOfTheDaySaturday,Saturday,laupäeval,
ClientCore/xml.languagefiles/Action.File,File Action,nLogRotateTimeOfTheDaySunday,Sunday,pühapäev,
ClientCore/xml.languagefiles/Action.File,File Action,nLogRotateTimeOfTheDayThusday,Thursday,neljapäeval,
ClientCore/xml.languagefiles/Action.File,File Action,nLogRotateTimeOfTheDayTuesday,Tuesday,teisipäeval,
ClientCore/xml.languagefiles/Action.File,File Action,nLogRotateTimeOfTheDayWednesday,Wednesday,kolmapäeval,
ClientCore/xml.languagefiles/Action.File,File Action,nLogRotateTimeout,Rotate logfiles older than:,"Pööra logifaile, mis on vanemad kui:",
ClientCore/xml.languagefiles/Action.File,File Action,nLogZipAfterRotate,Compress file after log rotation,Tihendage fail pärast logi pööramist,
ClientCore/xml.languagefiles/Action.File,File Action,nLogZipAfterRotateFormat,Compression Format,Tihendusvorming,
ClientCore/xml.languagefiles/Action.File,File Action,nLogZipCompressionLevel,Compression Level,Kompressioonitase,
ClientCore/xml.languagefiles/Action.File,File Action,nMaxFileSize,Maximum file size (KB),Maksimaalne failimaht (KB),
ClientCore/xml.languagefiles/Action.File,File Action,nNumberOfLogfiles,Number of Logfiles,Logifailide arv,
ClientCore/xml.languagefiles/Action.File,File Action,nReUseFile,Clear logfile instead of deleting (File will be reused),Kustutamise asemel tühjendage logifail (faili kasutatakse uuesti),
ClientCore/xml.languagefiles/Action.File,File Action,nSegmentFileBySize,Segment file size (KB),Segmendi faili suurus (KB),
ClientCore/xml.languagefiles/Action.File,File Action,nSegmentFileEnable,Segment files when the following file size is reached (KB),"Failide segmentimine, kui on saavutatud järgmine failisuurus (KB)",
ClientCore/xml.languagefiles/Action.File,File Action,nUniqueFileName,Create unique filenames,Looge ainulaadseid failinimesid,
ClientCore/xml.languagefiles/Action.File,File Action,nUseUTCForTimestamps,Use UTC for Timestamps,Kasutage ajatemplite jaoks UTC-d,
ClientCore/xml.languagefiles/Action.File,File Action,nUseUTCInFileName,Use UTC in Filename,Kasutage failinimes UTC-d,
ClientCore/xml.languagefiles/Action.File,File Action,nUseXMLtoReport,Use XML to Report,Kasutage teatamiseks XML-i,
ClientCore/xml.languagefiles/Action.File,File Action,szCircularDisabled,Continuous Logging,Pidev logimine,
ClientCore/xml.languagefiles/Action.File,File Action,szCircularEnabled,Circular Logging,Ringikujuline metsaraie,
ClientCore/xml.languagefiles/Action.File,File Action,szFileBaseName,File Base Name,Faili baasnimi,
ClientCore/xml.languagefiles/Action.File,File Action,szFileExtension,File Extension,Faililaiend,
ClientCore/xml.languagefiles/Action.File,File Action,szFileFormatAdiscon,Adiscon,Adiscon,
ClientCore/xml.languagefiles/Action.File,File Action,szFileFormatCustom,Custom format,Kohandatud vorming,
ClientCore/xml.languagefiles/Action.File,File Action,szFileFormatRaw,Raw Syslog message,Toores Syslog sõnum,
ClientCore/xml.languagefiles/Action.File,File Action,szFileFormatWebtrends,Webtrends syslog compatible,Webtrends syslog ühilduv,
ClientCore/xml.languagefiles/Action.File,File Action,szFileHandlingOptions,File Handling Options,Failide käsitlemise valikud,
ClientCore/xml.languagefiles/Action.File,File Action,szFileNameOptions,Filename related options,Failinimega seotud valikud,
ClientCore/xml.languagefiles/Action.File,File Action,szFilePath,File Path Name,Faili tee nimi,
ClientCore/xml.languagefiles/Action.File,File Action,szFilenamePreview,Filename Preview,Failinime eelvaade,
ClientCore/xml.languagefiles/Action.File,File Action,szFilenamePreviewLegendBase,Base Name,Põhinimi,
ClientCore/xml.languagefiles/Action.File,File Action,szFilenamePreviewLegendDate,Source / Date (Dynamic),Allikas / kuupäev (dünaamiline),
ClientCore/xml.languagefiles/Action.File,File Action,szFilenamePreviewLegendExt,Extension,Laiendus,
ClientCore/xml.languagefiles/Action.File,File Action,szFilenamePreviewLegendPath,File Path,Faili tee,
ClientCore/xml.languagefiles/Action.File,File Action,szFilenamePreviewLegendSegment,Segment # (Dynamic),Segment # (dünaamiline),
ClientCore/xml.languagefiles/Action.File,File Action,szFilenamePreviewLegendTime,Time (Dynamic): HH-MM-SS,Aeg (dünaamiline): TT-MM-SS,
ClientCore/xml.languagefiles/Action.File,File Action,szGeneralOptions,General file options,Üldised failivalikud,
ClientCore/xml.languagefiles/Action.File,File Action,szLineFormat,Custom Line Format,Kohandatud reavorming,
ClientCore/xml.languagefiles/Action.File,File Action,szLogMoveAfterRotatePath,Target directory,Sihtkataloog,
ClientCore/xml.languagefiles/Action.File,File Action,szLogPostProcessing,Post Processing,Järeltöötlus,
ClientCore/xml.languagefiles/Action.File,File Action,szLogRotateDisableUniqueFilenameMessage,"Log rotation automatically manages file names when rotating.

Example with log rotation:
  application.log   → current file
  application.log.1  → previous file (rotated)
  application.log.2  → older file (rotated)

'Create unique filenames' adds timestamps (e.g. app_2024-01-15.log) to avoid overwriting. Log rotation already handles this by appending numeric suffixes. Having both enabled is redundant.

Would you like to disable 'Create unique filenames'?","Logi pööramine haldab pööramisel automaatselt failinimesid.

Näide logi pööramisega:
  application.log → praegune fail
  application.log.1 → eelmine fail (pööratud)
  application.log.2 → vanem fail (pööratud)

„Loo kordumatuid failinimesid” lisab ajatemplid (nt app_2024-01-15.log), et vältida ülekirjutamist. Logi pööramine tegeleb sellega juba numbriliste järelliidete lisamisega. Mõlema lubamine on üleliigne.

Kas soovite ""Loo kordumatuid failinimesid"" keelata?",
ClientCore/xml.languagefiles/Action.File,File Action,szLogRotateDisableUniqueFilenameTitle,Log Rotation,Logi pööramine,
ClientCore/xml.languagefiles/Action.File,File Action,szLogZipGzip,GZIP (.gz) Compression,GZIP (.gz) tihendamine,
ClientCore/xml.languagefiles/Action.File,File Action,szLogZipZip,ZIP (.zip) Compression,ZIP (.zip) tihendamine,
ClientCore/xml.languagefiles/Action.File,File Action,szRotateConditions,Rotate Conditions,Tingimuste pööramine,
ClientCore/xml.languagefiles/Action.File,File Action,szRotatePostProcessing,Rotate PostProcessing,Pööra järeltöötlust,
ClientCore/xml.languagefiles/Action.HTTPRequest,HTTP Request Action,bUseTLS,Use TLS/SSL Encryption,Kasutage TLS/SSL-krüptimist,
ClientCore/xml.languagefiles/Action.HTTPRequest,HTTP Request Action,nPort,HTTP Port,HTTP-port,
ClientCore/xml.languagefiles/Action.HTTPRequest,HTTP Request Action,szConfigUrlPreview,URL Preview,URL-i eelvaade,
ClientCore/xml.languagefiles/Action.HTTPRequest,HTTP Request Action,szHost,Host,Host,
ClientCore/xml.languagefiles/Action.HTTPRequest,HTTP Request Action,szReferer,Referer,Viitaja,
ClientCore/xml.languagefiles/Action.HTTPRequest,HTTP Request Action,szUrl,Url & Querystring,URL ja päringustring,
ClientCore/xml.languagefiles/Action.HTTPRequest,HTTP Request Action,szUserAgent,User Agent (Browser),Kasutajaagent (brauser),
ClientCore/xml.languagefiles/Action.LogNorm,Log Norm Action,nOutputFormat,Lognorm Output Format,Lognormi väljundvorming,
ClientCore/xml.languagefiles/Action.LogNorm,Log Norm Action,szMessage,Normalize Parameter,Parameetri normaliseerimine,
ClientCore/xml.languagefiles/Action.LogNorm,Log Norm Action,szOutputFormat_CSV,CSV Format,CSV-vorming,
ClientCore/xml.languagefiles/Action.LogNorm,Log Norm Action,szOutputFormat_Disabled,Disabled,Keelatud,
ClientCore/xml.languagefiles/Action.LogNorm,Log Norm Action,szOutputFormat_JSON,JSON Format,JSON-vorming,
ClientCore/xml.languagefiles/Action.LogNorm,Log Norm Action,szOutputFormat_XML,XML Format,XML-vorming,
ClientCore/xml.languagefiles/Action.LogNorm,Log Norm Action,szOutputProperty,Output Property,Väljundomadused,
ClientCore/xml.languagefiles/Action.LogNorm,Log Norm Action,szRulebase,Select Rulebase File,Valige Rulebaasfail,
ClientCore/xml.languagefiles/Action.Mail,Mail Action,nEnableBackupServer,"Enable Backup Server, used if first Mailserver fails","Luba varuserver, mida kasutatakse, kui esimene meiliserver ebaõnnestub",
ClientCore/xml.languagefiles/Action.Mail,Mail Action,nIncludeMessage,Include message / event in email body,Kaasake sõnum/sündmus meili sisusse,
ClientCore/xml.languagefiles/Action.Mail,Mail Action,nMailPriority,Mail Priority,Posti prioriteet,
ClientCore/xml.languagefiles/Action.Mail,Mail Action,nSMTPPort,Mailserver port,Postiserveri port,
ClientCore/xml.languagefiles/Action.Mail,Mail Action,nSMTPPortBackup,Backup Mailserver port,Varunda meiliserveri port,
ClientCore/xml.languagefiles/Action.Mail,Mail Action,nTimeoutValue,Session Timeout,Seansi ajalõpp,
ClientCore/xml.languagefiles/Action.Mail,Mail Action,nUseLegacySubjectProcessing,Use legacy subject line processing,Kasutage pärandainerea töötlemist,
ClientCore/xml.languagefiles/Action.Mail,Mail Action,nUseSMTPAuth,Use SMTP Authentication,Kasutage SMTP autentimist,
ClientCore/xml.languagefiles/Action.Mail,Mail Action,nUseSSL,Use a secure connection (SSL) to the mail server,Kasutage meiliserveriga turvalist ühendust (SSL).,
ClientCore/xml.languagefiles/Action.Mail,Mail Action,nUseStartTLSMethod,Use STARTTLS SMTP Extension,Kasutage STARTTLS SMTP laiendust,
ClientCore/xml.languagefiles/Action.Mail,Mail Action,nUseUTCTimeStamp,Use UTC Time in Date-Header,Kasutage kuupäeva päises UTC aega,
ClientCore/xml.languagefiles/Action.Mail,Mail Action,nUseXMLtoReport,Use XML to Report,Kasutage teatamiseks XML-i,
ClientCore/xml.languagefiles/Action.Mail,Mail Action,szPriorityLow,Low Priority,Madal prioriteet,
ClientCore/xml.languagefiles/Action.Mail,Mail Action,szPriorityNormal,Normal Priority,Tavaline prioriteet,
ClientCore/xml.languagefiles/Action.Mail,Mail Action,szPriorityhigh,High Priority,Kõrge prioriteet,
ClientCore/xml.languagefiles/Action.Mail,Mail Action,szSMTPBody,Mail Message Format,Meilisõnumi vorming,
ClientCore/xml.languagefiles/Action.Mail,Mail Action,szSMTPPassword,SMTP Password,SMTP Parool,
ClientCore/xml.languagefiles/Action.Mail,Mail Action,szSMTPRecipient,Recipient Emailaddress,Saaja e-posti aadress,
ClientCore/xml.languagefiles/Action.Mail,Mail Action,szSMTPSender,Sender Emailaddress,Saatja meiliaadress,
ClientCore/xml.languagefiles/Action.Mail,Mail Action,szSMTPServer,Mailserver,Meiliserver,
ClientCore/xml.languagefiles/Action.Mail,Mail Action,szSMTPServerBackup,Backup Mailserver,Varukoopia meiliserver,
ClientCore/xml.languagefiles/Action.Mail,Mail Action,szSMTPSubject,Subject,Teema,
ClientCore/xml.languagefiles/Action.Mail,Mail Action,szSMTPUsername,SMTP Username,SMTP Kasutajanimi,
ClientCore/xml.languagefiles/Action.Mail,Mail Action,szTabMailFormatOptions,Mail Format Options,Meilivormingu valikud,
ClientCore/xml.languagefiles/Action.Mail,Mail Action,szTabMailServerOptions,Mail Server Options,Meiliserveri valikud,
ClientCore/xml.languagefiles/Action.NetSend,Net Send Action,szMessage,Message to send,Sõnum saata,
ClientCore/xml.languagefiles/Action.NetSend,Net Send Action,szTarget,Target Machine,Sihtmasin,
ClientCore/xml.languagefiles/Action.PlaySound,Play Sound Action,nCount,Playcount (How often the file is played),Esituste arv (kui sageli faili esitatakse),
ClientCore/xml.languagefiles/Action.PlaySound,Play Sound Action,nDelay,Delay between the sound plays (ms),Viivitus heliesituste vahel (ms),
ClientCore/xml.languagefiles/Action.PlaySound,Play Sound Action,szFilename,Filename of the soundfile,Helifaili failinimi,
ClientCore/xml.languagefiles/Action.PostProcessing,Post Processing Action,nSyntax_,Type,Tüüp,
ClientCore/xml.languagefiles/Action.PostProcessing,Post Processing Action,propertylist,Property List,Kinnisvarade loend,
ClientCore/xml.languagefiles/Action.PostProcessing,Post Processing Action,szCharMatch,Character Match,Karakterite vaste,
ClientCore/xml.languagefiles/Action.PostProcessing,Post Processing Action,szConfigPostProcessPreview,Message Preview of your rules,Sõnum Teie reeglite eelvaade,
ClientCore/xml.languagefiles/Action.PostProcessing,Post Processing Action,szIPv4,IP V4 Address,IP V4 aadress,
ClientCore/xml.languagefiles/Action.PostProcessing,Post Processing Action,szInteger,Integer,Täisarv,
ClientCore/xml.languagefiles/Action.PostProcessing,Post Processing Action,szIsoTimestamp,ISO-like Timestamp,ISO-laadne ajatempel,
ClientCore/xml.languagefiles/Action.PostProcessing,Post Processing Action,szParsValue_,Value,Väärtus,
ClientCore/xml.languagefiles/Action.PostProcessing,Post Processing Action,szProperty_,Property Name,Kinnisvara nimi,
ClientCore/xml.languagefiles/Action.PostProcessing,Post Processing Action,szROM,Rest of Message,Ülejäänud sõnum,
ClientCore/xml.languagefiles/Action.PostProcessing,Post Processing Action,szUnixTimestamp,UNIX/LINUX-like Timestamp,UNIX-i/LINUX-i sarnane ajatempel,
ClientCore/xml.languagefiles/Action.PostProcessing,Post Processing Action,szUpTo,UpTo,Kuni,
ClientCore/xml.languagefiles/Action.PostProcessing,Post Processing Action,szWord,Single Word,Üksik Sõna,
ClientCore/xml.languagefiles/Action.ResolveHostname,Resolve Hostname Action,nCacheNameEntry,Cache resolved host entry,Vahemälu lahendas hosti kirje,
ClientCore/xml.languagefiles/Action.ResolveHostname,Resolve Hostname Action,nResolveIfName,Also resolve name if the source property is already a name,"Lahendage ka nimi, kui lähteatribuut on juba nimi",
ClientCore/xml.languagefiles/Action.ResolveHostname,Resolve Hostname Action,szDestinationPropertyName,Destination Property in which the resolved name will be saved to,"Sihtkoha atribuut, kuhu lahendatud nimi salvestatakse",
ClientCore/xml.languagefiles/Action.ResolveHostname,Resolve Hostname Action,szSourcePropertyName,Select Source Property from which the name will be resolved,"Valige allika atribuut, millest nimi lahendatakse",
ClientCore/xml.languagefiles/Action.SendComPort,Send Com Port Action,nBps,Bits per second,Bitti sekundis,
ClientCore/xml.languagefiles/Action.SendComPort,Send Com Port Action,nDatabits,Data bits,Andmebitid,
ClientCore/xml.languagefiles/Action.SendComPort,Send Com Port Action,nDtsControl,DTR Control Flow,DTR juhtimisvoog,
ClientCore/xml.languagefiles/Action.SendComPort,Send Com Port Action,nParity,Parity,Pariteet,
ClientCore/xml.languagefiles/Action.SendComPort,Send Com Port Action,nRtsControl,RTS Control Flow,RTS juhtimisvoog,
ClientCore/xml.languagefiles/Action.SendComPort,Send Com Port Action,nStopbits,Stop bits,Stop bits,
ClientCore/xml.languagefiles/Action.SendComPort,Send Com Port Action,nTimeOutLimit,Timeout Limit,Timeout Limit,
ClientCore/xml.languagefiles/Action.SendComPort,Send Com Port Action,szDtsControlDisable,DTR Control Disable,DTR-juhtimise keelamine,
ClientCore/xml.languagefiles/Action.SendComPort,Send Com Port Action,szDtsControlEnable,DTR Control Enable,DTR-juhtimise lubamine,
ClientCore/xml.languagefiles/Action.SendComPort,Send Com Port Action,szDtsControlHandshake,DTR Control Handshake,DTR-i juhtimise käepigistus,
ClientCore/xml.languagefiles/Action.SendComPort,Send Com Port Action,szEvenParity,Even Parity,Isegi Parity,
ClientCore/xml.languagefiles/Action.SendComPort,Send Com Port Action,szMarkParity,Mark Parity,Mark Parity,
ClientCore/xml.languagefiles/Action.SendComPort,Send Com Port Action,szMessage,Message to send,Sõnum saata,
ClientCore/xml.languagefiles/Action.SendComPort,Send Com Port Action,szNoParity,No Parity,Pariteeti pole,
ClientCore/xml.languagefiles/Action.SendComPort,Send Com Port Action,szOddParity,Odd Parity,Odd Parity,
ClientCore/xml.languagefiles/Action.SendComPort,Send Com Port Action,szOne5StopBits,"1,5 Stop bit","1,5 Stop bit",
ClientCore/xml.languagefiles/Action.SendComPort,Send Com Port Action,szOneStopBit,1 Stop bit,1 Stop bit,
ClientCore/xml.languagefiles/Action.SendComPort,Send Com Port Action,szPortName,Send message to this communication port,Saada sõnum sellele sidepordile,
ClientCore/xml.languagefiles/Action.SendComPort,Send Com Port Action,szPortSettings,Port Settings,Pordi sätted,
ClientCore/xml.languagefiles/Action.SendComPort,Send Com Port Action,szRtsControlDisable,RTS Control Disable,RTS-juhtimise keelamine,
ClientCore/xml.languagefiles/Action.SendComPort,Send Com Port Action,szRtsControlEnable,RTS Control Enable,RTS-juhtimise lubamine,
ClientCore/xml.languagefiles/Action.SendComPort,Send Com Port Action,szRtsControlHandshake,RTS Control Handshake,RTS Control Handshake,
ClientCore/xml.languagefiles/Action.SendComPort,Send Com Port Action,szRtsControlToggle,RTS Control Toggle,RTS-juhtimise lüliti,
ClientCore/xml.languagefiles/Action.SendComPort,Send Com Port Action,szSpaceParity,Space Parity,Kosmose pariteet,
ClientCore/xml.languagefiles/Action.SendComPort,Send Com Port Action,szTwoStopBits,2 Stop bits,2 Stop bitti,
ClientCore/xml.languagefiles/Action.SendDTLS,Send DTLS Action,nDTLSSendPort,DTLS Port,DTLS-port,
ClientCore/xml.languagefiles/Action.SendDTLS,Send DTLS Action,nSendTimeOut,Send /Receive Timeout,Saatmise/vastuvõtmise ajalõpp,
ClientCore/xml.languagefiles/Action.SendDTLS,Send DTLS Action,nTimeOutSession,Session Timeout,Seansi ajalõpp,
ClientCore/xml.languagefiles/Action.SendDTLS,Send DTLS Action,nUseSSL,Enable SSL / TLS Encryption.,Luba SSL/TLS-krüptimine.,
ClientCore/xml.languagefiles/Action.SendDTLS,Send DTLS Action,szDTLSServer,DTLS Servername,DTLS serveri nimi,
ClientCore/xml.languagefiles/Action.SendDTLS,Send DTLS Action,szMessage,Message Format,Sõnumi vorming,
ClientCore/xml.languagefiles/Action.SendDTLS,Send DTLS Action,szTLSOptions,TLS Options,TLS-i valikud,
ClientCore/xml.languagefiles/Action.SendMSQueue,Send MS Queue Action,nMessagePriority,Queue Priority,Järjekorra prioriteet,
ClientCore/xml.languagefiles/Action.SendMSQueue,Send MS Queue Action,szComputerName,Server Computername/IP,Server Arvutinimi/IP,
ClientCore/xml.languagefiles/Action.SendMSQueue,Send MS Queue Action,szQueueBody,Queue Message Body,Järjekorra sõnumi sisu,
ClientCore/xml.languagefiles/Action.SendMSQueue,Send MS Queue Action,szQueueLable,Queue Message Label,Järjekorra sõnumi silt,
ClientCore/xml.languagefiles/Action.SendMSQueue,Send MS Queue Action,szQueueName,Queuename,Järjekorranimi,
ClientCore/xml.languagefiles/Action.SendRelp,Send Relp Action,nSelpSendPort,RELP Port,RELP Port,
ClientCore/xml.languagefiles/Action.SendRelp,Send Relp Action,nSendTimeOut,Send /Receive Timeout,Saatmise/vastuvõtmise ajalõpp,
ClientCore/xml.languagefiles/Action.SendRelp,Send Relp Action,nTimeOutSession,Session Timeout,Seansi ajalõpp,
ClientCore/xml.languagefiles/Action.SendRelp,Send Relp Action,nUseSSL,Enable SSL / TLS Encryption.,Luba SSL/TLS-krüptimine.,
ClientCore/xml.languagefiles/Action.SendRelp,Send Relp Action,szMessage,Message Format,Sõnumi vorming,
ClientCore/xml.languagefiles/Action.SendRelp,Send Relp Action,szRELPOptions,General Options,Üldised valikud,
ClientCore/xml.languagefiles/Action.SendRelp,Send Relp Action,szSelpSendServer,RELP Servername,RELP Serverinimi,
ClientCore/xml.languagefiles/Action.SendSetp,Send Setp Action,nCompLevel,Compression Level,Kompressioonitase,
ClientCore/xml.languagefiles/Action.SendSetp,Send Setp Action,nConnectTimeOut,Connection Timeout,Ühenduse ajalõpp,
ClientCore/xml.languagefiles/Action.SendSetp,Send Setp Action,nMIAPSendPort,Default SETP Port,Vaikimisi SETP Port,
ClientCore/xml.languagefiles/Action.SendSetp,Send Setp Action,nSendRecvTimeOut,Send / Receive Timeout,Saatmise/vastuvõtmise ajalõpp,
ClientCore/xml.languagefiles/Action.SendSetp,Send Setp Action,nTimeOutSession,Session Timeout,Seansi ajalõpp,
ClientCore/xml.languagefiles/Action.SendSetp,Send Setp Action,nUseSSL,"Enable SSL / TLS Encryption. Note if this Option is enabled, this action will not be able to connect to NON-SSL SETP Servers.","Luba SSL/TLS-krüptimine. Pange tähele, et kui see suvand on lubatud, ei saa see toiming MITTE-SSL-i SETP serveritega ühendust luua.",
ClientCore/xml.languagefiles/Action.SendSetp,Send Setp Action,nZlibComp,Use zLib Compression to compress the data,Kasutage andmete tihendamiseks zLib Compression,
ClientCore/xml.languagefiles/Action.SendSetp,Send Setp Action,szAdvancedOptions,Timeout Options,Aegumisvalikud,
ClientCore/xml.languagefiles/Action.SendSetp,Send Setp Action,szSETPOptions,General Options,Üldised valikud,
ClientCore/xml.languagefiles/Action.SendSetp,Send Setp Action,szServer,Servername,Serveri nimi,
ClientCore/xml.languagefiles/Action.SendSnmp,Send Snmp Action,nGenericName,Generic Name,Generic Name,
ClientCore/xml.languagefiles/Action.SendSnmp,Send Snmp Action,nPort,SNMP Port,SNMP Port,
ClientCore/xml.languagefiles/Action.SendSnmp,Send Snmp Action,nSpecificType,Specific Type,Konkreetne tüüp,
ClientCore/xml.languagefiles/Action.SendSnmp,Send Snmp Action,nVariableType_,Variable Type,Muutuja tüüp,
ClientCore/xml.languagefiles/Action.SendSnmp,Send Snmp Action,snmpvars,SNMP Variables,SNMP Muutujad,
ClientCore/xml.languagefiles/Action.SendSnmp,Send Snmp Action,szAgent,SNMP Server,SNMP Server,
ClientCore/xml.languagefiles/Action.SendSnmp,Send Snmp Action,szAgentIP,Agent IP Address,Agendi IP-aadress,
ClientCore/xml.languagefiles/Action.SendSnmp,Send Snmp Action,szCommunity,Community ,kogukond,
ClientCore/xml.languagefiles/Action.SendSnmp,Send Snmp Action,szEnterprise,Enterprise OID,Ettevõtte OID,
ClientCore/xml.languagefiles/Action.SendSnmp,Send Snmp Action,szGenericName0,0 - Cold Start,0 - külmkäivitus,
ClientCore/xml.languagefiles/Action.SendSnmp,Send Snmp Action,szGenericName1,1 - Warm Start,1 – soe start,
ClientCore/xml.languagefiles/Action.SendSnmp,Send Snmp Action,szGenericName2,2 - Link Down,2 – Ühendage alla,
ClientCore/xml.languagefiles/Action.SendSnmp,Send Snmp Action,szGenericName3,3 - Link Up,3 – Ühendage,
ClientCore/xml.languagefiles/Action.SendSnmp,Send Snmp Action,szGenericName4,4 - Authentication Failure,4 – Autentimise tõrge,
ClientCore/xml.languagefiles/Action.SendSnmp,Send Snmp Action,szGenericName5,5 - EGP Neighbor Loss,5 – EGP naabri kaotus,
ClientCore/xml.languagefiles/Action.SendSnmp,Send Snmp Action,szGenericName6,6 - Enterprise Specific,6 – Ettevõttespetsiifiline,
ClientCore/xml.languagefiles/Action.SendSnmp,Send Snmp Action,szSNMPOptions,SNMP Options,SNMP Valikud,
ClientCore/xml.languagefiles/Action.SendSnmp,Send Snmp Action,szSnmpGeneralOptions,General SNMP Options,Üldised SNMP valikud,
ClientCore/xml.languagefiles/Action.SendSnmp,Send Snmp Action,szSnmpv2Oid,Trap OID,Trap OID,
ClientCore/xml.languagefiles/Action.SendSnmp,Send Snmp Action,szTypeAgentcap,Agent Cap,Agent Cap,
ClientCore/xml.languagefiles/Action.SendSnmp,Send Snmp Action,szTypeBitstring,Bit String,Bit String,
ClientCore/xml.languagefiles/Action.SendSnmp,Send Snmp Action,szTypeCounter,Counter,Loendur,
ClientCore/xml.languagefiles/Action.SendSnmp,Send Snmp Action,szTypeCounter64,Counter64,Counter64,
ClientCore/xml.languagefiles/Action.SendSnmp,Send Snmp Action,szTypeGauge,Gauge,Mõõtur,
ClientCore/xml.languagefiles/Action.SendSnmp,Send Snmp Action,szTypeInteger,Integer,Täisarv,
ClientCore/xml.languagefiles/Action.SendSnmp,Send Snmp Action,szTypeInteger32,Signed Integer32,Signeeritud täisarv32,
ClientCore/xml.languagefiles/Action.SendSnmp,Send Snmp Action,szTypeIpaddr,IPAddress,IP-aadress,
ClientCore/xml.languagefiles/Action.SendSnmp,Send Snmp Action,szTypeModcomp,Mod Comp,Mod Comp,
ClientCore/xml.languagefiles/Action.SendSnmp,Send Snmp Action,szTypeModid,ModID,ModID,
ClientCore/xml.languagefiles/Action.SendSnmp,Send Snmp Action,szTypeNetaddr,Net Address,Interneti-aadress,
ClientCore/xml.languagefiles/Action.SendSnmp,Send Snmp Action,szTypeNotiftype,Notify Type,Teavituse tüüp,
ClientCore/xml.languagefiles/Action.SendSnmp,Send Snmp Action,szTypeNsapaddress,NSAP Address,NSAP aadress,
ClientCore/xml.languagefiles/Action.SendSnmp,Send Snmp Action,szTypeNull,Null,Null,
ClientCore/xml.languagefiles/Action.SendSnmp,Send Snmp Action,szTypeObjgroup,Object Group,Objektirühm,
ClientCore/xml.languagefiles/Action.SendSnmp,Send Snmp Action,szTypeObjid,ObjectID,Objekti ID,
ClientCore/xml.languagefiles/Action.SendSnmp,Send Snmp Action,szTypeOctetstr,Octet String,Okteti keel,
ClientCore/xml.languagefiles/Action.SendSnmp,Send Snmp Action,szTypeOpaque,Opaque,Läbipaistmatu,
ClientCore/xml.languagefiles/Action.SendSnmp,Send Snmp Action,szTypeOther,Other,muud,
ClientCore/xml.languagefiles/Action.SendSnmp,Send Snmp Action,szTypeTimeticks,Timeticks,Ajamõõtjad,
ClientCore/xml.languagefiles/Action.SendSnmp,Send Snmp Action,szTypeTraptype,Trap Type,Lõksu tüüp,
ClientCore/xml.languagefiles/Action.SendSnmp,Send Snmp Action,szTypeUinteger,UInteger,UTäisarv,
ClientCore/xml.languagefiles/Action.SendSnmp,Send Snmp Action,szTypeUnsigned32,Unsigned Integer32,Märgita täisarv32,
ClientCore/xml.languagefiles/Action.SendSnmp,Send Snmp Action,szVariableOID_,Variable OID,Muutuv OID,
ClientCore/xml.languagefiles/Action.SendSnmp,Send Snmp Action,szVariableValue_,Variable Value,Muutuv väärtus,
ClientCore/xml.languagefiles/Action.SetProperty,Set Property Action,szPropertyType,Select property Type,Valige atribuudi tüüp,
ClientCore/xml.languagefiles/Action.SetProperty,Set Property Action,szPropertyValue,Set property value,Määra kinnisvara väärtus,
ClientCore/xml.languagefiles/Action.SetStatus,Set Status Action,szPropertyName,Status variable name,Olekumuutuja nimi,
ClientCore/xml.languagefiles/Action.SetStatus,Set Status Action,szPropertyValue,Status variable value,Olekumuutuja väärtus,
ClientCore/xml.languagefiles/Action.Startprocess,Startprocess Action,lbl_procmode0,Synchronus Processing (Wait for Completion),Sünkroontöötlus (oodake lõpetamist),
ClientCore/xml.languagefiles/Action.Startprocess,Startprocess Action,lbl_procmode1,Asynchronus Processing,Asünkroonne töötlemine,
ClientCore/xml.languagefiles/Action.Startprocess,Startprocess Action,nAsyncMaxProc,Async Max Processes,Async Max protsessid,
ClientCore/xml.languagefiles/Action.Startprocess,Startprocess Action,nOnMaxProc,On Max Processes,Max protsesside kohta,
ClientCore/xml.languagefiles/Action.Startprocess,Startprocess Action,nOnMaxProcWait,Waittime On Max Processes,Max protsesside ooteaeg,
ClientCore/xml.languagefiles/Action.Startprocess,Startprocess Action,nProcMode,Processing Mode,Töötlemisrežiim,
ClientCore/xml.languagefiles/Action.Startprocess,Startprocess Action,nSyncTimeOut,Sync Timeout,Sünkroonimise ajalõpp,
ClientCore/xml.languagefiles/Action.Startprocess,Startprocess Action,nUseLegacyProcessing,Use legacy parameter processing,Kasutage pärandparameetrite töötlemist,
ClientCore/xml.languagefiles/Action.Startprocess,Startprocess Action,szCommand,Command to execute,Käsk täitmiseks,
ClientCore/xml.languagefiles/Action.Startprocess,Startprocess Action,szParameters,Command Parameters,Käskude parameetrid,
ClientCore/xml.languagefiles/Action.Syslog,Syslog Action,bReportInXML,Use XML to Report,Kasutage teatamiseks XML-i,
ClientCore/xml.languagefiles/Action.Syslog,Syslog Action,lbl_syslogRFC3195RAW,RFC3195 Raw,RFC3195 töötlemata,
ClientCore/xml.languagefiles/Action.Syslog,Syslog Action,lbl_syslogTCPOctetCount,"TCP (Persistent connection, Octet based framing)","TCP (püsiv ühendus, oktetipõhine raamimine)",
ClientCore/xml.languagefiles/Action.Syslog,Syslog Action,lbl_syslogTCPOneMSG,"TCP (NOT RECOMMENDED, one message per connection)","TCP (EI SOOVITATA, üks sõnum ühenduse kohta)",
ClientCore/xml.languagefiles/Action.Syslog,Syslog Action,lbl_syslogTCPPersistant,TCP (Persistent connection),TCP (püsiv ühendus),
ClientCore/xml.languagefiles/Action.Syslog,Syslog Action,lbl_syslogUDP,UDP,UDP,
ClientCore/xml.languagefiles/Action.Syslog,Syslog Action,nCompressionLevel,Compression Level,Kompressioonitase,
ClientCore/xml.languagefiles/Action.Syslog,Syslog Action,nEnableBackupServer,Use this backup syslog server if first one fails.,"Kasutage seda varukoopiasüsteemi logiserverit, kui esimene ebaõnnestub.",
ClientCore/xml.languagefiles/Action.Syslog,Syslog Action,nForwardIUT,Forward as MWAgent XML representation code,Edasta MWAgenti XML-i esituskoodina,
ClientCore/xml.languagefiles/Action.Syslog,Syslog Action,nJSONIncludeMessageProperty,Include Message property in CEE Format,Kaasa sõnumi atribuut CEE formaadis,
ClientCore/xml.languagefiles/Action.Syslog,Syslog Action,nOutputEncodingUTF8BOM,Include UTF8 BOM in message,Kaasake sõnumisse UTF8 BOM,
ClientCore/xml.languagefiles/Action.Syslog,Syslog Action,nReportInJSON,Use CEE enhanced Syslog Format,Kasutage CEE täiustatud Syslog vormingut,
ClientCore/xml.languagefiles/Action.Syslog,Syslog Action,nRoundRobinMsgCount,Amount of messages sent to each syslog server before load balancing,Igasse syslogi serverisse enne koormuse tasakaalustamist saadetud sõnumite arv,
ClientCore/xml.languagefiles/Action.Syslog,Syslog Action,nSendMode,Syslog Send mode,Syslog Saatmisrežiim,
ClientCore/xml.languagefiles/Action.Syslog,Syslog Action,nSpoofIPAddress,Enable IP Spoofing for the UDP Protocol. See the manual for more details,Lubage UDP-protokolli IP-võltsimine. Lisateavet leiate juhendist,
ClientCore/xml.languagefiles/Action.Syslog,Syslog Action,nSyslogInsertSource,Add Syslog Source when forwarding to other Syslog servers,"Lisage Syslog allikas, kui edastate teistele Syslog serveritele",
ClientCore/xml.languagefiles/Action.Syslog,Syslog Action,nSyslogPortBackup,Backup Syslog Port,Varundus Syslog Port,
ClientCore/xml.languagefiles/Action.Syslog,Syslog Action,nSyslogPort_,Syslog Port,Syslog Port,
ClientCore/xml.languagefiles/Action.Syslog,Syslog Action,nSyslogSendPort,Syslog Port,Syslog Port,
ClientCore/xml.languagefiles/Action.Syslog,Syslog Action,nTimeoutValue,Session Timeout,Seansi ajalõpp,
ClientCore/xml.languagefiles/Action.Syslog,Syslog Action,nType,Protocol Type,Protokolli tüüp,
ClientCore/xml.languagefiles/Action.Syslog,Syslog Action,nUseCompression,Use zLib Compression to compress the data.,Kasutage andmete tihendamiseks zLib Compression.,
ClientCore/xml.languagefiles/Action.Syslog,Syslog Action,nUseSSL,"Enable SSL / TLS Encryption. Note if this Option is enabled, this action will not be able to connect to NON-SSL Syslog Servers.","Luba SSL/TLS-krüptimine. Pange tähele, et kui see suvand on lubatud, ei saa see toiming MITTE-SSL-i Syslog serveritega ühendust luua.",
ClientCore/xml.languagefiles/Action.Syslog,Syslog Action,syslogservers,Syslog Servers,Syslog serverid,
ClientCore/xml.languagefiles/Action.Syslog,Syslog Action,szCustomSyslogHeader,Use Custom Syslog Header,Kasutage kohandatud Syslog päist,
ClientCore/xml.languagefiles/Action.Syslog,Syslog Action,szMessageFormat,Message Format,Sõnumi vorming,
ClientCore/xml.languagefiles/Action.Syslog,Syslog Action,szSendModeRoundRobin,Use round robin (multiple syslog servers),Ümberringi kasutamine (mitu syslogi serverit),
ClientCore/xml.languagefiles/Action.Syslog,Syslog Action,szSendModeSingle,Use single syslog server with optional backup server,Kasutage ühte syslogi serverit koos valikulise varuserveriga,
ClientCore/xml.languagefiles/Action.Syslog,Syslog Action,szSpoofedIPAddress,Fixed IP or single property,Fikseeritud IP või üksik vara,
ClientCore/xml.languagefiles/Action.Syslog,Syslog Action,szSyslogMessageOptions,Syslog Message Options,Syslog Sõnumi valikud,
ClientCore/xml.languagefiles/Action.Syslog,Syslog Action,szSyslogNetworkOptions,Network related Options,Võrguga seotud valikud,
ClientCore/xml.languagefiles/Action.Syslog,Syslog Action,szSyslogProcessingCustomHeader,Use Custom Syslog Header,Kasutage kohandatud Syslog päist,
ClientCore/xml.languagefiles/Action.Syslog,Syslog Action,szSyslogProcessingDisabled,"Disable processing, forward as it is.","Keela töötlemine, edasta nii nagu see on.",
ClientCore/xml.languagefiles/Action.Syslog,Syslog Action,szSyslogProcessingRFC3164,Use legacy RFC 3164 processing,Kasutage pärand RFC 3164 töötlemist,
ClientCore/xml.languagefiles/Action.Syslog,Syslog Action,szSyslogProcessingRFC5424,Use RFC 5424 processing (recommended),Kasutage RFC 5424 töötlemist (soovitatav),
ClientCore/xml.languagefiles/Action.Syslog,Syslog Action,szSyslogSSLOptions,SSL/TLS related Options,SSL/TLS-iga seotud valikud,
ClientCore/xml.languagefiles/Action.Syslog,Syslog Action,szSyslogSendServer,Syslog Server,Syslog server,
ClientCore/xml.languagefiles/Action.Syslog,Syslog Action,szSyslogServerBackup,Backup Syslog Server,Varunda Syslog server,
ClientCore/xml.languagefiles/Action.Syslog,Syslog Action,szSyslogServerOptions,Syslog Receiver Options,Syslog Vastuvõtja valikud,
ClientCore/xml.languagefiles/Action.Syslog,Syslog Action,szSyslogServer_,Syslog Server,Syslog server,
ClientCore/xml.languagefiles/Action.Syslog,Syslog Action,szSyslogTCPOptions,TCP related Options,TCP-ga seotud valikud,
ClientCore/xml.languagefiles/Action.Syslog,Syslog Action,szSyslogTargetOptions,Syslog Target Options,Syslog Sihtimisvalikud,
ClientCore/xml.languagefiles/Action.Syslog,Syslog Action,szSyslogUDPOptions,UDP related Options,UDP-ga seotud valikud,
ClientCore/xml.languagefiles/Action.SyslogQueue,Syslog Queue Action,lbl_syslogTCPOctetCount,"TCP (Persistent connection, Octet based framing)","TCP (püsiv ühendus, oktetipõhine raamimine)",
ClientCore/xml.languagefiles/Action.SyslogQueue,Syslog Queue Action,lbl_syslogTCPOneMSG,"TCP (NOT RECOMMENDED, one message per connection)","TCP (EI SOOVITATA, üks sõnum ühenduse kohta)",
ClientCore/xml.languagefiles/Action.SyslogQueue,Syslog Queue Action,lbl_syslogTCPPersistant,TCP (Persistent connection),TCP (püsiv ühendus),
ClientCore/xml.languagefiles/Action.SyslogQueue,Syslog Queue Action,lbl_syslogUDP,UDP,UDP,
ClientCore/xml.languagefiles/Action.SyslogQueue,Syslog Queue Action,nDiskCacheWait,Waittime between connection tries,Ühenduskatsete vaheline ooteaeg,
ClientCore/xml.languagefiles/Action.SyslogQueue,Syslog Queue Action,nDiskQueueMaxFileSize,Split files if this size is reached,"Kui see suurus on saavutatud, jagage failid pooleks",
ClientCore/xml.languagefiles/Action.SyslogQueue,Syslog Queue Action,nJSONIncludeMessageProperty,Include message property in CEE Format,Kaasake sõnumi atribuut CEE formaadis,
ClientCore/xml.languagefiles/Action.SyslogQueue,Syslog Queue Action,szCustomMessageFormat,Custom Message Format,Kohandatud sõnumivorming,
ClientCore/xml.languagefiles/Action.SyslogQueue,Syslog Queue Action,szCustomSyslogHeader,Use Custom Syslog Header,Kasutage kohandatud Syslog päist,
ClientCore/xml.languagefiles/Action.SyslogQueue,Syslog Queue Action,szIutFormat,Forward as MWAgent XML representation code,Edasta MWAgenti XML-i esituskoodina,
ClientCore/xml.languagefiles/Action.SyslogQueue,Syslog Queue Action,szJsonFormat,Use CEE enhanced Syslog Format,Kasutage CEE täiustatud Syslog vormingut,
ClientCore/xml.languagefiles/Action.SyslogQueue,Syslog Queue Action,szMessageFormat,Message Format,Sõnumi vorming,
ClientCore/xml.languagefiles/Action.SyslogQueue,Syslog Queue Action,szSyslogHeaderOptions,SyslogHeader Options,SyslogPäise valikud,
ClientCore/xml.languagefiles/Action.SyslogQueue,Syslog Queue Action,szSyslogMessageOptions,Syslog Message Options,Syslog Sõnumi valikud,
ClientCore/xml.languagefiles/Action.SyslogQueue,Syslog Queue Action,szSyslogProcessingCustomHeader,Use Custom Syslog Header,Kasutage kohandatud Syslog päist,
ClientCore/xml.languagefiles/Action.SyslogQueue,Syslog Queue Action,szSyslogProcessingDisabled,"Disable processing, forward as it is.","Keela töötlemine, edasta nii nagu see on.",
ClientCore/xml.languagefiles/Action.SyslogQueue,Syslog Queue Action,szSyslogProcessingRFC3164,Use legacy RFC 3164 processing,Kasutage pärand RFC 3164 töötlemist,
ClientCore/xml.languagefiles/Action.SyslogQueue,Syslog Queue Action,szSyslogProcessingRFC5424,Use RFC 5424 processing (recommended),Kasutage RFC 5424 töötlemist (soovitatav),
ClientCore/xml.languagefiles/Action.SyslogQueue,Syslog Queue Action,szSyslogQueue,SyslogQueue Name,SyslogQueue Nimi,
ClientCore/xml.languagefiles/Action.SyslogQueue,Syslog Queue Action,szSyslogQueueOptions,SyslogQueue Options,SyslogQueue Valikud,
ClientCore/xml.languagefiles/Action.SyslogQueue,Syslog Queue Action,szXmlFormat,XML Format,XML-vorming,
ClientCore/xml.languagefiles/General.Debug,Debug General,nCircularLogging,Use circular Logging,Kasutage ringikujulist logimist,
ClientCore/xml.languagefiles/General.Debug,Debug General,nDebugErrors,Errors & Warnings,Vead ja hoiatused,
ClientCore/xml.languagefiles/General.Debug,Debug General,nDebugInternal,Information Output,Teabe väljund,
ClientCore/xml.languagefiles/General.Debug,Debug General,nDebugMini,Minimal Output,Minimaalne väljund,
ClientCore/xml.languagefiles/General.Debug,Debug General,nDebugRuleEngine,Rule & Filter Engine Output,Reegli- ja filtrimootori väljund,
ClientCore/xml.languagefiles/General.Debug,Debug General,nDebugUltra,Ultra Verbose Output,Ülisõnaline väljund,
ClientCore/xml.languagefiles/General.Debug,Debug General,nEnableDebugOutput,Enable Debug output into file,Luba silumisväljund failis,
ClientCore/xml.languagefiles/General.Debug,Debug General,nMaxFileSize,Maximum file size (KB),Maksimaalne failimaht (KB),
ClientCore/xml.languagefiles/General.Debug,Debug General,nNumberOfLogfiles,Number of logfiles,Logifailide arv,
ClientCore/xml.languagefiles/General.Debug,Debug General,nReportCrash,Automatically send problem reports to Adiscon Support,Saatke probleemiaruanded automaatselt Adiscon toele,
ClientCore/xml.languagefiles/General.Debug,Debug General,szCrashReporting,Crash Reporting,Krahhiste aruandlus,
ClientCore/xml.languagefiles/General.Debug,Debug General,szDebugFileName,File and path name,Faili ja tee nimi,
ClientCore/xml.languagefiles/General.Debug,Debug General,szEnableReportCrash,Do you want to enable Crash reporting?,Kas soovite lubada krahhi aruandluse?,
ClientCore/xml.languagefiles/General.Debug,Debug General,szMoreInfoCrash,"If enabled, crashdumps will automatically be uploaded to http://crashdump.adiscon.com.
These crash dump do not contain any personal data. 
Only data related to the problem will be send. ","Kui see on lubatud, laaditakse crashdumps automaatselt üles aadressile http://crashdump.adiscon.com.
Need kokkupõrked ei sisalda isikuandmeid. 
Saadakse ainult probleemiga seotud andmed.",
ClientCore/xml.languagefiles/General.Engine,Engine General,bAbortRuleOnFailure,Abort Rule Execution when one Rule fails?,"Kas katkestada reegli täitmine, kui üks reegel ebaõnnestub?",
ClientCore/xml.languagefiles/General.Engine,Engine General,nDNSCacheLimit,How many DNS records can be cached?,Kui palju DNS-kirjeid saab vahemällu salvestada?,
ClientCore/xml.languagefiles/General.Engine,Engine General,nDNSCacheTime,How long should dns names be cached?,Kui kaua tuleks DNS-nimesid vahemällu salvestada?,
ClientCore/xml.languagefiles/General.Engine,Engine General,nDNSInetProtocol,Internet Protocoltype,Interneti-protokolli tüüp,
ClientCore/xml.languagefiles/General.Engine,Engine General,nEnableDNSCache,Enable internal DNS Cache,Luba sisemine DNS-i vahemälu,
ClientCore/xml.languagefiles/General.Engine,Engine General,nEnableRetry,Enable retry of Actions on failure,Luba toimingute korduskatse ebaõnnestumise korral,
ClientCore/xml.languagefiles/General.Engine,Engine General,nLibCacheTimeOut,How long should libraries be cached?,Kui kaua tuleks raamatukogusid vahemällu salvestada?,
ClientCore/xml.languagefiles/General.Engine,Engine General,nLogRotateWorkerCount,Number of log rotation workers,Logipöörde töötajate arv,
ClientCore/xml.languagefiles/General.Engine,Engine General,nLogRotateWorkerEnable,Enable queued log rotation workers,Luba järjekorraga logipöörde töötajad,
ClientCore/xml.languagefiles/General.Engine,Engine General,nLogRotateWorkerSleepTime,Idle wait time between queue checks,Ooteaeg järjekorra kontrollide vahel,
ClientCore/xml.languagefiles/General.Engine,Engine General,nLogRotateWorkerStopWaitTimeout,Shutdown wait time for queued log rotation jobs,Teenuse peatamise ooteaeg järjekorras olevatele logipöörde töödele,
ClientCore/xml.languagefiles/General.Engine,Engine General,nRetryCount,Retry Count,Korduskatsete arv,
ClientCore/xml.languagefiles/General.Engine,Engine General,nRetryPeriod,Retry period (ms),Korduskatse periood (ms),
ClientCore/xml.languagefiles/General.Engine,Engine General,nSyslogMaxMessageSize,Maximum Syslog Message Size (Bytes),Maksimaalne Syslog sõnumi suurus (baitides),
ClientCore/xml.languagefiles/General.Engine,Engine General,szActionSpecific,Action specific,Toimingupõhine,
ClientCore/xml.languagefiles/General.Engine,Engine General,szNetworkOptions,Network specific,Võrgupõhine,
ClientCore/xml.languagefiles/General.Engine,Engine General,szOtherOptions,Other Engine Options,Muud mootori valikud,
ClientCore/xml.languagefiles/General.Engine,Engine General,szRessourceOptions,Ressource Library Cache Options,Ressursiteegi vahemälu valikud,
ClientCore/xml.languagefiles/General.Engine,Engine General,szRotateWorkerOptions,LogRotate Background Worker,LogRotate taustatöötaja,
ClientCore/xml.languagefiles/General.Engine,Engine General,szRotateWorkerOptionsDescription,"The queued LogRotate worker subsystem prepares detached files and processes log rotation jobs in the background.
Pending jobs are saved in LogRotationQueue.json and continue after restart.
Temporary .staging files may appear while files are prepared for rotation, compression, or move operations.","Järjekorraga LogRotate'i alamsüsteem valmistab ette eraldatud failid ja töötleb logipöörde töid taustal.
Ootel tööd salvestatakse faili LogRotationQueue.json ja jätkuvad pärast taaskäivitust.
Ajutised .staging failid võivad ilmuda, kui faile valmistatakse ette logipöördeks, tihendamiseks või teisaldamiseks.",
ClientCore/xml.languagefiles/General.Engine,Engine General,szRuleEngineSpecific,Rule Engine specific,Reeglimootoripõhine,
ClientCore/xml.languagefiles/General.Engine,Engine General,szRuleSetEngineOptions,RuleSet Engine,Reeglistiku mootor,
ClientCore/xml.languagefiles/General.Engine,Engine General,szSyslogMaxMessageSizeDescription,"When oversized messages are received over Syslog TCP, this size limit defines when we have to split the message. 
By default the maximum for TCP is set to 1024000 bytes (1MB). For Syslog UDP, the limit is 65536 Bytes due to the UDP Protocol limits.","Kui üle Syslog TCP-ga võetakse vastu liiga suuri sõnumeid, määrab see suuruse piirang, millal peame sõnumi poolitama. 
Vaikimisi on TCP maksimaalseks suuruseks seatud 1024000 baiti (1 MB). Syslog UDP puhul on UDP-protokolli piirangute tõttu limiit 65536 baiti.",
ClientCore/xml.languagefiles/General.General,General General,bAutoReloadRandomDelay,Enable random wait time delay when checking for new configurations,Lubage uute konfiguratsioonide kontrollimisel juhuslik ooteaja viivitus,
ClientCore/xml.languagefiles/General.General,General General,nAutoReloadDelayTime,Maximum random delay time,Maksimaalne juhuslik viivitusaeg,
ClientCore/xml.languagefiles/General.General,General General,nCustomerID,CustomerID,Kliendi ID,
ClientCore/xml.languagefiles/General.General,General General,nEnableAutoConfigReload,Automatically reload service on configuration changes,Laadi teenus automaatselt uuesti konfiguratsioonimuudatuste korral,
ClientCore/xml.languagefiles/General.General,General General,nEnableEventlogWarnings,Log Warnings into the Windows Application Eventlog,Logige hoiatused Windowsi rakenduste sündmuste logisse,
ClientCore/xml.languagefiles/General.General,General General,nJapanStringHandling,Special Unicoder Conversion for Japanese Systems,Spetsiaalne Unicoderi teisendus Jaapani süsteemidele,
ClientCore/xml.languagefiles/General.General,General General,nProcessPriority,Process Priority,Protsessi prioriteet,
ClientCore/xml.languagefiles/General.General,General General,nProtectAgainstShutdown,Protect Service against shutdown,Kaitse teenust väljalülitamise eest,
ClientCore/xml.languagefiles/General.General,General General,nQueueLimit,Queuelimit,Järjekorrapiirang,
ClientCore/xml.languagefiles/General.General,General General,nSystemID,SystemID,Süsteemi ID,
ClientCore/xml.languagefiles/General.General,General General,nTimeMode,Default Timevalues are based on,Vaikeajaväärtused põhinevad,
ClientCore/xml.languagefiles/General.General,General General,szMIBSPath,Location of your SNMP Mibs,Teie SNMP Mibsi asukoht,
ClientCore/xml.languagefiles/General.General,General General,sz_runhigh,High,Kõrge,
ClientCore/xml.languagefiles/General.General,General General,sz_runidle,Run with idle priority,Käivitage tühikäigu prioriteediga,
ClientCore/xml.languagefiles/General.General,General General,sz_runlow,Low ,Madal,
ClientCore/xml.languagefiles/General.General,General General,sz_runnormal,Normal,Tavaline,
ClientCore/xml.languagefiles/General.License,License General,nLicenseKey1,Key1,Võti1,
ClientCore/xml.languagefiles/General.License,License General,nLicenseKey2,Key2,Võti2,
ClientCore/xml.languagefiles/General.License,License General,nLicenseKey3,Key3,Võti 3,
ClientCore/xml.languagefiles/General.License,License General,nLicenseKey4,Key4,Võti 4,
ClientCore/xml.languagefiles/General.License,License General,nLicenseKey5,Key5,Võti 5,
ClientCore/xml.languagefiles/General.License,License General,szButtonVerifyLicense,Verify License,Kinnitage litsents,
ClientCore/xml.languagefiles/General.License,License General,szLicense,License Information,Litsentsi teave,
ClientCore/xml.languagefiles/General.License,License General,szLicensee,Registration Name,Registreerimisnimi,
ClientCore/xml.languagefiles/General.License,License General,szMoreInformation,More information can be found at our Homepage,Lisateavet leiate meie kodulehelt,
ClientCore/xml.languagefiles/General.License,License General,szRegNumber,Registration Number,Registreerimisnumber,
ClientCore/xml.languagefiles/General.Permitted,Permitted General,nEnablePermittedSenders,Enabled Permitted Senders List. ,Lubatud saatjate loend.,
ClientCore/xml.languagefiles/General.Permitted,Permitted General,permittedsenders,Only receive syslog messages from the following IP Addresses. ,Saate syslogi sõnumeid ainult järgmistelt IP-aadressidelt.,
ClientCore/xml.languagefiles/General.Permitted,Permitted General,szEditionInformation,"Please note that if you activate the Permitted Senders List, all network related services will be limited to receive messages from the configured devices only. 

The list configuration itself is not limited. 
But if your license is limited to 10 devices for example, only the first 10 configured senders will work.","Pange tähele, et kui aktiveerite lubatud saatjate loendi, on kõik võrguga seotud teenused piiratud sõnumite vastuvõtmisega ainult konfigureeritud seadmetelt. 

Loendi konfiguratsioon ise ei ole piiratud. 
Kuid kui teie litsents on piiratud näiteks 10 seadmega, töötavad ainult esimesed 10 konfigureeritud saatjat.",
ClientCore/xml.languagefiles/General.Permitted,Permitted General,szIP_,IP Address,IP-aadress,
ClientCore/xml.languagefiles/General.PostProcessApps,Post Process Apps General,btnRun,Run,Jookse,
ClientCore/xml.languagefiles/General.PostProcessApps,Post Process Apps General,interactive_path,Path && Filename for application,Rakenduse tee && failinimi,
ClientCore/xml.languagefiles/General.PostProcessApps,Post Process Apps General,loganalyzer_path,Path && Filename for application,Rakenduse tee && failinimi,
ClientCore/xml.languagefiles/General.PostProcessApps,Post Process Apps General,logfilemgr_path,Path && Filename for application,Rakenduse tee && failinimi,
ClientCore/xml.languagefiles/General.PostProcessApps,Post Process Apps General,logsearch_path,Path && Filename for application,Rakenduse tee && failinimi,
ClientCore/xml.languagefiles/General.PostProcessApps,Post Process Apps General,ninteractive,InterActive SyslogViewer,Interaktiivne SyslogViewer,
ClientCore/xml.languagefiles/General.PostProcessApps,Post Process Apps General,nloganalyzer,Log Analyzer & Reporter Tool,Logianalüsaatori ja reporteri tööriist,
ClientCore/xml.languagefiles/General.PostProcessApps,Post Process Apps General,nlogfilemgr,Log File Management Tool,Logifailide haldamise tööriist,
ClientCore/xml.languagefiles/General.PostProcessApps,Post Process Apps General,nlogsearch,Log Search Tool,Logiotsingu tööriist,
ClientCore/xml.languagefiles/General.PostProcessApps,Post Process Apps General,szPostProcessApps,Available post process applications,Saadaval protsessijärgsed rakendused,
ClientCore/xml.languagefiles/General.QueueManager,Queue Manager General,nEnableRingBuffer,Enable Queue Manager Diskcache,Luba järjekorrahalduri kettavahemälu,
ClientCore/xml.languagefiles/General.QueueManager,Queue Manager General,nProcessingLow,Processing pointer,Töötlemise osuti,
ClientCore/xml.languagefiles/General.QueueManager,Queue Manager General,nRingBufferSize,Queue File Size (static),Järjekorra faili suurus (staatiline),
ClientCore/xml.languagefiles/General.QueueManager,Queue Manager General,nSavingLow,Saving pointer,Salvestav kursor,
ClientCore/xml.languagefiles/General.QueueManager,Queue Manager General,nWorkerThreads,Number of worker threads,Tööliste lõimede arv,
ClientCore/xml.languagefiles/General.QueueManager,Queue Manager General,szRingBufferFile,File and path name,Faili ja tee nimi,
ClientCore/xml.languagefiles/General.QueueManager,Queue Manager General,szRingBufferWarning,"Warning! If you enable diskcaching, it will slow down processing of the actions. This depends on the speed of your harddisk. Do only enable this feature if you really want cache the queue on disk for failover reasons. If the processing is interrupted for some reason, the Service will load the queue on startup and process what was in the queue before.","Hoiatus! Kui lubate kettavahemälu, aeglustab see toimingute töötlemist. See sõltub kõvaketta kiirusest. Lubage see funktsioon ainult siis, kui soovite tõesti tõrkeotsingu põhjustel järjekorda kettale vahemällu salvestada. Kui töötlemine mingil põhjusel katkeb, laadib teenuse käivitamisel järjekorra ja töötleb seda, mis oli järjekorras varem.",
ClientCore/xml.languagefiles/Service.CPUMonitor,CPU Monitor Service,nCPUEnable,Enable CPU Check,Luba CPU kontroll,
ClientCore/xml.languagefiles/Service.CPUMonitor,CPU Monitor Service,nCPUOccurences,Occurrences until CPU alarm is raised,Esinemised kuni CPU alarmi tõstmiseni,
ClientCore/xml.languagefiles/Service.CPUMonitor,CPU Monitor Service,nCPUReportIfBelowAlarm,Also report if CPULevel is below the alarm level,"Teatage ka sellest, kui CPULe on häiretasemest madalam",
ClientCore/xml.languagefiles/Service.CPUMonitor,CPU Monitor Service,nCPUSingle,For Multiprocessor Systems only: Report for each CPU,Ainult mitmeprotsessoriliste süsteemide puhul: aruanne iga CPU kohta,
ClientCore/xml.languagefiles/Service.CPUMonitor,CPU Monitor Service,nCPUUsageAlarmLevel,CPU usage alarm level,CPU kasutuse häiretase,
ClientCore/xml.languagefiles/Service.CPUMonitor,CPU Monitor Service,nMEMEnable,Enable Memory Check,Luba mälukontroll,
ClientCore/xml.languagefiles/Service.CPUMonitor,CPU Monitor Service,nMEMOccurences,Occurrences until Memory alarm is raised,Esineb kuni mäluhäire esilekutsumiseni,
ClientCore/xml.languagefiles/Service.CPUMonitor,CPU Monitor Service,nMEMPsyEnable,Enable Physical Memory Check,Füüsilise mälu kontrolli lubamine,
ClientCore/xml.languagefiles/Service.CPUMonitor,CPU Monitor Service,nMEMPsyOccurences,Occurrences until Physical Memory alarm is raised,Esinemised kuni füüsilise mälu häireni,
ClientCore/xml.languagefiles/Service.CPUMonitor,CPU Monitor Service,nMEMPsyReportIfBelowAlarm,Also report if Physical Memory level is below the alarm level,"Teatage ka sellest, kui füüsilise mälu tase on häiretasemest madalam",
ClientCore/xml.languagefiles/Service.CPUMonitor,CPU Monitor Service,nMEMPsyUsageAlarmLevel,Physical Memory usage alarm level,Füüsilise mälu kasutamise häiretase,
ClientCore/xml.languagefiles/Service.CPUMonitor,CPU Monitor Service,nMEMReportIfBelowAlarm,Also report if Memory Level is below the alarm level,"Teatage ka sellest, kui mälutase on häiretasemest madalam",
ClientCore/xml.languagefiles/Service.CPUMonitor,CPU Monitor Service,nMEMUsageAlarmLevel,Memory usage alarm level,Mälu kasutamise häiretase,
ClientCore/xml.languagefiles/Service.CPUMonitor,CPU Monitor Service,nMEMVirtEnable,Enable Virtual Memory Check,Virtuaalse mälu kontrollimise lubamine,
ClientCore/xml.languagefiles/Service.CPUMonitor,CPU Monitor Service,nMEMVirtOccurences,Occurrences until Virtual Memory alarm is raised,Esineb kuni virtuaalse mälu häireni,
ClientCore/xml.languagefiles/Service.CPUMonitor,CPU Monitor Service,nMEMVirtReportIfBelowAlarm,Also report if Virtual Memory Level is below the alarm level,"Teatage ka sellest, kui virtuaalmälu tase on häiretasemest madalam",
ClientCore/xml.languagefiles/Service.CPUMonitor,CPU Monitor Service,nMEMVirtUsageAlarmLevel,Virtual Memory usage alarm level,Virtuaalse mälu kasutamise häiretase,
ClientCore/xml.languagefiles/Service.CPUMonitor,CPU Monitor Service,nSleepTime,Check Interval (ms),Kontrolli intervalli (ms),
ClientCore/xml.languagefiles/Service.CPUMonitor,CPU Monitor Service,szTabCPU,CPU,CPU,
ClientCore/xml.languagefiles/Service.CPUMonitor,CPU Monitor Service,szTabMemory,Total Memory,Kogu mälu,
ClientCore/xml.languagefiles/Service.CPUMonitor,CPU Monitor Service,szTabPhyMemory,Physical Memory,Füüsiline mälu,
ClientCore/xml.languagefiles/Service.CPUMonitor,CPU Monitor Service,szTabVirtMemory,Virtual Memory,Virtuaalne mälu,
ClientCore/xml.languagefiles/Service.DTLSListener,DTLS Listener Service,nTimeOutSession,Session Timeout,Seansi ajalõpp,
ClientCore/xml.languagefiles/Service.DTLSListener,DTLS Listener Service,nUseSSL,Enable SSL / TLS Encryption.,Luba SSL/TLS-krüptimine.,
ClientCore/xml.languagefiles/Service.DTLSListener,DTLS Listener Service,szIP_,Permitted Peername / SHA1 / etc,Lubatud partnerinimi / SHA1 / jne,
ClientCore/xml.languagefiles/Service.DTLSListener,DTLS Listener Service,tlsallowedentries,Permitted Peers,Lubatud eakaaslased,
ClientCore/xml.languagefiles/Service.DatabaseMonitor,Database Monitor Service,btnButtonDBMonReloadLastPos,Reload DB Index number,Laadi uuesti DB indeksi number,
ClientCore/xml.languagefiles/Service.DatabaseMonitor,Database Monitor Service,btnButtonResetLastPos,Reset DB Index number,Lähtestage DB indeksi number,
ClientCore/xml.languagefiles/Service.DatabaseMonitor,Database Monitor Service,iLastDBID,Last DB Index,Viimane DB indeks,
ClientCore/xml.languagefiles/Service.DatabaseMonitor,Database Monitor Service,lbl_nMessageMode_csv,CSV (Comma-separated values),CSV (komadega eraldatud väärtused),
ClientCore/xml.languagefiles/Service.DatabaseMonitor,Database Monitor Service,lbl_nMessageMode_custom,Custom,Kohandatud,
ClientCore/xml.languagefiles/Service.DatabaseMonitor,Database Monitor Service,lbl_nMessageMode_none,None,Mitte ühtegi,
ClientCore/xml.languagefiles/Service.DatabaseMonitor,Database Monitor Service,nDBPassEncryption,Enable Encryption,Luba krüpteerimine,
ClientCore/xml.languagefiles/Service.DatabaseMonitor,Database Monitor Service,nForceConnectionClose,Close connection after each Check Interval,Sulgege ühendus pärast iga kontrollintervalli,
ClientCore/xml.languagefiles/Service.DatabaseMonitor,Database Monitor Service,nMAX_LONGVCHAR_LEN,Maximum text length (Bytes),Maksimaalne teksti pikkus (baitides),
ClientCore/xml.languagefiles/Service.DatabaseMonitor,Database Monitor Service,nMAX_VCHAR_LEN,Maximum char length (Bytes),Maksimaalne tähemärgi pikkus (baitides),
ClientCore/xml.languagefiles/Service.DatabaseMonitor,Database Monitor Service,nMessageMode,,,
ClientCore/xml.languagefiles/Service.DatabaseMonitor,Database Monitor Service,nPreventOverrunDelay,Overrun Prevention Delay (ms),Ülesõidu vältimise viivitus (ms),
ClientCore/xml.languagefiles/Service.DatabaseMonitor,Database Monitor Service,nSleepTime,Check Interval (ms),Kontrolli intervalli (ms),
ClientCore/xml.languagefiles/Service.DatabaseMonitor,Database Monitor Service,nUseCustomSeparator,Use custom separator,Kasutage kohandatud eraldajat,
ClientCore/xml.languagefiles/Service.DatabaseMonitor,Database Monitor Service,nWriteLastDBINdex,Write LastDBIndex at frequent intervals,Kirjutage sagedaste ajavahemike järel LastDBIndex,
ClientCore/xml.languagefiles/Service.DatabaseMonitor,Database Monitor Service,nWriteLastDBINdex.tooltip,"When using 0, the LastDBIndex will only be written after all new DB Records have been processed.","Kui kasutate väärtust 0, kirjutatakse LastDBIndex alles pärast seda, kui kõik uued DB-kirjed on töödeldud.",
ClientCore/xml.languagefiles/Service.DatabaseMonitor,Database Monitor Service,szCustomSeparator,Custom separator,Kohandatud eraldaja,
ClientCore/xml.languagefiles/Service.DatabaseMonitor,Database Monitor Service,szDBDSN,DSN,DSN,
ClientCore/xml.languagefiles/Service.DatabaseMonitor,Database Monitor Service,szDBPass,Password,Parool,
ClientCore/xml.languagefiles/Service.DatabaseMonitor,Database Monitor Service,szDBSelect,Select Statement,Valige väljavõte,
ClientCore/xml.languagefiles/Service.DatabaseMonitor,Database Monitor Service,szDBTableName,Database Table,Andmebaasi tabel,
ClientCore/xml.languagefiles/Service.DatabaseMonitor,Database Monitor Service,szDBUser,User-ID,Kasutaja ID,
ClientCore/xml.languagefiles/Service.DatabaseMonitor,Database Monitor Service,szDatabaseValues,Database Properties,Andmebaasi omadused,
ClientCore/xml.languagefiles/Service.DatabaseMonitor,Database Monitor Service,szLastDBIndex,Last processed DB Index number,Viimati töödeldud DB indeksi number,
ClientCore/xml.languagefiles/Service.DatabaseMonitor,Database Monitor Service,szMessageMode,MessageField (%msg%),Sõnumiväli (%msg%),
ClientCore/xml.languagefiles/Service.DatabaseMonitor,Database Monitor Service,szMessagecontent,Custom Message Content,Kohandatud sõnumi sisu,
ClientCore/xml.languagefiles/Service.DatabaseMonitor,Database Monitor Service,szSelectStatement,Statement related properties,Väljavõttega seotud omadused,
ClientCore/xml.languagefiles/Service.DatabaseMonitor,Database Monitor Service,szSelectStatementFROM,FROM,FROM,
ClientCore/xml.languagefiles/Service.DatabaseMonitor,Database Monitor Service,szSelectStatementSELECT,SELECT,VALI,
ClientCore/xml.languagefiles/Service.DatabaseMonitor,Database Monitor Service,szTableID,ID Field name,ID Välja nimi,
ClientCore/xml.languagefiles/Service.DiskSpaceMonitor,Disk Space Monitor Service,nSleepTime,Check Interval,Kontrollige intervalli,
ClientCore/xml.languagefiles/Service.EventMonitorV1,Event Monitor V1 Service,bAddFacilityString,Add Facilitystring,Lisage Facilitystring,
ClientCore/xml.languagefiles/Service.EventMonitorV1,Event Monitor V1 Service,bReportTruncatedLog,Report Truncated Log,Teata kärbitud logist,
ClientCore/xml.languagefiles/Service.EventMonitorV1,Event Monitor V1 Service,bShowSyslogMsgNbr,Syslog Message Numbers,Syslog Sõnuminumbrid,
ClientCore/xml.languagefiles/Service.EventMonitorV1,Event Monitor V1 Service,bUseLegacyFormat,Use Legacy Format,Kasutage pärandvormingut,
ClientCore/xml.languagefiles/Service.EventMonitorV1,Event Monitor V1 Service,btnEventLogDeSelectAll,Deleselect All,Kustutage valik Kõik,
ClientCore/xml.languagefiles/Service.EventMonitorV1,Event Monitor V1 Service,btnEventLogReloadLastRecords,Reload All LastRecords,Laadige uuesti kõik viimased kirjed,
ClientCore/xml.languagefiles/Service.EventMonitorV1,Event Monitor V1 Service,btnEventLogResetLastRecords,Reset All LastRecords,Lähtestage kõik viimased kirjed,
ClientCore/xml.languagefiles/Service.EventMonitorV1,Event Monitor V1 Service,btnEventLogSelectAll,Select All,Valige Kõik,
ClientCore/xml.languagefiles/Service.EventMonitorV1,Event Monitor V1 Service,btnReloadLastRecordV1,Reload,Laadi uuesti,
ClientCore/xml.languagefiles/Service.EventMonitorV1,Event Monitor V1 Service,btnResetLastRecordV1,Reset ,Lähtesta,
ClientCore/xml.languagefiles/Service.EventMonitorV1,Event Monitor V1 Service,btnVerifyEvtV1,Verify Connection,Ühenduse kinnitamine,
ClientCore/xml.languagefiles/Service.EventMonitorV1,Event Monitor V1 Service,chkeventchannels,Enable,Luba,
ClientCore/xml.languagefiles/Service.EventMonitorV1,Event Monitor V1 Service,eventchannels,Eventlog Channels,Sündmuste logi kanalid,
ClientCore/xml.languagefiles/Service.EventMonitorV1,Event Monitor V1 Service,nAddLogType,Add Logtype,Lisa logitüüp,
ClientCore/xml.languagefiles/Service.EventMonitorV1,Event Monitor V1 Service,nAddUserName,Add Username,Lisa kasutajanimi,
ClientCore/xml.languagefiles/Service.EventMonitorV1,Event Monitor V1 Service,nCheckAutoBackupLogFiles,Check for Backup Logfiles made by Windows (See KB312571),Kontrollige Windowsi tehtud varukoopiate logifaile (vt KB312571),
ClientCore/xml.languagefiles/Service.EventMonitorV1,Event Monitor V1 Service,nClearEventLog,Clear Eventlog handling,Tühjenda sündmuste logi käsitlemine,
ClientCore/xml.languagefiles/Service.EventMonitorV1,Event Monitor V1 Service,nCompressControlChars,Compress Spaces and Remove Control Characters,Tihendage tühikud ja eemaldage juhtmärgid,
ClientCore/xml.languagefiles/Service.EventMonitorV1,Event Monitor V1 Service,nCustomizeSearchPath,Customize Search path for Event Log backup log files,Kohandage sündmuste logi varukoopiate logifailide otsinguteed,
ClientCore/xml.languagefiles/Service.EventMonitorV1,Event Monitor V1 Service,nDefaultBuffer,Default Buffersize,Vaikimisi puhvri suurus,
ClientCore/xml.languagefiles/Service.EventMonitorV1,Event Monitor V1 Service,nDoNotProcessLastRecord,Do NOT process existing entries when Eventlog corruption occurs,"ÄRGE töötlege olemasolevaid kirjeid, kui sündmuselogi rikutakse",
ClientCore/xml.languagefiles/Service.EventMonitorV1,Event Monitor V1 Service,nDoNotProcessLastRecordOnStartup,Do NOT process existing entries on Service Startup,ÄRGE töötlege teenuse käivitamisel olemasolevaid kirjeid,
ClientCore/xml.languagefiles/Service.EventMonitorV1,Event Monitor V1 Service,nEnableDateReplacements,Enable date replacement characters (See manual for more),Luba kuupäeva asendamise tähemärgid (lisateavet leiate kasutusjuhendist),
ClientCore/xml.languagefiles/Service.EventMonitorV1,Event Monitor V1 Service,nEnableDateReplacementsOffset,Offset in seconds,Nihe sekundites,
ClientCore/xml.languagefiles/Service.EventMonitorV1,Event Monitor V1 Service,nEnableLastRecordDelay,Delay writing LastRecord ,LastRecordi kirjutamise viivitus,
ClientCore/xml.languagefiles/Service.EventMonitorV1,Event Monitor V1 Service,nEnabled,Channel Enabled,Kanal lubatud,
ClientCore/xml.languagefiles/Service.EventMonitorV1,Event Monitor V1 Service,nEnabledRemote,Enable remote EventLog monitoring,Lubage kaugjälgimine EventLog,
ClientCore/xml.languagefiles/Service.EventMonitorV1,Event Monitor V1 Service,nEventLogCor,How to handle Eventlog corruption?,Kuidas sündmustelogi korruptsiooniga toime tulla?,
ClientCore/xml.languagefiles/Service.EventMonitorV1,Event Monitor V1 Service,nEventScanLastEventByChecksum,Always search for the last processed Event using the Checksum,Otsige alati viimati töödeldud sündmust kontrollsumma abil,
ClientCore/xml.languagefiles/Service.EventMonitorV1,Event Monitor V1 Service,nEventUseChecksum,Use Checksum to verify the last processed event,"Kasutage kontrollsummat, et kontrollida viimati töödeldud sündmust",
ClientCore/xml.languagefiles/Service.EventMonitorV1,Event Monitor V1 Service,nEvtClearIfEmpty,Clear the log even if it is empty,"Tühjendage logi isegi siis, kui see on tühi",
ClientCore/xml.languagefiles/Service.EventMonitorV1,Event Monitor V1 Service,nEvtClrPollingCycles,Clear after Nbr Runs,Selge pärast Nbr Runs,
ClientCore/xml.languagefiles/Service.EventMonitorV1,Event Monitor V1 Service,nEvtClrSaveToFile,Create a Backup of the EventLog,Looge EventLog varukoopia,
ClientCore/xml.languagefiles/Service.EventMonitorV1,Event Monitor V1 Service,nEvtClrTime,Select Clearing at,Valige Kustutamine kell,
ClientCore/xml.languagefiles/Service.EventMonitorV1,Event Monitor V1 Service,nEvtLogSuccessfullClear,Log if Clearing was successful,"Logige sisse, kui tühjendamine õnnestus",
ClientCore/xml.languagefiles/Service.EventMonitorV1,Event Monitor V1 Service,nFacility,Syslog Facility,Syslog Rajatis,
ClientCore/xml.languagefiles/Service.EventMonitorV1,Event Monitor V1 Service,nFilterEventType,,,
ClientCore/xml.languagefiles/Service.EventMonitorV1,Event Monitor V1 Service,nLanguageLCID,Preferred language,Eelistatud keel,
ClientCore/xml.languagefiles/Service.EventMonitorV1,Event Monitor V1 Service,nLastRecord,Last Record,Viimane rekord,
ClientCore/xml.languagefiles/Service.EventMonitorV1,Event Monitor V1 Service,nLastRecordDelayCount,Save after amount of entries,Salvestage pärast kirjete arvu,
ClientCore/xml.languagefiles/Service.EventMonitorV1,Event Monitor V1 Service,nLastWriteTime,Last WriteTime,Viimane kirjutamisaeg,
ClientCore/xml.languagefiles/Service.EventMonitorV1,Event Monitor V1 Service,nNoExistingEntries,Do NOT process existing entries,ÄRGE töötlege olemasolevaid kirjeid,
ClientCore/xml.languagefiles/Service.EventMonitorV1,Event Monitor V1 Service,nPriorityAuditFailure,Audit Failure,Auditi ebaõnnestumine,
ClientCore/xml.languagefiles/Service.EventMonitorV1,Event Monitor V1 Service,nPriorityAuditSuccess,Audit Success,Auditi edu,
ClientCore/xml.languagefiles/Service.EventMonitorV1,Event Monitor V1 Service,nPriorityError,Error,Viga,
ClientCore/xml.languagefiles/Service.EventMonitorV1,Event Monitor V1 Service,nPriorityInformation,Information,Teave,
ClientCore/xml.languagefiles/Service.EventMonitorV1,Event Monitor V1 Service,nPrioritySuccess,Success,Edu,
ClientCore/xml.languagefiles/Service.EventMonitorV1,Event Monitor V1 Service,nPriorityWarning,Warning,Hoiatus,
ClientCore/xml.languagefiles/Service.EventMonitorV1,Event Monitor V1 Service,nReadFromFile,Read Eventlog from File,Lugege failist sündmuste logi,
ClientCore/xml.languagefiles/Service.EventMonitorV1,Event Monitor V1 Service,nReadSourceLocally,Read EventLog Sources from local machine,Lugege EventLog allikaid kohalikust masinast,
ClientCore/xml.languagefiles/Service.EventMonitorV1,Event Monitor V1 Service,nRemoveControlCharsFromParams,Remove Control Characters from String Parameters,Eemaldage stringiparameetritest juhtmärgid,
ClientCore/xml.languagefiles/Service.EventMonitorV1,Event Monitor V1 Service,nSleepTime,Sleep Time(ms),Uneaeg (ms),
ClientCore/xml.languagefiles/Service.EventMonitorV1,Event Monitor V1 Service,nTryConvSIDtoObj,Try to convert Security IDs (SID) to Object Names,Proovige turva-ID-d (SID) teisendada objektinimedeks,
ClientCore/xml.languagefiles/Service.EventMonitorV1,Event Monitor V1 Service,nTryConvertDsClasses,Try to convert Active Directory Object Classes,Proovige teisendada Active Directory objektiklasse,
ClientCore/xml.languagefiles/Service.EventMonitorV1,Event Monitor V1 Service,processedfiles,Processed file properties,Töödeldud faili atribuudid,
ClientCore/xml.languagefiles/Service.EventMonitorV1,Event Monitor V1 Service,szAutoBackPath,Search Path,Otsingutee,
ClientCore/xml.languagefiles/Service.EventMonitorV1,Event Monitor V1 Service,szAutoBackupRunCommand,Postprocess Command,Järeltöötluse käsk,
ClientCore/xml.languagefiles/Service.EventMonitorV1,Event Monitor V1 Service,szClearEventLog0,Never clear (default),Ära kunagi tühjenda (vaikeseade),
ClientCore/xml.languagefiles/Service.EventMonitorV1,Event Monitor V1 Service,szClearEventLog1,"Clear after Polling cycles, every time",Kustuta pärast küsitlustsükleid iga kord,
ClientCore/xml.languagefiles/Service.EventMonitorV1,Event Monitor V1 Service,szClearEventLog2,"Clear once a day, starting at configured hour","Tühjendage üks kord päevas, alates seadistatud kellaajast",
ClientCore/xml.languagefiles/Service.EventMonitorV1,Event Monitor V1 Service,szDisabled,Disabled,Keelatud,
ClientCore/xml.languagefiles/Service.EventMonitorV1,Event Monitor V1 Service,szEventLogCor_clear,Clear all events from Eventlog,Kustuta kõik sündmused sündmustelogist,
ClientCore/xml.languagefiles/Service.EventMonitorV1,Event Monitor V1 Service,szEventLogCor_ignore,Ignore corrupted Eventlog entry,Ignoreeri rikutud sündmustelogi kirjet,
ClientCore/xml.languagefiles/Service.EventMonitorV1,Event Monitor V1 Service,szEventLogCor_retry,Retry processing from beginning,Proovige töötlemist algusest uuesti,
ClientCore/xml.languagefiles/Service.EventMonitorV1,Event Monitor V1 Service,szEventTypesToLog,Eventlogtypes to Log,Logitavad sündmuste logitüübid,
ClientCore/xml.languagefiles/Service.EventMonitorV1,Event Monitor V1 Service,szEvtClrSaveFile,Backup Filename,Varukoopia failinimi,
ClientCore/xml.languagefiles/Service.EventMonitorV1,Event Monitor V1 Service,szLogFileName,File & Path Name,Faili ja tee nimi,
ClientCore/xml.languagefiles/Service.EventMonitorV1,Event Monitor V1 Service,szLogType,Type of Eventlog,Sündmuste logi tüüp,
ClientCore/xml.languagefiles/Service.EventMonitorV1,Event Monitor V1 Service,szServerName,Monitor Eventlog from this host,Jälgige selle hosti sündmuste logi,
ClientCore/xml.languagefiles/Service.EventMonitorV1,Event Monitor V1 Service,szSyslogTagValue,Syslog Tag Value,Syslog Märgendi väärtus,
ClientCore/xml.languagefiles/Service.EventMonitorV1,Event Monitor V1 Service,szTabEventChannels,Event Channels,Event Channels,
ClientCore/xml.languagefiles/Service.EventMonitorV1,Event Monitor V1 Service,szTabGeneral,General Options,Üldised valikud,
ClientCore/xml.languagefiles/Service.EventMonitorV1,Event Monitor V1 Service,txteventchannels,Eventlog Channel,Sündmuste logi kanal,
ClientCore/xml.languagefiles/Service.EventMonitorV1,Event Monitor V1 Service,txtprocessedfiles,Processed Filename,Töödeldud failinimi,
ClientCore/xml.languagefiles/Service.EventMonitorV2,Event Monitor V2 Service,bShowEvtChannelAdmin,Show operational / administrative Channels,Kuva töö-/halduskanalid,
ClientCore/xml.languagefiles/Service.EventMonitorV2,Event Monitor V2 Service,bShowEvtChannelDebug,Show debug / analytic Channels,Kuva silumis-/analüütilised kanalid,
ClientCore/xml.languagefiles/Service.EventMonitorV2,Event Monitor V2 Service,btnEventLogDeSelectAll,Deleselect All,Kustutage valik Kõik,
ClientCore/xml.languagefiles/Service.EventMonitorV2,Event Monitor V2 Service,btnEventLogReloadLastRecords,Reload All LastRecords,Laadige uuesti kõik viimased kirjed,
ClientCore/xml.languagefiles/Service.EventMonitorV2,Event Monitor V2 Service,btnEventLogRemoveDead,Remove not existing Channels,Eemaldage olemasolevad kanalid,
ClientCore/xml.languagefiles/Service.EventMonitorV2,Event Monitor V2 Service,btnEventLogResetLastRecords,Reset All LastRecords,Lähtestage kõik viimased kirjed,
ClientCore/xml.languagefiles/Service.EventMonitorV2,Event Monitor V2 Service,btnEventLogScan,(Re)Scan for EventLog Channels,(Uuesti) otsige EventLog kanaleid,
ClientCore/xml.languagefiles/Service.EventMonitorV2,Event Monitor V2 Service,btnEventLogSelectAll,Select All,Valige Kõik,
ClientCore/xml.languagefiles/Service.EventMonitorV2,Event Monitor V2 Service,btnReloadLastRecordV2,Reload,Laadi uuesti,
ClientCore/xml.languagefiles/Service.EventMonitorV2,Event Monitor V2 Service,btnResetLastRecordV2,Reset,Lähtesta,
ClientCore/xml.languagefiles/Service.EventMonitorV2,Event Monitor V2 Service,btnVerifyEvtV2,Verify Connection,Ühenduse kinnitamine,
ClientCore/xml.languagefiles/Service.EventMonitorV2,Event Monitor V2 Service,chkeventchannels,Enable,Luba,
ClientCore/xml.languagefiles/Service.EventMonitorV2,Event Monitor V2 Service,eventchannels,Eventlog Channels,Sündmuste logi kanalid,
ClientCore/xml.languagefiles/Service.EventMonitorV2,Event Monitor V2 Service,nApiReadMode,Processing Mode,Töötlemisrežiim,
ClientCore/xml.languagefiles/Service.EventMonitorV2,Event Monitor V2 Service,nApiReadMode_Polling,Eventlog Polling (Sleeptime),Sündmuste logi küsitlus (uneaeg),
ClientCore/xml.languagefiles/Service.EventMonitorV2,Event Monitor V2 Service,nApiReadMode_Subscription,Eventlog Subscription (Realtime),Sündmuste logi tellimus (reaalajas),
ClientCore/xml.languagefiles/Service.EventMonitorV2,Event Monitor V2 Service,nCacheEventCategory,Cache Event Category ( Task field ) ,Vahemälu sündmuse kategooria (ülesande väli),
ClientCore/xml.languagefiles/Service.EventMonitorV2,Event Monitor V2 Service,nCacheEventKeyword,Cache Event Keyword,Vahemälu sündmuse märksõna,
ClientCore/xml.languagefiles/Service.EventMonitorV2,Event Monitor V2 Service,nCacheEventLevel,"Cache Event Levels ( Like Warning, Information, Error)","Vahemälu sündmuste tasemed (nagu hoiatus, teave, tõrge)",
ClientCore/xml.languagefiles/Service.EventMonitorV2,Event Monitor V2 Service,nCacheEventPublisher,Cache Event Publisher handles ( Event Source ) ,Vahemälu sündmuste avaldaja käepidemed (sündmuse allikas),
ClientCore/xml.languagefiles/Service.EventMonitorV2,Event Monitor V2 Service,nConvertToEventLogMonitorV1,Convert to EventLog Monitor V1 compatible Events,Teisendage EventLog Monitor V1-ga ühilduvateks sündmusteks,
ClientCore/xml.languagefiles/Service.EventMonitorV2,Event Monitor V2 Service,nCopyFormatIntoProperty,Select MessageFormat,Valige Sõnumivorming,
ClientCore/xml.languagefiles/Service.EventMonitorV2,Event Monitor V2 Service,nEmulateParameters,Emulate %Param% properties from old EventLog Monitor,Emuleeri %Param% atribuute vanast EventLog monitorist,
ClientCore/xml.languagefiles/Service.EventMonitorV2,Event Monitor V2 Service,nEnableLastRecordDelay,Delay writing LastRecord ,LastRecordi kirjutamise viivitus,
ClientCore/xml.languagefiles/Service.EventMonitorV2,Event Monitor V2 Service,nEnableUnknownChannels,Process unknown/unconfigured Eventlog Channels,Töötle tundmatuid/konfigureerimata sündmustelogi kanaleid,
ClientCore/xml.languagefiles/Service.EventMonitorV2,Event Monitor V2 Service,nEnabled,Channel Enabled,Kanal lubatud,
ClientCore/xml.languagefiles/Service.EventMonitorV2,Event Monitor V2 Service,nEnabledRemote,Enable remote EventLog monitoring,Lubage kaugjälgimine EventLog,
ClientCore/xml.languagefiles/Service.EventMonitorV2,Event Monitor V2 Service,nFacility,Facility,Facility,
ClientCore/xml.languagefiles/Service.EventMonitorV2,Event Monitor V2 Service,nFormatType,Select MessageFormat,Valige Sõnumivorming,
ClientCore/xml.languagefiles/Service.EventMonitorV2,Event Monitor V2 Service,nFormatType_DISABLED,Disabled,Keelatud,
ClientCore/xml.languagefiles/Service.EventMonitorV2,Event Monitor V2 Service,nFormatType_Json,JSON Format,JSON-vorming,
ClientCore/xml.languagefiles/Service.EventMonitorV2,Event Monitor V2 Service,nFormatType_JsonSiem,LogPoint SIEM JSON Format,LogPoint SIEM JSON-vorming,
ClientCore/xml.languagefiles/Service.EventMonitorV2,Event Monitor V2 Service,nFormatType_Predefined,Predefined Event Format,Eelmääratletud sündmuse vorming,
ClientCore/xml.languagefiles/Service.EventMonitorV2,Event Monitor V2 Service,nFormatType_XML,Raw XML Format,Toores XML-vorming,
ClientCore/xml.languagefiles/Service.EventMonitorV2,Event Monitor V2 Service,nIncludeEventParameters,Include optional Event Parameters as properties?,Kas lisada atribuutidena valikulised sündmuse parameetrid?,
ClientCore/xml.languagefiles/Service.EventMonitorV2,Event Monitor V2 Service,nLanguageLCID,Preferred language,Eelistatud keel,
ClientCore/xml.languagefiles/Service.EventMonitorV2,Event Monitor V2 Service,nLanguageLCID.invalidZero,0 is reserved for the internal Windows default fallback and cannot be configured here. Use -1 for OS default or a positive LCID.,0 on reserveeritud sisemise Windowsi vaikevaruvariandi jaoks ja seda ei saa siin seadistada. Kasutage väärtust -1 OS-i vaikeväärtuse jaoks või positiivset LCID-d.,
ClientCore/xml.languagefiles/Service.EventMonitorV2,Event Monitor V2 Service,nLanguageLCID.systemDefault,OS default / automatic fallback [-1],OS-i vaikeväärtus / automaatne varuvariant [-1],
ClientCore/xml.languagefiles/Service.EventMonitorV2,Event Monitor V2 Service,nLanguageLCID.tooltip,"Preferred locale used for WEVT event message formatting. Fallback order: configured LCID, Windows default, system UI locale, en-US.","WEVT sündmusteadete vormindamiseks kasutatav eelistatud lokaat. Varujärjekord: seadistatud LCID, Windowsi vaikeväärtus, süsteemi kasutajaliidese lokaat, en-US.",
ClientCore/xml.languagefiles/Service.EventMonitorV2,Event Monitor V2 Service,nLastRecordDelayCount,Save after amount of entries,Salvestage pärast kirjete arvu,
ClientCore/xml.languagefiles/Service.EventMonitorV2,Event Monitor V2 Service,nLastRecordDelayTime,Save after wait time,Salvestage pärast ooteaega,
ClientCore/xml.languagefiles/Service.EventMonitorV2,Event Monitor V2 Service,nNoExistingEntries,Do NOT process existing entries,ÄRGE töötlege olemasolevaid kirjeid,
ClientCore/xml.languagefiles/Service.EventMonitorV2,Event Monitor V2 Service,nPreventOverrunDelay,Overrun Prevention Delay (ms),Ülesõidu vältimise viivitus (ms),
ClientCore/xml.languagefiles/Service.EventMonitorV2,Event Monitor V2 Service,nPriorityCritical,Critical,Kriitiline,
ClientCore/xml.languagefiles/Service.EventMonitorV2,Event Monitor V2 Service,nPriorityError,Error,Viga,
ClientCore/xml.languagefiles/Service.EventMonitorV2,Event Monitor V2 Service,nPriorityInfo,Information,Teave,
ClientCore/xml.languagefiles/Service.EventMonitorV2,Event Monitor V2 Service,nPriorityVerbose,Verbose,Paljusõnaline,
ClientCore/xml.languagefiles/Service.EventMonitorV2,Event Monitor V2 Service,nPriorityWarning,Warning,Hoiatus,
ClientCore/xml.languagefiles/Service.EventMonitorV2,Event Monitor V2 Service,nReadFromFile,Read Eventlog from File,Lugege failist sündmuste logi,
ClientCore/xml.languagefiles/Service.EventMonitorV2,Event Monitor V2 Service,nSleepTime,Sleep Time(ms),Uneaeg (ms),
ClientCore/xml.languagefiles/Service.EventMonitorV2,Event Monitor V2 Service,nSubscriptionSleepTime,Wait time after action failure,Oodake aega pärast toimingu ebaõnnestumist,
ClientCore/xml.languagefiles/Service.EventMonitorV2,Event Monitor V2 Service,nSubscriptionSleepTime.tooltip,Defines the wait time after the Event subscription is retried. This wait time only applies after an action failure. ,Määrab ooteaja pärast sündmuse tellimuse uuesti proovimist. See ooteaeg kehtib ainult pärast toimingu ebaõnnestumist.,
ClientCore/xml.languagefiles/Service.EventMonitorV2,Event Monitor V2 Service,nTryConvSIDtoObj,Try to convert Security IDs (SID) to Object Names,Proovige turva-ID-d (SID) teisendada objektinimedeks,
ClientCore/xml.languagefiles/Service.EventMonitorV2,Event Monitor V2 Service,szCacheEventInfo,"For performance reasons we recommend to use all caching options available. However if you do not want to cache data queried from the eventlog, you can disable them here. ","Toimivuse huvides soovitame kasutada kõiki saadaolevaid vahemällu salvestamise võimalusi. Kui te aga ei soovi sündmustelogist küsitud andmeid vahemällu salvestada, saate need siin keelata.",
ClientCore/xml.languagefiles/Service.EventMonitorV2,Event Monitor V2 Service,szCopyFormatIntoProperty,store into Property,salvestada kinnistusse,
ClientCore/xml.languagefiles/Service.EventMonitorV2,Event Monitor V2 Service,szCopyFormatIntoPropertyGroup,Copy Format into Property,Kopeerige vorming atribuuti,
ClientCore/xml.languagefiles/Service.EventMonitorV2,Event Monitor V2 Service,szDisabled,Disabled,Keelatud,
ClientCore/xml.languagefiles/Service.EventMonitorV2,Event Monitor V2 Service,szEventLogV2WarningOnWinXp,"Warning, this Windows Version does not support the new Windows Eventlog API needed for this service. You may configure this service if you intend to use this configuration on a machine with a higher OS level later.","Hoiatus, see Windowsi versioon ei toeta selle teenuse jaoks vajalikku uut Windows Eventlog API-t. Saate seda teenust konfigureerida, kui kavatsete seda konfiguratsiooni hiljem kasutada kõrgema OS-tasemega masinas.",
ClientCore/xml.languagefiles/Service.EventMonitorV2,Event Monitor V2 Service,szEventPollingOptions,Eventpolling related Options,Sündmuste küsitlemisega seotud valikud,
ClientCore/xml.languagefiles/Service.EventMonitorV2,Event Monitor V2 Service,szEventTypesManage,Manage Event Channels,Hallake sündmuste kanaleid,
ClientCore/xml.languagefiles/Service.EventMonitorV2,Event Monitor V2 Service,szEventTypesToLog,Eventlog Types to Log,Logitavad sündmustelogi tüübid,
ClientCore/xml.languagefiles/Service.EventMonitorV2,Event Monitor V2 Service,szLogFileName,File & Path Name,Faili ja tee nimi,
ClientCore/xml.languagefiles/Service.EventMonitorV2,Event Monitor V2 Service,szServerName,Monitor Eventlog from this host:,Selle hosti sündmuste logi jälgimine:,
ClientCore/xml.languagefiles/Service.EventMonitorV2,Event Monitor V2 Service,szSubscriptionOptions,Subscription related Options,Tellimisega seotud valikud,
ClientCore/xml.languagefiles/Service.EventMonitorV2,Event Monitor V2 Service,szSyslogTagValue,Syslog Tag Value,Syslog Märgendi väärtus,
ClientCore/xml.languagefiles/Service.EventMonitorV2,Event Monitor V2 Service,szTabCaching,Event Caching,Sündmuste vahemälu,
ClientCore/xml.languagefiles/Service.EventMonitorV2,Event Monitor V2 Service,szTabEventChannels,Event Channels,Event Channels,
ClientCore/xml.languagefiles/Service.EventMonitorV2,Event Monitor V2 Service,szTabGeneral,General Options,Üldised valikud,
ClientCore/xml.languagefiles/Service.EventMonitorV2,Event Monitor V2 Service,szXMLBookmark,Last Record,Viimane rekord,
ClientCore/xml.languagefiles/Service.EventMonitorV2,Event Monitor V2 Service,txteventchannels,Eventlog Channel,Sündmuste logi kanal,
ClientCore/xml.languagefiles/Service.FTPProbe,FTP Probe Service,nFTPPort,FTP Port,FTP port,
ClientCore/xml.languagefiles/Service.FTPProbe,FTP Probe Service,nGenerateOnSuccess,Generate an event if FTP Probe was successful,"Kui FTP Probe õnnestus, genereerige sündmus",
ClientCore/xml.languagefiles/Service.FTPProbe,FTP Probe Service,szFTPServer,FTP Server,FTP server,
ClientCore/xml.languagefiles/Service.FileMonitor,File Monitor Service,bIsRegex_,Enable Regular Expression,Luba regulaaravaldis,
ClientCore/xml.languagefiles/Service.FileMonitor,File Monitor Service,btnButtonFileMonResetAllLastPos,Reset All Position Counters,Lähtestage kõik positsiooniloendurid,
ClientCore/xml.languagefiles/Service.FileMonitor,File Monitor Service,btnButtonResetLastPos,Reset Position Counter,Lähtestage positsiooniloendur,
ClientCore/xml.languagefiles/Service.FileMonitor,File Monitor Service,btnEventLogReloadLastRecords,Reload File Counter Positions,Laadige uuesti faili loenduri positsioonid,
ClientCore/xml.languagefiles/Service.FileMonitor,File Monitor Service,fileitems,Processed File,Töödeldud fail,
ClientCore/xml.languagefiles/Service.FileMonitor,File Monitor Service,msgseps,List of message separators,Sõnumi eraldajate loend,
ClientCore/xml.languagefiles/Service.FileMonitor,File Monitor Service,nCompressSpaces,Compress spaces,Tihendage tühikud,
ClientCore/xml.languagefiles/Service.FileMonitor,File Monitor Service,nEnableLastRecordDelay,Delay writing Last File Position,Viimase faili asukoha kirjutamise viivitus,
ClientCore/xml.languagefiles/Service.FileMonitor,File Monitor Service,nIgnoreEmptyLines,Ignore empty lines,Ignoreeri tühje ridu,
ClientCore/xml.languagefiles/Service.FileMonitor,File Monitor Service,nKeepReadingUntilNew,Keep reading the current opened file until a new is created,Jätkake praegu avatud faili lugemist kuni uue loomiseni,
ClientCore/xml.languagefiles/Service.FileMonitor,File Monitor Service,nLastPos,Last File Position,Viimane faili asukoht,
ClientCore/xml.languagefiles/Service.FileMonitor,File Monitor Service,nLastRecordDelayCount,Save after amount of processed lines,Salvestage pärast töödeldud ridade arvu,
ClientCore/xml.languagefiles/Service.FileMonitor,File Monitor Service,nLogFileType,Logfile Type,Logifaili tüüp,
ClientCore/xml.languagefiles/Service.FileMonitor,File Monitor Service,nMaxBytesPerMessage,Max Bytes per Message,Max baite sõnumi kohta,
ClientCore/xml.languagefiles/Service.FileMonitor,File Monitor Service,nMultipleFiles,Allow Directories or read multiple files (Needs Wildcard in Filename),Kataloogide lubamine või mitme faili lugemine (Vajab failinimes metamärki),
ClientCore/xml.languagefiles/Service.FileMonitor,File Monitor Service,nPreventOverrunDelay,Overrun Prevention Delay (ms),Ülesõidu vältimise viivitus (ms),
ClientCore/xml.languagefiles/Service.FileMonitor,File Monitor Service,nProcessRestOfFile,Process rest of file as one message (If no message separator matches anymore),Töötle ülejäänud faili ühe sõnumina (kui ükski sõnumi eraldaja ei vasta enam),
ClientCore/xml.languagefiles/Service.FileMonitor,File Monitor Service,nPropertyMsgSep,Save Message Separator in Property (%msgsep%),Salvesta sõnumi eraldaja atribuuti (%msgsep%),
ClientCore/xml.languagefiles/Service.FileMonitor,File Monitor Service,nPropertyMsgSepReset,Reset Message Separator after each run,Lähtestage sõnumi eraldaja pärast iga käitamist,
ClientCore/xml.languagefiles/Service.FileMonitor,File Monitor Service,nReadFileBuffer,Read Filebuffer size,Lugege failipuhvri suurust,
ClientCore/xml.languagefiles/Service.FileMonitor,File Monitor Service,nRemoveControlChars,Remove Control Characters,Eemaldage juhtmärgid,
ClientCore/xml.languagefiles/Service.FileMonitor,File Monitor Service,nRemoveLeadingSpaces,Remove leading space,Eemaldage juhtruum,
ClientCore/xml.languagefiles/Service.FileMonitor,File Monitor Service,nReplaceNullBytes,Replace NULL Bytes with spaces,Asendage NULL-baidid tühikutega,
ClientCore/xml.languagefiles/Service.FileMonitor,File Monitor Service,nReportErrorOnFNF,Report an error if the File was not found (Willbe written into the Application Eventlog),"Teatage veast, kui faili ei leitud (kirjutatakse rakenduse sündmuste logisse)",
ClientCore/xml.languagefiles/Service.FileMonitor,File Monitor Service,nSkipLinesEnabled,Skip all lines on Startup,Jätke käivitamisel kõik read vahele,
ClientCore/xml.languagefiles/Service.FileMonitor,File Monitor Service,nTimeMode,Timemode used for Filename,Failinime jaoks kasutatav ajarežiim,
ClientCore/xml.languagefiles/Service.FileMonitor,File Monitor Service,nUseWildcard,Use wildcards in Filename,Kasutage failinimes metamärke,
ClientCore/xml.languagefiles/Service.FileMonitor,File Monitor Service,szCharacterProcessing,Character processing related options,Tähemärkide töötlemisega seotud valikud,
ClientCore/xml.languagefiles/Service.FileMonitor,File Monitor Service,szIncludeMsgSepInMessageDisabled,Do not include message separator in message,Ärge lisage sõnumisse sõnumi eraldajat,
ClientCore/xml.languagefiles/Service.FileMonitor,File Monitor Service,szIncludeMsgSepInMessageLastMsgSepPrepend,Prepend previous found separator to message,Lisage sõnumile eelmine leitud eraldaja,
ClientCore/xml.languagefiles/Service.FileMonitor,File Monitor Service,szIncludeMsgSepInMessageMsgSepAppend,Append found separator to message,Lisage sõnumile leitud eraldaja,
ClientCore/xml.languagefiles/Service.FileMonitor,File Monitor Service,szIncludeMsgSepInMessageMsgSepPrepend,Prepend found separator to message,Lisage sõnumile leitud eraldaja,
ClientCore/xml.languagefiles/Service.FileMonitor,File Monitor Service,szLogFileTypeStandard,Standard,Standardne,
ClientCore/xml.languagefiles/Service.FileMonitor,File Monitor Service,szLogFileTypeW3C,W3C WebServer Logfile,W3C veebiserveri logifail,
ClientCore/xml.languagefiles/Service.FileMonitor,File Monitor Service,szMessageProcessing,Message processing related options,Sõnumite töötlemisega seotud valikud,
ClientCore/xml.languagefiles/Service.FileMonitor,File Monitor Service,szMsgSep_,Message separation sequence,Sõnumite eraldamise järjekord,
ClientCore/xml.languagefiles/Service.FileMonitor,File Monitor Service,szPathAndFileName,File and Path Name,Faili ja tee nimi,
ClientCore/xml.languagefiles/Service.FileMonitor,File Monitor Service,szReadFileBufferInfo,"The File Monitor reads files in chunks (blocks) with the read Filebuffer size. 
The default buffersize is 4096 bytes which is a good balance between performance and memory usage. 
 
You may want to increase the size when using regex message separators and your log lines increase the default file buffer size. Otherwise we recommend not to change this value!","Failimonitor loeb faile tükkidena (plokkidena) loetava failipuhvri suurusega. 
Vaikimisi puhvri suurus on 4096 baiti, mis on hea tasakaal jõudluse ja mälukasutuse vahel. 
 
Kui kasutate regex-sõnumi eraldajaid, võite soovida suurust suurendada ja logiread suurendavad failipuhvri vaikesuurust. Vastasel juhul soovitame seda väärtust mitte muuta!",
ClientCore/xml.languagefiles/Service.FileMonitor,File Monitor Service,szResetValue,Reset value,Lähtesta väärtus,
ClientCore/xml.languagefiles/Service.FileMonitor,File Monitor Service,szTabAdvanced,Advanced Options,Täpsemad suvandid,
ClientCore/xml.languagefiles/Service.FileMonitor,File Monitor Service,szTabFiles,Processed Files,Töödeldud failid,
ClientCore/xml.languagefiles/Service.FileMonitor,File Monitor Service,szTabGeneral,General,Üldine,
ClientCore/xml.languagefiles/Service.FileMonitor,File Monitor Service,szTabMsgSep,Message Separators,Sõnumi eraldajad,
ClientCore/xml.languagefiles/Service.FileMonitor,File Monitor Service,szW3CHeader,W3C Header Value,W3C päise väärtus,
ClientCore/xml.languagefiles/Service.FileMonitor,File Monitor Service,txtfileitems,Filename,Failinimi,
ClientCore/xml.languagefiles/Service.HTTPProbe,HTTP Probe Service,lbl_request_get,GET,SAADA,
ClientCore/xml.languagefiles/Service.HTTPProbe,HTTP Probe Service,lbl_request_head,HEAD,PEA,
ClientCore/xml.languagefiles/Service.HTTPProbe,HTTP Probe Service,nGenerateOnSuccess,Generate an event if HTTP Probe was successful,"Kui HTTP Probe õnnestus, genereerige sündmus",
ClientCore/xml.languagefiles/Service.HTTPProbe,HTTP Probe Service,nHTTPPort,HTTP Port,HTTP-port,
ClientCore/xml.languagefiles/Service.HTTPProbe,HTTP Probe Service,nUseSSL,Use secure https protocoll,Kasutage turvalist https-protokolli,
ClientCore/xml.languagefiles/Service.HTTPProbe,HTTP Probe Service,szConfigUrlPreview,URL Preview,URL-i eelvaade,
ClientCore/xml.languagefiles/Service.HTTPProbe,HTTP Probe Service,szHTTPServer,HTTP Server,HTTP server,
ClientCore/xml.languagefiles/Service.HTTPProbe,HTTP Probe Service,szReferer,Referrer,Viitaja,
ClientCore/xml.languagefiles/Service.HTTPProbe,HTTP Probe Service,szRequestType,Request Type,Taotluse tüüp,
ClientCore/xml.languagefiles/Service.HTTPProbe,HTTP Probe Service,szUrl,URL & Querystring,URL ja päringustring,
ClientCore/xml.languagefiles/Service.HTTPProbe,HTTP Probe Service,szUserAgent,UserAgent (Browser),UserAgent (brauser),
ClientCore/xml.languagefiles/Service.Heartbeat,Heartbeat Service,nSleepTime,Heartbeat clock (Sleeptime),Heartbeat kell (uneaeg),
ClientCore/xml.languagefiles/Service.Heartbeat,Heartbeat Service,szMessage,Message that is send during each heartbeat,"Sõnum, mis saadetakse iga südamelöögi ajal",
ClientCore/xml.languagefiles/Service.IMAPProbe,IMAP Probe Service,nGenerateOnSuccess,Generate an event if IMAP Probe was successful,"Kui IMAP-proov õnnestus, genereerige sündmus",
ClientCore/xml.languagefiles/Service.IMAPProbe,IMAP Probe Service,nIMAPPort,IMAP Port,IMAP-port,
ClientCore/xml.languagefiles/Service.IMAPProbe,IMAP Probe Service,szIMAPServer,IMAP Server,IMAP-server,
ClientCore/xml.languagefiles/Service.MonitorWareEchoReply,Monitor Ware Echo Reply Service,szMyIPAddress,IP Listener Address,IP-kuulaja aadress,
ClientCore/xml.languagefiles/Service.MonitorWareEchoRequest,Monitor Ware Echo Request Service,hostlist,List of hosts,Võõrustajate nimekiri,
ClientCore/xml.languagefiles/Service.MonitorWareEchoRequest,Monitor Ware Echo Request Service,nGenerateOnSuccess,Also generate an event if echo reply was successful,"Samuti genereerige sündmus, kui kajavastus oli edukas",
ClientCore/xml.languagefiles/Service.MonitorWareEchoRequest,Monitor Ware Echo Request Service,nPort_,Port,Port,
ClientCore/xml.languagefiles/Service.MonitorWareEchoRequest,Monitor Ware Echo Request Service,nSleepTime,Check Interval(ms),Kontrolli intervalli (ms),
ClientCore/xml.languagefiles/Service.MonitorWareEchoRequest,Monitor Ware Echo Request Service,szIP_,IP Address,IP-aadress,
ClientCore/xml.languagefiles/Service.NNTPProbe,NNTP Probe Service,nGenerateOnSuccess,Generate an event if NNTP Probe was successful,"Kui NNTP-proov oli edukas, genereerige sündmus",
ClientCore/xml.languagefiles/Service.NNTPProbe,NNTP Probe Service,nNNTPPort,NNTP Port,NNTP port,
ClientCore/xml.languagefiles/Service.NNTPProbe,NNTP Probe Service,szNNTPServer,NNTP Server,NNTP server,
ClientCore/xml.languagefiles/Service.NTServiceMonitor,NT Service Monitor Service,nDelayOnStartup,Delay on Startup in Milliseconds (1000 ms --> 1 second),Käivitamise viivitus millisekundites (1000 ms --> 1 sekund),
ClientCore/xml.languagefiles/Service.NTServiceMonitor,NT Service Monitor Service,nGenerateOnSuccess,Generate an event if a Service is in the running state,"Loo sündmus, kui teenus töötab",
ClientCore/xml.languagefiles/Service.POP3Probe,POP3Probe Service,nGenerateOnSuccess,Generate an event if POP3 Probe was successful,"Kui POP3 Probe õnnestus, genereerige sündmus",
ClientCore/xml.languagefiles/Service.POP3Probe,POP3Probe Service,nPOP3Port,POP3 Port,POP3 port,
ClientCore/xml.languagefiles/Service.POP3Probe,POP3Probe Service,szPOP3Server,POP3 Server,POP3 server,
ClientCore/xml.languagefiles/Service.PassiveSyslogListener,Passive Syslog Listener Service,btnButtonPassiveSyslogTest,Test Passive Syslogserver,Testige passiivset Syslogserverit,
ClientCore/xml.languagefiles/Service.PassiveSyslogListener,Passive Syslog Listener Service,lbl_syslogTCP,TCP,TCP,
ClientCore/xml.languagefiles/Service.PassiveSyslogListener,Passive Syslog Listener Service,lbl_syslogUDP,UDP,UDP,
ClientCore/xml.languagefiles/Service.PassiveSyslogListener,Passive Syslog Listener Service,nEnableCommunicate,Enable communication,Luba suhtlus,
ClientCore/xml.languagefiles/Service.PassiveSyslogListener,Passive Syslog Listener Service,nListenPort,Listener Port,Kuulaja port,
ClientCore/xml.languagefiles/Service.PassiveSyslogListener,Passive Syslog Listener Service,nProtocolType,Protocol Type,Protokolli tüüp,
ClientCore/xml.languagefiles/Service.PassiveSyslogListener,Passive Syslog Listener Service,nTCPMaxSessions,Maximum TCP sessions,Maksimaalsed TCP-seansid,
ClientCore/xml.languagefiles/Service.PassiveSyslogListener,Passive Syslog Listener Service,nTCPMaxSessions.tooltip,Maximum number of concurrent TCP receiver sessions. Use 0 to disable the cap.,Samaaegsete TCP vastuvotuseansside maksimaalne arv. Vaartus 0 keelab piirangu.,
ClientCore/xml.languagefiles/Service.PassiveSyslogListener,Passive Syslog Listener Service,nTLSAllowExpiredCerts,Allow expired peer certificates,Luba aegunud partnerisertifikaadid,
ClientCore/xml.languagefiles/Service.PassiveSyslogListener,Passive Syslog Listener Service,nTLSAllowExpiredCerts.tooltip,"Compatibility mode. When enabled, expired peer certificates are accepted. Disable to reject expired certificates.","Uhildumisreziim. Kui see on lubatud, aktsepteeritakse aegunud partnerisertifikaate. Keelake see aegunud sertifikaatide tagasilukkamiseks.",
ClientCore/xml.languagefiles/Service.PassiveSyslogListener,Passive Syslog Listener Service,nTLSFailOnConfigCommandError,Fail on TLS config command errors,TLS-i konfiguratsioonikasu vigade korral nurju,
ClientCore/xml.languagefiles/Service.PassiveSyslogListener,Passive Syslog Listener Service,nTLSFailOnConfigCommandError.tooltip,"When enabled, listener setup fails if configured OpenSSL commands cannot be applied. By default errors are logged and setup continues.","Kui see on lubatud, nurjub listeneri seadistus, kui konfigureeritud OpenSSL-i kaske ei saa rakendada. Vaikimisi vead logitakse ja seadistus jatkub.",
ClientCore/xml.languagefiles/Service.PassiveSyslogListener,Passive Syslog Listener Service,nTLSHandshakeTimeout,TLS handshake timeout,TLS-kaepigistuse ajalimiit,
ClientCore/xml.languagefiles/Service.PassiveSyslogListener,Passive Syslog Listener Service,nTLSHandshakeTimeout.tooltip,Maximum time in milliseconds allowed for a TLS handshake before the connection is closed.,Maksimaalne aeg millisekundites TLS-kaepigistuseks enne uhenduse sulgemist.,
ClientCore/xml.languagefiles/Service.PassiveSyslogListener,Passive Syslog Listener Service,nTLSLegacyFingerprintMatch,Allow legacy fingerprint matching,Luba legacy fingerprint sobitamine,
ClientCore/xml.languagefiles/Service.PassiveSyslogListener,Passive Syslog Listener Service,nTLSLegacyFingerprintMatch.tooltip,"Compatibility mode. When enabled, legacy SHA-1 substring fingerprint matching remains allowed. Disable to require normalized exact SHA-1/SHA-256 fingerprints.","Uhildumisreziim. Kui see on lubatud, jaab vana SHA-1 alamstringi sobitamine lubatuks. Keelake see normaliseeritud tapselt vastavate SHA-1/SHA-256 fingerprintide noudeks.",
ClientCore/xml.languagefiles/Service.PassiveSyslogListener,Passive Syslog Listener Service,nTLSLegacyPeerNameMatch,Allow legacy peer name matching,Luba parandreziimi partnerinime sobitamine,
ClientCore/xml.languagefiles/Service.PassiveSyslogListener,Passive Syslog Listener Service,nTLSLegacyPeerNameMatch.tooltip,"Compatibility mode. When enabled, legacy subject substring matching remains allowed. Disable to require strict SAN/CN matching.","Uhildumisreziim. Kui see on lubatud, jaab vana subjekti alamstringi sobitamine lubatuks. Keelake see range SAN/CN sobitamise noudeks.",
ClientCore/xml.languagefiles/Service.PassiveSyslogListener,Passive Syslog Listener Service,nTimeOutSession,Session Timeout,Seansi ajalõpp,
ClientCore/xml.languagefiles/Service.PassiveSyslogListener,Passive Syslog Listener Service,nUseSSL,"Enable SSL / TLS Encryption. Note if this Option is enabled, NON-SSL Clients will not be able to connect to this Service.","Luba SSL/TLS-krüptimine. Pange tähele, et kui see valik on lubatud, ei saa MITTE-SSL-kliendid selle teenusega ühendust luua.",
ClientCore/xml.languagefiles/Service.PassiveSyslogListener,Passive Syslog Listener Service,szDetailProperties,Details,Üksikasjad,
ClientCore/xml.languagefiles/Service.PassiveSyslogListener,Passive Syslog Listener Service,szIP_,Permitted Peername / SHA1 / etc,Lubatud partnernimi / SHA1 / jne,
ClientCore/xml.languagefiles/Service.PassiveSyslogListener,Passive Syslog Listener Service,szMessageExpected,Expected Message: ,Eeldatav sõnum:,
ClientCore/xml.languagefiles/Service.PassiveSyslogListener,Passive Syslog Listener Service,szMessageToSend,Message to Send: ,Saatmiseks sõnum:,
ClientCore/xml.languagefiles/Service.PassiveSyslogListener,Passive Syslog Listener Service,szMyIPAddress,IP Address,IP-aadress,
ClientCore/xml.languagefiles/Service.PassiveSyslogListener,Passive Syslog Listener Service,szSyslogQueue,SyslogQueue Name,SyslogQueue Nimi,
ClientCore/xml.languagefiles/Service.PassiveSyslogListener,Passive Syslog Listener Service,szTCPMsgSep,Message separation sequence,Sõnumite eraldamise järjekord,
ClientCore/xml.languagefiles/Service.PassiveSyslogListener,Passive Syslog Listener Service,szTLSAdvancedOptions,TLS Advanced,TLS taiendatud,
ClientCore/xml.languagefiles/Service.PassiveSyslogListener,Passive Syslog Listener Service,szTLSOptions,Syslog TLS,Syslog TLS,
ClientCore/xml.languagefiles/Service.PassiveSyslogListener,Passive Syslog Listener Service,szTabGeneral,General,Üldine,
ClientCore/xml.languagefiles/Service.PassiveSyslogListener,Passive Syslog Listener Service,tlsallowedentries,Permitted Peers,Lubatud eakaaslased,
ClientCore/xml.languagefiles/Service.PingProbe,Ping Probe Service,nGenerateOnSuccess,Generate an event if PingProbe was successful,"Kui PingProbe õnnestus, genereerige sündmus",
ClientCore/xml.languagefiles/Service.PingProbe,Ping Probe Service,nNbrOfRetries,Number Of Retries,Korduskatsete arv,
ClientCore/xml.languagefiles/Service.PingProbe,Ping Probe Service,nRetryInterval,Retry Interval (ms),Uuesti proovimise intervall (ms),
ClientCore/xml.languagefiles/Service.PingProbe,Ping Probe Service,szIPAddress,IPAddress or Hostname,IP-aadress või hostinimi,
ClientCore/xml.languagefiles/Service.PortProbe,Port Probe Service,nGenerateOnSuccess,Generate an event if PingProbe was successful,"Kui PingProbe õnnestus, genereerige sündmus",
ClientCore/xml.languagefiles/Service.PortProbe,Port Probe Service,nPortNumber,Port,Port,
ClientCore/xml.languagefiles/Service.PortProbe,Port Probe Service,nSendExpect,Send Message and check for expected message,Saatke sõnum ja kontrollige oodatud sõnumit,
ClientCore/xml.languagefiles/Service.PortProbe,Port Probe Service,szIPAddress,IPAddress or Hostname,IP-aadress või hostinimi,
ClientCore/xml.languagefiles/Service.PortProbe,Port Probe Service,szMessageExpected,Message to expect,Oodatav sõnum,
ClientCore/xml.languagefiles/Service.PortProbe,Port Probe Service,szMessageToSend,Message to send,Sõnum saata,
ClientCore/xml.languagefiles/Service.RELPListener,RELP Listener Service,nTimeOutSession,Session Timeout,Seansi ajalõpp,
ClientCore/xml.languagefiles/Service.RELPListener,RELP Listener Service,nUseSSL,Enable SSL / TLS Encryption.,Luba SSL/TLS-krüptimine.,
ClientCore/xml.languagefiles/Service.RELPListener,RELP Listener Service,szIP_,Permitted Peername / SHA1 / etc,Lubatud partnerinimi / SHA1 / jne,
ClientCore/xml.languagefiles/Service.RELPListener,RELP Listener Service,tlsallowedentries,Permitted Peers,Lubatud eakaaslased,
ClientCore/xml.languagefiles/Service.SETPListener,SETP Listener Service,bIndicateErrorToOrigin,Notify Sender about Rule Action Errors?,Kas teavitada saatjat reegli toimingu vigadest?,
ClientCore/xml.languagefiles/Service.SETPListener,SETP Listener Service,nTimeOutSession,Session Timeout,Seansi ajalõpp,
ClientCore/xml.languagefiles/Service.SETPListener,SETP Listener Service,nUseSSL,"Enable SSL / TLS Encryption. Note if this Option is enabled, NON-SSL Clients will not be able to connect to this Service.","Luba SSL/TLS-krüptimine. Pange tähele, et kui see valik on lubatud, ei saa MITTE SSL-i kliendid selle teenusega ühendust luua.",
ClientCore/xml.languagefiles/Service.SETPListener,SETP Listener Service,nZlibComp,Use zLib Compression to compress the data.,Kasutage andmete tihendamiseks zLib Compression.,
ClientCore/xml.languagefiles/Service.SETPListener,SETP Listener Service,szOptions,Options,Valikud,
ClientCore/xml.languagefiles/Service.SMTPListener,SMTP Listener Service,nSMTPPort,Listener Port,Kuulaja port,
ClientCore/xml.languagefiles/Service.SMTPListener,SMTP Listener Service,nTimeOutLimit,Connection Timeout Limit,Ühenduse ajalõpu piirang,
ClientCore/xml.languagefiles/Service.SMTPProbe,SMTP Probe Service,nGenerateOnSuccess,Generate an event if SMTP Probe was successful,"Kui SMTP Probe oli edukas, genereerige sündmus",
ClientCore/xml.languagefiles/Service.SMTPProbe,SMTP Probe Service,nSMTPPort,SMTP Port,SMTP Port,
ClientCore/xml.languagefiles/Service.SMTPProbe,SMTP Probe Service,szMailServer,SMTP Server,SMTP Server,
ClientCore/xml.languagefiles/Service.SNMPMonitor,SNMP Monitor Service,nCheckPort,SNMP Port,SNMP Port,
ClientCore/xml.languagefiles/Service.SNMPMonitor,SNMP Monitor Service,nInstanceID,Instance subidentifier,Eksemplari alamidentifikaator,
ClientCore/xml.languagefiles/Service.SNMPMonitor,SNMP Monitor Service,nSleepTime,Probe Interval,Sondi intervall,
ClientCore/xml.languagefiles/Service.SNMPMonitor,SNMP Monitor Service,nSnmpVersion,SNMP Version,SNMP versioon,
ClientCore/xml.languagefiles/Service.SNMPMonitor,SNMP Monitor Service,nTimeOutLimit,Timeout limit,Ajalõpu piirang,
ClientCore/xml.languagefiles/Service.SNMPMonitor,SNMP Monitor Service,szCommunity,Community,kogukond,
ClientCore/xml.languagefiles/Service.SNMPMonitor,SNMP Monitor Service,szRemoteHost,Remote host,Kaughost,
ClientCore/xml.languagefiles/Service.SNMPMonitor,SNMP Monitor Service,szSnmpCheckOid,Query OID (Object ID),Päringu OID (objekti ID),
ClientCore/xml.languagefiles/Service.SNMPMonitor,SNMP Monitor Service,szSnmpRelatedValues,SNMP Query related,SNMP Päring on seotud,
ClientCore/xml.languagefiles/Service.SNMPTrapReceiver,SNMP Trap Receiver Service,nAddMibDescriptionToMsg,"Append MIB Description after Mibname (Attention, can be a lot of information!)","Lisage Mibname järele MIB-i kirjeldus (tähelepanu, võib olla palju teavet!)",
ClientCore/xml.languagefiles/Service.SNMPTrapReceiver,SNMP Trap Receiver Service,nCompressOutputFormat,Compress Outputformat (Remove spaces/quotations),Väljundvormingu tihendamine (eemaldage tühikud/jutumärgid),
ClientCore/xml.languagefiles/Service.SNMPTrapReceiver,SNMP Trap Receiver Service,nListenPort,Listener Port,Kuulaja port,
ClientCore/xml.languagefiles/Service.SNMPTrapReceiver,SNMP Trap Receiver Service,nResolveLongMibNames,Fully resolve Mibnames (Long Format),Lahendage Mib-nimed täielikult (pikk vorming),
ClientCore/xml.languagefiles/Service.SNMPTrapReceiver,SNMP Trap Receiver Service,nResolveMibNamesShort,Use short Format (Last Portion only),Kasutage lühikest vormingut (ainult viimane osa),
ClientCore/xml.languagefiles/Service.SNMPTrapReceiver,SNMP Trap Receiver Service,nSnmpVersion,SNMP Version,SNMP versioon,
ClientCore/xml.languagefiles/Service.SerialPortMonitor,Serial Port Monitor Service,nBps,Bits per second,Bitti sekundis,
ClientCore/xml.languagefiles/Service.SerialPortMonitor,Serial Port Monitor Service,nDatabits,Data bits,Andmebitid,
ClientCore/xml.languagefiles/Service.SerialPortMonitor,Serial Port Monitor Service,nDtsControl,DTR Control Flow,DTR juhtimisvoog,
ClientCore/xml.languagefiles/Service.SerialPortMonitor,Serial Port Monitor Service,nParity,Parity,Pariteet,
ClientCore/xml.languagefiles/Service.SerialPortMonitor,Serial Port Monitor Service,nRtsControl,RTS Control Flow,RTS juhtimisvoog,
ClientCore/xml.languagefiles/Service.SerialPortMonitor,Serial Port Monitor Service,nStopbits,Stop bits,Stop bits,
ClientCore/xml.languagefiles/Service.SerialPortMonitor,Serial Port Monitor Service,szDtsControlDisable,DTR Control Disable,DTR-juhtimise keelamine,
ClientCore/xml.languagefiles/Service.SerialPortMonitor,Serial Port Monitor Service,szDtsControlEnable,DTR Control Enable,DTR-juhtimise lubamine,
ClientCore/xml.languagefiles/Service.SerialPortMonitor,Serial Port Monitor Service,szDtsControlHandshake,DTR Control Handshake,DTR-juhtimise käepigistus,
ClientCore/xml.languagefiles/Service.SerialPortMonitor,Serial Port Monitor Service,szEvenParity,Even Parity,Isegi Parity,
ClientCore/xml.languagefiles/Service.SerialPortMonitor,Serial Port Monitor Service,szMarkParity,Mark Parity,Mark Parity,
ClientCore/xml.languagefiles/Service.SerialPortMonitor,Serial Port Monitor Service,szMessageBegin,Send this on startup,Saatke see käivitamisel,
ClientCore/xml.languagefiles/Service.SerialPortMonitor,Serial Port Monitor Service,szMessageEnd,How the message is ended,Kuidas sõnum lõpeb,
ClientCore/xml.languagefiles/Service.SerialPortMonitor,Serial Port Monitor Service,szNoParity,No Parity,Pariteeti pole,
ClientCore/xml.languagefiles/Service.SerialPortMonitor,Serial Port Monitor Service,szOddParity,Odd Parity,Odd Parity,
ClientCore/xml.languagefiles/Service.SerialPortMonitor,Serial Port Monitor Service,szOne5StopBits,"1,5 Stop bit","1,5 Stop bit",
ClientCore/xml.languagefiles/Service.SerialPortMonitor,Serial Port Monitor Service,szOneStopBit,1 Stop bit,1 Stop bit,
ClientCore/xml.languagefiles/Service.SerialPortMonitor,Serial Port Monitor Service,szPortName,Which Port do you want to monitor,Millist porti soovite jälgida,
ClientCore/xml.languagefiles/Service.SerialPortMonitor,Serial Port Monitor Service,szPortSettings,Port Settings,Pordi sätted,
ClientCore/xml.languagefiles/Service.SerialPortMonitor,Serial Port Monitor Service,szRtsControlDisable,RTS Control Disable,RTS-i juhtimise keelamine,
ClientCore/xml.languagefiles/Service.SerialPortMonitor,Serial Port Monitor Service,szRtsControlEnable,RTS Control Enable,RTS-juhtimise lubamine,
ClientCore/xml.languagefiles/Service.SerialPortMonitor,Serial Port Monitor Service,szRtsControlHandshake,RTS Control Handshake,RTS Control Handshake,
ClientCore/xml.languagefiles/Service.SerialPortMonitor,Serial Port Monitor Service,szRtsControlToggle,RTS Control Toggle,RTS-juhtimise lüliti,
ClientCore/xml.languagefiles/Service.SerialPortMonitor,Serial Port Monitor Service,szSpaceParity,Space Parity,Kosmose pariteet,
ClientCore/xml.languagefiles/Service.SerialPortMonitor,Serial Port Monitor Service,szTwoStopBits,2 Stop bits,2 Stop bitti,
ClientCore/xml.languagefiles/Service.SyslogListener,Syslog Listener Service,bIsRegex_,Enable Regular Expression,Luba regulaaravaldis,
ClientCore/xml.languagefiles/Service.SyslogListener,Syslog Listener Service,btnButtonSendSyslog,Test Syslog Server,Testige Syslog serverit,
ClientCore/xml.languagefiles/Service.SyslogListener,Syslog Listener Service,lbl_syslogRFC3195,RFC3195,RFC3195,
ClientCore/xml.languagefiles/Service.SyslogListener,Syslog Listener Service,lbl_syslogTCP,TCP,TCP,
ClientCore/xml.languagefiles/Service.SyslogListener,Syslog Listener Service,lbl_syslogUDP,UDP,UDP,
ClientCore/xml.languagefiles/Service.SyslogListener,Syslog Listener Service,msgseps,List of additional separators,Täiendavate eraldajate loend,
ClientCore/xml.languagefiles/Service.SyslogListener,Syslog Listener Service,nEnableMultiCastGroup,Enable receiving from a UDP Multicast Group,Lubage vastuvõtmine UDP multisaaterühmast,
ClientCore/xml.languagefiles/Service.SyslogListener,Syslog Listener Service,nEnableMultiTCPMsgSep,Enable multiple message separators,Mitme sõnumi eraldaja lubamine,
ClientCore/xml.languagefiles/Service.SyslogListener,Syslog Listener Service,nEnableTCPMsgSep,Messages are separated by the following sequence,Sõnumid on eraldatud järgmise järjestusega,
ClientCore/xml.languagefiles/Service.SyslogListener,Syslog Listener Service,nEscapeControlCharacters,Escape control characters,Põgenemise juhttegelased,
ClientCore/xml.languagefiles/Service.SyslogListener,Syslog Listener Service,nForceUTF8Decoding,Force UTF8 Decoding if encoding could not be detected automatically.,"Sundige UTF8 dekodeerimine, kui kodeeringut ei õnnestunud automaatselt tuvastada.",
ClientCore/xml.languagefiles/Service.SyslogListener,Syslog Listener Service,nListenPort,Listener Port,Kuulaja port,
ClientCore/xml.languagefiles/Service.SyslogListener,Syslog Listener Service,nParseSyslogDate,Use original message timestamp (RFC 3164),Kasutage algse sõnumi ajatemplit (RFC 3164),
ClientCore/xml.languagefiles/Service.SyslogListener,Syslog Listener Service,nProtocolType,Protocol Type,Protokolli tüüp,
ClientCore/xml.languagefiles/Service.SyslogListener,Syslog Listener Service,nRFC3164DetectYear,Try to parse year from message timestamp (RFC 3164),Proovige sõeluda aastat sõnumi ajatemplist (RFC 3164),
ClientCore/xml.languagefiles/Service.SyslogListener,Syslog Listener Service,nRFC3164Parsing,Enable RFC3164 Parsing,Lubage RFC3164 sõelumine,
ClientCore/xml.languagefiles/Service.SyslogListener,Syslog Listener Service,nRFC5424AddProcID2SyslogTag,Append ProcessID to Syslogtag if available,"Lisage protsessi ID märgisele Syslog, kui see on saadaval",
ClientCore/xml.languagefiles/Service.SyslogListener,Syslog Listener Service,nRFC5424Parsing,Enable RFC5424 Parsing,Lubage RFC5424 sõelumine,
ClientCore/xml.languagefiles/Service.SyslogListener,Syslog Listener Service,nResolveNames,Resolve Hostnames,Hostinimede lahendamine,
ClientCore/xml.languagefiles/Service.SyslogListener,Syslog Listener Service,nSaveSourceIntoProperty,Save original source into property,Salvestage algallikas varasse,
ClientCore/xml.languagefiles/Service.SyslogListener,Syslog Listener Service,nTCPMaxSessions,Maximum TCP sessions,Maksimaalsed TCP-seansid,
ClientCore/xml.languagefiles/Service.SyslogListener,Syslog Listener Service,nTCPMaxSessions.tooltip,Maximum number of concurrent TCP receiver sessions. Use 0 to disable the cap.,Samaaegsete TCP vastuvotuseansside maksimaalne arv. Vaartus 0 keelab piirangu.,
ClientCore/xml.languagefiles/Service.SyslogListener,Syslog Listener Service,nTLSAllowExpiredCerts,Allow expired peer certificates,Luba aegunud partnerisertifikaadid,
ClientCore/xml.languagefiles/Service.SyslogListener,Syslog Listener Service,nTLSAllowExpiredCerts.tooltip,"Compatibility mode. When enabled, expired peer certificates are accepted. Disable to reject expired certificates.","Uhildumisreziim. Kui see on lubatud, aktsepteeritakse aegunud partnerisertifikaate. Keelake see aegunud sertifikaatide tagasilukkamiseks.",
ClientCore/xml.languagefiles/Service.SyslogListener,Syslog Listener Service,nTLSFailOnConfigCommandError,Fail on TLS config command errors,TLS-i konfiguratsioonikasu vigade korral nurju,
ClientCore/xml.languagefiles/Service.SyslogListener,Syslog Listener Service,nTLSFailOnConfigCommandError.tooltip,"When enabled, listener setup fails if configured OpenSSL commands cannot be applied. By default errors are logged and setup continues.","Kui see on lubatud, nurjub listeneri seadistus, kui konfigureeritud OpenSSL-i kaske ei saa rakendada. Vaikimisi vead logitakse ja seadistus jatkub.",
ClientCore/xml.languagefiles/Service.SyslogListener,Syslog Listener Service,nTLSHandshakeTimeout,TLS handshake timeout,TLS-kaepigistuse ajalimiit,
ClientCore/xml.languagefiles/Service.SyslogListener,Syslog Listener Service,nTLSHandshakeTimeout.tooltip,Maximum time in milliseconds allowed for a TLS handshake before the connection is closed.,Maksimaalne aeg millisekundites TLS-kaepigistuseks enne uhenduse sulgemist.,
ClientCore/xml.languagefiles/Service.SyslogListener,Syslog Listener Service,nTLSLegacyFingerprintMatch,Allow legacy fingerprint matching,Luba legacy fingerprint sobitamine,
ClientCore/xml.languagefiles/Service.SyslogListener,Syslog Listener Service,nTLSLegacyFingerprintMatch.tooltip,"Compatibility mode. When enabled, legacy SHA-1 substring fingerprint matching remains allowed. Disable to require normalized exact SHA-1/SHA-256 fingerprints.","Uhildumisreziim. Kui see on lubatud, jaab vana SHA-1 alamstringi sobitamine lubatuks. Keelake see normaliseeritud tapselt vastavate SHA-1/SHA-256 fingerprintide noudeks.",
ClientCore/xml.languagefiles/Service.SyslogListener,Syslog Listener Service,nTLSLegacyPeerNameMatch,Allow legacy peer name matching,Luba parandreziimi partnerinime sobitamine,
ClientCore/xml.languagefiles/Service.SyslogListener,Syslog Listener Service,nTLSLegacyPeerNameMatch.tooltip,"Compatibility mode. When enabled, legacy subject substring matching remains allowed. Disable to require strict SAN/CN matching.","Uhildumisreziim. Kui see on lubatud, jaab vana subjekti alamstringi sobitamine lubatuks. Keelake see range SAN/CN sobitamise noudeks.",
ClientCore/xml.languagefiles/Service.SyslogListener,Syslog Listener Service,nTakeSourceSysFromSyslogMsg,Take source system from Syslog message,Võtke lähtesüsteem Syslog sõnumist,
ClientCore/xml.languagefiles/Service.SyslogListener,Syslog Listener Service,nTimeOutMsg,Message Completion Timeout,Sõnumi lõpetamise ajalõpp,
ClientCore/xml.languagefiles/Service.SyslogListener,Syslog Listener Service,nTimeOutSession,Session Timeout,Seansi ajalõpp,
ClientCore/xml.languagefiles/Service.SyslogListener,Syslog Listener Service,nTryDetectMessageEncoding,"Automatically detect Message Encoding (UTF8, SHIFT_JIS, EUC-JP)","Tuvastage automaatselt sõnumi kodeering (UTF8, SHIFT_JIS, EUC-JP)",
ClientCore/xml.languagefiles/Service.SyslogListener,Syslog Listener Service,nUseSSL,"Enable SSL / TLS Encryption. Note if this Option is enabled, NON-SSL Clients will not be able to connect to this Service.","Luba SSL/TLS-krüptimine. Pange tähele, et kui see valik on lubatud, ei saa MITTE SSL-i kliendid selle teenusega ühendust luua.",
ClientCore/xml.languagefiles/Service.SyslogListener,Syslog Listener Service,nZlibComp,Use zLib Compression to compress the data.,Kasutage andmete tihendamiseks zLib Compression.,
ClientCore/xml.languagefiles/Service.SyslogListener,Syslog Listener Service,szDetailProperties,Details,Üksikasjad,
ClientCore/xml.languagefiles/Service.SyslogListener,Syslog Listener Service,szIP_,Permitted Peername / SHA1 / etc,Lubatud partnerinimi / SHA1 / jne,
ClientCore/xml.languagefiles/Service.SyslogListener,Syslog Listener Service,szMsgSep_,Message separation sequence,Sõnumite eraldamise järjekord,
ClientCore/xml.languagefiles/Service.SyslogListener,Syslog Listener Service,szMultiCastAddress,Multicast Address,Multisaate aadress,
ClientCore/xml.languagefiles/Service.SyslogListener,Syslog Listener Service,szMyIPAddress,IP Address,IP-aadress,
ClientCore/xml.languagefiles/Service.SyslogListener,Syslog Listener Service,szSaveSourceProperty,Propertyname: ,Kinnisvara nimi:,
ClientCore/xml.languagefiles/Service.SyslogListener,Syslog Listener Service,szTCPMsgSep,Message separation sequence,Sõnumite eraldamise järjekord,
ClientCore/xml.languagefiles/Service.SyslogListener,Syslog Listener Service,szTCPOptions,TCPOptions,TCPO valikud,
ClientCore/xml.languagefiles/Service.SyslogListener,Syslog Listener Service,szTLSAdvancedOptions,TLS Advanced,TLS taiendatud,
ClientCore/xml.languagefiles/Service.SyslogListener,Syslog Listener Service,szTLSOptions,Syslog TLS,Syslog TLS,
ClientCore/xml.languagefiles/Service.SyslogListener,Syslog Listener Service,szTabEncoding,Encoding,Kodeerimine,
ClientCore/xml.languagefiles/Service.SyslogListener,Syslog Listener Service,szTabGeneral,General,Üldine,
ClientCore/xml.languagefiles/Service.SyslogListener,Syslog Listener Service,szUDPOptions,UDP Options,UDP valikud,
ClientCore/xml.languagefiles/Service.SyslogListener,Syslog Listener Service,tlsallowedentries,Permitted Peers,Lubatud eakaaslased,
