Unit,Unit Name,ID,English,Sprache,Comment
ClientCore/CTimeHelper,C Time Helper,szTime100milliseconds,100 Milliseconds,100 millisecondi,
ClientCore/CTimeHelper,C Time Helper,szTime10milliseconds,10 milliseconds,10 millisecondi,
ClientCore/CTimeHelper,C Time Helper,szTime1millisecond,1 millisecond,1 millisecondo,
ClientCore/CTimeHelper,C Time Helper,szTime250milliseconds,250 Milliseconds,250 millisecondi,
ClientCore/CTimeHelper,C Time Helper,szTime500milliseconds,500 Milliseconds,500 millisecondi,
ClientCore/CTimeHelper,C Time Helper,szTime50milliseconds,50 milliseconds,50 millisecondi,
ClientCore/CTimeHelper,C Time Helper,szTime5milliseconds,5 milliseconds,5 millisecondi,
ClientCore/CTimeHelper,C Time Helper,szTimeCustom,-- Custom --,-- Personalizzato --,
ClientCore/CTimeHelper,C Time Helper,szTimeDisabled,0 (disabled),0 (disabilitato),
ClientCore/CTimeHelper,C Time Helper,szTimeFifteenMinutes,15 Minutes,15 minuti,
ClientCore/CTimeHelper,C Time Helper,szTimeFifteenSecond,15 seconds,15 secondi,
ClientCore/CTimeHelper,C Time Helper,szTimeFiveMinutes,5 Minutes,5 minuti,
ClientCore/CTimeHelper,C Time Helper,szTimeFiveSecond,5 seconds,5 secondi,
ClientCore/CTimeHelper,C Time Helper,szTimeFortyFiveSecond,45 seconds,45 secondi,
ClientCore/CTimeHelper,C Time Helper,szTimeHalfHour,30 minutes,30 minuti,
ClientCore/CTimeHelper,C Time Helper,szTimeOneHour,1 hour,1 ora,
ClientCore/CTimeHelper,C Time Helper,szTimeOneMinute,1 Minute,1 minuto,
ClientCore/CTimeHelper,C Time Helper,szTimeOneSecond,1 second,1 secondo,
ClientCore/CTimeHelper,C Time Helper,szTimeSixHours,6 hours,6 ore,
ClientCore/CTimeHelper,C Time Helper,szTimeTenSecond,10 seconds,10 secondi,
ClientCore/CTimeHelper,C Time Helper,szTimeThirtySecond,30 seconds,30 secondi,
ClientCore/CTimeHelper,C Time Helper,szTimeThreeHours,3 hours,3 ore,
ClientCore/CTimeHelper,C Time Helper,szTimeTwelveHours,12 hours,12 ore,
ClientCore/CTimeHelper,C Time Helper,szTimeTwentyFourHours,24 hours,24 ore,
ClientCore/CTimeHelper,C Time Helper,szTimeTwoHours,2 hours,2 ore,
ClientCore/CTimeHelper,C Time Helper,szUnitHour,hours,ore,
ClientCore/CTimeHelper,C Time Helper,szUnitMilliSecond,milliseconds,millisecondi,
ClientCore/CTimeHelper,C Time Helper,szUnitMinute,minutes,minuti,
ClientCore/CTimeHelper,C Time Helper,szUnitSecond,seconds,secondi,
ClientCore/extIPAddressTextBox,ext IP Address Text Box,$this.Name,IPAddressTextBox,,
ClientCore/frmAboutTemplate,About Template Form,$this.Text,frmAbout,,
ClientCore/frmAboutTemplate,About Template Form,lblClient.Text,Client Version: ,Versione cliente:,
ClientCore/frmAboutTemplate,About Template Form,lblClientVersion.Text,1.x,,
ClientCore/frmAboutTemplate,About Template Form,lblLink.Text,www.product.com,,
ClientCore/frmAboutTemplate,About Template Form,lblMoreInformation.Text,More Information at,Maggiori informazioni su,
ClientCore/frmAboutTemplate,About Template Form,lblService.Text,Service Version: ,Versione del servizio:,
ClientCore/frmAboutTemplate,About Template Form,lblServiceVersion.Text,1.x,,
ClientCore/frmAboutTemplate,About Template Form,lblTitle.Text,About [Product],,
ClientCore/frmAddRule,Add Rule Form,$this.Text,Add Rule,,
ClientCore/frmAddRule,Add Rule Form,cmdCancel.Text,Cancel,Annulla,
ClientCore/frmAddRule,Add Rule Form,cmdOK.Text,OK,OK,
ClientCore/frmAddRule,Add Rule Form,lblAfterRuleAdded.Text,After the Rule has been added...,Dopo aver aggiunto la regola...,
ClientCore/frmAddRule,Add Rule Form,lblExample.Text,For example MyRule or Rule1,Ad esempio MiaRegola o Regola1,
ClientCore/frmAddRule,Add Rule Form,lblName.Text,Enter the Name of the new Rule,Immetti il nome della nuova regola,
ClientCore/frmAddRule,Add Rule Form,lblTitle.Text,Adding a new Rule ...,Aggiunta di una nuova regola...,
ClientCore/frmAddRule,Add Rule Form,rdAddActions.Text,Add the selected Actions to the Rule.,Aggiungi le azioni selezionate alla regola.,
ClientCore/frmAddRule,Add Rule Form,rdNoActions.Text,Do not add any Actions yet.,Non aggiungere ancora alcuna azione.,
ClientCore/frmAddRuleSet,Add Rule Set Form,$this.Text,Add RuleSet,,
ClientCore/frmAddRuleSet,Add Rule Set Form,cmdCancel.Text,Cancel,Annulla,
ClientCore/frmAddRuleSet,Add Rule Set Form,cmdOK.Text,OK,OK,
ClientCore/frmAddRuleSet,Add Rule Set Form,lblAfterRuleSet.Text,After the RuleSet has been added...,Dopo aver aggiunto il set di regole...,
ClientCore/frmAddRuleSet,Add Rule Set Form,lblExample.Text,For example MyRuleSet or RuleSet1,Ad esempio MioSetDiRegole o SetDiRegole1,
ClientCore/frmAddRuleSet,Add Rule Set Form,lblName.Text,Enter the Name of the new RuleSet,Immetti il nome del nuovo set di regole,
ClientCore/frmAddRuleSet,Add Rule Set Form,lblTitle.Text,Adding a new RuleSet ...,Aggiunta di un nuovo set di regole...,
ClientCore/frmAddRuleSet,Add Rule Set Form,rdNoRule.Text,Do not add a Rule yet.,Non aggiungere ancora alcuna regola.,
ClientCore/frmAddRuleSet,Add Rule Set Form,rdRulePerAction.Text,Add a Rule for each of these Actions.,Aggiungi una regola per ciascuna di queste azioni.,
ClientCore/frmAddRuleSet,Add Rule Set Form,rdSingleRule.Text,Add a single Rule including these Actions.,Aggiungi una singola regola che includa queste azioni.,
ClientCore/frmClientConfig,Client Config Form,$this.Text,Options,,
ClientCore/frmClientConfig,Client Config Form,btnValidateUrl.Text,Validate,Convalidare,
ClientCore/frmClientConfig,Client Config Form,chkAlwaysReloadApplication.Text,Always ask to reload application on language change,Chiedi sempre di ricaricare l'applicazione quando cambi lingua,
ClientCore/frmClientConfig,Client Config Form,chkAutoConfigReloadFromUrl.Text,Automatically Reload Configuration from URL (https required),Ricarica automaticamente la configurazione dall'URL (richiesto https),
ClientCore/frmClientConfig,Client Config Form,chkAutoSaveWarning.Text,Suppress Autosave warning message,Elimina il messaggio di avviso di salvataggio automatico,
ClientCore/frmClientConfig,Client Config Form,chkAutoSortDataGrids.Text,Sort Datagrid Lists automatically,Ordina automaticamente le griglie dati:,
ClientCore/frmClientConfig,Client Config Form,chkLoadMibsDescription.Text,Load SNMP Mibs Description  (Slows OID Browser down first time),Carica le descrizioni SNMP MIB (rallenta il browser OID al primo avvio),
ClientCore/frmClientConfig,Client Config Form,chkServiceWarning.Text,Suppress warning when a service is deleted,Elimina l'avviso quando un servizio viene eliminato,
ClientCore/frmClientConfig,Client Config Form,chkSplitConfigurationForRuleSets.Text,Create individual configuration files for RuleSets,Crea file di configurazione individuali per i set di regole,
ClientCore/frmClientConfig,Client Config Form,chkSplitConfigurationForServices.Text,Create individual configuration files for Services,Crea file di configurazione individuali per i servizi,
ClientCore/frmClientConfig,Client Config Form,cmdBrowseFileConfig.Text,Browse,,
ClientCore/frmClientConfig,Client Config Form,cmdBrowseFileData.Text,Browse,,
ClientCore/frmClientConfig,Client Config Form,cmdCancel.Text,Cancel,Annulla,
ClientCore/frmClientConfig,Client Config Form,cmdOK.Text,OK,OK,
ClientCore/frmClientConfig,Client Config Form,lblAutoConfigReloadFromUrlSleepTime.Text,Check interval: ,Intervallo di controllo:,
ClientCore/frmClientConfig,Client Config Form,lblBaseKey.Text,Base Registry Key:,Chiave di registro di base:,
ClientCore/frmClientConfig,Client Config Form,lblConfigFilename.Text,Confiuration Filename:,Nome file di configurazione:,
ClientCore/frmClientConfig,Client Config Form,lblDataDirectory.Text,Data Directory:,Directory dei dati:,
ClientCore/frmClientConfig,Client Config Form,lblDataKey.Text,Data Registry Key:,Chiave di registro dei dati:,
ClientCore/frmClientConfig,Client Config Form,lblLanguage.Text,Choose Display language:,Scegli la tua lingua:,
ClientCore/frmClientConfig,Client Config Form,lblRootKey.Text,Root Registry Key:,Chiave del registro principale:,
ClientCore/frmClientConfig,Client Config Form,rbFile.Text,Load Configuration from File,Carica configurazione da file,
ClientCore/frmClientConfig,Client Config Form,rbRegistry.Text,Load Configuration from Registry ,Carica la configurazione dal registro,
ClientCore/frmClientConfig,Client Config Form,tpConfigAccess.Text,Config Access,Accesso alla configurazione,
ClientCore/frmClientConfig,Client Config Form,tpGeneral.Text,General,Generale,
ClientCore/frmConfig,Config Form,$this.Text,frmConfig,,
ClientCore/frmConfig,Config Form,szTLSCommandsInfo,"By enabling this option, you can set OpenSSL configuration commands directly. For more information on available configuration parameters for each command type, visit: ","Abilitando questa opzione, puoi impostare direttamente i comandi di configurazione OpenSSL. Per ulteriori informazioni sui parametri di configurazione disponibili per ciascun tipo di comando, visitare:",
ClientCore/frmConfig,Config Form,szTLSCommandsInfoLink,OpenSSL SSL_CONF_cmd documentation,Documentazione OpenSSL SSL_CONF_cmd,
ClientCore/frmEventViewer,Event Viewer Form,$this.Text,EventViewer,Visualizzatore eventi,
ClientCore/frmEventViewer,Event Viewer Form,SFDiagEvents.Title,Save selected Events as ...,,
ClientCore/frmEventViewer,Event Viewer Form,STBEvents.Text,statusStrip1,,
ClientCore/frmEventViewer,Event Viewer Form,cDateTime.HeaderText,Date and Time,Data e ora,
ClientCore/frmEventViewer,Event Viewer Form,cEventID.HeaderText,Event ID,Event ID,
ClientCore/frmEventViewer,Event Viewer Form,cEventIndex.HeaderText,Index [hidden],,
ClientCore/frmEventViewer,Event Viewer Form,cEventLevel.HeaderText,Event Level,Livello evento,
ClientCore/frmEventViewer,Event Viewer Form,cLevelImage.HeaderText,_,,
ClientCore/frmEventViewer,Event Viewer Form,cSource.HeaderText,Source,Fonte,
ClientCore/frmEventViewer,Event Viewer Form,cTaskCategory.HeaderText,Task Category,Categoria di attività,
ClientCore/frmEventViewer,Event Viewer Form,cbTimeMode.Items,Any time,,
ClientCore/frmEventViewer,Event Viewer Form,cbTimeMode.Items1,Last hour,,
ClientCore/frmEventViewer,Event Viewer Form,cbTimeMode.Items2,Last 12 hours,,
ClientCore/frmEventViewer,Event Viewer Form,cbTimeMode.Items3,Last 24 hours,,
ClientCore/frmEventViewer,Event Viewer Form,cbTimeMode.Items4,Last 7 days,,
ClientCore/frmEventViewer,Event Viewer Form,cbTimeMode.Items5,Last 30 days,,
ClientCore/frmEventViewer,Event Viewer Form,cbTimeMode.Items6,<< Custom Range >>,,
ClientCore/frmEventViewer,Event Viewer Form,cmdEventProperties.Text,Event Properties,Proprietà evento,
ClientCore/frmEventViewer,Event Viewer Form,cmdFilterEvents.Text,Filter Events,Filtri eventi,
ClientCore/frmEventViewer,Event Viewer Form,cmdRefresh.Text,Refresh,Aggiorna,
ClientCore/frmEventViewer,Event Viewer Form,cmdResetView.Text,Reset View,ReimpostaVisualizzazione,
ClientCore/frmEventViewer,Event Viewer Form,cmdSaveEvents.Text,Save Events,Salva eventi,
ClientCore/frmEventViewer,Event Viewer Form,cmdSearch.Text,Search,Ricerca,
ClientCore/frmEventViewer,Event Viewer Form,cmdSearchGo.Text,Search !,,
ClientCore/frmEventViewer,Event Viewer Form,lblActions.Text,Actions,Azioni,
ClientCore/frmEventViewer,Event Viewer Form,lblEventCount.Text,0,,
ClientCore/frmEventViewer,Event Viewer Form,lblFilterEventTypes.Text,Select Eventlevels,,
ClientCore/frmEventViewer,Event Viewer Form,lblFilterOptions.Text,Filter Options,Opzioni filtro,
ClientCore/frmEventViewer,Event Viewer Form,lblSearch.Text,Search,Ricerca,
ClientCore/frmEventViewer,Event Viewer Form,lblStatus.Text,Status,Stato,
ClientCore/frmEventViewer,Event Viewer Form,lblTools.Text,Tools,Utensili,
ClientCore/frmEventViewer,Event Viewer Form,lvEventTypes.Text,lvEventTypes,,
ClientCore/frmEventViewer,Event Viewer Form,mnuCopy.Text,Copy,,
ClientCore/frmEventViewer,Event Viewer Form,mnuCopyDetails.Text,Copy Details,,
ClientCore/frmEventViewer,Event Viewer Form,mnuCopyTable.Text,Copy Table,,
ClientCore/frmEventViewer,Event Viewer Form,mnuEventProperties.Text,Event Properties,,
ClientCore/frmEventViewer,Event Viewer Form,mnuRefresh.Text,Refresh,,
ClientCore/frmEventViewer,Event Viewer Form,mnuResetView.Text,Reset View,,
ClientCore/frmEventViewer,Event Viewer Form,mnuSaveSelectedEvents.Text,Save Selected Events ...,,
ClientCore/frmEventViewer,Event Viewer Form,statusCancelButton.Text,Cancel EventFrefresh,,
ClientCore/frmEventViewer,Event Viewer Form,tslblEventCount.Text,Eventcount: ,Conteggio eventi:,
ClientCore/frmEventViewer,Event Viewer Form,txtSearchEvents.ToolTipText,Enter a search pattern and hit return to perform a search,,
ClientCore/frmEventViewerDetail,Event Viewer Detail Form,$this.Text,Event Properties,Proprietà evento,
ClientCore/frmEventViewerDetail,Event Viewer Detail Form,cmdClose.Text,Close,Chiudi,
ClientCore/frmEventViewerDetail,Event Viewer Detail Form,cmdCopy.Text,Copy,Copia,
ClientCore/frmExportConfigScope,Export Config Scope Form,$this.Text,Export configuration,Esporta configurazione,
ClientCore/frmExportConfigScope,Export Config Scope Form,btnCancel.Text,Cancel,Annulla,
ClientCore/frmExportConfigScope,Export Config Scope Form,btnNext.Text,Next…,Avanti…,
ClientCore/frmExportConfigScope,Export Config Scope Form,lblExportFullDesc.Text,"Exports all general settings (including license), services, and rule sets.","Esporta tutte le impostazioni generali (inclusa la licenza), servizi e set di regole.",
ClientCore/frmExportConfigScope,Export Config Scope Form,lblExportNoGeneralDesc.Text,"Exports only services and rule sets. No general blocks (e.g. engine, debug, license) are written.","Esporta solo servizi e set di regole. Non vengono scritti blocchi generali (ad es. motore, debug, licenza).",
ClientCore/frmExportConfigScope,Export Config Scope Form,lblExportNoLicenseDesc.Text,"Exports all general settings except the license block, plus services and rule sets.","Esporta tutte le impostazioni generali tranne il blocco licenza, più servizi e set di regole.",
ClientCore/frmExportConfigScope,Export Config Scope Form,lblIntro.Text,Choose what to include in the exported file. You will choose where to save in the next step.,Scegliere cosa includere nel file esportato. Nel passaggio successivo si sceglierà dove salvare.,
ClientCore/frmExportConfigScope,Export Config Scope Form,rbExportFull.Text,Full export,Esportazione completa,
ClientCore/frmExportConfigScope,Export Config Scope Form,rbExportNoGeneral.Text,Full export (without general settings),Esportazione completa (senza impostazioni generali),
ClientCore/frmExportConfigScope,Export Config Scope Form,rbExportNoLicense.Text,Full export (without license),Esportazione completa (senza licenza),
ClientCore/frmFilters,Filters Form,$this.Text,Filters,,
ClientCore/frmFilters,Filters Form,TVFilters.ImageKey,Root,,
ClientCore/frmFilters,Filters Form,TVFilters.SelectedImageKey,Root,,
ClientCore/frmFilters,Filters Form,chkGlobalCondProperty.Text,Global Conditions relative to this property,Condizioni Globali relative a questo immobile,
ClientCore/frmFilters,Filters Form,chkMinimumWaitTime.Text,Minimum WaitTime,Tempo di attesa minimo,
ClientCore/frmFilters,Filters Form,chkOccurrences.Text,Fire only if Event occurs,Spara solo se si verifica un evento,
ClientCore/frmFilters,Filters Form,chkSaveIntoPropertyName.Text,"If filter matches, store the text into the following Property","Se il filtro corrisponde, memorizza il testo nella seguente proprietà",
ClientCore/frmFilters,Filters Form,chkThreatNotFoundFilters.Text,Treat not found filters as TRUE,Considera i filtri non trovati come VERI,
ClientCore/frmFilters,Filters Form,cmdAddFilter.Text,Add Filter >,,
ClientCore/frmFilters,Filters Form,cmdAnd.Text,AND,,
ClientCore/frmFilters,Filters Form,cmdBrowse.Text,Browse,Sfoglia,
ClientCore/frmFilters,Filters Form,cmdChangeOperator.Text,Change Operator,Cambia operatore,
ClientCore/frmFilters,Filters Form,cmdCloneFilter.Text,Clone Filter,Clona il filtro,
ClientCore/frmFilters,Filters Form,cmdDelete.Text,Delete,Eliminare,
ClientCore/frmFilters,Filters Form,cmdFalse.Text,FALSE,,
ClientCore/frmFilters,Filters Form,cmdNot.Text,NOT,,
ClientCore/frmFilters,Filters Form,cmdOr.Text,OR,,
ClientCore/frmFilters,Filters Form,cmdTrue.Text,TRUE,,
ClientCore/frmFilters,Filters Form,cmdXor.Text,XOR,,
ClientCore/frmFilters,Filters Form,deleteFilterToolStripMenuItem.Text,Delete Filter,Elimina il filtro,
ClientCore/frmFilters,Filters Form,dtPropertyValue.CustomFormat,HH-mm-ss,,
ClientCore/frmFilters,Filters Form,gbButtons.Text,Tools,Utensili,
ClientCore/frmFilters,Filters Form,lblBasicFilters.Text,Basic Filters,Filtri di base,
ClientCore/frmFilters,Filters Form,lblCompareOperation.Text,Compare Operation: ,Confronta operazione:,
ClientCore/frmFilters,Filters Form,lblFileSystemMonServices.Text,File&System Monitoring Services,Servizi di monitoraggio file e sistema,
ClientCore/frmFilters,Filters Form,lblGCProp.Text,Insert,Inserire,
ClientCore/frmFilters,Filters Form,lblMore.Text,Learn about Filters,Ulteriori informazioni sui filtri,
ClientCore/frmFilters,Filters Form,lblNetworkRelatedServices.Text,Network related Services,Servizi relativi alla rete,
ClientCore/frmFilters,Filters Form,lblOccurrences2.Text,seconds.,secondi.,
ClientCore/frmFilters,Filters Form,lblOperations.Text,Add Operations,Aggiungi operazioni,
ClientCore/frmFilters,Filters Form,lblProbeServices.Text,Probe Services,Servizi sonda,
ClientCore/frmFilters,Filters Form,lblPropertyName.Text,Propety Name: ,Nome della proprietà:,
ClientCore/frmFilters,Filters Form,lblPropertyValue.Text,Set Property Value: ,Imposta valore proprietà:,
ClientCore/frmFilters,Filters Form,lblRangeEnd.Text,End:,FINE:,
ClientCore/frmFilters,Filters Form,lblRangeStart.Text,Start:,Inizio:,
ClientCore/frmFilters,Filters Form,lblSeconds.Text,seconds.,secondi.,
ClientCore/frmFilters,Filters Form,lblSelectTimeMode.Text,Select TimeMode,Seleziona Modalità Ora,
ClientCore/frmFilters,Filters Form,lblSpecialOps.Text,"Special Operations, useful for debugging","Operazioni speciali, utili per il debug",
ClientCore/frmFilters,Filters Form,lbltimeswithin.Text,times within,volte dentro,
ClientCore/frmFilters,Filters Form,mnuAddFilter.Text,Add Filter >,Aggiungi filtro >,
ClientCore/frmFilters,Filters Form,mnuAddOperation.Text,Add Operation >,Aggiungi operazione >,
ClientCore/frmFilters,Filters Form,mnuAgentIP.Text,Agent IP,,
ClientCore/frmFilters,Filters Form,mnuAnd.Text,AND,,
ClientCore/frmFilters,Filters Form,mnuCPULoad.Text,CPU Load,,
ClientCore/frmFilters,Filters Form,mnuCPUMemoryMonitor.Text,CPU/Memory Monitor,,
ClientCore/frmFilters,Filters Form,mnuCPUNumber.Text,CPU Number,,
ClientCore/frmFilters,Filters Form,mnuClear.Text,Clear,Chiaro,
ClientCore/frmFilters,Filters Form,mnuCloneFilter.Text,Clone Filter,Clona il filtro,
ClientCore/frmFilters,Filters Form,mnuCommunity.Text,Community,,
ClientCore/frmFilters,Filters Form,mnuCopy.Text,Copy,Copia,
ClientCore/frmFilters,Filters Form,mnuCustomProperty.Text,Custom Property,Proprietà personalizzata,
ClientCore/frmFilters,Filters Form,mnuCustomerID.Text,CustomerID,,
ClientCore/frmFilters,Filters Form,mnuDateTime.Text,Date/Time,Data/Ora,
ClientCore/frmFilters,Filters Form,mnuDiskSpaceLeft.Text,Disk Space left (%),,
ClientCore/frmFilters,Filters Form,mnuDiskSpaceLeftGB.Text,Disk Space left (GB),,
ClientCore/frmFilters,Filters Form,mnuDiskSpaceLeftMB.Text,Disk Space left (MB),,
ClientCore/frmFilters,Filters Form,mnuDiskSpaceMonitor.Text,DiskSpace Monitor,,
ClientCore/frmFilters,Filters Form,mnuEnterprise.Text,Enterprise,,
ClientCore/frmFilters,Filters Form,mnuEventCategory.Text,Event Category,Categoria evento,
ClientCore/frmFilters,Filters Form,mnuEventCategoryV2.Text,Event Category,Categoria evento,
ClientCore/frmFilters,Filters Form,mnuEventCategoryname.Text,Event Categoryname,Nome categoria evento,
ClientCore/frmFilters,Filters Form,mnuEventCategorynameV2.Text,Event Categoryname,Nome categoria evento,
ClientCore/frmFilters,Filters Form,mnuEventChannel.Text,Event Channel,Event Channel,
ClientCore/frmFilters,Filters Form,mnuEventID.Text,Event ID,Event ID,
ClientCore/frmFilters,Filters Form,mnuEventIDv2.Text,Event ID,Event ID,
ClientCore/frmFilters,Filters Form,mnuEventKeyword.Text,Event Keyword,Parola chiave evento,
ClientCore/frmFilters,Filters Form,mnuEventKeywordID.Text,Event Keyword ID,ID parola chiave evento,
ClientCore/frmFilters,Filters Form,mnuEventLevel.Text,Event Level,Livello evento,
ClientCore/frmFilters,Filters Form,mnuEventLogMonitor.Text,Event Log Monitor,EventMonitorV1,
ClientCore/frmFilters,Filters Form,mnuEventLogMonitorV2.Text,Event Log Monitor V2,EventMonitorV2,
ClientCore/frmFilters,Filters Form,mnuEventRawSource.Text,Event Raw Source,Sorgente grezza dell'evento,
ClientCore/frmFilters,Filters Form,mnuEventRecordnumber.Text,Event Recordnumber,Numero di registrazione dell'evento,
ClientCore/frmFilters,Filters Form,mnuEventSeverity.Text,Event Severity,Gravità dell'evento,
ClientCore/frmFilters,Filters Form,mnuEventSeverityIDV2.Text,Event Severity ID,ID gravità evento,
ClientCore/frmFilters,Filters Form,mnuEventSeverityV2.Text,Event Severity,Gravità dell'evento,
ClientCore/frmFilters,Filters Form,mnuEventSource.Text,Event Source,Event Source,
ClientCore/frmFilters,Filters Form,mnuEventSourceV2.Text,Event Source,Event Source,
ClientCore/frmFilters,Filters Form,mnuEventType.Text,Event Type,Tipo di evento,
ClientCore/frmFilters,Filters Form,mnuEventUser.Text,Event User,Utente dell'evento,
ClientCore/frmFilters,Filters Form,mnuEventUserV2.Text,Event User,Utente dell'evento,
ClientCore/frmFilters,Filters Form,mnuExtendedIPProperty.Text,Extended IP Property,Proprietà IP estesa,
ClientCore/frmFilters,Filters Form,mnuExtendedNumber.Text,Extended Number Property,Proprietà numero estesa,
ClientCore/frmFilters,Filters Form,mnuFTPProbe.Text,FTP Probe,,
ClientCore/frmFilters,Filters Form,mnuFTPResponse.Text,FTP Response,,
ClientCore/frmFilters,Filters Form,mnuFTPStatuscode.Text,FTP Statuscode,,
ClientCore/frmFilters,Filters Form,mnuFacility.Text,Facility,Facility,
ClientCore/frmFilters,Filters Form,mnuFalse.Text,FALSE,,
ClientCore/frmFilters,Filters Form,mnuFileExists.Text,File Exists,Il file esiste,
ClientCore/frmFilters,Filters Form,mnuFileMonitor.Text,File Monitor,,
ClientCore/frmFilters,Filters Form,mnuFreePhysicalMemory.Text,Free physical memory,,
ClientCore/frmFilters,Filters Form,mnuFreeTotalMemory.Text,Free total memory,,
ClientCore/frmFilters,Filters Form,mnuFreeVirtualMemory.Text,Free virtual memory,,
ClientCore/frmFilters,Filters Form,mnuGeneral.Text,General,Generale,
ClientCore/frmFilters,Filters Form,mnuGeneratedFilename.Text,Generated Filename,Generated Filename,
ClientCore/frmFilters,Filters Form,mnuGeneratedFilenamewithoutPath.Text,Generated Filename (without path),Generated Filename (senza percorso),
ClientCore/frmFilters,Filters Form,mnuGenericName.Text,Generic Name,,
ClientCore/frmFilters,Filters Form,mnuHELOResponse.Text,HELO Response,,
ClientCore/frmFilters,Filters Form,mnuHTTPProbe.Text,HTTP Probe,,
ClientCore/frmFilters,Filters Form,mnuHTTPResponse.Text,HTTP Response,,
ClientCore/frmFilters,Filters Form,mnuHTTPStatuscode.Text,HTTP Statuscode,,
ClientCore/frmFilters,Filters Form,mnuIMAPProbe.Text,IMAP Probe,,
ClientCore/frmFilters,Filters Form,mnuIMAPResponse.Text,IMAP Response,,
ClientCore/frmFilters,Filters Form,mnuIMAPStatuscode.Text,IMAP Statuscode,,
ClientCore/frmFilters,Filters Form,mnuIUCPUMemoryMonitor.Text,CPU/Memory Monitor,Monitoraggio CPU/memoria,
ClientCore/frmFilters,Filters Form,mnuIUDatabaseMonitor.Text,Database Monitor,Monitoraggio del database,
ClientCore/frmFilters,Filters Form,mnuIUDiskSpaceMonitor.Text,DiskSpace Monitor,Monitoraggio dello spazio su disco,
ClientCore/frmFilters,Filters Form,mnuIUEventLogMonitor.Text,Event Log Monitor,EventMonitorV1,
ClientCore/frmFilters,Filters Form,mnuIUEventLogMonitorV2.Text,Event Log Monitor V2,EventMonitorV2,
ClientCore/frmFilters,Filters Form,mnuIUFTPProbe.Text,FTP Probe,FTP Probe,
ClientCore/frmFilters,Filters Form,mnuIUFileMonitor.Text,File Monitor,FileMonitor,
ClientCore/frmFilters,Filters Form,mnuIUHTTPProbe.Text,HTTP Probe,HTTP Probe,
ClientCore/frmFilters,Filters Form,mnuIUHeart.Text,HeartBeat,Heartbeat,
ClientCore/frmFilters,Filters Form,mnuIUIMAPProbe.Text,IMAP Probe,IMAP Probe,
ClientCore/frmFilters,Filters Form,mnuIUNNTPProbe.Text,NNTP Probe,NNTP Probe,
ClientCore/frmFilters,Filters Form,mnuIUNTServicesMonitor.Text,NT Services Monitor,Monitor servizio NT,
ClientCore/frmFilters,Filters Form,mnuIUPOP3Probe.Text,POP3 Probe,POP3 Probe,
ClientCore/frmFilters,Filters Form,mnuIUPingProbe.Text,Ping Probe,Sonda Ping,
ClientCore/frmFilters,Filters Form,mnuIUPortProbe.Text,Port Probe,Port Probe,
ClientCore/frmFilters,Filters Form,mnuIURELPListener.Text,RELP Listener,RELPListener,
ClientCore/frmFilters,Filters Form,mnuIUSMTPListener.Text,SMTP Listener,SMTP Listener,
ClientCore/frmFilters,Filters Form,mnuIUSMTPProbe.Text,SMTP Probe,SMTP Probe,
ClientCore/frmFilters,Filters Form,mnuIUSNMPMonitor.Text,SNMP Monitor,SNMP Monitor,
ClientCore/frmFilters,Filters Form,mnuIUSNMPTraps.Text,SNMP Traps,SNMP Traps,
ClientCore/frmFilters,Filters Form,mnuIUSerialPortMonitor.Text,SerialPort Monitor,Monitoraggio della porta seriale,
ClientCore/frmFilters,Filters Form,mnuIUSyslog.Text,Syslog,Syslog,
ClientCore/frmFilters,Filters Form,mnuInformationUnitType.Text,InformationUnit Type,Tipo di unità di informazione,
ClientCore/frmFilters,Filters Form,mnuInsertAND.Text,AND,,
ClientCore/frmFilters,Filters Form,mnuInsertNOT.Text,NOT,,
ClientCore/frmFilters,Filters Form,mnuInsertOR.Text,OR,,
ClientCore/frmFilters,Filters Form,mnuInsertOperation.Text,Insert Operation,Operazione di inserimento,
ClientCore/frmFilters,Filters Form,mnuInsertXOR.Text,XOR,,
ClientCore/frmFilters,Filters Form,mnuLocalHostname.Text,Local Hostname,Nome host locale,
ClientCore/frmFilters,Filters Form,mnuMaxPhysicalMemory.Text,Max physical memory,,
ClientCore/frmFilters,Filters Form,mnuMaxTotalMemory.Text,Max total memory,,
ClientCore/frmFilters,Filters Form,mnuMaxVirtualMemory.Text,Max virtual memory,,
ClientCore/frmFilters,Filters Form,mnuMessage.Text,Message,Messaggio,
ClientCore/frmFilters,Filters Form,mnuMoveDown.Text,Move Down,Sposta giù,
ClientCore/frmFilters,Filters Form,mnuMoveUp.Text,Move Up,Spostati in alto,
ClientCore/frmFilters,Filters Form,mnuNNTPProbe.Text,NNTP Probe,,
ClientCore/frmFilters,Filters Form,mnuNNTPResponse.Text,NNTP Response,,
ClientCore/frmFilters,Filters Form,mnuNNTPStatuscode.Text,NNTP Statuscode,,
ClientCore/frmFilters,Filters Form,mnuNTServiceDisplayName.Text,NT Service DisplayName,,
ClientCore/frmFilters,Filters Form,mnuNTServiceMonitor.Text,NT Service Monitor,,
ClientCore/frmFilters,Filters Form,mnuNTServiceName.Text,NT Service Name,,
ClientCore/frmFilters,Filters Form,mnuNot.Text,NOT,,
ClientCore/frmFilters,Filters Form,mnuOr.Text,OR,,
ClientCore/frmFilters,Filters Form,mnuOtherServices.Text,Other Services,Servizi aggiuntivi,
ClientCore/frmFilters,Filters Form,mnuPOP3Probe.Text,POP3 Probe,,
ClientCore/frmFilters,Filters Form,mnuPOP3Response.Text,POP3 Response,,
ClientCore/frmFilters,Filters Form,mnuPOP3Statuscode.Text,POP3 Statuscode,,
ClientCore/frmFilters,Filters Form,mnuPaste.Text,Paste,Impasto,
ClientCore/frmFilters,Filters Form,mnuPhysicalVirtualMemory.Text,Physical virtual memory Load,,
ClientCore/frmFilters,Filters Form,mnuPortname.Text,Portname,,
ClientCore/frmFilters,Filters Form,mnuPriority.Text,Priority,Priorità,
ClientCore/frmFilters,Filters Form,mnuRemoveOperation.Text,Remove Operation,Rimuovi operazione,
ClientCore/frmFilters,Filters Form,mnuRunOnFriday.Text,Run on Friday,Correre venerdì,
ClientCore/frmFilters,Filters Form,mnuRunOnMonday.Text,Run on Monday,Corri lunedì,
ClientCore/frmFilters,Filters Form,mnuRunOnSaturday.Text,Run on Saturday,Correre sabato,
ClientCore/frmFilters,Filters Form,mnuRunOnSunday.Text,Run on Sunday,Correre domenica,
ClientCore/frmFilters,Filters Form,mnuRunOnThisday.Text,Run on Thursday,Correre giovedì,
ClientCore/frmFilters,Filters Form,mnuRunOnTuesday.Text,Run on Tuesday,Corri martedì,
ClientCore/frmFilters,Filters Form,mnuRunOnWednesday.Text,Run on Wednesday,Correre mercoledì,
ClientCore/frmFilters,Filters Form,mnuSMTPProbe.Text,SMTP Probe,,
ClientCore/frmFilters,Filters Form,mnuSMTPStatuscode.Text,SMTP Statuscode,,
ClientCore/frmFilters,Filters Form,mnuSNMPTraps.Text,SNMP Traps,,
ClientCore/frmFilters,Filters Form,mnuSerialPortMonitor.Text,SerialPort Monitor,,
ClientCore/frmFilters,Filters Form,mnuSource.Text,Source,Fonte,
ClientCore/frmFilters,Filters Form,mnuSourceIPType.Text,Source (IP Type),Origine (tipo IP),
ClientCore/frmFilters,Filters Form,mnuSpecificType.Text,Specific Type,,
ClientCore/frmFilters,Filters Form,mnuStatusNameValue.Text,Status Name & Value,Nome e valore dello stato,
ClientCore/frmFilters,Filters Form,mnuSyslog.Text,Syslog,Syslog,
ClientCore/frmFilters,Filters Form,mnuSyslogAppname.Text,Syslog Appname,Syslog Nome app,
ClientCore/frmFilters,Filters Form,mnuSyslogMSGID.Text,Syslog MSGID,SyslogMSGID,
ClientCore/frmFilters,Filters Form,mnuSyslogProcID.Text,Syslog ProcID,SyslogProcID,
ClientCore/frmFilters,Filters Form,mnuSyslogStructdata.Text,Syslog Structdata,Syslog Structdata,
ClientCore/frmFilters,Filters Form,mnuSyslogTag.Text,Syslog Tag,Syslog Etichetta,
ClientCore/frmFilters,Filters Form,mnuSyslogVersion.Text,Syslog Version,Syslog Versione,
ClientCore/frmFilters,Filters Form,mnuSystemID.Text,SystemID,,
ClientCore/frmFilters,Filters Form,mnuTime.Text,Time,Tempo,
ClientCore/frmFilters,Filters Form,mnuTotalMemoryLoad.Text,Total memory Load,,
ClientCore/frmFilters,Filters Form,mnuTrue.Text,TRUE,,
ClientCore/frmFilters,Filters Form,mnuUptime.Text,Uptime,,
ClientCore/frmFilters,Filters Form,mnuVersion.Text,Version,,
ClientCore/frmFilters,Filters Form,mnuVirtualMemoryLoad.Text,Virtual Memory Load,,
ClientCore/frmFilters,Filters Form,mnuXor.Text,XOR,,
ClientCore/frmFilters,Filters Form,rbProcessAfterInstall.Text,Process only after Installation Date,Processo solo dopo la data di installazione,
ClientCore/frmFilters,Filters Form,rbProcessAlways.Text,Always process Rule,Elabora sempre la regola,
ClientCore/frmFilters,Filters Form,rbProcessCustomDate.Text,Process only after custom date:  ,Elabora solo dopo la data personalizzata:,
ClientCore/frmFilters,Filters Form,toolStripMenuItem9.Text,SNMP V1 Filters,,
ClientCore/frmFilters,Filters Form,tpAdvanced.Text,Advanced,Avanzato,
ClientCore/frmFilters,Filters Form,tpComments.Text,Comments,Commenti,
ClientCore/frmFilters,Filters Form,tpDate.Text,Date Conditions,Condizioni della data,
ClientCore/frmFilters,Filters Form,tpDetails.Text,Details,Dettagli,
ClientCore/frmFilters,Filters Form,tpGlobal.Text,Global Conditions,Condizioni globali,
ClientCore/frmFilters,Filters Form,txtComments.Text,,,
ClientCore/frmImportConfigScope,Import Config Scope Form,$this.Text,Import configuration,Importa configurazione,
ClientCore/frmImportConfigScope,Import Config Scope Form,btnCancel.Text,Cancel,Annulla,
ClientCore/frmImportConfigScope,Import Config Scope Form,btnNext.Text,Next…,Avanti…,
ClientCore/frmImportConfigScope,Import Config Scope Form,lblFullDesc.Text,Replaces all settings including license with the contents of the configuration file.,"Sostituisce tutte le impostazioni, inclusa la licenza, con il contenuto del file di configurazione.",
ClientCore/frmImportConfigScope,Import Config Scope Form,lblFullKeepLicenseDesc.Text,Replaces all settings from the file except the license: your current license name and keys stay in effect.,Sostituisce tutte le impostazioni dal file tranne la licenza: nome e chiavi di licenza correnti restano in vigore.,
ClientCore/frmImportConfigScope,Import Config Scope Form,lblIntro.Text,Choose which parts of the configuration to take from the file. You will select the file in the next step.,Scegliere quali parti della configurazione acquisire dal file. Il file verrà selezionato nel passaggio successivo.,
ClientCore/frmImportConfigScope,Import Config Scope Form,lblServicesRuleSetsDesc.Text,"Keeps your current general settings (e.g. engine, debug). Only services and rule sets are replaced from the file; general blocks in the file are ignored.","Mantiene le impostazioni generali correnti (ad es. motore, debug). Solo servizi e set di regole vengono sostituiti dal file; i blocchi generali nel file vengono ignorati.",
ClientCore/frmImportConfigScope,Import Config Scope Form,rbFull.Text,Full import (replace everything),Importazione completa (sostituisci tutto),
ClientCore/frmImportConfigScope,Import Config Scope Form,rbFullKeepLicense.Text,"Full import, keep current license","Importazione completa, mantieni licenza attuale",
ClientCore/frmImportConfigScope,Import Config Scope Form,rbServicesRuleSets.Text,Services and rule sets only,Solo servizi e set di regole,
ClientCore/frmMainTemplate,Main Template Form,$this.Text,Main Template Form,,
ClientCore/frmMainTemplate,Main Template Form,ImportRegistryBinaryfileToolStripMenuItem.Text,Registry Binaryfile,File binario del registro,
ClientCore/frmMainTemplate,Main Template Form,ImportadisconConfigFormatToolStripMenuItem.Text,Adiscon Config Format,Adiscon Formato di configurazione,
ClientCore/frmMainTemplate,Main Template Form,adisconConfigFormatToolStripMenuItem.Text,Adiscon Config Format,Adiscon Formato di configurazione,
ClientCore/frmMainTemplate,Main Template Form,adisconEventlogFormatToolStripMenuItem.Text,Adiscon Eventlog Format,,
ClientCore/frmMainTemplate,Main Template Form,adisconXMLFormatLegacyToolStripMenuItem.Text,Adiscon XML Format (Legacy),Adiscon Formato XML (precedente),
ClientCore/frmMainTemplate,Main Template Form,btnConnect.Text,Connect,Connetti,
ClientCore/frmMainTemplate,Main Template Form,btnDown.Text,Down,Giù,
ClientCore/frmMainTemplate,Main Template Form,btnLocal.Text,Localhost,Host locale,
ClientCore/frmMainTemplate,Main Template Form,btnQuit.Text,Quit,Esentato,
ClientCore/frmMainTemplate,Main Template Form,btnResetChanges.Text,Reset Changes,Reimposta modifiche,
ClientCore/frmMainTemplate,Main Template Form,btnRestart.AccessibleDescription,Restarts the Background Service,,
ClientCore/frmMainTemplate,Main Template Form,btnRestart.AccessibleName,Restart Service,,
ClientCore/frmMainTemplate,Main Template Form,btnRestart.Text,Restart Service,Riavvia,
ClientCore/frmMainTemplate,Main Template Form,btnRestart.ToolTipText,Restarts the Background Service,Riavvia il servizio,
ClientCore/frmMainTemplate,Main Template Form,btnSave.Text,Save,Salva,
ClientCore/frmMainTemplate,Main Template Form,btnStart.AccessibleDescription,Starts the Background Service,,
ClientCore/frmMainTemplate,Main Template Form,btnStart.AccessibleName,Start Service,,
ClientCore/frmMainTemplate,Main Template Form,btnStart.Text,Start Service,Avvia,
ClientCore/frmMainTemplate,Main Template Form,btnStart.ToolTipText,Starts the Background Service,Avvia il servizio,
ClientCore/frmMainTemplate,Main Template Form,btnStop.AccessibleDescription,Stops the Background Service,,
ClientCore/frmMainTemplate,Main Template Form,btnStop.AccessibleName,Stop Service,,
ClientCore/frmMainTemplate,Main Template Form,btnStop.Text,Stop Service,Arresta,
ClientCore/frmMainTemplate,Main Template Form,btnStop.ToolTipText,Stops the Background Service,Arresta il servizio,
ClientCore/frmMainTemplate,Main Template Form,btnUp.Text,Up,,
ClientCore/frmMainTemplate,Main Template Form,btnVerifyConfiguration.Text,Verify,Verifica configurazione,
ClientCore/frmMainTemplate,Main Template Form,btnVerifyConfiguration.ToolTipText,Verify Configuration,,
ClientCore/frmMainTemplate,Main Template Form,carriageReturnCRToolStripMenuItem.Text,Carriage return (CR),Ritorno a capo (CR),
ClientCore/frmMainTemplate,Main Template Form,carriageReturnLineFeedCRLFToolStripMenuItem.Text,Carriage return line feed (CRLF),Avanzamento riga di ritorno a capo (CRLF),
ClientCore/frmMainTemplate,Main Template Form,cloneActionToolStripMenuItem.Text,Clone Action,Clona l'azione,
ClientCore/frmMainTemplate,Main Template Form,cloneRuleSetToolStripMenuItem.Text,Clone RuleSet,Clona set di regole,
ClientCore/frmMainTemplate,Main Template Form,cloneRuleToolStripMenuItem.Text,Clone Rule,Clona regola,
ClientCore/frmMainTemplate,Main Template Form,cloneServiceToolStripMenuItem.Text,Clone Service,Clona il servizio,
ClientCore/frmMainTemplate,Main Template Form,copyActionToolStripMenuItem.Text,Copy Action,Copia l'azione,
ClientCore/frmMainTemplate,Main Template Form,copyRuleSetToolStripMenuItem.Text,Copy RuleSet,Copia set di regole,
ClientCore/frmMainTemplate,Main Template Form,copyRuleToolStripMenuItem.Text,Copy Rule,Copia regola,
ClientCore/frmMainTemplate,Main Template Form,copyServiceToolStripMenuItem.Text,Copy Service,Copia il servizio,
ClientCore/frmMainTemplate,Main Template Form,currentSeparatorMatchToolStripMenuItem.Text,Current separator match,Corrispondenza del separatore corrente,
ClientCore/frmMainTemplate,Main Template Form,disableActionToolStripMenuItem.Text,Disable Action,Disattiva l'azione,
ClientCore/frmMainTemplate,Main Template Form,disableServiceToolStripMenuItem.Text,Disable Service,Disattiva il servizio,
ClientCore/frmMainTemplate,Main Template Form,diskspaceInUseMBToolStripMenuItem.Text,Diskspace in use (MB),Spazio su disco in uso (MB),
ClientCore/frmMainTemplate,Main Template Form,enableActionToolStripMenuItem.Text,Enable Action,Abilita l'azione,
ClientCore/frmMainTemplate,Main Template Form,enableServiceToolStripMenuItem.Text,Enable Service,Abilita il servizio,
ClientCore/frmMainTemplate,Main Template Form,eventReporterLegacyFormatToolStripMenuItem.Text,EventReporter Legacy Format,EventReporter Formato precedente,
ClientCore/frmMainTemplate,Main Template Form,exportToolStripMenuItem.Text,Export Configuration,Esporta configurazione,
ClientCore/frmMainTemplate,Main Template Form,genericFileNameToolStripMenuItem.Text,Generic FileName,Nome file generico,
ClientCore/frmMainTemplate,Main Template Form,importConfigurationToolStripMenuItem.Text,Import Configuration,Importa configurazione,
ClientCore/frmMainTemplate,Main Template Form,insertServiceToolStripMenuItem.Text,Paste Service,Incolla il servizio,
ClientCore/frmMainTemplate,Main Template Form,lblBasicFilters.Text,Properties,Proprietà,
ClientCore/frmMainTemplate,Main Template Form,lblConfigName.Text,Name,,
ClientCore/frmMainTemplate,Main Template Form,lblConnected.Text,Connected To: ,Connesso a:,
ClientCore/frmMainTemplate,Main Template Form,lblFileSystemMonServices.Text,File&&System Monitoring Services,Servizi di monitoraggio file e sistema,
ClientCore/frmMainTemplate,Main Template Form,lblLicenseStatus.Text,30 days trial,,
ClientCore/frmMainTemplate,Main Template Form,lblNetworkRelatedServices.Text,Network related Services,Servizi relativi alla rete,
ClientCore/frmMainTemplate,Main Template Form,lblProbeServices.Text,Probe Services,Servizi sonda,
ClientCore/frmMainTemplate,Main Template Form,lblRemoteName.Text,localhost,,
ClientCore/frmMainTemplate,Main Template Form,lblStatus.Text,Status,,
ClientCore/frmMainTemplate,Main Template Form,lblStatusEnabled.ToolTipText,Status: ,Stato:,
ClientCore/frmMainTemplate,Main Template Form,lineFeedLFToolStripMenuItem.Text,Line feed (LF),Avanzamento riga (LF),
ClientCore/frmMainTemplate,Main Template Form,maxAvailableDiskspaceMBToolStripMenuItem.Text,Max available Diskspace (MB),Spazio su disco massimo disponibile (MB),
ClientCore/frmMainTemplate,Main Template Form,mnuCommunity.Text,Community,Comunità,
ClientCore/frmMainTemplate,Main Template Form,mnuCustomerID.Text,CustomerID,ID cliente,
ClientCore/frmMainTemplate,Main Template Form,mnuDiskSpaceMonitor.Text,DiskSpace Monitor,Monitoraggio dello spazio su disco,
ClientCore/frmMainTemplate,Main Template Form,mnuEnterprise.Text,Enterprise,Enterprise,
ClientCore/frmMainTemplate,Main Template Form,mnuEventCategory.Text,Event Category,Categoria evento,
ClientCore/frmMainTemplate,Main Template Form,mnuEventCategoryV2.Text,Event Category,Categoria evento,
ClientCore/frmMainTemplate,Main Template Form,mnuEventCategoryname.Text,Event Categoryname,Nome categoria evento,
ClientCore/frmMainTemplate,Main Template Form,mnuEventCategorynameV2.Text,Event Categoryname,Nome categoria evento,
ClientCore/frmMainTemplate,Main Template Form,mnuEventChannel.Text,Event Channel,Event Channel,
ClientCore/frmMainTemplate,Main Template Form,mnuEventID.Text,Event ID,Event ID,
ClientCore/frmMainTemplate,Main Template Form,mnuEventIDv2.Text,Event ID,Event ID,
ClientCore/frmMainTemplate,Main Template Form,mnuEventKeyword.Text,Event Keyword,Parola chiave evento,
ClientCore/frmMainTemplate,Main Template Form,mnuEventKeywordID.Text,Event Keyword ID,ID parola chiave evento,
ClientCore/frmMainTemplate,Main Template Form,mnuEventLevel.Text,Event Level,Livello evento,
ClientCore/frmMainTemplate,Main Template Form,mnuEventLogMonitor.Text,Event Log Monitor,EventMonitorV1,
ClientCore/frmMainTemplate,Main Template Form,mnuEventLogMonitorV2.Text,Event Log Monitor V2,Monitoraggio registro eventi V2,
ClientCore/frmMainTemplate,Main Template Form,mnuEventRawSource.Text,Event Raw Source,Sorgente grezza dell'evento,
ClientCore/frmMainTemplate,Main Template Form,mnuEventRecordnumber.Text,Event Recordnumber,Numero di registrazione dell'evento,
ClientCore/frmMainTemplate,Main Template Form,mnuEventSeverity.Text,Event Severity,Gravità dell'evento,
ClientCore/frmMainTemplate,Main Template Form,mnuEventSeverityIDV2.Text,Event Severity ID,ID gravità evento,
ClientCore/frmMainTemplate,Main Template Form,mnuEventSeverityV2.Text,Event Severity,Gravità dell'evento,
ClientCore/frmMainTemplate,Main Template Form,mnuEventSource.Text,Event Source,Event Source,
ClientCore/frmMainTemplate,Main Template Form,mnuEventSourceV2.Text,Event Source,Event Source,
ClientCore/frmMainTemplate,Main Template Form,mnuEventType.Text,Event Type,Tipo di evento,
ClientCore/frmMainTemplate,Main Template Form,mnuEventUser.Text,Event User,Utente dell'evento,
ClientCore/frmMainTemplate,Main Template Form,mnuEventUserV2.Text,Event User,Utente dell'evento,
ClientCore/frmMainTemplate,Main Template Form,mnuFTPProbe.Text,FTP Probe,FTP Probe,
ClientCore/frmMainTemplate,Main Template Form,mnuFTPResponse.Text,FTP Response,Risposta FTP,
ClientCore/frmMainTemplate,Main Template Form,mnuFTPStatuscode.Text,FTP Statuscode,Codice di stato FTP,
ClientCore/frmMainTemplate,Main Template Form,mnuFacility.Text,Facility,Facility,
ClientCore/frmMainTemplate,Main Template Form,mnuFacilityText.Text,Facility Text,Facility Text,
ClientCore/frmMainTemplate,Main Template Form,mnuFile.Text,&File,&File,
ClientCore/frmMainTemplate,Main Template Form,mnuFileMonitor.Text,File Monitor,FileMonitor,
ClientCore/frmMainTemplate,Main Template Form,mnuGeneral.Text,General,Generale,
ClientCore/frmMainTemplate,Main Template Form,mnuGeneratedFilename.Text,Generated Filename,Generated Filename,
ClientCore/frmMainTemplate,Main Template Form,mnuGeneratedFilenamewithoutPath.Text,Generated Filename (without path),Generated Filename (senza percorso),
ClientCore/frmMainTemplate,Main Template Form,mnuGenericName.Text,Generic Name,Generic Name,
ClientCore/frmMainTemplate,Main Template Form,mnuHELOResponse.Text,HELO Response,Risposta dell'HELO,
ClientCore/frmMainTemplate,Main Template Form,mnuHTTPProbe.Text,HTTP Probe,HTTP Probe,
ClientCore/frmMainTemplate,Main Template Form,mnuHTTPResponse.Text,HTTP Response,Risposta HTTP,
ClientCore/frmMainTemplate,Main Template Form,mnuHTTPStatuscode.Text,HTTP Statuscode,Codice di stato HTTP,
ClientCore/frmMainTemplate,Main Template Form,mnuHelp.Text,Help,Aiuto,
ClientCore/frmMainTemplate,Main Template Form,mnuHelpAbout.Text,About Adiscon Client,Informazioni su Adiscon Cliente,
ClientCore/frmMainTemplate,Main Template Form,mnuHelpContent.Text,Contents,Contenuto,
ClientCore/frmMainTemplate,Main Template Form,mnuHelpIndex.Text,Index,Indice,
ClientCore/frmMainTemplate,Main Template Form,mnuHelpOnlineSupport.Text,Online Support,Supporto in linea,
ClientCore/frmMainTemplate,Main Template Form,mnuHelpRequestSupport.Text,Request Support,Richiedi supporto,
ClientCore/frmMainTemplate,Main Template Form,mnuHelpSearch.Text,Search,Ricerca,
ClientCore/frmMainTemplate,Main Template Form,mnuIMAPProbe.Text,IMAP Probe,IMAP Probe,
ClientCore/frmMainTemplate,Main Template Form,mnuIMAPResponse.Text,IMAP Response,Risposta IMAP,
ClientCore/frmMainTemplate,Main Template Form,mnuIMAPStatuscode.Text,IMAP Statuscode,Codice di stato IMAP,
ClientCore/frmMainTemplate,Main Template Form,mnuInformationUnitType.Text,Information Type,Tipo di informazioni,
ClientCore/frmMainTemplate,Main Template Form,mnuKillService.Text,Kill service,Termina il servizio,
ClientCore/frmMainTemplate,Main Template Form,mnuLocalHostname.Text,Local Hostname,Nome host locale,
ClientCore/frmMainTemplate,Main Template Form,mnuMain.Text,Main Menu,,
ClientCore/frmMainTemplate,Main Template Form,mnuMessage.Text,Message,Messaggio,
ClientCore/frmMainTemplate,Main Template Form,mnuMessageCompressed.Text,Message (Compressed),Messaggio (compresso),
ClientCore/frmMainTemplate,Main Template Form,mnuNNTPProbe.Text,NNTP Probe,NNTP Probe,
ClientCore/frmMainTemplate,Main Template Form,mnuNNTPResponse.Text,NNTP Response,Risposta NNTP,
ClientCore/frmMainTemplate,Main Template Form,mnuNNTPStatuscode.Text,NNTP Statuscode,Codice di stato NNTP,
ClientCore/frmMainTemplate,Main Template Form,mnuNTServiceDisplayName.Text,NT Service DisplayName,Nome visualizzato del servizio NT,
ClientCore/frmMainTemplate,Main Template Form,mnuNTServiceMonitor.Text,NT Service Monitor,Monitor servizio NT,
ClientCore/frmMainTemplate,Main Template Form,mnuNTServiceName.Text,NT Service Name,Nome del servizio NT,
ClientCore/frmMainTemplate,Main Template Form,mnuNetworkDiscovery.Text,Network Discovery,Scoperta della rete,
ClientCore/frmMainTemplate,Main Template Form,mnuOptions.Text,Options,Opzioni,
ClientCore/frmMainTemplate,Main Template Form,mnuOtherServices.Text,Other Services,Servizi aggiuntivi,
ClientCore/frmMainTemplate,Main Template Form,mnuPOP3Probe.Text,POP3 Probe,POP3 Probe,
ClientCore/frmMainTemplate,Main Template Form,mnuPOP3Response.Text,POP3 Response,Risposta POP3,
ClientCore/frmMainTemplate,Main Template Form,mnuPOP3Statuscode.Text,POP3 Statuscode,Codice di stato POP3,
ClientCore/frmMainTemplate,Main Template Form,mnuPortname.Text,Portname,Nome del porto,
ClientCore/frmMainTemplate,Main Template Form,mnuPriority.Text,Priority,Priorità,
ClientCore/frmMainTemplate,Main Template Form,mnuPriorityText.Text,Priority Text,Testo prioritario,
ClientCore/frmMainTemplate,Main Template Form,mnuQuit.Text,&Quit,&Esci,
ClientCore/frmMainTemplate,Main Template Form,mnuSMTPProbe.Text,SMTP Probe,SMTP Probe,
ClientCore/frmMainTemplate,Main Template Form,mnuSMTPStatuscode.Text,SMTP Statuscode,SMTP Codice di stato,
ClientCore/frmMainTemplate,Main Template Form,mnuSNMPTraps.Text,SNMP Traps,SNMP Traps,
ClientCore/frmMainTemplate,Main Template Form,mnuSendSyslogTestMsg.Text,Syslog Test Message,Syslog Messaggio di prova,
ClientCore/frmMainTemplate,Main Template Form,mnuSerialPortMonitor.Text,SerialPort Monitor,Monitoraggio della porta seriale,
ClientCore/frmMainTemplate,Main Template Form,mnuSource.Text,Source,Fonte,
ClientCore/frmMainTemplate,Main Template Form,mnuSourceIPv4.Text,Source IPv4,,
ClientCore/frmMainTemplate,Main Template Form,mnuSourceIPv6.Text,Source IPv6,,
ClientCore/frmMainTemplate,Main Template Form,mnuSourceIPv6Dots.Text,Source IPv6 (Dots),,
ClientCore/frmMainTemplate,Main Template Form,mnuSyslog.Text,Syslog,Syslog,
ClientCore/frmMainTemplate,Main Template Form,mnuSyslogAppname.Text,Syslog Appname,Nome applicazione Syslog,
ClientCore/frmMainTemplate,Main Template Form,mnuSyslogMSGID.Text,Syslog MSGID,Syslog MSGID,
ClientCore/frmMainTemplate,Main Template Form,mnuSyslogProcID.Text,Syslog ProcID,Syslog ProcID,
ClientCore/frmMainTemplate,Main Template Form,mnuSyslogStructdata.Text,Syslog Structdata,Syslog Structdata,
ClientCore/frmMainTemplate,Main Template Form,mnuSyslogTag.Text,Syslog Tag,Tag Syslog,
ClientCore/frmMainTemplate,Main Template Form,mnuSyslogVersion.Text,Syslog Version,Versione Syslog,
ClientCore/frmMainTemplate,Main Template Form,mnuSystemID.Text,SystemID,ID sistema,
ClientCore/frmMainTemplate,Main Template Form,mnuTimeGenerated.Text,Time Generated,Tempo generato,
ClientCore/frmMainTemplate,Main Template Form,mnuTimeGeneratedLocaltime.Text,Time Generated (Localtime),Ora generata (ora locale),
ClientCore/frmMainTemplate,Main Template Form,mnuTimeReported.Text,Time Reported,Tempo riportato,
ClientCore/frmMainTemplate,Main Template Form,mnuTimeReportedLocaltime.Text,Time Reported (Localtime),Tempo riportato (ora locale),
ClientCore/frmMainTemplate,Main Template Form,mnuTools.Text,Tools,Strumenti,
ClientCore/frmMainTemplate,Main Template Form,mnuUptime.Text,Uptime,Tempo di attività,
ClientCore/frmMainTemplate,Main Template Form,mnuVersion.Text,Version,Versione,
ClientCore/frmMainTemplate,Main Template Form,monilogFormatToolStripMenuItem.Text,Monilog Format,,
ClientCore/frmMainTemplate,Main Template Form,newUUIDToolStripMenuItem.Text,New UUID(Universally Unique Identifiers),Nuovo UUID (identificatori univoci universali),
ClientCore/frmMainTemplate,Main Template Form,passiveSyslogReceiverToolStripMenuItem.Text,Passive Syslog Receiver,,
ClientCore/frmMainTemplate,Main Template Form,pasteActionToolStripMenuItem.Text,Paste Action,Incolla l'azione,
ClientCore/frmMainTemplate,Main Template Form,pasteRuleSetToolStripMenuItem.Text,Paste RuleSet,Incolla set di regole,
ClientCore/frmMainTemplate,Main Template Form,pasteRuleToolStripMenuItem.Text,Paste Rule,Incolla regola,
ClientCore/frmMainTemplate,Main Template Form,previousSeparatorMatchToolStripMenuItem.Text,Previous separator match,Corrispondenza separatore precedente,
ClientCore/frmMainTemplate,Main Template Form,rAWSyslogMessageToolStripMenuItem.Text,RAW Syslog Message,,
ClientCore/frmMainTemplate,Main Template Form,registryBinaryfileToolStripMenuItem.Text,Registry Binaryfile,File binario del registro,
ClientCore/frmMainTemplate,Main Template Form,registryTextfile64BitWindowsToolStripMenuItem.Text,Registry Textfile (64Bit Windows),File di testo del registro (Windows a 64 bit),
ClientCore/frmMainTemplate,Main Template Form,registryfile32BitWindowsToolStripMenuItem.Text,Registry Textfile (32Bit Windows),File di testo del registro (Windows a 32 bit),
ClientCore/frmMainTemplate,Main Template Form,reloadConfigurationToolStripMenuItem.Text,Reload Configuration,Ricarica configurazione,
ClientCore/frmMainTemplate,Main Template Form,replaceWithToolStripMenuItem.Text,Replace with,Sostituisci con,
ClientCore/frmMainTemplate,Main Template Form,resetToDefaultToolStripMenuItem.Text,Reset Configuration to Default,Ripristina la configurazione predefinita,
ClientCore/frmMainTemplate,Main Template Form,saveToolStripMenuItem.Text,Save,,
ClientCore/frmMainTemplate,Main Template Form,snmpAgentIP.Text,Agent IP,,
ClientCore/frmMainTemplate,Main Template Form,snmpSpecificType.Text,Specific Type,,
ClientCore/frmMainTemplate,Main Template Form,snmpVariable1ToolStripMenuItem.Text,Snmp variable 1,,
ClientCore/frmMainTemplate,Main Template Form,snmpVariable2ToolStripMenuItem.Text,Snmp variable 2,,
ClientCore/frmMainTemplate,Main Template Form,snmpVariable3ToolStripMenuItem.Text,Snmp variable 3,,
ClientCore/frmMainTemplate,Main Template Form,specialVariablesToolStripMenuItem.Text,Special Variables,Variabili speciali,
ClientCore/frmMainTemplate,Main Template Form,stbMain.Text,stbMain,,
ClientCore/frmMainTemplate,Main Template Form,szServiceButtonHintRestart,Restarts the Background Service,,
ClientCore/frmMainTemplate,Main Template Form,szServiceButtonHintStart,Starts the Background Service,,
ClientCore/frmMainTemplate,Main Template Form,szServiceButtonHintStop,Stops the Background Service,,
ClientCore/frmMainTemplate,Main Template Form,szServiceStatusRunning,Service: Running,Servizio: in esecuzione,
ClientCore/frmMainTemplate,Main Template Form,szServiceStatusStopped,Service: Stopped,Servizio: arrestato,
ClientCore/frmMainTemplate,Main Template Form,szServiceStatusUnknown,Service: Unknown,Servizio: sconosciuto,
ClientCore/frmMainTemplate,Main Template Form,szStartupConfigurationAccessDeniedText,"The configuration registry could not be accessed. The service may not be installed on this machine, or access was denied. The client will open with default settings.",Non è stato possibile accedere al registro di configurazione. Il servizio potrebbe non essere installato in questo computer oppure l'accesso è stato negato. Il client verrà aperto con le impostazioni predefinite.,
ClientCore/frmMainTemplate,Main Template Form,szStartupConfigurationMissingText,The service or configuration registry was not found on this machine. The client will open with default settings.,Il servizio o il registro di configurazione non è stato trovato in questo computer. Il client verrà aperto con le impostazioni predefinite.,
ClientCore/frmMainTemplate,Main Template Form,szStartupConfigurationUnavailable,Configuration not available,Configurazione non disponibile,
ClientCore/frmMainTemplate,Main Template Form,tABToolStripMenuItem.Text,TAB,,
ClientCore/frmMainTemplate,Main Template Form,tbCbEnabled.Items,Enabled,,
ClientCore/frmMainTemplate,Main Template Form,tbCbEnabled.Items1,Disabled,,
ClientCore/frmMainTemplate,Main Template Form,tbCbTestMode.Items,Testmode Enabled,,
ClientCore/frmMainTemplate,Main Template Form,tbCbTestMode.Items1,Testmode Disabled,,
ClientCore/frmMainTemplate,Main Template Form,tbComments.Text,Comments,Commenti,
ClientCore/frmMainTemplate,Main Template Form,tbConfigReset.Text,Reset,Reset,
ClientCore/frmMainTemplate,Main Template Form,tbConfigSave.Text,Save,Confermare,
ClientCore/frmMainTemplate,Main Template Form,tbDebug.Text,Logviewer (Debug),Registro di debug,
ClientCore/frmMainTemplate,Main Template Form,tbHelp.Text,Help,,
ClientCore/frmMainTemplate,Main Template Form,tbMain.Text,TTMain,,
ClientCore/frmMainTemplate,Main Template Form,tbSettings.Text,Settings,Impostazioni,
ClientCore/frmMainTemplate,Main Template Form,toolStripMenuItem19.Text,Version 1 parameters,,
ClientCore/frmMainTemplate,Main Template Form,toolStripMenuItem20.Text,Version 2 parameters,,
ClientCore/frmMainTemplate,Main Template Form,tsmAddAction.Text,Add Action,Aggiungi azione,
ClientCore/frmMainTemplate,Main Template Form,tsmAddRule.Text,Add Rule,Aggiungi regola,
ClientCore/frmMainTemplate,Main Template Form,tsmAddRuleSet.Text,Add RuleSet,Aggiungi set di regole,
ClientCore/frmMainTemplate,Main Template Form,tsmAddService.Text,Add Service,Aggiungi servizio,
ClientCore/frmMainTemplate,Main Template Form,tsmDeleteAction.Text,Delete Action,Elimina l'azione,
ClientCore/frmMainTemplate,Main Template Form,tsmDeleteRule.Text,Delete Rule,Elimina regola,
ClientCore/frmMainTemplate,Main Template Form,tsmDeleteRuleSet.Text,Delete RuleSet,Elimina set di regole,
ClientCore/frmMainTemplate,Main Template Form,tsmDeleteService.Text,Delete Service,Elimina il servizio,
ClientCore/frmMainTemplate,Main Template Form,tsmImportRuleSet.Text,Import RuleSet,Importa set di regole,
ClientCore/frmMainTemplate,Main Template Form,tsmImportService.Text,Import Service(s),Importa servizi,
ClientCore/frmMainTemplate,Main Template Form,tsmRenameAction.Text,Rename Action,Rinomina l'azione,
ClientCore/frmMainTemplate,Main Template Form,tsmRenameRule.Text,Rename Rule,Rinomina regola,
ClientCore/frmMainTemplate,Main Template Form,tsmRenameRuleSet.Text,Rename RuleSet,Rinomina set di regole,
ClientCore/frmMainTemplate,Main Template Form,tsmRenameService.Text,Rename Service,Rinomina il servizio,
ClientCore/frmMainTemplate,Main Template Form,ttConfigureFor.Text,Configure for...,Configura per...,
ClientCore/frmMainTemplate,Main Template Form,ttCopyFrom.Text,Copy from ...,Copia da...,
ClientCore/frmMainTemplate,Main Template Form,ttmClearFilters.Text,Clear Filters,Cancella filtri,
ClientCore/frmMessageBox,Message Box Form,$this.Text,Adiscon Client,,
ClientCore/frmMessageBox,Message Box Form,chkAskAgain.Text,Do not ask me again!,Non chiedermelo più!,
ClientCore/frmMessageBox,Message Box Form,cmdCancel.Text,Cancel,Annulla,
ClientCore/frmMessageBox,Message Box Form,cmdMore.Text,Click here,clicca qui,
ClientCore/frmMessageBox,Message Box Form,cmdOK.Text,OK,OK,
ClientCore/frmMessageBox,Message Box Form,lblMore.Text,More Information:,,
ClientCore/frmMessageBox,Message Box Form,lblMoreLink.Text,www.moremoremore.com,,
ClientCore/frmMessageBox,Message Box Form,lblTitleText.Text,*Title,,
ClientCore/frmMessageBox,Message Box Form,txtMessage.Text,*Message,,
ClientCore/frmMibBrowser,Mib Browser Form,$this.Text,SNMP Mib Browser,,
ClientCore/frmMibBrowser,Mib Browser Form,cmdCancel.Text,Cancel,Annulla,
ClientCore/frmMibBrowser,Mib Browser Form,cmdReloadMibs.Text,Reload Mibs,Ricarica Mib,
ClientCore/frmMibBrowser,Mib Browser Form,cmdSelectOID.Text,Select OID,Seleziona OID,
ClientCore/frmMibBrowser,Mib Browser Form,lblDefaultValue.Text,Default Value:,Valore predefinito:,
ClientCore/frmMibBrowser,Mib Browser Form,lblDescription.Text,Description:,Descrizione:,
ClientCore/frmMibBrowser,Mib Browser Form,lblOIDNumber.Text,OID Number:,Numero OID:,
ClientCore/frmMibBrowser,Mib Browser Form,lblOIDString.Text,OID String:,Stringa OID:,
ClientCore/frmMibBrowser,Mib Browser Form,lblTitle.Text,MIB Browser (OID),Browser MIB (OID),
ClientCore/frmMibBrowser,Mib Browser Form,lblvarType.Text,Variable Type:,Tipo di variabile:,
ClientCore/frmToolsConnect,Tools Connect Form,$this.Text,Connect,,
ClientCore/frmToolsConnect,Tools Connect Form,cmdBrowse.Text,Browse,,
ClientCore/frmToolsConnect,Tools Connect Form,cmdCancel.Text,Cancel,,
ClientCore/frmToolsConnect,Tools Connect Form,cmdConnect.Text,Connect,,
ClientCore/frmToolsConnect,Tools Connect Form,lblConnectTo.Text,Connect to:,,
ClientCore/frmToolsDebugView,Tools Debug View Form,$this.Text,Debug Viewer,,
ClientCore/frmToolsDebugView,Tools Debug View Form,DebugMsg.HeaderText,Debug Message,,
ClientCore/frmToolsDebugView,Tools Debug View Form,Facility.HeaderText,Facility,,
ClientCore/frmToolsDebugView,Tools Debug View Form,Index.HeaderText,Index,,
ClientCore/frmToolsDebugView,Tools Debug View Form,Priority.HeaderText,  ,,
ClientCore/frmToolsDebugView,Tools Debug View Form,PriorityText.HeaderText,Priority,,
ClientCore/frmToolsDebugView,Tools Debug View Form,RawDebug.HeaderText,Raw Debug,,
ClientCore/frmToolsDebugView,Tools Debug View Form,StatusBar.Text,statusStrip1,,
ClientCore/frmToolsDebugView,Tools Debug View Form,Thread.HeaderText,Thread,,
ClientCore/frmToolsDebugView,Tools Debug View Form,Time.HeaderText,Time,,
ClientCore/frmToolsDebugView,Tools Debug View Form,lblDebugFile.Text,Debugfile: ,File di debug:,
ClientCore/frmToolsDebugView,Tools Debug View Form,lblDebugFilter.Text,Message contains,,
ClientCore/frmToolsDebugView,Tools Debug View Form,lblFiltering.Text,Filtering,Filtraggio,
ClientCore/frmToolsDebugView,Tools Debug View Form,lblFunction.Text,Function,,
ClientCore/frmToolsDebugView,Tools Debug View Form,lblInitLines.Text,Initial Debuglines: ,Linee di debug iniziali:,
ClientCore/frmToolsDebugView,Tools Debug View Form,lblLoading.Text,-,,
ClientCore/frmToolsDebugView,Tools Debug View Form,lblProgressLabel.Text,Progress:,Progressi:,
ClientCore/frmToolsDebugView,Tools Debug View Form,lblShowDebugFor.Text,Show debug message for: ,Mostra messaggio di debug per:,
ClientCore/frmToolsDebugView,Tools Debug View Form,lblStatus.Text,-,,
ClientCore/frmToolsDebugView,Tools Debug View Form,lblStatusLabel.Text,Status:,Stato:,
ClientCore/frmToolsDebugView,Tools Debug View Form,lblThread.Text,Thread,,
ClientCore/frmToolsDebugView,Tools Debug View Form,lblTitleText.Text,Logviewer (Debug),Visualizzatore registro (Debug),
ClientCore/frmToolsDebugView,Tools Debug View Form,lbldebugLoglines.Text,-,,
ClientCore/frmToolsDebugView,Tools Debug View Form,lbldebugLoglinesLabel.Text,Total LogLines:,Linee di registro totali:,
ClientCore/frmToolsDebugView,Tools Debug View Form,tbBrowse.Text,Browse,Sfoglia,
ClientCore/frmToolsDebugView,Tools Debug View Form,tbReset.Text,Reset,Reset,
ClientCore/frmToolsDebugView,Tools Debug View Form,toolStripLabel1.Text,Priority,,
ClientCore/frmToolsDebugView,Tools Debug View Form,toolStripLabel2.Text,Facility,,
ClientCore/frmToolsDebugView,Tools Debug View Form,tsStart.Text,Start,Carica,
ClientCore/frmToolsDebugView,Tools Debug View Form,tsStop.Text,Stop,Arresta,
ClientCore/frmToolsNetworkDiscovery,Tools Network Discovery Form,$this.Text,Network Discovery Wizard,,
ClientCore/frmToolsNetworkDiscovery,Tools Network Discovery Form,chkUseDNS.Text,Resolve Names using DNS during Scan operation,Risolvi i nomi utilizzando DNS durante l'operazione di scansione,
ClientCore/frmToolsNetworkDiscovery,Tools Network Discovery Form,clDomain.Text,Domain Name,,
ClientCore/frmToolsNetworkDiscovery,Tools Network Discovery Form,cmdBack.Text,< Back,< Indietro,
ClientCore/frmToolsNetworkDiscovery,Tools Network Discovery Form,cmdCancel.Text,Cancel,Annulla,
ClientCore/frmToolsNetworkDiscovery,Tools Network Discovery Form,cmdCancelScan.Text,Cancel Scan,Annulla scansione,
ClientCore/frmToolsNetworkDiscovery,Tools Network Discovery Form,cmdDeSelectAll.Text,Deselect All,Deseleziona tutto,
ClientCore/frmToolsNetworkDiscovery,Tools Network Discovery Form,cmdFinish.Text,Finish,Fine,
ClientCore/frmToolsNetworkDiscovery,Tools Network Discovery Form,cmdNext.Text,Next >,Avanti >,
ClientCore/frmToolsNetworkDiscovery,Tools Network Discovery Form,cmdRestart.Text,Restart Wizard,Riavvio guidato,
ClientCore/frmToolsNetworkDiscovery,Tools Network Discovery Form,cmdSelectAll.Text,Select All,Seleziona tutto,
ClientCore/frmToolsNetworkDiscovery,Tools Network Discovery Form,lblDiscover.Text,How you want to discover your network?,Come vuoi scoprire la tua rete?,
ClientCore/frmToolsNetworkDiscovery,Tools Network Discovery Form,lblDomError.Text,*Error Maybe,,
ClientCore/frmToolsNetworkDiscovery,Tools Network Discovery Form,lblDomainNames.Text,Domain / Workgroup Names,Nomi di dominio/gruppo di lavoro,
ClientCore/frmToolsNetworkDiscovery,Tools Network Discovery Form,lblEndIP.Text,End IP Address,Fine indirizzo IP,
ClientCore/frmToolsNetworkDiscovery,Tools Network Discovery Form,lblNumPingConns.Text,Number of PING Connections: ,Numero di connessioni PING:,
ClientCore/frmToolsNetworkDiscovery,Tools Network Discovery Form,lblStartIP.Text,Start IP Address,Avvia indirizzo IP,
ClientCore/frmToolsNetworkDiscovery,Tools Network Discovery Form,lblTitleText.Text,*Title,,
ClientCore/frmToolsNetworkDiscovery,Tools Network Discovery Form,rbIPRange.Text,Scan IP Range,Scansione intervallo IP,
ClientCore/frmToolsNetworkDiscovery,Tools Network Discovery Form,rbWinNet.Text,Scan Windows Network,Scansiona la rete Windows,
ClientCore/frmToolsNetworkDiscovery,Tools Network Discovery Form,tpMethod.Text,Method,Metodo,
ClientCore/frmToolsNetworkDiscovery,Tools Network Discovery Form,tpOptionsIPScan.Text,Options IPScan,Opzioni IPScan,
ClientCore/frmToolsNetworkDiscovery,Tools Network Discovery Form,tpOptionsWINNETScan.Text,Options WinNetScan,Opzioni WinNetScan,
ClientCore/frmToolsNetworkDiscovery,Tools Network Discovery Form,tpScanning.Text,Scanning,,
ClientCore/frmToolsPassiveSyslog,Tools Passive Syslog Form,$this.Text,Passive Syslog Receiver,,
ClientCore/frmToolsPassiveSyslog,Tools Passive Syslog Form,Category.HeaderText, ,,
ClientCore/frmToolsPassiveSyslog,Tools Passive Syslog Form,DateTime.HeaderText,Date&Time,Data e ora,
ClientCore/frmToolsPassiveSyslog,Tools Passive Syslog Form,Facility.HeaderText,Facility,Facility,
ClientCore/frmToolsPassiveSyslog,Tools Passive Syslog Form,Message.HeaderText,Logged Message,Messaggio registrato,
ClientCore/frmToolsPassiveSyslog,Tools Passive Syslog Form,Priority.HeaderText,Priority,Priorità,
ClientCore/frmToolsPassiveSyslog,Tools Passive Syslog Form,Source.HeaderText,Source,Fonte,
ClientCore/frmToolsPassiveSyslog,Tools Passive Syslog Form,chkMsgExpectedAfterConnect.Text,Expect this Message after Connect,Aspettatevi questo messaggio dopo la connessione,
ClientCore/frmToolsPassiveSyslog,Tools Passive Syslog Form,chkMsgSendAfterConnect.Text,Send this Message after Connect,Invia questo messaggio dopo la connessione,
ClientCore/frmToolsPassiveSyslog,Tools Passive Syslog Form,cmdCancel.Text,Cancel,Annulla,
ClientCore/frmToolsPassiveSyslog,Tools Passive Syslog Form,cmdClose.Text,Close,Chiudi,
ClientCore/frmToolsPassiveSyslog,Tools Passive Syslog Form,cmdRetrieve.Text,Retrieve Messages,Recupera messaggi,
ClientCore/frmToolsPassiveSyslog,Tools Passive Syslog Form,lblMsgSep.Text,Message Separator,Delimitatore del messaggio,
ClientCore/frmToolsPassiveSyslog,Tools Passive Syslog Form,lblSyslogPort.Text,Syslog Port,Porta Syslog,
ClientCore/frmToolsPassiveSyslog,Tools Passive Syslog Form,lblSyslogServer.Text,Syslog Server,Server Syslog,
ClientCore/frmToolsPassiveSyslog,Tools Passive Syslog Form,lblTitleText.Text,Test PassiveSyslog Service,Test del servizio Passive Syslog,
ClientCore/frmToolsSendSyslog,Tools Send Syslog Form,$this.Text,Send Syslog Test Message,,
ClientCore/frmToolsSendSyslog,Tools Send Syslog Form,cbOutputEncoding.Items,ASCII,,
ClientCore/frmToolsSendSyslog,Tools Send Syslog Form,cbOutputEncoding.Items1,UTF8,,
ClientCore/frmToolsSendSyslog,Tools Send Syslog Form,cbProtocolType.Items,UDP,,
ClientCore/frmToolsSendSyslog,Tools Send Syslog Form,cbProtocolType.Items1,TCP,,
ClientCore/frmToolsSendSyslog,Tools Send Syslog Form,cbSyslogFacility.Items,Kernel,,
ClientCore/frmToolsSendSyslog,Tools Send Syslog Form,cbSyslogFacility.Items1,User,,
ClientCore/frmToolsSendSyslog,Tools Send Syslog Form,cbSyslogFacility.Items10,Local0,,
ClientCore/frmToolsSendSyslog,Tools Send Syslog Form,cbSyslogFacility.Items11,Local1,,
ClientCore/frmToolsSendSyslog,Tools Send Syslog Form,cbSyslogFacility.Items12,Local2,,
ClientCore/frmToolsSendSyslog,Tools Send Syslog Form,cbSyslogFacility.Items13,Local3,,
ClientCore/frmToolsSendSyslog,Tools Send Syslog Form,cbSyslogFacility.Items14,Local4,,
ClientCore/frmToolsSendSyslog,Tools Send Syslog Form,cbSyslogFacility.Items15,Local5,,
ClientCore/frmToolsSendSyslog,Tools Send Syslog Form,cbSyslogFacility.Items16,Local6,,
ClientCore/frmToolsSendSyslog,Tools Send Syslog Form,cbSyslogFacility.Items17,Local7,,
ClientCore/frmToolsSendSyslog,Tools Send Syslog Form,cbSyslogFacility.Items2,Mail System,,
ClientCore/frmToolsSendSyslog,Tools Send Syslog Form,cbSyslogFacility.Items3,Daemon,,
ClientCore/frmToolsSendSyslog,Tools Send Syslog Form,cbSyslogFacility.Items4,Security,,
ClientCore/frmToolsSendSyslog,Tools Send Syslog Form,cbSyslogFacility.Items5,Syslog,,
ClientCore/frmToolsSendSyslog,Tools Send Syslog Form,cbSyslogFacility.Items6,Printer,,
ClientCore/frmToolsSendSyslog,Tools Send Syslog Form,cbSyslogFacility.Items7,News,,
ClientCore/frmToolsSendSyslog,Tools Send Syslog Form,cbSyslogFacility.Items8,UUCP,,
ClientCore/frmToolsSendSyslog,Tools Send Syslog Form,cbSyslogFacility.Items9,Cron,,
ClientCore/frmToolsSendSyslog,Tools Send Syslog Form,cbSyslogPriority.Items,Emergency,,
ClientCore/frmToolsSendSyslog,Tools Send Syslog Form,cbSyslogPriority.Items1,Alert,,
ClientCore/frmToolsSendSyslog,Tools Send Syslog Form,cbSyslogPriority.Items2,Critical,,
ClientCore/frmToolsSendSyslog,Tools Send Syslog Form,cbSyslogPriority.Items3,Error,,
ClientCore/frmToolsSendSyslog,Tools Send Syslog Form,cbSyslogPriority.Items4,Warning,,
ClientCore/frmToolsSendSyslog,Tools Send Syslog Form,cbSyslogPriority.Items5,Notice,,
ClientCore/frmToolsSendSyslog,Tools Send Syslog Form,cbSyslogPriority.Items6,Information,,
ClientCore/frmToolsSendSyslog,Tools Send Syslog Form,cbSyslogPriority.Items7,Debug,,
ClientCore/frmToolsSendSyslog,Tools Send Syslog Form,chkAppendSyslogNumber.Text,Append Number to Syslog Message,Aggiungi numero al messaggio Syslog,
ClientCore/frmToolsSendSyslog,Tools Send Syslog Form,chkEnableTls.Text,Enable SSL / TLS Encryption.,Abilita la crittografia SSL/TLS.,
ClientCore/frmToolsSendSyslog,Tools Send Syslog Form,chkSendPerLineFeed.Text,Send One Message per LineFeed,Invia un messaggio per avanzamento riga,
ClientCore/frmToolsSendSyslog,Tools Send Syslog Form,cmdBrowse.Text,Browse,Sfoglia,
ClientCore/frmToolsSendSyslog,Tools Send Syslog Form,cmdBrowseCA.Text,Browse,Sfoglia,
ClientCore/frmToolsSendSyslog,Tools Send Syslog Form,cmdBrowseCERT.Text,Browse,Sfoglia,
ClientCore/frmToolsSendSyslog,Tools Send Syslog Form,cmdBrowseKEY.Text,Browse,Sfoglia,
ClientCore/frmToolsSendSyslog,Tools Send Syslog Form,cmdCancel.Text,Cancel,Annulla,
ClientCore/frmToolsSendSyslog,Tools Send Syslog Form,cmdClose.Text,Close,Chiudi,
ClientCore/frmToolsSendSyslog,Tools Send Syslog Form,cmdSend.Text,Send,Invia,
ClientCore/frmToolsSendSyslog,Tools Send Syslog Form,gbTCPRelated.Text,TCP related Options,Opzioni relative a TCP,
ClientCore/frmToolsSendSyslog,Tools Send Syslog Form,gbTLSRelated.Text,TLS related Options,Opzioni relative a TLS,
ClientCore/frmToolsSendSyslog,Tools Send Syslog Form,lblCertificate.Text,Certificate,Certificato,
ClientCore/frmToolsSendSyslog,Tools Send Syslog Form,lblCommonCA.Text,Common CA,CA comune,
ClientCore/frmToolsSendSyslog,Tools Send Syslog Form,lblDebugOutput.Text,Debug Output,Uscita di debug,
ClientCore/frmToolsSendSyslog,Tools Send Syslog Form,lblFileName.Text,Filename:,Nome file:,
ClientCore/frmToolsSendSyslog,Tools Send Syslog Form,lblKey.Text,Key,Chiave,
ClientCore/frmToolsSendSyslog,Tools Send Syslog Form,lblMessageDelimiter.Text,Message Delimiter,Delimitatore del messaggio,
ClientCore/frmToolsSendSyslog,Tools Send Syslog Form,lblMilliSeconds.Text,milliseconds,millisecondi,
ClientCore/frmToolsSendSyslog,Tools Send Syslog Form,lblNetworkProtocol.Text,Network Protocol,Protocollo di rete,
ClientCore/frmToolsSendSyslog,Tools Send Syslog Form,lblOutputencoding.Text,Output encoding: ,Codifica di uscita:,
ClientCore/frmToolsSendSyslog,Tools Send Syslog Form,lblSleeptime.Text,Sleeptime between sending,Tempo di sonno tra l'invio,
ClientCore/frmToolsSendSyslog,Tools Send Syslog Form,lblSourceName.Text,Sourcename,Nome origine,
ClientCore/frmToolsSendSyslog,Tools Send Syslog Form,lblSyslogFacility.Text,Syslog Facility,Facility Syslog,
ClientCore/frmToolsSendSyslog,Tools Send Syslog Form,lblSyslogPort.Text,Syslog Port,Porta Syslog,
ClientCore/frmToolsSendSyslog,Tools Send Syslog Form,lblSyslogPriority.Text,Syslog Priority,Priorità Syslog,
ClientCore/frmToolsSendSyslog,Tools Send Syslog Form,lblSyslogServer.Text,Syslog Server,Server Syslog,
ClientCore/frmToolsSendSyslog,Tools Send Syslog Form,lblSyslogTagValue.Text,Syslog Tag Value,Valore tag Syslog,
ClientCore/frmToolsSendSyslog,Tools Send Syslog Form,lblTitleText.Text,Send Syslog Test Message,Invia messaggio di prova Syslog,
ClientCore/frmToolsSendSyslog,Tools Send Syslog Form,lblrepeatMessage.Text,Repeat Message,Ripeti il ​​messaggio,
ClientCore/frmToolsSendSyslog,Tools Send Syslog Form,lbltimes.Text,times,volte,
ClientCore/frmToolsSendSyslog,Tools Send Syslog Form,rbFromFile.Text,Load RAW Syslogdata from File,Carica i dati Syslog RAW dal file,
ClientCore/frmToolsSendSyslog,Tools Send Syslog Form,rbUseFromTextBox.Text,Configure Syslog message with these properties,Configura il messaggio Syslog con queste proprietà,
ClientCore/frmToolsSendSyslog,Tools Send Syslog Form,tpConnection.Text,Connection properties,Proprietà di connessione,
ClientCore/frmToolsSendSyslog,Tools Send Syslog Form,tpMessage.Text,Message properties,Proprietà del messaggio,
ClientCore/frmWaiting,Waiting Form,$this.Text,Configuration Client is working ...,,
ClientCore/frmWaiting,Waiting Form,lblTitle.Text,Configuration Client is working ... please wait,Il client di configurazione sta funzionando... attendere,
ClientCore/ucEventDetails,uc Event Details,lblEventID.Text,EventID:,Event ID,
ClientCore/ucEventDetails,uc Event Details,lblKeywords.Text,Keywords:,Parole chiave,
ClientCore/ucEventDetails,uc Event Details,lblLevel.Text,Level:,Livello,
ClientCore/ucEventDetails,uc Event Details,lblLogged.Text,Logged:,Registrato,
ClientCore/ucEventDetails,uc Event Details,lblSource.Text,Source:,Fonte,
ClientCore/ucEventDetails,uc Event Details,lblTaskCategory.Text,Task Category:,Categoria di attività,
ClientCore/ucEventDetails,uc Event Details,lblUser.Text,User:,Utente,
ClientCore/ucEventDetails,uc Event Details,tpGeneral.Text,General,Dettagli dell'evento,
ClientCore/xml.languagefiles/Action.CallRuleSet,Call Rule Set Action,szRuleSet,RuleSet to process,Set di regole da elaborare,
ClientCore/xml.languagefiles/Action.ComputeStatusVariable,Compute Status Variable Action,lblDecrement,Decrement Value (-),Diminuisci valore (-),
ClientCore/xml.languagefiles/Action.ComputeStatusVariable,Compute Status Variable Action,lblIncrement,Increment Value (+),Incremento valore (+),
ClientCore/xml.languagefiles/Action.ComputeStatusVariable,Compute Status Variable Action,nChangeVal,Operation value,Valore dell'operazione,
ClientCore/xml.languagefiles/Action.ComputeStatusVariable,Compute Status Variable Action,szOperationType,Operation type,Tipo di operazione,
ClientCore/xml.languagefiles/Action.ComputeStatusVariable,Compute Status Variable Action,szStatusVar,Status variable,Variabile di stato,
ClientCore/xml.languagefiles/Action.ControlNTService,Control NT Service Action,lbl_nAction1,Start,Inizio,
ClientCore/xml.languagefiles/Action.ControlNTService,Control NT Service Action,lbl_nAction2,Stop,Arresta,
ClientCore/xml.languagefiles/Action.ControlNTService,Control NT Service Action,lbl_nAction3,Restart,Ricomincia,
ClientCore/xml.languagefiles/Action.ControlNTService,Control NT Service Action,lbl_nAction4,Pause,Pausa,
ClientCore/xml.languagefiles/Action.ControlNTService,Control NT Service Action,lbl_nAction5,Unpause,Riattiva,
ClientCore/xml.languagefiles/Action.ControlNTService,Control NT Service Action,nAction,Action to perform,Azione da eseguire,
ClientCore/xml.languagefiles/Action.ControlNTService,Control NT Service Action,szServiceName,Service Name,Nome del servizio,
ClientCore/xml.languagefiles/Action.DatabaseOdbc,Database Odbc Action,btnszODBCDsn,Configure DSN,Configura DSN,
ClientCore/xml.languagefiles/Action.DatabaseOdbc,Database Odbc Action,datafields,Datafields,Campi dati,
ClientCore/xml.languagefiles/Action.DatabaseOdbc,Database Odbc Action,nEmptyStringsAsNull,Insert NULLValue if string is empty,Inserisci NULLValue se la stringa è vuota,
ClientCore/xml.languagefiles/Action.DatabaseOdbc,Database Odbc Action,nFieldType_,Fieldtype,Tipo di campo,
ClientCore/xml.languagefiles/Action.DatabaseOdbc,Database Odbc Action,nMaxValueLength,Maximum value length (Bytes):,Lunghezza massima del valore (byte):,
ClientCore/xml.languagefiles/Action.DatabaseOdbc,Database Odbc Action,nODBCEnCryption,Enable Password encryption,Abilita la crittografia della password,
ClientCore/xml.languagefiles/Action.DatabaseOdbc,Database Odbc Action,nPropertiesTable,Enable Detail Property Logging,Abilita la registrazione delle proprietà dettagliate,
ClientCore/xml.languagefiles/Action.DatabaseOdbc,Database Odbc Action,nSQLConnectionTimeOut,SQL Connection Timeout,Timeout della connessione SQL,
ClientCore/xml.languagefiles/Action.DatabaseOdbc,Database Odbc Action,nSQLStatementType,Statement Type,Tipo di istruzione,
ClientCore/xml.languagefiles/Action.DatabaseOdbc,Database Odbc Action,szDateTimeLT,DateTime Localtime,DateTime Ora locale,
ClientCore/xml.languagefiles/Action.DatabaseOdbc,Database Odbc Action,szDateTimeUTC,DateTime UTC,Data e ora UTC,
ClientCore/xml.languagefiles/Action.DatabaseOdbc,Database Odbc Action,szFieldContent_,Fieldcontent,Contenuto del campo,
ClientCore/xml.languagefiles/Action.DatabaseOdbc,Database Odbc Action,szFieldName_,Fieldname,Nome campo,
ClientCore/xml.languagefiles/Action.DatabaseOdbc,Database Odbc Action,szInsertStatement,INSERT,INSERIRE,
ClientCore/xml.languagefiles/Action.DatabaseOdbc,Database Odbc Action,szInt,int,int,
ClientCore/xml.languagefiles/Action.DatabaseOdbc,Database Odbc Action,szODBCDsn,DSN,DSN,
ClientCore/xml.languagefiles/Action.DatabaseOdbc,Database Odbc Action,szODBCPwd,Password,Password,
ClientCore/xml.languagefiles/Action.DatabaseOdbc,Database Odbc Action,szODBCUid,User-ID,ID utente,
ClientCore/xml.languagefiles/Action.DatabaseOdbc,Database Odbc Action,szPropertiesTableName,Detaildata Tablename,Nome tabella dati dettagli,
ClientCore/xml.languagefiles/Action.DatabaseOdbc,Database Odbc Action,szSQLConnectionOptions,Connection Options,Opzioni di connessione,
ClientCore/xml.languagefiles/Action.DatabaseOdbc,Database Odbc Action,szSQLOptions,SQL Options,Opzioni SQL,
ClientCore/xml.languagefiles/Action.DatabaseOdbc,Database Odbc Action,szStoredProcedure,CALL (MSSQLStored Procedure),CHIAMATA (procedura MSSQL Stored),
ClientCore/xml.languagefiles/Action.DatabaseOdbc,Database Odbc Action,szTableName,Table Name,Nome della tabella,
ClientCore/xml.languagefiles/Action.DatabaseOdbc,Database Odbc Action,szText,text,testo,
ClientCore/xml.languagefiles/Action.DatabaseOdbc,Database Odbc Action,szVarChar,varchar,varchar,
ClientCore/xml.languagefiles/Action.DatabaseOledb,Database Oledb Action,datafields,Datafields,Campi dati,
ClientCore/xml.languagefiles/Action.DatabaseOledb,Database Oledb Action,nFieldType_,Fieldtype,Tipo di campo,
ClientCore/xml.languagefiles/Action.DatabaseOledb,Database Oledb Action,nMaxValueLength,Maximum value length (Bytes):,Lunghezza massima del valore (byte):,
ClientCore/xml.languagefiles/Action.DatabaseOledb,Database Oledb Action,nOleDbEnCryption,Encrypt password,Crittografare la password,
ClientCore/xml.languagefiles/Action.DatabaseOledb,Database Oledb Action,nPropertiesTable,Enable Detail Property Logging,Abilita la registrazione delle proprietà dettagliate,
ClientCore/xml.languagefiles/Action.DatabaseOledb,Database Oledb Action,nSQLConnectionTimeOut,SQL Connection Timeout,Timeout della connessione SQL,
ClientCore/xml.languagefiles/Action.DatabaseOledb,Database Oledb Action,nSQLStatementType,Statement Type,Tipo di istruzione,
ClientCore/xml.languagefiles/Action.DatabaseOledb,Database Oledb Action,szConnectionString,Configure OLEDB Connection,Configurare la connessione OLEDB,
ClientCore/xml.languagefiles/Action.DatabaseOledb,Database Oledb Action,szDataCatalog,Data Catalog,Catalogo dati,
ClientCore/xml.languagefiles/Action.DatabaseOledb,Database Oledb Action,szDataSource,Data Source,Origine dati,
ClientCore/xml.languagefiles/Action.DatabaseOledb,Database Oledb Action,szDateTimeLT,DateTime Localtime,DateTime Ora locale,
ClientCore/xml.languagefiles/Action.DatabaseOledb,Database Oledb Action,szDateTimeUTC,DateTime UTC,Data e ora UTC,
ClientCore/xml.languagefiles/Action.DatabaseOledb,Database Oledb Action,szFieldContent_,Fieldcontent,Contenuto del campo,
ClientCore/xml.languagefiles/Action.DatabaseOledb,Database Oledb Action,szFieldName_,Fieldname,Nome campo,
ClientCore/xml.languagefiles/Action.DatabaseOledb,Database Oledb Action,szInsertStatement,INSERT,INSERIRE,
ClientCore/xml.languagefiles/Action.DatabaseOledb,Database Oledb Action,szInt,int,int,
ClientCore/xml.languagefiles/Action.DatabaseOledb,Database Oledb Action,szLocation,Location,Posizione,
ClientCore/xml.languagefiles/Action.DatabaseOledb,Database Oledb Action,szPassword,Password,Password,
ClientCore/xml.languagefiles/Action.DatabaseOledb,Database Oledb Action,szPropertiesTableName,Detaildata Tablename,Nome tabella dati dettagli,
ClientCore/xml.languagefiles/Action.DatabaseOledb,Database Oledb Action,szProvider,Provider,Fornitore,
ClientCore/xml.languagefiles/Action.DatabaseOledb,Database Oledb Action,szSQLConnectionOptions,Connection Options,Opzioni di connessione,
ClientCore/xml.languagefiles/Action.DatabaseOledb,Database Oledb Action,szSQLOptions,SQL Options,Opzioni SQL,
ClientCore/xml.languagefiles/Action.DatabaseOledb,Database Oledb Action,szStoredProcedure,CALL (MSSQLStored Procedure),CHIAMATA (procedura MSSQL Stored),
ClientCore/xml.languagefiles/Action.DatabaseOledb,Database Oledb Action,szTableName,Table Name,Nome della tabella,
ClientCore/xml.languagefiles/Action.DatabaseOledb,Database Oledb Action,szText,text,testo,
ClientCore/xml.languagefiles/Action.DatabaseOledb,Database Oledb Action,szUsername,Username,Nome utente,
ClientCore/xml.languagefiles/Action.DatabaseOledb,Database Oledb Action,szVarChar,varchar,varchar,
ClientCore/xml.languagefiles/Action.EventLog,Event Log Action,bUseCustomEventLog,Enable custom Eventlog Channel,Abilita il canale del registro eventi personalizzato,
ClientCore/xml.languagefiles/Action.EventLog,Event Log Action,lbl_EventLogSource_Replace,Replace Event Log Source,Sostituisci origine registro eventi,
ClientCore/xml.languagefiles/Action.EventLog,Event Log Action,lbl_EventLogSource_Service,Use logsource from service,Usa il log source del servizio,
ClientCore/xml.languagefiles/Action.EventLog,Event Log Action,nEventID,Event ID,Event ID,
ClientCore/xml.languagefiles/Action.EventLog,Event Log Action,nEventType,Use Custom Eventlog Type,Utilizza il tipo di registro eventi personalizzato,
ClientCore/xml.languagefiles/Action.EventLog,Event Log Action,szCustomEventLog,Custom Eventlog Channel,Canale registro eventi personalizzato,
ClientCore/xml.languagefiles/Action.EventLog,Event Log Action,szCustomSource,Custom Eventlog Source,Origine del registro eventi personalizzato,
ClientCore/xml.languagefiles/Action.EventLog,Event Log Action,szMessagecontent,Message to log,Messaggio da registrare,
ClientCore/xml.languagefiles/Action.File,File Action,nCircularLogging,Use Circular Logging,Utilizzare la registrazione circolare,
ClientCore/xml.languagefiles/Action.File,File Action,nCleanFileHandlesTimeout,Timeout until unused file handles are closed,Timeout fino alla chiusura degli handle di file inutilizzati,
ClientCore/xml.languagefiles/Action.File,File Action,nEnablePropertyFileName,Enable Property replacements in Filename,Abilita le sostituzioni delle proprietà nel nome file,
ClientCore/xml.languagefiles/Action.File,File Action,nEnableUpdateFileTime,Explicitly update create and modified file timestamp,Aggiorna esplicitamente il timestamp del file creato e modificato,
ClientCore/xml.languagefiles/Action.File,File Action,nFileDateTime,Include Date and Time,Includi data e ora,
ClientCore/xml.languagefiles/Action.File,File Action,nFileDateTimeReported,Include Date and Time reported by Device,Includi data e ora segnalate dal dispositivo,
ClientCore/xml.languagefiles/Action.File,File Action,nFileFacility,Include Syslog Facility,Includi la struttura Syslog,
ClientCore/xml.languagefiles/Action.File,File Action,nFileFormat,File format,Formato del file,
ClientCore/xml.languagefiles/Action.File,File Action,nFilePriority,Include Syslog Priority,Includi Syslog Priorità,
ClientCore/xml.languagefiles/Action.File,File Action,nFileSource,Include Source,Includi fonte,
ClientCore/xml.languagefiles/Action.File,File Action,nIncludeMessage,Include Message,Includi messaggio,
ClientCore/xml.languagefiles/Action.File,File Action,nIncludeRAWMessage,Include RAW Message,Includi messaggio RAW,
ClientCore/xml.languagefiles/Action.File,File Action,nIncludeSourceInFilename,Include Source in Filename,Includi sorgente nel nome file,
ClientCore/xml.languagefiles/Action.File,File Action,nLogDoNotRotateOnShutdown,Do not rotate files on shutdown ,Non ruotare i file allo spegnimento,
ClientCore/xml.languagefiles/Action.File,File Action,nLogEnableRotate,Enable Log Rotation,Abilita rotazione registro,
ClientCore/xml.languagefiles/Action.File,File Action,nLogEnableRotateTimeOfTheDay,Enable rotation by time of the day,Abilita la rotazione in base all'ora del giorno,
ClientCore/xml.languagefiles/Action.File,File Action,nLogEnableRotateTimeout,Enable time based rotation,Abilita la rotazione basata sul tempo,
ClientCore/xml.languagefiles/Action.File,File Action,nLogMoveAfterRotate,Move file after log rotation,Sposta il file dopo la rotazione del registro,
ClientCore/xml.languagefiles/Action.File,File Action,nLogRotateMaxFiles,Maximum number of rotated logfiles to keep,Numero massimo di file di registro ruotati da conservare,
ClientCore/xml.languagefiles/Action.File,File Action,nLogRotateMaxWait,Max wait time for log rotation,Tempo massimo di attesa per la rotazione del registro,
ClientCore/xml.languagefiles/Action.File,File Action,nLogRotateOnClose,Rotate each time a file is closed,Ruota ogni volta che un file viene chiuso,
ClientCore/xml.languagefiles/Action.File,File Action,nLogRotateOnSizeLimit,Rotate if this file size limit is being reached: ,Ruota se viene raggiunto il limite di dimensione del file:,
ClientCore/xml.languagefiles/Action.File,File Action,nLogRotateSizeLimit,File size limit (KB),Limite dimensione file (KB),
ClientCore/xml.languagefiles/Action.File,File Action,nLogRotateTimeOfTheDay,Rotate files at this time (hour:minute),Ruota i file in questo momento (ora:minuto),
ClientCore/xml.languagefiles/Action.File,File Action,nLogRotateTimeOfTheDayFriday,Friday,Venerdì,
ClientCore/xml.languagefiles/Action.File,File Action,nLogRotateTimeOfTheDayMonday,Monday,Lunedi,
ClientCore/xml.languagefiles/Action.File,File Action,nLogRotateTimeOfTheDaySaturday,Saturday,Sabato,
ClientCore/xml.languagefiles/Action.File,File Action,nLogRotateTimeOfTheDaySunday,Sunday,Domenica,
ClientCore/xml.languagefiles/Action.File,File Action,nLogRotateTimeOfTheDayThusday,Thursday,Giovedì,
ClientCore/xml.languagefiles/Action.File,File Action,nLogRotateTimeOfTheDayTuesday,Tuesday,Martedì,
ClientCore/xml.languagefiles/Action.File,File Action,nLogRotateTimeOfTheDayWednesday,Wednesday,Mercoledì,
ClientCore/xml.languagefiles/Action.File,File Action,nLogRotateTimeout,Rotate logfiles older than:,Ruota i file di registro più vecchi di:,
ClientCore/xml.languagefiles/Action.File,File Action,nLogZipAfterRotate,Compress file after log rotation,Comprimi il file dopo la rotazione del registro,
ClientCore/xml.languagefiles/Action.File,File Action,nLogZipAfterRotateFormat,Compression Format,Formato di compressione,
ClientCore/xml.languagefiles/Action.File,File Action,nLogZipCompressionLevel,Compression Level,Livello di compressione,
ClientCore/xml.languagefiles/Action.File,File Action,nMaxFileSize,Maximum file size (KB),Dimensione massima del file (KB),
ClientCore/xml.languagefiles/Action.File,File Action,nNumberOfLogfiles,Number of Logfiles,Numero di file di registro,
ClientCore/xml.languagefiles/Action.File,File Action,nReUseFile,Clear logfile instead of deleting (File will be reused),Cancella il file di registro invece di eliminarlo (il file verrà riutilizzato),
ClientCore/xml.languagefiles/Action.File,File Action,nSegmentFileBySize,Segment file size (KB),Dimensione file segmento (KB),
ClientCore/xml.languagefiles/Action.File,File Action,nSegmentFileEnable,Segment files when the following file size is reached (KB),Segmenta i file quando viene raggiunta la seguente dimensione del file (KB),
ClientCore/xml.languagefiles/Action.File,File Action,nUniqueFileName,Create unique filenames,Crea nomi di file univoci,
ClientCore/xml.languagefiles/Action.File,File Action,nUseUTCForTimestamps,Use UTC for Timestamps,Utilizza UTC per i timestamp,
ClientCore/xml.languagefiles/Action.File,File Action,nUseUTCInFileName,Use UTC in Filename,Utilizza UTC nel nome file,
ClientCore/xml.languagefiles/Action.File,File Action,nUseXMLtoReport,Use XML to Report,Utilizza XML per segnalare,
ClientCore/xml.languagefiles/Action.File,File Action,szCircularDisabled,Continuous Logging,Registrazione continua,
ClientCore/xml.languagefiles/Action.File,File Action,szCircularEnabled,Circular Logging,Registrazione circolare,
ClientCore/xml.languagefiles/Action.File,File Action,szFileBaseName,File Base Name,Nome base file,
ClientCore/xml.languagefiles/Action.File,File Action,szFileExtension,File Extension,Estensione del file,
ClientCore/xml.languagefiles/Action.File,File Action,szFileFormatAdiscon,Adiscon,Adiscon,
ClientCore/xml.languagefiles/Action.File,File Action,szFileFormatCustom,Custom format,Formato personalizzato,
ClientCore/xml.languagefiles/Action.File,File Action,szFileFormatRaw,Raw Syslog message,Messaggio Syslog non elaborato,
ClientCore/xml.languagefiles/Action.File,File Action,szFileFormatWebtrends,Webtrends syslog compatible,Compatibile con syslog Webtrends,
ClientCore/xml.languagefiles/Action.File,File Action,szFileHandlingOptions,File Handling Options,Opzioni di gestione dei file,
ClientCore/xml.languagefiles/Action.File,File Action,szFileNameOptions,Filename related options,Opzioni relative al nome file,
ClientCore/xml.languagefiles/Action.File,File Action,szFilePath,File Path Name,Nome del percorso del file,
ClientCore/xml.languagefiles/Action.File,File Action,szFilenamePreview,Filename Preview,Anteprima del nome file,
ClientCore/xml.languagefiles/Action.File,File Action,szFilenamePreviewLegendBase,Base Name,Nome della base,
ClientCore/xml.languagefiles/Action.File,File Action,szFilenamePreviewLegendDate,Source / Date (Dynamic),Sorgente/Data (Dinamico),
ClientCore/xml.languagefiles/Action.File,File Action,szFilenamePreviewLegendExt,Extension,Estensione,
ClientCore/xml.languagefiles/Action.File,File Action,szFilenamePreviewLegendPath,File Path,Percorso file,
ClientCore/xml.languagefiles/Action.File,File Action,szFilenamePreviewLegendSegment,Segment # (Dynamic),Segmento n. (dinamico),
ClientCore/xml.languagefiles/Action.File,File Action,szFilenamePreviewLegendTime,Time (Dynamic): HH-MM-SS,Ora (dinamico): HH-MM-SS,
ClientCore/xml.languagefiles/Action.File,File Action,szGeneralOptions,General file options,Opzioni generali dei file,
ClientCore/xml.languagefiles/Action.File,File Action,szLineFormat,Custom Line Format,Formato linea personalizzato,
ClientCore/xml.languagefiles/Action.File,File Action,szLogMoveAfterRotatePath,Target directory,Directory di destinazione,
ClientCore/xml.languagefiles/Action.File,File Action,szLogPostProcessing,Post Processing,Post-elaborazione,
ClientCore/xml.languagefiles/Action.File,File Action,szLogRotateDisableUniqueFilenameMessage,"Log rotation automatically manages file names when rotating.

Example with log rotation:
  application.log   → current file
  application.log.1  → previous file (rotated)
  application.log.2  → older file (rotated)

'Create unique filenames' adds timestamps (e.g. app_2024-01-15.log) to avoid overwriting. Log rotation already handles this by appending numeric suffixes. Having both enabled is redundant.

Would you like to disable 'Create unique filenames'?","Log rotation automatically manages file names when rotating.

Esempio con rotazione del registro:
  application.log → file corrente
  application.log.1 → file precedente (ruotato)
  application.log.2 → file più vecchio (ruotato)

""Crea nomi file univoci"" aggiunge timestamp (ad esempio app_2024-01-15.log) per evitare la sovrascrittura. La rotazione del registro gestisce già questa operazione aggiungendo suffissi numerici. Avere entrambi abilitati è ridondante.

Desideri disattivare ""Crea nomi file univoci""?",
ClientCore/xml.languagefiles/Action.File,File Action,szLogRotateDisableUniqueFilenameTitle,Log Rotation,Rotazione del registro,
ClientCore/xml.languagefiles/Action.File,File Action,szLogZipGzip,GZIP (.gz) Compression,Compressione GZIP (.gz).,
ClientCore/xml.languagefiles/Action.File,File Action,szLogZipZip,ZIP (.zip) Compression,Compressione ZIP (.zip).,
ClientCore/xml.languagefiles/Action.File,File Action,szRotateConditions,Rotate Conditions,Condizioni di rotazione,
ClientCore/xml.languagefiles/Action.File,File Action,szRotatePostProcessing,Rotate PostProcessing,Ruota postelaborazione,
ClientCore/xml.languagefiles/Action.HTTPRequest,HTTP Request Action,bUseTLS,Use TLS/SSL Encryption,Utilizza la crittografia TLS/SSL,
ClientCore/xml.languagefiles/Action.HTTPRequest,HTTP Request Action,nPort,HTTP Port,Porta HTTP,
ClientCore/xml.languagefiles/Action.HTTPRequest,HTTP Request Action,szConfigUrlPreview,URL Preview,Anteprima dell'URL,
ClientCore/xml.languagefiles/Action.HTTPRequest,HTTP Request Action,szHost,Host,Ospite,
ClientCore/xml.languagefiles/Action.HTTPRequest,HTTP Request Action,szReferer,Referer,Referente,
ClientCore/xml.languagefiles/Action.HTTPRequest,HTTP Request Action,szUrl,Url & Querystring,URL e stringa di query,
ClientCore/xml.languagefiles/Action.HTTPRequest,HTTP Request Action,szUserAgent,User Agent (Browser),Agente utente (browser),
ClientCore/xml.languagefiles/Action.LogNorm,Log Norm Action,nOutputFormat,Lognorm Output Format,Formato di output Lognorm,
ClientCore/xml.languagefiles/Action.LogNorm,Log Norm Action,szMessage,Normalize Parameter,Normalizza parametro,
ClientCore/xml.languagefiles/Action.LogNorm,Log Norm Action,szOutputFormat_CSV,CSV Format,Formato CSV,
ClientCore/xml.languagefiles/Action.LogNorm,Log Norm Action,szOutputFormat_Disabled,Disabled,Disabilitato,
ClientCore/xml.languagefiles/Action.LogNorm,Log Norm Action,szOutputFormat_JSON,JSON Format,Formato JSON,
ClientCore/xml.languagefiles/Action.LogNorm,Log Norm Action,szOutputFormat_XML,XML Format,Formato XML,
ClientCore/xml.languagefiles/Action.LogNorm,Log Norm Action,szOutputProperty,Output Property,Proprietà di uscita,
ClientCore/xml.languagefiles/Action.LogNorm,Log Norm Action,szRulebase,Select Rulebase File,Seleziona file Rulebase,
ClientCore/xml.languagefiles/Action.Mail,Mail Action,nEnableBackupServer,"Enable Backup Server, used if first Mailserver fails","Abilita il server di backup, utilizzato se il primo server di posta fallisce",
ClientCore/xml.languagefiles/Action.Mail,Mail Action,nIncludeMessage,Include message / event in email body,Includere il messaggio/evento nel corpo dell'email,
ClientCore/xml.languagefiles/Action.Mail,Mail Action,nMailPriority,Mail Priority,Priorità posta,
ClientCore/xml.languagefiles/Action.Mail,Mail Action,nSMTPPort,Mailserver port,Porta del server di posta,
ClientCore/xml.languagefiles/Action.Mail,Mail Action,nSMTPPortBackup,Backup Mailserver port,Porta del server di posta di backup,
ClientCore/xml.languagefiles/Action.Mail,Mail Action,nTimeoutValue,Session Timeout,Timeout della sessione,
ClientCore/xml.languagefiles/Action.Mail,Mail Action,nUseLegacySubjectProcessing,Use legacy subject line processing,Utilizza l'elaborazione della riga dell'oggetto legacy,
ClientCore/xml.languagefiles/Action.Mail,Mail Action,nUseSMTPAuth,Use SMTP Authentication,Utilizza l'autenticazione SMTP,
ClientCore/xml.languagefiles/Action.Mail,Mail Action,nUseSSL,Use a secure connection (SSL) to the mail server,Utilizza una connessione sicura (SSL) al server di posta,
ClientCore/xml.languagefiles/Action.Mail,Mail Action,nUseStartTLSMethod,Use STARTTLS SMTP Extension,Utilizza l'estensione STARTTLS SMTP,
ClientCore/xml.languagefiles/Action.Mail,Mail Action,nUseUTCTimeStamp,Use UTC Time in Date-Header,Utilizza l'ora UTC nell'intestazione della data,
ClientCore/xml.languagefiles/Action.Mail,Mail Action,nUseXMLtoReport,Use XML to Report,Utilizza XML per segnalare,
ClientCore/xml.languagefiles/Action.Mail,Mail Action,szPriorityLow,Low Priority,Priorità bassa,
ClientCore/xml.languagefiles/Action.Mail,Mail Action,szPriorityNormal,Normal Priority,Priorità normale,
ClientCore/xml.languagefiles/Action.Mail,Mail Action,szPriorityhigh,High Priority,Alta priorità,
ClientCore/xml.languagefiles/Action.Mail,Mail Action,szSMTPBody,Mail Message Format,Formato del messaggio di posta,
ClientCore/xml.languagefiles/Action.Mail,Mail Action,szSMTPPassword,SMTP Password,Password SMTP,
ClientCore/xml.languagefiles/Action.Mail,Mail Action,szSMTPRecipient,Recipient Emailaddress,Indirizzo e-mail del destinatario,
ClientCore/xml.languagefiles/Action.Mail,Mail Action,szSMTPSender,Sender Emailaddress,Indirizzo e-mail del mittente,
ClientCore/xml.languagefiles/Action.Mail,Mail Action,szSMTPServer,Mailserver,Server di posta,
ClientCore/xml.languagefiles/Action.Mail,Mail Action,szSMTPServerBackup,Backup Mailserver,Backup del server di posta,
ClientCore/xml.languagefiles/Action.Mail,Mail Action,szSMTPSubject,Subject,Soggetto,
ClientCore/xml.languagefiles/Action.Mail,Mail Action,szSMTPUsername,SMTP Username,Nome utente SMTP,
ClientCore/xml.languagefiles/Action.Mail,Mail Action,szTabMailFormatOptions,Mail Format Options,Opzioni del formato della posta,
ClientCore/xml.languagefiles/Action.Mail,Mail Action,szTabMailServerOptions,Mail Server Options,Opzioni del server di posta,
ClientCore/xml.languagefiles/Action.NetSend,Net Send Action,szMessage,Message to send,Messaggio da inviare,
ClientCore/xml.languagefiles/Action.NetSend,Net Send Action,szTarget,Target Machine,Macchina bersaglio,
ClientCore/xml.languagefiles/Action.PlaySound,Play Sound Action,nCount,Playcount (How often the file is played),Playcount (Quanto spesso viene riprodotto il file),
ClientCore/xml.languagefiles/Action.PlaySound,Play Sound Action,nDelay,Delay between the sound plays (ms),Ritardo tra le riproduzioni del suono (ms),
ClientCore/xml.languagefiles/Action.PlaySound,Play Sound Action,szFilename,Filename of the soundfile,Nome del file audio,
ClientCore/xml.languagefiles/Action.PostProcessing,Post Processing Action,nSyntax_,Type,Tipo,
ClientCore/xml.languagefiles/Action.PostProcessing,Post Processing Action,propertylist,Property List,Elenco delle proprietà,
ClientCore/xml.languagefiles/Action.PostProcessing,Post Processing Action,szCharMatch,Character Match,Corrispondenza dei caratteri,
ClientCore/xml.languagefiles/Action.PostProcessing,Post Processing Action,szConfigPostProcessPreview,Message Preview of your rules,Anteprima del messaggio delle tue regole,
ClientCore/xml.languagefiles/Action.PostProcessing,Post Processing Action,szIPv4,IP V4 Address,Indirizzo IP V4,
ClientCore/xml.languagefiles/Action.PostProcessing,Post Processing Action,szInteger,Integer,Intero,
ClientCore/xml.languagefiles/Action.PostProcessing,Post Processing Action,szIsoTimestamp,ISO-like Timestamp,Timestamp simile a ISO,
ClientCore/xml.languagefiles/Action.PostProcessing,Post Processing Action,szParsValue_,Value,Valore,
ClientCore/xml.languagefiles/Action.PostProcessing,Post Processing Action,szProperty_,Property Name,Nome della proprietà,
ClientCore/xml.languagefiles/Action.PostProcessing,Post Processing Action,szROM,Rest of Message,Resto del messaggio,
ClientCore/xml.languagefiles/Action.PostProcessing,Post Processing Action,szUnixTimestamp,UNIX/LINUX-like Timestamp,Timestamp simile a UNIX/LINUX,
ClientCore/xml.languagefiles/Action.PostProcessing,Post Processing Action,szUpTo,UpTo,Fino a,
ClientCore/xml.languagefiles/Action.PostProcessing,Post Processing Action,szWord,Single Word,Parola unica,
ClientCore/xml.languagefiles/Action.ResolveHostname,Resolve Hostname Action,nCacheNameEntry,Cache resolved host entry,La cache ha risolto la voce host,
ClientCore/xml.languagefiles/Action.ResolveHostname,Resolve Hostname Action,nResolveIfName,Also resolve name if the source property is already a name,Risolvi anche il nome se la proprietà sorgente è già un nome,
ClientCore/xml.languagefiles/Action.ResolveHostname,Resolve Hostname Action,szDestinationPropertyName,Destination Property in which the resolved name will be saved to,Proprietà di destinazione in cui verrà salvato il nome risolto,
ClientCore/xml.languagefiles/Action.ResolveHostname,Resolve Hostname Action,szSourcePropertyName,Select Source Property from which the name will be resolved,Seleziona la proprietà sorgente da cui verrà risolto il nome,
ClientCore/xml.languagefiles/Action.SendComPort,Send Com Port Action,nBps,Bits per second,Bit al secondo,
ClientCore/xml.languagefiles/Action.SendComPort,Send Com Port Action,nDatabits,Data bits,Bit di dati,
ClientCore/xml.languagefiles/Action.SendComPort,Send Com Port Action,nDtsControl,DTR Control Flow,Flusso di controllo DTR,
ClientCore/xml.languagefiles/Action.SendComPort,Send Com Port Action,nParity,Parity,Parità,
ClientCore/xml.languagefiles/Action.SendComPort,Send Com Port Action,nRtsControl,RTS Control Flow,Flusso di controllo RTS,
ClientCore/xml.languagefiles/Action.SendComPort,Send Com Port Action,nStopbits,Stop bits,Bit di arresto,
ClientCore/xml.languagefiles/Action.SendComPort,Send Com Port Action,nTimeOutLimit,Timeout Limit,Limite di timeout,
ClientCore/xml.languagefiles/Action.SendComPort,Send Com Port Action,szDtsControlDisable,DTR Control Disable,Disabilita controllo DTR,
ClientCore/xml.languagefiles/Action.SendComPort,Send Com Port Action,szDtsControlEnable,DTR Control Enable,Abilita controllo DTR,
ClientCore/xml.languagefiles/Action.SendComPort,Send Com Port Action,szDtsControlHandshake,DTR Control Handshake,Stretta di mano di controllo DTR,
ClientCore/xml.languagefiles/Action.SendComPort,Send Com Port Action,szEvenParity,Even Parity,Anche la parità,
ClientCore/xml.languagefiles/Action.SendComPort,Send Com Port Action,szMarkParity,Mark Parity,Segna parità,
ClientCore/xml.languagefiles/Action.SendComPort,Send Com Port Action,szMessage,Message to send,Messaggio da inviare,
ClientCore/xml.languagefiles/Action.SendComPort,Send Com Port Action,szNoParity,No Parity,Nessuna parità,
ClientCore/xml.languagefiles/Action.SendComPort,Send Com Port Action,szOddParity,Odd Parity,Parità dispari,
ClientCore/xml.languagefiles/Action.SendComPort,Send Com Port Action,szOne5StopBits,"1,5 Stop bit","1,5 Punta di arresto",
ClientCore/xml.languagefiles/Action.SendComPort,Send Com Port Action,szOneStopBit,1 Stop bit,1 bit di arresto,
ClientCore/xml.languagefiles/Action.SendComPort,Send Com Port Action,szPortName,Send message to this communication port,Invia un messaggio a questa porta di comunicazione,
ClientCore/xml.languagefiles/Action.SendComPort,Send Com Port Action,szPortSettings,Port Settings,Impostazioni della porta,
ClientCore/xml.languagefiles/Action.SendComPort,Send Com Port Action,szRtsControlDisable,RTS Control Disable,Disabilita controllo RTS,
ClientCore/xml.languagefiles/Action.SendComPort,Send Com Port Action,szRtsControlEnable,RTS Control Enable,Abilitazione controllo RTS,
ClientCore/xml.languagefiles/Action.SendComPort,Send Com Port Action,szRtsControlHandshake,RTS Control Handshake,Stretta di mano di controllo RTS,
ClientCore/xml.languagefiles/Action.SendComPort,Send Com Port Action,szRtsControlToggle,RTS Control Toggle,Attiva/disattiva controllo RTS,
ClientCore/xml.languagefiles/Action.SendComPort,Send Com Port Action,szSpaceParity,Space Parity,Parità spaziale,
ClientCore/xml.languagefiles/Action.SendComPort,Send Com Port Action,szTwoStopBits,2 Stop bits,2 Bit di stop,
ClientCore/xml.languagefiles/Action.SendDTLS,Send DTLS Action,nDTLSSendPort,DTLS Port,Porta DTLS,
ClientCore/xml.languagefiles/Action.SendDTLS,Send DTLS Action,nSendTimeOut,Send /Receive Timeout,Timeout invio/ricezione,
ClientCore/xml.languagefiles/Action.SendDTLS,Send DTLS Action,nTimeOutSession,Session Timeout,Timeout della sessione,
ClientCore/xml.languagefiles/Action.SendDTLS,Send DTLS Action,nUseSSL,Enable SSL / TLS Encryption.,Abilita la crittografia SSL/TLS.,
ClientCore/xml.languagefiles/Action.SendDTLS,Send DTLS Action,szDTLSServer,DTLS Servername,Nome server DTLS,
ClientCore/xml.languagefiles/Action.SendDTLS,Send DTLS Action,szMessage,Message Format,Formato del messaggio,
ClientCore/xml.languagefiles/Action.SendDTLS,Send DTLS Action,szTLSOptions,TLS Options,Opzioni TLS,
ClientCore/xml.languagefiles/Action.SendMSQueue,Send MS Queue Action,nMessagePriority,Queue Priority,Priorità della coda,
ClientCore/xml.languagefiles/Action.SendMSQueue,Send MS Queue Action,szComputerName,Server Computername/IP,Nome computer/IP del server,
ClientCore/xml.languagefiles/Action.SendMSQueue,Send MS Queue Action,szQueueBody,Queue Message Body,Corpo del messaggio in coda,
ClientCore/xml.languagefiles/Action.SendMSQueue,Send MS Queue Action,szQueueLable,Queue Message Label,Etichetta del messaggio in coda,
ClientCore/xml.languagefiles/Action.SendMSQueue,Send MS Queue Action,szQueueName,Queuename,Nome coda,
ClientCore/xml.languagefiles/Action.SendRelp,Send Relp Action,nSelpSendPort,RELP Port,RELP Porta,
ClientCore/xml.languagefiles/Action.SendRelp,Send Relp Action,nSendTimeOut,Send /Receive Timeout,Timeout invio/ricezione,
ClientCore/xml.languagefiles/Action.SendRelp,Send Relp Action,nTimeOutSession,Session Timeout,Timeout della sessione,
ClientCore/xml.languagefiles/Action.SendRelp,Send Relp Action,nUseSSL,Enable SSL / TLS Encryption.,Abilita la crittografia SSL/TLS.,
ClientCore/xml.languagefiles/Action.SendRelp,Send Relp Action,szMessage,Message Format,Formato del messaggio,
ClientCore/xml.languagefiles/Action.SendRelp,Send Relp Action,szRELPOptions,General Options,Opzioni generali,
ClientCore/xml.languagefiles/Action.SendRelp,Send Relp Action,szSelpSendServer,RELP Servername,RELP Nome server,
ClientCore/xml.languagefiles/Action.SendSetp,Send Setp Action,nCompLevel,Compression Level,Livello di compressione,
ClientCore/xml.languagefiles/Action.SendSetp,Send Setp Action,nConnectTimeOut,Connection Timeout,Timeout della connessione,
ClientCore/xml.languagefiles/Action.SendSetp,Send Setp Action,nMIAPSendPort,Default SETP Port,Porta SETP predefinita,
ClientCore/xml.languagefiles/Action.SendSetp,Send Setp Action,nSendRecvTimeOut,Send / Receive Timeout,Timeout invio/ricezione,
ClientCore/xml.languagefiles/Action.SendSetp,Send Setp Action,nTimeOutSession,Session Timeout,Timeout della sessione,
ClientCore/xml.languagefiles/Action.SendSetp,Send Setp Action,nUseSSL,"Enable SSL / TLS Encryption. Note if this Option is enabled, this action will not be able to connect to NON-SSL SETP Servers.","Abilita la crittografia SSL/TLS. Nota: se questa opzione è abilitata, questa azione non sarà in grado di connettersi ai server NON SSL SETP.",
ClientCore/xml.languagefiles/Action.SendSetp,Send Setp Action,nZlibComp,Use zLib Compression to compress the data,Utilizzare la compressione zLib per comprimere i dati,
ClientCore/xml.languagefiles/Action.SendSetp,Send Setp Action,szAdvancedOptions,Timeout Options,Opzioni di timeout,
ClientCore/xml.languagefiles/Action.SendSetp,Send Setp Action,szSETPOptions,General Options,Opzioni generali,
ClientCore/xml.languagefiles/Action.SendSetp,Send Setp Action,szServer,Servername,Nomeserver,
ClientCore/xml.languagefiles/Action.SendSnmp,Send Snmp Action,nGenericName,Generic Name,Generic Name,
ClientCore/xml.languagefiles/Action.SendSnmp,Send Snmp Action,nPort,SNMP Port,SNMP Porta,
ClientCore/xml.languagefiles/Action.SendSnmp,Send Snmp Action,nSpecificType,Specific Type,Tipo specifico,
ClientCore/xml.languagefiles/Action.SendSnmp,Send Snmp Action,nVariableType_,Variable Type,Tipo variabile,
ClientCore/xml.languagefiles/Action.SendSnmp,Send Snmp Action,snmpvars,SNMP Variables,SNMP Variabili,
ClientCore/xml.languagefiles/Action.SendSnmp,Send Snmp Action,szAgent,SNMP Server,Server SNMP,
ClientCore/xml.languagefiles/Action.SendSnmp,Send Snmp Action,szAgentIP,Agent IP Address,Indirizzo IP dell'agente,
ClientCore/xml.languagefiles/Action.SendSnmp,Send Snmp Action,szCommunity,Community ,Comunità,
ClientCore/xml.languagefiles/Action.SendSnmp,Send Snmp Action,szEnterprise,Enterprise OID,OID enterprise,
ClientCore/xml.languagefiles/Action.SendSnmp,Send Snmp Action,szGenericName0,0 - Cold Start,0 - Avvio a freddo,
ClientCore/xml.languagefiles/Action.SendSnmp,Send Snmp Action,szGenericName1,1 - Warm Start,1 - Avvio a caldo,
ClientCore/xml.languagefiles/Action.SendSnmp,Send Snmp Action,szGenericName2,2 - Link Down,2 - Collegamento inattivo,
ClientCore/xml.languagefiles/Action.SendSnmp,Send Snmp Action,szGenericName3,3 - Link Up,3 - Collegamento,
ClientCore/xml.languagefiles/Action.SendSnmp,Send Snmp Action,szGenericName4,4 - Authentication Failure,4 - Autenticazione fallita,
ClientCore/xml.languagefiles/Action.SendSnmp,Send Snmp Action,szGenericName5,5 - EGP Neighbor Loss,5 - Perdita del vicino EGP,
ClientCore/xml.languagefiles/Action.SendSnmp,Send Snmp Action,szGenericName6,6 - Enterprise Specific,6 - Specifico dell'azienda,
ClientCore/xml.languagefiles/Action.SendSnmp,Send Snmp Action,szSNMPOptions,SNMP Options,SNMP Opzioni,
ClientCore/xml.languagefiles/Action.SendSnmp,Send Snmp Action,szSnmpGeneralOptions,General SNMP Options,Opzioni generali SNMP,
ClientCore/xml.languagefiles/Action.SendSnmp,Send Snmp Action,szSnmpv2Oid,Trap OID,Intrappola l'OID,
ClientCore/xml.languagefiles/Action.SendSnmp,Send Snmp Action,szTypeAgentcap,Agent Cap,Agente Cap,
ClientCore/xml.languagefiles/Action.SendSnmp,Send Snmp Action,szTypeBitstring,Bit String,Stringa di bit,
ClientCore/xml.languagefiles/Action.SendSnmp,Send Snmp Action,szTypeCounter,Counter,Contatore,
ClientCore/xml.languagefiles/Action.SendSnmp,Send Snmp Action,szTypeCounter64,Counter64,Contatore64,
ClientCore/xml.languagefiles/Action.SendSnmp,Send Snmp Action,szTypeGauge,Gauge,Misura,
ClientCore/xml.languagefiles/Action.SendSnmp,Send Snmp Action,szTypeInteger,Integer,Intero,
ClientCore/xml.languagefiles/Action.SendSnmp,Send Snmp Action,szTypeInteger32,Signed Integer32,Intero con segno32,
ClientCore/xml.languagefiles/Action.SendSnmp,Send Snmp Action,szTypeIpaddr,IPAddress,IndirizzoIP,
ClientCore/xml.languagefiles/Action.SendSnmp,Send Snmp Action,szTypeModcomp,Mod Comp,ModComp,
ClientCore/xml.languagefiles/Action.SendSnmp,Send Snmp Action,szTypeModid,ModID,ModID,
ClientCore/xml.languagefiles/Action.SendSnmp,Send Snmp Action,szTypeNetaddr,Net Address,Indirizzo netto,
ClientCore/xml.languagefiles/Action.SendSnmp,Send Snmp Action,szTypeNotiftype,Notify Type,Tipo di notifica,
ClientCore/xml.languagefiles/Action.SendSnmp,Send Snmp Action,szTypeNsapaddress,NSAP Address,Indirizzo NSAP,
ClientCore/xml.languagefiles/Action.SendSnmp,Send Snmp Action,szTypeNull,Null,Nullo,
ClientCore/xml.languagefiles/Action.SendSnmp,Send Snmp Action,szTypeObjgroup,Object Group,Gruppo di oggetti,
ClientCore/xml.languagefiles/Action.SendSnmp,Send Snmp Action,szTypeObjid,ObjectID,ID oggetto,
ClientCore/xml.languagefiles/Action.SendSnmp,Send Snmp Action,szTypeOctetstr,Octet String,Stringa di ottetto,
ClientCore/xml.languagefiles/Action.SendSnmp,Send Snmp Action,szTypeOpaque,Opaque,Opaco,
ClientCore/xml.languagefiles/Action.SendSnmp,Send Snmp Action,szTypeOther,Other,Altro,
ClientCore/xml.languagefiles/Action.SendSnmp,Send Snmp Action,szTypeTimeticks,Timeticks,Timetick,
ClientCore/xml.languagefiles/Action.SendSnmp,Send Snmp Action,szTypeTraptype,Trap Type,Tipo di trappola,
ClientCore/xml.languagefiles/Action.SendSnmp,Send Snmp Action,szTypeUinteger,UInteger,UInteger,
ClientCore/xml.languagefiles/Action.SendSnmp,Send Snmp Action,szTypeUnsigned32,Unsigned Integer32,Intero senza segno32,
ClientCore/xml.languagefiles/Action.SendSnmp,Send Snmp Action,szVariableOID_,Variable OID,OID variabile,
ClientCore/xml.languagefiles/Action.SendSnmp,Send Snmp Action,szVariableValue_,Variable Value,Valore variabile,
ClientCore/xml.languagefiles/Action.SetProperty,Set Property Action,szPropertyType,Select property Type,Seleziona il tipo di proprietà,
ClientCore/xml.languagefiles/Action.SetProperty,Set Property Action,szPropertyValue,Set property value,Imposta il valore della proprietà,
ClientCore/xml.languagefiles/Action.SetStatus,Set Status Action,szPropertyName,Status variable name,Nome della variabile di stato,
ClientCore/xml.languagefiles/Action.SetStatus,Set Status Action,szPropertyValue,Status variable value,Valore della variabile di stato,
ClientCore/xml.languagefiles/Action.Startprocess,Startprocess Action,lbl_procmode0,Synchronus Processing (Wait for Completion),Elaborazione sincrona (attesa completamento),
ClientCore/xml.languagefiles/Action.Startprocess,Startprocess Action,lbl_procmode1,Asynchronus Processing,Elaborazione asincrona,
ClientCore/xml.languagefiles/Action.Startprocess,Startprocess Action,nAsyncMaxProc,Async Max Processes,Processi massimi asincroni,
ClientCore/xml.languagefiles/Action.Startprocess,Startprocess Action,nOnMaxProc,On Max Processes,Sui processi massimi,
ClientCore/xml.languagefiles/Action.Startprocess,Startprocess Action,nOnMaxProcWait,Waittime On Max Processes,Tempo di attesa su processi massimi,
ClientCore/xml.languagefiles/Action.Startprocess,Startprocess Action,nProcMode,Processing Mode,Modalità di elaborazione,
ClientCore/xml.languagefiles/Action.Startprocess,Startprocess Action,nSyncTimeOut,Sync Timeout,Sincronizzazione timeout,
ClientCore/xml.languagefiles/Action.Startprocess,Startprocess Action,nUseLegacyProcessing,Use legacy parameter processing,Utilizza l'elaborazione dei parametri legacy,
ClientCore/xml.languagefiles/Action.Startprocess,Startprocess Action,szCommand,Command to execute,Comando da eseguire,
ClientCore/xml.languagefiles/Action.Startprocess,Startprocess Action,szParameters,Command Parameters,Parametri di comando,
ClientCore/xml.languagefiles/Action.Syslog,Syslog Action,bReportInXML,Use XML to Report,Utilizza XML per segnalare,
ClientCore/xml.languagefiles/Action.Syslog,Syslog Action,lbl_syslogRFC3195RAW,RFC3195 Raw,RFC3195 grezzo,
ClientCore/xml.languagefiles/Action.Syslog,Syslog Action,lbl_syslogTCPOctetCount,"TCP (Persistent connection, Octet based framing)","TCP (connessione persistente, framing basato su ottetti)",
ClientCore/xml.languagefiles/Action.Syslog,Syslog Action,lbl_syslogTCPOneMSG,"TCP (NOT RECOMMENDED, one message per connection)","TCP (NON CONSIGLIATO, un messaggio per connessione)",
ClientCore/xml.languagefiles/Action.Syslog,Syslog Action,lbl_syslogTCPPersistant,TCP (Persistent connection),TCP (connessione persistente),
ClientCore/xml.languagefiles/Action.Syslog,Syslog Action,lbl_syslogUDP,UDP,UDP,
ClientCore/xml.languagefiles/Action.Syslog,Syslog Action,nCompressionLevel,Compression Level,Livello di compressione,
ClientCore/xml.languagefiles/Action.Syslog,Syslog Action,nEnableBackupServer,Use this backup syslog server if first one fails.,Utilizzare questo server syslog di backup se il primo fallisce.,
ClientCore/xml.languagefiles/Action.Syslog,Syslog Action,nForwardIUT,Forward as MWAgent XML representation code,Inoltra come codice di rappresentazione XML MWAgent,
ClientCore/xml.languagefiles/Action.Syslog,Syslog Action,nJSONIncludeMessageProperty,Include Message property in CEE Format,Includi la proprietà Message nel formato CEE,
ClientCore/xml.languagefiles/Action.Syslog,Syslog Action,nOutputEncodingUTF8BOM,Include UTF8 BOM in message,Includi distinta base UTF8 nel messaggio,
ClientCore/xml.languagefiles/Action.Syslog,Syslog Action,nReportInJSON,Use CEE enhanced Syslog Format,Utilizza il formato Syslog avanzato CEE,
ClientCore/xml.languagefiles/Action.Syslog,Syslog Action,nRoundRobinMsgCount,Amount of messages sent to each syslog server before load balancing,Quantità di messaggi inviati a ciascun server syslog prima del bilanciamento del carico,
ClientCore/xml.languagefiles/Action.Syslog,Syslog Action,nSendMode,Syslog Send mode,Modalità di invio Syslog,
ClientCore/xml.languagefiles/Action.Syslog,Syslog Action,nSpoofIPAddress,Enable IP Spoofing for the UDP Protocol. See the manual for more details,Abilita lo spoofing IP per il protocollo UDP. Consultare il manuale per maggiori dettagli,
ClientCore/xml.languagefiles/Action.Syslog,Syslog Action,nSyslogInsertSource,Add Syslog Source when forwarding to other Syslog servers,Aggiungi Syslog Sorgente durante l'inoltro ad altri server Syslog,
ClientCore/xml.languagefiles/Action.Syslog,Syslog Action,nSyslogPortBackup,Backup Syslog Port,Backup Syslog Porta,
ClientCore/xml.languagefiles/Action.Syslog,Syslog Action,nSyslogPort_,Syslog Port,Porta Syslog,
ClientCore/xml.languagefiles/Action.Syslog,Syslog Action,nSyslogSendPort,Syslog Port,Porta Syslog,
ClientCore/xml.languagefiles/Action.Syslog,Syslog Action,nTimeoutValue,Session Timeout,Timeout della sessione,
ClientCore/xml.languagefiles/Action.Syslog,Syslog Action,nType,Protocol Type,Tipo di protocollo,
ClientCore/xml.languagefiles/Action.Syslog,Syslog Action,nUseCompression,Use zLib Compression to compress the data.,Utilizzare la compressione zLib per comprimere i dati.,
ClientCore/xml.languagefiles/Action.Syslog,Syslog Action,nUseSSL,"Enable SSL / TLS Encryption. Note if this Option is enabled, this action will not be able to connect to NON-SSL Syslog Servers.","Abilita la crittografia SSL/TLS. Nota: se questa opzione è abilitata, questa azione non sarà in grado di connettersi ai server NON SSL Syslog.",
ClientCore/xml.languagefiles/Action.Syslog,Syslog Action,syslogservers,Syslog Servers,Server Syslog,
ClientCore/xml.languagefiles/Action.Syslog,Syslog Action,szCustomSyslogHeader,Use Custom Syslog Header,Utilizza l'intestazione Syslog personalizzata,
ClientCore/xml.languagefiles/Action.Syslog,Syslog Action,szMessageFormat,Message Format,Formato del messaggio,
ClientCore/xml.languagefiles/Action.Syslog,Syslog Action,szSendModeRoundRobin,Use round robin (multiple syslog servers),Utilizza round robin (più server syslog),
ClientCore/xml.languagefiles/Action.Syslog,Syslog Action,szSendModeSingle,Use single syslog server with optional backup server,Utilizza un singolo server syslog con server di backup opzionale,
ClientCore/xml.languagefiles/Action.Syslog,Syslog Action,szSpoofedIPAddress,Fixed IP or single property,IP fisso o singola proprietà,
ClientCore/xml.languagefiles/Action.Syslog,Syslog Action,szSyslogMessageOptions,Syslog Message Options,Syslog Opzioni messaggio,
ClientCore/xml.languagefiles/Action.Syslog,Syslog Action,szSyslogNetworkOptions,Network related Options,Opzioni relative alla rete,
ClientCore/xml.languagefiles/Action.Syslog,Syslog Action,szSyslogProcessingCustomHeader,Use Custom Syslog Header,Utilizza l'intestazione Syslog personalizzata,
ClientCore/xml.languagefiles/Action.Syslog,Syslog Action,szSyslogProcessingDisabled,"Disable processing, forward as it is.","Disabilita l'elaborazione, inoltrala così com'è.",
ClientCore/xml.languagefiles/Action.Syslog,Syslog Action,szSyslogProcessingRFC3164,Use legacy RFC 3164 processing,Utilizza l'elaborazione RFC 3164 legacy,
ClientCore/xml.languagefiles/Action.Syslog,Syslog Action,szSyslogProcessingRFC5424,Use RFC 5424 processing (recommended),Utilizza l'elaborazione RFC 5424 (consigliato),
ClientCore/xml.languagefiles/Action.Syslog,Syslog Action,szSyslogSSLOptions,SSL/TLS related Options,Opzioni relative a SSL/TLS,
ClientCore/xml.languagefiles/Action.Syslog,Syslog Action,szSyslogSendServer,Syslog Server,Server Syslog,
ClientCore/xml.languagefiles/Action.Syslog,Syslog Action,szSyslogServerBackup,Backup Syslog Server,Backup del server Syslog,
ClientCore/xml.languagefiles/Action.Syslog,Syslog Action,szSyslogServerOptions,Syslog Receiver Options,Opzioni del server Syslog,
ClientCore/xml.languagefiles/Action.Syslog,Syslog Action,szSyslogServer_,Syslog Server,Server Syslog,
ClientCore/xml.languagefiles/Action.Syslog,Syslog Action,szSyslogTCPOptions,TCP related Options,Opzioni relative a TCP,
ClientCore/xml.languagefiles/Action.Syslog,Syslog Action,szSyslogTargetOptions,Syslog Target Options,Syslog Opzioni di destinazione,
ClientCore/xml.languagefiles/Action.Syslog,Syslog Action,szSyslogUDPOptions,UDP related Options,Opzioni relative a UDP,
ClientCore/xml.languagefiles/Action.SyslogQueue,Syslog Queue Action,lbl_syslogTCPOctetCount,"TCP (Persistent connection, Octet based framing)","TCP (connessione persistente, framing basato su ottetti)",
ClientCore/xml.languagefiles/Action.SyslogQueue,Syslog Queue Action,lbl_syslogTCPOneMSG,"TCP (NOT RECOMMENDED, one message per connection)","TCP (NON CONSIGLIATO, un messaggio per connessione)",
ClientCore/xml.languagefiles/Action.SyslogQueue,Syslog Queue Action,lbl_syslogTCPPersistant,TCP (Persistent connection),TCP (connessione persistente),
ClientCore/xml.languagefiles/Action.SyslogQueue,Syslog Queue Action,lbl_syslogUDP,UDP,UDP,
ClientCore/xml.languagefiles/Action.SyslogQueue,Syslog Queue Action,nDiskCacheWait,Waittime between connection tries,Tempo di attesa tra i tentativi di connessione,
ClientCore/xml.languagefiles/Action.SyslogQueue,Syslog Queue Action,nDiskQueueMaxFileSize,Split files if this size is reached,Dividi i file se viene raggiunta questa dimensione,
ClientCore/xml.languagefiles/Action.SyslogQueue,Syslog Queue Action,nJSONIncludeMessageProperty,Include message property in CEE Format,Includi la proprietà del messaggio nel formato CEE,
ClientCore/xml.languagefiles/Action.SyslogQueue,Syslog Queue Action,szCustomMessageFormat,Custom Message Format,Formato messaggio personalizzato,
ClientCore/xml.languagefiles/Action.SyslogQueue,Syslog Queue Action,szCustomSyslogHeader,Use Custom Syslog Header,Utilizza l'intestazione Syslog personalizzata,
ClientCore/xml.languagefiles/Action.SyslogQueue,Syslog Queue Action,szIutFormat,Forward as MWAgent XML representation code,Inoltra come codice di rappresentazione XML MWAgent,
ClientCore/xml.languagefiles/Action.SyslogQueue,Syslog Queue Action,szJsonFormat,Use CEE enhanced Syslog Format,Utilizza il formato Syslog avanzato CEE,
ClientCore/xml.languagefiles/Action.SyslogQueue,Syslog Queue Action,szMessageFormat,Message Format,Formato del messaggio,
ClientCore/xml.languagefiles/Action.SyslogQueue,Syslog Queue Action,szSyslogHeaderOptions,SyslogHeader Options,SyslogOpzioni intestazione,
ClientCore/xml.languagefiles/Action.SyslogQueue,Syslog Queue Action,szSyslogMessageOptions,Syslog Message Options,Syslog Opzioni messaggio,
ClientCore/xml.languagefiles/Action.SyslogQueue,Syslog Queue Action,szSyslogProcessingCustomHeader,Use Custom Syslog Header,Utilizza l'intestazione Syslog personalizzata,
ClientCore/xml.languagefiles/Action.SyslogQueue,Syslog Queue Action,szSyslogProcessingDisabled,"Disable processing, forward as it is.","Disabilita l'elaborazione, inoltrala così com'è.",
ClientCore/xml.languagefiles/Action.SyslogQueue,Syslog Queue Action,szSyslogProcessingRFC3164,Use legacy RFC 3164 processing,Utilizza l'elaborazione RFC 3164 legacy,
ClientCore/xml.languagefiles/Action.SyslogQueue,Syslog Queue Action,szSyslogProcessingRFC5424,Use RFC 5424 processing (recommended),Utilizza l'elaborazione RFC 5424 (consigliato),
ClientCore/xml.languagefiles/Action.SyslogQueue,Syslog Queue Action,szSyslogQueue,SyslogQueue Name,SyslogQueue Nome,
ClientCore/xml.languagefiles/Action.SyslogQueue,Syslog Queue Action,szSyslogQueueOptions,SyslogQueue Options,SyslogQueue Opzioni,
ClientCore/xml.languagefiles/Action.SyslogQueue,Syslog Queue Action,szXmlFormat,XML Format,Formato XML,
ClientCore/xml.languagefiles/General.Debug,Debug General,nCircularLogging,Use circular Logging,Utilizzare la registrazione circolare,
ClientCore/xml.languagefiles/General.Debug,Debug General,nDebugErrors,Errors & Warnings,Errori e avvisi,
ClientCore/xml.languagefiles/General.Debug,Debug General,nDebugInternal,Information Output,Produzione di informazioni,
ClientCore/xml.languagefiles/General.Debug,Debug General,nDebugMini,Minimal Output,Produzione minima,
ClientCore/xml.languagefiles/General.Debug,Debug General,nDebugRuleEngine,Rule & Filter Engine Output,Uscita del motore di regole e filtri,
ClientCore/xml.languagefiles/General.Debug,Debug General,nDebugUltra,Ultra Verbose Output,Output ultra dettagliato,
ClientCore/xml.languagefiles/General.Debug,Debug General,nEnableDebugOutput,Enable Debug output into file,Abilita l'output di debug nel file,
ClientCore/xml.languagefiles/General.Debug,Debug General,nMaxFileSize,Maximum file size (KB),Dimensione massima del file (KB),
ClientCore/xml.languagefiles/General.Debug,Debug General,nNumberOfLogfiles,Number of logfiles,Numero di file di registro,
ClientCore/xml.languagefiles/General.Debug,Debug General,nReportCrash,Automatically send problem reports to Adiscon Support,Invia automaticamente segnalazioni di problemi al supporto Adiscon,
ClientCore/xml.languagefiles/General.Debug,Debug General,szCrashReporting,Crash Reporting,Segnalazione di incidenti,
ClientCore/xml.languagefiles/General.Debug,Debug General,szDebugFileName,File and path name,Nome del file e del percorso,
ClientCore/xml.languagefiles/General.Debug,Debug General,szEnableReportCrash,Do you want to enable Crash reporting?,Vuoi abilitare la segnalazione degli arresti anomali?,
ClientCore/xml.languagefiles/General.Debug,Debug General,szMoreInfoCrash,"If enabled, crashdumps will automatically be uploaded to http://crashdump.adiscon.com.
These crash dump do not contain any personal data. 
Only data related to the problem will be send. ","Se abilitato, i crashdump verranno automaticamente caricati su http://crashdump.adiscon.com.
Questi crash dump non contengono dati personali. 
Verranno inviati solo i dati relativi al problema.",
ClientCore/xml.languagefiles/General.Engine,Engine General,bAbortRuleOnFailure,Abort Rule Execution when one Rule fails?,Interrompere l'esecuzione della regola quando una regola non riesce?,
ClientCore/xml.languagefiles/General.Engine,Engine General,nDNSCacheLimit,How many DNS records can be cached?,Quanti record DNS possono essere memorizzati nella cache?,
ClientCore/xml.languagefiles/General.Engine,Engine General,nDNSCacheTime,How long should dns names be cached?,Per quanto tempo i nomi DNS devono essere memorizzati nella cache?,
ClientCore/xml.languagefiles/General.Engine,Engine General,nDNSInetProtocol,Internet Protocoltype,Tipo di protocollo Internet,
ClientCore/xml.languagefiles/General.Engine,Engine General,nEnableDNSCache,Enable internal DNS Cache,Abilita la cache DNS interna,
ClientCore/xml.languagefiles/General.Engine,Engine General,nEnableRetry,Enable retry of Actions on failure,Abilita nuovi tentativi delle azioni in caso di errore,
ClientCore/xml.languagefiles/General.Engine,Engine General,nLibCacheTimeOut,How long should libraries be cached?,Per quanto tempo le librerie dovrebbero essere memorizzate nella cache?,
ClientCore/xml.languagefiles/General.Engine,Engine General,nLogRotateWorkerCount,Number of log rotation workers,Numero di worker per la rotazione dei log,
ClientCore/xml.languagefiles/General.Engine,Engine General,nLogRotateWorkerEnable,Enable queued log rotation workers,Abilita i worker accodati per la rotazione dei log,
ClientCore/xml.languagefiles/General.Engine,Engine General,nLogRotateWorkerSleepTime,Idle wait time between queue checks,Tempo di attesa tra i controlli della coda,
ClientCore/xml.languagefiles/General.Engine,Engine General,nLogRotateWorkerStopWaitTimeout,Shutdown wait time for queued log rotation jobs,Tempo di attesa all'arresto del servizio per i job di rotazione in coda,
ClientCore/xml.languagefiles/General.Engine,Engine General,nRetryCount,Retry Count,Conteggio tentativi,
ClientCore/xml.languagefiles/General.Engine,Engine General,nRetryPeriod,Retry period (ms),Periodo di tentativi (ms),
ClientCore/xml.languagefiles/General.Engine,Engine General,nSyslogMaxMessageSize,Maximum Syslog Message Size (Bytes),Dimensione massima del messaggio Syslog (byte),
ClientCore/xml.languagefiles/General.Engine,Engine General,szActionSpecific,Action specific,Specifico delle azioni,
ClientCore/xml.languagefiles/General.Engine,Engine General,szNetworkOptions,Network specific,Specifico della rete,
ClientCore/xml.languagefiles/General.Engine,Engine General,szOtherOptions,Other Engine Options,Altre opzioni del motore,
ClientCore/xml.languagefiles/General.Engine,Engine General,szRessourceOptions,Ressource Library Cache Options,Opzioni della cache della libreria di risorse,
ClientCore/xml.languagefiles/General.Engine,Engine General,szRotateWorkerOptions,LogRotate Background Worker,LogRotate Operatore in background,
ClientCore/xml.languagefiles/General.Engine,Engine General,szRotateWorkerOptionsDescription,"The queued LogRotate worker subsystem prepares detached files and processes log rotation jobs in the background.
Pending jobs are saved in LogRotationQueue.json and continue after restart.
Temporary .staging files may appear while files are prepared for rotation, compression, or move operations.","Il sottosistema LogRotate in coda prepara file separati ed elabora in background i job di rotazione dei log.
I job in sospeso vengono salvati in LogRotationQueue.json e riprendono dopo un riavvio.
Possono comparire file .staging temporanei mentre i file vengono preparati per rotazione, compressione o spostamento.",
ClientCore/xml.languagefiles/General.Engine,Engine General,szRuleEngineSpecific,Rule Engine specific,Specifico delle regole,
ClientCore/xml.languagefiles/General.Engine,Engine General,szRuleSetEngineOptions,RuleSet Engine,Opzioni del motore del set di regole,
ClientCore/xml.languagefiles/General.Engine,Engine General,szSyslogMaxMessageSizeDescription,"When oversized messages are received over Syslog TCP, this size limit defines when we have to split the message. 
By default the maximum for TCP is set to 1024000 bytes (1MB). For Syslog UDP, the limit is 65536 Bytes due to the UDP Protocol limits.","Quando vengono ricevuti messaggi di grandi dimensioni su Syslog TCP, questo limite di dimensione definisce quando dobbiamo dividere il messaggio. 
Per impostazione predefinita, il massimo per TCP è impostato su 1024000 byte (1 MB). Per Syslog UDP, il limite è 65536 byte a causa dei limiti del protocollo UDP.",
ClientCore/xml.languagefiles/General.General,General General,bAutoReloadRandomDelay,Enable random wait time delay when checking for new configurations,Abilita il ritardo del tempo di attesa casuale durante il controllo delle nuove configurazioni,
ClientCore/xml.languagefiles/General.General,General General,nAutoReloadDelayTime,Maximum random delay time,Tempo di ritardo casuale massimo,
ClientCore/xml.languagefiles/General.General,General General,nCustomerID,CustomerID,ID cliente,
ClientCore/xml.languagefiles/General.General,General General,nEnableAutoConfigReload,Automatically reload service on configuration changes,Ricarica automaticamente il servizio in caso di modifiche alla configurazione,
ClientCore/xml.languagefiles/General.General,General General,nEnableEventlogWarnings,Log Warnings into the Windows Application Eventlog,Registra gli avvisi nel registro eventi dell'applicazione Windows,
ClientCore/xml.languagefiles/General.General,General General,nJapanStringHandling,Special Unicoder Conversion for Japanese Systems,Conversione Unicoder speciale per i sistemi giapponesi,
ClientCore/xml.languagefiles/General.General,General General,nProcessPriority,Process Priority,Priorità del processo,
ClientCore/xml.languagefiles/General.General,General General,nProtectAgainstShutdown,Protect Service against shutdown,Proteggi il servizio dallo spegnimento,
ClientCore/xml.languagefiles/General.General,General General,nQueueLimit,Queuelimit,Limite coda,
ClientCore/xml.languagefiles/General.General,General General,nSystemID,SystemID,ID sistema,
ClientCore/xml.languagefiles/General.General,General General,nTimeMode,Default Timevalues are based on,I valori temporali predefiniti sono basati su,
ClientCore/xml.languagefiles/General.General,General General,szMIBSPath,Location of your SNMP Mibs,Posizione dei tuoi SNMP Mib,
ClientCore/xml.languagefiles/General.General,General General,sz_runhigh,High,Alto,
ClientCore/xml.languagefiles/General.General,General General,sz_runidle,Run with idle priority,Esegui con priorità inattiva,
ClientCore/xml.languagefiles/General.General,General General,sz_runlow,Low ,Basso,
ClientCore/xml.languagefiles/General.General,General General,sz_runnormal,Normal,Normale,
ClientCore/xml.languagefiles/General.License,License General,nLicenseKey1,Key1,Chiave1,
ClientCore/xml.languagefiles/General.License,License General,nLicenseKey2,Key2,Chiave2,
ClientCore/xml.languagefiles/General.License,License General,nLicenseKey3,Key3,Chiave3,
ClientCore/xml.languagefiles/General.License,License General,nLicenseKey4,Key4,Chiave4,
ClientCore/xml.languagefiles/General.License,License General,nLicenseKey5,Key5,Chiave5,
ClientCore/xml.languagefiles/General.License,License General,szButtonVerifyLicense,Verify License,Verifica licenza,
ClientCore/xml.languagefiles/General.License,License General,szLicense,License Information,Informazioni sulla licenza,
ClientCore/xml.languagefiles/General.License,License General,szLicensee,Registration Name,Nome di registrazione,
ClientCore/xml.languagefiles/General.License,License General,szMoreInformation,More information can be found at our Homepage,Maggiori informazioni possono essere trovate sulla nostra homepage,
ClientCore/xml.languagefiles/General.License,License General,szRegNumber,Registration Number,Numero di registrazione,
ClientCore/xml.languagefiles/General.Permitted,Permitted General,nEnablePermittedSenders,Enabled Permitted Senders List. ,Elenco mittenti consentiti abilitato.,
ClientCore/xml.languagefiles/General.Permitted,Permitted General,permittedsenders,Only receive syslog messages from the following IP Addresses. ,Ricevi solo messaggi syslog dai seguenti indirizzi IP.,
ClientCore/xml.languagefiles/General.Permitted,Permitted General,szEditionInformation,"Please note that if you activate the Permitted Senders List, all network related services will be limited to receive messages from the configured devices only. 

The list configuration itself is not limited. 
But if your license is limited to 10 devices for example, only the first 10 configured senders will work.","Tieni presente che se attivi l'Elenco mittenti consentiti, tutti i servizi relativi alla rete saranno limitati a ricevere messaggi solo dai dispositivi configurati. 

La configurazione dell'elenco in sé non è limitata. 
Ma se, ad esempio, la tua licenza è limitata a 10 dispositivi, funzioneranno solo i primi 10 mittenti configurati.",
ClientCore/xml.languagefiles/General.Permitted,Permitted General,szIP_,IP Address,Indirizzo IP,
ClientCore/xml.languagefiles/General.PostProcessApps,Post Process Apps General,btnRun,Run,Correre,
ClientCore/xml.languagefiles/General.PostProcessApps,Post Process Apps General,interactive_path,Path && Filename for application,Percorso && Nome file per l'applicazione,
ClientCore/xml.languagefiles/General.PostProcessApps,Post Process Apps General,loganalyzer_path,Path && Filename for application,Percorso && Nome file per l'applicazione,
ClientCore/xml.languagefiles/General.PostProcessApps,Post Process Apps General,logfilemgr_path,Path && Filename for application,Percorso && Nome file per l'applicazione,
ClientCore/xml.languagefiles/General.PostProcessApps,Post Process Apps General,logsearch_path,Path && Filename for application,Percorso && Nome file per l'applicazione,
ClientCore/xml.languagefiles/General.PostProcessApps,Post Process Apps General,ninteractive,InterActive SyslogViewer,Interattivo SyslogVisualizzatore,
ClientCore/xml.languagefiles/General.PostProcessApps,Post Process Apps General,nloganalyzer,Log Analyzer & Reporter Tool,Strumento di analisi e reportistica di log,
ClientCore/xml.languagefiles/General.PostProcessApps,Post Process Apps General,nlogfilemgr,Log File Management Tool,Strumento di gestione dei file di registro,
ClientCore/xml.languagefiles/General.PostProcessApps,Post Process Apps General,nlogsearch,Log Search Tool,Strumento di ricerca dei registri,
ClientCore/xml.languagefiles/General.PostProcessApps,Post Process Apps General,szPostProcessApps,Available post process applications,Applicazioni post-process disponibili,
ClientCore/xml.languagefiles/General.QueueManager,Queue Manager General,nEnableRingBuffer,Enable Queue Manager Diskcache,Abilita Diskcache del gestore code,
ClientCore/xml.languagefiles/General.QueueManager,Queue Manager General,nProcessingLow,Processing pointer,Puntatore di elaborazione,
ClientCore/xml.languagefiles/General.QueueManager,Queue Manager General,nRingBufferSize,Queue File Size (static),Dimensione file coda (statica),
ClientCore/xml.languagefiles/General.QueueManager,Queue Manager General,nSavingLow,Saving pointer,Puntatore di salvataggio,
ClientCore/xml.languagefiles/General.QueueManager,Queue Manager General,nWorkerThreads,Number of worker threads,Numero di thread di lavoro,
ClientCore/xml.languagefiles/General.QueueManager,Queue Manager General,szRingBufferFile,File and path name,Nome del file e del percorso,
ClientCore/xml.languagefiles/General.QueueManager,Queue Manager General,szRingBufferWarning,"Warning! If you enable diskcaching, it will slow down processing of the actions. This depends on the speed of your harddisk. Do only enable this feature if you really want cache the queue on disk for failover reasons. If the processing is interrupted for some reason, the Service will load the queue on startup and process what was in the queue before.","Avvertimento! Se abiliti il disk caching, l'elaborazione delle azioni rallenterà. Ciò dipende dalla velocità del disco rigido. Abilita questa funzione solo se desideri davvero memorizzare la coda su disco per motivi di failover. Se l'elaborazione viene interrotta per qualche motivo, il servizio caricherà la coda all'avvio ed elaborerà quanto era presente nella coda.",
ClientCore/xml.languagefiles/Service.CPUMonitor,CPU Monitor Service,nCPUEnable,Enable CPU Check,Abilita controllo CPU,
ClientCore/xml.languagefiles/Service.CPUMonitor,CPU Monitor Service,nCPUOccurences,Occurrences until CPU alarm is raised,Si verifica finché non viene generato l'allarme della CPU,
ClientCore/xml.languagefiles/Service.CPUMonitor,CPU Monitor Service,nCPUReportIfBelowAlarm,Also report if CPULevel is below the alarm level,Segnala anche se CPULevel è al di sotto del livello di allarme,
ClientCore/xml.languagefiles/Service.CPUMonitor,CPU Monitor Service,nCPUSingle,For Multiprocessor Systems only: Report for each CPU,Solo per sistemi multiprocessore: rapporto per ciascuna CPU,
ClientCore/xml.languagefiles/Service.CPUMonitor,CPU Monitor Service,nCPUUsageAlarmLevel,CPU usage alarm level,Livello di allarme sull'utilizzo della CPU,
ClientCore/xml.languagefiles/Service.CPUMonitor,CPU Monitor Service,nMEMEnable,Enable Memory Check,Abilita controllo memoria,
ClientCore/xml.languagefiles/Service.CPUMonitor,CPU Monitor Service,nMEMOccurences,Occurrences until Memory alarm is raised,Si verifica finché non viene generato l'allarme memoria,
ClientCore/xml.languagefiles/Service.CPUMonitor,CPU Monitor Service,nMEMPsyEnable,Enable Physical Memory Check,Abilita controllo memoria fisica,
ClientCore/xml.languagefiles/Service.CPUMonitor,CPU Monitor Service,nMEMPsyOccurences,Occurrences until Physical Memory alarm is raised,Si verifica finché non viene generato l'allarme di memoria fisica,
ClientCore/xml.languagefiles/Service.CPUMonitor,CPU Monitor Service,nMEMPsyReportIfBelowAlarm,Also report if Physical Memory level is below the alarm level,Segnala anche se il livello della memoria fisica è inferiore al livello di allarme,
ClientCore/xml.languagefiles/Service.CPUMonitor,CPU Monitor Service,nMEMPsyUsageAlarmLevel,Physical Memory usage alarm level,Livello di allarme di utilizzo della memoria fisica,
ClientCore/xml.languagefiles/Service.CPUMonitor,CPU Monitor Service,nMEMReportIfBelowAlarm,Also report if Memory Level is below the alarm level,Segnala anche se il livello di memoria è inferiore al livello di allarme,
ClientCore/xml.languagefiles/Service.CPUMonitor,CPU Monitor Service,nMEMUsageAlarmLevel,Memory usage alarm level,Livello di allarme sull'utilizzo della memoria,
ClientCore/xml.languagefiles/Service.CPUMonitor,CPU Monitor Service,nMEMVirtEnable,Enable Virtual Memory Check,Abilita il controllo della memoria virtuale,
ClientCore/xml.languagefiles/Service.CPUMonitor,CPU Monitor Service,nMEMVirtOccurences,Occurrences until Virtual Memory alarm is raised,Si verifica finché non viene generato l'allarme di memoria virtuale,
ClientCore/xml.languagefiles/Service.CPUMonitor,CPU Monitor Service,nMEMVirtReportIfBelowAlarm,Also report if Virtual Memory Level is below the alarm level,Segnala anche se il livello di memoria virtuale è inferiore al livello di allarme,
ClientCore/xml.languagefiles/Service.CPUMonitor,CPU Monitor Service,nMEMVirtUsageAlarmLevel,Virtual Memory usage alarm level,Livello di allarme sull'utilizzo della memoria virtuale,
ClientCore/xml.languagefiles/Service.CPUMonitor,CPU Monitor Service,nSleepTime,Check Interval (ms),Intervallo di controllo (ms),
ClientCore/xml.languagefiles/Service.CPUMonitor,CPU Monitor Service,szTabCPU,CPU,processore,
ClientCore/xml.languagefiles/Service.CPUMonitor,CPU Monitor Service,szTabMemory,Total Memory,Memoria totale,
ClientCore/xml.languagefiles/Service.CPUMonitor,CPU Monitor Service,szTabPhyMemory,Physical Memory,Memoria fisica,
ClientCore/xml.languagefiles/Service.CPUMonitor,CPU Monitor Service,szTabVirtMemory,Virtual Memory,Memoria virtuale,
ClientCore/xml.languagefiles/Service.DTLSListener,DTLS Listener Service,nTimeOutSession,Session Timeout,Timeout della sessione,
ClientCore/xml.languagefiles/Service.DTLSListener,DTLS Listener Service,nUseSSL,Enable SSL / TLS Encryption.,Abilita la crittografia SSL/TLS.,
ClientCore/xml.languagefiles/Service.DTLSListener,DTLS Listener Service,szIP_,Permitted Peername / SHA1 / etc,Peername consentito/SHA1/ecc,
ClientCore/xml.languagefiles/Service.DTLSListener,DTLS Listener Service,tlsallowedentries,Permitted Peers,Peer consentiti,
ClientCore/xml.languagefiles/Service.DatabaseMonitor,Database Monitor Service,btnButtonDBMonReloadLastPos,Reload DB Index number,Ricarica il numero dell'indice DB,
ClientCore/xml.languagefiles/Service.DatabaseMonitor,Database Monitor Service,btnButtonResetLastPos,Reset DB Index number,Reimposta il numero dell'indice DB,
ClientCore/xml.languagefiles/Service.DatabaseMonitor,Database Monitor Service,iLastDBID,Last DB Index,Ultimo indice DB,
ClientCore/xml.languagefiles/Service.DatabaseMonitor,Database Monitor Service,lbl_nMessageMode_csv,CSV (Comma-separated values),CSV (valori separati da virgole),
ClientCore/xml.languagefiles/Service.DatabaseMonitor,Database Monitor Service,lbl_nMessageMode_custom,Custom,Personalizzato,
ClientCore/xml.languagefiles/Service.DatabaseMonitor,Database Monitor Service,lbl_nMessageMode_none,None,Nessuno,
ClientCore/xml.languagefiles/Service.DatabaseMonitor,Database Monitor Service,nDBPassEncryption,Enable Encryption,Abilita crittografia,
ClientCore/xml.languagefiles/Service.DatabaseMonitor,Database Monitor Service,nForceConnectionClose,Close connection after each Check Interval,Chiudere la connessione dopo ogni intervallo di controllo,
ClientCore/xml.languagefiles/Service.DatabaseMonitor,Database Monitor Service,nMAX_LONGVCHAR_LEN,Maximum text length (Bytes),Lunghezza massima del testo (byte),
ClientCore/xml.languagefiles/Service.DatabaseMonitor,Database Monitor Service,nMAX_VCHAR_LEN,Maximum char length (Bytes),Lunghezza massima caratteri (byte),
ClientCore/xml.languagefiles/Service.DatabaseMonitor,Database Monitor Service,nMessageMode,,,
ClientCore/xml.languagefiles/Service.DatabaseMonitor,Database Monitor Service,nPreventOverrunDelay,Overrun Prevention Delay (ms),Ritardo prevenzione sovraccarico (ms),
ClientCore/xml.languagefiles/Service.DatabaseMonitor,Database Monitor Service,nSleepTime,Check Interval (ms),Intervallo di controllo (ms),
ClientCore/xml.languagefiles/Service.DatabaseMonitor,Database Monitor Service,nUseCustomSeparator,Use custom separator,Utilizza separatore personalizzato,
ClientCore/xml.languagefiles/Service.DatabaseMonitor,Database Monitor Service,nWriteLastDBINdex,Write LastDBIndex at frequent intervals,Scrivi LastDBIndex a intervalli frequenti,
ClientCore/xml.languagefiles/Service.DatabaseMonitor,Database Monitor Service,nWriteLastDBINdex.tooltip,"When using 0, the LastDBIndex will only be written after all new DB Records have been processed.","Quando si utilizza 0, LastDBIndex verrà scritto solo dopo che tutti i nuovi record DB saranno stati elaborati.",
ClientCore/xml.languagefiles/Service.DatabaseMonitor,Database Monitor Service,szCustomSeparator,Custom separator,Separatore personalizzato,
ClientCore/xml.languagefiles/Service.DatabaseMonitor,Database Monitor Service,szDBDSN,DSN,DSN,
ClientCore/xml.languagefiles/Service.DatabaseMonitor,Database Monitor Service,szDBPass,Password,Password,
ClientCore/xml.languagefiles/Service.DatabaseMonitor,Database Monitor Service,szDBSelect,Select Statement,Seleziona Dichiarazione,
ClientCore/xml.languagefiles/Service.DatabaseMonitor,Database Monitor Service,szDBTableName,Database Table,Tabella del database,
ClientCore/xml.languagefiles/Service.DatabaseMonitor,Database Monitor Service,szDBUser,User-ID,ID utente,
ClientCore/xml.languagefiles/Service.DatabaseMonitor,Database Monitor Service,szDatabaseValues,Database Properties,Proprietà del database,
ClientCore/xml.languagefiles/Service.DatabaseMonitor,Database Monitor Service,szLastDBIndex,Last processed DB Index number,Numero dell'indice DB dell'ultimo elaborato,
ClientCore/xml.languagefiles/Service.DatabaseMonitor,Database Monitor Service,szMessageMode,MessageField (%msg%),Campo messaggio (%msg%),
ClientCore/xml.languagefiles/Service.DatabaseMonitor,Database Monitor Service,szMessagecontent,Custom Message Content,Contenuto del messaggio personalizzato,
ClientCore/xml.languagefiles/Service.DatabaseMonitor,Database Monitor Service,szSelectStatement,Statement related properties,Proprietà relative all'istruzione,
ClientCore/xml.languagefiles/Service.DatabaseMonitor,Database Monitor Service,szSelectStatementFROM,FROM,DA,
ClientCore/xml.languagefiles/Service.DatabaseMonitor,Database Monitor Service,szSelectStatementSELECT,SELECT,SELEZIONARE,
ClientCore/xml.languagefiles/Service.DatabaseMonitor,Database Monitor Service,szTableID,ID Field name,Nome del campo ID,
ClientCore/xml.languagefiles/Service.DiskSpaceMonitor,Disk Space Monitor Service,nSleepTime,Check Interval,Controlla l'intervallo,
ClientCore/xml.languagefiles/Service.EventMonitorV1,Event Monitor V1 Service,bAddFacilityString,Add Facilitystring,Aggiungi stringa struttura,
ClientCore/xml.languagefiles/Service.EventMonitorV1,Event Monitor V1 Service,bReportTruncatedLog,Report Truncated Log,Segnala registro troncato,
ClientCore/xml.languagefiles/Service.EventMonitorV1,Event Monitor V1 Service,bShowSyslogMsgNbr,Syslog Message Numbers,Syslog Numeri dei messaggi,
ClientCore/xml.languagefiles/Service.EventMonitorV1,Event Monitor V1 Service,bUseLegacyFormat,Use Legacy Format,Utilizza il formato legacy,
ClientCore/xml.languagefiles/Service.EventMonitorV1,Event Monitor V1 Service,btnEventLogDeSelectAll,Deleselect All,Deseleziona tutto,
ClientCore/xml.languagefiles/Service.EventMonitorV1,Event Monitor V1 Service,btnEventLogReloadLastRecords,Reload All LastRecords,Ricarica tutti gli ultimi record,
ClientCore/xml.languagefiles/Service.EventMonitorV1,Event Monitor V1 Service,btnEventLogResetLastRecords,Reset All LastRecords,Reimposta tutti gli ultimi record,
ClientCore/xml.languagefiles/Service.EventMonitorV1,Event Monitor V1 Service,btnEventLogSelectAll,Select All,Seleziona tutto,
ClientCore/xml.languagefiles/Service.EventMonitorV1,Event Monitor V1 Service,btnReloadLastRecordV1,Reload,Ricaricare,
ClientCore/xml.languagefiles/Service.EventMonitorV1,Event Monitor V1 Service,btnResetLastRecordV1,Reset ,Reset,
ClientCore/xml.languagefiles/Service.EventMonitorV1,Event Monitor V1 Service,btnVerifyEvtV1,Verify Connection,Verifica connessione,
ClientCore/xml.languagefiles/Service.EventMonitorV1,Event Monitor V1 Service,chkeventchannels,Enable,Abilitare,
ClientCore/xml.languagefiles/Service.EventMonitorV1,Event Monitor V1 Service,eventchannels,Eventlog Channels,Canali del registro eventi,
ClientCore/xml.languagefiles/Service.EventMonitorV1,Event Monitor V1 Service,nAddLogType,Add Logtype,Aggiungi tipo di registro,
ClientCore/xml.languagefiles/Service.EventMonitorV1,Event Monitor V1 Service,nAddUserName,Add Username,Aggiungi nome utente,
ClientCore/xml.languagefiles/Service.EventMonitorV1,Event Monitor V1 Service,nCheckAutoBackupLogFiles,Check for Backup Logfiles made by Windows (See KB312571),Verifica la presenza di file di registro di backup creati da Windows (vedi KB312571),
ClientCore/xml.languagefiles/Service.EventMonitorV1,Event Monitor V1 Service,nClearEventLog,Clear Eventlog handling,Cancella la gestione del registro eventi,
ClientCore/xml.languagefiles/Service.EventMonitorV1,Event Monitor V1 Service,nCompressControlChars,Compress Spaces and Remove Control Characters,Comprimi spazi e rimuovi caratteri di controllo,
ClientCore/xml.languagefiles/Service.EventMonitorV1,Event Monitor V1 Service,nCustomizeSearchPath,Customize Search path for Event Log backup log files,Personalizza il percorso di ricerca per i file di registro di backup del registro eventi,
ClientCore/xml.languagefiles/Service.EventMonitorV1,Event Monitor V1 Service,nDefaultBuffer,Default Buffersize,Dimensione buffer predefinita,
ClientCore/xml.languagefiles/Service.EventMonitorV1,Event Monitor V1 Service,nDoNotProcessLastRecord,Do NOT process existing entries when Eventlog corruption occurs,NON elaborare le voci esistenti quando si verifica il danneggiamento del registro eventi,
ClientCore/xml.languagefiles/Service.EventMonitorV1,Event Monitor V1 Service,nDoNotProcessLastRecordOnStartup,Do NOT process existing entries on Service Startup,NON elaborare le voci esistenti all'avvio del servizio,
ClientCore/xml.languagefiles/Service.EventMonitorV1,Event Monitor V1 Service,nEnableDateReplacements,Enable date replacement characters (See manual for more),Abilita i caratteri di sostituzione della data (consulta il manuale per ulteriori informazioni),
ClientCore/xml.languagefiles/Service.EventMonitorV1,Event Monitor V1 Service,nEnableDateReplacementsOffset,Offset in seconds,Compensazione in secondi,
ClientCore/xml.languagefiles/Service.EventMonitorV1,Event Monitor V1 Service,nEnableLastRecordDelay,Delay writing LastRecord ,Ritarda la scrittura di LastRecord,
ClientCore/xml.languagefiles/Service.EventMonitorV1,Event Monitor V1 Service,nEnabled,Channel Enabled,Canale abilitato,
ClientCore/xml.languagefiles/Service.EventMonitorV1,Event Monitor V1 Service,nEnabledRemote,Enable remote EventLog monitoring,Abilita il monitoraggio remoto dell'Event Log,
ClientCore/xml.languagefiles/Service.EventMonitorV1,Event Monitor V1 Service,nEventLogCor,How to handle Eventlog corruption?,Come gestire la corruzione del registro eventi?,
ClientCore/xml.languagefiles/Service.EventMonitorV1,Event Monitor V1 Service,nEventScanLastEventByChecksum,Always search for the last processed Event using the Checksum,Cerca sempre l'ultimo Evento elaborato utilizzando il Checksum,
ClientCore/xml.languagefiles/Service.EventMonitorV1,Event Monitor V1 Service,nEventUseChecksum,Use Checksum to verify the last processed event,Utilizzare Checksum per verificare l'ultimo evento elaborato,
ClientCore/xml.languagefiles/Service.EventMonitorV1,Event Monitor V1 Service,nEvtClearIfEmpty,Clear the log even if it is empty,Cancella il registro anche se è vuoto,
ClientCore/xml.languagefiles/Service.EventMonitorV1,Event Monitor V1 Service,nEvtClrPollingCycles,Clear after Nbr Runs,Cancella dopo Nbr Runs,
ClientCore/xml.languagefiles/Service.EventMonitorV1,Event Monitor V1 Service,nEvtClrSaveToFile,Create a Backup of the EventLog,Crea un backup dell'Event Log,
ClientCore/xml.languagefiles/Service.EventMonitorV1,Event Monitor V1 Service,nEvtClrTime,Select Clearing at,Selezionare Cancellazione a,
ClientCore/xml.languagefiles/Service.EventMonitorV1,Event Monitor V1 Service,nEvtLogSuccessfullClear,Log if Clearing was successful,Registra se la cancellazione ha avuto successo,
ClientCore/xml.languagefiles/Service.EventMonitorV1,Event Monitor V1 Service,nFacility,Syslog Facility,Facility Syslog,
ClientCore/xml.languagefiles/Service.EventMonitorV1,Event Monitor V1 Service,nFilterEventType,,,
ClientCore/xml.languagefiles/Service.EventMonitorV1,Event Monitor V1 Service,nLanguageLCID,Preferred language,Lingua preferita,
ClientCore/xml.languagefiles/Service.EventMonitorV1,Event Monitor V1 Service,nLastRecord,Last Record,Ultimo record,
ClientCore/xml.languagefiles/Service.EventMonitorV1,Event Monitor V1 Service,nLastRecordDelayCount,Save after amount of entries,Salva dopo il numero di voci,
ClientCore/xml.languagefiles/Service.EventMonitorV1,Event Monitor V1 Service,nLastWriteTime,Last WriteTime,Ultima scrittura,
ClientCore/xml.languagefiles/Service.EventMonitorV1,Event Monitor V1 Service,nNoExistingEntries,Do NOT process existing entries,NON elaborare le voci esistenti,
ClientCore/xml.languagefiles/Service.EventMonitorV1,Event Monitor V1 Service,nPriorityAuditFailure,Audit Failure,Fallimento del controllo,
ClientCore/xml.languagefiles/Service.EventMonitorV1,Event Monitor V1 Service,nPriorityAuditSuccess,Audit Success,Successo dell'audit,
ClientCore/xml.languagefiles/Service.EventMonitorV1,Event Monitor V1 Service,nPriorityError,Error,Errore,
ClientCore/xml.languagefiles/Service.EventMonitorV1,Event Monitor V1 Service,nPriorityInformation,Information,Informazioni,
ClientCore/xml.languagefiles/Service.EventMonitorV1,Event Monitor V1 Service,nPrioritySuccess,Success,Successo,
ClientCore/xml.languagefiles/Service.EventMonitorV1,Event Monitor V1 Service,nPriorityWarning,Warning,Avvertimento,
ClientCore/xml.languagefiles/Service.EventMonitorV1,Event Monitor V1 Service,nReadFromFile,Read Eventlog from File,Leggi il registro eventi dal file,
ClientCore/xml.languagefiles/Service.EventMonitorV1,Event Monitor V1 Service,nReadSourceLocally,Read EventLog Sources from local machine,Leggi le origini dell'Event Log dal computer locale,
ClientCore/xml.languagefiles/Service.EventMonitorV1,Event Monitor V1 Service,nRemoveControlCharsFromParams,Remove Control Characters from String Parameters,Rimuovere i caratteri di controllo dai parametri stringa,
ClientCore/xml.languagefiles/Service.EventMonitorV1,Event Monitor V1 Service,nSleepTime,Sleep Time(ms),Durata del sonno (ms),
ClientCore/xml.languagefiles/Service.EventMonitorV1,Event Monitor V1 Service,nTryConvSIDtoObj,Try to convert Security IDs (SID) to Object Names,Prova a convertire gli ID di sicurezza (SID) in nomi di oggetto,
ClientCore/xml.languagefiles/Service.EventMonitorV1,Event Monitor V1 Service,nTryConvertDsClasses,Try to convert Active Directory Object Classes,Prova a convertire le classi di oggetti di Active Directory,
ClientCore/xml.languagefiles/Service.EventMonitorV1,Event Monitor V1 Service,processedfiles,Processed file properties,Proprietà del file elaborato,
ClientCore/xml.languagefiles/Service.EventMonitorV1,Event Monitor V1 Service,szAutoBackPath,Search Path,Percorso di ricerca,
ClientCore/xml.languagefiles/Service.EventMonitorV1,Event Monitor V1 Service,szAutoBackupRunCommand,Postprocess Command,Comando di postelaborazione,
ClientCore/xml.languagefiles/Service.EventMonitorV1,Event Monitor V1 Service,szClearEventLog0,Never clear (default),Non cancellare mai (impostazione predefinita),
ClientCore/xml.languagefiles/Service.EventMonitorV1,Event Monitor V1 Service,szClearEventLog1,"Clear after Polling cycles, every time","Cancella dopo i cicli di polling, ogni volta",
ClientCore/xml.languagefiles/Service.EventMonitorV1,Event Monitor V1 Service,szClearEventLog2,"Clear once a day, starting at configured hour","Cancella una volta al giorno, a partire dall'ora configurata",
ClientCore/xml.languagefiles/Service.EventMonitorV1,Event Monitor V1 Service,szDisabled,Disabled,Disabilitato,
ClientCore/xml.languagefiles/Service.EventMonitorV1,Event Monitor V1 Service,szEventLogCor_clear,Clear all events from Eventlog,Cancella tutti gli eventi dal registro eventi,
ClientCore/xml.languagefiles/Service.EventMonitorV1,Event Monitor V1 Service,szEventLogCor_ignore,Ignore corrupted Eventlog entry,Ignora la voce del registro eventi danneggiata,
ClientCore/xml.languagefiles/Service.EventMonitorV1,Event Monitor V1 Service,szEventLogCor_retry,Retry processing from beginning,Riprovare l'elaborazione dall'inizio,
ClientCore/xml.languagefiles/Service.EventMonitorV1,Event Monitor V1 Service,szEventTypesToLog,Eventlogtypes to Log,Tipi di registro eventi da registrare,
ClientCore/xml.languagefiles/Service.EventMonitorV1,Event Monitor V1 Service,szEvtClrSaveFile,Backup Filename,Nome file di backup,
ClientCore/xml.languagefiles/Service.EventMonitorV1,Event Monitor V1 Service,szLogFileName,File & Path Name,Nome file e percorso,
ClientCore/xml.languagefiles/Service.EventMonitorV1,Event Monitor V1 Service,szLogType,Type of Eventlog,Tipo di registro eventi,
ClientCore/xml.languagefiles/Service.EventMonitorV1,Event Monitor V1 Service,szServerName,Monitor Eventlog from this host,Monitora il registro eventi da questo host,
ClientCore/xml.languagefiles/Service.EventMonitorV1,Event Monitor V1 Service,szSyslogTagValue,Syslog Tag Value,Syslog Valore tag,
ClientCore/xml.languagefiles/Service.EventMonitorV1,Event Monitor V1 Service,szTabEventChannels,Event Channels,Canali di eventi,
ClientCore/xml.languagefiles/Service.EventMonitorV1,Event Monitor V1 Service,szTabGeneral,General Options,Opzioni generali,
ClientCore/xml.languagefiles/Service.EventMonitorV1,Event Monitor V1 Service,txteventchannels,Eventlog Channel,Canale del registro eventi,
ClientCore/xml.languagefiles/Service.EventMonitorV1,Event Monitor V1 Service,txtprocessedfiles,Processed Filename,Nome file elaborato,
ClientCore/xml.languagefiles/Service.EventMonitorV2,Event Monitor V2 Service,bShowEvtChannelAdmin,Show operational / administrative Channels,Mostra canali operativi/amministrativi,
ClientCore/xml.languagefiles/Service.EventMonitorV2,Event Monitor V2 Service,bShowEvtChannelDebug,Show debug / analytic Channels,Mostra canali di debug/analitici,
ClientCore/xml.languagefiles/Service.EventMonitorV2,Event Monitor V2 Service,btnEventLogDeSelectAll,Deleselect All,Deseleziona tutto,
ClientCore/xml.languagefiles/Service.EventMonitorV2,Event Monitor V2 Service,btnEventLogReloadLastRecords,Reload All LastRecords,Ricarica tutti gli ultimi record,
ClientCore/xml.languagefiles/Service.EventMonitorV2,Event Monitor V2 Service,btnEventLogRemoveDead,Remove not existing Channels,Rimuovi i canali non esistenti,
ClientCore/xml.languagefiles/Service.EventMonitorV2,Event Monitor V2 Service,btnEventLogResetLastRecords,Reset All LastRecords,Reimposta tutti gli ultimi record,
ClientCore/xml.languagefiles/Service.EventMonitorV2,Event Monitor V2 Service,btnEventLogScan,(Re)Scan for EventLog Channels,(Ri)scansiona i canali dell'Event Log,
ClientCore/xml.languagefiles/Service.EventMonitorV2,Event Monitor V2 Service,btnEventLogSelectAll,Select All,Seleziona tutto,
ClientCore/xml.languagefiles/Service.EventMonitorV2,Event Monitor V2 Service,btnReloadLastRecordV2,Reload,Ricaricare,
ClientCore/xml.languagefiles/Service.EventMonitorV2,Event Monitor V2 Service,btnResetLastRecordV2,Reset,Reset,
ClientCore/xml.languagefiles/Service.EventMonitorV2,Event Monitor V2 Service,btnVerifyEvtV2,Verify Connection,Verifica connessione,
ClientCore/xml.languagefiles/Service.EventMonitorV2,Event Monitor V2 Service,chkeventchannels,Enable,Abilitare,
ClientCore/xml.languagefiles/Service.EventMonitorV2,Event Monitor V2 Service,eventchannels,Eventlog Channels,Canali del registro eventi,
ClientCore/xml.languagefiles/Service.EventMonitorV2,Event Monitor V2 Service,nApiReadMode,Processing Mode,Modalità di elaborazione,
ClientCore/xml.languagefiles/Service.EventMonitorV2,Event Monitor V2 Service,nApiReadMode_Polling,Eventlog Polling (Sleeptime),Polling del registro eventi (sonno),
ClientCore/xml.languagefiles/Service.EventMonitorV2,Event Monitor V2 Service,nApiReadMode_Subscription,Eventlog Subscription (Realtime),Abbonamento al registro eventi (in tempo reale),
ClientCore/xml.languagefiles/Service.EventMonitorV2,Event Monitor V2 Service,nCacheEventCategory,Cache Event Category ( Task field ) ,Categoria evento cache (campo Attività),
ClientCore/xml.languagefiles/Service.EventMonitorV2,Event Monitor V2 Service,nCacheEventKeyword,Cache Event Keyword,Parola chiave evento nella cache,
ClientCore/xml.languagefiles/Service.EventMonitorV2,Event Monitor V2 Service,nCacheEventLevel,"Cache Event Levels ( Like Warning, Information, Error)","Livelli eventi della cache (come avviso, informazioni, errore)",
ClientCore/xml.languagefiles/Service.EventMonitorV2,Event Monitor V2 Service,nCacheEventPublisher,Cache Event Publisher handles ( Event Source ) ,Memorizza gli handle di Event Publisher nella cache (origine evento),
ClientCore/xml.languagefiles/Service.EventMonitorV2,Event Monitor V2 Service,nConvertToEventLogMonitorV1,Convert to EventLog Monitor V1 compatible Events,Converti in eventi compatibili con EventMonitorV1,
ClientCore/xml.languagefiles/Service.EventMonitorV2,Event Monitor V2 Service,nCopyFormatIntoProperty,Select MessageFormat,Seleziona il formato del messaggio,
ClientCore/xml.languagefiles/Service.EventMonitorV2,Event Monitor V2 Service,nEmulateParameters,Emulate %Param% properties from old EventLog Monitor,Emula le proprietà %Param% dal precedente EventMonitorV1,
ClientCore/xml.languagefiles/Service.EventMonitorV2,Event Monitor V2 Service,nEnableLastRecordDelay,Delay writing LastRecord ,Ritarda la scrittura di LastRecord,
ClientCore/xml.languagefiles/Service.EventMonitorV2,Event Monitor V2 Service,nEnableUnknownChannels,Process unknown/unconfigured Eventlog Channels,Elabora canali di registro eventi sconosciuti/non configurati,
ClientCore/xml.languagefiles/Service.EventMonitorV2,Event Monitor V2 Service,nEnabled,Channel Enabled,Canale abilitato,
ClientCore/xml.languagefiles/Service.EventMonitorV2,Event Monitor V2 Service,nEnabledRemote,Enable remote EventLog monitoring,Abilita il monitoraggio remoto dell'Event Log,
ClientCore/xml.languagefiles/Service.EventMonitorV2,Event Monitor V2 Service,nFacility,Facility,Facility,
ClientCore/xml.languagefiles/Service.EventMonitorV2,Event Monitor V2 Service,nFormatType,Select MessageFormat,Seleziona il formato del messaggio,
ClientCore/xml.languagefiles/Service.EventMonitorV2,Event Monitor V2 Service,nFormatType_DISABLED,Disabled,Disabilitato,
ClientCore/xml.languagefiles/Service.EventMonitorV2,Event Monitor V2 Service,nFormatType_Json,JSON Format,Formato JSON,
ClientCore/xml.languagefiles/Service.EventMonitorV2,Event Monitor V2 Service,nFormatType_JsonSiem,LogPoint SIEM JSON Format,Formato LogPoint SIEM JSON,
ClientCore/xml.languagefiles/Service.EventMonitorV2,Event Monitor V2 Service,nFormatType_Predefined,Predefined Event Format,Formato evento predefinito,
ClientCore/xml.languagefiles/Service.EventMonitorV2,Event Monitor V2 Service,nFormatType_XML,Raw XML Format,Formato XML grezzo,
ClientCore/xml.languagefiles/Service.EventMonitorV2,Event Monitor V2 Service,nIncludeEventParameters,Include optional Event Parameters as properties?,Includere parametri evento opzionali come proprietà?,
ClientCore/xml.languagefiles/Service.EventMonitorV2,Event Monitor V2 Service,nLanguageLCID,Preferred language,Lingua preferita,
ClientCore/xml.languagefiles/Service.EventMonitorV2,Event Monitor V2 Service,nLanguageLCID.invalidZero,0 is reserved for the internal Windows default fallback and cannot be configured here. Use -1 for OS default or a positive LCID.,0 è riservato al fallback interno del valore predefinito di Windows e non può essere configurato qui. Usare -1 per il valore predefinito del sistema operativo o un LCID positivo.,
ClientCore/xml.languagefiles/Service.EventMonitorV2,Event Monitor V2 Service,nLanguageLCID.systemDefault,OS default / automatic fallback [-1],Predefinito del sistema operativo / fallback automatico [-1],
ClientCore/xml.languagefiles/Service.EventMonitorV2,Event Monitor V2 Service,nLanguageLCID.tooltip,"Preferred locale used for WEVT event message formatting. Fallback order: configured LCID, Windows default, system UI locale, en-US.","Impostazioni locali preferite per la formattazione dei messaggi evento WEVT. Ordine di fallback: LCID configurato, impostazione predefinita di Windows, impostazioni locali dell'interfaccia di sistema, en-US.",
ClientCore/xml.languagefiles/Service.EventMonitorV2,Event Monitor V2 Service,nLastRecordDelayCount,Save after amount of entries,Salva dopo il numero di voci,
ClientCore/xml.languagefiles/Service.EventMonitorV2,Event Monitor V2 Service,nLastRecordDelayTime,Save after wait time,Risparmia dopo il tempo di attesa,
ClientCore/xml.languagefiles/Service.EventMonitorV2,Event Monitor V2 Service,nNoExistingEntries,Do NOT process existing entries,NON elaborare le voci esistenti,
ClientCore/xml.languagefiles/Service.EventMonitorV2,Event Monitor V2 Service,nPreventOverrunDelay,Overrun Prevention Delay (ms),Ritardo prevenzione sovraccarico (ms),
ClientCore/xml.languagefiles/Service.EventMonitorV2,Event Monitor V2 Service,nPriorityCritical,Critical,Critico,
ClientCore/xml.languagefiles/Service.EventMonitorV2,Event Monitor V2 Service,nPriorityError,Error,Errore,
ClientCore/xml.languagefiles/Service.EventMonitorV2,Event Monitor V2 Service,nPriorityInfo,Information,Informazioni,
ClientCore/xml.languagefiles/Service.EventMonitorV2,Event Monitor V2 Service,nPriorityVerbose,Verbose,Verbo,
ClientCore/xml.languagefiles/Service.EventMonitorV2,Event Monitor V2 Service,nPriorityWarning,Warning,Avvertimento,
ClientCore/xml.languagefiles/Service.EventMonitorV2,Event Monitor V2 Service,nReadFromFile,Read Eventlog from File,Leggi il registro eventi dal file,
ClientCore/xml.languagefiles/Service.EventMonitorV2,Event Monitor V2 Service,nSleepTime,Sleep Time(ms),Durata del sonno (ms),
ClientCore/xml.languagefiles/Service.EventMonitorV2,Event Monitor V2 Service,nSubscriptionSleepTime,Wait time after action failure,Tempo di attesa dopo il fallimento dell'azione,
ClientCore/xml.languagefiles/Service.EventMonitorV2,Event Monitor V2 Service,nSubscriptionSleepTime.tooltip,Defines the wait time after the Event subscription is retried. This wait time only applies after an action failure. ,Definisce il tempo di attesa dopo il nuovo tentativo di sottoscrizione dell'evento. Questo tempo di attesa si applica solo dopo un'azione fallita.,
ClientCore/xml.languagefiles/Service.EventMonitorV2,Event Monitor V2 Service,nTryConvSIDtoObj,Try to convert Security IDs (SID) to Object Names,Prova a convertire gli ID di sicurezza (SID) in nomi di oggetto,
ClientCore/xml.languagefiles/Service.EventMonitorV2,Event Monitor V2 Service,szCacheEventInfo,"For performance reasons we recommend to use all caching options available. However if you do not want to cache data queried from the eventlog, you can disable them here. ","Per motivi di prestazioni consigliamo di utilizzare tutte le opzioni di memorizzazione nella cache disponibili. Tuttavia, se non desideri memorizzare nella cache i dati richiesti dal registro eventi, puoi disabilitarli qui.",
ClientCore/xml.languagefiles/Service.EventMonitorV2,Event Monitor V2 Service,szCopyFormatIntoProperty,store into Property,archiviare nella proprietà,
ClientCore/xml.languagefiles/Service.EventMonitorV2,Event Monitor V2 Service,szCopyFormatIntoPropertyGroup,Copy Format into Property,Copia il formato nella proprietà,
ClientCore/xml.languagefiles/Service.EventMonitorV2,Event Monitor V2 Service,szDisabled,Disabled,Disabilitato,
ClientCore/xml.languagefiles/Service.EventMonitorV2,Event Monitor V2 Service,szEventLogV2WarningOnWinXp,"Warning, this Windows Version does not support the new Windows Eventlog API needed for this service. You may configure this service if you intend to use this configuration on a machine with a higher OS level later.","Attenzione, questa versione di Windows non supporta la nuova API Eventlog di Windows necessaria per questo servizio. È possibile configurare questo servizio se si intende utilizzare successivamente questa configurazione su una macchina con un livello di sistema operativo superiore.",
ClientCore/xml.languagefiles/Service.EventMonitorV2,Event Monitor V2 Service,szEventPollingOptions,Eventpolling related Options,Opzioni relative al sondaggio degli eventi,
ClientCore/xml.languagefiles/Service.EventMonitorV2,Event Monitor V2 Service,szEventTypesManage,Manage Event Channels,Gestisci i canali degli eventi,
ClientCore/xml.languagefiles/Service.EventMonitorV2,Event Monitor V2 Service,szEventTypesToLog,Eventlog Types to Log,Tipi di registro eventi da registrare,
ClientCore/xml.languagefiles/Service.EventMonitorV2,Event Monitor V2 Service,szLogFileName,File & Path Name,Nome file e percorso,
ClientCore/xml.languagefiles/Service.EventMonitorV2,Event Monitor V2 Service,szServerName,Monitor Eventlog from this host:,Monitora il registro eventi da questo host:,
ClientCore/xml.languagefiles/Service.EventMonitorV2,Event Monitor V2 Service,szSubscriptionOptions,Subscription related Options,Opzioni relative all'abbonamento,
ClientCore/xml.languagefiles/Service.EventMonitorV2,Event Monitor V2 Service,szSyslogTagValue,Syslog Tag Value,Syslog Valore tag,
ClientCore/xml.languagefiles/Service.EventMonitorV2,Event Monitor V2 Service,szTabCaching,Event Caching,Caching degli eventi,
ClientCore/xml.languagefiles/Service.EventMonitorV2,Event Monitor V2 Service,szTabEventChannels,Event Channels,Canali di eventi,
ClientCore/xml.languagefiles/Service.EventMonitorV2,Event Monitor V2 Service,szTabGeneral,General Options,Opzioni generali,
ClientCore/xml.languagefiles/Service.EventMonitorV2,Event Monitor V2 Service,szXMLBookmark,Last Record,Ultimo record,
ClientCore/xml.languagefiles/Service.EventMonitorV2,Event Monitor V2 Service,txteventchannels,Eventlog Channel,Canale del registro eventi,
ClientCore/xml.languagefiles/Service.FTPProbe,FTP Probe Service,nFTPPort,FTP Port,Porta FTP,
ClientCore/xml.languagefiles/Service.FTPProbe,FTP Probe Service,nGenerateOnSuccess,Generate an event if FTP Probe was successful,Genera un evento se il Probe FTP ha avuto esito positivo,
ClientCore/xml.languagefiles/Service.FTPProbe,FTP Probe Service,szFTPServer,FTP Server,Server FTP,
ClientCore/xml.languagefiles/Service.FileMonitor,File Monitor Service,bIsRegex_,Enable Regular Expression,Abilita espressione regolare,
ClientCore/xml.languagefiles/Service.FileMonitor,File Monitor Service,btnButtonFileMonResetAllLastPos,Reset All Position Counters,Reimposta tutti i contatori di posizione,
ClientCore/xml.languagefiles/Service.FileMonitor,File Monitor Service,btnButtonResetLastPos,Reset Position Counter,Ripristina contatore di posizione,
ClientCore/xml.languagefiles/Service.FileMonitor,File Monitor Service,btnEventLogReloadLastRecords,Reload File Counter Positions,Ricarica le posizioni del contatore dei file,
ClientCore/xml.languagefiles/Service.FileMonitor,File Monitor Service,fileitems,Processed File,File elaborato,
ClientCore/xml.languagefiles/Service.FileMonitor,File Monitor Service,msgseps,List of message separators,Elenco dei separatori dei messaggi,
ClientCore/xml.languagefiles/Service.FileMonitor,File Monitor Service,nCompressSpaces,Compress spaces,Comprimere gli spazi,
ClientCore/xml.languagefiles/Service.FileMonitor,File Monitor Service,nEnableLastRecordDelay,Delay writing Last File Position,Ritarda la scrittura dell'ultima posizione del file,
ClientCore/xml.languagefiles/Service.FileMonitor,File Monitor Service,nIgnoreEmptyLines,Ignore empty lines,Ignora le righe vuote,
ClientCore/xml.languagefiles/Service.FileMonitor,File Monitor Service,nKeepReadingUntilNew,Keep reading the current opened file until a new is created,Continua a leggere il file attualmente aperto finché non ne viene creato uno nuovo,
ClientCore/xml.languagefiles/Service.FileMonitor,File Monitor Service,nLastPos,Last File Position,Posizione dell'ultimo file,
ClientCore/xml.languagefiles/Service.FileMonitor,File Monitor Service,nLastRecordDelayCount,Save after amount of processed lines,Risparmia dopo la quantità di righe elaborate,
ClientCore/xml.languagefiles/Service.FileMonitor,File Monitor Service,nLogFileType,Logfile Type,Tipo di file di registro,
ClientCore/xml.languagefiles/Service.FileMonitor,File Monitor Service,nMaxBytesPerMessage,Max Bytes per Message,Numero massimo di byte per messaggio,
ClientCore/xml.languagefiles/Service.FileMonitor,File Monitor Service,nMultipleFiles,Allow Directories or read multiple files (Needs Wildcard in Filename),Consenti directory o leggi più file (è necessario il carattere jolly nel nome file),
ClientCore/xml.languagefiles/Service.FileMonitor,File Monitor Service,nPreventOverrunDelay,Overrun Prevention Delay (ms),Ritardo prevenzione sovraccarico (ms),
ClientCore/xml.languagefiles/Service.FileMonitor,File Monitor Service,nProcessRestOfFile,Process rest of file as one message (If no message separator matches anymore),Elabora il resto del file come un unico messaggio (se nessun separatore di messaggio corrisponde più),
ClientCore/xml.languagefiles/Service.FileMonitor,File Monitor Service,nPropertyMsgSep,Save Message Separator in Property (%msgsep%),Salva separatore messaggi nella proprietà (%msgsep%),
ClientCore/xml.languagefiles/Service.FileMonitor,File Monitor Service,nPropertyMsgSepReset,Reset Message Separator after each run,Reimposta il separatore dei messaggi dopo ogni esecuzione,
ClientCore/xml.languagefiles/Service.FileMonitor,File Monitor Service,nReadFileBuffer,Read Filebuffer size,Leggi la dimensione del buffer di file,
ClientCore/xml.languagefiles/Service.FileMonitor,File Monitor Service,nRemoveControlChars,Remove Control Characters,Rimuovi i caratteri di controllo,
ClientCore/xml.languagefiles/Service.FileMonitor,File Monitor Service,nRemoveLeadingSpaces,Remove leading space,Rimuovi lo spazio iniziale,
ClientCore/xml.languagefiles/Service.FileMonitor,File Monitor Service,nReplaceNullBytes,Replace NULL Bytes with spaces,Sostituisci byte NULL con spazi,
ClientCore/xml.languagefiles/Service.FileMonitor,File Monitor Service,nReportErrorOnFNF,Report an error if the File was not found (Willbe written into the Application Eventlog),Segnala un errore se il file non è stato trovato (verrà scritto nel registro eventi dell'applicazione),
ClientCore/xml.languagefiles/Service.FileMonitor,File Monitor Service,nSkipLinesEnabled,Skip all lines on Startup,Salta tutte le righe all'avvio,
ClientCore/xml.languagefiles/Service.FileMonitor,File Monitor Service,nTimeMode,Timemode used for Filename,Modalità temporale utilizzata per il nome file,
ClientCore/xml.languagefiles/Service.FileMonitor,File Monitor Service,nUseWildcard,Use wildcards in Filename,Utilizza i caratteri jolly nel nome file,
ClientCore/xml.languagefiles/Service.FileMonitor,File Monitor Service,szCharacterProcessing,Character processing related options,Opzioni relative all'elaborazione dei caratteri,
ClientCore/xml.languagefiles/Service.FileMonitor,File Monitor Service,szIncludeMsgSepInMessageDisabled,Do not include message separator in message,Non includere il separatore del messaggio nel messaggio,
ClientCore/xml.languagefiles/Service.FileMonitor,File Monitor Service,szIncludeMsgSepInMessageLastMsgSepPrepend,Prepend previous found separator to message,Anteponi al messaggio il separatore trovato precedente,
ClientCore/xml.languagefiles/Service.FileMonitor,File Monitor Service,szIncludeMsgSepInMessageMsgSepAppend,Append found separator to message,Aggiungi il separatore trovato al messaggio,
ClientCore/xml.languagefiles/Service.FileMonitor,File Monitor Service,szIncludeMsgSepInMessageMsgSepPrepend,Prepend found separator to message,Anteponi il separatore trovato al messaggio,
ClientCore/xml.languagefiles/Service.FileMonitor,File Monitor Service,szLogFileTypeStandard,Standard,Standard,
ClientCore/xml.languagefiles/Service.FileMonitor,File Monitor Service,szLogFileTypeW3C,W3C WebServer Logfile,File di registro del server Web W3C,
ClientCore/xml.languagefiles/Service.FileMonitor,File Monitor Service,szMessageProcessing,Message processing related options,Opzioni relative all'elaborazione dei messaggi,
ClientCore/xml.languagefiles/Service.FileMonitor,File Monitor Service,szMsgSep_,Message separation sequence,Sequenza di separazione dei messaggi,
ClientCore/xml.languagefiles/Service.FileMonitor,File Monitor Service,szPathAndFileName,File and Path Name,Nome del file e del percorso,
ClientCore/xml.languagefiles/Service.FileMonitor,File Monitor Service,szReadFileBufferInfo,"The File Monitor reads files in chunks (blocks) with the read Filebuffer size. 
The default buffersize is 4096 bytes which is a good balance between performance and memory usage. 
 
You may want to increase the size when using regex message separators and your log lines increase the default file buffer size. Otherwise we recommend not to change this value!","Il File Monitor legge i file in blocchi (blocchi) con la dimensione del Filebuffer letto. 
La dimensione del buffer predefinita è 4096 byte, che rappresenta un buon equilibrio tra prestazioni e utilizzo della memoria. 
 
Potresti voler aumentare la dimensione quando utilizzi i separatori di messaggi regex e le righe di registro aumentano la dimensione del buffer di file predefinita. Altrimenti si consiglia di non modificare questo valore!",
ClientCore/xml.languagefiles/Service.FileMonitor,File Monitor Service,szResetValue,Reset value,Ripristina valore,
ClientCore/xml.languagefiles/Service.FileMonitor,File Monitor Service,szTabAdvanced,Advanced Options,Opzioni avanzate,
ClientCore/xml.languagefiles/Service.FileMonitor,File Monitor Service,szTabFiles,Processed Files,File elaborati,
ClientCore/xml.languagefiles/Service.FileMonitor,File Monitor Service,szTabGeneral,General,Generale,
ClientCore/xml.languagefiles/Service.FileMonitor,File Monitor Service,szTabMsgSep,Message Separators,Separatori di messaggi,
ClientCore/xml.languagefiles/Service.FileMonitor,File Monitor Service,szW3CHeader,W3C Header Value,Valore dell'intestazione W3C,
ClientCore/xml.languagefiles/Service.FileMonitor,File Monitor Service,txtfileitems,Filename,Nome file,
ClientCore/xml.languagefiles/Service.HTTPProbe,HTTP Probe Service,lbl_request_get,GET,OTTENERE,
ClientCore/xml.languagefiles/Service.HTTPProbe,HTTP Probe Service,lbl_request_head,HEAD,TESTA,
ClientCore/xml.languagefiles/Service.HTTPProbe,HTTP Probe Service,nGenerateOnSuccess,Generate an event if HTTP Probe was successful,Genera un evento se il sondaggio HTTP ha avuto esito positivo,
ClientCore/xml.languagefiles/Service.HTTPProbe,HTTP Probe Service,nHTTPPort,HTTP Port,Porta HTTP,
ClientCore/xml.languagefiles/Service.HTTPProbe,HTTP Probe Service,nUseSSL,Use secure https protocoll,Utilizza il protocollo https sicuro,
ClientCore/xml.languagefiles/Service.HTTPProbe,HTTP Probe Service,szConfigUrlPreview,URL Preview,Anteprima dell'URL,
ClientCore/xml.languagefiles/Service.HTTPProbe,HTTP Probe Service,szHTTPServer,HTTP Server,ServerHTTP,
ClientCore/xml.languagefiles/Service.HTTPProbe,HTTP Probe Service,szReferer,Referrer,Referente,
ClientCore/xml.languagefiles/Service.HTTPProbe,HTTP Probe Service,szRequestType,Request Type,Tipo di richiesta,
ClientCore/xml.languagefiles/Service.HTTPProbe,HTTP Probe Service,szUrl,URL & Querystring,URL e stringa di query,
ClientCore/xml.languagefiles/Service.HTTPProbe,HTTP Probe Service,szUserAgent,UserAgent (Browser),Agente utente (browser),
ClientCore/xml.languagefiles/Service.Heartbeat,Heartbeat Service,nSleepTime,Heartbeat clock (Sleeptime),Intervallo Heartbeat (sleep time),
ClientCore/xml.languagefiles/Service.Heartbeat,Heartbeat Service,szMessage,Message that is send during each heartbeat,Messaggio inviato a ogni heartbeat,
ClientCore/xml.languagefiles/Service.IMAPProbe,IMAP Probe Service,nGenerateOnSuccess,Generate an event if IMAP Probe was successful,Genera un evento se il sondaggio IMAP ha avuto esito positivo,
ClientCore/xml.languagefiles/Service.IMAPProbe,IMAP Probe Service,nIMAPPort,IMAP Port,Porta IMAP,
ClientCore/xml.languagefiles/Service.IMAPProbe,IMAP Probe Service,szIMAPServer,IMAP Server,Server IMAP,
ClientCore/xml.languagefiles/Service.MonitorWareEchoReply,Monitor Ware Echo Reply Service,szMyIPAddress,IP Listener Address,Indirizzo IP dell'ascoltatore,
ClientCore/xml.languagefiles/Service.MonitorWareEchoRequest,Monitor Ware Echo Request Service,hostlist,List of hosts,Elenco degli host,
ClientCore/xml.languagefiles/Service.MonitorWareEchoRequest,Monitor Ware Echo Request Service,nGenerateOnSuccess,Also generate an event if echo reply was successful,Genera anche un evento se la risposta echo ha avuto successo,
ClientCore/xml.languagefiles/Service.MonitorWareEchoRequest,Monitor Ware Echo Request Service,nPort_,Port,Porta,
ClientCore/xml.languagefiles/Service.MonitorWareEchoRequest,Monitor Ware Echo Request Service,nSleepTime,Check Interval(ms),Intervallo di controllo (ms),
ClientCore/xml.languagefiles/Service.MonitorWareEchoRequest,Monitor Ware Echo Request Service,szIP_,IP Address,Indirizzo IP,
ClientCore/xml.languagefiles/Service.NNTPProbe,NNTP Probe Service,nGenerateOnSuccess,Generate an event if NNTP Probe was successful,Genera un evento se il sondaggio NNTP ha avuto esito positivo,
ClientCore/xml.languagefiles/Service.NNTPProbe,NNTP Probe Service,nNNTPPort,NNTP Port,Porta NNTP,
ClientCore/xml.languagefiles/Service.NNTPProbe,NNTP Probe Service,szNNTPServer,NNTP Server,Server NNTP,
ClientCore/xml.languagefiles/Service.NTServiceMonitor,NT Service Monitor Service,nDelayOnStartup,Delay on Startup in Milliseconds (1000 ms --> 1 second),Ritardo all'avvio in millisecondi (1000 ms --> 1 secondo),
ClientCore/xml.languagefiles/Service.NTServiceMonitor,NT Service Monitor Service,nGenerateOnSuccess,Generate an event if a Service is in the running state,Genera un evento se il servizio è nello stato di esecuzione,
ClientCore/xml.languagefiles/Service.POP3Probe,POP3Probe Service,nGenerateOnSuccess,Generate an event if POP3 Probe was successful,Genera un evento se il sondaggio POP3 ha avuto esito positivo,
ClientCore/xml.languagefiles/Service.POP3Probe,POP3Probe Service,nPOP3Port,POP3 Port,Porta POP3,
ClientCore/xml.languagefiles/Service.POP3Probe,POP3Probe Service,szPOP3Server,POP3 Server,Server POP3,
ClientCore/xml.languagefiles/Service.PassiveSyslogListener,Passive Syslog Listener Service,btnButtonPassiveSyslogTest,Test Passive Syslogserver,Test del server Passive Syslog,
ClientCore/xml.languagefiles/Service.PassiveSyslogListener,Passive Syslog Listener Service,lbl_syslogTCP,TCP,TCP,
ClientCore/xml.languagefiles/Service.PassiveSyslogListener,Passive Syslog Listener Service,lbl_syslogUDP,UDP,UDP,
ClientCore/xml.languagefiles/Service.PassiveSyslogListener,Passive Syslog Listener Service,nEnableCommunicate,Enable communication,Abilita la comunicazione,
ClientCore/xml.languagefiles/Service.PassiveSyslogListener,Passive Syslog Listener Service,nListenPort,Listener Port,Porta dell'ascoltatore,
ClientCore/xml.languagefiles/Service.PassiveSyslogListener,Passive Syslog Listener Service,nProtocolType,Protocol Type,Tipo di protocollo,
ClientCore/xml.languagefiles/Service.PassiveSyslogListener,Passive Syslog Listener Service,nTCPMaxSessions,Maximum TCP sessions,Sessioni TCP massime,
ClientCore/xml.languagefiles/Service.PassiveSyslogListener,Passive Syslog Listener Service,nTCPMaxSessions.tooltip,Maximum number of concurrent TCP receiver sessions. Use 0 to disable the cap.,Numero massimo di sessioni riceventi TCP simultanee. Usare 0 per disattivare il limite.,
ClientCore/xml.languagefiles/Service.PassiveSyslogListener,Passive Syslog Listener Service,nTLSAllowExpiredCerts,Allow expired peer certificates,Consenti certificati peer scaduti,
ClientCore/xml.languagefiles/Service.PassiveSyslogListener,Passive Syslog Listener Service,nTLSAllowExpiredCerts.tooltip,"Compatibility mode. When enabled, expired peer certificates are accepted. Disable to reject expired certificates.","Modalita di compatibilita. Se abilitata, i certificati peer scaduti vengono accettati. Disabilitarla per rifiutarli.",
ClientCore/xml.languagefiles/Service.PassiveSyslogListener,Passive Syslog Listener Service,nTLSFailOnConfigCommandError,Fail on TLS config command errors,Errore su comandi TLS non applicati,
ClientCore/xml.languagefiles/Service.PassiveSyslogListener,Passive Syslog Listener Service,nTLSFailOnConfigCommandError.tooltip,"When enabled, listener setup fails if configured OpenSSL commands cannot be applied. By default errors are logged and setup continues.","Se abilitata, la configurazione del listener fallisce se i comandi OpenSSL configurati non possono essere applicati. Per impostazione predefinita, gli errori vengono registrati e la configurazione continua.",
ClientCore/xml.languagefiles/Service.PassiveSyslogListener,Passive Syslog Listener Service,nTLSHandshakeTimeout,TLS handshake timeout,Timeout handshake TLS,
ClientCore/xml.languagefiles/Service.PassiveSyslogListener,Passive Syslog Listener Service,nTLSHandshakeTimeout.tooltip,Maximum time in milliseconds allowed for a TLS handshake before the connection is closed.,Tempo massimo in millisecondi consentito per un handshake TLS prima della chiusura della connessione.,
ClientCore/xml.languagefiles/Service.PassiveSyslogListener,Passive Syslog Listener Service,nTLSLegacyFingerprintMatch,Allow legacy fingerprint matching,Consenti corrispondenza legacy delle impronte,
ClientCore/xml.languagefiles/Service.PassiveSyslogListener,Passive Syslog Listener Service,nTLSLegacyFingerprintMatch.tooltip,"Compatibility mode. When enabled, legacy SHA-1 substring fingerprint matching remains allowed. Disable to require normalized exact SHA-1/SHA-256 fingerprints.","Modalita di compatibilita. Se abilitata, resta consentita la vecchia corrispondenza per sottostringa SHA-1. Disabilitarla per richiedere impronte SHA-1/SHA-256 normalizzate esatte.",
ClientCore/xml.languagefiles/Service.PassiveSyslogListener,Passive Syslog Listener Service,nTLSLegacyPeerNameMatch,Allow legacy peer name matching,Consenti corrispondenza legacy del nome peer,
ClientCore/xml.languagefiles/Service.PassiveSyslogListener,Passive Syslog Listener Service,nTLSLegacyPeerNameMatch.tooltip,"Compatibility mode. When enabled, legacy subject substring matching remains allowed. Disable to require strict SAN/CN matching.","Modalita di compatibilita. Se abilitata, resta consentita la vecchia corrispondenza per sottostringa del soggetto. Disabilitarla per richiedere la corrispondenza SAN/CN rigorosa.",
ClientCore/xml.languagefiles/Service.PassiveSyslogListener,Passive Syslog Listener Service,nTimeOutSession,Session Timeout,Timeout della sessione,
ClientCore/xml.languagefiles/Service.PassiveSyslogListener,Passive Syslog Listener Service,nUseSSL,"Enable SSL / TLS Encryption. Note if this Option is enabled, NON-SSL Clients will not be able to connect to this Service.","Abilita la crittografia SSL/TLS. Nota: se questa opzione è abilitata, i client NON SSL non potranno connettersi a questo servizio.",
ClientCore/xml.languagefiles/Service.PassiveSyslogListener,Passive Syslog Listener Service,szDetailProperties,Details,Dettagli,
ClientCore/xml.languagefiles/Service.PassiveSyslogListener,Passive Syslog Listener Service,szIP_,Permitted Peername / SHA1 / etc,Peername consentito/SHA1/ecc,
ClientCore/xml.languagefiles/Service.PassiveSyslogListener,Passive Syslog Listener Service,szMessageExpected,Expected Message: ,Messaggio previsto:,
ClientCore/xml.languagefiles/Service.PassiveSyslogListener,Passive Syslog Listener Service,szMessageToSend,Message to Send: ,Messaggio da inviare:,
ClientCore/xml.languagefiles/Service.PassiveSyslogListener,Passive Syslog Listener Service,szMyIPAddress,IP Address,Indirizzo IP,
ClientCore/xml.languagefiles/Service.PassiveSyslogListener,Passive Syslog Listener Service,szSyslogQueue,SyslogQueue Name,Nome SyslogQueue,
ClientCore/xml.languagefiles/Service.PassiveSyslogListener,Passive Syslog Listener Service,szTCPMsgSep,Message separation sequence,Sequenza di separazione dei messaggi,
ClientCore/xml.languagefiles/Service.PassiveSyslogListener,Passive Syslog Listener Service,szTLSAdvancedOptions,TLS Advanced,TLS avanzato,
ClientCore/xml.languagefiles/Service.PassiveSyslogListener,Passive Syslog Listener Service,szTLSOptions,Syslog TLS,Syslog TLS,
ClientCore/xml.languagefiles/Service.PassiveSyslogListener,Passive Syslog Listener Service,szTabGeneral,General,Generale,
ClientCore/xml.languagefiles/Service.PassiveSyslogListener,Passive Syslog Listener Service,tlsallowedentries,Permitted Peers,Peer consentiti,
ClientCore/xml.languagefiles/Service.PingProbe,Ping Probe Service,nGenerateOnSuccess,Generate an event if PingProbe was successful,Genera un evento se PingProbe ha avuto successo,
ClientCore/xml.languagefiles/Service.PingProbe,Ping Probe Service,nNbrOfRetries,Number Of Retries,Numero di tentativi,
ClientCore/xml.languagefiles/Service.PingProbe,Ping Probe Service,nRetryInterval,Retry Interval (ms),Intervallo tra i tentativi (ms),
ClientCore/xml.languagefiles/Service.PingProbe,Ping Probe Service,szIPAddress,IPAddress or Hostname,Indirizzo IP o nome host,
ClientCore/xml.languagefiles/Service.PortProbe,Port Probe Service,nGenerateOnSuccess,Generate an event if PingProbe was successful,Genera un evento se PingProbe ha avuto successo,
ClientCore/xml.languagefiles/Service.PortProbe,Port Probe Service,nPortNumber,Port,Porta,
ClientCore/xml.languagefiles/Service.PortProbe,Port Probe Service,nSendExpect,Send Message and check for expected message,Invia messaggio e controlla il messaggio previsto,
ClientCore/xml.languagefiles/Service.PortProbe,Port Probe Service,szIPAddress,IPAddress or Hostname,Indirizzo IP o nome host,
ClientCore/xml.languagefiles/Service.PortProbe,Port Probe Service,szMessageExpected,Message to expect,Messaggio da aspettarsi,
ClientCore/xml.languagefiles/Service.PortProbe,Port Probe Service,szMessageToSend,Message to send,Messaggio da inviare,
ClientCore/xml.languagefiles/Service.RELPListener,RELP Listener Service,nTimeOutSession,Session Timeout,Timeout della sessione,
ClientCore/xml.languagefiles/Service.RELPListener,RELP Listener Service,nUseSSL,Enable SSL / TLS Encryption.,Abilita la crittografia SSL/TLS.,
ClientCore/xml.languagefiles/Service.RELPListener,RELP Listener Service,szIP_,Permitted Peername / SHA1 / etc,Peername consentito/SHA1/ecc,
ClientCore/xml.languagefiles/Service.RELPListener,RELP Listener Service,tlsallowedentries,Permitted Peers,Peer consentiti,
ClientCore/xml.languagefiles/Service.SETPListener,SETP Listener Service,bIndicateErrorToOrigin,Notify Sender about Rule Action Errors?,Notificare al mittente gli errori delle azioni delle regole?,
ClientCore/xml.languagefiles/Service.SETPListener,SETP Listener Service,nTimeOutSession,Session Timeout,Timeout della sessione,
ClientCore/xml.languagefiles/Service.SETPListener,SETP Listener Service,nUseSSL,"Enable SSL / TLS Encryption. Note if this Option is enabled, NON-SSL Clients will not be able to connect to this Service.","Abilita la crittografia SSL/TLS. Nota: se questa opzione è abilitata, i client NON SSL non potranno connettersi a questo servizio.",
ClientCore/xml.languagefiles/Service.SETPListener,SETP Listener Service,nZlibComp,Use zLib Compression to compress the data.,Utilizzare la compressione zLib per comprimere i dati.,
ClientCore/xml.languagefiles/Service.SETPListener,SETP Listener Service,szOptions,Options,Opzioni,
ClientCore/xml.languagefiles/Service.SMTPListener,SMTP Listener Service,nSMTPPort,Listener Port,Porta dell'ascoltatore,
ClientCore/xml.languagefiles/Service.SMTPListener,SMTP Listener Service,nTimeOutLimit,Connection Timeout Limit,Limite di timeout della connessione,
ClientCore/xml.languagefiles/Service.SMTPProbe,SMTP Probe Service,nGenerateOnSuccess,Generate an event if SMTP Probe was successful,Genera un evento se il sondaggio SMTP ha avuto esito positivo,
ClientCore/xml.languagefiles/Service.SMTPProbe,SMTP Probe Service,nSMTPPort,SMTP Port,SMTP Porta,
ClientCore/xml.languagefiles/Service.SMTPProbe,SMTP Probe Service,szMailServer,SMTP Server,SMTP Server,
ClientCore/xml.languagefiles/Service.SNMPMonitor,SNMP Monitor Service,nCheckPort,SNMP Port,SNMP Porta,
ClientCore/xml.languagefiles/Service.SNMPMonitor,SNMP Monitor Service,nInstanceID,Instance subidentifier,Sottoidentificatore dell'istanza,
ClientCore/xml.languagefiles/Service.SNMPMonitor,SNMP Monitor Service,nSleepTime,Probe Interval,Intervallo della sonda,
ClientCore/xml.languagefiles/Service.SNMPMonitor,SNMP Monitor Service,nSnmpVersion,SNMP Version,SNMP Versione,
ClientCore/xml.languagefiles/Service.SNMPMonitor,SNMP Monitor Service,nTimeOutLimit,Timeout limit,Limite di timeout,
ClientCore/xml.languagefiles/Service.SNMPMonitor,SNMP Monitor Service,szCommunity,Community,Comunità,
ClientCore/xml.languagefiles/Service.SNMPMonitor,SNMP Monitor Service,szRemoteHost,Remote host,Host remoto,
ClientCore/xml.languagefiles/Service.SNMPMonitor,SNMP Monitor Service,szSnmpCheckOid,Query OID (Object ID),Interroga OID (ID oggetto),
ClientCore/xml.languagefiles/Service.SNMPMonitor,SNMP Monitor Service,szSnmpRelatedValues,SNMP Query related,Opzioni di query SNMP,
ClientCore/xml.languagefiles/Service.SNMPTrapReceiver,SNMP Trap Receiver Service,nAddMibDescriptionToMsg,"Append MIB Description after Mibname (Attention, can be a lot of information!)","Aggiungi la descrizione MIB dopo il nome Mib (attenzione, possono esserci molte informazioni!)",
ClientCore/xml.languagefiles/Service.SNMPTrapReceiver,SNMP Trap Receiver Service,nCompressOutputFormat,Compress Outputformat (Remove spaces/quotations),Comprimi il formato di output (rimuovi spazi/virgolette),
ClientCore/xml.languagefiles/Service.SNMPTrapReceiver,SNMP Trap Receiver Service,nListenPort,Listener Port,Porta dell'ascoltatore,
ClientCore/xml.languagefiles/Service.SNMPTrapReceiver,SNMP Trap Receiver Service,nResolveLongMibNames,Fully resolve Mibnames (Long Format),Risolvi completamente i nomi Mib (formato lungo),
ClientCore/xml.languagefiles/Service.SNMPTrapReceiver,SNMP Trap Receiver Service,nResolveMibNamesShort,Use short Format (Last Portion only),Utilizza formato breve (solo ultima porzione),
ClientCore/xml.languagefiles/Service.SNMPTrapReceiver,SNMP Trap Receiver Service,nSnmpVersion,SNMP Version,SNMP Versione,
ClientCore/xml.languagefiles/Service.SerialPortMonitor,Serial Port Monitor Service,nBps,Bits per second,Bit al secondo,
ClientCore/xml.languagefiles/Service.SerialPortMonitor,Serial Port Monitor Service,nDatabits,Data bits,Bit di dati,
ClientCore/xml.languagefiles/Service.SerialPortMonitor,Serial Port Monitor Service,nDtsControl,DTR Control Flow,Flusso di controllo DTR,
ClientCore/xml.languagefiles/Service.SerialPortMonitor,Serial Port Monitor Service,nParity,Parity,Parità,
ClientCore/xml.languagefiles/Service.SerialPortMonitor,Serial Port Monitor Service,nRtsControl,RTS Control Flow,Flusso di controllo RTS,
ClientCore/xml.languagefiles/Service.SerialPortMonitor,Serial Port Monitor Service,nStopbits,Stop bits,Bit di arresto,
ClientCore/xml.languagefiles/Service.SerialPortMonitor,Serial Port Monitor Service,szDtsControlDisable,DTR Control Disable,Disabilita controllo DTR,
ClientCore/xml.languagefiles/Service.SerialPortMonitor,Serial Port Monitor Service,szDtsControlEnable,DTR Control Enable,Abilita controllo DTR,
ClientCore/xml.languagefiles/Service.SerialPortMonitor,Serial Port Monitor Service,szDtsControlHandshake,DTR Control Handshake,Stretta di mano di controllo DTR,
ClientCore/xml.languagefiles/Service.SerialPortMonitor,Serial Port Monitor Service,szEvenParity,Even Parity,Anche la parità,
ClientCore/xml.languagefiles/Service.SerialPortMonitor,Serial Port Monitor Service,szMarkParity,Mark Parity,Segna parità,
ClientCore/xml.languagefiles/Service.SerialPortMonitor,Serial Port Monitor Service,szMessageBegin,Send this on startup,Invia questo all'avvio,
ClientCore/xml.languagefiles/Service.SerialPortMonitor,Serial Port Monitor Service,szMessageEnd,How the message is ended,Come termina il messaggio,
ClientCore/xml.languagefiles/Service.SerialPortMonitor,Serial Port Monitor Service,szNoParity,No Parity,Nessuna parità,
ClientCore/xml.languagefiles/Service.SerialPortMonitor,Serial Port Monitor Service,szOddParity,Odd Parity,Parità dispari,
ClientCore/xml.languagefiles/Service.SerialPortMonitor,Serial Port Monitor Service,szOne5StopBits,"1,5 Stop bit","1,5 Punta di arresto",
ClientCore/xml.languagefiles/Service.SerialPortMonitor,Serial Port Monitor Service,szOneStopBit,1 Stop bit,1 bit di arresto,
ClientCore/xml.languagefiles/Service.SerialPortMonitor,Serial Port Monitor Service,szPortName,Which Port do you want to monitor,Quale porta vuoi monitorare,
ClientCore/xml.languagefiles/Service.SerialPortMonitor,Serial Port Monitor Service,szPortSettings,Port Settings,Impostazioni della porta,
ClientCore/xml.languagefiles/Service.SerialPortMonitor,Serial Port Monitor Service,szRtsControlDisable,RTS Control Disable,Disabilita controllo RTS,
ClientCore/xml.languagefiles/Service.SerialPortMonitor,Serial Port Monitor Service,szRtsControlEnable,RTS Control Enable,Abilitazione controllo RTS,
ClientCore/xml.languagefiles/Service.SerialPortMonitor,Serial Port Monitor Service,szRtsControlHandshake,RTS Control Handshake,Stretta di mano di controllo RTS,
ClientCore/xml.languagefiles/Service.SerialPortMonitor,Serial Port Monitor Service,szRtsControlToggle,RTS Control Toggle,Attiva/disattiva controllo RTS,
ClientCore/xml.languagefiles/Service.SerialPortMonitor,Serial Port Monitor Service,szSpaceParity,Space Parity,Parità spaziale,
ClientCore/xml.languagefiles/Service.SerialPortMonitor,Serial Port Monitor Service,szTwoStopBits,2 Stop bits,2 Bit di stop,
ClientCore/xml.languagefiles/Service.SyslogListener,Syslog Listener Service,bIsRegex_,Enable Regular Expression,Abilita espressione regolare,
ClientCore/xml.languagefiles/Service.SyslogListener,Syslog Listener Service,btnButtonSendSyslog,Test Syslog Server,Prova il server Syslog,
ClientCore/xml.languagefiles/Service.SyslogListener,Syslog Listener Service,lbl_syslogRFC3195,RFC3195,RFC3195,
ClientCore/xml.languagefiles/Service.SyslogListener,Syslog Listener Service,lbl_syslogTCP,TCP,TCP,
ClientCore/xml.languagefiles/Service.SyslogListener,Syslog Listener Service,lbl_syslogUDP,UDP,UDP,
ClientCore/xml.languagefiles/Service.SyslogListener,Syslog Listener Service,msgseps,List of additional separators,Elenco dei separatori aggiuntivi,
ClientCore/xml.languagefiles/Service.SyslogListener,Syslog Listener Service,nEnableMultiCastGroup,Enable receiving from a UDP Multicast Group,Abilita la ricezione da un gruppo multicast UDP,
ClientCore/xml.languagefiles/Service.SyslogListener,Syslog Listener Service,nEnableMultiTCPMsgSep,Enable multiple message separators,Abilita più separatori di messaggi,
ClientCore/xml.languagefiles/Service.SyslogListener,Syslog Listener Service,nEnableTCPMsgSep,Messages are separated by the following sequence,I messaggi sono separati dalla seguente sequenza,
ClientCore/xml.languagefiles/Service.SyslogListener,Syslog Listener Service,nEscapeControlCharacters,Escape control characters,Caratteri di controllo della fuga,
ClientCore/xml.languagefiles/Service.SyslogListener,Syslog Listener Service,nForceUTF8Decoding,Force UTF8 Decoding if encoding could not be detected automatically.,Forza la decodifica UTF8 se la codifica non può essere rilevata automaticamente.,
ClientCore/xml.languagefiles/Service.SyslogListener,Syslog Listener Service,nListenPort,Listener Port,Porta dell'ascoltatore,
ClientCore/xml.languagefiles/Service.SyslogListener,Syslog Listener Service,nParseSyslogDate,Use original message timestamp (RFC 3164),Utilizza il timestamp del messaggio originale (RFC 3164),
ClientCore/xml.languagefiles/Service.SyslogListener,Syslog Listener Service,nProtocolType,Protocol Type,Tipo di protocollo,
ClientCore/xml.languagefiles/Service.SyslogListener,Syslog Listener Service,nRFC3164DetectYear,Try to parse year from message timestamp (RFC 3164),Prova ad analizzare l'anno dal timestamp del messaggio (RFC 3164),
ClientCore/xml.languagefiles/Service.SyslogListener,Syslog Listener Service,nRFC3164Parsing,Enable RFC3164 Parsing,Abilita l'analisi RFC3164,
ClientCore/xml.languagefiles/Service.SyslogListener,Syslog Listener Service,nRFC5424AddProcID2SyslogTag,Append ProcessID to Syslogtag if available,Aggiungi ProcessID a Syslogtag se disponibile,
ClientCore/xml.languagefiles/Service.SyslogListener,Syslog Listener Service,nRFC5424Parsing,Enable RFC5424 Parsing,Abilita l'analisi RFC5424,
ClientCore/xml.languagefiles/Service.SyslogListener,Syslog Listener Service,nResolveNames,Resolve Hostnames,Risolvi i nomi host,
ClientCore/xml.languagefiles/Service.SyslogListener,Syslog Listener Service,nSaveSourceIntoProperty,Save original source into property,Salva la fonte originale nella proprietà,
ClientCore/xml.languagefiles/Service.SyslogListener,Syslog Listener Service,nTCPMaxSessions,Maximum TCP sessions,Sessioni TCP massime,
ClientCore/xml.languagefiles/Service.SyslogListener,Syslog Listener Service,nTCPMaxSessions.tooltip,Maximum number of concurrent TCP receiver sessions. Use 0 to disable the cap.,Numero massimo di sessioni riceventi TCP simultanee. Usare 0 per disattivare il limite.,
ClientCore/xml.languagefiles/Service.SyslogListener,Syslog Listener Service,nTLSAllowExpiredCerts,Allow expired peer certificates,Consenti certificati peer scaduti,
ClientCore/xml.languagefiles/Service.SyslogListener,Syslog Listener Service,nTLSAllowExpiredCerts.tooltip,"Compatibility mode. When enabled, expired peer certificates are accepted. Disable to reject expired certificates.","Modalita di compatibilita. Se abilitata, i certificati peer scaduti vengono accettati. Disabilitarla per rifiutarli.",
ClientCore/xml.languagefiles/Service.SyslogListener,Syslog Listener Service,nTLSFailOnConfigCommandError,Fail on TLS config command errors,Errore su comandi TLS non applicati,
ClientCore/xml.languagefiles/Service.SyslogListener,Syslog Listener Service,nTLSFailOnConfigCommandError.tooltip,"When enabled, listener setup fails if configured OpenSSL commands cannot be applied. By default errors are logged and setup continues.","Se abilitata, la configurazione del listener fallisce se i comandi OpenSSL configurati non possono essere applicati. Per impostazione predefinita, gli errori vengono registrati e la configurazione continua.",
ClientCore/xml.languagefiles/Service.SyslogListener,Syslog Listener Service,nTLSHandshakeTimeout,TLS handshake timeout,Timeout handshake TLS,
ClientCore/xml.languagefiles/Service.SyslogListener,Syslog Listener Service,nTLSHandshakeTimeout.tooltip,Maximum time in milliseconds allowed for a TLS handshake before the connection is closed.,Tempo massimo in millisecondi consentito per un handshake TLS prima della chiusura della connessione.,
ClientCore/xml.languagefiles/Service.SyslogListener,Syslog Listener Service,nTLSLegacyFingerprintMatch,Allow legacy fingerprint matching,Consenti corrispondenza legacy delle impronte,
ClientCore/xml.languagefiles/Service.SyslogListener,Syslog Listener Service,nTLSLegacyFingerprintMatch.tooltip,"Compatibility mode. When enabled, legacy SHA-1 substring fingerprint matching remains allowed. Disable to require normalized exact SHA-1/SHA-256 fingerprints.","Modalita di compatibilita. Se abilitata, resta consentita la vecchia corrispondenza per sottostringa SHA-1. Disabilitarla per richiedere impronte SHA-1/SHA-256 normalizzate esatte.",
ClientCore/xml.languagefiles/Service.SyslogListener,Syslog Listener Service,nTLSLegacyPeerNameMatch,Allow legacy peer name matching,Consenti corrispondenza legacy del nome peer,
ClientCore/xml.languagefiles/Service.SyslogListener,Syslog Listener Service,nTLSLegacyPeerNameMatch.tooltip,"Compatibility mode. When enabled, legacy subject substring matching remains allowed. Disable to require strict SAN/CN matching.","Modalita di compatibilita. Se abilitata, resta consentita la vecchia corrispondenza per sottostringa del soggetto. Disabilitarla per richiedere la corrispondenza SAN/CN rigorosa.",
ClientCore/xml.languagefiles/Service.SyslogListener,Syslog Listener Service,nTakeSourceSysFromSyslogMsg,Take source system from Syslog message,Prendi il sistema di origine dal messaggio Syslog,
ClientCore/xml.languagefiles/Service.SyslogListener,Syslog Listener Service,nTimeOutMsg,Message Completion Timeout,Timeout di completamento del messaggio,
ClientCore/xml.languagefiles/Service.SyslogListener,Syslog Listener Service,nTimeOutSession,Session Timeout,Timeout della sessione,
ClientCore/xml.languagefiles/Service.SyslogListener,Syslog Listener Service,nTryDetectMessageEncoding,"Automatically detect Message Encoding (UTF8, SHIFT_JIS, EUC-JP)","Rileva automaticamente la codifica dei messaggi (UTF8, SHIFT_JIS, EUC-JP)",
ClientCore/xml.languagefiles/Service.SyslogListener,Syslog Listener Service,nUseSSL,"Enable SSL / TLS Encryption. Note if this Option is enabled, NON-SSL Clients will not be able to connect to this Service.","Abilita la crittografia SSL/TLS. Nota: se questa opzione è abilitata, i client NON SSL non potranno connettersi a questo servizio.",
ClientCore/xml.languagefiles/Service.SyslogListener,Syslog Listener Service,nZlibComp,Use zLib Compression to compress the data.,Utilizzare la compressione zLib per comprimere i dati.,
ClientCore/xml.languagefiles/Service.SyslogListener,Syslog Listener Service,szDetailProperties,Details,Dettagli,
ClientCore/xml.languagefiles/Service.SyslogListener,Syslog Listener Service,szIP_,Permitted Peername / SHA1 / etc,Peername consentito/SHA1/ecc,
ClientCore/xml.languagefiles/Service.SyslogListener,Syslog Listener Service,szMsgSep_,Message separation sequence,Sequenza di separazione dei messaggi,
ClientCore/xml.languagefiles/Service.SyslogListener,Syslog Listener Service,szMultiCastAddress,Multicast Address,Indirizzo multicast,
ClientCore/xml.languagefiles/Service.SyslogListener,Syslog Listener Service,szMyIPAddress,IP Address,Indirizzo IP,
ClientCore/xml.languagefiles/Service.SyslogListener,Syslog Listener Service,szSaveSourceProperty,Propertyname: ,Nome proprietà:,
ClientCore/xml.languagefiles/Service.SyslogListener,Syslog Listener Service,szTCPMsgSep,Message separation sequence,Sequenza di separazione dei messaggi,
ClientCore/xml.languagefiles/Service.SyslogListener,Syslog Listener Service,szTCPOptions,TCPOptions,Opzioni TCP,
ClientCore/xml.languagefiles/Service.SyslogListener,Syslog Listener Service,szTLSAdvancedOptions,TLS Advanced,TLS avanzato,
ClientCore/xml.languagefiles/Service.SyslogListener,Syslog Listener Service,szTLSOptions,Syslog TLS,SyslogTLS,
ClientCore/xml.languagefiles/Service.SyslogListener,Syslog Listener Service,szTabEncoding,Encoding,Codifica,
ClientCore/xml.languagefiles/Service.SyslogListener,Syslog Listener Service,szTabGeneral,General,Generale,
ClientCore/xml.languagefiles/Service.SyslogListener,Syslog Listener Service,szUDPOptions,UDP Options,Opzioni UDP,
ClientCore/xml.languagefiles/Service.SyslogListener,Syslog Listener Service,tlsallowedentries,Permitted Peers,Peer consentiti,
