Unit,Unit Name,ID,English,Sprache,Comment
ClientCore/CTimeHelper,C Time Helper,szTime100milliseconds,100 Milliseconds,100 ミリ秒,
ClientCore/CTimeHelper,C Time Helper,szTime10milliseconds,10 milliseconds,10 ミリ秒,
ClientCore/CTimeHelper,C Time Helper,szTime1millisecond,1 millisecond,1 ミリ秒,
ClientCore/CTimeHelper,C Time Helper,szTime250milliseconds,250 Milliseconds,250 ミリ秒,
ClientCore/CTimeHelper,C Time Helper,szTime500milliseconds,500 Milliseconds,500 ミリ秒,
ClientCore/CTimeHelper,C Time Helper,szTime50milliseconds,50 milliseconds,50 ミリ秒,
ClientCore/CTimeHelper,C Time Helper,szTime5milliseconds,5 milliseconds,5 ミリ秒,
ClientCore/CTimeHelper,C Time Helper,szTimeCustom,-- Custom --,,
ClientCore/CTimeHelper,C Time Helper,szTimeDisabled,0 (disabled),,
ClientCore/CTimeHelper,C Time Helper,szTimeFifteenMinutes,15 Minutes,,
ClientCore/CTimeHelper,C Time Helper,szTimeFifteenSecond,15 seconds,,
ClientCore/CTimeHelper,C Time Helper,szTimeFiveMinutes,5 Minutes,,
ClientCore/CTimeHelper,C Time Helper,szTimeFiveSecond,5 seconds,,
ClientCore/CTimeHelper,C Time Helper,szTimeFortyFiveSecond,45 seconds,,
ClientCore/CTimeHelper,C Time Helper,szTimeHalfHour,30 minutes,,
ClientCore/CTimeHelper,C Time Helper,szTimeOneHour,1 hour,,
ClientCore/CTimeHelper,C Time Helper,szTimeOneMinute,1 Minute,,
ClientCore/CTimeHelper,C Time Helper,szTimeOneSecond,1 second,,
ClientCore/CTimeHelper,C Time Helper,szTimeSixHours,6 hours,,
ClientCore/CTimeHelper,C Time Helper,szTimeTenSecond,10 seconds,,
ClientCore/CTimeHelper,C Time Helper,szTimeThirtySecond,30 seconds,,
ClientCore/CTimeHelper,C Time Helper,szTimeThreeHours,3 hours,,
ClientCore/CTimeHelper,C Time Helper,szTimeTwelveHours,12 hours,,
ClientCore/CTimeHelper,C Time Helper,szTimeTwentyFourHours,24 hours,,
ClientCore/CTimeHelper,C Time Helper,szTimeTwoHours,2 hours,,
ClientCore/CTimeHelper,C Time Helper,szUnitHour,hours,,
ClientCore/CTimeHelper,C Time Helper,szUnitMilliSecond,milliseconds,ミリ秒,
ClientCore/CTimeHelper,C Time Helper,szUnitMinute,minutes,,
ClientCore/CTimeHelper,C Time Helper,szUnitSecond,seconds,,
ClientCore/extIPAddressTextBox,ext IP Address Text Box,$this.Name,IPAddressTextBox,,
ClientCore/frmAboutTemplate,About Template Form,$this.Text,frmAbout,,
ClientCore/frmAboutTemplate,About Template Form,lblClient.Text,Client Version: ,クライアント バージョン:,
ClientCore/frmAboutTemplate,About Template Form,lblClientVersion.Text,1.x,,
ClientCore/frmAboutTemplate,About Template Form,lblLink.Text,www.product.com,,
ClientCore/frmAboutTemplate,About Template Form,lblMoreInformation.Text,More Information at,詳細は,
ClientCore/frmAboutTemplate,About Template Form,lblService.Text,Service Version: ,サービス バージョン:,
ClientCore/frmAboutTemplate,About Template Form,lblServiceVersion.Text,1.x,,
ClientCore/frmAboutTemplate,About Template Form,lblTitle.Text,About [Product],,
ClientCore/frmAddRule,Add Rule Form,$this.Text,Add Rule,,
ClientCore/frmAddRule,Add Rule Form,cmdCancel.Text,Cancel,キャンセル,
ClientCore/frmAddRule,Add Rule Form,cmdOK.Text,OK,OK,
ClientCore/frmAddRule,Add Rule Form,lblAfterRuleAdded.Text,After the Rule has been added...,ルールの作成後...,
ClientCore/frmAddRule,Add Rule Form,lblExample.Text,For example MyRule or Rule1,例；マイルールやルール１など,
ClientCore/frmAddRule,Add Rule Form,lblName.Text,Enter the Name of the new Rule,ルール名を入力してください,
ClientCore/frmAddRule,Add Rule Form,lblTitle.Text,Adding a new Rule ...,新規でルールを作成します ...,
ClientCore/frmAddRule,Add Rule Form,rdAddActions.Text,Add the selected Actions to the Rule.,選択したアクションをルールに作成,
ClientCore/frmAddRule,Add Rule Form,rdNoActions.Text,Do not add any Actions yet.,アクションは作成しない,
ClientCore/frmAddRuleSet,Add Rule Set Form,$this.Text,Add RuleSet,,
ClientCore/frmAddRuleSet,Add Rule Set Form,cmdCancel.Text,Cancel,キャンセル,
ClientCore/frmAddRuleSet,Add Rule Set Form,cmdOK.Text,OK,OK,
ClientCore/frmAddRuleSet,Add Rule Set Form,lblAfterRuleSet.Text,After the RuleSet has been added...,ルールセットの作成後...,
ClientCore/frmAddRuleSet,Add Rule Set Form,lblExample.Text,For example MyRuleSet or RuleSet1,例；マイルールセットやルールセット１など,
ClientCore/frmAddRuleSet,Add Rule Set Form,lblName.Text,Enter the Name of the new RuleSet,ルールセット名を入力してください,
ClientCore/frmAddRuleSet,Add Rule Set Form,lblTitle.Text,Adding a new RuleSet ...,新規でルールセットを作成します ...,
ClientCore/frmAddRuleSet,Add Rule Set Form,rdNoRule.Text,Do not add a Rule yet.,ルールは作成しない,
ClientCore/frmAddRuleSet,Add Rule Set Form,rdRulePerAction.Text,Add a Rule for each of these Actions.,アクション別にルールを作成,
ClientCore/frmAddRuleSet,Add Rule Set Form,rdSingleRule.Text,Add a single Rule including these Actions.,選択したアクションを一つに纏めたルールを作成,
ClientCore/frmClientConfig,Client Config Form,$this.Text,Options,,
ClientCore/frmClientConfig,Client Config Form,btnValidateUrl.Text,Validate,検証,
ClientCore/frmClientConfig,Client Config Form,chkAlwaysReloadApplication.Text,Always ask to reload application on language change,言語変更時にリロード確認の画面を表示させる,
ClientCore/frmClientConfig,Client Config Form,chkAutoConfigReloadFromUrl.Text,Automatically Reload Configuration from URL (https required),URLから設定の自動リロード（要https）,
ClientCore/frmClientConfig,Client Config Form,chkAutoSaveWarning.Text,Suppress Autosave warning message,オートセーブの警告を表示させない,
ClientCore/frmClientConfig,Client Config Form,chkAutoSortDataGrids.Text,Sort Datagrid Lists automatically,データグリッドを自動的にソート:,
ClientCore/frmClientConfig,Client Config Form,chkLoadMibsDescription.Text,Load SNMP Mibs Description  (Slows OID Browser down first time),SNMP MIBs ディスクリプションの読み込み,
ClientCore/frmClientConfig,Client Config Form,chkServiceWarning.Text,Suppress warning when a service is deleted,サービスの削除時に警告を表示させない,
ClientCore/frmClientConfig,Client Config Form,chkSplitConfigurationForRuleSets.Text,Create individual configuration files for RuleSets,ルールセットの設定ファイルを個々に作成,
ClientCore/frmClientConfig,Client Config Form,chkSplitConfigurationForServices.Text,Create individual configuration files for Services,サービスの設定ファイルを個々に作成,
ClientCore/frmClientConfig,Client Config Form,cmdBrowseFileConfig.Text,Browse,,
ClientCore/frmClientConfig,Client Config Form,cmdBrowseFileData.Text,Browse,,
ClientCore/frmClientConfig,Client Config Form,cmdCancel.Text,Cancel,キャンセル,
ClientCore/frmClientConfig,Client Config Form,cmdOK.Text,OK,OK,
ClientCore/frmClientConfig,Client Config Form,lblAutoConfigReloadFromUrlSleepTime.Text,Check interval: ,チェック間隔:,
ClientCore/frmClientConfig,Client Config Form,lblBaseKey.Text,Base Registry Key:,ベースのレジストリキー:,
ClientCore/frmClientConfig,Client Config Form,lblConfigFilename.Text,Confiuration Filename:,ファイル名の設定:,
ClientCore/frmClientConfig,Client Config Form,lblDataDirectory.Text,Data Directory:,データディレクトリ:,
ClientCore/frmClientConfig,Client Config Form,lblDataKey.Text,Data Registry Key:,データレジストリキー:,
ClientCore/frmClientConfig,Client Config Form,lblLanguage.Text,Choose Display language:,言語を選択:,
ClientCore/frmClientConfig,Client Config Form,lblRootKey.Text,Root Registry Key:,ルート レジストリキー:,
ClientCore/frmClientConfig,Client Config Form,rbFile.Text,Load Configuration from File,ファイルから設定を読み込む,
ClientCore/frmClientConfig,Client Config Form,rbRegistry.Text,Load Configuration from Registry ,レジストリから設定を読み込む,
ClientCore/frmClientConfig,Client Config Form,tpConfigAccess.Text,Config Access,設定の読み込み,
ClientCore/frmClientConfig,Client Config Form,tpGeneral.Text,General,全般,
ClientCore/frmConfig,Config Form,$this.Text,frmConfig,,
ClientCore/frmConfig,Config Form,szTLSCommandsInfo,"By enabling this option, you can set OpenSSL configuration commands directly. For more information on available configuration parameters for each command type, visit: ",このオプションを有効にすると、OpenSSL設定コマンドを直接設定できます。 コマンド タイプごとに使用できる設定パラメーターの詳細については、次のページを参照してください: ,
ClientCore/frmConfig,Config Form,szTLSCommandsInfoLink,OpenSSL SSL_CONF_cmd documentation,OpenSSL SSL_CONF_cmd ドキュメント,
ClientCore/frmEventViewer,Event Viewer Form,$this.Text,EventViewer,イベントビューア,
ClientCore/frmEventViewer,Event Viewer Form,SFDiagEvents.Title,Save selected Events as ...,,
ClientCore/frmEventViewer,Event Viewer Form,STBEvents.Text,statusStrip1,,
ClientCore/frmEventViewer,Event Viewer Form,cDateTime.HeaderText,Date and Time,日時,
ClientCore/frmEventViewer,Event Viewer Form,cEventID.HeaderText,Event ID,イベント ID,
ClientCore/frmEventViewer,Event Viewer Form,cEventIndex.HeaderText,Index [hidden],,
ClientCore/frmEventViewer,Event Viewer Form,cEventLevel.HeaderText,Event Level,イベントレベル,
ClientCore/frmEventViewer,Event Viewer Form,cLevelImage.HeaderText,_,,
ClientCore/frmEventViewer,Event Viewer Form,cSource.HeaderText,Source,ソース,
ClientCore/frmEventViewer,Event Viewer Form,cTaskCategory.HeaderText,Task Category,タスク カテゴリ,
ClientCore/frmEventViewer,Event Viewer Form,cbTimeMode.Items,Any time,,
ClientCore/frmEventViewer,Event Viewer Form,cbTimeMode.Items1,Last hour,,
ClientCore/frmEventViewer,Event Viewer Form,cbTimeMode.Items2,Last 12 hours,,
ClientCore/frmEventViewer,Event Viewer Form,cbTimeMode.Items3,Last 24 hours,,
ClientCore/frmEventViewer,Event Viewer Form,cbTimeMode.Items4,Last 7 days,,
ClientCore/frmEventViewer,Event Viewer Form,cbTimeMode.Items5,Last 30 days,,
ClientCore/frmEventViewer,Event Viewer Form,cbTimeMode.Items6,<< Custom Range >>,,
ClientCore/frmEventViewer,Event Viewer Form,cmdEventProperties.Text,Event Properties,イベントプロパティ,
ClientCore/frmEventViewer,Event Viewer Form,cmdFilterEvents.Text,Filter Events,イベントのフィルタリング,
ClientCore/frmEventViewer,Event Viewer Form,cmdRefresh.Text,Refresh,更新,
ClientCore/frmEventViewer,Event Viewer Form,cmdResetView.Text,Reset View,ビューのリセット,
ClientCore/frmEventViewer,Event Viewer Form,cmdSaveEvents.Text,Save Events,イベントの保存,
ClientCore/frmEventViewer,Event Viewer Form,cmdSearch.Text,Search,検索,
ClientCore/frmEventViewer,Event Viewer Form,cmdSearchGo.Text,Search !,,
ClientCore/frmEventViewer,Event Viewer Form,lblActions.Text,Actions,アクション,
ClientCore/frmEventViewer,Event Viewer Form,lblEventCount.Text,0,,
ClientCore/frmEventViewer,Event Viewer Form,lblFilterEventTypes.Text,Select Eventlevels,,
ClientCore/frmEventViewer,Event Viewer Form,lblFilterOptions.Text,Filter Options,フィルタ オプション,
ClientCore/frmEventViewer,Event Viewer Form,lblSearch.Text,Search,検索,
ClientCore/frmEventViewer,Event Viewer Form,lblStatus.Text,Status,ステータス,
ClientCore/frmEventViewer,Event Viewer Form,lblTools.Text,Tools,ツール,
ClientCore/frmEventViewer,Event Viewer Form,lvEventTypes.Text,lvEventTypes,,
ClientCore/frmEventViewer,Event Viewer Form,mnuCopy.Text,Copy,,
ClientCore/frmEventViewer,Event Viewer Form,mnuCopyDetails.Text,Copy Details,,
ClientCore/frmEventViewer,Event Viewer Form,mnuCopyTable.Text,Copy Table,,
ClientCore/frmEventViewer,Event Viewer Form,mnuEventProperties.Text,Event Properties,,
ClientCore/frmEventViewer,Event Viewer Form,mnuRefresh.Text,Refresh,,
ClientCore/frmEventViewer,Event Viewer Form,mnuResetView.Text,Reset View,,
ClientCore/frmEventViewer,Event Viewer Form,mnuSaveSelectedEvents.Text,Save Selected Events ...,,
ClientCore/frmEventViewer,Event Viewer Form,statusCancelButton.Text,Cancel EventFrefresh,,
ClientCore/frmEventViewer,Event Viewer Form,tslblEventCount.Text,Eventcount: ,イベント カウント:,
ClientCore/frmEventViewer,Event Viewer Form,txtSearchEvents.ToolTipText,Enter a search pattern and hit return to perform a search,,
ClientCore/frmEventViewerDetail,Event Viewer Detail Form,$this.Text,Event Properties,イベント プロパティ,
ClientCore/frmEventViewerDetail,Event Viewer Detail Form,cmdClose.Text,Close,閉じる,
ClientCore/frmEventViewerDetail,Event Viewer Detail Form,cmdCopy.Text,Copy,コピー,
ClientCore/frmExportConfigScope,Export Config Scope Form,$this.Text,Export configuration,設定のエクスポート,
ClientCore/frmExportConfigScope,Export Config Scope Form,btnCancel.Text,Cancel,キャンセル,
ClientCore/frmExportConfigScope,Export Config Scope Form,btnNext.Text,Next…,次へ…,
ClientCore/frmExportConfigScope,Export Config Scope Form,lblExportFullDesc.Text,"Exports all general settings (including license), services, and rule sets.",一般設定（ライセンスを含む）、サービス、ルールセットをすべてエクスポートします。,
ClientCore/frmExportConfigScope,Export Config Scope Form,lblExportNoGeneralDesc.Text,"Exports only services and rule sets. No general blocks (e.g. engine, debug, license) are written.",サービスとルールセットのみをエクスポートします。一般ブロック（エンジン、デバッグ、ライセンスなど）は書き込みません。,
ClientCore/frmExportConfigScope,Export Config Scope Form,lblExportNoLicenseDesc.Text,"Exports all general settings except the license block, plus services and rule sets.",ライセンスブロックを除く一般設定と、サービスおよびルールセットをエクスポートします。,
ClientCore/frmExportConfigScope,Export Config Scope Form,lblIntro.Text,Choose what to include in the exported file. You will choose where to save in the next step.,エクスポートするファイルに含める内容を選びます。次の手順で保存先を指定します。,
ClientCore/frmExportConfigScope,Export Config Scope Form,rbExportFull.Text,Full export,完全エクスポート,
ClientCore/frmExportConfigScope,Export Config Scope Form,rbExportNoGeneral.Text,Full export (without general settings),完全エクスポート（一般設定なし）,
ClientCore/frmExportConfigScope,Export Config Scope Form,rbExportNoLicense.Text,Full export (without license),完全エクスポート（ライセンスなし）,
ClientCore/frmFilters,Filters Form,$this.Text,Filters,,
ClientCore/frmFilters,Filters Form,TVFilters.ImageKey,Root,,
ClientCore/frmFilters,Filters Form,TVFilters.SelectedImageKey,Root,,
ClientCore/frmFilters,Filters Form,chkGlobalCondProperty.Text,Global Conditions relative to this property,選択したプロパティに対する全体の条件,
ClientCore/frmFilters,Filters Form,chkMinimumWaitTime.Text,Minimum WaitTime,最少の待ち時間,
ClientCore/frmFilters,Filters Form,chkOccurrences.Text,Fire only if Event occurs,発生時のみ稼働,
ClientCore/frmFilters,Filters Form,chkSaveIntoPropertyName.Text,"If filter matches, store the text into the following Property",フィルタが一致した場合、テキストを以下のプロパティに保存する：,
ClientCore/frmFilters,Filters Form,chkThreatNotFoundFilters.Text,Treat not found filters as TRUE,検知されないフィルタをTrueとして処理,
ClientCore/frmFilters,Filters Form,cmdAddFilter.Text,Add Filter >,,
ClientCore/frmFilters,Filters Form,cmdAnd.Text,AND,,
ClientCore/frmFilters,Filters Form,cmdBrowse.Text,Browse,参照,
ClientCore/frmFilters,Filters Form,cmdChangeOperator.Text,Change Operator,オペレーションの変更,
ClientCore/frmFilters,Filters Form,cmdCloneFilter.Text,Clone Filter,フィルタのクローンを作成,
ClientCore/frmFilters,Filters Form,cmdDelete.Text,Delete,削除,
ClientCore/frmFilters,Filters Form,cmdFalse.Text,FALSE,,
ClientCore/frmFilters,Filters Form,cmdNot.Text,NOT,,
ClientCore/frmFilters,Filters Form,cmdOr.Text,OR,,
ClientCore/frmFilters,Filters Form,cmdTrue.Text,TRUE,,
ClientCore/frmFilters,Filters Form,cmdXor.Text,XOR,,
ClientCore/frmFilters,Filters Form,deleteFilterToolStripMenuItem.Text,Delete Filter,フィルタを削除,
ClientCore/frmFilters,Filters Form,dtPropertyValue.CustomFormat,HH-mm-ss,,
ClientCore/frmFilters,Filters Form,gbButtons.Text,Tools,ツール,
ClientCore/frmFilters,Filters Form,lblBasicFilters.Text,Basic Filters,ベーシック フィルタ,
ClientCore/frmFilters,Filters Form,lblCompareOperation.Text,Compare Operation: ,比較のオペレーション: ,
ClientCore/frmFilters,Filters Form,lblFileSystemMonServices.Text,File&System Monitoring Services,ファイルとシステム監視サービス,
ClientCore/frmFilters,Filters Form,lblGCProp.Text,Insert,挿入,
ClientCore/frmFilters,Filters Form,lblMore.Text,Learn about Filters,フィルタ機能について...,
ClientCore/frmFilters,Filters Form,lblNetworkRelatedServices.Text,Network related Services,ネットワーク関連のサービス,
ClientCore/frmFilters,Filters Form,lblOccurrences2.Text,seconds.,秒,
ClientCore/frmFilters,Filters Form,lblOperations.Text,Add Operations,オペレーションの追加,
ClientCore/frmFilters,Filters Form,lblProbeServices.Text,Probe Services,探査サービス,
ClientCore/frmFilters,Filters Form,lblPropertyName.Text,Propety Name: ,プロパティ名: ,
ClientCore/frmFilters,Filters Form,lblPropertyValue.Text,Set Property Value: ,プロパティ値を設定: ,
ClientCore/frmFilters,Filters Form,lblRangeEnd.Text,End:,終了:,
ClientCore/frmFilters,Filters Form,lblRangeStart.Text,Start:,開始:,
ClientCore/frmFilters,Filters Form,lblSeconds.Text,seconds.,秒,
ClientCore/frmFilters,Filters Form,lblSelectTimeMode.Text,Select TimeMode,タイムモードを選択,
ClientCore/frmFilters,Filters Form,lblSpecialOps.Text,"Special Operations, useful for debugging",デバッグで使用する特別なオペレーション,
ClientCore/frmFilters,Filters Form,lbltimeswithin.Text,times within,回数,
ClientCore/frmFilters,Filters Form,mnuAddFilter.Text,Add Filter >,フィルタの追加 >,
ClientCore/frmFilters,Filters Form,mnuAddOperation.Text,Add Operation >,オペレーションの追加 >,
ClientCore/frmFilters,Filters Form,mnuAgentIP.Text,Agent IP,,
ClientCore/frmFilters,Filters Form,mnuAnd.Text,AND,,
ClientCore/frmFilters,Filters Form,mnuCPULoad.Text,CPU Load,,
ClientCore/frmFilters,Filters Form,mnuCPUMemoryMonitor.Text,CPU/Memory Monitor,,
ClientCore/frmFilters,Filters Form,mnuCPUNumber.Text,CPU Number,,
ClientCore/frmFilters,Filters Form,mnuClear.Text,Clear,クリア,
ClientCore/frmFilters,Filters Form,mnuCloneFilter.Text,Clone Filter,フィルタのクローンを作成,
ClientCore/frmFilters,Filters Form,mnuCommunity.Text,Community,,
ClientCore/frmFilters,Filters Form,mnuCopy.Text,Copy,コピー,
ClientCore/frmFilters,Filters Form,mnuCustomProperty.Text,Custom Property,カスタム プロパティ,
ClientCore/frmFilters,Filters Form,mnuCustomerID.Text,CustomerID,,
ClientCore/frmFilters,Filters Form,mnuDateTime.Text,Date/Time,曜日/時間,
ClientCore/frmFilters,Filters Form,mnuDiskSpaceLeft.Text,Disk Space left (%),,
ClientCore/frmFilters,Filters Form,mnuDiskSpaceLeftGB.Text,Disk Space left (GB),,
ClientCore/frmFilters,Filters Form,mnuDiskSpaceLeftMB.Text,Disk Space left (MB),,
ClientCore/frmFilters,Filters Form,mnuDiskSpaceMonitor.Text,DiskSpace Monitor,,
ClientCore/frmFilters,Filters Form,mnuEnterprise.Text,Enterprise,,
ClientCore/frmFilters,Filters Form,mnuEventCategory.Text,Event Category,イベント カテゴリ,
ClientCore/frmFilters,Filters Form,mnuEventCategoryV2.Text,Event Category,イベント カテゴリ,
ClientCore/frmFilters,Filters Form,mnuEventCategoryname.Text,Event Categoryname,イベント カテゴリ名,
ClientCore/frmFilters,Filters Form,mnuEventCategorynameV2.Text,Event Categoryname,イベント カテゴリ名,
ClientCore/frmFilters,Filters Form,mnuEventChannel.Text,Event Channel,イベント チャンネル,
ClientCore/frmFilters,Filters Form,mnuEventID.Text,Event ID,イベント ID,
ClientCore/frmFilters,Filters Form,mnuEventIDv2.Text,Event ID,イベント ID,
ClientCore/frmFilters,Filters Form,mnuEventKeyword.Text,Event Keyword,イベント キーワード,
ClientCore/frmFilters,Filters Form,mnuEventKeywordID.Text,Event Keyword ID,イベント キーワード ID,
ClientCore/frmFilters,Filters Form,mnuEventLevel.Text,Event Level,イベント レベル,
ClientCore/frmFilters,Filters Form,mnuEventLogMonitor.Text,Event Log Monitor,イベントログの監視,
ClientCore/frmFilters,Filters Form,mnuEventLogMonitorV2.Text,Event Log Monitor V2,イベントログの監視 V2,
ClientCore/frmFilters,Filters Form,mnuEventRawSource.Text,Event Raw Source,イベント Raw ソース,
ClientCore/frmFilters,Filters Form,mnuEventRecordnumber.Text,Event Recordnumber,イベント レコードナンバー,
ClientCore/frmFilters,Filters Form,mnuEventSeverity.Text,Event Severity,イベント 重要度,
ClientCore/frmFilters,Filters Form,mnuEventSeverityIDV2.Text,Event Severity ID,イベント 重要度 ID,
ClientCore/frmFilters,Filters Form,mnuEventSeverityV2.Text,Event Severity,イベント 重要度,
ClientCore/frmFilters,Filters Form,mnuEventSource.Text,Event Source,イベント ソース,
ClientCore/frmFilters,Filters Form,mnuEventSourceV2.Text,Event Source,イベント ソース,
ClientCore/frmFilters,Filters Form,mnuEventType.Text,Event Type,イベント タイプ,
ClientCore/frmFilters,Filters Form,mnuEventUser.Text,Event User,イベント ユーザー,
ClientCore/frmFilters,Filters Form,mnuEventUserV2.Text,Event User,イベント ユーザー,
ClientCore/frmFilters,Filters Form,mnuExtendedIPProperty.Text,Extended IP Property,拡張IPプロパティ,
ClientCore/frmFilters,Filters Form,mnuExtendedNumber.Text,Extended Number Property,拡張プロパティ,
ClientCore/frmFilters,Filters Form,mnuFTPProbe.Text,FTP Probe,,
ClientCore/frmFilters,Filters Form,mnuFTPResponse.Text,FTP Response,,
ClientCore/frmFilters,Filters Form,mnuFTPStatuscode.Text,FTP Statuscode,,
ClientCore/frmFilters,Filters Form,mnuFacility.Text,Facility,ファシリティ,
ClientCore/frmFilters,Filters Form,mnuFalse.Text,FALSE,,
ClientCore/frmFilters,Filters Form,mnuFileExists.Text,File Exists,ファイル確認,
ClientCore/frmFilters,Filters Form,mnuFileMonitor.Text,File Monitor,,
ClientCore/frmFilters,Filters Form,mnuFreePhysicalMemory.Text,Free physical memory,,
ClientCore/frmFilters,Filters Form,mnuFreeTotalMemory.Text,Free total memory,,
ClientCore/frmFilters,Filters Form,mnuFreeVirtualMemory.Text,Free virtual memory,,
ClientCore/frmFilters,Filters Form,mnuGeneral.Text,General,全般,
ClientCore/frmFilters,Filters Form,mnuGeneratedFilename.Text,Generated Filename,作成されたファイル名,
ClientCore/frmFilters,Filters Form,mnuGeneratedFilenamewithoutPath.Text,Generated Filename (without path),作成されたファイル名（パスなし）,
ClientCore/frmFilters,Filters Form,mnuGenericName.Text,Generic Name,,
ClientCore/frmFilters,Filters Form,mnuHELOResponse.Text,HELO Response,,
ClientCore/frmFilters,Filters Form,mnuHTTPProbe.Text,HTTP Probe,,
ClientCore/frmFilters,Filters Form,mnuHTTPResponse.Text,HTTP Response,,
ClientCore/frmFilters,Filters Form,mnuHTTPStatuscode.Text,HTTP Statuscode,,
ClientCore/frmFilters,Filters Form,mnuIMAPProbe.Text,IMAP Probe,,
ClientCore/frmFilters,Filters Form,mnuIMAPResponse.Text,IMAP Response,,
ClientCore/frmFilters,Filters Form,mnuIMAPStatuscode.Text,IMAP Statuscode,,
ClientCore/frmFilters,Filters Form,mnuIUCPUMemoryMonitor.Text,CPU/Memory Monitor,CPU/メモリ モニタ,
ClientCore/frmFilters,Filters Form,mnuIUDatabaseMonitor.Text,Database Monitor,データベース モニタ,
ClientCore/frmFilters,Filters Form,mnuIUDiskSpaceMonitor.Text,DiskSpace Monitor,ディスクスペース モニタ,
ClientCore/frmFilters,Filters Form,mnuIUEventLogMonitor.Text,Event Log Monitor,イベントログの監視,
ClientCore/frmFilters,Filters Form,mnuIUEventLogMonitorV2.Text,Event Log Monitor V2,イベントログの監視 V2,
ClientCore/frmFilters,Filters Form,mnuIUFTPProbe.Text,FTP Probe,FTP 探査,
ClientCore/frmFilters,Filters Form,mnuIUFileMonitor.Text,File Monitor,ファイル モニタ,
ClientCore/frmFilters,Filters Form,mnuIUHTTPProbe.Text,HTTP Probe,HTTP 探査,
ClientCore/frmFilters,Filters Form,mnuIUHeart.Text,HeartBeat,ハートビート,
ClientCore/frmFilters,Filters Form,mnuIUIMAPProbe.Text,IMAP Probe,IMAP 探査,
ClientCore/frmFilters,Filters Form,mnuIUNNTPProbe.Text,NNTP Probe,NNTP 探査,
ClientCore/frmFilters,Filters Form,mnuIUNTServicesMonitor.Text,NT Services Monitor,NT サービス モニタ,
ClientCore/frmFilters,Filters Form,mnuIUPOP3Probe.Text,POP3 Probe,POP3 探査,
ClientCore/frmFilters,Filters Form,mnuIUPingProbe.Text,Ping Probe,Ping 探査,
ClientCore/frmFilters,Filters Form,mnuIUPortProbe.Text,Port Probe,Port 探査,
ClientCore/frmFilters,Filters Form,mnuIURELPListener.Text,RELP Listener,RELP リスナー,
ClientCore/frmFilters,Filters Form,mnuIUSMTPListener.Text,SMTP Listener,SMTP リスナー,
ClientCore/frmFilters,Filters Form,mnuIUSMTPProbe.Text,SMTP Probe,SMTP 探査,
ClientCore/frmFilters,Filters Form,mnuIUSNMPMonitor.Text,SNMP Monitor,SNMP モニタ,
ClientCore/frmFilters,Filters Form,mnuIUSNMPTraps.Text,SNMP Traps,SNMP トラップ,
ClientCore/frmFilters,Filters Form,mnuIUSerialPortMonitor.Text,SerialPort Monitor,シリアルポート モニタ,
ClientCore/frmFilters,Filters Form,mnuIUSyslog.Text,Syslog,Syslog,
ClientCore/frmFilters,Filters Form,mnuInformationUnitType.Text,InformationUnit Type,インフォメーションユニット タイプ,
ClientCore/frmFilters,Filters Form,mnuInsertAND.Text,AND,,
ClientCore/frmFilters,Filters Form,mnuInsertNOT.Text,NOT,,
ClientCore/frmFilters,Filters Form,mnuInsertOR.Text,OR,,
ClientCore/frmFilters,Filters Form,mnuInsertOperation.Text,Insert Operation,オペレーションの挿入,
ClientCore/frmFilters,Filters Form,mnuInsertXOR.Text,XOR,,
ClientCore/frmFilters,Filters Form,mnuLocalHostname.Text,Local Hostname,Local Hostname,ローカルホストネーム
ClientCore/frmFilters,Filters Form,mnuMaxPhysicalMemory.Text,Max physical memory,,
ClientCore/frmFilters,Filters Form,mnuMaxTotalMemory.Text,Max total memory,,
ClientCore/frmFilters,Filters Form,mnuMaxVirtualMemory.Text,Max virtual memory,,
ClientCore/frmFilters,Filters Form,mnuMessage.Text,Message,メッセージ,
ClientCore/frmFilters,Filters Form,mnuMoveDown.Text,Move Down,下へ移動,
ClientCore/frmFilters,Filters Form,mnuMoveUp.Text,Move Up,上へ移動,
ClientCore/frmFilters,Filters Form,mnuNNTPProbe.Text,NNTP Probe,,
ClientCore/frmFilters,Filters Form,mnuNNTPResponse.Text,NNTP Response,,
ClientCore/frmFilters,Filters Form,mnuNNTPStatuscode.Text,NNTP Statuscode,,
ClientCore/frmFilters,Filters Form,mnuNTServiceDisplayName.Text,NT Service DisplayName,,
ClientCore/frmFilters,Filters Form,mnuNTServiceMonitor.Text,NT Service Monitor,,
ClientCore/frmFilters,Filters Form,mnuNTServiceName.Text,NT Service Name,,
ClientCore/frmFilters,Filters Form,mnuNot.Text,NOT,,
ClientCore/frmFilters,Filters Form,mnuOr.Text,OR,,
ClientCore/frmFilters,Filters Form,mnuOtherServices.Text,Other Services,その他のサービス,
ClientCore/frmFilters,Filters Form,mnuPOP3Probe.Text,POP3 Probe,,
ClientCore/frmFilters,Filters Form,mnuPOP3Response.Text,POP3 Response,,
ClientCore/frmFilters,Filters Form,mnuPOP3Statuscode.Text,POP3 Statuscode,,
ClientCore/frmFilters,Filters Form,mnuPaste.Text,Paste,貼り付け,
ClientCore/frmFilters,Filters Form,mnuPhysicalVirtualMemory.Text,Physical virtual memory Load,,
ClientCore/frmFilters,Filters Form,mnuPortname.Text,Portname,,
ClientCore/frmFilters,Filters Form,mnuPriority.Text,Priority,プライオリティ,
ClientCore/frmFilters,Filters Form,mnuRemoveOperation.Text,Remove Operation,オペレーションを削除,
ClientCore/frmFilters,Filters Form,mnuRunOnFriday.Text,Run on Friday,金曜日に実行,
ClientCore/frmFilters,Filters Form,mnuRunOnMonday.Text,Run on Monday,月曜日に実行,
ClientCore/frmFilters,Filters Form,mnuRunOnSaturday.Text,Run on Saturday,土曜日に実行,
ClientCore/frmFilters,Filters Form,mnuRunOnSunday.Text,Run on Sunday,日曜日に実行,
ClientCore/frmFilters,Filters Form,mnuRunOnThisday.Text,Run on Thursday,木曜日に実行,
ClientCore/frmFilters,Filters Form,mnuRunOnTuesday.Text,Run on Tuesday,火曜日に実行,
ClientCore/frmFilters,Filters Form,mnuRunOnWednesday.Text,Run on Wednesday,水曜日に実行,
ClientCore/frmFilters,Filters Form,mnuSMTPProbe.Text,SMTP Probe,,
ClientCore/frmFilters,Filters Form,mnuSMTPStatuscode.Text,SMTP Statuscode,,
ClientCore/frmFilters,Filters Form,mnuSNMPTraps.Text,SNMP Traps,,
ClientCore/frmFilters,Filters Form,mnuSerialPortMonitor.Text,SerialPort Monitor,,
ClientCore/frmFilters,Filters Form,mnuSource.Text,Source,ソース,
ClientCore/frmFilters,Filters Form,mnuSourceIPType.Text,Source (IP Type),ソース（IPタイプ）,
ClientCore/frmFilters,Filters Form,mnuSpecificType.Text,Specific Type,,
ClientCore/frmFilters,Filters Form,mnuStatusNameValue.Text,Status Name & Value,ステータス名および値,
ClientCore/frmFilters,Filters Form,mnuSyslog.Text,Syslog,Syslog,
ClientCore/frmFilters,Filters Form,mnuSyslogAppname.Text,Syslog Appname,Syslog Appname,
ClientCore/frmFilters,Filters Form,mnuSyslogMSGID.Text,Syslog MSGID,Syslog MSGID,
ClientCore/frmFilters,Filters Form,mnuSyslogProcID.Text,Syslog ProcID,Syslog ProcID,
ClientCore/frmFilters,Filters Form,mnuSyslogStructdata.Text,Syslog Structdata,Syslog Structdata,
ClientCore/frmFilters,Filters Form,mnuSyslogTag.Text,Syslog Tag,Syslog タグ,
ClientCore/frmFilters,Filters Form,mnuSyslogVersion.Text,Syslog Version,Syslog バージョン,
ClientCore/frmFilters,Filters Form,mnuSystemID.Text,SystemID,,
ClientCore/frmFilters,Filters Form,mnuTime.Text,Time,時間,
ClientCore/frmFilters,Filters Form,mnuTotalMemoryLoad.Text,Total memory Load,,
ClientCore/frmFilters,Filters Form,mnuTrue.Text,TRUE,,
ClientCore/frmFilters,Filters Form,mnuUptime.Text,Uptime,,
ClientCore/frmFilters,Filters Form,mnuVersion.Text,Version,,
ClientCore/frmFilters,Filters Form,mnuVirtualMemoryLoad.Text,Virtual Memory Load,,
ClientCore/frmFilters,Filters Form,mnuXor.Text,XOR,,
ClientCore/frmFilters,Filters Form,rbProcessAfterInstall.Text,Process only after Installation Date,インストール日以降のみ処理,
ClientCore/frmFilters,Filters Form,rbProcessAlways.Text,Always process Rule,常にルールを処理,
ClientCore/frmFilters,Filters Form,rbProcessCustomDate.Text,Process only after custom date:  ,設定日以降のみ処理: ,
ClientCore/frmFilters,Filters Form,toolStripMenuItem9.Text,SNMP V1 Filters,,
ClientCore/frmFilters,Filters Form,tpAdvanced.Text,Advanced,高度な設定,
ClientCore/frmFilters,Filters Form,tpComments.Text,Comments,コメント,
ClientCore/frmFilters,Filters Form,tpDate.Text,Date Conditions,日付の条件,
ClientCore/frmFilters,Filters Form,tpDetails.Text,Details,詳細,
ClientCore/frmFilters,Filters Form,tpGlobal.Text,Global Conditions,全体の条件,
ClientCore/frmFilters,Filters Form,txtComments.Text,,,
ClientCore/frmImportConfigScope,Import Config Scope Form,$this.Text,Import configuration,設定のインポート,
ClientCore/frmImportConfigScope,Import Config Scope Form,btnCancel.Text,Cancel,キャンセル,
ClientCore/frmImportConfigScope,Import Config Scope Form,btnNext.Text,Next…,次へ…,
ClientCore/frmImportConfigScope,Import Config Scope Form,lblFullDesc.Text,Replaces all settings including license with the contents of the configuration file.,設定ファイルの内容ですべての設定（ライセンスを含む）を置き換えます。,
ClientCore/frmImportConfigScope,Import Config Scope Form,lblFullKeepLicenseDesc.Text,Replaces all settings from the file except the license: your current license name and keys stay in effect.,ライセンスを除くすべての設定をファイルから置き換えます。現在のライセンス名とキーはそのままです。,
ClientCore/frmImportConfigScope,Import Config Scope Form,lblIntro.Text,Choose which parts of the configuration to take from the file. You will select the file in the next step.,ファイルから取り込む設定の範囲を選択してください。次の手順でファイルを選択します。,
ClientCore/frmImportConfigScope,Import Config Scope Form,lblServicesRuleSetsDesc.Text,"Keeps your current general settings (e.g. engine, debug). Only services and rule sets are replaced from the file; general blocks in the file are ignored.",現在の一般設定（エンジン、デバッグなど）は維持します。ファイルから置き換わるのはサービスとルールセットのみです。ファイル内の一般ブロックは無視されます。,
ClientCore/frmImportConfigScope,Import Config Scope Form,rbFull.Text,Full import (replace everything),完全インポート（すべて置換）,
ClientCore/frmImportConfigScope,Import Config Scope Form,rbFullKeepLicense.Text,"Full import, keep current license",完全インポート、現在のライセンスを保持,
ClientCore/frmImportConfigScope,Import Config Scope Form,rbServicesRuleSets.Text,Services and rule sets only,サービスとルールセットのみ,
ClientCore/frmMainTemplate,Main Template Form,$this.Text,Main Template Form,,
ClientCore/frmMainTemplate,Main Template Form,ImportRegistryBinaryfileToolStripMenuItem.Text,Registry Binaryfile,レジストリ バイナリファイル,
ClientCore/frmMainTemplate,Main Template Form,ImportadisconConfigFormatToolStripMenuItem.Text,Adiscon Config Format,Adiscon Config フォーマット,
ClientCore/frmMainTemplate,Main Template Form,adisconConfigFormatToolStripMenuItem.Text,Adiscon Config Format,Adiscon Config フォーマット,
ClientCore/frmMainTemplate,Main Template Form,adisconEventlogFormatToolStripMenuItem.Text,Adiscon Eventlog Format,,
ClientCore/frmMainTemplate,Main Template Form,adisconXMLFormatLegacyToolStripMenuItem.Text,Adiscon XML Format (Legacy),Adiscon XML フォーマット （レガシー),
ClientCore/frmMainTemplate,Main Template Form,btnConnect.Text,Connect,接続,
ClientCore/frmMainTemplate,Main Template Form,btnDown.Text,Down,下へ,
ClientCore/frmMainTemplate,Main Template Form,btnLocal.Text,Localhost,Localhost,
ClientCore/frmMainTemplate,Main Template Form,btnQuit.Text,Quit,終了する,
ClientCore/frmMainTemplate,Main Template Form,btnResetChanges.Text,Reset Changes,変更をリセット,
ClientCore/frmMainTemplate,Main Template Form,btnRestart.AccessibleDescription,Restarts the Background Service,バックグラウンド サービスを再起動します,
ClientCore/frmMainTemplate,Main Template Form,btnRestart.AccessibleName,Restart Service,サービスを再起動,
ClientCore/frmMainTemplate,Main Template Form,btnRestart.Text,Restart Service,サービスを再起動,
ClientCore/frmMainTemplate,Main Template Form,btnRestart.ToolTipText,Restarts the Background Service,バックグラウンド サービスを再起動します,
ClientCore/frmMainTemplate,Main Template Form,btnSave.Text,Save,保存,
ClientCore/frmMainTemplate,Main Template Form,btnStart.AccessibleDescription,Starts the Background Service,バックグラウンド サービスを開始します,
ClientCore/frmMainTemplate,Main Template Form,btnStart.AccessibleName,Start Service,サービスを開始,
ClientCore/frmMainTemplate,Main Template Form,btnStart.Text,Start Service,サービスを開始,
ClientCore/frmMainTemplate,Main Template Form,btnStart.ToolTipText,Starts the Background Service,バックグラウンド サービスを開始します,
ClientCore/frmMainTemplate,Main Template Form,btnStop.AccessibleDescription,Stops the Background Service,バックグラウンド サービスを停止します,
ClientCore/frmMainTemplate,Main Template Form,btnStop.AccessibleName,Stop Service,サービスを停止,
ClientCore/frmMainTemplate,Main Template Form,btnStop.Text,Stop Service,サービスを停止,
ClientCore/frmMainTemplate,Main Template Form,btnStop.ToolTipText,Stops the Background Service,バックグラウンド サービスを停止します,
ClientCore/frmMainTemplate,Main Template Form,btnUp.Text,Up,,
ClientCore/frmMainTemplate,Main Template Form,btnVerifyConfiguration.Text,Verify,設定を確認,
ClientCore/frmMainTemplate,Main Template Form,btnVerifyConfiguration.ToolTipText,Verify Configuration,,
ClientCore/frmMainTemplate,Main Template Form,carriageReturnCRToolStripMenuItem.Text,Carriage return (CR),改行(CR),
ClientCore/frmMainTemplate,Main Template Form,carriageReturnLineFeedCRLFToolStripMenuItem.Text,Carriage return line feed (CRLF),改行コード (CRLF),
ClientCore/frmMainTemplate,Main Template Form,cloneActionToolStripMenuItem.Text,Clone Action,アクションのクローンを作成,
ClientCore/frmMainTemplate,Main Template Form,cloneRuleSetToolStripMenuItem.Text,Clone RuleSet,ルールセットのクローンを作成,
ClientCore/frmMainTemplate,Main Template Form,cloneRuleToolStripMenuItem.Text,Clone Rule,ルールのクローンを作成,
ClientCore/frmMainTemplate,Main Template Form,cloneServiceToolStripMenuItem.Text,Clone Service,サービスのクローンを作成,
ClientCore/frmMainTemplate,Main Template Form,copyActionToolStripMenuItem.Text,Copy Action,アクションをコピー,
ClientCore/frmMainTemplate,Main Template Form,copyRuleSetToolStripMenuItem.Text,Copy RuleSet,ルールセットをコピー,
ClientCore/frmMainTemplate,Main Template Form,copyRuleToolStripMenuItem.Text,Copy Rule,ルールをコピー,
ClientCore/frmMainTemplate,Main Template Form,copyServiceToolStripMenuItem.Text,Copy Service,サービスをコピー,
ClientCore/frmMainTemplate,Main Template Form,currentSeparatorMatchToolStripMenuItem.Text,Current separator match,現在のセパレータの照合,
ClientCore/frmMainTemplate,Main Template Form,disableActionToolStripMenuItem.Text,Disable Action,アクションを無効に,
ClientCore/frmMainTemplate,Main Template Form,disableServiceToolStripMenuItem.Text,Disable Service,サービスを無効に,
ClientCore/frmMainTemplate,Main Template Form,diskspaceInUseMBToolStripMenuItem.Text,Diskspace in use (MB),空き容量 (MB),
ClientCore/frmMainTemplate,Main Template Form,enableActionToolStripMenuItem.Text,Enable Action,アクションを有効に,
ClientCore/frmMainTemplate,Main Template Form,enableServiceToolStripMenuItem.Text,Enable Service,サービスを有効に,
ClientCore/frmMainTemplate,Main Template Form,eventReporterLegacyFormatToolStripMenuItem.Text,EventReporter Legacy Format,EventReporter レガシーフォーマット,
ClientCore/frmMainTemplate,Main Template Form,exportToolStripMenuItem.Text,Export Configuration,設定をエクスポート,
ClientCore/frmMainTemplate,Main Template Form,genericFileNameToolStripMenuItem.Text,Generic FileName,Generic ファイル名,
ClientCore/frmMainTemplate,Main Template Form,importConfigurationToolStripMenuItem.Text,Import Configuration,設定をインポート,
ClientCore/frmMainTemplate,Main Template Form,insertServiceToolStripMenuItem.Text,Paste Service,サービスの貼り付け,
ClientCore/frmMainTemplate,Main Template Form,lblBasicFilters.Text,Properties,プロパティ,
ClientCore/frmMainTemplate,Main Template Form,lblConfigName.Text,Name,,
ClientCore/frmMainTemplate,Main Template Form,lblConnected.Text,Connected To: ,接続先:,
ClientCore/frmMainTemplate,Main Template Form,lblFileSystemMonServices.Text,File&&System Monitoring Services,ファイル＆システム監視サービス,
ClientCore/frmMainTemplate,Main Template Form,lblLicenseStatus.Text,30 days trial,,
ClientCore/frmMainTemplate,Main Template Form,lblNetworkRelatedServices.Text,Network related Services,ネットワーク関連のサービス,
ClientCore/frmMainTemplate,Main Template Form,lblProbeServices.Text,Probe Services,監査サービス,
ClientCore/frmMainTemplate,Main Template Form,lblRemoteName.Text,localhost,,
ClientCore/frmMainTemplate,Main Template Form,lblStatus.Text,Status,,
ClientCore/frmMainTemplate,Main Template Form,lblStatusEnabled.ToolTipText,Status: ,ステータス:,
ClientCore/frmMainTemplate,Main Template Form,lineFeedLFToolStripMenuItem.Text,Line feed (LF),ラインフィード (LF),
ClientCore/frmMainTemplate,Main Template Form,maxAvailableDiskspaceMBToolStripMenuItem.Text,Max available Diskspace (MB),最大のディスク容量(MB),
ClientCore/frmMainTemplate,Main Template Form,mnuCommunity.Text,Community,コミュニティ,
ClientCore/frmMainTemplate,Main Template Form,mnuCustomerID.Text,CustomerID,カスタマー ID,
ClientCore/frmMainTemplate,Main Template Form,mnuDiskSpaceMonitor.Text,DiskSpace Monitor,ディスクスペース モニタ,
ClientCore/frmMainTemplate,Main Template Form,mnuEnterprise.Text,Enterprise,エンタープライズ,
ClientCore/frmMainTemplate,Main Template Form,mnuEventCategory.Text,Event Category,イベント カテゴリ,
ClientCore/frmMainTemplate,Main Template Form,mnuEventCategoryV2.Text,Event Category,イベント カテゴリ,
ClientCore/frmMainTemplate,Main Template Form,mnuEventCategoryname.Text,Event Categoryname,イベント カテゴリ名,
ClientCore/frmMainTemplate,Main Template Form,mnuEventCategorynameV2.Text,Event Categoryname,イベント カテゴリ名,
ClientCore/frmMainTemplate,Main Template Form,mnuEventChannel.Text,Event Channel,イベント チャンネル,
ClientCore/frmMainTemplate,Main Template Form,mnuEventID.Text,Event ID,イベント ID,
ClientCore/frmMainTemplate,Main Template Form,mnuEventIDv2.Text,Event ID,イベント ID,
ClientCore/frmMainTemplate,Main Template Form,mnuEventKeyword.Text,Event Keyword,イベント キーワード,
ClientCore/frmMainTemplate,Main Template Form,mnuEventKeywordID.Text,Event Keyword ID,イベント キーワード ID,
ClientCore/frmMainTemplate,Main Template Form,mnuEventLevel.Text,Event Level,イベント レベル,
ClientCore/frmMainTemplate,Main Template Form,mnuEventLogMonitor.Text,Event Log Monitor,イベントログの監視,
ClientCore/frmMainTemplate,Main Template Form,mnuEventLogMonitorV2.Text,Event Log Monitor V2,イベントログの監視 V2,
ClientCore/frmMainTemplate,Main Template Form,mnuEventRawSource.Text,Event Raw Source,イベント Raw ソース,
ClientCore/frmMainTemplate,Main Template Form,mnuEventRecordnumber.Text,Event Recordnumber,イベント レコードナンバー,
ClientCore/frmMainTemplate,Main Template Form,mnuEventSeverity.Text,Event Severity,イベント 重要度,
ClientCore/frmMainTemplate,Main Template Form,mnuEventSeverityIDV2.Text,Event Severity ID,イベント 重要度 ID,
ClientCore/frmMainTemplate,Main Template Form,mnuEventSeverityV2.Text,Event Severity,イベント 重要度,
ClientCore/frmMainTemplate,Main Template Form,mnuEventSource.Text,Event Source,イベント ソース,
ClientCore/frmMainTemplate,Main Template Form,mnuEventSourceV2.Text,Event Source,イベント ソース,
ClientCore/frmMainTemplate,Main Template Form,mnuEventType.Text,Event Type,イベント タイプ,
ClientCore/frmMainTemplate,Main Template Form,mnuEventUser.Text,Event User,イベント ユーザー,
ClientCore/frmMainTemplate,Main Template Form,mnuEventUserV2.Text,Event User,イベント ユーザー,
ClientCore/frmMainTemplate,Main Template Form,mnuFTPProbe.Text,FTP Probe,FTP 探査,
ClientCore/frmMainTemplate,Main Template Form,mnuFTPResponse.Text,FTP Response,FTP レスポンス,
ClientCore/frmMainTemplate,Main Template Form,mnuFTPStatuscode.Text,FTP Statuscode,FTP ステータスコード,
ClientCore/frmMainTemplate,Main Template Form,mnuFacility.Text,Facility,ファシリティ,
ClientCore/frmMainTemplate,Main Template Form,mnuFacilityText.Text,Facility Text,ファシリティ テキスト,
ClientCore/frmMainTemplate,Main Template Form,mnuFile.Text,&File,&ファイル,
ClientCore/frmMainTemplate,Main Template Form,mnuFileMonitor.Text,File Monitor,ファイル モニタ,
ClientCore/frmMainTemplate,Main Template Form,mnuGeneral.Text,General,全般,
ClientCore/frmMainTemplate,Main Template Form,mnuGeneratedFilename.Text,Generated Filename,生成されたファイル名,
ClientCore/frmMainTemplate,Main Template Form,mnuGeneratedFilenamewithoutPath.Text,Generated Filename (without path),生成されたファイル名 (パスなし),
ClientCore/frmMainTemplate,Main Template Form,mnuGenericName.Text,Generic Name,一般名,
ClientCore/frmMainTemplate,Main Template Form,mnuHELOResponse.Text,HELO Response,HELO レスポンス,
ClientCore/frmMainTemplate,Main Template Form,mnuHTTPProbe.Text,HTTP Probe,HTTP 探査,
ClientCore/frmMainTemplate,Main Template Form,mnuHTTPResponse.Text,HTTP Response,HTTP レスポンス,
ClientCore/frmMainTemplate,Main Template Form,mnuHTTPStatuscode.Text,HTTP Statuscode,HTTP ステータスコード,
ClientCore/frmMainTemplate,Main Template Form,mnuHelp.Text,Help,ヘルプ,
ClientCore/frmMainTemplate,Main Template Form,mnuHelpAbout.Text,About Adiscon Client,Adiscon クライアントについて,
ClientCore/frmMainTemplate,Main Template Form,mnuHelpContent.Text,Contents,コンテンツ,
ClientCore/frmMainTemplate,Main Template Form,mnuHelpIndex.Text,Index,インデックス,
ClientCore/frmMainTemplate,Main Template Form,mnuHelpOnlineSupport.Text,Online Support,サポートについて（英語）,
ClientCore/frmMainTemplate,Main Template Form,mnuHelpRequestSupport.Text,Request Support,Webサポート（英語）,
ClientCore/frmMainTemplate,Main Template Form,mnuHelpSearch.Text,Search,検索,
ClientCore/frmMainTemplate,Main Template Form,mnuIMAPProbe.Text,IMAP Probe,IMAP 探査,
ClientCore/frmMainTemplate,Main Template Form,mnuIMAPResponse.Text,IMAP Response,IMAP レスポンス,
ClientCore/frmMainTemplate,Main Template Form,mnuIMAPStatuscode.Text,IMAP Statuscode,IMAP ステータスコード,
ClientCore/frmMainTemplate,Main Template Form,mnuInformationUnitType.Text,Information Type,インフォメーションユニットタイプ,
ClientCore/frmMainTemplate,Main Template Form,mnuKillService.Text,Kill service,サービスの強制停止,
ClientCore/frmMainTemplate,Main Template Form,mnuLocalHostname.Text,Local Hostname,Local Hostname,
ClientCore/frmMainTemplate,Main Template Form,mnuMain.Text,Main Menu,,
ClientCore/frmMainTemplate,Main Template Form,mnuMessage.Text,Message,メッセージ,
ClientCore/frmMainTemplate,Main Template Form,mnuMessageCompressed.Text,Message (Compressed),メッセージ (圧縮された),
ClientCore/frmMainTemplate,Main Template Form,mnuNNTPProbe.Text,NNTP Probe,NNTP 探査,
ClientCore/frmMainTemplate,Main Template Form,mnuNNTPResponse.Text,NNTP Response,NNTP レスポンス,
ClientCore/frmMainTemplate,Main Template Form,mnuNNTPStatuscode.Text,NNTP Statuscode,NNTP ステータスコード,
ClientCore/frmMainTemplate,Main Template Form,mnuNTServiceDisplayName.Text,NT Service DisplayName,NT サービス ディスプレイ名,
ClientCore/frmMainTemplate,Main Template Form,mnuNTServiceMonitor.Text,NT Service Monitor,NT サービス モニタ,
ClientCore/frmMainTemplate,Main Template Form,mnuNTServiceName.Text,NT Service Name,NT サービス名,
ClientCore/frmMainTemplate,Main Template Form,mnuNetworkDiscovery.Text,Network Discovery,ネットワークの検出,
ClientCore/frmMainTemplate,Main Template Form,mnuOptions.Text,Options,オプション,
ClientCore/frmMainTemplate,Main Template Form,mnuOtherServices.Text,Other Services,その他のサービス,
ClientCore/frmMainTemplate,Main Template Form,mnuPOP3Probe.Text,POP3 Probe,POP3 探査,
ClientCore/frmMainTemplate,Main Template Form,mnuPOP3Response.Text,POP3 Response,POP3 レスポンス,
ClientCore/frmMainTemplate,Main Template Form,mnuPOP3Statuscode.Text,POP3 Statuscode,POP3 ステータスコード,
ClientCore/frmMainTemplate,Main Template Form,mnuPortname.Text,Portname,ポート名,
ClientCore/frmMainTemplate,Main Template Form,mnuPriority.Text,Priority,プライオリティ,
ClientCore/frmMainTemplate,Main Template Form,mnuPriorityText.Text,Priority Text,プライオリティ テキスト,
ClientCore/frmMainTemplate,Main Template Form,mnuQuit.Text,&Quit,&終了,
ClientCore/frmMainTemplate,Main Template Form,mnuSMTPProbe.Text,SMTP Probe,SMTP 探査,
ClientCore/frmMainTemplate,Main Template Form,mnuSMTPStatuscode.Text,SMTP Statuscode,SMTP ステータスコード,
ClientCore/frmMainTemplate,Main Template Form,mnuSNMPTraps.Text,SNMP Traps,SNMP トラップ,
ClientCore/frmMainTemplate,Main Template Form,mnuSendSyslogTestMsg.Text,Syslog Test Message,Syslog テストメッセージ,
ClientCore/frmMainTemplate,Main Template Form,mnuSerialPortMonitor.Text,SerialPort Monitor,シリアルポート モニタ,
ClientCore/frmMainTemplate,Main Template Form,mnuSource.Text,Source,ソース,
ClientCore/frmMainTemplate,Main Template Form,mnuSourceIPv4.Text,Source IPv4,,
ClientCore/frmMainTemplate,Main Template Form,mnuSourceIPv6.Text,Source IPv6,,
ClientCore/frmMainTemplate,Main Template Form,mnuSourceIPv6Dots.Text,Source IPv6 (Dots),,
ClientCore/frmMainTemplate,Main Template Form,mnuSyslog.Text,Syslog,Syslog,
ClientCore/frmMainTemplate,Main Template Form,mnuSyslogAppname.Text,Syslog Appname,Syslog Appname,
ClientCore/frmMainTemplate,Main Template Form,mnuSyslogMSGID.Text,Syslog MSGID,Syslog MSGID,
ClientCore/frmMainTemplate,Main Template Form,mnuSyslogProcID.Text,Syslog ProcID,Syslog ProcID,
ClientCore/frmMainTemplate,Main Template Form,mnuSyslogStructdata.Text,Syslog Structdata,Syslog Structdata,
ClientCore/frmMainTemplate,Main Template Form,mnuSyslogTag.Text,Syslog Tag,Syslog タグ,
ClientCore/frmMainTemplate,Main Template Form,mnuSyslogVersion.Text,Syslog Version,Syslog バージョン,
ClientCore/frmMainTemplate,Main Template Form,mnuSystemID.Text,SystemID,システム ID,
ClientCore/frmMainTemplate,Main Template Form,mnuTimeGenerated.Text,Time Generated,作成時刻,
ClientCore/frmMainTemplate,Main Template Form,mnuTimeGeneratedLocaltime.Text,Time Generated (Localtime),作成時刻 (ローカルタイム),
ClientCore/frmMainTemplate,Main Template Form,mnuTimeReported.Text,Time Reported,報告時刻,
ClientCore/frmMainTemplate,Main Template Form,mnuTimeReportedLocaltime.Text,Time Reported (Localtime),報告時刻 (ローカルタイム),
ClientCore/frmMainTemplate,Main Template Form,mnuTools.Text,Tools,ツール,
ClientCore/frmMainTemplate,Main Template Form,mnuUptime.Text,Uptime,稼働時間,
ClientCore/frmMainTemplate,Main Template Form,mnuVersion.Text,Version,バージョン,
ClientCore/frmMainTemplate,Main Template Form,monilogFormatToolStripMenuItem.Text,Monilog Format,,
ClientCore/frmMainTemplate,Main Template Form,newUUIDToolStripMenuItem.Text,New UUID(Universally Unique Identifiers),新規 UUID(Universally Unique Identifiers),
ClientCore/frmMainTemplate,Main Template Form,passiveSyslogReceiverToolStripMenuItem.Text,Passive Syslog Receiver,,
ClientCore/frmMainTemplate,Main Template Form,pasteActionToolStripMenuItem.Text,Paste Action,アクションを貼り付け,
ClientCore/frmMainTemplate,Main Template Form,pasteRuleSetToolStripMenuItem.Text,Paste RuleSet,ルールセットを貼り付け,
ClientCore/frmMainTemplate,Main Template Form,pasteRuleToolStripMenuItem.Text,Paste Rule,ルールを貼り付け,
ClientCore/frmMainTemplate,Main Template Form,previousSeparatorMatchToolStripMenuItem.Text,Previous separator match,以前のセパレータの照合,
ClientCore/frmMainTemplate,Main Template Form,rAWSyslogMessageToolStripMenuItem.Text,RAW Syslog Message,,
ClientCore/frmMainTemplate,Main Template Form,registryBinaryfileToolStripMenuItem.Text,Registry Binaryfile,レジストリ バイナリファイル,
ClientCore/frmMainTemplate,Main Template Form,registryTextfile64BitWindowsToolStripMenuItem.Text,Registry Textfile (64Bit Windows),レジストリ テキストファイル (64Bit Windows),
ClientCore/frmMainTemplate,Main Template Form,registryfile32BitWindowsToolStripMenuItem.Text,Registry Textfile (32Bit Windows),レジストリ テキストファイル (32Bit Windows),"JTC:Modified to more proper words from previous ""レジストリ テキストファイル(32Bit Windows)"" for tidy width"
ClientCore/frmMainTemplate,Main Template Form,reloadConfigurationToolStripMenuItem.Text,Reload Configuration,設定の再読み込み,
ClientCore/frmMainTemplate,Main Template Form,replaceWithToolStripMenuItem.Text,Replace with,置き換え,
ClientCore/frmMainTemplate,Main Template Form,resetToDefaultToolStripMenuItem.Text,Reset Configuration to Default,設定をリセットする,
ClientCore/frmMainTemplate,Main Template Form,saveToolStripMenuItem.Text,Save,,
ClientCore/frmMainTemplate,Main Template Form,snmpAgentIP.Text,Agent IP,,
ClientCore/frmMainTemplate,Main Template Form,snmpSpecificType.Text,Specific Type,,
ClientCore/frmMainTemplate,Main Template Form,snmpVariable1ToolStripMenuItem.Text,Snmp variable 1,,
ClientCore/frmMainTemplate,Main Template Form,snmpVariable2ToolStripMenuItem.Text,Snmp variable 2,,
ClientCore/frmMainTemplate,Main Template Form,snmpVariable3ToolStripMenuItem.Text,Snmp variable 3,,
ClientCore/frmMainTemplate,Main Template Form,specialVariablesToolStripMenuItem.Text,Special Variables,特別な変数,
ClientCore/frmMainTemplate,Main Template Form,stbMain.Text,stbMain,,
ClientCore/frmMainTemplate,Main Template Form,szServiceButtonHintRestart,Restarts the Background Service,バックグラウンド サービスを再起動します,
ClientCore/frmMainTemplate,Main Template Form,szServiceButtonHintStart,Starts the Background Service,バックグラウンド サービスを開始します,
ClientCore/frmMainTemplate,Main Template Form,szServiceButtonHintStop,Stops the Background Service,バックグラウンド サービスを停止します,
ClientCore/frmMainTemplate,Main Template Form,szServiceStatusRunning,Service: Running,サービス: 実行中,
ClientCore/frmMainTemplate,Main Template Form,szServiceStatusStopped,Service: Stopped,サービス: 停止,
ClientCore/frmMainTemplate,Main Template Form,szServiceStatusUnknown,Service: Unknown,サービス: 不明,
ClientCore/frmMainTemplate,Main Template Form,szStartupConfigurationAccessDeniedText,"The configuration registry could not be accessed. The service may not be installed on this machine, or access was denied. The client will open with default settings.",構成レジストリにアクセスできませんでした。このコンピューターにサービスがインストールされていないか、アクセスが拒否された可能性があります。クライアントは既定の設定で開きます。,
ClientCore/frmMainTemplate,Main Template Form,szStartupConfigurationMissingText,The service or configuration registry was not found on this machine. The client will open with default settings.,このコンピューターでサービスまたは構成レジストリが見つかりませんでした。クライアントは既定の設定で開きます。,
ClientCore/frmMainTemplate,Main Template Form,szStartupConfigurationUnavailable,Configuration not available,構成を利用できません,
ClientCore/frmMainTemplate,Main Template Form,tABToolStripMenuItem.Text,TAB,,
ClientCore/frmMainTemplate,Main Template Form,tbCbEnabled.Items,Enabled,,
ClientCore/frmMainTemplate,Main Template Form,tbCbEnabled.Items1,Disabled,,
ClientCore/frmMainTemplate,Main Template Form,tbCbTestMode.Items,Testmode Enabled,,
ClientCore/frmMainTemplate,Main Template Form,tbCbTestMode.Items1,Testmode Disabled,,
ClientCore/frmMainTemplate,Main Template Form,tbComments.Text,Comments,コメント,
ClientCore/frmMainTemplate,Main Template Form,tbConfigReset.Text,Reset,リセット,
ClientCore/frmMainTemplate,Main Template Form,tbConfigSave.Text,Save,確認,
ClientCore/frmMainTemplate,Main Template Form,tbDebug.Text,Logviewer (Debug),デバッグログ,
ClientCore/frmMainTemplate,Main Template Form,tbHelp.Text,Help,,
ClientCore/frmMainTemplate,Main Template Form,tbMain.Text,TTMain,,
ClientCore/frmMainTemplate,Main Template Form,tbSettings.Text,Settings,設定,
ClientCore/frmMainTemplate,Main Template Form,toolStripMenuItem19.Text,Version 1 parameters,,
ClientCore/frmMainTemplate,Main Template Form,toolStripMenuItem20.Text,Version 2 parameters,,
ClientCore/frmMainTemplate,Main Template Form,tsmAddAction.Text,Add Action,アクションを作成,
ClientCore/frmMainTemplate,Main Template Form,tsmAddRule.Text,Add Rule,ルールを作成,
ClientCore/frmMainTemplate,Main Template Form,tsmAddRuleSet.Text,Add RuleSet,ルールセットを作成,
ClientCore/frmMainTemplate,Main Template Form,tsmAddService.Text,Add Service,サービスを作成,
ClientCore/frmMainTemplate,Main Template Form,tsmDeleteAction.Text,Delete Action,アクションを削除,
ClientCore/frmMainTemplate,Main Template Form,tsmDeleteRule.Text,Delete Rule,ルールを削除,
ClientCore/frmMainTemplate,Main Template Form,tsmDeleteRuleSet.Text,Delete RuleSet,ルールセットを削除,
ClientCore/frmMainTemplate,Main Template Form,tsmDeleteService.Text,Delete Service,サービスを削除,
ClientCore/frmMainTemplate,Main Template Form,tsmImportRuleSet.Text,Import RuleSet,Import RuleSet(s),
ClientCore/frmMainTemplate,Main Template Form,tsmImportService.Text,Import Service(s),Import Service(s),
ClientCore/frmMainTemplate,Main Template Form,tsmRenameAction.Text,Rename Action,アクション名の編集,
ClientCore/frmMainTemplate,Main Template Form,tsmRenameRule.Text,Rename Rule,ルール名を編集,
ClientCore/frmMainTemplate,Main Template Form,tsmRenameRuleSet.Text,Rename RuleSet,ルールセット名を編集,
ClientCore/frmMainTemplate,Main Template Form,tsmRenameService.Text,Rename Service,サービス名を編集,
ClientCore/frmMainTemplate,Main Template Form,ttConfigureFor.Text,Configure for...,次を設定...,
ClientCore/frmMainTemplate,Main Template Form,ttCopyFrom.Text,Copy from ...,次をコピー...,
ClientCore/frmMainTemplate,Main Template Form,ttmClearFilters.Text,Clear Filters,フィルタをクリア,
ClientCore/frmMessageBox,Message Box Form,$this.Text,Adiscon Client,,
ClientCore/frmMessageBox,Message Box Form,chkAskAgain.Text,Do not ask me again!,今後このメッセージを表示させない,
ClientCore/frmMessageBox,Message Box Form,cmdCancel.Text,Cancel,キャンセル,
ClientCore/frmMessageBox,Message Box Form,cmdMore.Text,Click here,ここをクリック,
ClientCore/frmMessageBox,Message Box Form,cmdOK.Text,OK,OK,
ClientCore/frmMessageBox,Message Box Form,lblMore.Text,More Information:,,
ClientCore/frmMessageBox,Message Box Form,lblMoreLink.Text,www.moremoremore.com,,
ClientCore/frmMessageBox,Message Box Form,lblTitleText.Text,*Title,,
ClientCore/frmMessageBox,Message Box Form,txtMessage.Text,*Message,,
ClientCore/frmMibBrowser,Mib Browser Form,$this.Text,SNMP Mib Browser,,
ClientCore/frmMibBrowser,Mib Browser Form,cmdCancel.Text,Cancel,キャンセル,
ClientCore/frmMibBrowser,Mib Browser Form,cmdReloadMibs.Text,Reload Mibs,MIBの読み込み,
ClientCore/frmMibBrowser,Mib Browser Form,cmdSelectOID.Text,Select OID,OIDを設定,
ClientCore/frmMibBrowser,Mib Browser Form,lblDefaultValue.Text,Default Value:,デフォルト値:,
ClientCore/frmMibBrowser,Mib Browser Form,lblDescription.Text,Description:,詳細:,
ClientCore/frmMibBrowser,Mib Browser Form,lblOIDNumber.Text,OID Number:,OID 番号:,
ClientCore/frmMibBrowser,Mib Browser Form,lblOIDString.Text,OID String:,OID 文字列:,
ClientCore/frmMibBrowser,Mib Browser Form,lblTitle.Text,MIB Browser (OID),MIB ブラウザ (OID),
ClientCore/frmMibBrowser,Mib Browser Form,lblvarType.Text,Variable Type:,可変タイプ:,
ClientCore/frmToolsConnect,Tools Connect Form,$this.Text,Connect,,
ClientCore/frmToolsConnect,Tools Connect Form,cmdBrowse.Text,Browse,,
ClientCore/frmToolsConnect,Tools Connect Form,cmdCancel.Text,Cancel,,
ClientCore/frmToolsConnect,Tools Connect Form,cmdConnect.Text,Connect,,
ClientCore/frmToolsConnect,Tools Connect Form,lblConnectTo.Text,Connect to:,,
ClientCore/frmToolsDebugView,Tools Debug View Form,$this.Text,Debug Viewer,,
ClientCore/frmToolsDebugView,Tools Debug View Form,DebugMsg.HeaderText,Debug Message,,
ClientCore/frmToolsDebugView,Tools Debug View Form,Facility.HeaderText,Facility,,
ClientCore/frmToolsDebugView,Tools Debug View Form,Index.HeaderText,Index,,
ClientCore/frmToolsDebugView,Tools Debug View Form,Priority.HeaderText,  ,,
ClientCore/frmToolsDebugView,Tools Debug View Form,PriorityText.HeaderText,Priority,,
ClientCore/frmToolsDebugView,Tools Debug View Form,RawDebug.HeaderText,Raw Debug,,
ClientCore/frmToolsDebugView,Tools Debug View Form,StatusBar.Text,statusStrip1,,
ClientCore/frmToolsDebugView,Tools Debug View Form,Thread.HeaderText,Thread,,
ClientCore/frmToolsDebugView,Tools Debug View Form,Time.HeaderText,Time,,
ClientCore/frmToolsDebugView,Tools Debug View Form,lblDebugFile.Text,Debugfile: ,デバッグファイル:,
ClientCore/frmToolsDebugView,Tools Debug View Form,lblDebugFilter.Text,Message contains,,
ClientCore/frmToolsDebugView,Tools Debug View Form,lblFiltering.Text,Filtering,フィルタリング,
ClientCore/frmToolsDebugView,Tools Debug View Form,lblFunction.Text,Function,,
ClientCore/frmToolsDebugView,Tools Debug View Form,lblInitLines.Text,Initial Debuglines: ,初期デバッグ行数:,
ClientCore/frmToolsDebugView,Tools Debug View Form,lblLoading.Text,-,,
ClientCore/frmToolsDebugView,Tools Debug View Form,lblProgressLabel.Text,Progress:,進行:,
ClientCore/frmToolsDebugView,Tools Debug View Form,lblShowDebugFor.Text,Show debug message for: ,デバッグメッセージの表示:,
ClientCore/frmToolsDebugView,Tools Debug View Form,lblStatus.Text,-,,
ClientCore/frmToolsDebugView,Tools Debug View Form,lblStatusLabel.Text,Status:,ステータス:,
ClientCore/frmToolsDebugView,Tools Debug View Form,lblThread.Text,Thread,,
ClientCore/frmToolsDebugView,Tools Debug View Form,lblTitleText.Text,Logviewer (Debug),デバッグログ,
ClientCore/frmToolsDebugView,Tools Debug View Form,lbldebugLoglines.Text,-,,
ClientCore/frmToolsDebugView,Tools Debug View Form,lbldebugLoglinesLabel.Text,Total LogLines:,総ログ行数:,
ClientCore/frmToolsDebugView,Tools Debug View Form,tbBrowse.Text,Browse,参照,
ClientCore/frmToolsDebugView,Tools Debug View Form,tbReset.Text,Reset,リセット,
ClientCore/frmToolsDebugView,Tools Debug View Form,toolStripLabel1.Text,Priority,,
ClientCore/frmToolsDebugView,Tools Debug View Form,toolStripLabel2.Text,Facility,,
ClientCore/frmToolsDebugView,Tools Debug View Form,tsStart.Text,Start,ロード,
ClientCore/frmToolsDebugView,Tools Debug View Form,tsStop.Text,Stop,停止,
ClientCore/frmToolsNetworkDiscovery,Tools Network Discovery Form,$this.Text,Network Discovery Wizard,,
ClientCore/frmToolsNetworkDiscovery,Tools Network Discovery Form,chkUseDNS.Text,Resolve Names using DNS during Scan operation,スキャン中にDNSによる名前解決を行う,
ClientCore/frmToolsNetworkDiscovery,Tools Network Discovery Form,clDomain.Text,Domain Name,,
ClientCore/frmToolsNetworkDiscovery,Tools Network Discovery Form,cmdBack.Text,< Back,< 前へ,
ClientCore/frmToolsNetworkDiscovery,Tools Network Discovery Form,cmdCancel.Text,Cancel,キャンセル,
ClientCore/frmToolsNetworkDiscovery,Tools Network Discovery Form,cmdCancelScan.Text,Cancel Scan,スキャンをキャンセル,
ClientCore/frmToolsNetworkDiscovery,Tools Network Discovery Form,cmdDeSelectAll.Text,Deselect All,全ての選択を解除,
ClientCore/frmToolsNetworkDiscovery,Tools Network Discovery Form,cmdFinish.Text,Finish,完了,
ClientCore/frmToolsNetworkDiscovery,Tools Network Discovery Form,cmdNext.Text,Next >,次へ >,
ClientCore/frmToolsNetworkDiscovery,Tools Network Discovery Form,cmdRestart.Text,Restart Wizard,ウィザードをリスタート,
ClientCore/frmToolsNetworkDiscovery,Tools Network Discovery Form,cmdSelectAll.Text,Select All,全てを選択,
ClientCore/frmToolsNetworkDiscovery,Tools Network Discovery Form,lblDiscover.Text,How you want to discover your network?,ネットワークの検出を実行する,
ClientCore/frmToolsNetworkDiscovery,Tools Network Discovery Form,lblDomError.Text,*Error Maybe,,
ClientCore/frmToolsNetworkDiscovery,Tools Network Discovery Form,lblDomainNames.Text,Domain / Workgroup Names,ドメイン／ワークグループ名,
ClientCore/frmToolsNetworkDiscovery,Tools Network Discovery Form,lblEndIP.Text,End IP Address,終了 IP アドレス,
ClientCore/frmToolsNetworkDiscovery,Tools Network Discovery Form,lblNumPingConns.Text,Number of PING Connections: ,PING の回数:,
ClientCore/frmToolsNetworkDiscovery,Tools Network Discovery Form,lblStartIP.Text,Start IP Address,開始 IP アドレス,
ClientCore/frmToolsNetworkDiscovery,Tools Network Discovery Form,lblTitleText.Text,*Title,,
ClientCore/frmToolsNetworkDiscovery,Tools Network Discovery Form,rbIPRange.Text,Scan IP Range,IP スキャンの範囲,
ClientCore/frmToolsNetworkDiscovery,Tools Network Discovery Form,rbWinNet.Text,Scan Windows Network,Windows ネットワークをスキャン,
ClientCore/frmToolsNetworkDiscovery,Tools Network Discovery Form,tpMethod.Text,Method,方法,
ClientCore/frmToolsNetworkDiscovery,Tools Network Discovery Form,tpOptionsIPScan.Text,Options IPScan,IPスキャン オプション,
ClientCore/frmToolsNetworkDiscovery,Tools Network Discovery Form,tpOptionsWINNETScan.Text,Options WinNetScan,WinNetスキャン オプション,
ClientCore/frmToolsNetworkDiscovery,Tools Network Discovery Form,tpScanning.Text,Scanning,,
ClientCore/frmToolsPassiveSyslog,Tools Passive Syslog Form,$this.Text,Passive Syslog Receiver,,
ClientCore/frmToolsPassiveSyslog,Tools Passive Syslog Form,Category.HeaderText, ,,
ClientCore/frmToolsPassiveSyslog,Tools Passive Syslog Form,DateTime.HeaderText,Date&Time,日時,
ClientCore/frmToolsPassiveSyslog,Tools Passive Syslog Form,Facility.HeaderText,Facility,ファシリティ,
ClientCore/frmToolsPassiveSyslog,Tools Passive Syslog Form,Message.HeaderText,Logged Message,ログされたメッセージ,
ClientCore/frmToolsPassiveSyslog,Tools Passive Syslog Form,Priority.HeaderText,Priority,プライオリティ,
ClientCore/frmToolsPassiveSyslog,Tools Passive Syslog Form,Source.HeaderText,Source,ソース,
ClientCore/frmToolsPassiveSyslog,Tools Passive Syslog Form,chkMsgExpectedAfterConnect.Text,Expect this Message after Connect,接続後に受信するメッセージ,
ClientCore/frmToolsPassiveSyslog,Tools Passive Syslog Form,chkMsgSendAfterConnect.Text,Send this Message after Connect,接続後に送信するメッセージ,
ClientCore/frmToolsPassiveSyslog,Tools Passive Syslog Form,cmdCancel.Text,Cancel,キャンセル,
ClientCore/frmToolsPassiveSyslog,Tools Passive Syslog Form,cmdClose.Text,Close,閉じる,
ClientCore/frmToolsPassiveSyslog,Tools Passive Syslog Form,cmdRetrieve.Text,Retrieve Messages,メッセージ取得,
ClientCore/frmToolsPassiveSyslog,Tools Passive Syslog Form,lblMsgSep.Text,Message Separator,メッセージ セパレータ,
ClientCore/frmToolsPassiveSyslog,Tools Passive Syslog Form,lblSyslogPort.Text,Syslog Port,Syslog ポート,
ClientCore/frmToolsPassiveSyslog,Tools Passive Syslog Form,lblSyslogServer.Text,Syslog Server,Syslog サーバー,
ClientCore/frmToolsPassiveSyslog,Tools Passive Syslog Form,lblTitleText.Text,Test PassiveSyslog Service,パッシブ Syslog サービスのテスト,
ClientCore/frmToolsSendSyslog,Tools Send Syslog Form,$this.Text,Send Syslog Test Message,,
ClientCore/frmToolsSendSyslog,Tools Send Syslog Form,cbOutputEncoding.Items,ASCII,,
ClientCore/frmToolsSendSyslog,Tools Send Syslog Form,cbOutputEncoding.Items1,UTF8,,
ClientCore/frmToolsSendSyslog,Tools Send Syslog Form,cbProtocolType.Items,UDP,,
ClientCore/frmToolsSendSyslog,Tools Send Syslog Form,cbProtocolType.Items1,TCP,,
ClientCore/frmToolsSendSyslog,Tools Send Syslog Form,cbSyslogFacility.Items,Kernel,,
ClientCore/frmToolsSendSyslog,Tools Send Syslog Form,cbSyslogFacility.Items1,User,,
ClientCore/frmToolsSendSyslog,Tools Send Syslog Form,cbSyslogFacility.Items10,Local0,,
ClientCore/frmToolsSendSyslog,Tools Send Syslog Form,cbSyslogFacility.Items11,Local1,,
ClientCore/frmToolsSendSyslog,Tools Send Syslog Form,cbSyslogFacility.Items12,Local2,,
ClientCore/frmToolsSendSyslog,Tools Send Syslog Form,cbSyslogFacility.Items13,Local3,,
ClientCore/frmToolsSendSyslog,Tools Send Syslog Form,cbSyslogFacility.Items14,Local4,,
ClientCore/frmToolsSendSyslog,Tools Send Syslog Form,cbSyslogFacility.Items15,Local5,,
ClientCore/frmToolsSendSyslog,Tools Send Syslog Form,cbSyslogFacility.Items16,Local6,,
ClientCore/frmToolsSendSyslog,Tools Send Syslog Form,cbSyslogFacility.Items17,Local7,,
ClientCore/frmToolsSendSyslog,Tools Send Syslog Form,cbSyslogFacility.Items2,Mail System,,
ClientCore/frmToolsSendSyslog,Tools Send Syslog Form,cbSyslogFacility.Items3,Daemon,,
ClientCore/frmToolsSendSyslog,Tools Send Syslog Form,cbSyslogFacility.Items4,Security,,
ClientCore/frmToolsSendSyslog,Tools Send Syslog Form,cbSyslogFacility.Items5,Syslog,,
ClientCore/frmToolsSendSyslog,Tools Send Syslog Form,cbSyslogFacility.Items6,Printer,,
ClientCore/frmToolsSendSyslog,Tools Send Syslog Form,cbSyslogFacility.Items7,News,,
ClientCore/frmToolsSendSyslog,Tools Send Syslog Form,cbSyslogFacility.Items8,UUCP,,
ClientCore/frmToolsSendSyslog,Tools Send Syslog Form,cbSyslogFacility.Items9,Cron,,
ClientCore/frmToolsSendSyslog,Tools Send Syslog Form,cbSyslogPriority.Items,Emergency,,
ClientCore/frmToolsSendSyslog,Tools Send Syslog Form,cbSyslogPriority.Items1,Alert,,
ClientCore/frmToolsSendSyslog,Tools Send Syslog Form,cbSyslogPriority.Items2,Critical,,
ClientCore/frmToolsSendSyslog,Tools Send Syslog Form,cbSyslogPriority.Items3,Error,,
ClientCore/frmToolsSendSyslog,Tools Send Syslog Form,cbSyslogPriority.Items4,Warning,,
ClientCore/frmToolsSendSyslog,Tools Send Syslog Form,cbSyslogPriority.Items5,Notice,,
ClientCore/frmToolsSendSyslog,Tools Send Syslog Form,cbSyslogPriority.Items6,Information,,
ClientCore/frmToolsSendSyslog,Tools Send Syslog Form,cbSyslogPriority.Items7,Debug,,
ClientCore/frmToolsSendSyslog,Tools Send Syslog Form,chkAppendSyslogNumber.Text,Append Number to Syslog Message,Syslog メッセージに番号を追加,
ClientCore/frmToolsSendSyslog,Tools Send Syslog Form,chkEnableTls.Text,Enable SSL / TLS Encryption.,SSL/TLS通信を有効にする,JTC:Enable SSL / TLS Encryption.
ClientCore/frmToolsSendSyslog,Tools Send Syslog Form,chkSendPerLineFeed.Text,Send One Message per LineFeed,ラインフィード（LF)毎にメッセージを分けて送信,
ClientCore/frmToolsSendSyslog,Tools Send Syslog Form,cmdBrowse.Text,Browse,参照,
ClientCore/frmToolsSendSyslog,Tools Send Syslog Form,cmdBrowseCA.Text,Browse,参照,JTC:Browse
ClientCore/frmToolsSendSyslog,Tools Send Syslog Form,cmdBrowseCERT.Text,Browse,参照,JTC:Browse
ClientCore/frmToolsSendSyslog,Tools Send Syslog Form,cmdBrowseKEY.Text,Browse,参照,JTC:Browse
ClientCore/frmToolsSendSyslog,Tools Send Syslog Form,cmdCancel.Text,Cancel,キャンセル,
ClientCore/frmToolsSendSyslog,Tools Send Syslog Form,cmdClose.Text,Close,閉じる,
ClientCore/frmToolsSendSyslog,Tools Send Syslog Form,cmdSend.Text,Send,送信,
ClientCore/frmToolsSendSyslog,Tools Send Syslog Form,gbTCPRelated.Text,TCP related Options,TCP オプション,
ClientCore/frmToolsSendSyslog,Tools Send Syslog Form,gbTLSRelated.Text,TLS related Options,TLS 関連オプション,
ClientCore/frmToolsSendSyslog,Tools Send Syslog Form,lblCertificate.Text,Certificate,証明書,"JTC:Certificate: RFC8705 mutual-TLS? if so, this is a client cert."
ClientCore/frmToolsSendSyslog,Tools Send Syslog Form,lblCommonCA.Text,Common CA,共通CA,JTC:Common CA
ClientCore/frmToolsSendSyslog,Tools Send Syslog Form,lblDebugOutput.Text,Debug Output,デバッグ出力,
ClientCore/frmToolsSendSyslog,Tools Send Syslog Form,lblFileName.Text,Filename:,ファイル名:,
ClientCore/frmToolsSendSyslog,Tools Send Syslog Form,lblKey.Text,Key,鍵ファイル,"JTC:Key: RFC8705 mutual-TLS? if so, this is the private key for client cert."
ClientCore/frmToolsSendSyslog,Tools Send Syslog Form,lblMessageDelimiter.Text,Message Delimiter,メッセージ デリミタ,
ClientCore/frmToolsSendSyslog,Tools Send Syslog Form,lblMilliSeconds.Text,milliseconds,ミリ秒,
ClientCore/frmToolsSendSyslog,Tools Send Syslog Form,lblNetworkProtocol.Text,Network Protocol,プロトコル,
ClientCore/frmToolsSendSyslog,Tools Send Syslog Form,lblOutputencoding.Text,Output encoding: ,出力エンコード: ,
ClientCore/frmToolsSendSyslog,Tools Send Syslog Form,lblSleeptime.Text,Sleeptime between sending,送信の間隔,
ClientCore/frmToolsSendSyslog,Tools Send Syslog Form,lblSourceName.Text,Sourcename,ソース名,
ClientCore/frmToolsSendSyslog,Tools Send Syslog Form,lblSyslogFacility.Text,Syslog Facility,Syslog ファシリティ,
ClientCore/frmToolsSendSyslog,Tools Send Syslog Form,lblSyslogPort.Text,Syslog Port,Syslog ポート,
ClientCore/frmToolsSendSyslog,Tools Send Syslog Form,lblSyslogPriority.Text,Syslog Priority,Syslog プライオリティ,
ClientCore/frmToolsSendSyslog,Tools Send Syslog Form,lblSyslogServer.Text,Syslog Server,Syslog サーバー,
ClientCore/frmToolsSendSyslog,Tools Send Syslog Form,lblSyslogTagValue.Text,Syslog Tag Value,Syslog タグ,
ClientCore/frmToolsSendSyslog,Tools Send Syslog Form,lblTitleText.Text,Send Syslog Test Message,Syslog テストメッセージ送信,
ClientCore/frmToolsSendSyslog,Tools Send Syslog Form,lblrepeatMessage.Text,Repeat Message,送信の回数,
ClientCore/frmToolsSendSyslog,Tools Send Syslog Form,lbltimes.Text,times,回,
ClientCore/frmToolsSendSyslog,Tools Send Syslog Form,rbFromFile.Text,Load RAW Syslogdata from File,ファイルから Syslog RAW データを読み込む,
ClientCore/frmToolsSendSyslog,Tools Send Syslog Form,rbUseFromTextBox.Text,Configure Syslog message with these properties,Syslogメッセージにプロパティを設定,
ClientCore/frmToolsSendSyslog,Tools Send Syslog Form,tpConnection.Text,Connection properties,接続に関する設定,
ClientCore/frmToolsSendSyslog,Tools Send Syslog Form,tpMessage.Text,Message properties,メッセージの設定,
ClientCore/frmWaiting,Waiting Form,$this.Text,Configuration Client is working ...,,
ClientCore/frmWaiting,Waiting Form,lblTitle.Text,Configuration Client is working ... please wait,設定クライアントを起動しています ... しばらくお待ちください,
ClientCore/ucEventDetails,uc Event Details,lblEventID.Text,EventID:,イベントID,
ClientCore/ucEventDetails,uc Event Details,lblKeywords.Text,Keywords:,キーワード,
ClientCore/ucEventDetails,uc Event Details,lblLevel.Text,Level:,レベル,
ClientCore/ucEventDetails,uc Event Details,lblLogged.Text,Logged:,ログ,
ClientCore/ucEventDetails,uc Event Details,lblSource.Text,Source:,ソース,
ClientCore/ucEventDetails,uc Event Details,lblTaskCategory.Text,Task Category:,タスク カテゴリ,
ClientCore/ucEventDetails,uc Event Details,lblUser.Text,User:,ユーザー,
ClientCore/ucEventDetails,uc Event Details,tpGeneral.Text,General,イベント 詳細,
ClientCore/xml.languagefiles/Action.CallRuleSet,Call Rule Set Action,szRuleSet,RuleSet to process,処理を実行するルールセット,
ClientCore/xml.languagefiles/Action.ComputeStatusVariable,Compute Status Variable Action,lblDecrement,Decrement Value (-),値を減少 (-),
ClientCore/xml.languagefiles/Action.ComputeStatusVariable,Compute Status Variable Action,lblIncrement,Increment Value (+),値を増加 (+),
ClientCore/xml.languagefiles/Action.ComputeStatusVariable,Compute Status Variable Action,nChangeVal,Operation value,オペレーション値,
ClientCore/xml.languagefiles/Action.ComputeStatusVariable,Compute Status Variable Action,szOperationType,Operation type,オペレーションタイプ,
ClientCore/xml.languagefiles/Action.ComputeStatusVariable,Compute Status Variable Action,szStatusVar,Status variable,ステータス変数,
ClientCore/xml.languagefiles/Action.ControlNTService,Control NT Service Action,lbl_nAction1,Start,開始,
ClientCore/xml.languagefiles/Action.ControlNTService,Control NT Service Action,lbl_nAction2,Stop,停止,
ClientCore/xml.languagefiles/Action.ControlNTService,Control NT Service Action,lbl_nAction3,Restart,再起動,
ClientCore/xml.languagefiles/Action.ControlNTService,Control NT Service Action,lbl_nAction4,Pause,ポーズ,
ClientCore/xml.languagefiles/Action.ControlNTService,Control NT Service Action,lbl_nAction5,Unpause,ポーズ解除,
ClientCore/xml.languagefiles/Action.ControlNTService,Control NT Service Action,nAction,Action to perform,実行させるアクション,
ClientCore/xml.languagefiles/Action.ControlNTService,Control NT Service Action,szServiceName,Service Name,サービス名,
ClientCore/xml.languagefiles/Action.DatabaseOdbc,Database Odbc Action,btnszODBCDsn,Configure DSN,DSNの設定,
ClientCore/xml.languagefiles/Action.DatabaseOdbc,Database Odbc Action,datafields,Datafields,データ フィールド,
ClientCore/xml.languagefiles/Action.DatabaseOdbc,Database Odbc Action,nEmptyStringsAsNull,Insert NULLValue if string is empty,空白の場合は NULL値 を挿入,
ClientCore/xml.languagefiles/Action.DatabaseOdbc,Database Odbc Action,nFieldType_,Fieldtype,フィールドタイプ,
ClientCore/xml.languagefiles/Action.DatabaseOdbc,Database Odbc Action,nMaxValueLength,Maximum value length (Bytes):,最大値(バイト単位):,
ClientCore/xml.languagefiles/Action.DatabaseOdbc,Database Odbc Action,nODBCEnCryption,Enable Password encryption,パスワードの暗号化,
ClientCore/xml.languagefiles/Action.DatabaseOdbc,Database Odbc Action,nPropertiesTable,Enable Detail Property Logging,詳細なプロパティログを有効にする,
ClientCore/xml.languagefiles/Action.DatabaseOdbc,Database Odbc Action,nSQLConnectionTimeOut,SQL Connection Timeout,SQL 接続のタイムアウト,
ClientCore/xml.languagefiles/Action.DatabaseOdbc,Database Odbc Action,nSQLStatementType,Statement Type,ステートメント タイプ,
ClientCore/xml.languagefiles/Action.DatabaseOdbc,Database Odbc Action,szDateTimeLT,DateTime Localtime,datetime（ローカルタイム）,
ClientCore/xml.languagefiles/Action.DatabaseOdbc,Database Odbc Action,szDateTimeUTC,DateTime UTC,datetime（UTC）,
ClientCore/xml.languagefiles/Action.DatabaseOdbc,Database Odbc Action,szFieldContent_,Fieldcontent,フィールド コンテンツ,
ClientCore/xml.languagefiles/Action.DatabaseOdbc,Database Odbc Action,szFieldName_,Fieldname,フィールド 名,
ClientCore/xml.languagefiles/Action.DatabaseOdbc,Database Odbc Action,szInsertStatement,INSERT,挿入,
ClientCore/xml.languagefiles/Action.DatabaseOdbc,Database Odbc Action,szInt,int,int,
ClientCore/xml.languagefiles/Action.DatabaseOdbc,Database Odbc Action,szODBCDsn,DSN,DSN,
ClientCore/xml.languagefiles/Action.DatabaseOdbc,Database Odbc Action,szODBCPwd,Password,パスワード,
ClientCore/xml.languagefiles/Action.DatabaseOdbc,Database Odbc Action,szODBCUid,User-ID,ユーザーID,
ClientCore/xml.languagefiles/Action.DatabaseOdbc,Database Odbc Action,szPropertiesTableName,Detaildata Tablename,詳細データ テーブル名,
ClientCore/xml.languagefiles/Action.DatabaseOdbc,Database Odbc Action,szSQLConnectionOptions,Connection Options,接続オプション,
ClientCore/xml.languagefiles/Action.DatabaseOdbc,Database Odbc Action,szSQLOptions,SQL Options,SQL オプション,
ClientCore/xml.languagefiles/Action.DatabaseOdbc,Database Odbc Action,szStoredProcedure,CALL (MSSQLStored Procedure),CALL (MSSQLストアドプロシージャ),
ClientCore/xml.languagefiles/Action.DatabaseOdbc,Database Odbc Action,szTableName,Table Name,テーブル名,
ClientCore/xml.languagefiles/Action.DatabaseOdbc,Database Odbc Action,szText,text,text,
ClientCore/xml.languagefiles/Action.DatabaseOdbc,Database Odbc Action,szVarChar,varchar,varchar,
ClientCore/xml.languagefiles/Action.DatabaseOledb,Database Oledb Action,datafields,Datafields,データ フィールド,
ClientCore/xml.languagefiles/Action.DatabaseOledb,Database Oledb Action,nFieldType_,Fieldtype,フィールド タイプ,
ClientCore/xml.languagefiles/Action.DatabaseOledb,Database Oledb Action,nMaxValueLength,Maximum value length (Bytes):,最大値 (バイト単位):,
ClientCore/xml.languagefiles/Action.DatabaseOledb,Database Oledb Action,nOleDbEnCryption,Encrypt password,暗号化パスワード,
ClientCore/xml.languagefiles/Action.DatabaseOledb,Database Oledb Action,nPropertiesTable,Enable Detail Property Logging,詳細なプロパティログを有効にする,
ClientCore/xml.languagefiles/Action.DatabaseOledb,Database Oledb Action,nSQLConnectionTimeOut,SQL Connection Timeout,SQL 接続のタイムアウト,
ClientCore/xml.languagefiles/Action.DatabaseOledb,Database Oledb Action,nSQLStatementType,Statement Type,ステートメント タイプ,
ClientCore/xml.languagefiles/Action.DatabaseOledb,Database Oledb Action,szConnectionString,Configure OLEDB Connection,OLEDB 接続の設定,
ClientCore/xml.languagefiles/Action.DatabaseOledb,Database Oledb Action,szDataCatalog,Data Catalog,データカタログ,
ClientCore/xml.languagefiles/Action.DatabaseOledb,Database Oledb Action,szDataSource,Data Source,データソース,
ClientCore/xml.languagefiles/Action.DatabaseOledb,Database Oledb Action,szDateTimeLT,DateTime Localtime,datetime（ローカルタイム）,
ClientCore/xml.languagefiles/Action.DatabaseOledb,Database Oledb Action,szDateTimeUTC,DateTime UTC,datetime（UTC）,
ClientCore/xml.languagefiles/Action.DatabaseOledb,Database Oledb Action,szFieldContent_,Fieldcontent,フィールド コンテンツ,
ClientCore/xml.languagefiles/Action.DatabaseOledb,Database Oledb Action,szFieldName_,Fieldname,フィールド 名,
ClientCore/xml.languagefiles/Action.DatabaseOledb,Database Oledb Action,szInsertStatement,INSERT,挿入,
ClientCore/xml.languagefiles/Action.DatabaseOledb,Database Oledb Action,szInt,int,int,
ClientCore/xml.languagefiles/Action.DatabaseOledb,Database Oledb Action,szLocation,Location,ロケーション,
ClientCore/xml.languagefiles/Action.DatabaseOledb,Database Oledb Action,szPassword,Password,パスワード,
ClientCore/xml.languagefiles/Action.DatabaseOledb,Database Oledb Action,szPropertiesTableName,Detaildata Tablename,詳細データ テーブル名,
ClientCore/xml.languagefiles/Action.DatabaseOledb,Database Oledb Action,szProvider,Provider,プロバイダ,
ClientCore/xml.languagefiles/Action.DatabaseOledb,Database Oledb Action,szSQLConnectionOptions,Connection Options,接続オプション,
ClientCore/xml.languagefiles/Action.DatabaseOledb,Database Oledb Action,szSQLOptions,SQL Options,SQL オプション,
ClientCore/xml.languagefiles/Action.DatabaseOledb,Database Oledb Action,szStoredProcedure,CALL (MSSQLStored Procedure),CALL (MSSQLストアドプロシージャ),
ClientCore/xml.languagefiles/Action.DatabaseOledb,Database Oledb Action,szTableName,Table Name,テーブル名,
ClientCore/xml.languagefiles/Action.DatabaseOledb,Database Oledb Action,szText,text,テキスト,
ClientCore/xml.languagefiles/Action.DatabaseOledb,Database Oledb Action,szUsername,Username,ユーザー名,
ClientCore/xml.languagefiles/Action.DatabaseOledb,Database Oledb Action,szVarChar,varchar,varchar,
ClientCore/xml.languagefiles/Action.EventLog,Event Log Action,bUseCustomEventLog,Enable custom Eventlog Channel,カスタムイベントログチャンネルを有効にする,
ClientCore/xml.languagefiles/Action.EventLog,Event Log Action,lbl_EventLogSource_Replace,Replace Event Log Source,イベントログのソース名を変更,
ClientCore/xml.languagefiles/Action.EventLog,Event Log Action,lbl_EventLogSource_Service,Use logsource from service,ソースにサービス名を使用,
ClientCore/xml.languagefiles/Action.EventLog,Event Log Action,nEventID,Event ID,イベントID,
ClientCore/xml.languagefiles/Action.EventLog,Event Log Action,nEventType,Use Custom Eventlog Type,カスタムイベントログタイプを使用,
ClientCore/xml.languagefiles/Action.EventLog,Event Log Action,szCustomEventLog,Custom Eventlog Channel,カスタムイベントログチャンネル,
ClientCore/xml.languagefiles/Action.EventLog,Event Log Action,szCustomSource,Custom Eventlog Source,カスタムイベントログ ソース,
ClientCore/xml.languagefiles/Action.EventLog,Event Log Action,szMessagecontent,Message to log,出力メッセージ,
ClientCore/xml.languagefiles/Action.File,File Action,nCircularLogging,Use Circular Logging,ローテーションの設定,JTC:Not modified NOTE:For what are these words used?
ClientCore/xml.languagefiles/Action.File,File Action,nCleanFileHandlesTimeout,Timeout until unused file handles are closed,未使用のファイルハンドルが閉じられるまでのタイムアウト,
ClientCore/xml.languagefiles/Action.File,File Action,nEnablePropertyFileName,Enable Property replacements in Filename,ファイル名にプロパティ（変数）を使用,
ClientCore/xml.languagefiles/Action.File,File Action,nEnableUpdateFileTime,Explicitly update create and modified file timestamp,ファイルの作成日時/更新日時を明示的に更新,
ClientCore/xml.languagefiles/Action.File,File Action,nFileDateTime,Include Date and Time,日付と時間（受信日時）を出力,"JTC:Modified to more proper words from previous ""日付と時間を出力"""
ClientCore/xml.languagefiles/Action.File,File Action,nFileDateTimeReported,Include Date and Time reported by Device,日付と時間（デバイス側の日時）を出力,"JTC:Modified to more proper words from previous ""日付と時間（デバイスのタイムスタンプ）を出力"""
ClientCore/xml.languagefiles/Action.File,File Action,nFileFacility,Include Syslog Facility,Syslog ファシリティを出力,
ClientCore/xml.languagefiles/Action.File,File Action,nFileFormat,File format,ファイルフォーマット,
ClientCore/xml.languagefiles/Action.File,File Action,nFilePriority,Include Syslog Priority,Syslog プライオリティを出力,
ClientCore/xml.languagefiles/Action.File,File Action,nFileSource,Include Source,ソースを出力,
ClientCore/xml.languagefiles/Action.File,File Action,nIncludeMessage,Include Message,メッセージを出力,
ClientCore/xml.languagefiles/Action.File,File Action,nIncludeRAWMessage,Include RAW Message,RAWメッセージを出力,
ClientCore/xml.languagefiles/Action.File,File Action,nIncludeSourceInFilename,Include Source in Filename,ファイル名にソースを出力,
ClientCore/xml.languagefiles/Action.File,File Action,nLogDoNotRotateOnShutdown,Do not rotate files on shutdown ,シャットダウン時にローテーションしない,JTC:Do not rotate files on shutdown
ClientCore/xml.languagefiles/Action.File,File Action,nLogEnableRotate,Enable Log Rotation,ログローテーションを有効にする,JTC:Enable Log Rotation
ClientCore/xml.languagefiles/Action.File,File Action,nLogEnableRotateTimeOfTheDay,Enable rotation by time of the day,曜日毎に指定時刻でローテーションする,JTC:Enable rotation by time of the day
ClientCore/xml.languagefiles/Action.File,File Action,nLogEnableRotateTimeout,Enable time based rotation,時間基準のローテーション,JTC:Enable time based rotation
ClientCore/xml.languagefiles/Action.File,File Action,nLogMoveAfterRotate,Move file after log rotation,ローテーション後にファイルを移動,JTC:Move file after log rotation
ClientCore/xml.languagefiles/Action.File,File Action,nLogRotateMaxFiles,Maximum number of rotated logfiles to keep,ローテーションで保持するファイル数,JTC:Maximum number of rotated logfiles to keep
ClientCore/xml.languagefiles/Action.File,File Action,nLogRotateMaxWait,Max wait time for log rotation,ローテーション動作の待ち時間,JTC:Max waittime for log rotation
ClientCore/xml.languagefiles/Action.File,File Action,nLogRotateOnClose,Rotate each time a file is closed,ファイルがクローズする毎にローテーション,JTC:Rotate each time a file is closed
ClientCore/xml.languagefiles/Action.File,File Action,nLogRotateOnSizeLimit,Rotate if this file size limit is being reached: ,指定ファイルサイズでローテーションする,JTC:Rotate if this filesize limit is being reached:
ClientCore/xml.languagefiles/Action.File,File Action,nLogRotateSizeLimit,File size limit (KB),ファイルサイズの最大値(KB),JTC:Filesize limit (KB)
ClientCore/xml.languagefiles/Action.File,File Action,nLogRotateTimeOfTheDay,Rotate files at this time (hour:minute),時刻でローテーション(時:分),JTC:Rotate files at this time  (hour:minute)
ClientCore/xml.languagefiles/Action.File,File Action,nLogRotateTimeOfTheDayFriday,Friday,金曜日,JTC:Friday
ClientCore/xml.languagefiles/Action.File,File Action,nLogRotateTimeOfTheDayMonday,Monday,月曜日,JTC:Monday
ClientCore/xml.languagefiles/Action.File,File Action,nLogRotateTimeOfTheDaySaturday,Saturday,土曜日,JTC:Saturday
ClientCore/xml.languagefiles/Action.File,File Action,nLogRotateTimeOfTheDaySunday,Sunday,日曜日,JTC:Sunday
ClientCore/xml.languagefiles/Action.File,File Action,nLogRotateTimeOfTheDayThusday,Thursday,木曜日,JTC:Thusday
ClientCore/xml.languagefiles/Action.File,File Action,nLogRotateTimeOfTheDayTuesday,Tuesday,火曜日,JTC:Tuesday
ClientCore/xml.languagefiles/Action.File,File Action,nLogRotateTimeOfTheDayWednesday,Wednesday,水曜日,JTC:Wednesday
ClientCore/xml.languagefiles/Action.File,File Action,nLogRotateTimeout,Rotate logfiles older than:,指定値より古いログファイルをローテーション,JTC:Rotate logfiles older than:
ClientCore/xml.languagefiles/Action.File,File Action,nLogZipAfterRotate,Compress file after log rotation,ログローテーション後に圧縮する,JTC:Compress file after log rotation
ClientCore/xml.languagefiles/Action.File,File Action,nLogZipAfterRotateFormat,Compression Format,圧縮フォーマット,JTC:Compression Format
ClientCore/xml.languagefiles/Action.File,File Action,nLogZipCompressionLevel,Compression Level,圧縮レベル,JTC:Compression Level
ClientCore/xml.languagefiles/Action.File,File Action,nMaxFileSize,Maximum file size (KB),ファイルサイズの最大値 (KB),
ClientCore/xml.languagefiles/Action.File,File Action,nNumberOfLogfiles,Number of Logfiles,ログファイルの数,
ClientCore/xml.languagefiles/Action.File,File Action,nReUseFile,Clear logfile instead of deleting (File will be reused),ログファイルのデータを消去 (ファイル自体は削除されません),
ClientCore/xml.languagefiles/Action.File,File Action,nSegmentFileBySize,Segment file size (KB),ファイル分割サイズ (KB),
ClientCore/xml.languagefiles/Action.File,File Action,nSegmentFileEnable,Segment files when the following file size is reached (KB),設定値 (KB) でファイルを分割,"JTC:Modified From previous ""設定値（KB)でファイルを分割"""
ClientCore/xml.languagefiles/Action.File,File Action,nUniqueFileName,Create unique filenames,ファイル名に日付を出力,
ClientCore/xml.languagefiles/Action.File,File Action,nUseUTCForTimestamps,Use UTC for Timestamps,タイムスタンプにUTCを使用,
ClientCore/xml.languagefiles/Action.File,File Action,nUseUTCInFileName,Use UTC in Filename,ファイル名にUTCを使用,
ClientCore/xml.languagefiles/Action.File,File Action,nUseXMLtoReport,Use XML to Report,メッセージにXMLを出力,
ClientCore/xml.languagefiles/Action.File,File Action,szCircularDisabled,Continuous Logging,循環ロギングを無効にする,"JTC:Modified to more proper words from previous ""ローテーションを無効にする"""
ClientCore/xml.languagefiles/Action.File,File Action,szCircularEnabled,Circular Logging,循環ロギングを有効にする,"JTC:Modified to more proper words from previous ""ローテーションを有効にする"""
ClientCore/xml.languagefiles/Action.File,File Action,szFileBaseName,File Base Name,ファイルベース名,
ClientCore/xml.languagefiles/Action.File,File Action,szFileExtension,File Extension,ファイル拡張子,
ClientCore/xml.languagefiles/Action.File,File Action,szFileFormatAdiscon,Adiscon,Adisconフォーマット,JTC:Adiscon
ClientCore/xml.languagefiles/Action.File,File Action,szFileFormatCustom,Custom format,カスタムフォーマット,
ClientCore/xml.languagefiles/Action.File,File Action,szFileFormatRaw,Raw Syslog message,Raw Syslog メッセージ,
ClientCore/xml.languagefiles/Action.File,File Action,szFileFormatWebtrends,Webtrends syslog compatible,Webtrends syslog 互換,
ClientCore/xml.languagefiles/Action.File,File Action,szFileHandlingOptions,File Handling Options,ファイル処理オプション,JTC:File Handling Options
ClientCore/xml.languagefiles/Action.File,File Action,szFileNameOptions,Filename related options,ファイル名に関するオプション,
ClientCore/xml.languagefiles/Action.File,File Action,szFilePath,File Path Name,ファイルパス,
ClientCore/xml.languagefiles/Action.File,File Action,szFilenamePreview,Filename Preview,ファイル名プレビュー,
ClientCore/xml.languagefiles/Action.File,File Action,szFilenamePreviewLegendBase,Base Name,ベース名,
ClientCore/xml.languagefiles/Action.File,File Action,szFilenamePreviewLegendDate,Source / Date (Dynamic),ソース / 日付 (動的),
ClientCore/xml.languagefiles/Action.File,File Action,szFilenamePreviewLegendExt,Extension,拡張子,
ClientCore/xml.languagefiles/Action.File,File Action,szFilenamePreviewLegendPath,File Path,ファイルパス,
ClientCore/xml.languagefiles/Action.File,File Action,szFilenamePreviewLegendSegment,Segment # (Dynamic),セグメント # (動的),
ClientCore/xml.languagefiles/Action.File,File Action,szFilenamePreviewLegendTime,Time (Dynamic): HH-MM-SS,時刻 (動的): HH-MM-SS,
ClientCore/xml.languagefiles/Action.File,File Action,szGeneralOptions,General file options,ファイル 全体オプション,
ClientCore/xml.languagefiles/Action.File,File Action,szLineFormat,Custom Line Format,出力メッセージ,
ClientCore/xml.languagefiles/Action.File,File Action,szLogMoveAfterRotatePath,Target directory,移動先ディレクトリ,JTC:Target directory
ClientCore/xml.languagefiles/Action.File,File Action,szLogPostProcessing,Post Processing,ログローテーション,"JTC:Post Processing NOTE: The translated Japanese words mean ""Log Rotation"""
ClientCore/xml.languagefiles/Action.File,File Action,szLogRotateDisableUniqueFilenameMessage,"Log rotation automatically manages file names when rotating.

Example with log rotation:
  application.log   → current file
  application.log.1  → previous file (rotated)
  application.log.2  → older file (rotated)

'Create unique filenames' adds timestamps (e.g. app_2024-01-15.log) to avoid overwriting. Log rotation already handles this by appending numeric suffixes. Having both enabled is redundant.

Would you like to disable 'Create unique filenames'?","ログローテーションはローテーション時にファイル名を自動的に管理します。

ログローテーションの例：

application.log   → 現在のログファイル  
application.log.1 → 1世代前のログファイル（ローテーション済み）  
application.log.2 → さらに古いログファイル（ローテーション済み）

一方、「ファイル名に日付を出力」を有効にすると、ログファイル名にタイムスタンプが付与されます（例：app_2024-01-15.log）。

ログローテーションは数値サフィックスによりファイル世代を管理するため、
「ファイル名に日付を出力」と併用すると動作が重複し、ログローテーションが正しく機能しません。

そのため、ログローテーション機能を使用する場合は
「ファイル名に日付を出力」を無効にすることを推奨します。

「ファイル名に日付を出力」を無効にしますか？",JTC:Log rotation automatically manages file names when rotating. Example and explanation of redundancy with 'Create unique filenames'.
ClientCore/xml.languagefiles/Action.File,File Action,szLogRotateDisableUniqueFilenameTitle,Log Rotation,ログローテーション,JTC:Log Rotation
ClientCore/xml.languagefiles/Action.File,File Action,szLogZipGzip,GZIP (.gz) Compression,GZIP(.gz)圧縮,JTC:GZIP (.gz) Compression
ClientCore/xml.languagefiles/Action.File,File Action,szLogZipZip,ZIP (.zip) Compression,ZIP(.zip)圧縮,ZIP (.zip) Compression
ClientCore/xml.languagefiles/Action.File,File Action,szRotateConditions,Rotate Conditions,ローテーションの条件,JTC:Rotate Conditions
ClientCore/xml.languagefiles/Action.File,File Action,szRotatePostProcessing,Rotate PostProcessing,ローテーション後の処理,JTC:Rotate PostProcessing
ClientCore/xml.languagefiles/Action.HTTPRequest,HTTP Request Action,bUseTLS,Use TLS/SSL Encryption,TLS/SSL暗号化を使用,
ClientCore/xml.languagefiles/Action.HTTPRequest,HTTP Request Action,nPort,HTTP Port,HTTP ポート,
ClientCore/xml.languagefiles/Action.HTTPRequest,HTTP Request Action,szConfigUrlPreview,URL Preview,URL プレビュー,
ClientCore/xml.languagefiles/Action.HTTPRequest,HTTP Request Action,szHost,Host,ホスト,
ClientCore/xml.languagefiles/Action.HTTPRequest,HTTP Request Action,szReferer,Referer,リンク元,
ClientCore/xml.languagefiles/Action.HTTPRequest,HTTP Request Action,szUrl,Url & Querystring,URL & クエリ文字列,
ClientCore/xml.languagefiles/Action.HTTPRequest,HTTP Request Action,szUserAgent,User Agent (Browser),ユーザー エージェント (ブラウザ),
ClientCore/xml.languagefiles/Action.LogNorm,Log Norm Action,nOutputFormat,Lognorm Output Format,Lognorm 出力フォーマット,
ClientCore/xml.languagefiles/Action.LogNorm,Log Norm Action,szMessage,Normalize Parameter,正規化するパラメーター,
ClientCore/xml.languagefiles/Action.LogNorm,Log Norm Action,szOutputFormat_CSV,CSV Format,CSV フォーマット,
ClientCore/xml.languagefiles/Action.LogNorm,Log Norm Action,szOutputFormat_Disabled,Disabled,無効,
ClientCore/xml.languagefiles/Action.LogNorm,Log Norm Action,szOutputFormat_JSON,JSON Format,JSON フォーマット,
ClientCore/xml.languagefiles/Action.LogNorm,Log Norm Action,szOutputFormat_XML,XML Format,XML フォーマット,
ClientCore/xml.languagefiles/Action.LogNorm,Log Norm Action,szOutputProperty,Output Property,出力プロパティ,
ClientCore/xml.languagefiles/Action.LogNorm,Log Norm Action,szRulebase,Select Rulebase File,ルールベース ファイルの選択,
ClientCore/xml.languagefiles/Action.Mail,Mail Action,nEnableBackupServer,"Enable Backup Server, used if first Mailserver fails",メインのメールサーバーに接続できない時、次のサーバーを使用,
ClientCore/xml.languagefiles/Action.Mail,Mail Action,nIncludeMessage,Include message / event in email body,メール本文にメッセージ／イベントを出力,
ClientCore/xml.languagefiles/Action.Mail,Mail Action,nMailPriority,Mail Priority,メールの優先度,
ClientCore/xml.languagefiles/Action.Mail,Mail Action,nSMTPPort,Mailserver port,ポート番号,
ClientCore/xml.languagefiles/Action.Mail,Mail Action,nSMTPPortBackup,Backup Mailserver port,バックアップのポート番号,
ClientCore/xml.languagefiles/Action.Mail,Mail Action,nTimeoutValue,Session Timeout,セッションタイムアウト,
ClientCore/xml.languagefiles/Action.Mail,Mail Action,nUseLegacySubjectProcessing,Use legacy subject line processing,メールタイトル（subject）にレガシーの変数を使用,
ClientCore/xml.languagefiles/Action.Mail,Mail Action,nUseSMTPAuth,Use SMTP Authentication,SMTP 認証を使用,
ClientCore/xml.languagefiles/Action.Mail,Mail Action,nUseSSL,Use a secure connection (SSL) to the mail server,メールサーバーにSSLで接続する,
ClientCore/xml.languagefiles/Action.Mail,Mail Action,nUseStartTLSMethod,Use STARTTLS SMTP Extension,STARTTLS SMTP Extension を使用,
ClientCore/xml.languagefiles/Action.Mail,Mail Action,nUseUTCTimeStamp,Use UTC Time in Date-Header,日付ヘッダにUTCを使用,
ClientCore/xml.languagefiles/Action.Mail,Mail Action,nUseXMLtoReport,Use XML to Report,メッセージにXMLを出力,
ClientCore/xml.languagefiles/Action.Mail,Mail Action,szPriorityLow,Low Priority,低,
ClientCore/xml.languagefiles/Action.Mail,Mail Action,szPriorityNormal,Normal Priority,中,
ClientCore/xml.languagefiles/Action.Mail,Mail Action,szPriorityhigh,High Priority,高,
ClientCore/xml.languagefiles/Action.Mail,Mail Action,szSMTPBody,Mail Message Format,メール本文,
ClientCore/xml.languagefiles/Action.Mail,Mail Action,szSMTPPassword,SMTP Password,SMTP パスワード,
ClientCore/xml.languagefiles/Action.Mail,Mail Action,szSMTPRecipient,Recipient Emailaddress,メール送信先,
ClientCore/xml.languagefiles/Action.Mail,Mail Action,szSMTPSender,Sender Emailaddress,メール送信元,
ClientCore/xml.languagefiles/Action.Mail,Mail Action,szSMTPServer,Mailserver,メールサーバー,
ClientCore/xml.languagefiles/Action.Mail,Mail Action,szSMTPServerBackup,Backup Mailserver,バックアップサーバー,
ClientCore/xml.languagefiles/Action.Mail,Mail Action,szSMTPSubject,Subject,メールタイトル,
ClientCore/xml.languagefiles/Action.Mail,Mail Action,szSMTPUsername,SMTP Username,SMTP ユーザー名,
ClientCore/xml.languagefiles/Action.Mail,Mail Action,szTabMailFormatOptions,Mail Format Options,メールフォーマット オプション,
ClientCore/xml.languagefiles/Action.Mail,Mail Action,szTabMailServerOptions,Mail Server Options,メールサーバー オプション,
ClientCore/xml.languagefiles/Action.NetSend,Net Send Action,szMessage,Message to send,送信メッセージ,
ClientCore/xml.languagefiles/Action.NetSend,Net Send Action,szTarget,Target Machine,ターゲット,
ClientCore/xml.languagefiles/Action.PlaySound,Play Sound Action,nCount,Playcount (How often the file is played),ファイルの再生回数,
ClientCore/xml.languagefiles/Action.PlaySound,Play Sound Action,nDelay,Delay between the sound plays (ms),再生の間隔（ミリ秒）,
ClientCore/xml.languagefiles/Action.PlaySound,Play Sound Action,szFilename,Filename of the soundfile,サウンドファイル名,
ClientCore/xml.languagefiles/Action.PostProcessing,Post Processing Action,nSyntax_,Type,タイプ,
ClientCore/xml.languagefiles/Action.PostProcessing,Post Processing Action,propertylist,Property List,プロパティ リスト,
ClientCore/xml.languagefiles/Action.PostProcessing,Post Processing Action,szCharMatch,Character Match,Character Match,
ClientCore/xml.languagefiles/Action.PostProcessing,Post Processing Action,szConfigPostProcessPreview,Message Preview of your rules,メッセージのプレビュー,
ClientCore/xml.languagefiles/Action.PostProcessing,Post Processing Action,szIPv4,IP V4 Address,IP V4 Address,
ClientCore/xml.languagefiles/Action.PostProcessing,Post Processing Action,szInteger,Integer,Integer,
ClientCore/xml.languagefiles/Action.PostProcessing,Post Processing Action,szIsoTimestamp,ISO-like Timestamp,ISO-like Timestamp,
ClientCore/xml.languagefiles/Action.PostProcessing,Post Processing Action,szParsValue_,Value,値,
ClientCore/xml.languagefiles/Action.PostProcessing,Post Processing Action,szProperty_,Property Name,プロパティ名,
ClientCore/xml.languagefiles/Action.PostProcessing,Post Processing Action,szROM,Rest of Message,Rest of Message,
ClientCore/xml.languagefiles/Action.PostProcessing,Post Processing Action,szUnixTimestamp,UNIX/LINUX-like Timestamp,UNIX/LINUX-like Timestamp,
ClientCore/xml.languagefiles/Action.PostProcessing,Post Processing Action,szUpTo,UpTo,UpTo,
ClientCore/xml.languagefiles/Action.PostProcessing,Post Processing Action,szWord,Single Word,Single Word,
ClientCore/xml.languagefiles/Action.ResolveHostname,Resolve Hostname Action,nCacheNameEntry,Cache resolved host entry,名前解決されたホストをキャッシュに入れる,
ClientCore/xml.languagefiles/Action.ResolveHostname,Resolve Hostname Action,nResolveIfName,Also resolve name if the source property is already a name,既にソースプロパティに名前が入っている場合、完全な名前解決（FQDN）を行う,
ClientCore/xml.languagefiles/Action.ResolveHostname,Resolve Hostname Action,szDestinationPropertyName,Destination Property in which the resolved name will be saved to,名前解決の保存先プロパティ,
ClientCore/xml.languagefiles/Action.ResolveHostname,Resolve Hostname Action,szSourcePropertyName,Select Source Property from which the name will be resolved,名前解決するソースプロパティを選択,
ClientCore/xml.languagefiles/Action.SendComPort,Send Com Port Action,nBps,Bits per second,1秒当たりのビット数,
ClientCore/xml.languagefiles/Action.SendComPort,Send Com Port Action,nDatabits,Data bits,データビット,
ClientCore/xml.languagefiles/Action.SendComPort,Send Com Port Action,nDtsControl,DTR Control Flow,DTRフロー制御,
ClientCore/xml.languagefiles/Action.SendComPort,Send Com Port Action,nParity,Parity,パリティ,
ClientCore/xml.languagefiles/Action.SendComPort,Send Com Port Action,nRtsControl,RTS Control Flow,RTSフロー制御,
ClientCore/xml.languagefiles/Action.SendComPort,Send Com Port Action,nStopbits,Stop bits,ストップビット,
ClientCore/xml.languagefiles/Action.SendComPort,Send Com Port Action,nTimeOutLimit,Timeout Limit,タイムアウトの設定,
ClientCore/xml.languagefiles/Action.SendComPort,Send Com Port Action,szDtsControlDisable,DTR Control Disable,DTR制御 無効,
ClientCore/xml.languagefiles/Action.SendComPort,Send Com Port Action,szDtsControlEnable,DTR Control Enable,DTR制御 有効,
ClientCore/xml.languagefiles/Action.SendComPort,Send Com Port Action,szDtsControlHandshake,DTR Control Handshake,DTR制御 ハンドシェイク,
ClientCore/xml.languagefiles/Action.SendComPort,Send Com Port Action,szEvenParity,Even Parity,偶数パリティ,
ClientCore/xml.languagefiles/Action.SendComPort,Send Com Port Action,szMarkParity,Mark Parity,マークパリティ,
ClientCore/xml.languagefiles/Action.SendComPort,Send Com Port Action,szMessage,Message to send,送信メッセージ,
ClientCore/xml.languagefiles/Action.SendComPort,Send Com Port Action,szNoParity,No Parity,パリティなし,
ClientCore/xml.languagefiles/Action.SendComPort,Send Com Port Action,szOddParity,Odd Parity,奇数パリティ,
ClientCore/xml.languagefiles/Action.SendComPort,Send Com Port Action,szOne5StopBits,"1,5 Stop bit",1.5 Stop bit,
ClientCore/xml.languagefiles/Action.SendComPort,Send Com Port Action,szOneStopBit,1 Stop bit,1 Stop bit,
ClientCore/xml.languagefiles/Action.SendComPort,Send Com Port Action,szPortName,Send message to this communication port,メッセージの送信ポート,
ClientCore/xml.languagefiles/Action.SendComPort,Send Com Port Action,szPortSettings,Port Settings,ポート設定,
ClientCore/xml.languagefiles/Action.SendComPort,Send Com Port Action,szRtsControlDisable,RTS Control Disable,RTS制御 無効,
ClientCore/xml.languagefiles/Action.SendComPort,Send Com Port Action,szRtsControlEnable,RTS Control Enable,RTS制御 有効,
ClientCore/xml.languagefiles/Action.SendComPort,Send Com Port Action,szRtsControlHandshake,RTS Control Handshake,RTS制御 ハンドシェイク,
ClientCore/xml.languagefiles/Action.SendComPort,Send Com Port Action,szRtsControlToggle,RTS Control Toggle,RTS制御 トグル,
ClientCore/xml.languagefiles/Action.SendComPort,Send Com Port Action,szSpaceParity,Space Parity,スペースパリティ,
ClientCore/xml.languagefiles/Action.SendComPort,Send Com Port Action,szTwoStopBits,2 Stop bits,2 Stop bits,
ClientCore/xml.languagefiles/Action.SendDTLS,Send DTLS Action,nDTLSSendPort,DTLS Port,DTLS ポート,
ClientCore/xml.languagefiles/Action.SendDTLS,Send DTLS Action,nSendTimeOut,Send /Receive Timeout,送信/受信 タイムアウト,
ClientCore/xml.languagefiles/Action.SendDTLS,Send DTLS Action,nTimeOutSession,Session Timeout,セッションタイムアウト,
ClientCore/xml.languagefiles/Action.SendDTLS,Send DTLS Action,nUseSSL,Enable SSL / TLS Encryption.,SSL/TLSを使用,
ClientCore/xml.languagefiles/Action.SendDTLS,Send DTLS Action,szDTLSServer,DTLS Servername,DTLS サーバー名,
ClientCore/xml.languagefiles/Action.SendDTLS,Send DTLS Action,szMessage,Message Format,送信メッセージ,
ClientCore/xml.languagefiles/Action.SendDTLS,Send DTLS Action,szTLSOptions,TLS Options,TLS Options,
ClientCore/xml.languagefiles/Action.SendMSQueue,Send MS Queue Action,nMessagePriority,Queue Priority,キューのプライオリティ,
ClientCore/xml.languagefiles/Action.SendMSQueue,Send MS Queue Action,szComputerName,Server Computername/IP,コンピュータ名,
ClientCore/xml.languagefiles/Action.SendMSQueue,Send MS Queue Action,szQueueBody,Queue Message Body,出力メッセージ,
ClientCore/xml.languagefiles/Action.SendMSQueue,Send MS Queue Action,szQueueLable,Queue Message Label,キューのメッセージラベル,
ClientCore/xml.languagefiles/Action.SendMSQueue,Send MS Queue Action,szQueueName,Queuename,キュー名,
ClientCore/xml.languagefiles/Action.SendRelp,Send Relp Action,nSelpSendPort,RELP Port,RELP ポート,
ClientCore/xml.languagefiles/Action.SendRelp,Send Relp Action,nSendTimeOut,Send /Receive Timeout,送信/受信 タイムアウト,
ClientCore/xml.languagefiles/Action.SendRelp,Send Relp Action,nTimeOutSession,Session Timeout,セッションタイムアウト,
ClientCore/xml.languagefiles/Action.SendRelp,Send Relp Action,nUseSSL,Enable SSL / TLS Encryption.,SSL/TLSを使用,
ClientCore/xml.languagefiles/Action.SendRelp,Send Relp Action,szMessage,Message Format,送信メッセージ,
ClientCore/xml.languagefiles/Action.SendRelp,Send Relp Action,szRELPOptions,General Options,全般オプション,JTC:General Options
ClientCore/xml.languagefiles/Action.SendRelp,Send Relp Action,szSelpSendServer,RELP Servername,RELP サーバー名,
ClientCore/xml.languagefiles/Action.SendSetp,Send Setp Action,nCompLevel,Compression Level,圧縮レベル,
ClientCore/xml.languagefiles/Action.SendSetp,Send Setp Action,nConnectTimeOut,Connection Timeout,接続のタイムアウト,
ClientCore/xml.languagefiles/Action.SendSetp,Send Setp Action,nMIAPSendPort,Default SETP Port,SETPポート番号,
ClientCore/xml.languagefiles/Action.SendSetp,Send Setp Action,nSendRecvTimeOut,Send / Receive Timeout,送信/受信 タイムアウト,
ClientCore/xml.languagefiles/Action.SendSetp,Send Setp Action,nTimeOutSession,Session Timeout,セッションタイムアウト,
ClientCore/xml.languagefiles/Action.SendSetp,Send Setp Action,nUseSSL,"Enable SSL / TLS Encryption. Note if this Option is enabled, this action will not be able to connect to NON-SSL SETP Servers.",SSL/TLSを使用（SSLに対応していないサーバーへはアクセスできなくなります）,
ClientCore/xml.languagefiles/Action.SendSetp,Send Setp Action,nZlibComp,Use zLib Compression to compress the data,データの圧縮にzLib圧縮を使用する,
ClientCore/xml.languagefiles/Action.SendSetp,Send Setp Action,szAdvancedOptions,Timeout Options,タイムアウト オプション,
ClientCore/xml.languagefiles/Action.SendSetp,Send Setp Action,szSETPOptions,General Options,全般オプション,JTC:General Options
ClientCore/xml.languagefiles/Action.SendSetp,Send Setp Action,szServer,Servername,サーバー名,
ClientCore/xml.languagefiles/Action.SendSnmp,Send Snmp Action,nGenericName,Generic Name,Generic Trap Type,"JTC:Modified from previous ""Generic Name"""
ClientCore/xml.languagefiles/Action.SendSnmp,Send Snmp Action,nPort,SNMP Port,SNMP ポート,
ClientCore/xml.languagefiles/Action.SendSnmp,Send Snmp Action,nSpecificType,Specific Type,Specific Trap Type,"JTC:Modified from previous ""Specific Type"""
ClientCore/xml.languagefiles/Action.SendSnmp,Send Snmp Action,nVariableType_,Variable Type,タイプ（変数）,
ClientCore/xml.languagefiles/Action.SendSnmp,Send Snmp Action,snmpvars,SNMP Variables,SNMP 変数,
ClientCore/xml.languagefiles/Action.SendSnmp,Send Snmp Action,szAgent,SNMP Server,SNMPサーバー（IP）,
ClientCore/xml.languagefiles/Action.SendSnmp,Send Snmp Action,szAgentIP,Agent IP Address,Agent IP アドレス,
ClientCore/xml.languagefiles/Action.SendSnmp,Send Snmp Action,szCommunity,Community ,コミュニティ,
ClientCore/xml.languagefiles/Action.SendSnmp,Send Snmp Action,szEnterprise,Enterprise OID,エンタープライズ OID,
ClientCore/xml.languagefiles/Action.SendSnmp,Send Snmp Action,szGenericName0,0 - Cold Start,0 - Cold Start,
ClientCore/xml.languagefiles/Action.SendSnmp,Send Snmp Action,szGenericName1,1 - Warm Start,1 - Warm Start,
ClientCore/xml.languagefiles/Action.SendSnmp,Send Snmp Action,szGenericName2,2 - Link Down,2 - Link Down,
ClientCore/xml.languagefiles/Action.SendSnmp,Send Snmp Action,szGenericName3,3 - Link Up,3 - Link Up,
ClientCore/xml.languagefiles/Action.SendSnmp,Send Snmp Action,szGenericName4,4 - Authentication Failure,4 - Authentication Failure,
ClientCore/xml.languagefiles/Action.SendSnmp,Send Snmp Action,szGenericName5,5 - EGP Neighbor Loss,5 - EGP Neighbor Loss,
ClientCore/xml.languagefiles/Action.SendSnmp,Send Snmp Action,szGenericName6,6 - Enterprise Specific,6 - Enterprise Specific,
ClientCore/xml.languagefiles/Action.SendSnmp,Send Snmp Action,szSNMPOptions,SNMP Options,SNMP Options,
ClientCore/xml.languagefiles/Action.SendSnmp,Send Snmp Action,szSnmpGeneralOptions,General SNMP Options,SNMP 全体オプション,
ClientCore/xml.languagefiles/Action.SendSnmp,Send Snmp Action,szSnmpv2Oid,Trap OID,トラップ OID,
ClientCore/xml.languagefiles/Action.SendSnmp,Send Snmp Action,szTypeAgentcap,Agent Cap,Agent Cap,
ClientCore/xml.languagefiles/Action.SendSnmp,Send Snmp Action,szTypeBitstring,Bit String,Bit String,
ClientCore/xml.languagefiles/Action.SendSnmp,Send Snmp Action,szTypeCounter,Counter,Counter,
ClientCore/xml.languagefiles/Action.SendSnmp,Send Snmp Action,szTypeCounter64,Counter64,Counter64,
ClientCore/xml.languagefiles/Action.SendSnmp,Send Snmp Action,szTypeGauge,Gauge,Gauge,
ClientCore/xml.languagefiles/Action.SendSnmp,Send Snmp Action,szTypeInteger,Integer,Integer,
ClientCore/xml.languagefiles/Action.SendSnmp,Send Snmp Action,szTypeInteger32,Signed Integer32,Signed Integer32,
ClientCore/xml.languagefiles/Action.SendSnmp,Send Snmp Action,szTypeIpaddr,IPAddress,IPAddress,
ClientCore/xml.languagefiles/Action.SendSnmp,Send Snmp Action,szTypeModcomp,Mod Comp,Mod Comp,
ClientCore/xml.languagefiles/Action.SendSnmp,Send Snmp Action,szTypeModid,ModID,ModID,
ClientCore/xml.languagefiles/Action.SendSnmp,Send Snmp Action,szTypeNetaddr,Net Address,Net Address,
ClientCore/xml.languagefiles/Action.SendSnmp,Send Snmp Action,szTypeNotiftype,Notify Type,Notify Type,
ClientCore/xml.languagefiles/Action.SendSnmp,Send Snmp Action,szTypeNsapaddress,NSAP Address,NSAP Address,
ClientCore/xml.languagefiles/Action.SendSnmp,Send Snmp Action,szTypeNull,Null,Null,
ClientCore/xml.languagefiles/Action.SendSnmp,Send Snmp Action,szTypeObjgroup,Object Group,Object Group,
ClientCore/xml.languagefiles/Action.SendSnmp,Send Snmp Action,szTypeObjid,ObjectID,ObjectID,
ClientCore/xml.languagefiles/Action.SendSnmp,Send Snmp Action,szTypeOctetstr,Octet String,Octet String,
ClientCore/xml.languagefiles/Action.SendSnmp,Send Snmp Action,szTypeOpaque,Opaque,Opaque,
ClientCore/xml.languagefiles/Action.SendSnmp,Send Snmp Action,szTypeOther,Other,Other,
ClientCore/xml.languagefiles/Action.SendSnmp,Send Snmp Action,szTypeTimeticks,Timeticks,Timeticks,
ClientCore/xml.languagefiles/Action.SendSnmp,Send Snmp Action,szTypeTraptype,Trap Type,Trap Type,
ClientCore/xml.languagefiles/Action.SendSnmp,Send Snmp Action,szTypeUinteger,UInteger,UInteger,
ClientCore/xml.languagefiles/Action.SendSnmp,Send Snmp Action,szTypeUnsigned32,Unsigned Integer32,Unsigned Integer32,
ClientCore/xml.languagefiles/Action.SendSnmp,Send Snmp Action,szVariableOID_,Variable OID,OID(変数),
ClientCore/xml.languagefiles/Action.SendSnmp,Send Snmp Action,szVariableValue_,Variable Value,変数値,
ClientCore/xml.languagefiles/Action.SetProperty,Set Property Action,szPropertyType,Select property Type,プロパティタイプの選択,
ClientCore/xml.languagefiles/Action.SetProperty,Set Property Action,szPropertyValue,Set property value,プロパティ値を設定,
ClientCore/xml.languagefiles/Action.SetStatus,Set Status Action,szPropertyName,Status variable name,ステータス変数名,
ClientCore/xml.languagefiles/Action.SetStatus,Set Status Action,szPropertyValue,Status variable value,ステータス変数値,
ClientCore/xml.languagefiles/Action.Startprocess,Startprocess Action,lbl_procmode0,Synchronus Processing (Wait for Completion),同期処理 (終了を待ちます),
ClientCore/xml.languagefiles/Action.Startprocess,Startprocess Action,lbl_procmode1,Asynchronus Processing,非同期処理,
ClientCore/xml.languagefiles/Action.Startprocess,Startprocess Action,nAsyncMaxProc,Async Max Processes,非同期 最大処理数,
ClientCore/xml.languagefiles/Action.Startprocess,Startprocess Action,nOnMaxProc,On Max Processes,最大処理数,
ClientCore/xml.languagefiles/Action.Startprocess,Startprocess Action,nOnMaxProcWait,Waittime On Max Processes,最大処理の待ち時間,
ClientCore/xml.languagefiles/Action.Startprocess,Startprocess Action,nProcMode,Processing Mode,処理モード,
ClientCore/xml.languagefiles/Action.Startprocess,Startprocess Action,nSyncTimeOut,Sync Timeout,同期のタイムアウト,
ClientCore/xml.languagefiles/Action.Startprocess,Startprocess Action,nUseLegacyProcessing,Use legacy parameter processing,レガシーのパラメータを使用,
ClientCore/xml.languagefiles/Action.Startprocess,Startprocess Action,szCommand,Command to execute,実行コマンド,
ClientCore/xml.languagefiles/Action.Startprocess,Startprocess Action,szParameters,Command Parameters,コマンドのパラメータ,
ClientCore/xml.languagefiles/Action.Syslog,Syslog Action,bReportInXML,Use XML to Report,XML 送信,
ClientCore/xml.languagefiles/Action.Syslog,Syslog Action,lbl_syslogRFC3195RAW,RFC3195 Raw,RFC3195 Raw,
ClientCore/xml.languagefiles/Action.Syslog,Syslog Action,lbl_syslogTCPOctetCount,"TCP (Persistent connection, Octet based framing)",TCP (オクテット フレーミング：接続を維持),
ClientCore/xml.languagefiles/Action.Syslog,Syslog Action,lbl_syslogTCPOneMSG,"TCP (NOT RECOMMENDED, one message per connection)","TCP (非推奨, 1件ずつ送信：その度に接続・切断します)",
ClientCore/xml.languagefiles/Action.Syslog,Syslog Action,lbl_syslogTCPPersistant,TCP (Persistent connection),TCP (複数で送信：接続を維持),
ClientCore/xml.languagefiles/Action.Syslog,Syslog Action,lbl_syslogUDP,UDP,UDP,
ClientCore/xml.languagefiles/Action.Syslog,Syslog Action,nCompressionLevel,Compression Level,圧縮レベル,
ClientCore/xml.languagefiles/Action.Syslog,Syslog Action,nEnableBackupServer,Use this backup syslog server if first one fails.,接続できない時にバックアップサーバーに切り替える,
ClientCore/xml.languagefiles/Action.Syslog,Syslog Action,nForwardIUT,Forward as MWAgent XML representation code,XMLの表記コードをMWAgentとして転送する,
ClientCore/xml.languagefiles/Action.Syslog,Syslog Action,nJSONIncludeMessageProperty,Include Message property in CEE Format,CEE形式でメッセージプロパティを含める,
ClientCore/xml.languagefiles/Action.Syslog,Syslog Action,nOutputEncodingUTF8BOM,Include UTF8 BOM in message,メッセージにUTF-8 BOMを含める,
ClientCore/xml.languagefiles/Action.Syslog,Syslog Action,nReportInJSON,Use CEE enhanced Syslog Format,CEE Syslog フォーマットを使用,
ClientCore/xml.languagefiles/Action.Syslog,Syslog Action,nRoundRobinMsgCount,Amount of messages sent to each syslog server before load balancing,各Syslogサーバーへ送信するメッセージ数,
ClientCore/xml.languagefiles/Action.Syslog,Syslog Action,nSendMode,Syslog Send mode,Syslog 送信モード,
ClientCore/xml.languagefiles/Action.Syslog,Syslog Action,nSpoofIPAddress,Enable IP Spoofing for the UDP Protocol. See the manual for more details,UDPでIPスプーフィングを使用（マニュアルをご参照ください）,
ClientCore/xml.languagefiles/Action.Syslog,Syslog Action,nSyslogInsertSource,Add Syslog Source when forwarding to other Syslog servers,Syslogソースの追加（別のSyslogサーバーに転送する場合）,
ClientCore/xml.languagefiles/Action.Syslog,Syslog Action,nSyslogPortBackup,Backup Syslog Port,バックアップサーバーのポート,
ClientCore/xml.languagefiles/Action.Syslog,Syslog Action,nSyslogPort_,Syslog Port,Syslog ポート,
ClientCore/xml.languagefiles/Action.Syslog,Syslog Action,nSyslogSendPort,Syslog Port,Syslog ポート,
ClientCore/xml.languagefiles/Action.Syslog,Syslog Action,nTimeoutValue,Session Timeout,セッションタイムアウト,
ClientCore/xml.languagefiles/Action.Syslog,Syslog Action,nType,Protocol Type,プロトコルタイプ,
ClientCore/xml.languagefiles/Action.Syslog,Syslog Action,nUseCompression,Use zLib Compression to compress the data.,データの圧縮にzLib 圧縮を使用する,
ClientCore/xml.languagefiles/Action.Syslog,Syslog Action,nUseSSL,"Enable SSL / TLS Encryption. Note if this Option is enabled, this action will not be able to connect to NON-SSL Syslog Servers.",SSL/TLSを使用（SSLに対応していないサーバーへはアクセスできなくなります）,
ClientCore/xml.languagefiles/Action.Syslog,Syslog Action,syslogservers,Syslog Servers,Syslog サーバー,
ClientCore/xml.languagefiles/Action.Syslog,Syslog Action,szCustomSyslogHeader,Use Custom Syslog Header,カスタム Syslog ヘッダーを使用,
ClientCore/xml.languagefiles/Action.Syslog,Syslog Action,szMessageFormat,Message Format,送信メッセージ,
ClientCore/xml.languagefiles/Action.Syslog,Syslog Action,szSendModeRoundRobin,Use round robin (multiple syslog servers),ラウンドロビン(複数のSyslogサーバー)を使用する,
ClientCore/xml.languagefiles/Action.Syslog,Syslog Action,szSendModeSingle,Use single syslog server with optional backup server,単一のSyslogサーバーを使用する(バックアップサーバーは任意),
ClientCore/xml.languagefiles/Action.Syslog,Syslog Action,szSpoofedIPAddress,Fixed IP or single property,IP またはプロパティを修正,
ClientCore/xml.languagefiles/Action.Syslog,Syslog Action,szSyslogMessageOptions,Syslog Message Options,Syslog メッセージ オプション,
ClientCore/xml.languagefiles/Action.Syslog,Syslog Action,szSyslogNetworkOptions,Network related Options,ネットワーク関連オプション,JTC:Network related Options
ClientCore/xml.languagefiles/Action.Syslog,Syslog Action,szSyslogProcessingCustomHeader,Use Custom Syslog Header,カスタム Syslog ヘッダーを使用,
ClientCore/xml.languagefiles/Action.Syslog,Syslog Action,szSyslogProcessingDisabled,"Disable processing, forward as it is.",受信したデータをそのまま送信,
ClientCore/xml.languagefiles/Action.Syslog,Syslog Action,szSyslogProcessingRFC3164,Use legacy RFC 3164 processing,RFC3164を使用（レガシー）,
ClientCore/xml.languagefiles/Action.Syslog,Syslog Action,szSyslogProcessingRFC5424,Use RFC 5424 processing (recommended),RFC5424を使用（推奨）,
ClientCore/xml.languagefiles/Action.Syslog,Syslog Action,szSyslogSSLOptions,SSL/TLS related Options,SSL/TLS オプション,
ClientCore/xml.languagefiles/Action.Syslog,Syslog Action,szSyslogSendServer,Syslog Server,Syslog サーバー,
ClientCore/xml.languagefiles/Action.Syslog,Syslog Action,szSyslogServerBackup,Backup Syslog Server,バックアップ サーバー,
ClientCore/xml.languagefiles/Action.Syslog,Syslog Action,szSyslogServerOptions,Syslog Receiver Options,Syslog 送信先 オプション,
ClientCore/xml.languagefiles/Action.Syslog,Syslog Action,szSyslogServer_,Syslog Server,Syslog サーバー,
ClientCore/xml.languagefiles/Action.Syslog,Syslog Action,szSyslogTCPOptions,TCP related Options,TCP オプション,
ClientCore/xml.languagefiles/Action.Syslog,Syslog Action,szSyslogTargetOptions,Syslog Target Options,Syslog ターゲット オプション,
ClientCore/xml.languagefiles/Action.Syslog,Syslog Action,szSyslogUDPOptions,UDP related Options,UDP オプション,
ClientCore/xml.languagefiles/Action.SyslogQueue,Syslog Queue Action,lbl_syslogTCPOctetCount,"TCP (Persistent connection, Octet based framing)",TCP (オクテット フレーミング：接続を維持),
ClientCore/xml.languagefiles/Action.SyslogQueue,Syslog Queue Action,lbl_syslogTCPOneMSG,"TCP (NOT RECOMMENDED, one message per connection)","TCP (非推奨, 1件ずつ送信：その度に接続・切断します)",
ClientCore/xml.languagefiles/Action.SyslogQueue,Syslog Queue Action,lbl_syslogTCPPersistant,TCP (Persistent connection),TCP (複数で送信：接続を維持),
ClientCore/xml.languagefiles/Action.SyslogQueue,Syslog Queue Action,lbl_syslogUDP,UDP,UDP,
ClientCore/xml.languagefiles/Action.SyslogQueue,Syslog Queue Action,nDiskCacheWait,Waittime between connection tries,接続の待ち時間,
ClientCore/xml.languagefiles/Action.SyslogQueue,Syslog Queue Action,nDiskQueueMaxFileSize,Split files if this size is reached,設定値に達した場合にファイルを分割する,
ClientCore/xml.languagefiles/Action.SyslogQueue,Syslog Queue Action,nJSONIncludeMessageProperty,Include message property in CEE Format,CEEフォーマットにメッセージプロパティを出力,
ClientCore/xml.languagefiles/Action.SyslogQueue,Syslog Queue Action,szCustomMessageFormat,Custom Message Format,カスタム メッセージフォーマット,
ClientCore/xml.languagefiles/Action.SyslogQueue,Syslog Queue Action,szCustomSyslogHeader,Use Custom Syslog Header,カスタム Syslog ヘッダーを使用,
ClientCore/xml.languagefiles/Action.SyslogQueue,Syslog Queue Action,szIutFormat,Forward as MWAgent XML representation code,XMLの表記コードをMWAgentとして転送する,
ClientCore/xml.languagefiles/Action.SyslogQueue,Syslog Queue Action,szJsonFormat,Use CEE enhanced Syslog Format,CEE Syslog フォーマットを使用,
ClientCore/xml.languagefiles/Action.SyslogQueue,Syslog Queue Action,szMessageFormat,Message Format,送信メッセージ,
ClientCore/xml.languagefiles/Action.SyslogQueue,Syslog Queue Action,szSyslogHeaderOptions,SyslogHeader Options,Syslog ヘッダ ーオプション,
ClientCore/xml.languagefiles/Action.SyslogQueue,Syslog Queue Action,szSyslogMessageOptions,Syslog Message Options,Syslog メッセージ オプション,
ClientCore/xml.languagefiles/Action.SyslogQueue,Syslog Queue Action,szSyslogProcessingCustomHeader,Use Custom Syslog Header,カスタム Syslog ヘッダーを使用,
ClientCore/xml.languagefiles/Action.SyslogQueue,Syslog Queue Action,szSyslogProcessingDisabled,"Disable processing, forward as it is.",受信したデータをそのまま送信,
ClientCore/xml.languagefiles/Action.SyslogQueue,Syslog Queue Action,szSyslogProcessingRFC3164,Use legacy RFC 3164 processing,RFC3164を使用（レガシー）,
ClientCore/xml.languagefiles/Action.SyslogQueue,Syslog Queue Action,szSyslogProcessingRFC5424,Use RFC 5424 processing (recommended),RFC5424を使用（推奨）,
ClientCore/xml.languagefiles/Action.SyslogQueue,Syslog Queue Action,szSyslogQueue,SyslogQueue Name,Syslog キュー名,
ClientCore/xml.languagefiles/Action.SyslogQueue,Syslog Queue Action,szSyslogQueueOptions,SyslogQueue Options,Syslog キューオプション,
ClientCore/xml.languagefiles/Action.SyslogQueue,Syslog Queue Action,szXmlFormat,XML Format,XML フォーマット,
ClientCore/xml.languagefiles/General.Debug,Debug General,nCircularLogging,Use circular Logging,循環ログを使用,
ClientCore/xml.languagefiles/General.Debug,Debug General,nDebugErrors,Errors & Warnings,エラー&警告を出力,
ClientCore/xml.languagefiles/General.Debug,Debug General,nDebugInternal,Information Output,情報 デバッグ出力,
ClientCore/xml.languagefiles/General.Debug,Debug General,nDebugMini,Minimal Output,最少 デバッグ出力,
ClientCore/xml.languagefiles/General.Debug,Debug General,nDebugRuleEngine,Rule & Filter Engine Output,ルール&フィルターを出力,
ClientCore/xml.languagefiles/General.Debug,Debug General,nDebugUltra,Ultra Verbose Output,Ultra Verbose デバッグ出力,
ClientCore/xml.languagefiles/General.Debug,Debug General,nEnableDebugOutput,Enable Debug output into file,デバッグ出力を有効にする（必要時のみ）,
ClientCore/xml.languagefiles/General.Debug,Debug General,nMaxFileSize,Maximum file size (KB),最大ファイルサイズ (KB),
ClientCore/xml.languagefiles/General.Debug,Debug General,nNumberOfLogfiles,Number of logfiles,ログファイル数,
ClientCore/xml.languagefiles/General.Debug,Debug General,nReportCrash,Automatically send problem reports to Adiscon Support,Adisconサポートに問題報告を自動的に送信する,
ClientCore/xml.languagefiles/General.Debug,Debug General,szCrashReporting,Crash Reporting,クラッシュレポート,
ClientCore/xml.languagefiles/General.Debug,Debug General,szDebugFileName,File and path name,ファイルパス,
ClientCore/xml.languagefiles/General.Debug,Debug General,szEnableReportCrash,Do you want to enable Crash reporting?,クラッシュレポートを有効にしますか？,
ClientCore/xml.languagefiles/General.Debug,Debug General,szMoreInfoCrash,"If enabled, crashdumps will automatically be uploaded to http://crashdump.adiscon.com.
These crash dump do not contain any personal data. 
Only data related to the problem will be send. ","有効にすると、クラッシュダンプが自動的にhttp://crashdump.adiscon.comにアップロードされます。
これらのクラッシュダンプには個人データは含まれません。
問題に関連するデータのみ送信されます。",
ClientCore/xml.languagefiles/General.Engine,Engine General,bAbortRuleOnFailure,Abort Rule Execution when one Rule fails?,アクションの実行に失敗した時、ルール内の別のアクションの実行を停止する,
ClientCore/xml.languagefiles/General.Engine,Engine General,nDNSCacheLimit,How many DNS records can be cached?,キャッシュに入れるレコード数,
ClientCore/xml.languagefiles/General.Engine,Engine General,nDNSCacheTime,How long should dns names be cached?,DNS名をキャッシュに入れる時間,
ClientCore/xml.languagefiles/General.Engine,Engine General,nDNSInetProtocol,Internet Protocoltype,インターネット プロトコルタイプ,
ClientCore/xml.languagefiles/General.Engine,Engine General,nEnableDNSCache,Enable internal DNS Cache,DNSキャッシュを有効にする,
ClientCore/xml.languagefiles/General.Engine,Engine General,nEnableRetry,Enable retry of Actions on failure,失敗したアクションをリトライする,
ClientCore/xml.languagefiles/General.Engine,Engine General,nLibCacheTimeOut,How long should libraries be cached?,ライブラリをキャッシュに入れる時間,
ClientCore/xml.languagefiles/General.Engine,Engine General,nLogRotateWorkerCount,Number of log rotation workers,ログローテーション ワーカー数,JTC:Number of log rotation workers
ClientCore/xml.languagefiles/General.Engine,Engine General,nLogRotateWorkerEnable,Enable queued log rotation workers,キュー型のログローテーション ワーカーを有効にする,JTC:Enable queued log rotation workers
ClientCore/xml.languagefiles/General.Engine,Engine General,nLogRotateWorkerSleepTime,Idle wait time between queue checks,キュー確認の各待機時間,JTC:Idle wait time between queue checks
ClientCore/xml.languagefiles/General.Engine,Engine General,nLogRotateWorkerStopWaitTimeout,Shutdown wait time for queued log rotation jobs,サービス終了時にキュー型ログローテーションジョブを待機する時間,JTC:Shutdown wait time for queued log rotation jobs
ClientCore/xml.languagefiles/General.Engine,Engine General,nRetryCount,Retry Count,リトライの回数,
ClientCore/xml.languagefiles/General.Engine,Engine General,nRetryPeriod,Retry period (ms),リトライの間隔(ミリ秒),
ClientCore/xml.languagefiles/General.Engine,Engine General,nSyslogMaxMessageSize,Maximum Syslog Message Size (Bytes),最大Syslogメッセージサイズ（バイト）,JTC:Maximum Syslog Message Size (Bytes)
ClientCore/xml.languagefiles/General.Engine,Engine General,szActionSpecific,Action specific,アクションのオプション,
ClientCore/xml.languagefiles/General.Engine,Engine General,szNetworkOptions,Network specific,ネットワーク固有,JTC:Network specific
ClientCore/xml.languagefiles/General.Engine,Engine General,szOtherOptions,Other Engine Options,エンジンのその他のオプション,JTC:Other Engine Options
ClientCore/xml.languagefiles/General.Engine,Engine General,szRessourceOptions,Ressource Library Cache Options,リソースライブラリ キャッシュのオプション,
ClientCore/xml.languagefiles/General.Engine,Engine General,szRotateWorkerOptions,LogRotate Background Worker,ログローテート バックグラウンド ワーカー,JTC:LogRotate Background Worker
ClientCore/xml.languagefiles/General.Engine,Engine General,szRotateWorkerOptionsDescription,"The queued LogRotate worker subsystem prepares detached files and processes log rotation jobs in the background.
Pending jobs are saved in LogRotationQueue.json and continue after restart.
Temporary .staging files may appear while files are prepared for rotation, compression, or move operations.","キュー型のLogRotateサブシステムは、切り離されたファイルを準備し、ログローテーションジョブをバックグラウンドで処理します。
保留中のジョブはLogRotationQueue.jsonに保存され、再起動後も継続できます。
ローテート、圧縮、移動の準備中は、一時的に.stagingファイルが表示される場合があります。","JTC:The queued LogRotate worker subsystem prepares detached files and processes log rotation jobs in the background.

Pending jobs are saved in LogRotationQueue.json and continue after restart.
Temporary .staging files may appear while files are prepared for rotation, compression, or move operations."
ClientCore/xml.languagefiles/General.Engine,Engine General,szRuleEngineSpecific,Rule Engine specific,ルールエンジンのオプション,
ClientCore/xml.languagefiles/General.Engine,Engine General,szRuleSetEngineOptions,RuleSet Engine,ルールセット エンジン,JTC:RuleSet Engine
ClientCore/xml.languagefiles/General.Engine,Engine General,szSyslogMaxMessageSizeDescription,"When oversized messages are received over Syslog TCP, this size limit defines when we have to split the message. 
By default the maximum for TCP is set to 1024000 bytes (1MB). For Syslog UDP, the limit is 65536 Bytes due to the UDP Protocol limits.","大きすぎるメッセージをSyslog TCP経由で受信したときに、メッセージを分割するための最大値を設定します。
デフォルトではTCPの最大値は1024000バイト（1MB）に設定されています。 Syslog UDPの場合はUDPプロトコルの制限により、最大値は65536バイトになります。","JTC:When oversized messages are received over Syslog TCP, this size limit defines when we have to split the message. 
By default the maximum for TCP is set to 1024000 bytes (1MB). For Syslog UDP, the limit is 65536 Bytes due to the UDP Protocol limits."
ClientCore/xml.languagefiles/General.General,General General,bAutoReloadRandomDelay,Enable random wait time delay when checking for new configurations,新しい設定を確認する時にランダムな待ち時間遅延を有効にする,
ClientCore/xml.languagefiles/General.General,General General,nAutoReloadDelayTime,Maximum random delay time,ランダムな遅延時間の最大値,
ClientCore/xml.languagefiles/General.General,General General,nCustomerID,CustomerID,カスタマーID,
ClientCore/xml.languagefiles/General.General,General General,nEnableAutoConfigReload,Automatically reload service on configuration changes,設定変更時に自動的にサービスをリロードする,
ClientCore/xml.languagefiles/General.General,General General,nEnableEventlogWarnings,Log Warnings into the Windows Application Eventlog,アプリケーションログに警告を書き込む,
ClientCore/xml.languagefiles/General.General,General General,nJapanStringHandling,Special Unicoder Conversion for Japanese Systems,日本語システムに対する特別なUnicode変換（バージョン8.xで使用）,
ClientCore/xml.languagefiles/General.General,General General,nProcessPriority,Process Priority,処理の優先レベル,
ClientCore/xml.languagefiles/General.General,General General,nProtectAgainstShutdown,Protect Service against shutdown,シャットダウン時にサービスを保護する,
ClientCore/xml.languagefiles/General.General,General General,nQueueLimit,Queuelimit,キューのリミット,
ClientCore/xml.languagefiles/General.General,General General,nSystemID,SystemID,システムID,
ClientCore/xml.languagefiles/General.General,General General,nTimeMode,Default Timevalues are based on,基準時刻,
ClientCore/xml.languagefiles/General.General,General General,szMIBSPath,Location of your SNMP Mibs,MIB の場所（パス）,
ClientCore/xml.languagefiles/General.General,General General,sz_runhigh,High,高,
ClientCore/xml.languagefiles/General.General,General General,sz_runidle,Run with idle priority,アイドルクラス,
ClientCore/xml.languagefiles/General.General,General General,sz_runlow,Low ,低,
ClientCore/xml.languagefiles/General.General,General General,sz_runnormal,Normal,通常,
ClientCore/xml.languagefiles/General.License,License General,nLicenseKey1,Key1,Key1,
ClientCore/xml.languagefiles/General.License,License General,nLicenseKey2,Key2,Key2,
ClientCore/xml.languagefiles/General.License,License General,nLicenseKey3,Key3,Key3,
ClientCore/xml.languagefiles/General.License,License General,nLicenseKey4,Key4,Key4,
ClientCore/xml.languagefiles/General.License,License General,nLicenseKey5,Key5,Key5,
ClientCore/xml.languagefiles/General.License,License General,szButtonVerifyLicense,Verify License,ライセンスを確認,
ClientCore/xml.languagefiles/General.License,License General,szLicense,License Information,ライセンス情報,
ClientCore/xml.languagefiles/General.License,License General,szLicensee,Registration Name,ユーザー登録名,
ClientCore/xml.languagefiles/General.License,License General,szMoreInformation,More information can be found at our Homepage,詳細情報は以下...,
ClientCore/xml.languagefiles/General.License,License General,szRegNumber,Registration Number,ユーザー登録番号,
ClientCore/xml.languagefiles/General.Permitted,Permitted General,nEnablePermittedSenders,Enabled Permitted Senders List. ,送信許可リストを有効にする,
ClientCore/xml.languagefiles/General.Permitted,Permitted General,permittedsenders,Only receive syslog messages from the following IP Addresses. ,次のIPアドレスからのSyslogメッセージのみ受信,
ClientCore/xml.languagefiles/General.Permitted,Permitted General,szEditionInformation,"Please note that if you activate the Permitted Senders List, all network related services will be limited to receive messages from the configured devices only. 

The list configuration itself is not limited. 
But if your license is limited to 10 devices for example, only the first 10 configured senders will work.","注意：送信許可リストを有効にすると、サービスに関連するすべてのネットワーク上で、設定されたデバイスからのメッセージ受信のみ受け付けます。

このリストへの入力に制限はありませんが、例えば送信元10IP制限のライセンスを所有の場合、設定送信許可リスト中の最初の10台のみ受け付けられます。",
ClientCore/xml.languagefiles/General.Permitted,Permitted General,szIP_,IP Address,IPアドレス,
ClientCore/xml.languagefiles/General.PostProcessApps,Post Process Apps General,btnRun,Run,起動,
ClientCore/xml.languagefiles/General.PostProcessApps,Post Process Apps General,interactive_path,Path && Filename for application,アプリケーションのパスとファイル名,
ClientCore/xml.languagefiles/General.PostProcessApps,Post Process Apps General,loganalyzer_path,Path && Filename for application,アプリケーションのパスとファイル名,
ClientCore/xml.languagefiles/General.PostProcessApps,Post Process Apps General,logfilemgr_path,Path && Filename for application,アプリケーションのパスとファイル名,
ClientCore/xml.languagefiles/General.PostProcessApps,Post Process Apps General,logsearch_path,Path && Filename for application,アプリケーションのパスとファイル名,
ClientCore/xml.languagefiles/General.PostProcessApps,Post Process Apps General,ninteractive,InterActive SyslogViewer,インタラクティブSyslogビューア,
ClientCore/xml.languagefiles/General.PostProcessApps,Post Process Apps General,nloganalyzer,Log Analyzer & Reporter Tool,ログ解析＆レポートツール,
ClientCore/xml.languagefiles/General.PostProcessApps,Post Process Apps General,nlogfilemgr,Log File Management Tool,ログファイル管理ツール,
ClientCore/xml.languagefiles/General.PostProcessApps,Post Process Apps General,nlogsearch,Log Search Tool,ログ検索ツール,
ClientCore/xml.languagefiles/General.PostProcessApps,Post Process Apps General,szPostProcessApps,Available post process applications,起動可能なアプリケーション,
ClientCore/xml.languagefiles/General.QueueManager,Queue Manager General,nEnableRingBuffer,Enable Queue Manager Diskcache,ディスクキャッシュのキュー管理を有効にする,
ClientCore/xml.languagefiles/General.QueueManager,Queue Manager General,nProcessingLow,Processing pointer,処理ポインタ,
ClientCore/xml.languagefiles/General.QueueManager,Queue Manager General,nRingBufferSize,Queue File Size (static),キューファイルサイズ (静的),
ClientCore/xml.languagefiles/General.QueueManager,Queue Manager General,nSavingLow,Saving pointer,保存ポインタ,
ClientCore/xml.languagefiles/General.QueueManager,Queue Manager General,nWorkerThreads,Number of worker threads,ワーカースレッドの数,
ClientCore/xml.languagefiles/General.QueueManager,Queue Manager General,szRingBufferFile,File and path name,ファイルパス,
ClientCore/xml.languagefiles/General.QueueManager,Queue Manager General,szRingBufferWarning,"Warning! If you enable diskcaching, it will slow down processing of the actions. This depends on the speed of your harddisk. Do only enable this feature if you really want cache the queue on disk for failover reasons. If the processing is interrupted for some reason, the Service will load the queue on startup and process what was in the queue before.","警告！ディスクキャッシュ機能を有効にすると、ご使用のハードディスクの速度によっては、アクションの処理が遅くなります。 
この機能は、必要な場合のみご利用ください。この処理に失敗すると、WinSyslog(EventReporter)サービスは起動時のキューを読み込み、前のキューから処理を行うようになります。",
ClientCore/xml.languagefiles/Service.CPUMonitor,CPU Monitor Service,nCPUEnable,Enable CPU Check,CPUのチェックを有効にする,
ClientCore/xml.languagefiles/Service.CPUMonitor,CPU Monitor Service,nCPUOccurences,Occurrences until CPU alarm is raised,アラームが出るまで発生,
ClientCore/xml.languagefiles/Service.CPUMonitor,CPU Monitor Service,nCPUReportIfBelowAlarm,Also report if CPULevel is below the alarm level,CPUレベルがアラームレベルを下回った場合にもレポートする,
ClientCore/xml.languagefiles/Service.CPUMonitor,CPU Monitor Service,nCPUSingle,For Multiprocessor Systems only: Report for each CPU,マルチプロセッサーのみ：各CPUについてレポート,
ClientCore/xml.languagefiles/Service.CPUMonitor,CPU Monitor Service,nCPUUsageAlarmLevel,CPU usage alarm level,CPU使用率アラームレベル,
ClientCore/xml.languagefiles/Service.CPUMonitor,CPU Monitor Service,nMEMEnable,Enable Memory Check,メモリチェックを有効にする,
ClientCore/xml.languagefiles/Service.CPUMonitor,CPU Monitor Service,nMEMOccurences,Occurrences until Memory alarm is raised,アラームが出るまで発生,
ClientCore/xml.languagefiles/Service.CPUMonitor,CPU Monitor Service,nMEMPsyEnable,Enable Physical Memory Check,物理メモリチェックを有効にする,
ClientCore/xml.languagefiles/Service.CPUMonitor,CPU Monitor Service,nMEMPsyOccurences,Occurrences until Physical Memory alarm is raised,アラームが出るまで発生,
ClientCore/xml.languagefiles/Service.CPUMonitor,CPU Monitor Service,nMEMPsyReportIfBelowAlarm,Also report if Physical Memory level is below the alarm level,物理メモリレベルがアラームレベルを下回った場合にもレポートする,
ClientCore/xml.languagefiles/Service.CPUMonitor,CPU Monitor Service,nMEMPsyUsageAlarmLevel,Physical Memory usage alarm level,物理メモリの使用のアラームレベル,
ClientCore/xml.languagefiles/Service.CPUMonitor,CPU Monitor Service,nMEMReportIfBelowAlarm,Also report if Memory Level is below the alarm level,メモリレベルがアラームレベルを下回った場合にもレポートする,
ClientCore/xml.languagefiles/Service.CPUMonitor,CPU Monitor Service,nMEMUsageAlarmLevel,Memory usage alarm level,メモリの使用のアラームレベル,
ClientCore/xml.languagefiles/Service.CPUMonitor,CPU Monitor Service,nMEMVirtEnable,Enable Virtual Memory Check,仮想メモリチェックを有効にする,
ClientCore/xml.languagefiles/Service.CPUMonitor,CPU Monitor Service,nMEMVirtOccurences,Occurrences until Virtual Memory alarm is raised,アラームが出るまで発生,
ClientCore/xml.languagefiles/Service.CPUMonitor,CPU Monitor Service,nMEMVirtReportIfBelowAlarm,Also report if Virtual Memory Level is below the alarm level,仮想メモリレベルがアラームレベルを下回った場合にもレポートする,
ClientCore/xml.languagefiles/Service.CPUMonitor,CPU Monitor Service,nMEMVirtUsageAlarmLevel,Virtual Memory usage alarm level,仮想メモリの使用のアラームレベル,
ClientCore/xml.languagefiles/Service.CPUMonitor,CPU Monitor Service,nSleepTime,Check Interval (ms),チェック間隔(ミリ秒),
ClientCore/xml.languagefiles/Service.CPUMonitor,CPU Monitor Service,szTabCPU,CPU,CPU,
ClientCore/xml.languagefiles/Service.CPUMonitor,CPU Monitor Service,szTabMemory,Total Memory,トータルメモリ,
ClientCore/xml.languagefiles/Service.CPUMonitor,CPU Monitor Service,szTabPhyMemory,Physical Memory,物理メモリ,
ClientCore/xml.languagefiles/Service.CPUMonitor,CPU Monitor Service,szTabVirtMemory,Virtual Memory,仮想メモリ,
ClientCore/xml.languagefiles/Service.DTLSListener,DTLS Listener Service,nTimeOutSession,Session Timeout,セッションタイムアウト,
ClientCore/xml.languagefiles/Service.DTLSListener,DTLS Listener Service,nUseSSL,Enable SSL / TLS Encryption.,SSL/TLSを使用,
ClientCore/xml.languagefiles/Service.DTLSListener,DTLS Listener Service,szIP_,Permitted Peername / SHA1 / etc,許可されたピア名 / SHA1 / etc,
ClientCore/xml.languagefiles/Service.DTLSListener,DTLS Listener Service,tlsallowedentries,Permitted Peers,,
ClientCore/xml.languagefiles/Service.DatabaseMonitor,Database Monitor Service,btnButtonDBMonReloadLastPos,Reload DB Index number,データベース インデックス番号の再読み込み,
ClientCore/xml.languagefiles/Service.DatabaseMonitor,Database Monitor Service,btnButtonResetLastPos,Reset DB Index number,データベース インデックス番号のリセット,
ClientCore/xml.languagefiles/Service.DatabaseMonitor,Database Monitor Service,iLastDBID,Last DB Index,最後のデータベース インデックス,
ClientCore/xml.languagefiles/Service.DatabaseMonitor,Database Monitor Service,lbl_nMessageMode_csv,CSV (Comma-separated values),CSV (カンマ区切り),
ClientCore/xml.languagefiles/Service.DatabaseMonitor,Database Monitor Service,lbl_nMessageMode_custom,Custom,カスタム,
ClientCore/xml.languagefiles/Service.DatabaseMonitor,Database Monitor Service,lbl_nMessageMode_none,None,なし（None）,
ClientCore/xml.languagefiles/Service.DatabaseMonitor,Database Monitor Service,nDBPassEncryption,Enable Encryption,暗号化,
ClientCore/xml.languagefiles/Service.DatabaseMonitor,Database Monitor Service,nForceConnectionClose,Close connection after each Check Interval,チェックの度に接続を切る,
ClientCore/xml.languagefiles/Service.DatabaseMonitor,Database Monitor Service,nMAX_LONGVCHAR_LEN,Maximum text length (Bytes),最大のテキスト長 (バイト),
ClientCore/xml.languagefiles/Service.DatabaseMonitor,Database Monitor Service,nMAX_VCHAR_LEN,Maximum char length (Bytes),最大のキャラクター長 (バイト),
ClientCore/xml.languagefiles/Service.DatabaseMonitor,Database Monitor Service,nMessageMode,,,
ClientCore/xml.languagefiles/Service.DatabaseMonitor,Database Monitor Service,nPreventOverrunDelay,Overrun Prevention Delay (ms),オーバーラン防止遅延 (ms),
ClientCore/xml.languagefiles/Service.DatabaseMonitor,Database Monitor Service,nSleepTime,Check Interval (ms),チェック間隔 (ms),
ClientCore/xml.languagefiles/Service.DatabaseMonitor,Database Monitor Service,nUseCustomSeparator,Use custom separator,カスタムセパレータを使用,
ClientCore/xml.languagefiles/Service.DatabaseMonitor,Database Monitor Service,nWriteLastDBINdex,Write LastDBIndex at frequent intervals,最後のデータベース インデックスを頻繁に書き込む,
ClientCore/xml.languagefiles/Service.DatabaseMonitor,Database Monitor Service,nWriteLastDBINdex.tooltip,"When using 0, the LastDBIndex will only be written after all new DB Records have been processed.",0にすると、全ての新しいデータベースレコードが処理された際に、最後のデータベース インデックスが書かれます,
ClientCore/xml.languagefiles/Service.DatabaseMonitor,Database Monitor Service,szCustomSeparator,Custom separator,カスタムセパレータ,
ClientCore/xml.languagefiles/Service.DatabaseMonitor,Database Monitor Service,szDBDSN,DSN,DSN,
ClientCore/xml.languagefiles/Service.DatabaseMonitor,Database Monitor Service,szDBPass,Password,パスワード,
ClientCore/xml.languagefiles/Service.DatabaseMonitor,Database Monitor Service,szDBSelect,Select Statement,ステートメント選択,
ClientCore/xml.languagefiles/Service.DatabaseMonitor,Database Monitor Service,szDBTableName,Database Table,データベース テーブル,
ClientCore/xml.languagefiles/Service.DatabaseMonitor,Database Monitor Service,szDBUser,User-ID,ユーザーID,
ClientCore/xml.languagefiles/Service.DatabaseMonitor,Database Monitor Service,szDatabaseValues,Database Properties,データベース プロパティ,
ClientCore/xml.languagefiles/Service.DatabaseMonitor,Database Monitor Service,szLastDBIndex,Last processed DB Index number,最後に処理されたデータベース インデックス番号,
ClientCore/xml.languagefiles/Service.DatabaseMonitor,Database Monitor Service,szMessageMode,MessageField (%msg%),メッセージ フィールド (%msg%),
ClientCore/xml.languagefiles/Service.DatabaseMonitor,Database Monitor Service,szMessagecontent,Custom Message Content,カスタム メッセージ コンテンツ,
ClientCore/xml.languagefiles/Service.DatabaseMonitor,Database Monitor Service,szSelectStatement,Statement related properties,,
ClientCore/xml.languagefiles/Service.DatabaseMonitor,Database Monitor Service,szSelectStatementFROM,FROM,FROM,
ClientCore/xml.languagefiles/Service.DatabaseMonitor,Database Monitor Service,szSelectStatementSELECT,SELECT,SELECT,
ClientCore/xml.languagefiles/Service.DatabaseMonitor,Database Monitor Service,szTableID,ID Field name,ID フィールド名,
ClientCore/xml.languagefiles/Service.DiskSpaceMonitor,Disk Space Monitor Service,nSleepTime,Check Interval,チェック間隔,
ClientCore/xml.languagefiles/Service.EventMonitorV1,Event Monitor V1 Service,bAddFacilityString,Add Facilitystring,ファシリティを追加,
ClientCore/xml.languagefiles/Service.EventMonitorV1,Event Monitor V1 Service,bReportTruncatedLog,Report Truncated Log,ログの削除を通知する,
ClientCore/xml.languagefiles/Service.EventMonitorV1,Event Monitor V1 Service,bShowSyslogMsgNbr,Syslog Message Numbers,Syslogメッセージ番号,
ClientCore/xml.languagefiles/Service.EventMonitorV1,Event Monitor V1 Service,bUseLegacyFormat,Use Legacy Format,レガシーフォーマットを使用,
ClientCore/xml.languagefiles/Service.EventMonitorV1,Event Monitor V1 Service,btnEventLogDeSelectAll,Deleselect All,選択を全て解除,
ClientCore/xml.languagefiles/Service.EventMonitorV1,Event Monitor V1 Service,btnEventLogReloadLastRecords,Reload All LastRecords,全ての最終レコードを再読み込み,
ClientCore/xml.languagefiles/Service.EventMonitorV1,Event Monitor V1 Service,btnEventLogResetLastRecords,Reset All LastRecords,全ての最終レコードをリセット,
ClientCore/xml.languagefiles/Service.EventMonitorV1,Event Monitor V1 Service,btnEventLogSelectAll,Select All,全てを選択,
ClientCore/xml.languagefiles/Service.EventMonitorV1,Event Monitor V1 Service,btnReloadLastRecordV1,Reload,再読み込み,
ClientCore/xml.languagefiles/Service.EventMonitorV1,Event Monitor V1 Service,btnResetLastRecordV1,Reset ,リセット,
ClientCore/xml.languagefiles/Service.EventMonitorV1,Event Monitor V1 Service,btnVerifyEvtV1,Verify Connection,接続を確認,
ClientCore/xml.languagefiles/Service.EventMonitorV1,Event Monitor V1 Service,chkeventchannels,Enable,有効にする,
ClientCore/xml.languagefiles/Service.EventMonitorV1,Event Monitor V1 Service,eventchannels,Eventlog Channels,イベントログ チャンネル,
ClientCore/xml.languagefiles/Service.EventMonitorV1,Event Monitor V1 Service,nAddLogType,Add Logtype,ログタイプを追加,
ClientCore/xml.languagefiles/Service.EventMonitorV1,Event Monitor V1 Service,nAddUserName,Add Username,ユーザー名を追加,
ClientCore/xml.languagefiles/Service.EventMonitorV1,Event Monitor V1 Service,nCheckAutoBackupLogFiles,Check for Backup Logfiles made by Windows (See KB312571),Windowsで作成されたバックアップのログを確認（KB312571参照）,
ClientCore/xml.languagefiles/Service.EventMonitorV1,Event Monitor V1 Service,nClearEventLog,Clear Eventlog handling,イベントログ ハンドリングを消去,
ClientCore/xml.languagefiles/Service.EventMonitorV1,Event Monitor V1 Service,nCompressControlChars,Compress Spaces and Remove Control Characters,制御文字を圧縮する,
ClientCore/xml.languagefiles/Service.EventMonitorV1,Event Monitor V1 Service,nCustomizeSearchPath,Customize Search path for Event Log backup log files,バックアップログに対するサーチパスをカスタマイズする,
ClientCore/xml.languagefiles/Service.EventMonitorV1,Event Monitor V1 Service,nDefaultBuffer,Default Buffersize,デフォルトバッファサイズ,
ClientCore/xml.languagefiles/Service.EventMonitorV1,Event Monitor V1 Service,nDoNotProcessLastRecord,Do NOT process existing entries when Eventlog corruption occurs,イベントログのデータが破損している時、既存のイベントを処理しない,
ClientCore/xml.languagefiles/Service.EventMonitorV1,Event Monitor V1 Service,nDoNotProcessLastRecordOnStartup,Do NOT process existing entries on Service Startup,サービスの起動時に既存のイベントを処理しない,
ClientCore/xml.languagefiles/Service.EventMonitorV1,Event Monitor V1 Service,nEnableDateReplacements,Enable date replacement characters (See manual for more),日付の変数を使用する（マニュアルをご参照ください）,
ClientCore/xml.languagefiles/Service.EventMonitorV1,Event Monitor V1 Service,nEnableDateReplacementsOffset,Offset in seconds,オフセット：秒単位,
ClientCore/xml.languagefiles/Service.EventMonitorV1,Event Monitor V1 Service,nEnableLastRecordDelay,Delay writing LastRecord ,最終レコードの書き込みを遅延する,
ClientCore/xml.languagefiles/Service.EventMonitorV1,Event Monitor V1 Service,nEnabled,Channel Enabled,有効なチャンネル,
ClientCore/xml.languagefiles/Service.EventMonitorV1,Event Monitor V1 Service,nEnabledRemote,Enable remote EventLog monitoring,リモートによるイベントログの監視を有効にする ,
ClientCore/xml.languagefiles/Service.EventMonitorV1,Event Monitor V1 Service,nEventLogCor,How to handle Eventlog corruption?,破損したイベントログの処理方法,
ClientCore/xml.languagefiles/Service.EventMonitorV1,Event Monitor V1 Service,nEventScanLastEventByChecksum,Always search for the last processed Event using the Checksum,チェックサムを使用して最後に処理されたイベントから検索する,
ClientCore/xml.languagefiles/Service.EventMonitorV1,Event Monitor V1 Service,nEventUseChecksum,Use Checksum to verify the last processed event,最後に処理されたイベントを確認するためにチェックサムを利用する,
ClientCore/xml.languagefiles/Service.EventMonitorV1,Event Monitor V1 Service,nEvtClearIfEmpty,Clear the log even if it is empty,空であってもイベントログを消去する,
ClientCore/xml.languagefiles/Service.EventMonitorV1,Event Monitor V1 Service,nEvtClrPollingCycles,Clear after Nbr Runs,消去するまでの実行回数,
ClientCore/xml.languagefiles/Service.EventMonitorV1,Event Monitor V1 Service,nEvtClrSaveToFile,Create a Backup of the EventLog,イベントログのバックアップを作成する,
ClientCore/xml.languagefiles/Service.EventMonitorV1,Event Monitor V1 Service,nEvtClrTime,Select Clearing at,消去する時刻,
ClientCore/xml.languagefiles/Service.EventMonitorV1,Event Monitor V1 Service,nEvtLogSuccessfullClear,Log if Clearing was successful,消去に成功した場合にログを作成する,
ClientCore/xml.languagefiles/Service.EventMonitorV1,Event Monitor V1 Service,nFacility,Syslog Facility,Syslog ファシリティ,
ClientCore/xml.languagefiles/Service.EventMonitorV1,Event Monitor V1 Service,nFilterEventType,,フィルタイベントタイプ,
ClientCore/xml.languagefiles/Service.EventMonitorV1,Event Monitor V1 Service,nLanguageLCID,Preferred language,優先言語,
ClientCore/xml.languagefiles/Service.EventMonitorV1,Event Monitor V1 Service,nLastRecord,Last Record,最終レコード,
ClientCore/xml.languagefiles/Service.EventMonitorV1,Event Monitor V1 Service,nLastRecordDelayCount,Save after amount of entries,エントリー数を確認後に保存,
ClientCore/xml.languagefiles/Service.EventMonitorV1,Event Monitor V1 Service,nLastWriteTime,Last WriteTime,最後の書き込み時間,
ClientCore/xml.languagefiles/Service.EventMonitorV1,Event Monitor V1 Service,nNoExistingEntries,Do NOT process existing entries,既存のイベントを処理しない,
ClientCore/xml.languagefiles/Service.EventMonitorV1,Event Monitor V1 Service,nPriorityAuditFailure,Audit Failure,失敗の監査,
ClientCore/xml.languagefiles/Service.EventMonitorV1,Event Monitor V1 Service,nPriorityAuditSuccess,Audit Success,成功の監査,
ClientCore/xml.languagefiles/Service.EventMonitorV1,Event Monitor V1 Service,nPriorityError,Error,エラー,
ClientCore/xml.languagefiles/Service.EventMonitorV1,Event Monitor V1 Service,nPriorityInformation,Information,情報,
ClientCore/xml.languagefiles/Service.EventMonitorV1,Event Monitor V1 Service,nPrioritySuccess,Success,成功,
ClientCore/xml.languagefiles/Service.EventMonitorV1,Event Monitor V1 Service,nPriorityWarning,Warning,警告,
ClientCore/xml.languagefiles/Service.EventMonitorV1,Event Monitor V1 Service,nReadFromFile,Read Eventlog from File,ファイルからイベントログを読み込む,
ClientCore/xml.languagefiles/Service.EventMonitorV1,Event Monitor V1 Service,nReadSourceLocally,Read EventLog Sources from local machine,ローカルマシンからイベントログソースを読み込む,
ClientCore/xml.languagefiles/Service.EventMonitorV1,Event Monitor V1 Service,nRemoveControlCharsFromParams,Remove Control Characters from String Parameters,文字列のパラメータから制御文字を削除する,
ClientCore/xml.languagefiles/Service.EventMonitorV1,Event Monitor V1 Service,nSleepTime,Sleep Time(ms),スリープタイム（ミリ秒）,
ClientCore/xml.languagefiles/Service.EventMonitorV1,Event Monitor V1 Service,nTryConvSIDtoObj,Try to convert Security IDs (SID) to Object Names,セキュリティID（SID）のオブジェクト名への変更を試みる,
ClientCore/xml.languagefiles/Service.EventMonitorV1,Event Monitor V1 Service,nTryConvertDsClasses,Try to convert Active Directory Object Classes,Active Directory オブジェクトクラスのコンバートを試みる,
ClientCore/xml.languagefiles/Service.EventMonitorV1,Event Monitor V1 Service,processedfiles,Processed file properties,処理されたファイルプロパティ,
ClientCore/xml.languagefiles/Service.EventMonitorV1,Event Monitor V1 Service,szAutoBackPath,Search Path,サーチパス,
ClientCore/xml.languagefiles/Service.EventMonitorV1,Event Monitor V1 Service,szAutoBackupRunCommand,Postprocess Command,ポストプロセス コマンド,
ClientCore/xml.languagefiles/Service.EventMonitorV1,Event Monitor V1 Service,szClearEventLog0,Never clear (default),消去しない (デフォルト),
ClientCore/xml.languagefiles/Service.EventMonitorV1,Event Monitor V1 Service,szClearEventLog1,"Clear after Polling cycles, every time",ポーリングサイクル後に毎回消去する,
ClientCore/xml.languagefiles/Service.EventMonitorV1,Event Monitor V1 Service,szClearEventLog2,"Clear once a day, starting at configured hour",設定した時間に毎日消去する,
ClientCore/xml.languagefiles/Service.EventMonitorV1,Event Monitor V1 Service,szDisabled,Disabled,無効にする,
ClientCore/xml.languagefiles/Service.EventMonitorV1,Event Monitor V1 Service,szEventLogCor_clear,Clear all events from Eventlog,イベントログの全てのイベントを消去する,
ClientCore/xml.languagefiles/Service.EventMonitorV1,Event Monitor V1 Service,szEventLogCor_ignore,Ignore corrupted Eventlog entry,破損したイベントを無視する,
ClientCore/xml.languagefiles/Service.EventMonitorV1,Event Monitor V1 Service,szEventLogCor_retry,Retry processing from beginning,最初のイベントから再処理する,
ClientCore/xml.languagefiles/Service.EventMonitorV1,Event Monitor V1 Service,szEventTypesToLog,Eventlogtypes to Log,出力するイベントログタイプ,
ClientCore/xml.languagefiles/Service.EventMonitorV1,Event Monitor V1 Service,szEvtClrSaveFile,Backup Filename,バックアップ ファイル名,
ClientCore/xml.languagefiles/Service.EventMonitorV1,Event Monitor V1 Service,szLogFileName,File & Path Name,ファイルパス,
ClientCore/xml.languagefiles/Service.EventMonitorV1,Event Monitor V1 Service,szLogType,Type of Eventlog,イベントログのタイプ,
ClientCore/xml.languagefiles/Service.EventMonitorV1,Event Monitor V1 Service,szServerName,Monitor Eventlog from this host,イベントログを監視するマシン,
ClientCore/xml.languagefiles/Service.EventMonitorV1,Event Monitor V1 Service,szSyslogTagValue,Syslog Tag Value,Syslog タグ,
ClientCore/xml.languagefiles/Service.EventMonitorV1,Event Monitor V1 Service,szTabEventChannels,Event Channels,イベント チャンネル,
ClientCore/xml.languagefiles/Service.EventMonitorV1,Event Monitor V1 Service,szTabGeneral,General Options,全体のオプション,
ClientCore/xml.languagefiles/Service.EventMonitorV1,Event Monitor V1 Service,txteventchannels,Eventlog Channel,イベントログ チャンネル,
ClientCore/xml.languagefiles/Service.EventMonitorV1,Event Monitor V1 Service,txtprocessedfiles,Processed Filename,処理されたファイル名,
ClientCore/xml.languagefiles/Service.EventMonitorV2,Event Monitor V2 Service,bShowEvtChannelAdmin,Show operational / administrative Channels,運用/管理チャネルを表示,JTC:Show operational / administrative Channels
ClientCore/xml.languagefiles/Service.EventMonitorV2,Event Monitor V2 Service,bShowEvtChannelDebug,Show debug / analytic Channels,デバッグ/分析チャネルを表示,JTC:Show debug / analytic Channels
ClientCore/xml.languagefiles/Service.EventMonitorV2,Event Monitor V2 Service,btnEventLogDeSelectAll,Deleselect All,全ての選択を解除,
ClientCore/xml.languagefiles/Service.EventMonitorV2,Event Monitor V2 Service,btnEventLogReloadLastRecords,Reload All LastRecords,全ての最終レコードを再読み込み,
ClientCore/xml.languagefiles/Service.EventMonitorV2,Event Monitor V2 Service,btnEventLogRemoveDead,Remove not existing Channels,存在しないチャネルを削除,JTC:Remove not existing Channels
ClientCore/xml.languagefiles/Service.EventMonitorV2,Event Monitor V2 Service,btnEventLogResetLastRecords,Reset All LastRecords,全ての最終レコードをリセット,
ClientCore/xml.languagefiles/Service.EventMonitorV2,Event Monitor V2 Service,btnEventLogScan,(Re)Scan for EventLog Channels,イベントログチャネル(再)スキャン,JTC:(Re)Scan for EventLog Channels
ClientCore/xml.languagefiles/Service.EventMonitorV2,Event Monitor V2 Service,btnEventLogSelectAll,Select All,全てを選択,
ClientCore/xml.languagefiles/Service.EventMonitorV2,Event Monitor V2 Service,btnReloadLastRecordV2,Reload,再読み込み,
ClientCore/xml.languagefiles/Service.EventMonitorV2,Event Monitor V2 Service,btnResetLastRecordV2,Reset,リセット,
ClientCore/xml.languagefiles/Service.EventMonitorV2,Event Monitor V2 Service,btnVerifyEvtV2,Verify Connection,接続を確認,
ClientCore/xml.languagefiles/Service.EventMonitorV2,Event Monitor V2 Service,chkeventchannels,Enable,有効にする,
ClientCore/xml.languagefiles/Service.EventMonitorV2,Event Monitor V2 Service,eventchannels,Eventlog Channels,イベントログ チャネル,"JTC:Update old fashioned term ""チャンネル"" to ""チャネル"""
ClientCore/xml.languagefiles/Service.EventMonitorV2,Event Monitor V2 Service,nApiReadMode,Processing Mode,処理モード,
ClientCore/xml.languagefiles/Service.EventMonitorV2,Event Monitor V2 Service,nApiReadMode_Polling,Eventlog Polling (Sleeptime),ポーリング (スリープタイム),
ClientCore/xml.languagefiles/Service.EventMonitorV2,Event Monitor V2 Service,nApiReadMode_Subscription,Eventlog Subscription (Realtime),サブスクリプション (リアルタイム),
ClientCore/xml.languagefiles/Service.EventMonitorV2,Event Monitor V2 Service,nCacheEventCategory,Cache Event Category ( Task field ) ,イベントカテゴリーをキャッシュ（タスクのカテゴリ）,JTC:Cache Event Category ( Task field )
ClientCore/xml.languagefiles/Service.EventMonitorV2,Event Monitor V2 Service,nCacheEventKeyword,Cache Event Keyword,イベントキーワードをキャッシュ,JTC:Cache Event Keyword
ClientCore/xml.languagefiles/Service.EventMonitorV2,Event Monitor V2 Service,nCacheEventLevel,"Cache Event Levels ( Like Warning, Information, Error)",イベントレベルをキャッシュ（警告、情報、エラーなど）,
ClientCore/xml.languagefiles/Service.EventMonitorV2,Event Monitor V2 Service,nCacheEventPublisher,Cache Event Publisher handles ( Event Source ) ,イベント発行元ハンドルをキャッシュ（イベントソース）,
ClientCore/xml.languagefiles/Service.EventMonitorV2,Event Monitor V2 Service,nConvertToEventLogMonitorV1,Convert to EventLog Monitor V1 compatible Events,イベントログの監視V1対応のイベントに変換する,
ClientCore/xml.languagefiles/Service.EventMonitorV2,Event Monitor V2 Service,nCopyFormatIntoProperty,Select MessageFormat,メッセージフォーマットの選択,JTC:Select MessageFormat
ClientCore/xml.languagefiles/Service.EventMonitorV2,Event Monitor V2 Service,nEmulateParameters,Emulate %Param% properties from old EventLog Monitor,従来のイベントログ監視から%Param%をエミュレートする,
ClientCore/xml.languagefiles/Service.EventMonitorV2,Event Monitor V2 Service,nEnableLastRecordDelay,Delay writing LastRecord ,最終レコードの書き込みを遅延する,
ClientCore/xml.languagefiles/Service.EventMonitorV2,Event Monitor V2 Service,nEnableUnknownChannels,Process unknown/unconfigured Eventlog Channels,不明/未設定のイベントログチャネルを処理,"JTC:Update old fashioned term ""チャンネル"" to ""チャネル"""
ClientCore/xml.languagefiles/Service.EventMonitorV2,Event Monitor V2 Service,nEnabled,Channel Enabled,有効なチャネル,"JTC:Update old fashioned term ""チャンネル"" to ""チャネル"""
ClientCore/xml.languagefiles/Service.EventMonitorV2,Event Monitor V2 Service,nEnabledRemote,Enable remote EventLog monitoring,リモートによるイベントログの監視を有効にする,
ClientCore/xml.languagefiles/Service.EventMonitorV2,Event Monitor V2 Service,nFacility,Facility,ファシリティ,
ClientCore/xml.languagefiles/Service.EventMonitorV2,Event Monitor V2 Service,nFormatType,Select MessageFormat,メッセージフォーマットを選択,
ClientCore/xml.languagefiles/Service.EventMonitorV2,Event Monitor V2 Service,nFormatType_DISABLED,Disabled,(無効),JTC:Disabled
ClientCore/xml.languagefiles/Service.EventMonitorV2,Event Monitor V2 Service,nFormatType_Json,JSON Format,JSON フォーマット,JTC:JSON Format
ClientCore/xml.languagefiles/Service.EventMonitorV2,Event Monitor V2 Service,nFormatType_JsonSiem,LogPoint SIEM JSON Format,LogPoint SIEM JSON フォーマット,JTC:LogPoint SIEM JSON Format
ClientCore/xml.languagefiles/Service.EventMonitorV2,Event Monitor V2 Service,nFormatType_Predefined,Predefined Event Format,定義済みイベントフォーマット,
ClientCore/xml.languagefiles/Service.EventMonitorV2,Event Monitor V2 Service,nFormatType_XML,Raw XML Format,Raw XML フォーマット,
ClientCore/xml.languagefiles/Service.EventMonitorV2,Event Monitor V2 Service,nIncludeEventParameters,Include optional Event Parameters as properties?,プロパティにオプションのイベントパラメータを含める,
ClientCore/xml.languagefiles/Service.EventMonitorV2,Event Monitor V2 Service,nLanguageLCID,Preferred language,優先言語,
ClientCore/xml.languagefiles/Service.EventMonitorV2,Event Monitor V2 Service,nLanguageLCID.invalidZero,0 is reserved for the internal Windows default fallback and cannot be configured here. Use -1 for OS default or a positive LCID.,0 は内部の Windows 既定フォールバック用に予約されているため、ここでは設定できません。OS の既定値には -1、または正の LCID を使用してください。,
ClientCore/xml.languagefiles/Service.EventMonitorV2,Event Monitor V2 Service,nLanguageLCID.systemDefault,OS default / automatic fallback [-1],OS の既定値 / 自動フォールバック [-1],
ClientCore/xml.languagefiles/Service.EventMonitorV2,Event Monitor V2 Service,nLanguageLCID.tooltip,"Preferred locale used for WEVT event message formatting. Fallback order: configured LCID, Windows default, system UI locale, en-US.",WEVT イベントメッセージの書式設定に使用する優先ロケールです。フォールバック順序: 設定済み LCID、Windows の既定値、システム UI ロケール、en-US。,
ClientCore/xml.languagefiles/Service.EventMonitorV2,Event Monitor V2 Service,nLastRecordDelayCount,Save after amount of entries,エントリー数を確認後に保存,
ClientCore/xml.languagefiles/Service.EventMonitorV2,Event Monitor V2 Service,nLastRecordDelayTime,Save after wait time,待機時間後に保存,
ClientCore/xml.languagefiles/Service.EventMonitorV2,Event Monitor V2 Service,nNoExistingEntries,Do NOT process existing entries,既存のイベントを処理しない,
ClientCore/xml.languagefiles/Service.EventMonitorV2,Event Monitor V2 Service,nPreventOverrunDelay,Overrun Prevention Delay (ms),オーバーラン防止の遅延（ミリ秒）,
ClientCore/xml.languagefiles/Service.EventMonitorV2,Event Monitor V2 Service,nPriorityCritical,Critical,重大,
ClientCore/xml.languagefiles/Service.EventMonitorV2,Event Monitor V2 Service,nPriorityError,Error,エラー,
ClientCore/xml.languagefiles/Service.EventMonitorV2,Event Monitor V2 Service,nPriorityInfo,Information,情報,
ClientCore/xml.languagefiles/Service.EventMonitorV2,Event Monitor V2 Service,nPriorityVerbose,Verbose,情報（詳細）,JTC:Verbose
ClientCore/xml.languagefiles/Service.EventMonitorV2,Event Monitor V2 Service,nPriorityWarning,Warning,警告,
ClientCore/xml.languagefiles/Service.EventMonitorV2,Event Monitor V2 Service,nReadFromFile,Read Eventlog from File,ファイルからイベントログを読み込む,
ClientCore/xml.languagefiles/Service.EventMonitorV2,Event Monitor V2 Service,nSleepTime,Sleep Time(ms),スリープタイム（ミリ秒）,
ClientCore/xml.languagefiles/Service.EventMonitorV2,Event Monitor V2 Service,nSubscriptionSleepTime,Wait time after action failure,アクション実行失敗時の待ち時間,
ClientCore/xml.languagefiles/Service.EventMonitorV2,Event Monitor V2 Service,nSubscriptionSleepTime.tooltip,Defines the wait time after the Event subscription is retried. This wait time only applies after an action failure. ,イベントサブスクリプションのリトライ後の待ち時間を設定する。この待ち時間はアクション失敗時のみ適用されます。,
ClientCore/xml.languagefiles/Service.EventMonitorV2,Event Monitor V2 Service,nTryConvSIDtoObj,Try to convert Security IDs (SID) to Object Names,セキュリティID（SID）のオブジェクト名への変更を試みる,
ClientCore/xml.languagefiles/Service.EventMonitorV2,Event Monitor V2 Service,szCacheEventInfo,"For performance reasons we recommend to use all caching options available. However if you do not want to cache data queried from the eventlog, you can disable them here. ",パフォーマンス上の理由から利用可能なすべてのキャッシュオプションを使用することをお勧めします。 ただしイベントログのデータをキャッシュしたくない場合はここで無効にすることができます。,
ClientCore/xml.languagefiles/Service.EventMonitorV2,Event Monitor V2 Service,szCopyFormatIntoProperty,store into Property,次のプロパティに保存,JTC:store into Property
ClientCore/xml.languagefiles/Service.EventMonitorV2,Event Monitor V2 Service,szCopyFormatIntoPropertyGroup,Copy Format into Property,フォーマットをプロパティにコピー,JTC:Copy Format into Property
ClientCore/xml.languagefiles/Service.EventMonitorV2,Event Monitor V2 Service,szDisabled,Disabled,無効にする,
ClientCore/xml.languagefiles/Service.EventMonitorV2,Event Monitor V2 Service,szEventLogV2WarningOnWinXp,"Warning, this Windows Version does not support the new Windows Eventlog API needed for this service. You may configure this service if you intend to use this configuration on a machine with a higher OS level later.",警告；ご利用の Windows のバージョンは、このサービスに必要な EventLog API をサポートしていません。,
ClientCore/xml.languagefiles/Service.EventMonitorV2,Event Monitor V2 Service,szEventPollingOptions,Eventpolling related Options,イベント ポーリング関連オプション,
ClientCore/xml.languagefiles/Service.EventMonitorV2,Event Monitor V2 Service,szEventTypesManage,Manage Event Channels,イベントチャネルの管理,JTC:Manage Event Channels
ClientCore/xml.languagefiles/Service.EventMonitorV2,Event Monitor V2 Service,szEventTypesToLog,Eventlog Types to Log,出力するイベントログタイプ,
ClientCore/xml.languagefiles/Service.EventMonitorV2,Event Monitor V2 Service,szLogFileName,File & Path Name,ファイルパス,
ClientCore/xml.languagefiles/Service.EventMonitorV2,Event Monitor V2 Service,szServerName,Monitor Eventlog from this host:,イベントログを監視するマシン：,
ClientCore/xml.languagefiles/Service.EventMonitorV2,Event Monitor V2 Service,szSubscriptionOptions,Subscription related Options,サブスクリプション関連オプション,
ClientCore/xml.languagefiles/Service.EventMonitorV2,Event Monitor V2 Service,szSyslogTagValue,Syslog Tag Value,Syslog タグ,
ClientCore/xml.languagefiles/Service.EventMonitorV2,Event Monitor V2 Service,szTabCaching,Event Caching,イベント キャッシュ,
ClientCore/xml.languagefiles/Service.EventMonitorV2,Event Monitor V2 Service,szTabEventChannels,Event Channels,イベント チャネル,"JTC:Update old fashioned term ""チャンネル"" to ""チャネル"""
ClientCore/xml.languagefiles/Service.EventMonitorV2,Event Monitor V2 Service,szTabGeneral,General Options,全体のオプション,
ClientCore/xml.languagefiles/Service.EventMonitorV2,Event Monitor V2 Service,szXMLBookmark,Last Record,最終レコード,
ClientCore/xml.languagefiles/Service.EventMonitorV2,Event Monitor V2 Service,txteventchannels,Eventlog Channel,イベントログ チャネル,"JTC:Update old fashioned term ""チャンネル"" to ""チャネル"""
ClientCore/xml.languagefiles/Service.FTPProbe,FTP Probe Service,nFTPPort,FTP Port,FTP ポート,
ClientCore/xml.languagefiles/Service.FTPProbe,FTP Probe Service,nGenerateOnSuccess,Generate an event if FTP Probe was successful,FTP 探査が成功した場合、イベントを生成する,
ClientCore/xml.languagefiles/Service.FTPProbe,FTP Probe Service,szFTPServer,FTP Server,FTP サーバー,
ClientCore/xml.languagefiles/Service.FileMonitor,File Monitor Service,bIsRegex_,Enable Regular Expression,正規表現を有効にする,
ClientCore/xml.languagefiles/Service.FileMonitor,File Monitor Service,btnButtonFileMonResetAllLastPos,Reset All Position Counters,全てのポジションカウンターをリセット,
ClientCore/xml.languagefiles/Service.FileMonitor,File Monitor Service,btnButtonResetLastPos,Reset Position Counter,ポジションカウンターをリセット,
ClientCore/xml.languagefiles/Service.FileMonitor,File Monitor Service,btnEventLogReloadLastRecords,Reload File Counter Positions,ファイルのポジションを再読み込み,
ClientCore/xml.languagefiles/Service.FileMonitor,File Monitor Service,fileitems,Processed File,ファイルを処理,
ClientCore/xml.languagefiles/Service.FileMonitor,File Monitor Service,msgseps,List of message separators,メッセージ セパレータのリスト,
ClientCore/xml.languagefiles/Service.FileMonitor,File Monitor Service,nCompressSpaces,Compress spaces,スペースを圧縮する,
ClientCore/xml.languagefiles/Service.FileMonitor,File Monitor Service,nEnableLastRecordDelay,Delay writing Last File Position,ファイル最終位置の書き込みを遅延させる,
ClientCore/xml.languagefiles/Service.FileMonitor,File Monitor Service,nIgnoreEmptyLines,Ignore empty lines,空行を無視する,
ClientCore/xml.languagefiles/Service.FileMonitor,File Monitor Service,nKeepReadingUntilNew,Keep reading the current opened file until a new is created,新たに作成されるまで、現在オープンされたファイルの読み込みを継続する,
ClientCore/xml.languagefiles/Service.FileMonitor,File Monitor Service,nLastPos,Last File Position,最終ファイルポジション,
ClientCore/xml.languagefiles/Service.FileMonitor,File Monitor Service,nLastRecordDelayCount,Save after amount of processed lines,処理済み行数を確認後に保存,
ClientCore/xml.languagefiles/Service.FileMonitor,File Monitor Service,nLogFileType,Logfile Type,ログファイル タイプ,
ClientCore/xml.languagefiles/Service.FileMonitor,File Monitor Service,nMaxBytesPerMessage,Max Bytes per Message,メッセージ毎の最大バイト,
ClientCore/xml.languagefiles/Service.FileMonitor,File Monitor Service,nMultipleFiles,Allow Directories or read multiple files (Needs Wildcard in Filename),ディレクトリ、または複数のファイルの読み込みを許可（ファイル名にワイルドカードを使用）,
ClientCore/xml.languagefiles/Service.FileMonitor,File Monitor Service,nPreventOverrunDelay,Overrun Prevention Delay (ms),オーバーラン防止遅延 (ms),
ClientCore/xml.languagefiles/Service.FileMonitor,File Monitor Service,nProcessRestOfFile,Process rest of file as one message (If no message separator matches anymore),ファイルの残りの部分を1つのメッセージとして処理する（メッセージ セパレータがマッチしない場合）,
ClientCore/xml.languagefiles/Service.FileMonitor,File Monitor Service,nPropertyMsgSep,Save Message Separator in Property (%msgsep%),メッセージのセパレータをプロパティ(%msgsep%)に保存,
ClientCore/xml.languagefiles/Service.FileMonitor,File Monitor Service,nPropertyMsgSepReset,Reset Message Separator after each run,起動後にメッセージのセパレータをリセットする,
ClientCore/xml.languagefiles/Service.FileMonitor,File Monitor Service,nReadFileBuffer,Read Filebuffer size,読み取りファイルバッファーサイズ,
ClientCore/xml.languagefiles/Service.FileMonitor,File Monitor Service,nRemoveControlChars,Remove Control Characters,制御文字を削除,
ClientCore/xml.languagefiles/Service.FileMonitor,File Monitor Service,nRemoveLeadingSpaces,Remove leading space,先頭にあるスペースを削除,
ClientCore/xml.languagefiles/Service.FileMonitor,File Monitor Service,nReplaceNullBytes,Replace NULL Bytes with spaces,NULLバイトをスペースに置き換える,
ClientCore/xml.languagefiles/Service.FileMonitor,File Monitor Service,nReportErrorOnFNF,Report an error if the File was not found (Willbe written into the Application Eventlog),ファイルが見つからない場合にエラーをレポートする,
ClientCore/xml.languagefiles/Service.FileMonitor,File Monitor Service,nSkipLinesEnabled,Skip all lines on Startup,起動時に全てのラインをスキップする,
ClientCore/xml.languagefiles/Service.FileMonitor,File Monitor Service,nTimeMode,Timemode used for Filename,ファイル名に使用するタイムモード,
ClientCore/xml.languagefiles/Service.FileMonitor,File Monitor Service,nUseWildcard,Use wildcards in Filename,ファイル名にワイルドカードを使用する,
ClientCore/xml.languagefiles/Service.FileMonitor,File Monitor Service,szCharacterProcessing,Character processing related options,文字処理関連オプション,
ClientCore/xml.languagefiles/Service.FileMonitor,File Monitor Service,szIncludeMsgSepInMessageDisabled,Do not include message separator in message,メッセージにメッセージセパレータを含めない,
ClientCore/xml.languagefiles/Service.FileMonitor,File Monitor Service,szIncludeMsgSepInMessageLastMsgSepPrepend,Prepend previous found separator to message,メッセージの先頭に以前検出されたセパレータを付加する,
ClientCore/xml.languagefiles/Service.FileMonitor,File Monitor Service,szIncludeMsgSepInMessageMsgSepAppend,Append found separator to message,メッセージに検出されたセパレータを付加する,
ClientCore/xml.languagefiles/Service.FileMonitor,File Monitor Service,szIncludeMsgSepInMessageMsgSepPrepend,Prepend found separator to message,メッセージの先頭に検出されたセパレータを付加する,
ClientCore/xml.languagefiles/Service.FileMonitor,File Monitor Service,szLogFileTypeStandard,Standard,スタンダード,
ClientCore/xml.languagefiles/Service.FileMonitor,File Monitor Service,szLogFileTypeW3C,W3C WebServer Logfile,W3C Webサーバー ログファイル,
ClientCore/xml.languagefiles/Service.FileMonitor,File Monitor Service,szMessageProcessing,Message processing related options,メッセージ処理関連オプション,
ClientCore/xml.languagefiles/Service.FileMonitor,File Monitor Service,szMsgSep_,Message separation sequence,メッセージの分離シーケンス,
ClientCore/xml.languagefiles/Service.FileMonitor,File Monitor Service,szPathAndFileName,File and Path Name,ファイルパス,
ClientCore/xml.languagefiles/Service.FileMonitor,File Monitor Service,szReadFileBufferInfo,"The File Monitor reads files in chunks (blocks) with the read Filebuffer size. 
The default buffersize is 4096 bytes which is a good balance between performance and memory usage. 
 
You may want to increase the size when using regex message separators and your log lines increase the default file buffer size. Otherwise we recommend not to change this value!","ファイルモニターは読み取りファイルバッファーサイズごとにファイルを読み取ります。
デフォルトのバッファーサイズは4096バイトです。これはパフォーマンスとメモリ使用量のバランスに優れています。

正規表現のメッセージセパレーターの使用やデフォルトファイルバッファーサイズを超えるログ行がある場合はこのサイズを増やすことができます。その他はこの値を変更しないことをお勧めします。",
ClientCore/xml.languagefiles/Service.FileMonitor,File Monitor Service,szResetValue,Reset value,値をリセット,
ClientCore/xml.languagefiles/Service.FileMonitor,File Monitor Service,szTabAdvanced,Advanced Options,高度なオプション,
ClientCore/xml.languagefiles/Service.FileMonitor,File Monitor Service,szTabFiles,Processed Files,処理ファイル,
ClientCore/xml.languagefiles/Service.FileMonitor,File Monitor Service,szTabGeneral,General,全体,
ClientCore/xml.languagefiles/Service.FileMonitor,File Monitor Service,szTabMsgSep,Message Separators,メッセージセパレータ,
ClientCore/xml.languagefiles/Service.FileMonitor,File Monitor Service,szW3CHeader,W3C Header Value,W3C ヘッダー値,
ClientCore/xml.languagefiles/Service.FileMonitor,File Monitor Service,txtfileitems,Filename,ファイル名,
ClientCore/xml.languagefiles/Service.HTTPProbe,HTTP Probe Service,lbl_request_get,GET,GET,
ClientCore/xml.languagefiles/Service.HTTPProbe,HTTP Probe Service,lbl_request_head,HEAD,HEAD,
ClientCore/xml.languagefiles/Service.HTTPProbe,HTTP Probe Service,nGenerateOnSuccess,Generate an event if HTTP Probe was successful,HTTP 探査が成功した場合、イベントを生成する,
ClientCore/xml.languagefiles/Service.HTTPProbe,HTTP Probe Service,nHTTPPort,HTTP Port,HTTP ポート,
ClientCore/xml.languagefiles/Service.HTTPProbe,HTTP Probe Service,nUseSSL,Use secure https protocoll,セキュアな HTTP プロトコルを使用,
ClientCore/xml.languagefiles/Service.HTTPProbe,HTTP Probe Service,szConfigUrlPreview,URL Preview,URL プレビュー,
ClientCore/xml.languagefiles/Service.HTTPProbe,HTTP Probe Service,szHTTPServer,HTTP Server,HTTP サーバー,
ClientCore/xml.languagefiles/Service.HTTPProbe,HTTP Probe Service,szReferer,Referrer,参照元,
ClientCore/xml.languagefiles/Service.HTTPProbe,HTTP Probe Service,szRequestType,Request Type,リクエストタイプ,
ClientCore/xml.languagefiles/Service.HTTPProbe,HTTP Probe Service,szUrl,URL & Querystring,URL & クエリ文字列,
ClientCore/xml.languagefiles/Service.HTTPProbe,HTTP Probe Service,szUserAgent,UserAgent (Browser),ユーザーエージェント (ブラウザ),
ClientCore/xml.languagefiles/Service.Heartbeat,Heartbeat Service,nSleepTime,Heartbeat clock (Sleeptime),ハートビートクロック (スリープタイム),
ClientCore/xml.languagefiles/Service.Heartbeat,Heartbeat Service,szMessage,Message that is send during each heartbeat,ハートビートで送信するメッセージ,
ClientCore/xml.languagefiles/Service.IMAPProbe,IMAP Probe Service,nGenerateOnSuccess,Generate an event if IMAP Probe was successful,IMAP 探査が成功した場合、イベントを生成する,
ClientCore/xml.languagefiles/Service.IMAPProbe,IMAP Probe Service,nIMAPPort,IMAP Port,IMAP ポート,
ClientCore/xml.languagefiles/Service.IMAPProbe,IMAP Probe Service,szIMAPServer,IMAP Server,IMAP サーバー,
ClientCore/xml.languagefiles/Service.MonitorWareEchoReply,Monitor Ware Echo Reply Service,szMyIPAddress,IP Listener Address,IP アドレス,
ClientCore/xml.languagefiles/Service.MonitorWareEchoRequest,Monitor Ware Echo Request Service,hostlist,List of hosts,ホスト リスト,
ClientCore/xml.languagefiles/Service.MonitorWareEchoRequest,Monitor Ware Echo Request Service,nGenerateOnSuccess,Also generate an event if echo reply was successful,echo reply が成功した場合、イベントを生成する,
ClientCore/xml.languagefiles/Service.MonitorWareEchoRequest,Monitor Ware Echo Request Service,nPort_,Port,ポート,
ClientCore/xml.languagefiles/Service.MonitorWareEchoRequest,Monitor Ware Echo Request Service,nSleepTime,Check Interval(ms),チェック間隔(ms),
ClientCore/xml.languagefiles/Service.MonitorWareEchoRequest,Monitor Ware Echo Request Service,szIP_,IP Address,IP アドレス,
ClientCore/xml.languagefiles/Service.NNTPProbe,NNTP Probe Service,nGenerateOnSuccess,Generate an event if NNTP Probe was successful,NNTP探査が成功した場合、イベントを生成する,
ClientCore/xml.languagefiles/Service.NNTPProbe,NNTP Probe Service,nNNTPPort,NNTP Port,NNTP ポート,
ClientCore/xml.languagefiles/Service.NNTPProbe,NNTP Probe Service,szNNTPServer,NNTP Server,NNTP サーバー,
ClientCore/xml.languagefiles/Service.NTServiceMonitor,NT Service Monitor Service,nDelayOnStartup,Delay on Startup in Milliseconds (1000 ms --> 1 second),起動をミリ秒単位で遅らせる（1秒：1000ミリ秒）,
ClientCore/xml.languagefiles/Service.NTServiceMonitor,NT Service Monitor Service,nGenerateOnSuccess,Generate an event if a Service is in the running state,サービス起動時にイベントを生成する,
ClientCore/xml.languagefiles/Service.POP3Probe,POP3Probe Service,nGenerateOnSuccess,Generate an event if POP3 Probe was successful,POP3 探査が成功した場合、イベントを生成する,
ClientCore/xml.languagefiles/Service.POP3Probe,POP3Probe Service,nPOP3Port,POP3 Port,POP3 ポート,
ClientCore/xml.languagefiles/Service.POP3Probe,POP3Probe Service,szPOP3Server,POP3 Server,POP3 サーバー,
ClientCore/xml.languagefiles/Service.PassiveSyslogListener,Passive Syslog Listener Service,btnButtonPassiveSyslogTest,Test Passive Syslogserver,Test Passive Syslogserver,
ClientCore/xml.languagefiles/Service.PassiveSyslogListener,Passive Syslog Listener Service,lbl_syslogTCP,TCP,TCP,
ClientCore/xml.languagefiles/Service.PassiveSyslogListener,Passive Syslog Listener Service,lbl_syslogUDP,UDP,UDP,
ClientCore/xml.languagefiles/Service.PassiveSyslogListener,Passive Syslog Listener Service,nEnableCommunicate,Enable communication,通信を有効にする,
ClientCore/xml.languagefiles/Service.PassiveSyslogListener,Passive Syslog Listener Service,nListenPort,Listener Port,ポート番号,
ClientCore/xml.languagefiles/Service.PassiveSyslogListener,Passive Syslog Listener Service,nProtocolType,Protocol Type,プロトコルタイプ,
ClientCore/xml.languagefiles/Service.PassiveSyslogListener,Passive Syslog Listener Service,nTCPMaxSessions,Maximum TCP sessions,最大TCPセッション数,
ClientCore/xml.languagefiles/Service.PassiveSyslogListener,Passive Syslog Listener Service,nTCPMaxSessions.tooltip,Maximum number of concurrent TCP receiver sessions. Use 0 to disable the cap.,同時に受け付けるTCP受信セッションの最大数です。0を指定すると上限を無効にします。,
ClientCore/xml.languagefiles/Service.PassiveSyslogListener,Passive Syslog Listener Service,nTLSAllowExpiredCerts,Allow expired peer certificates,期限切れピア証明書を許可,
ClientCore/xml.languagefiles/Service.PassiveSyslogListener,Passive Syslog Listener Service,nTLSAllowExpiredCerts.tooltip,"Compatibility mode. When enabled, expired peer certificates are accepted. Disable to reject expired certificates.",互換モードです。有効にすると期限切れのピア証明書を受け入れます。無効にすると期限切れ証明書を拒否します。,
ClientCore/xml.languagefiles/Service.PassiveSyslogListener,Passive Syslog Listener Service,nTLSFailOnConfigCommandError,Fail on TLS config command errors,TLS設定コマンドエラーで失敗,
ClientCore/xml.languagefiles/Service.PassiveSyslogListener,Passive Syslog Listener Service,nTLSFailOnConfigCommandError.tooltip,"When enabled, listener setup fails if configured OpenSSL commands cannot be applied. By default errors are logged and setup continues.",有効にすると、設定済みのOpenSSLコマンドを適用できない場合にlistenerのセットアップを失敗させます。既定ではエラーを記録してセットアップを続行します。,
ClientCore/xml.languagefiles/Service.PassiveSyslogListener,Passive Syslog Listener Service,nTLSHandshakeTimeout,TLS handshake timeout,TLSハンドシェイクタイムアウト,
ClientCore/xml.languagefiles/Service.PassiveSyslogListener,Passive Syslog Listener Service,nTLSHandshakeTimeout.tooltip,Maximum time in milliseconds allowed for a TLS handshake before the connection is closed.,接続を閉じる前にTLSハンドシェイクへ許可する最大時間（ミリ秒）です。,
ClientCore/xml.languagefiles/Service.PassiveSyslogListener,Passive Syslog Listener Service,nTLSLegacyFingerprintMatch,Allow legacy fingerprint matching,従来のフィンガープリント照合を許可,
ClientCore/xml.languagefiles/Service.PassiveSyslogListener,Passive Syslog Listener Service,nTLSLegacyFingerprintMatch.tooltip,"Compatibility mode. When enabled, legacy SHA-1 substring fingerprint matching remains allowed. Disable to require normalized exact SHA-1/SHA-256 fingerprints.",互換モードです。有効にすると従来のSHA-1部分文字列照合を許可します。無効にすると正規化された正確なSHA-1/SHA-256フィンガープリントが必要になります。,
ClientCore/xml.languagefiles/Service.PassiveSyslogListener,Passive Syslog Listener Service,nTLSLegacyPeerNameMatch,Allow legacy peer name matching,従来のピア名照合を許可,
ClientCore/xml.languagefiles/Service.PassiveSyslogListener,Passive Syslog Listener Service,nTLSLegacyPeerNameMatch.tooltip,"Compatibility mode. When enabled, legacy subject substring matching remains allowed. Disable to require strict SAN/CN matching.",互換モードです。有効にすると従来のSubject部分文字列照合を許可します。無効にすると厳密なSAN/CN照合が必要になります。,
ClientCore/xml.languagefiles/Service.PassiveSyslogListener,Passive Syslog Listener Service,nTimeOutSession,Session Timeout,セッションタイムアウト,
ClientCore/xml.languagefiles/Service.PassiveSyslogListener,Passive Syslog Listener Service,nUseSSL,"Enable SSL / TLS Encryption. Note if this Option is enabled, NON-SSL Clients will not be able to connect to this Service.",SSL/TLSを使用（SSLに対応していないクライアントからはアクセスできなくなります）,
ClientCore/xml.languagefiles/Service.PassiveSyslogListener,Passive Syslog Listener Service,szDetailProperties,Details,詳細,
ClientCore/xml.languagefiles/Service.PassiveSyslogListener,Passive Syslog Listener Service,szIP_,Permitted Peername / SHA1 / etc,許可されたピア名 / SHA1 / etc,
ClientCore/xml.languagefiles/Service.PassiveSyslogListener,Passive Syslog Listener Service,szMessageExpected,Expected Message: ,想定されるメッセージ: ,
ClientCore/xml.languagefiles/Service.PassiveSyslogListener,Passive Syslog Listener Service,szMessageToSend,Message to Send: ,送信メッセージ: ,
ClientCore/xml.languagefiles/Service.PassiveSyslogListener,Passive Syslog Listener Service,szMyIPAddress,IP Address,IPアドレス,
ClientCore/xml.languagefiles/Service.PassiveSyslogListener,Passive Syslog Listener Service,szSyslogQueue,SyslogQueue Name,Syslog キュー名,
ClientCore/xml.languagefiles/Service.PassiveSyslogListener,Passive Syslog Listener Service,szTCPMsgSep,Message separation sequence,メッセージの分離シーケンス,
ClientCore/xml.languagefiles/Service.PassiveSyslogListener,Passive Syslog Listener Service,szTLSAdvancedOptions,TLS Advanced,TLS Advanced,
ClientCore/xml.languagefiles/Service.PassiveSyslogListener,Passive Syslog Listener Service,szTLSOptions,Syslog TLS,Syslog TLS,
ClientCore/xml.languagefiles/Service.PassiveSyslogListener,Passive Syslog Listener Service,szTabGeneral,General,全体,
ClientCore/xml.languagefiles/Service.PassiveSyslogListener,Passive Syslog Listener Service,tlsallowedentries,Permitted Peers,許可されたピア,
ClientCore/xml.languagefiles/Service.PingProbe,Ping Probe Service,nGenerateOnSuccess,Generate an event if PingProbe was successful,Ping 探査が成功した場合、イベントを生成する,
ClientCore/xml.languagefiles/Service.PingProbe,Ping Probe Service,nNbrOfRetries,Number Of Retries,リトライの回数,
ClientCore/xml.languagefiles/Service.PingProbe,Ping Probe Service,nRetryInterval,Retry Interval (ms),リトライの間隔 (ms),
ClientCore/xml.languagefiles/Service.PingProbe,Ping Probe Service,szIPAddress,IPAddress or Hostname,IP アドレスまたはホスト名,
ClientCore/xml.languagefiles/Service.PortProbe,Port Probe Service,nGenerateOnSuccess,Generate an event if PingProbe was successful,ポート探査が成功した場合、イベントを生成する,
ClientCore/xml.languagefiles/Service.PortProbe,Port Probe Service,nPortNumber,Port,ポート,
ClientCore/xml.languagefiles/Service.PortProbe,Port Probe Service,nSendExpect,Send Message and check for expected message,送信メッセージ、および期待されるメッセージの確認,
ClientCore/xml.languagefiles/Service.PortProbe,Port Probe Service,szIPAddress,IPAddress or Hostname,IP アドレスまたはホスト名,
ClientCore/xml.languagefiles/Service.PortProbe,Port Probe Service,szMessageExpected,Message to expect,期待されるメッセージ,
ClientCore/xml.languagefiles/Service.PortProbe,Port Probe Service,szMessageToSend,Message to send,送信メッセージ,
ClientCore/xml.languagefiles/Service.RELPListener,RELP Listener Service,nTimeOutSession,Session Timeout,セッションタイムアウト,
ClientCore/xml.languagefiles/Service.RELPListener,RELP Listener Service,nUseSSL,Enable SSL / TLS Encryption.,SSL/TLSを使用,
ClientCore/xml.languagefiles/Service.RELPListener,RELP Listener Service,szIP_,Permitted Peername / SHA1 / etc,許可されたピア名 / SHA1 / etc,
ClientCore/xml.languagefiles/Service.RELPListener,RELP Listener Service,tlsallowedentries,Permitted Peers,,
ClientCore/xml.languagefiles/Service.SETPListener,SETP Listener Service,bIndicateErrorToOrigin,Notify Sender about Rule Action Errors?,ルールのエラーを送信者に通知する,
ClientCore/xml.languagefiles/Service.SETPListener,SETP Listener Service,nTimeOutSession,Session Timeout,セッションタイムアウト,
ClientCore/xml.languagefiles/Service.SETPListener,SETP Listener Service,nUseSSL,"Enable SSL / TLS Encryption. Note if this Option is enabled, NON-SSL Clients will not be able to connect to this Service.",SSL/TLSを使用（SSLに対応していないクライアントはアクセスできなくなります）,
ClientCore/xml.languagefiles/Service.SETPListener,SETP Listener Service,nZlibComp,Use zLib Compression to compress the data.,データの圧縮にzLib圧縮を使用する,
ClientCore/xml.languagefiles/Service.SETPListener,SETP Listener Service,szOptions,Options,オプション,
ClientCore/xml.languagefiles/Service.SMTPListener,SMTP Listener Service,nSMTPPort,Listener Port,ポート,
ClientCore/xml.languagefiles/Service.SMTPListener,SMTP Listener Service,nTimeOutLimit,Connection Timeout Limit,接続のタイムアウト,
ClientCore/xml.languagefiles/Service.SMTPProbe,SMTP Probe Service,nGenerateOnSuccess,Generate an event if SMTP Probe was successful,SMTP探査が成功した場合、イベントを生成する,
ClientCore/xml.languagefiles/Service.SMTPProbe,SMTP Probe Service,nSMTPPort,SMTP Port,SMTP ポート,
ClientCore/xml.languagefiles/Service.SMTPProbe,SMTP Probe Service,szMailServer,SMTP Server,SMTP サーバー,
ClientCore/xml.languagefiles/Service.SNMPMonitor,SNMP Monitor Service,nCheckPort,SNMP Port,SNMP ポート,
ClientCore/xml.languagefiles/Service.SNMPMonitor,SNMP Monitor Service,nInstanceID,Instance subidentifier,インスタンス副識別子,
ClientCore/xml.languagefiles/Service.SNMPMonitor,SNMP Monitor Service,nSleepTime,Probe Interval,プローブ間隔,
ClientCore/xml.languagefiles/Service.SNMPMonitor,SNMP Monitor Service,nSnmpVersion,SNMP Version,SNMP バージョン,
ClientCore/xml.languagefiles/Service.SNMPMonitor,SNMP Monitor Service,nTimeOutLimit,Timeout limit,タイムアウトの設定,
ClientCore/xml.languagefiles/Service.SNMPMonitor,SNMP Monitor Service,szCommunity,Community,コミュニティ,
ClientCore/xml.languagefiles/Service.SNMPMonitor,SNMP Monitor Service,szRemoteHost,Remote host,リモートホスト,
ClientCore/xml.languagefiles/Service.SNMPMonitor,SNMP Monitor Service,szSnmpCheckOid,Query OID (Object ID),クエリ OID (オブジェクト ID),
ClientCore/xml.languagefiles/Service.SNMPMonitor,SNMP Monitor Service,szSnmpRelatedValues,SNMP Query related,SNMP クエリ関連,
ClientCore/xml.languagefiles/Service.SNMPTrapReceiver,SNMP Trap Receiver Service,nAddMibDescriptionToMsg,"Append MIB Description after Mibname (Attention, can be a lot of information!)","Append MIB Description after Mibname (Attention, can be a lot of information!)",
ClientCore/xml.languagefiles/Service.SNMPTrapReceiver,SNMP Trap Receiver Service,nCompressOutputFormat,Compress Outputformat (Remove spaces/quotations),出力形式の圧縮(スペース/引用符の削除）,
ClientCore/xml.languagefiles/Service.SNMPTrapReceiver,SNMP Trap Receiver Service,nListenPort,Listener Port,ポート,
ClientCore/xml.languagefiles/Service.SNMPTrapReceiver,SNMP Trap Receiver Service,nResolveLongMibNames,Fully resolve Mibnames (Long Format),MIB名を完全に解決する（ロングフォーマット）,
ClientCore/xml.languagefiles/Service.SNMPTrapReceiver,SNMP Trap Receiver Service,nResolveMibNamesShort,Use short Format (Last Portion only),短いフォーマットを使用 (最後の一部分のみ),
ClientCore/xml.languagefiles/Service.SNMPTrapReceiver,SNMP Trap Receiver Service,nSnmpVersion,SNMP Version,SNMP バージョン,
ClientCore/xml.languagefiles/Service.SerialPortMonitor,Serial Port Monitor Service,nBps,Bits per second,1秒当たりのビット数,
ClientCore/xml.languagefiles/Service.SerialPortMonitor,Serial Port Monitor Service,nDatabits,Data bits,データビット,
ClientCore/xml.languagefiles/Service.SerialPortMonitor,Serial Port Monitor Service,nDtsControl,DTR Control Flow,DTR フロー制御,
ClientCore/xml.languagefiles/Service.SerialPortMonitor,Serial Port Monitor Service,nParity,Parity,パリティ,
ClientCore/xml.languagefiles/Service.SerialPortMonitor,Serial Port Monitor Service,nRtsControl,RTS Control Flow,RTS フロー制御,
ClientCore/xml.languagefiles/Service.SerialPortMonitor,Serial Port Monitor Service,nStopbits,Stop bits,ストップビット,
ClientCore/xml.languagefiles/Service.SerialPortMonitor,Serial Port Monitor Service,szDtsControlDisable,DTR Control Disable,DTR制御 無効,
ClientCore/xml.languagefiles/Service.SerialPortMonitor,Serial Port Monitor Service,szDtsControlEnable,DTR Control Enable,DTR制御 有効,
ClientCore/xml.languagefiles/Service.SerialPortMonitor,Serial Port Monitor Service,szDtsControlHandshake,DTR Control Handshake,DTR制御 ハンドシェイク,
ClientCore/xml.languagefiles/Service.SerialPortMonitor,Serial Port Monitor Service,szEvenParity,Even Parity,偶数パリティ,
ClientCore/xml.languagefiles/Service.SerialPortMonitor,Serial Port Monitor Service,szMarkParity,Mark Parity,マークパリティ,
ClientCore/xml.languagefiles/Service.SerialPortMonitor,Serial Port Monitor Service,szMessageBegin,Send this on startup,スタートアップ時に送信,
ClientCore/xml.languagefiles/Service.SerialPortMonitor,Serial Port Monitor Service,szMessageEnd,How the message is ended,メッセージ末尾の処理,
ClientCore/xml.languagefiles/Service.SerialPortMonitor,Serial Port Monitor Service,szNoParity,No Parity,パリティなし,
ClientCore/xml.languagefiles/Service.SerialPortMonitor,Serial Port Monitor Service,szOddParity,Odd Parity,奇数パリティ,
ClientCore/xml.languagefiles/Service.SerialPortMonitor,Serial Port Monitor Service,szOne5StopBits,"1,5 Stop bit",1.5 Stop bit,
ClientCore/xml.languagefiles/Service.SerialPortMonitor,Serial Port Monitor Service,szOneStopBit,1 Stop bit,1 Stop bit,
ClientCore/xml.languagefiles/Service.SerialPortMonitor,Serial Port Monitor Service,szPortName,Which Port do you want to monitor,監視ポート,
ClientCore/xml.languagefiles/Service.SerialPortMonitor,Serial Port Monitor Service,szPortSettings,Port Settings,ポートの設定,
ClientCore/xml.languagefiles/Service.SerialPortMonitor,Serial Port Monitor Service,szRtsControlDisable,RTS Control Disable,RTS制御 無効,
ClientCore/xml.languagefiles/Service.SerialPortMonitor,Serial Port Monitor Service,szRtsControlEnable,RTS Control Enable,RTS制御 有効,
ClientCore/xml.languagefiles/Service.SerialPortMonitor,Serial Port Monitor Service,szRtsControlHandshake,RTS Control Handshake,RTS制御 ハンドシェイク,
ClientCore/xml.languagefiles/Service.SerialPortMonitor,Serial Port Monitor Service,szRtsControlToggle,RTS Control Toggle,RTS制御 トグル,
ClientCore/xml.languagefiles/Service.SerialPortMonitor,Serial Port Monitor Service,szSpaceParity,Space Parity,スペースパリティ,
ClientCore/xml.languagefiles/Service.SerialPortMonitor,Serial Port Monitor Service,szTwoStopBits,2 Stop bits,2 Stop bits,
ClientCore/xml.languagefiles/Service.SyslogListener,Syslog Listener Service,bIsRegex_,Enable Regular Expression,正規表現を有効にする,
ClientCore/xml.languagefiles/Service.SyslogListener,Syslog Listener Service,btnButtonSendSyslog,Test Syslog Server,テストメッセージを送信,
ClientCore/xml.languagefiles/Service.SyslogListener,Syslog Listener Service,lbl_syslogRFC3195,RFC3195,RFC3195,
ClientCore/xml.languagefiles/Service.SyslogListener,Syslog Listener Service,lbl_syslogTCP,TCP,TCP,
ClientCore/xml.languagefiles/Service.SyslogListener,Syslog Listener Service,lbl_syslogUDP,UDP,UDP,
ClientCore/xml.languagefiles/Service.SyslogListener,Syslog Listener Service,msgseps,List of additional separators,追加セパレーターリスト,
ClientCore/xml.languagefiles/Service.SyslogListener,Syslog Listener Service,nEnableMultiCastGroup,Enable receiving from a UDP Multicast Group,UDP マルチキャスト グループからの受信を有効にする,
ClientCore/xml.languagefiles/Service.SyslogListener,Syslog Listener Service,nEnableMultiTCPMsgSep,Enable multiple message separators,複数のメッセージセパレーターを有効にする,
ClientCore/xml.languagefiles/Service.SyslogListener,Syslog Listener Service,nEnableTCPMsgSep,Messages are separated by the following sequence,メッセージを以下のシーケンスによって分ける,
ClientCore/xml.languagefiles/Service.SyslogListener,Syslog Listener Service,nEscapeControlCharacters,Escape control characters,制御文字を変換する,
ClientCore/xml.languagefiles/Service.SyslogListener,Syslog Listener Service,nForceUTF8Decoding,Force UTF8 Decoding if encoding could not be detected automatically.,メッセージの文字コードを全てUTF-8として処理する,
ClientCore/xml.languagefiles/Service.SyslogListener,Syslog Listener Service,nListenPort,Listener Port,ポート番号,
ClientCore/xml.languagefiles/Service.SyslogListener,Syslog Listener Service,nParseSyslogDate,Use original message timestamp (RFC 3164),オリジナルのメッセージ・タイムスタンプを使用  （RFC3164）,
ClientCore/xml.languagefiles/Service.SyslogListener,Syslog Listener Service,nProtocolType,Protocol Type,プロトコルタイプ,
ClientCore/xml.languagefiles/Service.SyslogListener,Syslog Listener Service,nRFC3164DetectYear,Try to parse year from message timestamp (RFC 3164),メッセージ・タイムスタンプから年の解析を試みる（RFC 3164）,JTC:Try to parse year from message timestamp (RFC 3164)
ClientCore/xml.languagefiles/Service.SyslogListener,Syslog Listener Service,nRFC3164Parsing,Enable RFC3164 Parsing,RFC3164 の構文解析を有効にする,
ClientCore/xml.languagefiles/Service.SyslogListener,Syslog Listener Service,nRFC5424AddProcID2SyslogTag,Append ProcessID to Syslogtag if available,SyslogタグにプロセスIDを追加（可能な場合）,
ClientCore/xml.languagefiles/Service.SyslogListener,Syslog Listener Service,nRFC5424Parsing,Enable RFC5424 Parsing,RFC5424 の構文解析を有効にする,
ClientCore/xml.languagefiles/Service.SyslogListener,Syslog Listener Service,nResolveNames,Resolve Hostnames,ホスト名を解決する,
ClientCore/xml.languagefiles/Service.SyslogListener,Syslog Listener Service,nSaveSourceIntoProperty,Save original source into property,オリジナルのソースをプロパティに保存,
ClientCore/xml.languagefiles/Service.SyslogListener,Syslog Listener Service,nTCPMaxSessions,Maximum TCP sessions,最大TCPセッション数,
ClientCore/xml.languagefiles/Service.SyslogListener,Syslog Listener Service,nTCPMaxSessions.tooltip,Maximum number of concurrent TCP receiver sessions. Use 0 to disable the cap.,同時に受け付けるTCP受信セッションの最大数です。0を指定すると上限を無効にします。,
ClientCore/xml.languagefiles/Service.SyslogListener,Syslog Listener Service,nTLSAllowExpiredCerts,Allow expired peer certificates,期限切れピア証明書を許可,
ClientCore/xml.languagefiles/Service.SyslogListener,Syslog Listener Service,nTLSAllowExpiredCerts.tooltip,"Compatibility mode. When enabled, expired peer certificates are accepted. Disable to reject expired certificates.",互換モードです。有効にすると期限切れのピア証明書を受け入れます。無効にすると期限切れ証明書を拒否します。,
ClientCore/xml.languagefiles/Service.SyslogListener,Syslog Listener Service,nTLSFailOnConfigCommandError,Fail on TLS config command errors,TLS設定コマンドエラーで失敗,
ClientCore/xml.languagefiles/Service.SyslogListener,Syslog Listener Service,nTLSFailOnConfigCommandError.tooltip,"When enabled, listener setup fails if configured OpenSSL commands cannot be applied. By default errors are logged and setup continues.",有効にすると、設定済みのOpenSSLコマンドを適用できない場合にlistenerのセットアップを失敗させます。既定ではエラーを記録してセットアップを続行します。,
ClientCore/xml.languagefiles/Service.SyslogListener,Syslog Listener Service,nTLSHandshakeTimeout,TLS handshake timeout,TLSハンドシェイクタイムアウト,
ClientCore/xml.languagefiles/Service.SyslogListener,Syslog Listener Service,nTLSHandshakeTimeout.tooltip,Maximum time in milliseconds allowed for a TLS handshake before the connection is closed.,接続を閉じる前にTLSハンドシェイクへ許可する最大時間（ミリ秒）です。,
ClientCore/xml.languagefiles/Service.SyslogListener,Syslog Listener Service,nTLSLegacyFingerprintMatch,Allow legacy fingerprint matching,従来のフィンガープリント照合を許可,
ClientCore/xml.languagefiles/Service.SyslogListener,Syslog Listener Service,nTLSLegacyFingerprintMatch.tooltip,"Compatibility mode. When enabled, legacy SHA-1 substring fingerprint matching remains allowed. Disable to require normalized exact SHA-1/SHA-256 fingerprints.",互換モードです。有効にすると従来のSHA-1部分文字列照合を許可します。無効にすると正規化された正確なSHA-1/SHA-256フィンガープリントが必要になります。,
ClientCore/xml.languagefiles/Service.SyslogListener,Syslog Listener Service,nTLSLegacyPeerNameMatch,Allow legacy peer name matching,従来のピア名照合を許可,
ClientCore/xml.languagefiles/Service.SyslogListener,Syslog Listener Service,nTLSLegacyPeerNameMatch.tooltip,"Compatibility mode. When enabled, legacy subject substring matching remains allowed. Disable to require strict SAN/CN matching.",互換モードです。有効にすると従来のSubject部分文字列照合を許可します。無効にすると厳密なSAN/CN照合が必要になります。,
ClientCore/xml.languagefiles/Service.SyslogListener,Syslog Listener Service,nTakeSourceSysFromSyslogMsg,Take source system from Syslog message,Syslogメッセージからソース・システムを取り出す,
ClientCore/xml.languagefiles/Service.SyslogListener,Syslog Listener Service,nTimeOutMsg,Message Completion Timeout,メッセージ完了タイムアウト,
ClientCore/xml.languagefiles/Service.SyslogListener,Syslog Listener Service,nTimeOutSession,Session Timeout,セッションタイムアウト,
ClientCore/xml.languagefiles/Service.SyslogListener,Syslog Listener Service,nTryDetectMessageEncoding,"Automatically detect Message Encoding (UTF8, SHIFT_JIS, EUC-JP)","メッセージのエンコードを自動検出する (UTF-8, SHIFT_JIS, EUCJP)",
ClientCore/xml.languagefiles/Service.SyslogListener,Syslog Listener Service,nUseSSL,"Enable SSL / TLS Encryption. Note if this Option is enabled, NON-SSL Clients will not be able to connect to this Service.",SSL/TLSを使用（SSLに対応していないクライアントからはアクセスできなくなります）,
ClientCore/xml.languagefiles/Service.SyslogListener,Syslog Listener Service,nZlibComp,Use zLib Compression to compress the data.,データの圧縮にzLib圧縮を使用する,
ClientCore/xml.languagefiles/Service.SyslogListener,Syslog Listener Service,szDetailProperties,Details,詳細,
ClientCore/xml.languagefiles/Service.SyslogListener,Syslog Listener Service,szIP_,Permitted Peername / SHA1 / etc,許可されたピア名 / SHA1 / etc,
ClientCore/xml.languagefiles/Service.SyslogListener,Syslog Listener Service,szMsgSep_,Message separation sequence,メッセージの分離シーケンス,
ClientCore/xml.languagefiles/Service.SyslogListener,Syslog Listener Service,szMultiCastAddress,Multicast Address,マルチキャストアドレス,
ClientCore/xml.languagefiles/Service.SyslogListener,Syslog Listener Service,szMyIPAddress,IP Address,IPアドレス,
ClientCore/xml.languagefiles/Service.SyslogListener,Syslog Listener Service,szSaveSourceProperty,Propertyname: ,プロパティ名: ,
ClientCore/xml.languagefiles/Service.SyslogListener,Syslog Listener Service,szTCPMsgSep,Message separation sequence,メッセージの分離シーケンス,
ClientCore/xml.languagefiles/Service.SyslogListener,Syslog Listener Service,szTCPOptions,TCPOptions,TCP オプション,
ClientCore/xml.languagefiles/Service.SyslogListener,Syslog Listener Service,szTLSAdvancedOptions,TLS Advanced,TLS Advanced,
ClientCore/xml.languagefiles/Service.SyslogListener,Syslog Listener Service,szTLSOptions,Syslog TLS,Syslog TLS,
ClientCore/xml.languagefiles/Service.SyslogListener,Syslog Listener Service,szTabEncoding,Encoding,エンコード,
ClientCore/xml.languagefiles/Service.SyslogListener,Syslog Listener Service,szTabGeneral,General,全体,
ClientCore/xml.languagefiles/Service.SyslogListener,Syslog Listener Service,szUDPOptions,UDP Options,UDP オプション,
ClientCore/xml.languagefiles/Service.SyslogListener,Syslog Listener Service,tlsallowedentries,Permitted Peers,許可されたピア,
