Unit,Unit Name,ID,English,Sprache,Comment
ClientCore/CTimeHelper,C Time Helper,szTime100milliseconds,100 Milliseconds,100 milissegundos,
ClientCore/CTimeHelper,C Time Helper,szTime10milliseconds,10 milliseconds,10 milissegundos,
ClientCore/CTimeHelper,C Time Helper,szTime1millisecond,1 millisecond,1 milissegundo,
ClientCore/CTimeHelper,C Time Helper,szTime250milliseconds,250 Milliseconds,250 milissegundos,
ClientCore/CTimeHelper,C Time Helper,szTime500milliseconds,500 Milliseconds,500 milissegundos,
ClientCore/CTimeHelper,C Time Helper,szTime50milliseconds,50 milliseconds,50 milissegundos,
ClientCore/CTimeHelper,C Time Helper,szTime5milliseconds,5 milliseconds,5 milissegundos,
ClientCore/CTimeHelper,C Time Helper,szTimeCustom,-- Custom --,-- Personalizado --,
ClientCore/CTimeHelper,C Time Helper,szTimeDisabled,0 (disabled),0 (desativado),
ClientCore/CTimeHelper,C Time Helper,szTimeFifteenMinutes,15 Minutes,15 minutos,
ClientCore/CTimeHelper,C Time Helper,szTimeFifteenSecond,15 seconds,15 segundos,
ClientCore/CTimeHelper,C Time Helper,szTimeFiveMinutes,5 Minutes,5 minutos,
ClientCore/CTimeHelper,C Time Helper,szTimeFiveSecond,5 seconds,5 segundos,
ClientCore/CTimeHelper,C Time Helper,szTimeFortyFiveSecond,45 seconds,45 segundos,
ClientCore/CTimeHelper,C Time Helper,szTimeHalfHour,30 minutes,30 minutos,
ClientCore/CTimeHelper,C Time Helper,szTimeOneHour,1 hour,1 hora,
ClientCore/CTimeHelper,C Time Helper,szTimeOneMinute,1 Minute,1 minuto,
ClientCore/CTimeHelper,C Time Helper,szTimeOneSecond,1 second,1 segundo,
ClientCore/CTimeHelper,C Time Helper,szTimeSixHours,6 hours,6 horas,
ClientCore/CTimeHelper,C Time Helper,szTimeTenSecond,10 seconds,10 segundos,
ClientCore/CTimeHelper,C Time Helper,szTimeThirtySecond,30 seconds,30 segundos,
ClientCore/CTimeHelper,C Time Helper,szTimeThreeHours,3 hours,3 horas,
ClientCore/CTimeHelper,C Time Helper,szTimeTwelveHours,12 hours,12 horas,
ClientCore/CTimeHelper,C Time Helper,szTimeTwentyFourHours,24 hours,24 horas,
ClientCore/CTimeHelper,C Time Helper,szTimeTwoHours,2 hours,2 horas,
ClientCore/CTimeHelper,C Time Helper,szUnitHour,hours,horas,
ClientCore/CTimeHelper,C Time Helper,szUnitMilliSecond,milliseconds,milissegundos,
ClientCore/CTimeHelper,C Time Helper,szUnitMinute,minutes,minutos,
ClientCore/CTimeHelper,C Time Helper,szUnitSecond,seconds,segundos,
ClientCore/extIPAddressTextBox,ext IP Address Text Box,$this.Name,IPAddressTextBox,,
ClientCore/frmAboutTemplate,About Template Form,$this.Text,frmAbout,,
ClientCore/frmAboutTemplate,About Template Form,lblClient.Text,Client Version: ,Versão do cliente:,
ClientCore/frmAboutTemplate,About Template Form,lblClientVersion.Text,1.x,,
ClientCore/frmAboutTemplate,About Template Form,lblLink.Text,www.product.com,,
ClientCore/frmAboutTemplate,About Template Form,lblMoreInformation.Text,More Information at,Mais informações em,
ClientCore/frmAboutTemplate,About Template Form,lblService.Text,Service Version: ,Versão do serviço:,
ClientCore/frmAboutTemplate,About Template Form,lblServiceVersion.Text,1.x,,
ClientCore/frmAboutTemplate,About Template Form,lblTitle.Text,About [Product],,
ClientCore/frmAddRule,Add Rule Form,$this.Text,Add Rule,,
ClientCore/frmAddRule,Add Rule Form,cmdCancel.Text,Cancel,Cancelar,
ClientCore/frmAddRule,Add Rule Form,cmdOK.Text,OK,OK,
ClientCore/frmAddRule,Add Rule Form,lblAfterRuleAdded.Text,After the Rule has been added...,Depois que a regra for adicionada...,
ClientCore/frmAddRule,Add Rule Form,lblExample.Text,For example MyRule or Rule1,Por exemplo MyRule ou Rule1,
ClientCore/frmAddRule,Add Rule Form,lblName.Text,Enter the Name of the new Rule,Digite o nome da nova regra,
ClientCore/frmAddRule,Add Rule Form,lblTitle.Text,Adding a new Rule ...,Adicionando uma nova regra...,
ClientCore/frmAddRule,Add Rule Form,rdAddActions.Text,Add the selected Actions to the Rule.,Adicione as ações selecionadas à regra.,
ClientCore/frmAddRule,Add Rule Form,rdNoActions.Text,Do not add any Actions yet.,Não adicionar nenhuma ação ainda.,
ClientCore/frmAddRuleSet,Add Rule Set Form,$this.Text,Add RuleSet,,
ClientCore/frmAddRuleSet,Add Rule Set Form,cmdCancel.Text,Cancel,Cancelar,
ClientCore/frmAddRuleSet,Add Rule Set Form,cmdOK.Text,OK,OK,
ClientCore/frmAddRuleSet,Add Rule Set Form,lblAfterRuleSet.Text,After the RuleSet has been added...,Depois que o conjunto de regras for adicionado...,
ClientCore/frmAddRuleSet,Add Rule Set Form,lblExample.Text,For example MyRuleSet or RuleSet1,Por exemplo MyRuleSet ou RuleSet1,
ClientCore/frmAddRuleSet,Add Rule Set Form,lblName.Text,Enter the Name of the new RuleSet,Digite o nome do novo conjunto de regras,
ClientCore/frmAddRuleSet,Add Rule Set Form,lblTitle.Text,Adding a new RuleSet ...,Adicionando um novo conjunto de regras...,
ClientCore/frmAddRuleSet,Add Rule Set Form,rdNoRule.Text,Do not add a Rule yet.,Não adicionar uma regra ainda.,
ClientCore/frmAddRuleSet,Add Rule Set Form,rdRulePerAction.Text,Add a Rule for each of these Actions.,Adicione uma regra para cada uma dessas ações.,
ClientCore/frmAddRuleSet,Add Rule Set Form,rdSingleRule.Text,Add a single Rule including these Actions.,Adicione uma única regra com estas ações.,
ClientCore/frmClientConfig,Client Config Form,$this.Text,Options,,
ClientCore/frmClientConfig,Client Config Form,btnValidateUrl.Text,Validate,Validar,
ClientCore/frmClientConfig,Client Config Form,chkAlwaysReloadApplication.Text,Always ask to reload application on language change,Sempre peça para recarregar o aplicativo ao alterar o idioma,
ClientCore/frmClientConfig,Client Config Form,chkAutoConfigReloadFromUrl.Text,Automatically Reload Configuration from URL (https required),Recarregar automaticamente a configuração do URL (é necessário https),
ClientCore/frmClientConfig,Client Config Form,chkAutoSaveWarning.Text,Suppress Autosave warning message,Suprimir mensagem de aviso de salvamento automático,
ClientCore/frmClientConfig,Client Config Form,chkAutoSortDataGrids.Text,Sort Datagrid Lists automatically,Classifique datagrids automaticamente:,
ClientCore/frmClientConfig,Client Config Form,chkLoadMibsDescription.Text,Load SNMP Mibs Description  (Slows OID Browser down first time),Carregar descrição de Mibs SNMP (retarda o navegador OID na primeira vez),
ClientCore/frmClientConfig,Client Config Form,chkServiceWarning.Text,Suppress warning when a service is deleted,Suprimir aviso quando um serviço for excluído,
ClientCore/frmClientConfig,Client Config Form,chkSplitConfigurationForRuleSets.Text,Create individual configuration files for RuleSets,Criar arquivos de configuração individuais para conjuntos de regras,
ClientCore/frmClientConfig,Client Config Form,chkSplitConfigurationForServices.Text,Create individual configuration files for Services,Criar arquivos de configuração individuais para serviços,
ClientCore/frmClientConfig,Client Config Form,cmdBrowseFileConfig.Text,Browse,,
ClientCore/frmClientConfig,Client Config Form,cmdBrowseFileData.Text,Browse,,
ClientCore/frmClientConfig,Client Config Form,cmdCancel.Text,Cancel,Cancelar,
ClientCore/frmClientConfig,Client Config Form,cmdOK.Text,OK,OK,
ClientCore/frmClientConfig,Client Config Form,lblAutoConfigReloadFromUrlSleepTime.Text,Check interval: ,Intervalo de verificação:,
ClientCore/frmClientConfig,Client Config Form,lblBaseKey.Text,Base Registry Key:,Chave de registro básica:,
ClientCore/frmClientConfig,Client Config Form,lblConfigFilename.Text,Confiuration Filename:,Nome do arquivo de configuração:,
ClientCore/frmClientConfig,Client Config Form,lblDataDirectory.Text,Data Directory:,Diretório de dados:,
ClientCore/frmClientConfig,Client Config Form,lblDataKey.Text,Data Registry Key:,Chave de registro de dados:,
ClientCore/frmClientConfig,Client Config Form,lblLanguage.Text,Choose Display language:,Escolha seu idioma:,
ClientCore/frmClientConfig,Client Config Form,lblRootKey.Text,Root Registry Key:,Chave de registro raiz:,
ClientCore/frmClientConfig,Client Config Form,rbFile.Text,Load Configuration from File,Carregar configuração do arquivo,
ClientCore/frmClientConfig,Client Config Form,rbRegistry.Text,Load Configuration from Registry ,Carregar configuração do registro,
ClientCore/frmClientConfig,Client Config Form,tpConfigAccess.Text,Config Access,Acesso de configuração,
ClientCore/frmClientConfig,Client Config Form,tpGeneral.Text,General,Geral,
ClientCore/frmConfig,Config Form,$this.Text,frmConfig,,
ClientCore/frmConfig,Config Form,szTLSCommandsInfo,"By enabling this option, you can set OpenSSL configuration commands directly. For more information on available configuration parameters for each command type, visit: ","Ao ativar esta opção, você pode definir comandos de configuração OpenSSL diretamente. Para obter mais informações sobre os parâmetros de configuração disponíveis para cada tipo de comando, visite:",
ClientCore/frmConfig,Config Form,szTLSCommandsInfoLink,OpenSSL SSL_CONF_cmd documentation,Documentação OpenSSL SSL_CONF_cmd,
ClientCore/frmEventViewer,Event Viewer Form,$this.Text,EventViewer,Visualizador de eventos,
ClientCore/frmEventViewer,Event Viewer Form,SFDiagEvents.Title,Save selected Events as ...,,
ClientCore/frmEventViewer,Event Viewer Form,STBEvents.Text,statusStrip1,,
ClientCore/frmEventViewer,Event Viewer Form,cDateTime.HeaderText,Date and Time,Data e hora,
ClientCore/frmEventViewer,Event Viewer Form,cEventID.HeaderText,Event ID,Event ID,
ClientCore/frmEventViewer,Event Viewer Form,cEventIndex.HeaderText,Index [hidden],,
ClientCore/frmEventViewer,Event Viewer Form,cEventLevel.HeaderText,Event Level,Nível do Evento,
ClientCore/frmEventViewer,Event Viewer Form,cLevelImage.HeaderText,_,,
ClientCore/frmEventViewer,Event Viewer Form,cSource.HeaderText,Source,Fonte,
ClientCore/frmEventViewer,Event Viewer Form,cTaskCategory.HeaderText,Task Category,Categoria de tarefa,
ClientCore/frmEventViewer,Event Viewer Form,cbTimeMode.Items,Any time,,
ClientCore/frmEventViewer,Event Viewer Form,cbTimeMode.Items1,Last hour,,
ClientCore/frmEventViewer,Event Viewer Form,cbTimeMode.Items2,Last 12 hours,,
ClientCore/frmEventViewer,Event Viewer Form,cbTimeMode.Items3,Last 24 hours,,
ClientCore/frmEventViewer,Event Viewer Form,cbTimeMode.Items4,Last 7 days,,
ClientCore/frmEventViewer,Event Viewer Form,cbTimeMode.Items5,Last 30 days,,
ClientCore/frmEventViewer,Event Viewer Form,cbTimeMode.Items6,<< Custom Range >>,,
ClientCore/frmEventViewer,Event Viewer Form,cmdEventProperties.Text,Event Properties,Propriedades do Evento,
ClientCore/frmEventViewer,Event Viewer Form,cmdFilterEvents.Text,Filter Events,Filtrar eventos,
ClientCore/frmEventViewer,Event Viewer Form,cmdRefresh.Text,Refresh,Atualizar,
ClientCore/frmEventViewer,Event Viewer Form,cmdResetView.Text,Reset View,Redefinir Visualização,
ClientCore/frmEventViewer,Event Viewer Form,cmdSaveEvents.Text,Save Events,Salvar eventos,
ClientCore/frmEventViewer,Event Viewer Form,cmdSearch.Text,Search,Procurar,
ClientCore/frmEventViewer,Event Viewer Form,cmdSearchGo.Text,Search !,,
ClientCore/frmEventViewer,Event Viewer Form,lblActions.Text,Actions,,
ClientCore/frmEventViewer,Event Viewer Form,lblEventCount.Text,0,,
ClientCore/frmEventViewer,Event Viewer Form,lblFilterEventTypes.Text,Select Eventlevels,,
ClientCore/frmEventViewer,Event Viewer Form,lblFilterOptions.Text,Filter Options,Opções de filtro,
ClientCore/frmEventViewer,Event Viewer Form,lblSearch.Text,Search,Procurar,
ClientCore/frmEventViewer,Event Viewer Form,lblStatus.Text,Status,Status,
ClientCore/frmEventViewer,Event Viewer Form,lblTools.Text,Tools,Ferramentas,
ClientCore/frmEventViewer,Event Viewer Form,lvEventTypes.Text,lvEventTypes,,
ClientCore/frmEventViewer,Event Viewer Form,mnuCopy.Text,Copy,,
ClientCore/frmEventViewer,Event Viewer Form,mnuCopyDetails.Text,Copy Details,,
ClientCore/frmEventViewer,Event Viewer Form,mnuCopyTable.Text,Copy Table,,
ClientCore/frmEventViewer,Event Viewer Form,mnuEventProperties.Text,Event Properties,,
ClientCore/frmEventViewer,Event Viewer Form,mnuRefresh.Text,Refresh,,
ClientCore/frmEventViewer,Event Viewer Form,mnuResetView.Text,Reset View,,
ClientCore/frmEventViewer,Event Viewer Form,mnuSaveSelectedEvents.Text,Save Selected Events ...,,
ClientCore/frmEventViewer,Event Viewer Form,statusCancelButton.Text,Cancel EventFrefresh,,
ClientCore/frmEventViewer,Event Viewer Form,tslblEventCount.Text,Eventcount: ,Contagem de eventos:,
ClientCore/frmEventViewer,Event Viewer Form,txtSearchEvents.ToolTipText,Enter a search pattern and hit return to perform a search,,
ClientCore/frmEventViewerDetail,Event Viewer Detail Form,$this.Text,Event Properties,Propriedades do Evento,
ClientCore/frmEventViewerDetail,Event Viewer Detail Form,cmdClose.Text,Close,Fechar,
ClientCore/frmEventViewerDetail,Event Viewer Detail Form,cmdCopy.Text,Copy,Cópia,
ClientCore/frmExportConfigScope,Export Config Scope Form,$this.Text,Export configuration,Exportar configuração,
ClientCore/frmExportConfigScope,Export Config Scope Form,btnCancel.Text,Cancel,Cancelar,
ClientCore/frmExportConfigScope,Export Config Scope Form,btnNext.Text,Next…,Avançar…,
ClientCore/frmExportConfigScope,Export Config Scope Form,lblExportFullDesc.Text,"Exports all general settings (including license), services, and rule sets.","Exporta todas as configurações gerais (incluindo licença), serviços e conjuntos de regras.",
ClientCore/frmExportConfigScope,Export Config Scope Form,lblExportNoGeneralDesc.Text,"Exports only services and rule sets. No general blocks (e.g. engine, debug, license) are written.","Exporta apenas serviços e conjuntos de regras. Nenhum bloco geral (por exemplo, mecanismo, depuração, licença) é gravado.",
ClientCore/frmExportConfigScope,Export Config Scope Form,lblExportNoLicenseDesc.Text,"Exports all general settings except the license block, plus services and rule sets.","Exporta todas as configurações gerais exceto o bloco de licença, além de serviços e conjuntos de regras.",
ClientCore/frmExportConfigScope,Export Config Scope Form,lblIntro.Text,Choose what to include in the exported file. You will choose where to save in the next step.,Escolha o que incluir no arquivo exportado. No próximo passo você escolherá onde salvar.,
ClientCore/frmExportConfigScope,Export Config Scope Form,rbExportFull.Text,Full export,Exportação completa,
ClientCore/frmExportConfigScope,Export Config Scope Form,rbExportNoGeneral.Text,Full export (without general settings),Exportação completa (sem configurações gerais),
ClientCore/frmExportConfigScope,Export Config Scope Form,rbExportNoLicense.Text,Full export (without license),Exportação completa (sem licença),
ClientCore/frmFilters,Filters Form,$this.Text,Filters,,
ClientCore/frmFilters,Filters Form,TVFilters.ImageKey,Root,,
ClientCore/frmFilters,Filters Form,TVFilters.SelectedImageKey,Root,,
ClientCore/frmFilters,Filters Form,chkGlobalCondProperty.Text,Global Conditions relative to this property,Condições Globais relativas a esta propriedade,
ClientCore/frmFilters,Filters Form,chkMinimumWaitTime.Text,Minimum WaitTime,Tempo mínimo de espera,
ClientCore/frmFilters,Filters Form,chkOccurrences.Text,Fire only if Event occurs,Dispare somente se o Evento ocorrer,
ClientCore/frmFilters,Filters Form,chkSaveIntoPropertyName.Text,"If filter matches, store the text into the following Property","Se o filtro corresponder, armazenar o texto na propriedade a seguir",
ClientCore/frmFilters,Filters Form,chkThreatNotFoundFilters.Text,Treat not found filters as TRUE,Tratar filtros não encontrados como TRUE,
ClientCore/frmFilters,Filters Form,cmdAddFilter.Text,Add Filter >,,
ClientCore/frmFilters,Filters Form,cmdAnd.Text,AND,,
ClientCore/frmFilters,Filters Form,cmdBrowse.Text,Browse,Navegar,
ClientCore/frmFilters,Filters Form,cmdChangeOperator.Text,Change Operator,Alterar Operador,
ClientCore/frmFilters,Filters Form,cmdCloneFilter.Text,Clone Filter,Clonar filtro,
ClientCore/frmFilters,Filters Form,cmdDelete.Text,Delete,Excluir,
ClientCore/frmFilters,Filters Form,cmdFalse.Text,FALSE,,
ClientCore/frmFilters,Filters Form,cmdNot.Text,NOT,,
ClientCore/frmFilters,Filters Form,cmdOr.Text,OR,,
ClientCore/frmFilters,Filters Form,cmdTrue.Text,TRUE,,
ClientCore/frmFilters,Filters Form,cmdXor.Text,XOR,,
ClientCore/frmFilters,Filters Form,deleteFilterToolStripMenuItem.Text,Delete Filter,Excluir filtro,
ClientCore/frmFilters,Filters Form,dtPropertyValue.CustomFormat,HH-mm-ss,,
ClientCore/frmFilters,Filters Form,gbButtons.Text,Tools,Ferramentas,
ClientCore/frmFilters,Filters Form,lblBasicFilters.Text,Basic Filters,Filtros básicos,
ClientCore/frmFilters,Filters Form,lblCompareOperation.Text,Compare Operation: ,Comparar operação:,
ClientCore/frmFilters,Filters Form,lblFileSystemMonServices.Text,File&System Monitoring Services,Serviços de monitoramento de arquivos e sistema,
ClientCore/frmFilters,Filters Form,lblGCProp.Text,Insert,Inserir,
ClientCore/frmFilters,Filters Form,lblMore.Text,Learn about Filters,Saiba mais sobre filtros,
ClientCore/frmFilters,Filters Form,lblNetworkRelatedServices.Text,Network related Services,Serviços relacionados à rede,
ClientCore/frmFilters,Filters Form,lblOccurrences2.Text,seconds.,segundos.,
ClientCore/frmFilters,Filters Form,lblOperations.Text,Add Operations,Adicionar operações,
ClientCore/frmFilters,Filters Form,lblProbeServices.Text,Probe Services,Serviços de sondagem,
ClientCore/frmFilters,Filters Form,lblPropertyName.Text,Propety Name: ,Nome da propriedade:,
ClientCore/frmFilters,Filters Form,lblPropertyValue.Text,Set Property Value: ,Definir valor da propriedade:,
ClientCore/frmFilters,Filters Form,lblRangeEnd.Text,End:,Fim:,
ClientCore/frmFilters,Filters Form,lblRangeStart.Text,Start:,Iniciar:,
ClientCore/frmFilters,Filters Form,lblSeconds.Text,seconds.,segundos.,
ClientCore/frmFilters,Filters Form,lblSelectTimeMode.Text,Select TimeMode,Selecione o modo de tempo,
ClientCore/frmFilters,Filters Form,lblSpecialOps.Text,"Special Operations, useful for debugging","Operações Especiais, úteis para depuração",
ClientCore/frmFilters,Filters Form,lbltimeswithin.Text,times within,vezes dentro,
ClientCore/frmFilters,Filters Form,mnuAddFilter.Text,Add Filter >,Adicionar filtro >,
ClientCore/frmFilters,Filters Form,mnuAddOperation.Text,Add Operation >,Adicionar operação >,
ClientCore/frmFilters,Filters Form,mnuAgentIP.Text,Agent IP,,
ClientCore/frmFilters,Filters Form,mnuAnd.Text,AND,,
ClientCore/frmFilters,Filters Form,mnuCPULoad.Text,CPU Load,,
ClientCore/frmFilters,Filters Form,mnuCPUMemoryMonitor.Text,CPU/Memory Monitor,,
ClientCore/frmFilters,Filters Form,mnuCPUNumber.Text,CPU Number,,
ClientCore/frmFilters,Filters Form,mnuClear.Text,Clear,Claro,
ClientCore/frmFilters,Filters Form,mnuCloneFilter.Text,Clone Filter,Clonar filtro,
ClientCore/frmFilters,Filters Form,mnuCommunity.Text,Community,,
ClientCore/frmFilters,Filters Form,mnuCopy.Text,Copy,Cópia,
ClientCore/frmFilters,Filters Form,mnuCustomProperty.Text,Custom Property,Propriedade personalizada,
ClientCore/frmFilters,Filters Form,mnuCustomerID.Text,CustomerID,,
ClientCore/frmFilters,Filters Form,mnuDateTime.Text,Date/Time,Data/Hora,
ClientCore/frmFilters,Filters Form,mnuDiskSpaceLeft.Text,Disk Space left (%),,
ClientCore/frmFilters,Filters Form,mnuDiskSpaceLeftGB.Text,Disk Space left (GB),,
ClientCore/frmFilters,Filters Form,mnuDiskSpaceLeftMB.Text,Disk Space left (MB),,
ClientCore/frmFilters,Filters Form,mnuDiskSpaceMonitor.Text,DiskSpace Monitor,,
ClientCore/frmFilters,Filters Form,mnuEnterprise.Text,Enterprise,,
ClientCore/frmFilters,Filters Form,mnuEventCategory.Text,Event Category,Event Category,
ClientCore/frmFilters,Filters Form,mnuEventCategoryV2.Text,Event Category,Event Category,
ClientCore/frmFilters,Filters Form,mnuEventCategoryname.Text,Event Categoryname,Event Category Name,
ClientCore/frmFilters,Filters Form,mnuEventCategorynameV2.Text,Event Categoryname,Event Category Name,
ClientCore/frmFilters,Filters Form,mnuEventChannel.Text,Event Channel,Event Channel,
ClientCore/frmFilters,Filters Form,mnuEventID.Text,Event ID,Event ID,
ClientCore/frmFilters,Filters Form,mnuEventIDv2.Text,Event ID,Event ID,
ClientCore/frmFilters,Filters Form,mnuEventKeyword.Text,Event Keyword,Event Keyword,
ClientCore/frmFilters,Filters Form,mnuEventKeywordID.Text,Event Keyword ID,Event Keyword ID,
ClientCore/frmFilters,Filters Form,mnuEventLevel.Text,Event Level,Event Level,
ClientCore/frmFilters,Filters Form,mnuEventLogMonitor.Text,Event Log Monitor,Event Log Monitor,
ClientCore/frmFilters,Filters Form,mnuEventLogMonitorV2.Text,Event Log Monitor V2,Event Log Monitor V2,
ClientCore/frmFilters,Filters Form,mnuEventRawSource.Text,Event Raw Source,Fonte Bruta do Evento,
ClientCore/frmFilters,Filters Form,mnuEventRecordnumber.Text,Event Recordnumber,Número de registro do evento,
ClientCore/frmFilters,Filters Form,mnuEventSeverity.Text,Event Severity,Event Severity,
ClientCore/frmFilters,Filters Form,mnuEventSeverityIDV2.Text,Event Severity ID,Event Severity ID,
ClientCore/frmFilters,Filters Form,mnuEventSeverityV2.Text,Event Severity,Event Severity,
ClientCore/frmFilters,Filters Form,mnuEventSource.Text,Event Source,Event Source,
ClientCore/frmFilters,Filters Form,mnuEventSourceV2.Text,Event Source,Event Source,
ClientCore/frmFilters,Filters Form,mnuEventType.Text,Event Type,Tipo de Evento,
ClientCore/frmFilters,Filters Form,mnuEventUser.Text,Event User,Usuário do evento,
ClientCore/frmFilters,Filters Form,mnuEventUserV2.Text,Event User,Usuário do evento,
ClientCore/frmFilters,Filters Form,mnuExtendedIPProperty.Text,Extended IP Property,Propriedade IP estendida,
ClientCore/frmFilters,Filters Form,mnuExtendedNumber.Text,Extended Number Property,Propriedade de número estendido,
ClientCore/frmFilters,Filters Form,mnuFTPProbe.Text,FTP Probe,,
ClientCore/frmFilters,Filters Form,mnuFTPResponse.Text,FTP Response,,
ClientCore/frmFilters,Filters Form,mnuFTPStatuscode.Text,FTP Statuscode,,
ClientCore/frmFilters,Filters Form,mnuFacility.Text,Facility,Facility,
ClientCore/frmFilters,Filters Form,mnuFalse.Text,FALSE,,
ClientCore/frmFilters,Filters Form,mnuFileExists.Text,File Exists,Arquivo existe,
ClientCore/frmFilters,Filters Form,mnuFileMonitor.Text,File Monitor,,
ClientCore/frmFilters,Filters Form,mnuFreePhysicalMemory.Text,Free physical memory,,
ClientCore/frmFilters,Filters Form,mnuFreeTotalMemory.Text,Free total memory,,
ClientCore/frmFilters,Filters Form,mnuFreeVirtualMemory.Text,Free virtual memory,,
ClientCore/frmFilters,Filters Form,mnuGeneral.Text,General,Geral,
ClientCore/frmFilters,Filters Form,mnuGeneratedFilename.Text,Generated Filename,Generated Filename,
ClientCore/frmFilters,Filters Form,mnuGeneratedFilenamewithoutPath.Text,Generated Filename (without path),Generated Filename (sem caminho),
ClientCore/frmFilters,Filters Form,mnuGenericName.Text,Generic Name,,
ClientCore/frmFilters,Filters Form,mnuHELOResponse.Text,HELO Response,,
ClientCore/frmFilters,Filters Form,mnuHTTPProbe.Text,HTTP Probe,,
ClientCore/frmFilters,Filters Form,mnuHTTPResponse.Text,HTTP Response,,
ClientCore/frmFilters,Filters Form,mnuHTTPStatuscode.Text,HTTP Statuscode,,
ClientCore/frmFilters,Filters Form,mnuIMAPProbe.Text,IMAP Probe,,
ClientCore/frmFilters,Filters Form,mnuIMAPResponse.Text,IMAP Response,,
ClientCore/frmFilters,Filters Form,mnuIMAPStatuscode.Text,IMAP Statuscode,,
ClientCore/frmFilters,Filters Form,mnuIUCPUMemoryMonitor.Text,CPU/Memory Monitor,CPU/Memory Monitor,
ClientCore/frmFilters,Filters Form,mnuIUDatabaseMonitor.Text,Database Monitor,Database Monitor,
ClientCore/frmFilters,Filters Form,mnuIUDiskSpaceMonitor.Text,DiskSpace Monitor,Disk Space Monitor,
ClientCore/frmFilters,Filters Form,mnuIUEventLogMonitor.Text,Event Log Monitor,Event Log Monitor,
ClientCore/frmFilters,Filters Form,mnuIUEventLogMonitorV2.Text,Event Log Monitor V2,Event Log Monitor V2,
ClientCore/frmFilters,Filters Form,mnuIUFTPProbe.Text,FTP Probe,FTP Probe,
ClientCore/frmFilters,Filters Form,mnuIUFileMonitor.Text,File Monitor,File Monitor,
ClientCore/frmFilters,Filters Form,mnuIUHTTPProbe.Text,HTTP Probe,HTTP Probe,
ClientCore/frmFilters,Filters Form,mnuIUHeart.Text,HeartBeat,Heartbeat,
ClientCore/frmFilters,Filters Form,mnuIUIMAPProbe.Text,IMAP Probe,IMAP Probe,
ClientCore/frmFilters,Filters Form,mnuIUNNTPProbe.Text,NNTP Probe,NNTP Probe,
ClientCore/frmFilters,Filters Form,mnuIUNTServicesMonitor.Text,NT Services Monitor,Monitor de serviços NT,
ClientCore/frmFilters,Filters Form,mnuIUPOP3Probe.Text,POP3 Probe,POP3 Probe,
ClientCore/frmFilters,Filters Form,mnuIUPingProbe.Text,Ping Probe,Ping Probe,
ClientCore/frmFilters,Filters Form,mnuIUPortProbe.Text,Port Probe,Port Probe,
ClientCore/frmFilters,Filters Form,mnuIURELPListener.Text,RELP Listener,RELP Listener,
ClientCore/frmFilters,Filters Form,mnuIUSMTPListener.Text,SMTP Listener,SMTP Listener,
ClientCore/frmFilters,Filters Form,mnuIUSMTPProbe.Text,SMTP Probe,SMTP Probe,
ClientCore/frmFilters,Filters Form,mnuIUSNMPMonitor.Text,SNMP Monitor,SNMP Monitor,
ClientCore/frmFilters,Filters Form,mnuIUSNMPTraps.Text,SNMP Traps,SNMP Traps,
ClientCore/frmFilters,Filters Form,mnuIUSerialPortMonitor.Text,SerialPort Monitor,Serial Port Monitor,
ClientCore/frmFilters,Filters Form,mnuIUSyslog.Text,Syslog,Syslog,
ClientCore/frmFilters,Filters Form,mnuInformationUnitType.Text,InformationUnit Type,Tipo de unidade de informação,
ClientCore/frmFilters,Filters Form,mnuInsertAND.Text,AND,,
ClientCore/frmFilters,Filters Form,mnuInsertNOT.Text,NOT,,
ClientCore/frmFilters,Filters Form,mnuInsertOR.Text,OR,,
ClientCore/frmFilters,Filters Form,mnuInsertOperation.Text,Insert Operation,Inserir operação,
ClientCore/frmFilters,Filters Form,mnuInsertXOR.Text,XOR,,
ClientCore/frmFilters,Filters Form,mnuLocalHostname.Text,Local Hostname,Nome do host local,
ClientCore/frmFilters,Filters Form,mnuMaxPhysicalMemory.Text,Max physical memory,,
ClientCore/frmFilters,Filters Form,mnuMaxTotalMemory.Text,Max total memory,,
ClientCore/frmFilters,Filters Form,mnuMaxVirtualMemory.Text,Max virtual memory,,
ClientCore/frmFilters,Filters Form,mnuMessage.Text,Message,Mensagem,
ClientCore/frmFilters,Filters Form,mnuMoveDown.Text,Move Down,Mover para baixo,
ClientCore/frmFilters,Filters Form,mnuMoveUp.Text,Move Up,Subir,
ClientCore/frmFilters,Filters Form,mnuNNTPProbe.Text,NNTP Probe,,
ClientCore/frmFilters,Filters Form,mnuNNTPResponse.Text,NNTP Response,,
ClientCore/frmFilters,Filters Form,mnuNNTPStatuscode.Text,NNTP Statuscode,,
ClientCore/frmFilters,Filters Form,mnuNTServiceDisplayName.Text,NT Service DisplayName,,
ClientCore/frmFilters,Filters Form,mnuNTServiceMonitor.Text,NT Service Monitor,,
ClientCore/frmFilters,Filters Form,mnuNTServiceName.Text,NT Service Name,,
ClientCore/frmFilters,Filters Form,mnuNot.Text,NOT,,
ClientCore/frmFilters,Filters Form,mnuOr.Text,OR,,
ClientCore/frmFilters,Filters Form,mnuOtherServices.Text,Other Services,Outros serviços,
ClientCore/frmFilters,Filters Form,mnuPOP3Probe.Text,POP3 Probe,,
ClientCore/frmFilters,Filters Form,mnuPOP3Response.Text,POP3 Response,,
ClientCore/frmFilters,Filters Form,mnuPOP3Statuscode.Text,POP3 Statuscode,,
ClientCore/frmFilters,Filters Form,mnuPaste.Text,Paste,Colar,
ClientCore/frmFilters,Filters Form,mnuPhysicalVirtualMemory.Text,Physical virtual memory Load,,
ClientCore/frmFilters,Filters Form,mnuPortname.Text,Portname,,
ClientCore/frmFilters,Filters Form,mnuPriority.Text,Priority,Prioridade,
ClientCore/frmFilters,Filters Form,mnuRemoveOperation.Text,Remove Operation,Remover operação,
ClientCore/frmFilters,Filters Form,mnuRunOnFriday.Text,Run on Friday,Correr na sexta-feira,
ClientCore/frmFilters,Filters Form,mnuRunOnMonday.Text,Run on Monday,Correr na segunda-feira,
ClientCore/frmFilters,Filters Form,mnuRunOnSaturday.Text,Run on Saturday,Correr no sábado,
ClientCore/frmFilters,Filters Form,mnuRunOnSunday.Text,Run on Sunday,Correr no domingo,
ClientCore/frmFilters,Filters Form,mnuRunOnThisday.Text,Run on Thursday,Correr na quinta-feira,
ClientCore/frmFilters,Filters Form,mnuRunOnTuesday.Text,Run on Tuesday,Correr na terça-feira,
ClientCore/frmFilters,Filters Form,mnuRunOnWednesday.Text,Run on Wednesday,Correr na quarta-feira,
ClientCore/frmFilters,Filters Form,mnuSMTPProbe.Text,SMTP Probe,,
ClientCore/frmFilters,Filters Form,mnuSMTPStatuscode.Text,SMTP Statuscode,,
ClientCore/frmFilters,Filters Form,mnuSNMPTraps.Text,SNMP Traps,,
ClientCore/frmFilters,Filters Form,mnuSerialPortMonitor.Text,SerialPort Monitor,,
ClientCore/frmFilters,Filters Form,mnuSource.Text,Source,Fonte,
ClientCore/frmFilters,Filters Form,mnuSourceIPType.Text,Source (IP Type),Fonte (tipo de IP),
ClientCore/frmFilters,Filters Form,mnuSpecificType.Text,Specific Type,,
ClientCore/frmFilters,Filters Form,mnuStatusNameValue.Text,Status Name & Value,Nome e valor do status,
ClientCore/frmFilters,Filters Form,mnuSyslog.Text,Syslog,Syslog,
ClientCore/frmFilters,Filters Form,mnuSyslogAppname.Text,Syslog Appname,Syslog Appname,
ClientCore/frmFilters,Filters Form,mnuSyslogMSGID.Text,Syslog MSGID,Syslog MSGID,
ClientCore/frmFilters,Filters Form,mnuSyslogProcID.Text,Syslog ProcID,Syslog ProcID,
ClientCore/frmFilters,Filters Form,mnuSyslogStructdata.Text,Syslog Structdata,Syslog Structured Data,
ClientCore/frmFilters,Filters Form,mnuSyslogTag.Text,Syslog Tag,Syslog Tag,
ClientCore/frmFilters,Filters Form,mnuSyslogVersion.Text,Syslog Version,Syslog Version,
ClientCore/frmFilters,Filters Form,mnuSystemID.Text,SystemID,,
ClientCore/frmFilters,Filters Form,mnuTime.Text,Time,Tempo,
ClientCore/frmFilters,Filters Form,mnuTotalMemoryLoad.Text,Total memory Load,,
ClientCore/frmFilters,Filters Form,mnuTrue.Text,TRUE,,
ClientCore/frmFilters,Filters Form,mnuUptime.Text,Uptime,,
ClientCore/frmFilters,Filters Form,mnuVersion.Text,Version,,
ClientCore/frmFilters,Filters Form,mnuVirtualMemoryLoad.Text,Virtual Memory Load,,
ClientCore/frmFilters,Filters Form,mnuXor.Text,XOR,,
ClientCore/frmFilters,Filters Form,rbProcessAfterInstall.Text,Process only after Installation Date,Processar somente após a data de instalação,
ClientCore/frmFilters,Filters Form,rbProcessAlways.Text,Always process Rule,Sempre processar a regra,
ClientCore/frmFilters,Filters Form,rbProcessCustomDate.Text,Process only after custom date:  ,Processar somente após a data personalizada:,
ClientCore/frmFilters,Filters Form,toolStripMenuItem9.Text,SNMP V1 Filters,,
ClientCore/frmFilters,Filters Form,tpAdvanced.Text,Advanced,Avançado,
ClientCore/frmFilters,Filters Form,tpComments.Text,Comments,Comentários,
ClientCore/frmFilters,Filters Form,tpDate.Text,Date Conditions,Condições de data,
ClientCore/frmFilters,Filters Form,tpDetails.Text,Details,Detalhes,
ClientCore/frmFilters,Filters Form,tpGlobal.Text,Global Conditions,Condições Globais,
ClientCore/frmFilters,Filters Form,txtComments.Text,,,
ClientCore/frmImportConfigScope,Import Config Scope Form,$this.Text,Import configuration,Importar configuração,
ClientCore/frmImportConfigScope,Import Config Scope Form,btnCancel.Text,Cancel,Cancelar,
ClientCore/frmImportConfigScope,Import Config Scope Form,btnNext.Text,Next…,Avançar…,
ClientCore/frmImportConfigScope,Import Config Scope Form,lblFullDesc.Text,Replaces all settings including license with the contents of the configuration file.,"Substitui todas as configurações, incluindo a licença, pelo conteúdo do arquivo de configuração.",
ClientCore/frmImportConfigScope,Import Config Scope Form,lblFullKeepLicenseDesc.Text,Replaces all settings from the file except the license: your current license name and keys stay in effect.,"Substitui todas as configurações do arquivo, exceto a licença: o nome e as chaves de licença atuais permanecem em vigor.",
ClientCore/frmImportConfigScope,Import Config Scope Form,lblIntro.Text,Choose which parts of the configuration to take from the file. You will select the file in the next step.,Escolha quais partes da configuração serão obtidas do arquivo. Você selecionará o arquivo na próxima etapa.,
ClientCore/frmImportConfigScope,Import Config Scope Form,lblServicesRuleSetsDesc.Text,"Keeps your current general settings (e.g. engine, debug). Only services and rule sets are replaced from the file; general blocks in the file are ignored.","Mantém suas configurações gerais atuais (p. ex. mecanismo, depuração). Apenas serviços e conjuntos de regras são substituídos pelo arquivo; blocos gerais no arquivo são ignorados.",
ClientCore/frmImportConfigScope,Import Config Scope Form,rbFull.Text,Full import (replace everything),Importação completa (substituir tudo),
ClientCore/frmImportConfigScope,Import Config Scope Form,rbFullKeepLicense.Text,"Full import, keep current license","Importação completa, manter licença atual",
ClientCore/frmImportConfigScope,Import Config Scope Form,rbServicesRuleSets.Text,Services and rule sets only,Somente serviços e conjuntos de regras,
ClientCore/frmMainTemplate,Main Template Form,$this.Text,Main Template Form,,
ClientCore/frmMainTemplate,Main Template Form,ImportRegistryBinaryfileToolStripMenuItem.Text,Registry Binaryfile,Arquivo binário de registro,
ClientCore/frmMainTemplate,Main Template Form,ImportadisconConfigFormatToolStripMenuItem.Text,Adiscon Config Format,Adiscon Configuration Format,
ClientCore/frmMainTemplate,Main Template Form,adisconConfigFormatToolStripMenuItem.Text,Adiscon Config Format,Adiscon Configuration Format,
ClientCore/frmMainTemplate,Main Template Form,adisconEventlogFormatToolStripMenuItem.Text,Adiscon Eventlog Format,,
ClientCore/frmMainTemplate,Main Template Form,adisconXMLFormatLegacyToolStripMenuItem.Text,Adiscon XML Format (Legacy),Adiscon Formato XML (Legado),
ClientCore/frmMainTemplate,Main Template Form,btnConnect.Text,Connect,Conectar,
ClientCore/frmMainTemplate,Main Template Form,btnDown.Text,Down,Abaixo,
ClientCore/frmMainTemplate,Main Template Form,btnLocal.Text,Localhost,Host local,
ClientCore/frmMainTemplate,Main Template Form,btnQuit.Text,Quit,Sair,
ClientCore/frmMainTemplate,Main Template Form,btnResetChanges.Text,Reset Changes,Redefinir alterações,
ClientCore/frmMainTemplate,Main Template Form,btnRestart.AccessibleDescription,Restarts the Background Service,Reinicia o serviço em segundo plano,
ClientCore/frmMainTemplate,Main Template Form,btnRestart.AccessibleName,Restart Service,Reiniciar serviço,
ClientCore/frmMainTemplate,Main Template Form,btnRestart.Text,Restart Service,Reiniciar serviço,
ClientCore/frmMainTemplate,Main Template Form,btnRestart.ToolTipText,Restarts the Background Service,Reinicia o serviço em segundo plano,
ClientCore/frmMainTemplate,Main Template Form,btnSave.Text,Save,Salvar,
ClientCore/frmMainTemplate,Main Template Form,btnStart.AccessibleDescription,Starts the Background Service,Inicia o serviço em segundo plano,
ClientCore/frmMainTemplate,Main Template Form,btnStart.AccessibleName,Start Service,Iniciar serviço,
ClientCore/frmMainTemplate,Main Template Form,btnStart.Text,Start Service,Iniciar serviço,
ClientCore/frmMainTemplate,Main Template Form,btnStart.ToolTipText,Starts the Background Service,Inicia o serviço em segundo plano,
ClientCore/frmMainTemplate,Main Template Form,btnStop.AccessibleDescription,Stops the Background Service,Para o serviço em segundo plano,
ClientCore/frmMainTemplate,Main Template Form,btnStop.AccessibleName,Stop Service,Parar serviço,
ClientCore/frmMainTemplate,Main Template Form,btnStop.Text,Stop Service,Parar serviço,
ClientCore/frmMainTemplate,Main Template Form,btnStop.ToolTipText,Stops the Background Service,Para o serviço em segundo plano,
ClientCore/frmMainTemplate,Main Template Form,btnUp.Text,Up,,
ClientCore/frmMainTemplate,Main Template Form,btnVerifyConfiguration.Text,Verify,Verifique a configuração,
ClientCore/frmMainTemplate,Main Template Form,btnVerifyConfiguration.ToolTipText,Verify Configuration,,
ClientCore/frmMainTemplate,Main Template Form,carriageReturnCRToolStripMenuItem.Text,Carriage return (CR),Retorno de transporte (CR),
ClientCore/frmMainTemplate,Main Template Form,carriageReturnLineFeedCRLFToolStripMenuItem.Text,Carriage return line feed (CRLF),Alimentação de linha de retorno de carro (CRLF),
ClientCore/frmMainTemplate,Main Template Form,cloneActionToolStripMenuItem.Text,Clone Action,Clonar ação,
ClientCore/frmMainTemplate,Main Template Form,cloneRuleSetToolStripMenuItem.Text,Clone RuleSet,Clonar conjunto de regras,
ClientCore/frmMainTemplate,Main Template Form,cloneRuleToolStripMenuItem.Text,Clone Rule,Clonar regra,
ClientCore/frmMainTemplate,Main Template Form,cloneServiceToolStripMenuItem.Text,Clone Service,Clonar serviço,
ClientCore/frmMainTemplate,Main Template Form,copyActionToolStripMenuItem.Text,Copy Action,Copiar ação,
ClientCore/frmMainTemplate,Main Template Form,copyRuleSetToolStripMenuItem.Text,Copy RuleSet,Copiar conjunto de regras,
ClientCore/frmMainTemplate,Main Template Form,copyRuleToolStripMenuItem.Text,Copy Rule,Copiar regra,
ClientCore/frmMainTemplate,Main Template Form,copyServiceToolStripMenuItem.Text,Copy Service,Copiar serviço,
ClientCore/frmMainTemplate,Main Template Form,currentSeparatorMatchToolStripMenuItem.Text,Current separator match,Correspondência do separador atual,
ClientCore/frmMainTemplate,Main Template Form,disableActionToolStripMenuItem.Text,Disable Action,Desativar ação,
ClientCore/frmMainTemplate,Main Template Form,disableServiceToolStripMenuItem.Text,Disable Service,Desativar serviço,
ClientCore/frmMainTemplate,Main Template Form,diskspaceInUseMBToolStripMenuItem.Text,Diskspace in use (MB),Espaço em disco em uso (MB),
ClientCore/frmMainTemplate,Main Template Form,enableActionToolStripMenuItem.Text,Enable Action,Ativar ação,
ClientCore/frmMainTemplate,Main Template Form,enableServiceToolStripMenuItem.Text,Enable Service,Ativar serviço,
ClientCore/frmMainTemplate,Main Template Form,eventReporterLegacyFormatToolStripMenuItem.Text,EventReporter Legacy Format,EventReporter Formato legado,
ClientCore/frmMainTemplate,Main Template Form,exportToolStripMenuItem.Text,Export Configuration,Exportar configuração,
ClientCore/frmMainTemplate,Main Template Form,genericFileNameToolStripMenuItem.Text,Generic FileName,Generated Filename,
ClientCore/frmMainTemplate,Main Template Form,importConfigurationToolStripMenuItem.Text,Import Configuration,Configuração de importação,
ClientCore/frmMainTemplate,Main Template Form,insertServiceToolStripMenuItem.Text,Paste Service,Colar serviço,
ClientCore/frmMainTemplate,Main Template Form,lblBasicFilters.Text,Properties,Propriedades,
ClientCore/frmMainTemplate,Main Template Form,lblConfigName.Text,Name,,
ClientCore/frmMainTemplate,Main Template Form,lblConnected.Text,Connected To: ,Conectado a:,
ClientCore/frmMainTemplate,Main Template Form,lblFileSystemMonServices.Text,File&&System Monitoring Services,Serviços de monitoramento de arquivos e sistema,
ClientCore/frmMainTemplate,Main Template Form,lblLicenseStatus.Text,30 days trial,,
ClientCore/frmMainTemplate,Main Template Form,lblNetworkRelatedServices.Text,Network related Services,Serviços relacionados à rede,
ClientCore/frmMainTemplate,Main Template Form,lblProbeServices.Text,Probe Services,Serviços de sondagem,
ClientCore/frmMainTemplate,Main Template Form,lblRemoteName.Text,localhost,,
ClientCore/frmMainTemplate,Main Template Form,lblStatus.Text,Status,,
ClientCore/frmMainTemplate,Main Template Form,lblStatusEnabled.ToolTipText,Status: ,Status:,
ClientCore/frmMainTemplate,Main Template Form,lineFeedLFToolStripMenuItem.Text,Line feed (LF),Alimentação de linha (LF),
ClientCore/frmMainTemplate,Main Template Form,maxAvailableDiskspaceMBToolStripMenuItem.Text,Max available Diskspace (MB),Máximo de espaço em disco disponível (MB),
ClientCore/frmMainTemplate,Main Template Form,mnuCommunity.Text,Community,Comunidade,
ClientCore/frmMainTemplate,Main Template Form,mnuCustomerID.Text,CustomerID,ID do cliente,
ClientCore/frmMainTemplate,Main Template Form,mnuDiskSpaceMonitor.Text,DiskSpace Monitor,Disk Space Monitor,
ClientCore/frmMainTemplate,Main Template Form,mnuEnterprise.Text,Enterprise,Empresa,
ClientCore/frmMainTemplate,Main Template Form,mnuEventCategory.Text,Event Category,Event Category,
ClientCore/frmMainTemplate,Main Template Form,mnuEventCategoryV2.Text,Event Category,Event Category,
ClientCore/frmMainTemplate,Main Template Form,mnuEventCategoryname.Text,Event Categoryname,Event Category Name,
ClientCore/frmMainTemplate,Main Template Form,mnuEventCategorynameV2.Text,Event Categoryname,Event Category Name,
ClientCore/frmMainTemplate,Main Template Form,mnuEventChannel.Text,Event Channel,Event Channel,
ClientCore/frmMainTemplate,Main Template Form,mnuEventID.Text,Event ID,Event ID,
ClientCore/frmMainTemplate,Main Template Form,mnuEventIDv2.Text,Event ID,Event ID,
ClientCore/frmMainTemplate,Main Template Form,mnuEventKeyword.Text,Event Keyword,Event Keyword,
ClientCore/frmMainTemplate,Main Template Form,mnuEventKeywordID.Text,Event Keyword ID,Event Keyword ID,
ClientCore/frmMainTemplate,Main Template Form,mnuEventLevel.Text,Event Level,Event Level,
ClientCore/frmMainTemplate,Main Template Form,mnuEventLogMonitor.Text,Event Log Monitor,Event Log Monitor,
ClientCore/frmMainTemplate,Main Template Form,mnuEventLogMonitorV2.Text,Event Log Monitor V2,Event Log Monitor V2,
ClientCore/frmMainTemplate,Main Template Form,mnuEventRawSource.Text,Event Raw Source,Fonte Bruta do Evento,
ClientCore/frmMainTemplate,Main Template Form,mnuEventRecordnumber.Text,Event Recordnumber,Número de registro do evento,
ClientCore/frmMainTemplate,Main Template Form,mnuEventSeverity.Text,Event Severity,Event Severity,
ClientCore/frmMainTemplate,Main Template Form,mnuEventSeverityIDV2.Text,Event Severity ID,Event Severity ID,
ClientCore/frmMainTemplate,Main Template Form,mnuEventSeverityV2.Text,Event Severity,Event Severity,
ClientCore/frmMainTemplate,Main Template Form,mnuEventSource.Text,Event Source,Event Source,
ClientCore/frmMainTemplate,Main Template Form,mnuEventSourceV2.Text,Event Source,Event Source,
ClientCore/frmMainTemplate,Main Template Form,mnuEventType.Text,Event Type,Tipo de Evento,
ClientCore/frmMainTemplate,Main Template Form,mnuEventUser.Text,Event User,Usuário do evento,
ClientCore/frmMainTemplate,Main Template Form,mnuEventUserV2.Text,Event User,Usuário do evento,
ClientCore/frmMainTemplate,Main Template Form,mnuFTPProbe.Text,FTP Probe,,
ClientCore/frmMainTemplate,Main Template Form,mnuFTPResponse.Text,FTP Response,,
ClientCore/frmMainTemplate,Main Template Form,mnuFTPStatuscode.Text,FTP Statuscode,,
ClientCore/frmMainTemplate,Main Template Form,mnuFacility.Text,Facility,Facility,
ClientCore/frmMainTemplate,Main Template Form,mnuFacilityText.Text,Facility Text,Facility Text,
ClientCore/frmMainTemplate,Main Template Form,mnuFile.Text,&File,&Arquivo,
ClientCore/frmMainTemplate,Main Template Form,mnuFileMonitor.Text,File Monitor,,
ClientCore/frmMainTemplate,Main Template Form,mnuGeneral.Text,General,Geral,
ClientCore/frmMainTemplate,Main Template Form,mnuGeneratedFilename.Text,Generated Filename,Generated Filename,
ClientCore/frmMainTemplate,Main Template Form,mnuGeneratedFilenamewithoutPath.Text,Generated Filename (without path),Generated Filename (sem caminho),
ClientCore/frmMainTemplate,Main Template Form,mnuGenericName.Text,Generic Name,Generic Name,
ClientCore/frmMainTemplate,Main Template Form,mnuHELOResponse.Text,HELO Response,Resposta HELO,
ClientCore/frmMainTemplate,Main Template Form,mnuHTTPProbe.Text,HTTP Probe,HTTP Probe,
ClientCore/frmMainTemplate,Main Template Form,mnuHTTPResponse.Text,HTTP Response,Resposta HTTP,
ClientCore/frmMainTemplate,Main Template Form,mnuHTTPStatuscode.Text,HTTP Statuscode,Código de status HTTP,
ClientCore/frmMainTemplate,Main Template Form,mnuHelp.Text,Help,Ajuda,
ClientCore/frmMainTemplate,Main Template Form,mnuHelpAbout.Text,About Adiscon Client,Sobre o cliente Adiscon,
ClientCore/frmMainTemplate,Main Template Form,mnuHelpContent.Text,Contents,Conteúdo,
ClientCore/frmMainTemplate,Main Template Form,mnuHelpIndex.Text,Index,Índice,
ClientCore/frmMainTemplate,Main Template Form,mnuHelpOnlineSupport.Text,Online Support,Suporte on-line,
ClientCore/frmMainTemplate,Main Template Form,mnuHelpRequestSupport.Text,Request Support,Solicitar suporte,
ClientCore/frmMainTemplate,Main Template Form,mnuHelpSearch.Text,Search,Procurar,
ClientCore/frmMainTemplate,Main Template Form,mnuIMAPProbe.Text,IMAP Probe,IMAP Probe,
ClientCore/frmMainTemplate,Main Template Form,mnuIMAPResponse.Text,IMAP Response,Resposta IMAP,
ClientCore/frmMainTemplate,Main Template Form,mnuIMAPStatuscode.Text,IMAP Statuscode,Código de status IMAP,
ClientCore/frmMainTemplate,Main Template Form,mnuInformationUnitType.Text,Information Type,Tipo de informação,
ClientCore/frmMainTemplate,Main Template Form,mnuKillService.Text,Kill service,Encerrar serviço,
ClientCore/frmMainTemplate,Main Template Form,mnuLocalHostname.Text,Local Hostname,Nome do host local,
ClientCore/frmMainTemplate,Main Template Form,mnuMain.Text,Main Menu,,
ClientCore/frmMainTemplate,Main Template Form,mnuMessage.Text,Message,Mensagem,
ClientCore/frmMainTemplate,Main Template Form,mnuMessageCompressed.Text,Message (Compressed),Mensagem (compactada),
ClientCore/frmMainTemplate,Main Template Form,mnuNNTPProbe.Text,NNTP Probe,NNTP Probe,
ClientCore/frmMainTemplate,Main Template Form,mnuNNTPResponse.Text,NNTP Response,Resposta NNTP,
ClientCore/frmMainTemplate,Main Template Form,mnuNNTPStatuscode.Text,NNTP Statuscode,Código de status NNTP,
ClientCore/frmMainTemplate,Main Template Form,mnuNTServiceDisplayName.Text,NT Service DisplayName,Nome de exibição do serviço NT,
ClientCore/frmMainTemplate,Main Template Form,mnuNTServiceMonitor.Text,NT Service Monitor,Monitor de serviço NT,
ClientCore/frmMainTemplate,Main Template Form,mnuNTServiceName.Text,NT Service Name,Nome do serviço NT,
ClientCore/frmMainTemplate,Main Template Form,mnuNetworkDiscovery.Text,Network Discovery,Descoberta de rede,
ClientCore/frmMainTemplate,Main Template Form,mnuOptions.Text,Options,Opções,
ClientCore/frmMainTemplate,Main Template Form,mnuOtherServices.Text,Other Services,Outros serviços,
ClientCore/frmMainTemplate,Main Template Form,mnuPOP3Probe.Text,POP3 Probe,POP3 Probe,
ClientCore/frmMainTemplate,Main Template Form,mnuPOP3Response.Text,POP3 Response,Resposta POP3,
ClientCore/frmMainTemplate,Main Template Form,mnuPOP3Statuscode.Text,POP3 Statuscode,Código de status POP3,
ClientCore/frmMainTemplate,Main Template Form,mnuPortname.Text,Portname,Nome da porta,
ClientCore/frmMainTemplate,Main Template Form,mnuPriority.Text,Priority,Prioridade,
ClientCore/frmMainTemplate,Main Template Form,mnuPriorityText.Text,Priority Text,Texto prioritário,
ClientCore/frmMainTemplate,Main Template Form,mnuQuit.Text,&Quit,&Sair,
ClientCore/frmMainTemplate,Main Template Form,mnuSMTPProbe.Text,SMTP Probe,SMTP Probe,
ClientCore/frmMainTemplate,Main Template Form,mnuSMTPStatuscode.Text,SMTP Statuscode,Código de status SMTP,
ClientCore/frmMainTemplate,Main Template Form,mnuSNMPTraps.Text,SNMP Traps,SNMP Traps,
ClientCore/frmMainTemplate,Main Template Form,mnuSendSyslogTestMsg.Text,Syslog Test Message,Syslog Mensagem de teste,
ClientCore/frmMainTemplate,Main Template Form,mnuSerialPortMonitor.Text,SerialPort Monitor,Serial Port Monitor,
ClientCore/frmMainTemplate,Main Template Form,mnuSource.Text,Source,Fonte,
ClientCore/frmMainTemplate,Main Template Form,mnuSourceIPv4.Text,Source IPv4,,
ClientCore/frmMainTemplate,Main Template Form,mnuSourceIPv6.Text,Source IPv6,,
ClientCore/frmMainTemplate,Main Template Form,mnuSourceIPv6Dots.Text,Source IPv6 (Dots),,
ClientCore/frmMainTemplate,Main Template Form,mnuSyslog.Text,Syslog,Syslog,
ClientCore/frmMainTemplate,Main Template Form,mnuSyslogAppname.Text,Syslog Appname,Syslog Appname,
ClientCore/frmMainTemplate,Main Template Form,mnuSyslogMSGID.Text,Syslog MSGID,Syslog MSGID,
ClientCore/frmMainTemplate,Main Template Form,mnuSyslogProcID.Text,Syslog ProcID,Syslog ProcID,
ClientCore/frmMainTemplate,Main Template Form,mnuSyslogStructdata.Text,Syslog Structdata,Syslog Structured Data,
ClientCore/frmMainTemplate,Main Template Form,mnuSyslogTag.Text,Syslog Tag,Syslog Tag,
ClientCore/frmMainTemplate,Main Template Form,mnuSyslogVersion.Text,Syslog Version,Syslog Version,
ClientCore/frmMainTemplate,Main Template Form,mnuSystemID.Text,SystemID,ID do sistema,
ClientCore/frmMainTemplate,Main Template Form,mnuTimeGenerated.Text,Time Generated,Tempo gerado,
ClientCore/frmMainTemplate,Main Template Form,mnuTimeGeneratedLocaltime.Text,Time Generated (Localtime),Hora gerada (hora local),
ClientCore/frmMainTemplate,Main Template Form,mnuTimeReported.Text,Time Reported,Tempo relatado,
ClientCore/frmMainTemplate,Main Template Form,mnuTimeReportedLocaltime.Text,Time Reported (Localtime),Hora informada (hora local),
ClientCore/frmMainTemplate,Main Template Form,mnuTools.Text,Tools,Ferramentas,
ClientCore/frmMainTemplate,Main Template Form,mnuUptime.Text,Uptime,Tempo de atividade,
ClientCore/frmMainTemplate,Main Template Form,mnuVersion.Text,Version,Versão,
ClientCore/frmMainTemplate,Main Template Form,monilogFormatToolStripMenuItem.Text,Monilog Format,,
ClientCore/frmMainTemplate,Main Template Form,newUUIDToolStripMenuItem.Text,New UUID(Universally Unique Identifiers),Novo UUID (Identificadores Universalmente Únicos),
ClientCore/frmMainTemplate,Main Template Form,passiveSyslogReceiverToolStripMenuItem.Text,Passive Syslog Receiver,,
ClientCore/frmMainTemplate,Main Template Form,pasteActionToolStripMenuItem.Text,Paste Action,Colar ação,
ClientCore/frmMainTemplate,Main Template Form,pasteRuleSetToolStripMenuItem.Text,Paste RuleSet,Colar conjunto de regras,
ClientCore/frmMainTemplate,Main Template Form,pasteRuleToolStripMenuItem.Text,Paste Rule,Colar regra,
ClientCore/frmMainTemplate,Main Template Form,previousSeparatorMatchToolStripMenuItem.Text,Previous separator match,Correspondência do separador anterior,
ClientCore/frmMainTemplate,Main Template Form,rAWSyslogMessageToolStripMenuItem.Text,RAW Syslog Message,,
ClientCore/frmMainTemplate,Main Template Form,registryBinaryfileToolStripMenuItem.Text,Registry Binaryfile,Arquivo binário de registro,
ClientCore/frmMainTemplate,Main Template Form,registryTextfile64BitWindowsToolStripMenuItem.Text,Registry Textfile (64Bit Windows),Arquivo de texto do registro (Windows de 64 bits),
ClientCore/frmMainTemplate,Main Template Form,registryfile32BitWindowsToolStripMenuItem.Text,Registry Textfile (32Bit Windows),Arquivo de texto do registro (Windows de 32 bits),
ClientCore/frmMainTemplate,Main Template Form,reloadConfigurationToolStripMenuItem.Text,Reload Configuration,Recarregar configuração,
ClientCore/frmMainTemplate,Main Template Form,replaceWithToolStripMenuItem.Text,Replace with,Substitua por,
ClientCore/frmMainTemplate,Main Template Form,resetToDefaultToolStripMenuItem.Text,Reset Configuration to Default,Redefinir configuração para padrão,
ClientCore/frmMainTemplate,Main Template Form,saveToolStripMenuItem.Text,Save,,
ClientCore/frmMainTemplate,Main Template Form,snmpAgentIP.Text,Agent IP,,
ClientCore/frmMainTemplate,Main Template Form,snmpSpecificType.Text,Specific Type,,
ClientCore/frmMainTemplate,Main Template Form,snmpVariable1ToolStripMenuItem.Text,Snmp variable 1,,
ClientCore/frmMainTemplate,Main Template Form,snmpVariable2ToolStripMenuItem.Text,Snmp variable 2,,
ClientCore/frmMainTemplate,Main Template Form,snmpVariable3ToolStripMenuItem.Text,Snmp variable 3,,
ClientCore/frmMainTemplate,Main Template Form,specialVariablesToolStripMenuItem.Text,Special Variables,Variáveis ​​Especiais,
ClientCore/frmMainTemplate,Main Template Form,stbMain.Text,stbMain,,
ClientCore/frmMainTemplate,Main Template Form,szServiceButtonHintRestart,Restarts the Background Service,Reinicia o serviço em segundo plano,
ClientCore/frmMainTemplate,Main Template Form,szServiceButtonHintStart,Starts the Background Service,Inicia o serviço em segundo plano,
ClientCore/frmMainTemplate,Main Template Form,szServiceButtonHintStop,Stops the Background Service,Para o serviço em segundo plano,
ClientCore/frmMainTemplate,Main Template Form,szServiceStatusRunning,Service: Running,Serviço: em execução,
ClientCore/frmMainTemplate,Main Template Form,szServiceStatusStopped,Service: Stopped,Serviço: parado,
ClientCore/frmMainTemplate,Main Template Form,szServiceStatusUnknown,Service: Unknown,Serviço: desconhecido,
ClientCore/frmMainTemplate,Main Template Form,szStartupConfigurationAccessDeniedText,"The configuration registry could not be accessed. The service may not be installed on this machine, or access was denied. The client will open with default settings.",Não foi possível acessar o registro de configuração. O serviço pode não estar instalado neste computador ou o acesso foi negado. O cliente será aberto com as configurações padrão.,
ClientCore/frmMainTemplate,Main Template Form,szStartupConfigurationMissingText,The service or configuration registry was not found on this machine. The client will open with default settings.,O serviço ou o registro de configuração não foi encontrado neste computador. O cliente será aberto com as configurações padrão.,
ClientCore/frmMainTemplate,Main Template Form,szStartupConfigurationUnavailable,Configuration not available,Configuração indisponível,
ClientCore/frmMainTemplate,Main Template Form,tABToolStripMenuItem.Text,TAB,,
ClientCore/frmMainTemplate,Main Template Form,tbCbEnabled.Items,Enabled,,
ClientCore/frmMainTemplate,Main Template Form,tbCbEnabled.Items1,Disabled,,
ClientCore/frmMainTemplate,Main Template Form,tbCbTestMode.Items,Testmode Enabled,,
ClientCore/frmMainTemplate,Main Template Form,tbCbTestMode.Items1,Testmode Disabled,,
ClientCore/frmMainTemplate,Main Template Form,tbComments.Text,Comments,Comentários,
ClientCore/frmMainTemplate,Main Template Form,tbConfigReset.Text,Reset,Reiniciar,
ClientCore/frmMainTemplate,Main Template Form,tbConfigSave.Text,Save,Confirmar,
ClientCore/frmMainTemplate,Main Template Form,tbDebug.Text,Logviewer (Debug),Log de depuração,
ClientCore/frmMainTemplate,Main Template Form,tbHelp.Text,Help,,
ClientCore/frmMainTemplate,Main Template Form,tbMain.Text,TTMain,,
ClientCore/frmMainTemplate,Main Template Form,tbSettings.Text,Settings,Configurações,
ClientCore/frmMainTemplate,Main Template Form,toolStripMenuItem19.Text,Version 1 parameters,,
ClientCore/frmMainTemplate,Main Template Form,toolStripMenuItem20.Text,Version 2 parameters,,
ClientCore/frmMainTemplate,Main Template Form,tsmAddAction.Text,Add Action,Adicionar ação,
ClientCore/frmMainTemplate,Main Template Form,tsmAddRule.Text,Add Rule,Adicionar regra,
ClientCore/frmMainTemplate,Main Template Form,tsmAddRuleSet.Text,Add RuleSet,Adicionar conjunto de regras,
ClientCore/frmMainTemplate,Main Template Form,tsmAddService.Text,Add Service,Adicionar serviço,
ClientCore/frmMainTemplate,Main Template Form,tsmDeleteAction.Text,Delete Action,Excluir ação,
ClientCore/frmMainTemplate,Main Template Form,tsmDeleteRule.Text,Delete Rule,Excluir regra,
ClientCore/frmMainTemplate,Main Template Form,tsmDeleteRuleSet.Text,Delete RuleSet,Excluir conjunto de regras,
ClientCore/frmMainTemplate,Main Template Form,tsmDeleteService.Text,Delete Service,Excluir serviço,
ClientCore/frmMainTemplate,Main Template Form,tsmImportRuleSet.Text,Import RuleSet,Importar conjunto(s) de regras,
ClientCore/frmMainTemplate,Main Template Form,tsmImportService.Text,Import Service(s),Importar serviço(s),
ClientCore/frmMainTemplate,Main Template Form,tsmRenameAction.Text,Rename Action,Renomear ação,
ClientCore/frmMainTemplate,Main Template Form,tsmRenameRule.Text,Rename Rule,Renomear regra,
ClientCore/frmMainTemplate,Main Template Form,tsmRenameRuleSet.Text,Rename RuleSet,Renomear conjunto de regras,
ClientCore/frmMainTemplate,Main Template Form,tsmRenameService.Text,Rename Service,Renomear serviço,
ClientCore/frmMainTemplate,Main Template Form,ttConfigureFor.Text,Configure for...,Configurar para...,
ClientCore/frmMainTemplate,Main Template Form,ttCopyFrom.Text,Copy from ...,Copiar de ...,
ClientCore/frmMainTemplate,Main Template Form,ttmClearFilters.Text,Clear Filters,Limpar filtros,
ClientCore/frmMessageBox,Message Box Form,$this.Text,Adiscon Client,,
ClientCore/frmMessageBox,Message Box Form,chkAskAgain.Text,Do not ask me again!,Não me pergunte de novo!,
ClientCore/frmMessageBox,Message Box Form,cmdCancel.Text,Cancel,Cancelar,
ClientCore/frmMessageBox,Message Box Form,cmdMore.Text,Click here,Clique aqui,
ClientCore/frmMessageBox,Message Box Form,cmdOK.Text,OK,OK,
ClientCore/frmMessageBox,Message Box Form,lblMore.Text,More Information:,,
ClientCore/frmMessageBox,Message Box Form,lblMoreLink.Text,www.moremoremore.com,,
ClientCore/frmMessageBox,Message Box Form,lblTitleText.Text,*Title,,
ClientCore/frmMessageBox,Message Box Form,txtMessage.Text,*Message,,
ClientCore/frmMibBrowser,Mib Browser Form,$this.Text,SNMP Mib Browser,,
ClientCore/frmMibBrowser,Mib Browser Form,cmdCancel.Text,Cancel,Cancelar,
ClientCore/frmMibBrowser,Mib Browser Form,cmdReloadMibs.Text,Reload Mibs,Recarregar Mibs,
ClientCore/frmMibBrowser,Mib Browser Form,cmdSelectOID.Text,Select OID,Selecione OID,
ClientCore/frmMibBrowser,Mib Browser Form,lblDefaultValue.Text,Default Value:,Valor padrão:,
ClientCore/frmMibBrowser,Mib Browser Form,lblDescription.Text,Description:,Descrição:,
ClientCore/frmMibBrowser,Mib Browser Form,lblOIDNumber.Text,OID Number:,Número OID:,
ClientCore/frmMibBrowser,Mib Browser Form,lblOIDString.Text,OID String:,Sequência de OID:,
ClientCore/frmMibBrowser,Mib Browser Form,lblTitle.Text,MIB Browser (OID),Navegador MIB (OID),
ClientCore/frmMibBrowser,Mib Browser Form,lblvarType.Text,Variable Type:,Tipo de variável:,
ClientCore/frmToolsConnect,Tools Connect Form,$this.Text,Connect,,
ClientCore/frmToolsConnect,Tools Connect Form,cmdBrowse.Text,Browse,,
ClientCore/frmToolsConnect,Tools Connect Form,cmdCancel.Text,Cancel,,
ClientCore/frmToolsConnect,Tools Connect Form,cmdConnect.Text,Connect,,
ClientCore/frmToolsConnect,Tools Connect Form,lblConnectTo.Text,Connect to:,,
ClientCore/frmToolsDebugView,Tools Debug View Form,$this.Text,Debug Viewer,,
ClientCore/frmToolsDebugView,Tools Debug View Form,DebugMsg.HeaderText,Debug Message,,
ClientCore/frmToolsDebugView,Tools Debug View Form,Facility.HeaderText,Facility,,
ClientCore/frmToolsDebugView,Tools Debug View Form,Index.HeaderText,Index,,
ClientCore/frmToolsDebugView,Tools Debug View Form,Priority.HeaderText,  ,,
ClientCore/frmToolsDebugView,Tools Debug View Form,PriorityText.HeaderText,Priority,,
ClientCore/frmToolsDebugView,Tools Debug View Form,RawDebug.HeaderText,Raw Debug,,
ClientCore/frmToolsDebugView,Tools Debug View Form,StatusBar.Text,statusStrip1,,
ClientCore/frmToolsDebugView,Tools Debug View Form,Thread.HeaderText,Thread,,
ClientCore/frmToolsDebugView,Tools Debug View Form,Time.HeaderText,Time,,
ClientCore/frmToolsDebugView,Tools Debug View Form,lblDebugFile.Text,Debugfile: ,Arquivo de depuração:,
ClientCore/frmToolsDebugView,Tools Debug View Form,lblDebugFilter.Text,Message contains,,
ClientCore/frmToolsDebugView,Tools Debug View Form,lblFiltering.Text,Filtering,Filtragem,
ClientCore/frmToolsDebugView,Tools Debug View Form,lblFunction.Text,Function,,
ClientCore/frmToolsDebugView,Tools Debug View Form,lblInitLines.Text,Initial Debuglines: ,Linhas de depuração iniciais:,
ClientCore/frmToolsDebugView,Tools Debug View Form,lblLoading.Text,-,,
ClientCore/frmToolsDebugView,Tools Debug View Form,lblProgressLabel.Text,Progress:,Progresso:,
ClientCore/frmToolsDebugView,Tools Debug View Form,lblShowDebugFor.Text,Show debug message for: ,Mostrar mensagem de depuração para:,
ClientCore/frmToolsDebugView,Tools Debug View Form,lblStatus.Text,-,,
ClientCore/frmToolsDebugView,Tools Debug View Form,lblStatusLabel.Text,Status:,Status:,
ClientCore/frmToolsDebugView,Tools Debug View Form,lblThread.Text,Thread,,
ClientCore/frmToolsDebugView,Tools Debug View Form,lblTitleText.Text,Logviewer (Debug),Visualizador de log (depuração),
ClientCore/frmToolsDebugView,Tools Debug View Form,lbldebugLoglines.Text,-,,
ClientCore/frmToolsDebugView,Tools Debug View Form,lbldebugLoglinesLabel.Text,Total LogLines:,LogLines totais:,
ClientCore/frmToolsDebugView,Tools Debug View Form,tbBrowse.Text,Browse,Navegar,
ClientCore/frmToolsDebugView,Tools Debug View Form,tbReset.Text,Reset,Reiniciar,
ClientCore/frmToolsDebugView,Tools Debug View Form,toolStripLabel1.Text,Priority,,
ClientCore/frmToolsDebugView,Tools Debug View Form,toolStripLabel2.Text,Facility,,
ClientCore/frmToolsDebugView,Tools Debug View Form,tsStart.Text,Start,Carregar,
ClientCore/frmToolsDebugView,Tools Debug View Form,tsStop.Text,Stop,Parar,
ClientCore/frmToolsNetworkDiscovery,Tools Network Discovery Form,$this.Text,Network Discovery Wizard,,
ClientCore/frmToolsNetworkDiscovery,Tools Network Discovery Form,chkUseDNS.Text,Resolve Names using DNS during Scan operation,Resolva nomes usando DNS durante a operação de verificação,
ClientCore/frmToolsNetworkDiscovery,Tools Network Discovery Form,clDomain.Text,Domain Name,,
ClientCore/frmToolsNetworkDiscovery,Tools Network Discovery Form,cmdBack.Text,< Back,< Voltar,
ClientCore/frmToolsNetworkDiscovery,Tools Network Discovery Form,cmdCancel.Text,Cancel,Cancelar,
ClientCore/frmToolsNetworkDiscovery,Tools Network Discovery Form,cmdCancelScan.Text,Cancel Scan,Cancelar digitalização,
ClientCore/frmToolsNetworkDiscovery,Tools Network Discovery Form,cmdDeSelectAll.Text,Deselect All,Desmarcar tudo,
ClientCore/frmToolsNetworkDiscovery,Tools Network Discovery Form,cmdFinish.Text,Finish,Terminar,
ClientCore/frmToolsNetworkDiscovery,Tools Network Discovery Form,cmdNext.Text,Next >,Próximo>,
ClientCore/frmToolsNetworkDiscovery,Tools Network Discovery Form,cmdRestart.Text,Restart Wizard,Assistente de reinicialização,
ClientCore/frmToolsNetworkDiscovery,Tools Network Discovery Form,cmdSelectAll.Text,Select All,Selecionar tudo,
ClientCore/frmToolsNetworkDiscovery,Tools Network Discovery Form,lblDiscover.Text,How you want to discover your network?,Como você deseja descobrir sua rede?,
ClientCore/frmToolsNetworkDiscovery,Tools Network Discovery Form,lblDomError.Text,*Error Maybe,,
ClientCore/frmToolsNetworkDiscovery,Tools Network Discovery Form,lblDomainNames.Text,Domain / Workgroup Names,Nomes de domínio/grupo de trabalho,
ClientCore/frmToolsNetworkDiscovery,Tools Network Discovery Form,lblEndIP.Text,End IP Address,Endereço IP final,
ClientCore/frmToolsNetworkDiscovery,Tools Network Discovery Form,lblNumPingConns.Text,Number of PING Connections: ,Número de conexões PING:,
ClientCore/frmToolsNetworkDiscovery,Tools Network Discovery Form,lblStartIP.Text,Start IP Address,Iniciar endereço IP,
ClientCore/frmToolsNetworkDiscovery,Tools Network Discovery Form,lblTitleText.Text,*Title,,
ClientCore/frmToolsNetworkDiscovery,Tools Network Discovery Form,rbIPRange.Text,Scan IP Range,Digitalizar intervalo de IP,
ClientCore/frmToolsNetworkDiscovery,Tools Network Discovery Form,rbWinNet.Text,Scan Windows Network,Digitalizar rede Windows,
ClientCore/frmToolsNetworkDiscovery,Tools Network Discovery Form,tpMethod.Text,Method,Método,
ClientCore/frmToolsNetworkDiscovery,Tools Network Discovery Form,tpOptionsIPScan.Text,Options IPScan,Opções IPScan,
ClientCore/frmToolsNetworkDiscovery,Tools Network Discovery Form,tpOptionsWINNETScan.Text,Options WinNetScan,Opções WinNetScan,
ClientCore/frmToolsNetworkDiscovery,Tools Network Discovery Form,tpScanning.Text,Scanning,,
ClientCore/frmToolsPassiveSyslog,Tools Passive Syslog Form,$this.Text,Passive Syslog Receiver,,
ClientCore/frmToolsPassiveSyslog,Tools Passive Syslog Form,Category.HeaderText, ,,
ClientCore/frmToolsPassiveSyslog,Tools Passive Syslog Form,DateTime.HeaderText,Date&Time,Data e hora,
ClientCore/frmToolsPassiveSyslog,Tools Passive Syslog Form,Facility.HeaderText,Facility,Facility,
ClientCore/frmToolsPassiveSyslog,Tools Passive Syslog Form,Message.HeaderText,Logged Message,Mensagem registrada,
ClientCore/frmToolsPassiveSyslog,Tools Passive Syslog Form,Priority.HeaderText,Priority,Prioridade,
ClientCore/frmToolsPassiveSyslog,Tools Passive Syslog Form,Source.HeaderText,Source,Fonte,
ClientCore/frmToolsPassiveSyslog,Tools Passive Syslog Form,chkMsgExpectedAfterConnect.Text,Expect this Message after Connect,Espere esta mensagem após conectar,
ClientCore/frmToolsPassiveSyslog,Tools Passive Syslog Form,chkMsgSendAfterConnect.Text,Send this Message after Connect,Envie esta mensagem após conectar,
ClientCore/frmToolsPassiveSyslog,Tools Passive Syslog Form,cmdCancel.Text,Cancel,Cancelar,
ClientCore/frmToolsPassiveSyslog,Tools Passive Syslog Form,cmdClose.Text,Close,Fechar,
ClientCore/frmToolsPassiveSyslog,Tools Passive Syslog Form,cmdRetrieve.Text,Retrieve Messages,Recuperar mensagens,
ClientCore/frmToolsPassiveSyslog,Tools Passive Syslog Form,lblMsgSep.Text,Message Separator,Delimitador de mensagens,
ClientCore/frmToolsPassiveSyslog,Tools Passive Syslog Form,lblSyslogPort.Text,Syslog Port,Porta Syslog,
ClientCore/frmToolsPassiveSyslog,Tools Passive Syslog Form,lblSyslogServer.Text,Syslog Server,Servidor Syslog,
ClientCore/frmToolsPassiveSyslog,Tools Passive Syslog Form,lblTitleText.Text,Test PassiveSyslog Service,Testar Passive Syslog Listener,
ClientCore/frmToolsSendSyslog,Tools Send Syslog Form,$this.Text,Send Syslog Test Message,,
ClientCore/frmToolsSendSyslog,Tools Send Syslog Form,cbOutputEncoding.Items,ASCII,,
ClientCore/frmToolsSendSyslog,Tools Send Syslog Form,cbOutputEncoding.Items1,UTF8,,
ClientCore/frmToolsSendSyslog,Tools Send Syslog Form,cbProtocolType.Items,UDP,,
ClientCore/frmToolsSendSyslog,Tools Send Syslog Form,cbProtocolType.Items1,TCP,,
ClientCore/frmToolsSendSyslog,Tools Send Syslog Form,cbSyslogFacility.Items,Kernel,,
ClientCore/frmToolsSendSyslog,Tools Send Syslog Form,cbSyslogFacility.Items1,User,,
ClientCore/frmToolsSendSyslog,Tools Send Syslog Form,cbSyslogFacility.Items10,Local0,,
ClientCore/frmToolsSendSyslog,Tools Send Syslog Form,cbSyslogFacility.Items11,Local1,,
ClientCore/frmToolsSendSyslog,Tools Send Syslog Form,cbSyslogFacility.Items12,Local2,,
ClientCore/frmToolsSendSyslog,Tools Send Syslog Form,cbSyslogFacility.Items13,Local3,,
ClientCore/frmToolsSendSyslog,Tools Send Syslog Form,cbSyslogFacility.Items14,Local4,,
ClientCore/frmToolsSendSyslog,Tools Send Syslog Form,cbSyslogFacility.Items15,Local5,,
ClientCore/frmToolsSendSyslog,Tools Send Syslog Form,cbSyslogFacility.Items16,Local6,,
ClientCore/frmToolsSendSyslog,Tools Send Syslog Form,cbSyslogFacility.Items17,Local7,,
ClientCore/frmToolsSendSyslog,Tools Send Syslog Form,cbSyslogFacility.Items2,Mail System,,
ClientCore/frmToolsSendSyslog,Tools Send Syslog Form,cbSyslogFacility.Items3,Daemon,,
ClientCore/frmToolsSendSyslog,Tools Send Syslog Form,cbSyslogFacility.Items4,Security,,
ClientCore/frmToolsSendSyslog,Tools Send Syslog Form,cbSyslogFacility.Items5,Syslog,,
ClientCore/frmToolsSendSyslog,Tools Send Syslog Form,cbSyslogFacility.Items6,Printer,,
ClientCore/frmToolsSendSyslog,Tools Send Syslog Form,cbSyslogFacility.Items7,News,,
ClientCore/frmToolsSendSyslog,Tools Send Syslog Form,cbSyslogFacility.Items8,UUCP,,
ClientCore/frmToolsSendSyslog,Tools Send Syslog Form,cbSyslogFacility.Items9,Cron,,
ClientCore/frmToolsSendSyslog,Tools Send Syslog Form,cbSyslogPriority.Items,Emergency,,
ClientCore/frmToolsSendSyslog,Tools Send Syslog Form,cbSyslogPriority.Items1,Alert,,
ClientCore/frmToolsSendSyslog,Tools Send Syslog Form,cbSyslogPriority.Items2,Critical,,
ClientCore/frmToolsSendSyslog,Tools Send Syslog Form,cbSyslogPriority.Items3,Error,,
ClientCore/frmToolsSendSyslog,Tools Send Syslog Form,cbSyslogPriority.Items4,Warning,,
ClientCore/frmToolsSendSyslog,Tools Send Syslog Form,cbSyslogPriority.Items5,Notice,,
ClientCore/frmToolsSendSyslog,Tools Send Syslog Form,cbSyslogPriority.Items6,Information,,
ClientCore/frmToolsSendSyslog,Tools Send Syslog Form,cbSyslogPriority.Items7,Debug,,
ClientCore/frmToolsSendSyslog,Tools Send Syslog Form,chkAppendSyslogNumber.Text,Append Number to Syslog Message,,
ClientCore/frmToolsSendSyslog,Tools Send Syslog Form,chkEnableTls.Text,Enable SSL / TLS Encryption.,,
ClientCore/frmToolsSendSyslog,Tools Send Syslog Form,chkSendPerLineFeed.Text,Send One Message per LineFeed,,
ClientCore/frmToolsSendSyslog,Tools Send Syslog Form,cmdBrowse.Text,Browse,,
ClientCore/frmToolsSendSyslog,Tools Send Syslog Form,cmdBrowseCA.Text,Browse,,
ClientCore/frmToolsSendSyslog,Tools Send Syslog Form,cmdBrowseCERT.Text,Browse,,
ClientCore/frmToolsSendSyslog,Tools Send Syslog Form,cmdBrowseKEY.Text,Browse,,
ClientCore/frmToolsSendSyslog,Tools Send Syslog Form,cmdCancel.Text,Cancel,Cancelar,
ClientCore/frmToolsSendSyslog,Tools Send Syslog Form,cmdClose.Text,Close,,
ClientCore/frmToolsSendSyslog,Tools Send Syslog Form,cmdSend.Text,Send,Enviar mensagem,
ClientCore/frmToolsSendSyslog,Tools Send Syslog Form,gbTCPRelated.Text,TCP related Options,,
ClientCore/frmToolsSendSyslog,Tools Send Syslog Form,gbTLSRelated.Text,TLS related Options,,
ClientCore/frmToolsSendSyslog,Tools Send Syslog Form,lblCertificate.Text,Certificate,,
ClientCore/frmToolsSendSyslog,Tools Send Syslog Form,lblCommonCA.Text,Common CA,,
ClientCore/frmToolsSendSyslog,Tools Send Syslog Form,lblDebugOutput.Text,Debug Output,,
ClientCore/frmToolsSendSyslog,Tools Send Syslog Form,lblFileName.Text,Filename:,,
ClientCore/frmToolsSendSyslog,Tools Send Syslog Form,lblKey.Text,Key,,
ClientCore/frmToolsSendSyslog,Tools Send Syslog Form,lblMessageDelimiter.Text,Message Delimiter,,
ClientCore/frmToolsSendSyslog,Tools Send Syslog Form,lblMilliSeconds.Text,milliseconds,,
ClientCore/frmToolsSendSyslog,Tools Send Syslog Form,lblNetworkProtocol.Text,Network Protocol,,
ClientCore/frmToolsSendSyslog,Tools Send Syslog Form,lblOutputencoding.Text,Output encoding: ,,
ClientCore/frmToolsSendSyslog,Tools Send Syslog Form,lblSleeptime.Text,Sleeptime between sending,,
ClientCore/frmToolsSendSyslog,Tools Send Syslog Form,lblSourceName.Text,Sourcename,,
ClientCore/frmToolsSendSyslog,Tools Send Syslog Form,lblSyslogFacility.Text,Syslog Facility,,
ClientCore/frmToolsSendSyslog,Tools Send Syslog Form,lblSyslogPort.Text,Syslog Port,Porta Syslog,
ClientCore/frmToolsSendSyslog,Tools Send Syslog Form,lblSyslogPriority.Text,Syslog Priority,,
ClientCore/frmToolsSendSyslog,Tools Send Syslog Form,lblSyslogServer.Text,Syslog Server,Servidor Syslog,
ClientCore/frmToolsSendSyslog,Tools Send Syslog Form,lblSyslogTagValue.Text,Syslog Tag Value,,
ClientCore/frmToolsSendSyslog,Tools Send Syslog Form,lblTitleText.Text,Send Syslog Test Message,Enviar mensagem de teste Syslog,
ClientCore/frmToolsSendSyslog,Tools Send Syslog Form,lblrepeatMessage.Text,Repeat Message,,
ClientCore/frmToolsSendSyslog,Tools Send Syslog Form,lbltimes.Text,times,,
ClientCore/frmToolsSendSyslog,Tools Send Syslog Form,rbFromFile.Text,Load RAW Syslogdata from File,,
ClientCore/frmToolsSendSyslog,Tools Send Syslog Form,rbUseFromTextBox.Text,Configure Syslog message with these properties,,
ClientCore/frmToolsSendSyslog,Tools Send Syslog Form,tpConnection.Text,Connection properties,,
ClientCore/frmToolsSendSyslog,Tools Send Syslog Form,tpMessage.Text,Message properties,,
ClientCore/frmWaiting,Waiting Form,$this.Text,Configuration Client is working ...,,
ClientCore/frmWaiting,Waiting Form,lblTitle.Text,Configuration Client is working ... please wait,O cliente de configuração está funcionando... aguarde,
ClientCore/ucEventDetails,uc Event Details,lblEventID.Text,EventID:,Event ID,
ClientCore/ucEventDetails,uc Event Details,lblKeywords.Text,Keywords:,Palavras-chave,
ClientCore/ucEventDetails,uc Event Details,lblLevel.Text,Level:,Nível,
ClientCore/ucEventDetails,uc Event Details,lblLogged.Text,Logged:,Registrado,
ClientCore/ucEventDetails,uc Event Details,lblSource.Text,Source:,Fonte,
ClientCore/ucEventDetails,uc Event Details,lblTaskCategory.Text,Task Category:,Categoria de tarefa,
ClientCore/ucEventDetails,uc Event Details,lblUser.Text,User:,Usuário,
ClientCore/ucEventDetails,uc Event Details,tpGeneral.Text,General,Detalhes do Evento,
ClientCore/xml.languagefiles/Action.CallRuleSet,Call Rule Set Action,szRuleSet,RuleSet to process,Conjunto de regras a processar,
ClientCore/xml.languagefiles/Action.ComputeStatusVariable,Compute Status Variable Action,lblDecrement,Decrement Value (-),Valor de decremento (-),
ClientCore/xml.languagefiles/Action.ComputeStatusVariable,Compute Status Variable Action,lblIncrement,Increment Value (+),Valor de incremento (+),
ClientCore/xml.languagefiles/Action.ComputeStatusVariable,Compute Status Variable Action,nChangeVal,Operation value,Valor da operação,
ClientCore/xml.languagefiles/Action.ComputeStatusVariable,Compute Status Variable Action,szOperationType,Operation type,Tipo de operação,
ClientCore/xml.languagefiles/Action.ComputeStatusVariable,Compute Status Variable Action,szStatusVar,Status variable,Variável de status,
ClientCore/xml.languagefiles/Action.ControlNTService,Control NT Service Action,lbl_nAction1,Start,Iniciar,
ClientCore/xml.languagefiles/Action.ControlNTService,Control NT Service Action,lbl_nAction2,Stop,Parar,
ClientCore/xml.languagefiles/Action.ControlNTService,Control NT Service Action,lbl_nAction3,Restart,Reiniciar,
ClientCore/xml.languagefiles/Action.ControlNTService,Control NT Service Action,lbl_nAction4,Pause,Pausa,
ClientCore/xml.languagefiles/Action.ControlNTService,Control NT Service Action,lbl_nAction5,Unpause,Retomar,
ClientCore/xml.languagefiles/Action.ControlNTService,Control NT Service Action,nAction,Action to perform,Ação a executar,
ClientCore/xml.languagefiles/Action.ControlNTService,Control NT Service Action,szServiceName,Service Name,Nome do serviço,
ClientCore/xml.languagefiles/Action.DatabaseOdbc,Database Odbc Action,btnszODBCDsn,Configure DSN,Configurar DSN,
ClientCore/xml.languagefiles/Action.DatabaseOdbc,Database Odbc Action,datafields,Datafields,Campos de dados,
ClientCore/xml.languagefiles/Action.DatabaseOdbc,Database Odbc Action,nEmptyStringsAsNull,Insert NULLValue if string is empty,Insira NULLValue se a string estiver vazia,
ClientCore/xml.languagefiles/Action.DatabaseOdbc,Database Odbc Action,nFieldType_,Fieldtype,Tipo de campo,
ClientCore/xml.languagefiles/Action.DatabaseOdbc,Database Odbc Action,nMaxValueLength,Maximum value length (Bytes):,Comprimento máximo do valor (Bytes):,
ClientCore/xml.languagefiles/Action.DatabaseOdbc,Database Odbc Action,nODBCEnCryption,Enable Password encryption,Habilitar criptografia de senha,
ClientCore/xml.languagefiles/Action.DatabaseOdbc,Database Odbc Action,nPropertiesTable,Enable Detail Property Logging,Ativar registro detalhado de propriedades,
ClientCore/xml.languagefiles/Action.DatabaseOdbc,Database Odbc Action,nSQLConnectionTimeOut,SQL Connection Timeout,Tempo limite de conexão SQL,
ClientCore/xml.languagefiles/Action.DatabaseOdbc,Database Odbc Action,nSQLStatementType,Statement Type,Tipo de declaração,
ClientCore/xml.languagefiles/Action.DatabaseOdbc,Database Odbc Action,szDateTimeLT,DateTime Localtime,DataHora Local,
ClientCore/xml.languagefiles/Action.DatabaseOdbc,Database Odbc Action,szDateTimeUTC,DateTime UTC,DataHora UTC,
ClientCore/xml.languagefiles/Action.DatabaseOdbc,Database Odbc Action,szFieldContent_,Fieldcontent,Conteúdo do campo,
ClientCore/xml.languagefiles/Action.DatabaseOdbc,Database Odbc Action,szFieldName_,Fieldname,Nome do campo,
ClientCore/xml.languagefiles/Action.DatabaseOdbc,Database Odbc Action,szInsertStatement,INSERT,INSERIR,
ClientCore/xml.languagefiles/Action.DatabaseOdbc,Database Odbc Action,szInt,int,interno,
ClientCore/xml.languagefiles/Action.DatabaseOdbc,Database Odbc Action,szODBCDsn,DSN,DSN,
ClientCore/xml.languagefiles/Action.DatabaseOdbc,Database Odbc Action,szODBCPwd,Password,Senha,
ClientCore/xml.languagefiles/Action.DatabaseOdbc,Database Odbc Action,szODBCUid,User-ID,ID do usuário,
ClientCore/xml.languagefiles/Action.DatabaseOdbc,Database Odbc Action,szPropertiesTableName,Detaildata Tablename,Nome da tabela de dados detalhados,
ClientCore/xml.languagefiles/Action.DatabaseOdbc,Database Odbc Action,szSQLConnectionOptions,Connection Options,Opções de conexão,
ClientCore/xml.languagefiles/Action.DatabaseOdbc,Database Odbc Action,szSQLOptions,SQL Options,Opções SQL,
ClientCore/xml.languagefiles/Action.DatabaseOdbc,Database Odbc Action,szStoredProcedure,CALL (MSSQLStored Procedure),CALL (procedimento armazenado MSSQL),
ClientCore/xml.languagefiles/Action.DatabaseOdbc,Database Odbc Action,szTableName,Table Name,Nome da tabela,
ClientCore/xml.languagefiles/Action.DatabaseOdbc,Database Odbc Action,szText,text,texto,
ClientCore/xml.languagefiles/Action.DatabaseOdbc,Database Odbc Action,szVarChar,varchar,varchar,
ClientCore/xml.languagefiles/Action.DatabaseOledb,Database Oledb Action,datafields,Datafields,Campos de dados,
ClientCore/xml.languagefiles/Action.DatabaseOledb,Database Oledb Action,nFieldType_,Fieldtype,Tipo de campo,
ClientCore/xml.languagefiles/Action.DatabaseOledb,Database Oledb Action,nMaxValueLength,Maximum value length (Bytes):,Comprimento máximo do valor (Bytes):,
ClientCore/xml.languagefiles/Action.DatabaseOledb,Database Oledb Action,nOleDbEnCryption,Encrypt password,Criptografar senha,
ClientCore/xml.languagefiles/Action.DatabaseOledb,Database Oledb Action,nPropertiesTable,Enable Detail Property Logging,Ativar registro detalhado de propriedades,
ClientCore/xml.languagefiles/Action.DatabaseOledb,Database Oledb Action,nSQLConnectionTimeOut,SQL Connection Timeout,Tempo limite de conexão SQL,
ClientCore/xml.languagefiles/Action.DatabaseOledb,Database Oledb Action,nSQLStatementType,Statement Type,Tipo de declaração,
ClientCore/xml.languagefiles/Action.DatabaseOledb,Database Oledb Action,szConnectionString,Configure OLEDB Connection,Configurar conexão OLEDB,
ClientCore/xml.languagefiles/Action.DatabaseOledb,Database Oledb Action,szDataCatalog,Data Catalog,Catálogo de Dados,
ClientCore/xml.languagefiles/Action.DatabaseOledb,Database Oledb Action,szDataSource,Data Source,Fonte de dados,
ClientCore/xml.languagefiles/Action.DatabaseOledb,Database Oledb Action,szDateTimeLT,DateTime Localtime,DataHora Local,
ClientCore/xml.languagefiles/Action.DatabaseOledb,Database Oledb Action,szDateTimeUTC,DateTime UTC,DataHora UTC,
ClientCore/xml.languagefiles/Action.DatabaseOledb,Database Oledb Action,szFieldContent_,Fieldcontent,Conteúdo do campo,
ClientCore/xml.languagefiles/Action.DatabaseOledb,Database Oledb Action,szFieldName_,Fieldname,Nome do campo,
ClientCore/xml.languagefiles/Action.DatabaseOledb,Database Oledb Action,szInsertStatement,INSERT,INSERIR,
ClientCore/xml.languagefiles/Action.DatabaseOledb,Database Oledb Action,szInt,int,interno,
ClientCore/xml.languagefiles/Action.DatabaseOledb,Database Oledb Action,szLocation,Location,Localização,
ClientCore/xml.languagefiles/Action.DatabaseOledb,Database Oledb Action,szPassword,Password,Senha,
ClientCore/xml.languagefiles/Action.DatabaseOledb,Database Oledb Action,szPropertiesTableName,Detaildata Tablename,Nome da tabela de dados detalhados,
ClientCore/xml.languagefiles/Action.DatabaseOledb,Database Oledb Action,szProvider,Provider,Provedor,
ClientCore/xml.languagefiles/Action.DatabaseOledb,Database Oledb Action,szSQLConnectionOptions,Connection Options,Opções de conexão,
ClientCore/xml.languagefiles/Action.DatabaseOledb,Database Oledb Action,szSQLOptions,SQL Options,Opções SQL,
ClientCore/xml.languagefiles/Action.DatabaseOledb,Database Oledb Action,szStoredProcedure,CALL (MSSQLStored Procedure),CALL (procedimento armazenado MSSQL),
ClientCore/xml.languagefiles/Action.DatabaseOledb,Database Oledb Action,szTableName,Table Name,Nome da tabela,
ClientCore/xml.languagefiles/Action.DatabaseOledb,Database Oledb Action,szText,text,texto,
ClientCore/xml.languagefiles/Action.DatabaseOledb,Database Oledb Action,szUsername,Username,Nome de usuário,
ClientCore/xml.languagefiles/Action.DatabaseOledb,Database Oledb Action,szVarChar,varchar,varchar,
ClientCore/xml.languagefiles/Action.EventLog,Event Log Action,bUseCustomEventLog,Enable custom Eventlog Channel,Habilitar canal de log de eventos personalizado,
ClientCore/xml.languagefiles/Action.EventLog,Event Log Action,lbl_EventLogSource_Replace,Replace Event Log Source,Substituir origem do log de eventos,
ClientCore/xml.languagefiles/Action.EventLog,Event Log Action,lbl_EventLogSource_Service,Use logsource from service,Usar a origem do log do serviço,
ClientCore/xml.languagefiles/Action.EventLog,Event Log Action,nEventID,Event ID,Event ID,
ClientCore/xml.languagefiles/Action.EventLog,Event Log Action,nEventType,Use Custom Eventlog Type,Usar tipo de log de eventos personalizado,
ClientCore/xml.languagefiles/Action.EventLog,Event Log Action,szCustomEventLog,Custom Eventlog Channel,Canal de log de eventos personalizado,
ClientCore/xml.languagefiles/Action.EventLog,Event Log Action,szCustomSource,Custom Eventlog Source,Fonte de log de eventos personalizada,
ClientCore/xml.languagefiles/Action.EventLog,Event Log Action,szMessagecontent,Message to log,Mensagem para registrar,
ClientCore/xml.languagefiles/Action.File,File Action,nCircularLogging,Use Circular Logging,Usar registro circular,
ClientCore/xml.languagefiles/Action.File,File Action,nCleanFileHandlesTimeout,Timeout until unused file handles are closed,Tempo limite até que os identificadores de arquivos não utilizados sejam fechados,
ClientCore/xml.languagefiles/Action.File,File Action,nEnablePropertyFileName,Enable Property replacements in Filename,Habilitar substituições de propriedades no nome do arquivo,
ClientCore/xml.languagefiles/Action.File,File Action,nEnableUpdateFileTime,Explicitly update create and modified file timestamp,Atualizar explicitamente o carimbo de data/hora do arquivo criado e modificado,
ClientCore/xml.languagefiles/Action.File,File Action,nFileDateTime,Include Date and Time,Incluir data e hora,
ClientCore/xml.languagefiles/Action.File,File Action,nFileDateTimeReported,Include Date and Time reported by Device,Incluir data e hora informadas por dispositivo,
ClientCore/xml.languagefiles/Action.File,File Action,nFileFacility,Include Syslog Facility,Incluir Syslog Facility,
ClientCore/xml.languagefiles/Action.File,File Action,nFileFormat,File format,Formato de arquivo,
ClientCore/xml.languagefiles/Action.File,File Action,nFilePriority,Include Syslog Priority,Incluir prioridade Syslog,
ClientCore/xml.languagefiles/Action.File,File Action,nFileSource,Include Source,Incluir fonte,
ClientCore/xml.languagefiles/Action.File,File Action,nIncludeMessage,Include Message,Incluir mensagem,
ClientCore/xml.languagefiles/Action.File,File Action,nIncludeRAWMessage,Include RAW Message,Incluir mensagem RAW,
ClientCore/xml.languagefiles/Action.File,File Action,nIncludeSourceInFilename,Include Source in Filename,Incluir fonte no nome do arquivo,
ClientCore/xml.languagefiles/Action.File,File Action,nLogDoNotRotateOnShutdown,Do not rotate files on shutdown ,Não gire arquivos ao desligar,
ClientCore/xml.languagefiles/Action.File,File Action,nLogEnableRotate,Enable Log Rotation,Habilitar rotação de log,
ClientCore/xml.languagefiles/Action.File,File Action,nLogEnableRotateTimeOfTheDay,Enable rotation by time of the day,Ativar rotação por hora do dia,
ClientCore/xml.languagefiles/Action.File,File Action,nLogEnableRotateTimeout,Enable time based rotation,Ativar rotação baseada em tempo,
ClientCore/xml.languagefiles/Action.File,File Action,nLogMoveAfterRotate,Move file after log rotation,Mover arquivo após rotação de log,
ClientCore/xml.languagefiles/Action.File,File Action,nLogRotateMaxFiles,Maximum number of rotated logfiles to keep,Número máximo de arquivos de log girados a serem mantidos,
ClientCore/xml.languagefiles/Action.File,File Action,nLogRotateMaxWait,Max wait time for log rotation,Tempo máximo de espera para rotação de log,
ClientCore/xml.languagefiles/Action.File,File Action,nLogRotateOnClose,Rotate each time a file is closed,Gire cada vez que um arquivo for fechado,
ClientCore/xml.languagefiles/Action.File,File Action,nLogRotateOnSizeLimit,Rotate if this file size limit is being reached: ,Gire se este limite de tamanho de arquivo estiver sendo atingido:,
ClientCore/xml.languagefiles/Action.File,File Action,nLogRotateSizeLimit,File size limit (KB),Limite de tamanho de arquivo (KB),
ClientCore/xml.languagefiles/Action.File,File Action,nLogRotateTimeOfTheDay,Rotate files at this time (hour:minute),Girar arquivos neste momento (hora:minuto),
ClientCore/xml.languagefiles/Action.File,File Action,nLogRotateTimeOfTheDayFriday,Friday,Sexta-feira,
ClientCore/xml.languagefiles/Action.File,File Action,nLogRotateTimeOfTheDayMonday,Monday,Segunda-feira,
ClientCore/xml.languagefiles/Action.File,File Action,nLogRotateTimeOfTheDaySaturday,Saturday,Sábado,
ClientCore/xml.languagefiles/Action.File,File Action,nLogRotateTimeOfTheDaySunday,Sunday,Domingo,
ClientCore/xml.languagefiles/Action.File,File Action,nLogRotateTimeOfTheDayThusday,Thursday,Quinta-feira,
ClientCore/xml.languagefiles/Action.File,File Action,nLogRotateTimeOfTheDayTuesday,Tuesday,Terça-feira,
ClientCore/xml.languagefiles/Action.File,File Action,nLogRotateTimeOfTheDayWednesday,Wednesday,Quarta-feira,
ClientCore/xml.languagefiles/Action.File,File Action,nLogRotateTimeout,Rotate logfiles older than:,Gire arquivos de log anteriores a:,
ClientCore/xml.languagefiles/Action.File,File Action,nLogZipAfterRotate,Compress file after log rotation,Compactar arquivo após rotação de log,
ClientCore/xml.languagefiles/Action.File,File Action,nLogZipAfterRotateFormat,Compression Format,Formato de compactação,
ClientCore/xml.languagefiles/Action.File,File Action,nLogZipCompressionLevel,Compression Level,Nível de compressão,
ClientCore/xml.languagefiles/Action.File,File Action,nMaxFileSize,Maximum file size (KB),Tamanho máximo do arquivo (KB),
ClientCore/xml.languagefiles/Action.File,File Action,nNumberOfLogfiles,Number of Logfiles,Número de arquivos de log,
ClientCore/xml.languagefiles/Action.File,File Action,nReUseFile,Clear logfile instead of deleting (File will be reused),Limpar arquivo de log em vez de excluir (o arquivo será reutilizado),
ClientCore/xml.languagefiles/Action.File,File Action,nSegmentFileBySize,Segment file size (KB),Tamanho do arquivo do segmento (KB),
ClientCore/xml.languagefiles/Action.File,File Action,nSegmentFileEnable,Segment files when the following file size is reached (KB),Segmentar arquivos quando o seguinte tamanho de arquivo for atingido (KB),
ClientCore/xml.languagefiles/Action.File,File Action,nUniqueFileName,Create unique filenames,Crie nomes de arquivos exclusivos,
ClientCore/xml.languagefiles/Action.File,File Action,nUseUTCForTimestamps,Use UTC for Timestamps,Use UTC para carimbos de data e hora,
ClientCore/xml.languagefiles/Action.File,File Action,nUseUTCInFileName,Use UTC in Filename,Use UTC no nome do arquivo,
ClientCore/xml.languagefiles/Action.File,File Action,nUseXMLtoReport,Use XML to Report,Use XML para relatar,
ClientCore/xml.languagefiles/Action.File,File Action,szCircularDisabled,Continuous Logging,Registro Contínuo,
ClientCore/xml.languagefiles/Action.File,File Action,szCircularEnabled,Circular Logging,Registro Circular,
ClientCore/xml.languagefiles/Action.File,File Action,szFileBaseName,File Base Name,Nome base do arquivo,
ClientCore/xml.languagefiles/Action.File,File Action,szFileExtension,File Extension,Extensão de arquivo,
ClientCore/xml.languagefiles/Action.File,File Action,szFileFormatAdiscon,Adiscon,Adiscon,
ClientCore/xml.languagefiles/Action.File,File Action,szFileFormatCustom,Custom format,Formato personalizado,
ClientCore/xml.languagefiles/Action.File,File Action,szFileFormatRaw,Raw Syslog message,Mensagem Syslog bruta,
ClientCore/xml.languagefiles/Action.File,File Action,szFileFormatWebtrends,Webtrends syslog compatible,Compatível com syslog Webtrends,
ClientCore/xml.languagefiles/Action.File,File Action,szFileHandlingOptions,File Handling Options,Opções de tratamento de arquivos,
ClientCore/xml.languagefiles/Action.File,File Action,szFileNameOptions,Filename related options,Opções relacionadas ao nome do arquivo,
ClientCore/xml.languagefiles/Action.File,File Action,szFilePath,File Path Name,Nome do caminho do arquivo,
ClientCore/xml.languagefiles/Action.File,File Action,szFilenamePreview,Filename Preview,Visualização do nome do arquivo,
ClientCore/xml.languagefiles/Action.File,File Action,szFilenamePreviewLegendBase,Base Name,Nome básico,
ClientCore/xml.languagefiles/Action.File,File Action,szFilenamePreviewLegendDate,Source / Date (Dynamic),Fonte/Data (Dinâmico),
ClientCore/xml.languagefiles/Action.File,File Action,szFilenamePreviewLegendExt,Extension,Extensão,
ClientCore/xml.languagefiles/Action.File,File Action,szFilenamePreviewLegendPath,File Path,Caminho do arquivo,
ClientCore/xml.languagefiles/Action.File,File Action,szFilenamePreviewLegendSegment,Segment # (Dynamic),Segmento nº (dinâmico),
ClientCore/xml.languagefiles/Action.File,File Action,szFilenamePreviewLegendTime,Time (Dynamic): HH-MM-SS,Tempo (Dinâmico): HH-MM-SS,
ClientCore/xml.languagefiles/Action.File,File Action,szGeneralOptions,General file options,Opções gerais de arquivo,
ClientCore/xml.languagefiles/Action.File,File Action,szLineFormat,Custom Line Format,Formato de linha personalizado,
ClientCore/xml.languagefiles/Action.File,File Action,szLogMoveAfterRotatePath,Target directory,Diretório de destino,
ClientCore/xml.languagefiles/Action.File,File Action,szLogPostProcessing,Post Processing,Pós-processamento,
ClientCore/xml.languagefiles/Action.File,File Action,szLogRotateDisableUniqueFilenameMessage,"Log rotation automatically manages file names when rotating.

Example with log rotation:
  application.log   → current file
  application.log.1  → previous file (rotated)
  application.log.2  → older file (rotated)

'Create unique filenames' adds timestamps (e.g. app_2024-01-15.log) to avoid overwriting. Log rotation already handles this by appending numeric suffixes. Having both enabled is redundant.

Would you like to disable 'Create unique filenames'?","A rotação de log gerencia automaticamente os nomes dos arquivos durante a rotação.

Exemplo com rotação de log:
 application.log → arquivo atual
 application.log.1 → arquivo anterior (girado)
 application.log.2 → arquivo mais antigo (girado)

'Criar nomes de arquivos exclusivos' adiciona carimbos de data e hora (por exemplo, app_2024-01-15.log) para evitar substituição. A rotação de log já trata disso anexando sufixos numéricos. Ter ambos ativados é redundante.

Gostaria de desativar 'Criar nomes de arquivos exclusivos'?",
ClientCore/xml.languagefiles/Action.File,File Action,szLogRotateDisableUniqueFilenameTitle,Log Rotation,Rotação de registro,
ClientCore/xml.languagefiles/Action.File,File Action,szLogZipGzip,GZIP (.gz) Compression,Compressão GZIP (.gz),
ClientCore/xml.languagefiles/Action.File,File Action,szLogZipZip,ZIP (.zip) Compression,Compressão ZIP (.zip),
ClientCore/xml.languagefiles/Action.File,File Action,szRotateConditions,Rotate Conditions,Condições de rotação,
ClientCore/xml.languagefiles/Action.File,File Action,szRotatePostProcessing,Rotate PostProcessing,Girar pós-processamento,
ClientCore/xml.languagefiles/Action.HTTPRequest,HTTP Request Action,bUseTLS,Use TLS/SSL Encryption,Use criptografia TLS/SSL,
ClientCore/xml.languagefiles/Action.HTTPRequest,HTTP Request Action,nPort,HTTP Port,Porta HTTP,
ClientCore/xml.languagefiles/Action.HTTPRequest,HTTP Request Action,szConfigUrlPreview,URL Preview,Visualização de URL,
ClientCore/xml.languagefiles/Action.HTTPRequest,HTTP Request Action,szHost,Host,Hospedar,
ClientCore/xml.languagefiles/Action.HTTPRequest,HTTP Request Action,szReferer,Referer,Referente,
ClientCore/xml.languagefiles/Action.HTTPRequest,HTTP Request Action,szUrl,Url & Querystring,URL e string de consulta,
ClientCore/xml.languagefiles/Action.HTTPRequest,HTTP Request Action,szUserAgent,User Agent (Browser),Agente do usuário (navegador),
ClientCore/xml.languagefiles/Action.LogNorm,Log Norm Action,nOutputFormat,Lognorm Output Format,Formato de saída Lognorm,
ClientCore/xml.languagefiles/Action.LogNorm,Log Norm Action,szMessage,Normalize Parameter,Normalizar parâmetro,
ClientCore/xml.languagefiles/Action.LogNorm,Log Norm Action,szOutputFormat_CSV,CSV Format,Formato CSV,
ClientCore/xml.languagefiles/Action.LogNorm,Log Norm Action,szOutputFormat_Disabled,Disabled,Desabilitado,
ClientCore/xml.languagefiles/Action.LogNorm,Log Norm Action,szOutputFormat_JSON,JSON Format,Formato JSON,
ClientCore/xml.languagefiles/Action.LogNorm,Log Norm Action,szOutputFormat_XML,XML Format,Formato XML,
ClientCore/xml.languagefiles/Action.LogNorm,Log Norm Action,szOutputProperty,Output Property,Propriedade de saída,
ClientCore/xml.languagefiles/Action.LogNorm,Log Norm Action,szRulebase,Select Rulebase File,Selecione o arquivo Rulebase,
ClientCore/xml.languagefiles/Action.Mail,Mail Action,nEnableBackupServer,"Enable Backup Server, used if first Mailserver fails","Habilitar Servidor de Backup, usado se o primeiro Mailserver falhar",
ClientCore/xml.languagefiles/Action.Mail,Mail Action,nIncludeMessage,Include message / event in email body,Incluir mensagem/evento no corpo do email,
ClientCore/xml.languagefiles/Action.Mail,Mail Action,nMailPriority,Mail Priority,Prioridade de e-mail,
ClientCore/xml.languagefiles/Action.Mail,Mail Action,nSMTPPort,Mailserver port,Porta do servidor de e-mail,
ClientCore/xml.languagefiles/Action.Mail,Mail Action,nSMTPPortBackup,Backup Mailserver port,Porta do servidor de e-mail de backup,
ClientCore/xml.languagefiles/Action.Mail,Mail Action,nTimeoutValue,Session Timeout,Tempo limite da sessão,
ClientCore/xml.languagefiles/Action.Mail,Mail Action,nUseLegacySubjectProcessing,Use legacy subject line processing,Use processamento de linha de assunto herdado,
ClientCore/xml.languagefiles/Action.Mail,Mail Action,nUseSMTPAuth,Use SMTP Authentication,Usar autenticação SMTP,
ClientCore/xml.languagefiles/Action.Mail,Mail Action,nUseSSL,Use a secure connection (SSL) to the mail server,Use uma conexão segura (SSL) com o servidor de e-mail,
ClientCore/xml.languagefiles/Action.Mail,Mail Action,nUseStartTLSMethod,Use STARTTLS SMTP Extension,Use a extensão STARTTLS SMTP,
ClientCore/xml.languagefiles/Action.Mail,Mail Action,nUseUTCTimeStamp,Use UTC Time in Date-Header,Use a hora UTC no cabeçalho de data,
ClientCore/xml.languagefiles/Action.Mail,Mail Action,nUseXMLtoReport,Use XML to Report,Use XML para relatar,
ClientCore/xml.languagefiles/Action.Mail,Mail Action,szPriorityLow,Low Priority,Baixa prioridade,
ClientCore/xml.languagefiles/Action.Mail,Mail Action,szPriorityNormal,Normal Priority,Prioridade normal,
ClientCore/xml.languagefiles/Action.Mail,Mail Action,szPriorityhigh,High Priority,Alta prioridade,
ClientCore/xml.languagefiles/Action.Mail,Mail Action,szSMTPBody,Mail Message Format,Formato de mensagem de e-mail,
ClientCore/xml.languagefiles/Action.Mail,Mail Action,szSMTPPassword,SMTP Password,Senha SMTP,
ClientCore/xml.languagefiles/Action.Mail,Mail Action,szSMTPRecipient,Recipient Emailaddress,Endereço de e-mail do destinatário,
ClientCore/xml.languagefiles/Action.Mail,Mail Action,szSMTPSender,Sender Emailaddress,Endereço de e-mail do remetente,
ClientCore/xml.languagefiles/Action.Mail,Mail Action,szSMTPServer,Mailserver,Servidor de e-mail,
ClientCore/xml.languagefiles/Action.Mail,Mail Action,szSMTPServerBackup,Backup Mailserver,Servidor de e-mail de backup,
ClientCore/xml.languagefiles/Action.Mail,Mail Action,szSMTPSubject,Subject,Assunto,
ClientCore/xml.languagefiles/Action.Mail,Mail Action,szSMTPUsername,SMTP Username,Nome de usuário SMTP,
ClientCore/xml.languagefiles/Action.Mail,Mail Action,szTabMailFormatOptions,Mail Format Options,Opções de formato de e-mail,
ClientCore/xml.languagefiles/Action.Mail,Mail Action,szTabMailServerOptions,Mail Server Options,Opções de servidor de e-mail,
ClientCore/xml.languagefiles/Action.NetSend,Net Send Action,szMessage,Message to send,Mensagem para enviar,
ClientCore/xml.languagefiles/Action.NetSend,Net Send Action,szTarget,Target Machine,Máquina alvo,
ClientCore/xml.languagefiles/Action.PlaySound,Play Sound Action,nCount,Playcount (How often the file is played),Playcount (com que frequência o arquivo é reproduzido),
ClientCore/xml.languagefiles/Action.PlaySound,Play Sound Action,nDelay,Delay between the sound plays (ms),Atraso entre a reprodução do som (ms),
ClientCore/xml.languagefiles/Action.PlaySound,Play Sound Action,szFilename,Filename of the soundfile,Nome do arquivo de som,
ClientCore/xml.languagefiles/Action.PostProcessing,Post Processing Action,nSyntax_,Type,Tipo,
ClientCore/xml.languagefiles/Action.PostProcessing,Post Processing Action,propertylist,Property List,Lista de Propriedades,
ClientCore/xml.languagefiles/Action.PostProcessing,Post Processing Action,szCharMatch,Character Match,Combinação de caracteres,
ClientCore/xml.languagefiles/Action.PostProcessing,Post Processing Action,szConfigPostProcessPreview,Message Preview of your rules,Pré-visualização da mensagem das suas regras,
ClientCore/xml.languagefiles/Action.PostProcessing,Post Processing Action,szIPv4,IP V4 Address,Endereço IP V4,
ClientCore/xml.languagefiles/Action.PostProcessing,Post Processing Action,szInteger,Integer,Inteiro,
ClientCore/xml.languagefiles/Action.PostProcessing,Post Processing Action,szIsoTimestamp,ISO-like Timestamp,Carimbo de data e hora semelhante a ISO,
ClientCore/xml.languagefiles/Action.PostProcessing,Post Processing Action,szParsValue_,Value,Valor,
ClientCore/xml.languagefiles/Action.PostProcessing,Post Processing Action,szProperty_,Property Name,Nome da propriedade,
ClientCore/xml.languagefiles/Action.PostProcessing,Post Processing Action,szROM,Rest of Message,Resto da mensagem,
ClientCore/xml.languagefiles/Action.PostProcessing,Post Processing Action,szUnixTimestamp,UNIX/LINUX-like Timestamp,Carimbo de data/hora semelhante ao UNIX/LINUX,
ClientCore/xml.languagefiles/Action.PostProcessing,Post Processing Action,szUpTo,UpTo,Até,
ClientCore/xml.languagefiles/Action.PostProcessing,Post Processing Action,szWord,Single Word,Palavra única,
ClientCore/xml.languagefiles/Action.ResolveHostname,Resolve Hostname Action,nCacheNameEntry,Cache resolved host entry,Entrada de host resolvida em cache,
ClientCore/xml.languagefiles/Action.ResolveHostname,Resolve Hostname Action,nResolveIfName,Also resolve name if the source property is already a name,Resolva também o nome se a propriedade de origem já for um nome,
ClientCore/xml.languagefiles/Action.ResolveHostname,Resolve Hostname Action,szDestinationPropertyName,Destination Property in which the resolved name will be saved to,Propriedade de destino na qual o nome resolvido será salvo,
ClientCore/xml.languagefiles/Action.ResolveHostname,Resolve Hostname Action,szSourcePropertyName,Select Source Property from which the name will be resolved,Selecione a propriedade de origem a partir da qual o nome será resolvido,
ClientCore/xml.languagefiles/Action.SendComPort,Send Com Port Action,nBps,Bits per second,Bits por segundo,
ClientCore/xml.languagefiles/Action.SendComPort,Send Com Port Action,nDatabits,Data bits,Bits de dados,
ClientCore/xml.languagefiles/Action.SendComPort,Send Com Port Action,nDtsControl,DTR Control Flow,Fluxo de controle DTR,
ClientCore/xml.languagefiles/Action.SendComPort,Send Com Port Action,nParity,Parity,Paridade,
ClientCore/xml.languagefiles/Action.SendComPort,Send Com Port Action,nRtsControl,RTS Control Flow,Fluxo de controle RTS,
ClientCore/xml.languagefiles/Action.SendComPort,Send Com Port Action,nStopbits,Stop bits,Parar bits,
ClientCore/xml.languagefiles/Action.SendComPort,Send Com Port Action,nTimeOutLimit,Timeout Limit,Limite de tempo limite,
ClientCore/xml.languagefiles/Action.SendComPort,Send Com Port Action,szDtsControlDisable,DTR Control Disable,Desativar controle DTR,
ClientCore/xml.languagefiles/Action.SendComPort,Send Com Port Action,szDtsControlEnable,DTR Control Enable,Ativação de controle DTR,
ClientCore/xml.languagefiles/Action.SendComPort,Send Com Port Action,szDtsControlHandshake,DTR Control Handshake,Aperto de mão de controle DTR,
ClientCore/xml.languagefiles/Action.SendComPort,Send Com Port Action,szEvenParity,Even Parity,Paridade uniforme,
ClientCore/xml.languagefiles/Action.SendComPort,Send Com Port Action,szMarkParity,Mark Parity,Marcar paridade,
ClientCore/xml.languagefiles/Action.SendComPort,Send Com Port Action,szMessage,Message to send,Mensagem para enviar,
ClientCore/xml.languagefiles/Action.SendComPort,Send Com Port Action,szNoParity,No Parity,Sem paridade,
ClientCore/xml.languagefiles/Action.SendComPort,Send Com Port Action,szOddParity,Odd Parity,Paridade ímpar,
ClientCore/xml.languagefiles/Action.SendComPort,Send Com Port Action,szOne5StopBits,"1,5 Stop bit","1,5 Bit de parada",
ClientCore/xml.languagefiles/Action.SendComPort,Send Com Port Action,szOneStopBit,1 Stop bit,1 ponto de parada,
ClientCore/xml.languagefiles/Action.SendComPort,Send Com Port Action,szPortName,Send message to this communication port,Envie mensagem para esta porta de comunicação,
ClientCore/xml.languagefiles/Action.SendComPort,Send Com Port Action,szPortSettings,Port Settings,Configurações de porta,
ClientCore/xml.languagefiles/Action.SendComPort,Send Com Port Action,szRtsControlDisable,RTS Control Disable,Desativar controle RTS,
ClientCore/xml.languagefiles/Action.SendComPort,Send Com Port Action,szRtsControlEnable,RTS Control Enable,Habilitar controle RTS,
ClientCore/xml.languagefiles/Action.SendComPort,Send Com Port Action,szRtsControlHandshake,RTS Control Handshake,Aperto de mão de controle RTS,
ClientCore/xml.languagefiles/Action.SendComPort,Send Com Port Action,szRtsControlToggle,RTS Control Toggle,Alternar controle RTS,
ClientCore/xml.languagefiles/Action.SendComPort,Send Com Port Action,szSpaceParity,Space Parity,Paridade Espacial,
ClientCore/xml.languagefiles/Action.SendComPort,Send Com Port Action,szTwoStopBits,2 Stop bits,2 bits de parada,
ClientCore/xml.languagefiles/Action.SendDTLS,Send DTLS Action,nDTLSSendPort,DTLS Port,Porta DTLS,
ClientCore/xml.languagefiles/Action.SendDTLS,Send DTLS Action,nSendTimeOut,Send /Receive Timeout,Tempo limite de envio/recebimento,
ClientCore/xml.languagefiles/Action.SendDTLS,Send DTLS Action,nTimeOutSession,Session Timeout,Tempo limite da sessão,
ClientCore/xml.languagefiles/Action.SendDTLS,Send DTLS Action,nUseSSL,Enable SSL / TLS Encryption.,Ative a criptografia SSL/TLS.,
ClientCore/xml.languagefiles/Action.SendDTLS,Send DTLS Action,szDTLSServer,DTLS Servername,Nome do servidor DTLS,
ClientCore/xml.languagefiles/Action.SendDTLS,Send DTLS Action,szMessage,Message Format,Formato da mensagem,
ClientCore/xml.languagefiles/Action.SendDTLS,Send DTLS Action,szTLSOptions,TLS Options,Opções de TLS,
ClientCore/xml.languagefiles/Action.SendMSQueue,Send MS Queue Action,nMessagePriority,Queue Priority,Prioridade da fila,
ClientCore/xml.languagefiles/Action.SendMSQueue,Send MS Queue Action,szComputerName,Server Computername/IP,Nome do computador/IP do servidor,
ClientCore/xml.languagefiles/Action.SendMSQueue,Send MS Queue Action,szQueueBody,Queue Message Body,Corpo da mensagem da fila,
ClientCore/xml.languagefiles/Action.SendMSQueue,Send MS Queue Action,szQueueLable,Queue Message Label,Etiqueta de mensagem da fila,
ClientCore/xml.languagefiles/Action.SendMSQueue,Send MS Queue Action,szQueueName,Queuename,Nome da fila,
ClientCore/xml.languagefiles/Action.SendRelp,Send Relp Action,nSelpSendPort,RELP Port,Porta RELP,
ClientCore/xml.languagefiles/Action.SendRelp,Send Relp Action,nSendTimeOut,Send /Receive Timeout,Tempo limite de envio/recebimento,
ClientCore/xml.languagefiles/Action.SendRelp,Send Relp Action,nTimeOutSession,Session Timeout,Tempo limite da sessão,
ClientCore/xml.languagefiles/Action.SendRelp,Send Relp Action,nUseSSL,Enable SSL / TLS Encryption.,Ative a criptografia SSL/TLS.,
ClientCore/xml.languagefiles/Action.SendRelp,Send Relp Action,szMessage,Message Format,Formato da mensagem,
ClientCore/xml.languagefiles/Action.SendRelp,Send Relp Action,szRELPOptions,General Options,Opções Gerais,
ClientCore/xml.languagefiles/Action.SendRelp,Send Relp Action,szSelpSendServer,RELP Servername,Nome RELP do servidor,
ClientCore/xml.languagefiles/Action.SendSetp,Send Setp Action,nCompLevel,Compression Level,Nível de compressão,
ClientCore/xml.languagefiles/Action.SendSetp,Send Setp Action,nConnectTimeOut,Connection Timeout,Tempo limite de conexão,
ClientCore/xml.languagefiles/Action.SendSetp,Send Setp Action,nMIAPSendPort,Default SETP Port,Porta SETP padrão,
ClientCore/xml.languagefiles/Action.SendSetp,Send Setp Action,nSendRecvTimeOut,Send / Receive Timeout,Tempo limite de envio/recebimento,
ClientCore/xml.languagefiles/Action.SendSetp,Send Setp Action,nTimeOutSession,Session Timeout,Tempo limite da sessão,
ClientCore/xml.languagefiles/Action.SendSetp,Send Setp Action,nUseSSL,"Enable SSL / TLS Encryption. Note if this Option is enabled, this action will not be able to connect to NON-SSL SETP Servers.","Ativar criptografia SSL/TLS. Observe que, se esta opção estiver habilitada, esta ação não conseguirá se conectar a servidores SETP sem SSL.",
ClientCore/xml.languagefiles/Action.SendSetp,Send Setp Action,nZlibComp,Use zLib Compression to compress the data,Use zLib Compression para compactar os dados,
ClientCore/xml.languagefiles/Action.SendSetp,Send Setp Action,szAdvancedOptions,Timeout Options,Opções de tempo limite,
ClientCore/xml.languagefiles/Action.SendSetp,Send Setp Action,szSETPOptions,General Options,Opções Gerais,
ClientCore/xml.languagefiles/Action.SendSetp,Send Setp Action,szServer,Servername,Nome do servidor,
ClientCore/xml.languagefiles/Action.SendSnmp,Send Snmp Action,nGenericName,Generic Name,Generic Name,
ClientCore/xml.languagefiles/Action.SendSnmp,Send Snmp Action,nPort,SNMP Port,Porta SNMP,
ClientCore/xml.languagefiles/Action.SendSnmp,Send Snmp Action,nSpecificType,Specific Type,Tipo Específico,
ClientCore/xml.languagefiles/Action.SendSnmp,Send Snmp Action,nVariableType_,Variable Type,Tipo de variável,
ClientCore/xml.languagefiles/Action.SendSnmp,Send Snmp Action,snmpvars,SNMP Variables,Variáveis SNMP,
ClientCore/xml.languagefiles/Action.SendSnmp,Send Snmp Action,szAgent,SNMP Server,Servidor SNMP,
ClientCore/xml.languagefiles/Action.SendSnmp,Send Snmp Action,szAgentIP,Agent IP Address,Endereço IP do Agente,
ClientCore/xml.languagefiles/Action.SendSnmp,Send Snmp Action,szCommunity,Community ,Comunidade,
ClientCore/xml.languagefiles/Action.SendSnmp,Send Snmp Action,szEnterprise,Enterprise OID,OID empresarial,
ClientCore/xml.languagefiles/Action.SendSnmp,Send Snmp Action,szGenericName0,0 - Cold Start,0 - Partida a frio,
ClientCore/xml.languagefiles/Action.SendSnmp,Send Snmp Action,szGenericName1,1 - Warm Start,1 - Início Quente,
ClientCore/xml.languagefiles/Action.SendSnmp,Send Snmp Action,szGenericName2,2 - Link Down,2 - Link para baixo,
ClientCore/xml.languagefiles/Action.SendSnmp,Send Snmp Action,szGenericName3,3 - Link Up,3 - Vincular,
ClientCore/xml.languagefiles/Action.SendSnmp,Send Snmp Action,szGenericName4,4 - Authentication Failure,4 – Falha de autenticação,
ClientCore/xml.languagefiles/Action.SendSnmp,Send Snmp Action,szGenericName5,5 - EGP Neighbor Loss,5 - Perda de vizinho EGP,
ClientCore/xml.languagefiles/Action.SendSnmp,Send Snmp Action,szGenericName6,6 - Enterprise Specific,6 - Específico da Empresa,
ClientCore/xml.languagefiles/Action.SendSnmp,Send Snmp Action,szSNMPOptions,SNMP Options,Opções SNMP,
ClientCore/xml.languagefiles/Action.SendSnmp,Send Snmp Action,szSnmpGeneralOptions,General SNMP Options,Opções Gerais SNMP,
ClientCore/xml.languagefiles/Action.SendSnmp,Send Snmp Action,szSnmpv2Oid,Trap OID,OID de armadilha,
ClientCore/xml.languagefiles/Action.SendSnmp,Send Snmp Action,szTypeAgentcap,Agent Cap,Limite de agente,
ClientCore/xml.languagefiles/Action.SendSnmp,Send Snmp Action,szTypeBitstring,Bit String,Cadeia de bits,
ClientCore/xml.languagefiles/Action.SendSnmp,Send Snmp Action,szTypeCounter,Counter,Contador,
ClientCore/xml.languagefiles/Action.SendSnmp,Send Snmp Action,szTypeCounter64,Counter64,Contador64,
ClientCore/xml.languagefiles/Action.SendSnmp,Send Snmp Action,szTypeGauge,Gauge,Medidor,
ClientCore/xml.languagefiles/Action.SendSnmp,Send Snmp Action,szTypeInteger,Integer,Inteiro,
ClientCore/xml.languagefiles/Action.SendSnmp,Send Snmp Action,szTypeInteger32,Signed Integer32,Inteiro Assinado32,
ClientCore/xml.languagefiles/Action.SendSnmp,Send Snmp Action,szTypeIpaddr,IPAddress,Endereço IP,
ClientCore/xml.languagefiles/Action.SendSnmp,Send Snmp Action,szTypeModcomp,Mod Comp,Mod Comp.,
ClientCore/xml.languagefiles/Action.SendSnmp,Send Snmp Action,szTypeModid,ModID,ModID,
ClientCore/xml.languagefiles/Action.SendSnmp,Send Snmp Action,szTypeNetaddr,Net Address,Endereço líquido,
ClientCore/xml.languagefiles/Action.SendSnmp,Send Snmp Action,szTypeNotiftype,Notify Type,Tipo de notificação,
ClientCore/xml.languagefiles/Action.SendSnmp,Send Snmp Action,szTypeNsapaddress,NSAP Address,Endereço NSAP,
ClientCore/xml.languagefiles/Action.SendSnmp,Send Snmp Action,szTypeNull,Null,Nulo,
ClientCore/xml.languagefiles/Action.SendSnmp,Send Snmp Action,szTypeObjgroup,Object Group,Grupo de objetos,
ClientCore/xml.languagefiles/Action.SendSnmp,Send Snmp Action,szTypeObjid,ObjectID,Object ID,
ClientCore/xml.languagefiles/Action.SendSnmp,Send Snmp Action,szTypeOctetstr,Octet String,Corda de octeto,
ClientCore/xml.languagefiles/Action.SendSnmp,Send Snmp Action,szTypeOpaque,Opaque,Opaco,
ClientCore/xml.languagefiles/Action.SendSnmp,Send Snmp Action,szTypeOther,Other,Outro,
ClientCore/xml.languagefiles/Action.SendSnmp,Send Snmp Action,szTypeTimeticks,Timeticks,Cronogramas,
ClientCore/xml.languagefiles/Action.SendSnmp,Send Snmp Action,szTypeTraptype,Trap Type,Tipo de armadilha,
ClientCore/xml.languagefiles/Action.SendSnmp,Send Snmp Action,szTypeUinteger,UInteger,UI inteiro,
ClientCore/xml.languagefiles/Action.SendSnmp,Send Snmp Action,szTypeUnsigned32,Unsigned Integer32,Inteiro não assinado32,
ClientCore/xml.languagefiles/Action.SendSnmp,Send Snmp Action,szVariableOID_,Variable OID,OID variável,
ClientCore/xml.languagefiles/Action.SendSnmp,Send Snmp Action,szVariableValue_,Variable Value,Valor variável,
ClientCore/xml.languagefiles/Action.SetProperty,Set Property Action,szPropertyType,Select property Type,Selecione o tipo de propriedade,
ClientCore/xml.languagefiles/Action.SetProperty,Set Property Action,szPropertyValue,Set property value,Definir valor da propriedade,
ClientCore/xml.languagefiles/Action.SetStatus,Set Status Action,szPropertyName,Status variable name,Nome da variável de status,
ClientCore/xml.languagefiles/Action.SetStatus,Set Status Action,szPropertyValue,Status variable value,Valor da variável de status,
ClientCore/xml.languagefiles/Action.Startprocess,Startprocess Action,lbl_procmode0,Synchronus Processing (Wait for Completion),Processamento Synchronus (aguardar conclusão),
ClientCore/xml.languagefiles/Action.Startprocess,Startprocess Action,lbl_procmode1,Asynchronus Processing,Processamento Assíncrono,
ClientCore/xml.languagefiles/Action.Startprocess,Startprocess Action,nAsyncMaxProc,Async Max Processes,Processos máximos assíncronos,
ClientCore/xml.languagefiles/Action.Startprocess,Startprocess Action,nOnMaxProc,On Max Processes,No máximo de processos,
ClientCore/xml.languagefiles/Action.Startprocess,Startprocess Action,nOnMaxProcWait,Waittime On Max Processes,Tempo de espera em processos máximos,
ClientCore/xml.languagefiles/Action.Startprocess,Startprocess Action,nProcMode,Processing Mode,Modo de processamento,
ClientCore/xml.languagefiles/Action.Startprocess,Startprocess Action,nSyncTimeOut,Sync Timeout,Tempo limite de sincronização,
ClientCore/xml.languagefiles/Action.Startprocess,Startprocess Action,nUseLegacyProcessing,Use legacy parameter processing,Use processamento de parâmetros herdado,
ClientCore/xml.languagefiles/Action.Startprocess,Startprocess Action,szCommand,Command to execute,Comando para executar,
ClientCore/xml.languagefiles/Action.Startprocess,Startprocess Action,szParameters,Command Parameters,Parâmetros de Comando,
ClientCore/xml.languagefiles/Action.Syslog,Syslog Action,bReportInXML,Use XML to Report,Use XML para relatar,
ClientCore/xml.languagefiles/Action.Syslog,Syslog Action,lbl_syslogRFC3195RAW,RFC3195 Raw,RFC3195 Bruto,
ClientCore/xml.languagefiles/Action.Syslog,Syslog Action,lbl_syslogTCPOctetCount,"TCP (Persistent connection, Octet based framing)","TCP (conexão persistente, enquadramento baseado em octeto)",
ClientCore/xml.languagefiles/Action.Syslog,Syslog Action,lbl_syslogTCPOneMSG,"TCP (NOT RECOMMENDED, one message per connection)","TCP (NÃO RECOMENDADO, uma mensagem por conexão)",
ClientCore/xml.languagefiles/Action.Syslog,Syslog Action,lbl_syslogTCPPersistant,TCP (Persistent connection),TCP (conexão persistente),
ClientCore/xml.languagefiles/Action.Syslog,Syslog Action,lbl_syslogUDP,UDP,UDP,
ClientCore/xml.languagefiles/Action.Syslog,Syslog Action,nCompressionLevel,Compression Level,Nível de compressão,
ClientCore/xml.languagefiles/Action.Syslog,Syslog Action,nEnableBackupServer,Use this backup syslog server if first one fails.,Usar este servidor Syslog de backup se o primeiro falhar.,
ClientCore/xml.languagefiles/Action.Syslog,Syslog Action,nForwardIUT,Forward as MWAgent XML representation code,Encaminhar como código de representação XML do MWAgent,
ClientCore/xml.languagefiles/Action.Syslog,Syslog Action,nJSONIncludeMessageProperty,Include Message property in CEE Format,Incluir propriedade Mensagem no formato CEE,
ClientCore/xml.languagefiles/Action.Syslog,Syslog Action,nOutputEncodingUTF8BOM,Include UTF8 BOM in message,Incluir BOM UTF8 na mensagem,
ClientCore/xml.languagefiles/Action.Syslog,Syslog Action,nReportInJSON,Use CEE enhanced Syslog Format,Use o formato Syslog aprimorado do CEE,
ClientCore/xml.languagefiles/Action.Syslog,Syslog Action,nRoundRobinMsgCount,Amount of messages sent to each syslog server before load balancing,Quantidade de mensagens enviadas para cada servidor Syslog antes do balanceamento de carga,
ClientCore/xml.languagefiles/Action.Syslog,Syslog Action,nSendMode,Syslog Send mode,Modo de envio Syslog,
ClientCore/xml.languagefiles/Action.Syslog,Syslog Action,nSpoofIPAddress,Enable IP Spoofing for the UDP Protocol. See the manual for more details,Ative a falsificação de IP para o protocolo UDP. Consulte o manual para mais detalhes,
ClientCore/xml.languagefiles/Action.Syslog,Syslog Action,nSyslogInsertSource,Add Syslog Source when forwarding to other Syslog servers,Adicionar a origem Syslog ao encaminhar para outros servidores Syslog,
ClientCore/xml.languagefiles/Action.Syslog,Syslog Action,nSyslogPortBackup,Backup Syslog Port,Porta Syslog de backup,
ClientCore/xml.languagefiles/Action.Syslog,Syslog Action,nSyslogPort_,Syslog Port,Porta Syslog,
ClientCore/xml.languagefiles/Action.Syslog,Syslog Action,nSyslogSendPort,Syslog Port,Porta Syslog,
ClientCore/xml.languagefiles/Action.Syslog,Syslog Action,nTimeoutValue,Session Timeout,Tempo limite da sessão,
ClientCore/xml.languagefiles/Action.Syslog,Syslog Action,nType,Protocol Type,Tipo de protocolo,
ClientCore/xml.languagefiles/Action.Syslog,Syslog Action,nUseCompression,Use zLib Compression to compress the data.,Use compactação zLib para compactar os dados.,
ClientCore/xml.languagefiles/Action.Syslog,Syslog Action,nUseSSL,"Enable SSL / TLS Encryption. Note if this Option is enabled, this action will not be able to connect to NON-SSL Syslog Servers.","Ativar criptografia SSL/TLS. Observe que, se esta opção estiver habilitada, esta ação não conseguirá se conectar a servidores Syslog sem SSL.",
ClientCore/xml.languagefiles/Action.Syslog,Syslog Action,syslogservers,Syslog Servers,Servidores Syslog,
ClientCore/xml.languagefiles/Action.Syslog,Syslog Action,szCustomSyslogHeader,Use Custom Syslog Header,Usar cabeçalho Syslog personalizado,
ClientCore/xml.languagefiles/Action.Syslog,Syslog Action,szMessageFormat,Message Format,Formato da mensagem,
ClientCore/xml.languagefiles/Action.Syslog,Syslog Action,szSendModeRoundRobin,Use round robin (multiple syslog servers),Usar round robin (vários servidores Syslog),
ClientCore/xml.languagefiles/Action.Syslog,Syslog Action,szSendModeSingle,Use single syslog server with optional backup server,Usar um único servidor Syslog com um servidor Syslog de backup opcional,
ClientCore/xml.languagefiles/Action.Syslog,Syslog Action,szSpoofedIPAddress,Fixed IP or single property,IP fixo ou propriedade única,
ClientCore/xml.languagefiles/Action.Syslog,Syslog Action,szSyslogMessageOptions,Syslog Message Options,Opções de mensagem Syslog,
ClientCore/xml.languagefiles/Action.Syslog,Syslog Action,szSyslogNetworkOptions,Network related Options,Opções relacionadas à rede,
ClientCore/xml.languagefiles/Action.Syslog,Syslog Action,szSyslogProcessingCustomHeader,Use Custom Syslog Header,Usar cabeçalho Syslog personalizado,
ClientCore/xml.languagefiles/Action.Syslog,Syslog Action,szSyslogProcessingDisabled,"Disable processing, forward as it is.","Desative o processamento, encaminhe como está.",
ClientCore/xml.languagefiles/Action.Syslog,Syslog Action,szSyslogProcessingRFC3164,Use legacy RFC 3164 processing,Use processamento RFC 3164 herdado,
ClientCore/xml.languagefiles/Action.Syslog,Syslog Action,szSyslogProcessingRFC5424,Use RFC 5424 processing (recommended),Use processamento RFC 5424 (recomendado),
ClientCore/xml.languagefiles/Action.Syslog,Syslog Action,szSyslogSSLOptions,SSL/TLS related Options,Opções relacionadas a SSL/TLS,
ClientCore/xml.languagefiles/Action.Syslog,Syslog Action,szSyslogSendServer,Syslog Server,Servidor Syslog,
ClientCore/xml.languagefiles/Action.Syslog,Syslog Action,szSyslogServerBackup,Backup Syslog Server,Servidor Syslog de backup,
ClientCore/xml.languagefiles/Action.Syslog,Syslog Action,szSyslogServerOptions,Syslog Receiver Options,Opções do receptor Syslog,
ClientCore/xml.languagefiles/Action.Syslog,Syslog Action,szSyslogServer_,Syslog Server,Servidor Syslog,
ClientCore/xml.languagefiles/Action.Syslog,Syslog Action,szSyslogTCPOptions,TCP related Options,Opções relacionadas ao TCP,
ClientCore/xml.languagefiles/Action.Syslog,Syslog Action,szSyslogTargetOptions,Syslog Target Options,Opções de destino Syslog,
ClientCore/xml.languagefiles/Action.Syslog,Syslog Action,szSyslogUDPOptions,UDP related Options,Opções relacionadas ao UDP,
ClientCore/xml.languagefiles/Action.SyslogQueue,Syslog Queue Action,lbl_syslogTCPOctetCount,"TCP (Persistent connection, Octet based framing)","TCP (conexão persistente, enquadramento baseado em octeto)",
ClientCore/xml.languagefiles/Action.SyslogQueue,Syslog Queue Action,lbl_syslogTCPOneMSG,"TCP (NOT RECOMMENDED, one message per connection)","TCP (NÃO RECOMENDADO, uma mensagem por conexão)",
ClientCore/xml.languagefiles/Action.SyslogQueue,Syslog Queue Action,lbl_syslogTCPPersistant,TCP (Persistent connection),TCP (conexão persistente),
ClientCore/xml.languagefiles/Action.SyslogQueue,Syslog Queue Action,lbl_syslogUDP,UDP,UDP,
ClientCore/xml.languagefiles/Action.SyslogQueue,Syslog Queue Action,nDiskCacheWait,Waittime between connection tries,Tempo de espera entre tentativas de conexão,
ClientCore/xml.languagefiles/Action.SyslogQueue,Syslog Queue Action,nDiskQueueMaxFileSize,Split files if this size is reached,Divida os arquivos se esse tamanho for atingido,
ClientCore/xml.languagefiles/Action.SyslogQueue,Syslog Queue Action,nJSONIncludeMessageProperty,Include message property in CEE Format,Incluir propriedade de mensagem no formato CEE,
ClientCore/xml.languagefiles/Action.SyslogQueue,Syslog Queue Action,szCustomMessageFormat,Custom Message Format,Formato de mensagem personalizado,
ClientCore/xml.languagefiles/Action.SyslogQueue,Syslog Queue Action,szCustomSyslogHeader,Use Custom Syslog Header,Usar cabeçalho Syslog personalizado,
ClientCore/xml.languagefiles/Action.SyslogQueue,Syslog Queue Action,szIutFormat,Forward as MWAgent XML representation code,Encaminhar como código de representação XML do MWAgent,
ClientCore/xml.languagefiles/Action.SyslogQueue,Syslog Queue Action,szJsonFormat,Use CEE enhanced Syslog Format,Use o formato Syslog aprimorado do CEE,
ClientCore/xml.languagefiles/Action.SyslogQueue,Syslog Queue Action,szMessageFormat,Message Format,Formato da mensagem,
ClientCore/xml.languagefiles/Action.SyslogQueue,Syslog Queue Action,szSyslogHeaderOptions,SyslogHeader Options,SyslogOpções de cabeçalho,
ClientCore/xml.languagefiles/Action.SyslogQueue,Syslog Queue Action,szSyslogMessageOptions,Syslog Message Options,Syslog Opções de mensagem,
ClientCore/xml.languagefiles/Action.SyslogQueue,Syslog Queue Action,szSyslogProcessingCustomHeader,Use Custom Syslog Header,Usar cabeçalho Syslog personalizado,
ClientCore/xml.languagefiles/Action.SyslogQueue,Syslog Queue Action,szSyslogProcessingDisabled,"Disable processing, forward as it is.","Desative o processamento, encaminhe como está.",
ClientCore/xml.languagefiles/Action.SyslogQueue,Syslog Queue Action,szSyslogProcessingRFC3164,Use legacy RFC 3164 processing,Use processamento RFC 3164 herdado,
ClientCore/xml.languagefiles/Action.SyslogQueue,Syslog Queue Action,szSyslogProcessingRFC5424,Use RFC 5424 processing (recommended),Use processamento RFC 5424 (recomendado),
ClientCore/xml.languagefiles/Action.SyslogQueue,Syslog Queue Action,szSyslogQueue,SyslogQueue Name,SyslogNome da fila,
ClientCore/xml.languagefiles/Action.SyslogQueue,Syslog Queue Action,szSyslogQueueOptions,SyslogQueue Options,SyslogOpções de fila,
ClientCore/xml.languagefiles/Action.SyslogQueue,Syslog Queue Action,szXmlFormat,XML Format,Formato XML,
ClientCore/xml.languagefiles/General.Debug,Debug General,nCircularLogging,Use circular Logging,Usar registro circular,
ClientCore/xml.languagefiles/General.Debug,Debug General,nDebugErrors,Errors & Warnings,Erros e avisos,
ClientCore/xml.languagefiles/General.Debug,Debug General,nDebugInternal,Information Output,Saída de informações,
ClientCore/xml.languagefiles/General.Debug,Debug General,nDebugMini,Minimal Output,Saída Mínima,
ClientCore/xml.languagefiles/General.Debug,Debug General,nDebugRuleEngine,Rule & Filter Engine Output,,
ClientCore/xml.languagefiles/General.Debug,Debug General,nDebugUltra,Ultra Verbose Output,Saída ultra detalhada,
ClientCore/xml.languagefiles/General.Debug,Debug General,nEnableDebugOutput,Enable Debug output into file,Habilite a saída de depuração no arquivo,
ClientCore/xml.languagefiles/General.Debug,Debug General,nMaxFileSize,Maximum file size (KB),Tamanho máximo do arquivo (KB),
ClientCore/xml.languagefiles/General.Debug,Debug General,nNumberOfLogfiles,Number of logfiles,Número de arquivos de log,
ClientCore/xml.languagefiles/General.Debug,Debug General,nReportCrash,Automatically send problem reports to Adiscon Support,Envie automaticamente relatórios de problemas para o suporte Adiscon,
ClientCore/xml.languagefiles/General.Debug,Debug General,szCrashReporting,Crash Reporting,Relatório de falhas,
ClientCore/xml.languagefiles/General.Debug,Debug General,szDebugFileName,File and path name,Nome do arquivo e caminho,
ClientCore/xml.languagefiles/General.Debug,Debug General,szEnableReportCrash,Do you want to enable Crash reporting?,Quer ativar os relatórios de falhas?,
ClientCore/xml.languagefiles/General.Debug,Debug General,szMoreInfoCrash,"If enabled, crashdumps will automatically be uploaded to http://crashdump.adiscon.com.
These crash dump do not contain any personal data. 
Only data related to the problem will be send. ","Se ativado, os crashdumps serão automaticamente carregados em http://crashdump.adiscon.com.
Esses despejos de memória não contêm dados pessoais. 
Somente dados relacionados ao problema serão enviados.",
ClientCore/xml.languagefiles/General.Engine,Engine General,bAbortRuleOnFailure,Abort Rule Execution when one Rule fails?,Abortar a execução da regra quando uma regra falhar?,
ClientCore/xml.languagefiles/General.Engine,Engine General,nDNSCacheLimit,How many DNS records can be cached?,Quantos registros DNS podem ser armazenados em cache?,
ClientCore/xml.languagefiles/General.Engine,Engine General,nDNSCacheTime,How long should dns names be cached?,Por quanto tempo os nomes DNS devem ser armazenados em cache?,
ClientCore/xml.languagefiles/General.Engine,Engine General,nDNSInetProtocol,Internet Protocoltype,Tipo de protocolo da Internet,
ClientCore/xml.languagefiles/General.Engine,Engine General,nEnableDNSCache,Enable internal DNS Cache,Habilitar cache DNS interno,
ClientCore/xml.languagefiles/General.Engine,Engine General,nEnableRetry,Enable retry of Actions on failure,Habilitar nova tentativa de ações em caso de falha,
ClientCore/xml.languagefiles/General.Engine,Engine General,nLibCacheTimeOut,How long should libraries be cached?,Por quanto tempo as bibliotecas devem ser armazenadas em cache?,
ClientCore/xml.languagefiles/General.Engine,Engine General,nLogRotateWorkerCount,Number of log rotation workers,Número de workers de rotação de log,
ClientCore/xml.languagefiles/General.Engine,Engine General,nLogRotateWorkerEnable,Enable queued log rotation workers,Habilitar workers em fila para rotação de log,
ClientCore/xml.languagefiles/General.Engine,Engine General,nLogRotateWorkerSleepTime,Idle wait time between queue checks,Tempo de espera entre verificações da fila,
ClientCore/xml.languagefiles/General.Engine,Engine General,nLogRotateWorkerStopWaitTimeout,Shutdown wait time for queued log rotation jobs,Tempo de espera no desligamento para jobs de rotação em fila,
ClientCore/xml.languagefiles/General.Engine,Engine General,nRetryCount,Retry Count,Contagem de novas tentativas,
ClientCore/xml.languagefiles/General.Engine,Engine General,nRetryPeriod,Retry period (ms),Período de nova tentativa (ms),
ClientCore/xml.languagefiles/General.Engine,Engine General,nSyslogMaxMessageSize,Maximum Syslog Message Size (Bytes),Tamanho máximo da mensagem Syslog (bytes),
ClientCore/xml.languagefiles/General.Engine,Engine General,szActionSpecific,Action specific,Específico da ação,
ClientCore/xml.languagefiles/General.Engine,Engine General,szNetworkOptions,Network specific,Específico da rede,
ClientCore/xml.languagefiles/General.Engine,Engine General,szOtherOptions,Other Engine Options,Outras opções do Engine,
ClientCore/xml.languagefiles/General.Engine,Engine General,szRessourceOptions,Ressource Library Cache Options,Opções de cache da biblioteca de recursos,
ClientCore/xml.languagefiles/General.Engine,Engine General,szRotateWorkerOptions,LogRotate Background Worker,LogRotate Background Worker,
ClientCore/xml.languagefiles/General.Engine,Engine General,szRotateWorkerOptionsDescription,"The queued LogRotate worker subsystem prepares detached files and processes log rotation jobs in the background.
Pending jobs are saved in LogRotationQueue.json and continue after restart.
Temporary .staging files may appear while files are prepared for rotation, compression, or move operations.","O subsistema LogRotate em fila prepara arquivos desacoplados e processa jobs de rotação em segundo plano.
Os jobs pendentes são salvos em LogRotationQueue.json e continuam após a reinicialização.
Arquivos .staging temporários podem aparecer enquanto arquivos são preparados para rotação, compressão ou movimentação.",
ClientCore/xml.languagefiles/General.Engine,Engine General,szRuleEngineSpecific,Rule Engine specific,Específico do mecanismo de regras,
ClientCore/xml.languagefiles/General.Engine,Engine General,szRuleSetEngineOptions,RuleSet Engine,Mecanismo de conjuntos de regras,
ClientCore/xml.languagefiles/General.Engine,Engine General,szSyslogMaxMessageSizeDescription,"When oversized messages are received over Syslog TCP, this size limit defines when we have to split the message. 
By default the maximum for TCP is set to 1024000 bytes (1MB). For Syslog UDP, the limit is 65536 Bytes due to the UDP Protocol limits.","Quando mensagens superdimensionadas são recebidas por Syslog TCP, esse limite de tamanho define quando devemos dividir a mensagem. 
Por padrão, o máximo para TCP é definido como 1.024.000 bytes (1 MB). Para Syslog UDP, o limite é 65536 bytes devido aos limites do protocolo UDP.",
ClientCore/xml.languagefiles/General.General,General General,bAutoReloadRandomDelay,Enable random wait time delay when checking for new configurations,Habilite o atraso aleatório do tempo de espera ao verificar novas configurações,
ClientCore/xml.languagefiles/General.General,General General,nAutoReloadDelayTime,Maximum random delay time,Tempo máximo de atraso aleatório,
ClientCore/xml.languagefiles/General.General,General General,nCustomerID,CustomerID,ID do cliente,
ClientCore/xml.languagefiles/General.General,General General,nEnableAutoConfigReload,Automatically reload service on configuration changes,,
ClientCore/xml.languagefiles/General.General,General General,nEnableEventlogWarnings,Log Warnings into the Windows Application Eventlog,Registrar avisos no log de eventos de aplicativos do Windows,
ClientCore/xml.languagefiles/General.General,General General,nJapanStringHandling,Special Unicoder Conversion for Japanese Systems,Conversão Unicoder Especial para Sistemas Japoneses,
ClientCore/xml.languagefiles/General.General,General General,nProcessPriority,Process Priority,Prioridade do Processo,
ClientCore/xml.languagefiles/General.General,General General,nProtectAgainstShutdown,Protect Service against shutdown,Proteger o serviço contra desligamento,
ClientCore/xml.languagefiles/General.General,General General,nQueueLimit,Queuelimit,Limite de fila,
ClientCore/xml.languagefiles/General.General,General General,nSystemID,SystemID,ID do sistema,
ClientCore/xml.languagefiles/General.General,General General,nTimeMode,Default Timevalues are based on,Os valores de tempo padrão são baseados em,
ClientCore/xml.languagefiles/General.General,General General,szMIBSPath,Location of your SNMP Mibs,Localização dos seus Mibs SNMP,
ClientCore/xml.languagefiles/General.General,General General,sz_runhigh,High,Alto,
ClientCore/xml.languagefiles/General.General,General General,sz_runidle,Run with idle priority,Executar com prioridade inativa,
ClientCore/xml.languagefiles/General.General,General General,sz_runlow,Low ,Baixo,
ClientCore/xml.languagefiles/General.General,General General,sz_runnormal,Normal,Normal,
ClientCore/xml.languagefiles/General.License,License General,nLicenseKey1,Key1,Chave1,
ClientCore/xml.languagefiles/General.License,License General,nLicenseKey2,Key2,Chave2,
ClientCore/xml.languagefiles/General.License,License General,nLicenseKey3,Key3,Chave3,
ClientCore/xml.languagefiles/General.License,License General,nLicenseKey4,Key4,Chave4,
ClientCore/xml.languagefiles/General.License,License General,nLicenseKey5,Key5,Chave5,
ClientCore/xml.languagefiles/General.License,License General,szButtonVerifyLicense,Verify License,Verifique a licença,
ClientCore/xml.languagefiles/General.License,License General,szLicense,License Information,Informações sobre licença,
ClientCore/xml.languagefiles/General.License,License General,szLicensee,Registration Name,Nome de registro,
ClientCore/xml.languagefiles/General.License,License General,szMoreInformation,More information can be found at our Homepage,Mais informações podem ser encontradas em nossa página inicial,
ClientCore/xml.languagefiles/General.License,License General,szRegNumber,Registration Number,Número de registro,
ClientCore/xml.languagefiles/General.Permitted,Permitted General,nEnablePermittedSenders,Enabled Permitted Senders List. ,Lista de remetentes permitidos habilitada.,
ClientCore/xml.languagefiles/General.Permitted,Permitted General,permittedsenders,Only receive syslog messages from the following IP Addresses. ,Receba apenas mensagens syslog dos seguintes endereços IP.,
ClientCore/xml.languagefiles/General.Permitted,Permitted General,szEditionInformation,"Please note that if you activate the Permitted Senders List, all network related services will be limited to receive messages from the configured devices only. 

The list configuration itself is not limited. 
But if your license is limited to 10 devices for example, only the first 10 configured senders will work.","Observe que, se você ativar a Lista de Remetentes Permitidos, todos os serviços relacionados à rede ficarão limitados a receber mensagens apenas dos dispositivos configurados.

A configuração da lista em si não é limitada. 
Mas se a sua licença for limitada a 10 dispositivos por exemplo, apenas os 10 primeiros remetentes configurados funcionarão.",
ClientCore/xml.languagefiles/General.Permitted,Permitted General,szIP_,IP Address,Endereço IP,
ClientCore/xml.languagefiles/General.PostProcessApps,Post Process Apps General,btnRun,Run,Correr,
ClientCore/xml.languagefiles/General.PostProcessApps,Post Process Apps General,interactive_path,Path && Filename for application,Caminho && Nome do arquivo para aplicativo,
ClientCore/xml.languagefiles/General.PostProcessApps,Post Process Apps General,loganalyzer_path,Path && Filename for application,Caminho && Nome do arquivo para aplicativo,
ClientCore/xml.languagefiles/General.PostProcessApps,Post Process Apps General,logfilemgr_path,Path && Filename for application,Caminho && Nome do arquivo para aplicativo,
ClientCore/xml.languagefiles/General.PostProcessApps,Post Process Apps General,logsearch_path,Path && Filename for application,Caminho && Nome do arquivo para aplicativo,
ClientCore/xml.languagefiles/General.PostProcessApps,Post Process Apps General,ninteractive,InterActive SyslogViewer,SyslogVisualizador interativo,
ClientCore/xml.languagefiles/General.PostProcessApps,Post Process Apps General,nloganalyzer,Log Analyzer & Reporter Tool,Ferramenta analisador de log e repórter,
ClientCore/xml.languagefiles/General.PostProcessApps,Post Process Apps General,nlogfilemgr,Log File Management Tool,Ferramenta de gerenciamento de arquivos de log,
ClientCore/xml.languagefiles/General.PostProcessApps,Post Process Apps General,nlogsearch,Log Search Tool,Ferramenta de pesquisa de registros,
ClientCore/xml.languagefiles/General.PostProcessApps,Post Process Apps General,szPostProcessApps,Available post process applications,Aplicativos pós-processamento disponíveis,
ClientCore/xml.languagefiles/General.QueueManager,Queue Manager General,nEnableRingBuffer,Enable Queue Manager Diskcache,Habilitar Diskcache do Gerenciador de Filas,
ClientCore/xml.languagefiles/General.QueueManager,Queue Manager General,nProcessingLow,Processing pointer,Ponteiro de processamento,
ClientCore/xml.languagefiles/General.QueueManager,Queue Manager General,nRingBufferSize,Queue File Size (static),Tamanho do arquivo da fila (estático),
ClientCore/xml.languagefiles/General.QueueManager,Queue Manager General,nSavingLow,Saving pointer,Ponteiro salvando,
ClientCore/xml.languagefiles/General.QueueManager,Queue Manager General,nWorkerThreads,Number of worker threads,Número de threads de trabalho,
ClientCore/xml.languagefiles/General.QueueManager,Queue Manager General,szRingBufferFile,File and path name,Nome do arquivo e caminho,
ClientCore/xml.languagefiles/General.QueueManager,Queue Manager General,szRingBufferWarning,"Warning! If you enable diskcaching, it will slow down processing of the actions. This depends on the speed of your harddisk. Do only enable this feature if you really want cache the queue on disk for failover reasons. If the processing is interrupted for some reason, the Service will load the queue on startup and process what was in the queue before.",,
ClientCore/xml.languagefiles/Service.CPUMonitor,CPU Monitor Service,nCPUEnable,Enable CPU Check,Habilitar verificação de CPU,
ClientCore/xml.languagefiles/Service.CPUMonitor,CPU Monitor Service,nCPUOccurences,Occurrences until CPU alarm is raised,Ocorrências até que o alarme da CPU seja acionado,
ClientCore/xml.languagefiles/Service.CPUMonitor,CPU Monitor Service,nCPUReportIfBelowAlarm,Also report if CPULevel is below the alarm level,Informe também se CPULevel está abaixo do nível de alarme,
ClientCore/xml.languagefiles/Service.CPUMonitor,CPU Monitor Service,nCPUSingle,For Multiprocessor Systems only: Report for each CPU,Apenas para sistemas multiprocessadores: Relatório para cada CPU,
ClientCore/xml.languagefiles/Service.CPUMonitor,CPU Monitor Service,nCPUUsageAlarmLevel,CPU usage alarm level,Nível de alarme de uso da CPU,
ClientCore/xml.languagefiles/Service.CPUMonitor,CPU Monitor Service,nMEMEnable,Enable Memory Check,Habilitar verificação de memória,
ClientCore/xml.languagefiles/Service.CPUMonitor,CPU Monitor Service,nMEMOccurences,Occurrences until Memory alarm is raised,Ocorrências até que o alarme de memória seja acionado,
ClientCore/xml.languagefiles/Service.CPUMonitor,CPU Monitor Service,nMEMPsyEnable,Enable Physical Memory Check,Habilitar verificação de memória física,
ClientCore/xml.languagefiles/Service.CPUMonitor,CPU Monitor Service,nMEMPsyOccurences,Occurrences until Physical Memory alarm is raised,Ocorrências até que o alarme de Memória Física seja acionado,
ClientCore/xml.languagefiles/Service.CPUMonitor,CPU Monitor Service,nMEMPsyReportIfBelowAlarm,Also report if Physical Memory level is below the alarm level,Informe também se o nível de memória física está abaixo do nível de alarme,
ClientCore/xml.languagefiles/Service.CPUMonitor,CPU Monitor Service,nMEMPsyUsageAlarmLevel,Physical Memory usage alarm level,Nível de alarme de uso de memória física,
ClientCore/xml.languagefiles/Service.CPUMonitor,CPU Monitor Service,nMEMReportIfBelowAlarm,Also report if Memory Level is below the alarm level,Informe também se o nível de memória estiver abaixo do nível de alarme,
ClientCore/xml.languagefiles/Service.CPUMonitor,CPU Monitor Service,nMEMUsageAlarmLevel,Memory usage alarm level,Nível de alarme de uso de memória,
ClientCore/xml.languagefiles/Service.CPUMonitor,CPU Monitor Service,nMEMVirtEnable,Enable Virtual Memory Check,Habilitar verificação de memória virtual,
ClientCore/xml.languagefiles/Service.CPUMonitor,CPU Monitor Service,nMEMVirtOccurences,Occurrences until Virtual Memory alarm is raised,Ocorrências até que o alarme de memória virtual seja acionado,
ClientCore/xml.languagefiles/Service.CPUMonitor,CPU Monitor Service,nMEMVirtReportIfBelowAlarm,Also report if Virtual Memory Level is below the alarm level,Informe também se o nível de memória virtual está abaixo do nível de alarme,
ClientCore/xml.languagefiles/Service.CPUMonitor,CPU Monitor Service,nMEMVirtUsageAlarmLevel,Virtual Memory usage alarm level,Nível de alarme de uso de memória virtual,
ClientCore/xml.languagefiles/Service.CPUMonitor,CPU Monitor Service,nSleepTime,Check Interval (ms),Intervalo de verificação (ms),
ClientCore/xml.languagefiles/Service.CPUMonitor,CPU Monitor Service,szTabCPU,CPU,CPU,
ClientCore/xml.languagefiles/Service.CPUMonitor,CPU Monitor Service,szTabMemory,Total Memory,Memória total,
ClientCore/xml.languagefiles/Service.CPUMonitor,CPU Monitor Service,szTabPhyMemory,Physical Memory,Memória Física,
ClientCore/xml.languagefiles/Service.CPUMonitor,CPU Monitor Service,szTabVirtMemory,Virtual Memory,Memória virtual,
ClientCore/xml.languagefiles/Service.DTLSListener,DTLS Listener Service,nTimeOutSession,Session Timeout,Tempo limite da sessão,
ClientCore/xml.languagefiles/Service.DTLSListener,DTLS Listener Service,nUseSSL,Enable SSL / TLS Encryption.,Ative a criptografia SSL/TLS.,
ClientCore/xml.languagefiles/Service.DTLSListener,DTLS Listener Service,szIP_,Permitted Peername / SHA1 / etc,Nome de ponto permitido / SHA1 / etc,
ClientCore/xml.languagefiles/Service.DTLSListener,DTLS Listener Service,tlsallowedentries,Permitted Peers,Pares permitidos,
ClientCore/xml.languagefiles/Service.DatabaseMonitor,Database Monitor Service,btnButtonDBMonReloadLastPos,Reload DB Index number,Recarregar número de índice do banco de dados,
ClientCore/xml.languagefiles/Service.DatabaseMonitor,Database Monitor Service,btnButtonResetLastPos,Reset DB Index number,Redefinir número de índice do banco de dados,
ClientCore/xml.languagefiles/Service.DatabaseMonitor,Database Monitor Service,iLastDBID,Last DB Index,Último índice do banco de dados,
ClientCore/xml.languagefiles/Service.DatabaseMonitor,Database Monitor Service,lbl_nMessageMode_csv,CSV (Comma-separated values),CSV (valores separados por vírgula),
ClientCore/xml.languagefiles/Service.DatabaseMonitor,Database Monitor Service,lbl_nMessageMode_custom,Custom,Personalizado,
ClientCore/xml.languagefiles/Service.DatabaseMonitor,Database Monitor Service,lbl_nMessageMode_none,None,Nenhum,
ClientCore/xml.languagefiles/Service.DatabaseMonitor,Database Monitor Service,nDBPassEncryption,Enable Encryption,Habilitar criptografia,
ClientCore/xml.languagefiles/Service.DatabaseMonitor,Database Monitor Service,nForceConnectionClose,Close connection after each Check Interval,Fechar conexão após cada intervalo de verificação,
ClientCore/xml.languagefiles/Service.DatabaseMonitor,Database Monitor Service,nMAX_LONGVCHAR_LEN,Maximum text length (Bytes),Comprimento máximo do texto (Bytes),
ClientCore/xml.languagefiles/Service.DatabaseMonitor,Database Monitor Service,nMAX_VCHAR_LEN,Maximum char length (Bytes),Comprimento máximo do caractere (Bytes),
ClientCore/xml.languagefiles/Service.DatabaseMonitor,Database Monitor Service,nMessageMode,,,
ClientCore/xml.languagefiles/Service.DatabaseMonitor,Database Monitor Service,nPreventOverrunDelay,Overrun Prevention Delay (ms),Atraso de prevenção de ultrapassagem (ms),
ClientCore/xml.languagefiles/Service.DatabaseMonitor,Database Monitor Service,nSleepTime,Check Interval (ms),Intervalo de verificação (ms),
ClientCore/xml.languagefiles/Service.DatabaseMonitor,Database Monitor Service,nUseCustomSeparator,Use custom separator,Use separador personalizado,
ClientCore/xml.languagefiles/Service.DatabaseMonitor,Database Monitor Service,nWriteLastDBINdex,Write LastDBIndex at frequent intervals,Escreva LastDBIndex em intervalos frequentes,
ClientCore/xml.languagefiles/Service.DatabaseMonitor,Database Monitor Service,nWriteLastDBINdex.tooltip,"When using 0, the LastDBIndex will only be written after all new DB Records have been processed.","Ao usar 0, o LastDBIndex só será gravado após todos os novos registros do banco de dados terem sido processados.",
ClientCore/xml.languagefiles/Service.DatabaseMonitor,Database Monitor Service,szCustomSeparator,Custom separator,Separador personalizado,
ClientCore/xml.languagefiles/Service.DatabaseMonitor,Database Monitor Service,szDBDSN,DSN,DSN,
ClientCore/xml.languagefiles/Service.DatabaseMonitor,Database Monitor Service,szDBPass,Password,Senha,
ClientCore/xml.languagefiles/Service.DatabaseMonitor,Database Monitor Service,szDBSelect,Select Statement,Selecione a declaração,
ClientCore/xml.languagefiles/Service.DatabaseMonitor,Database Monitor Service,szDBTableName,Database Table,Tabela de banco de dados,
ClientCore/xml.languagefiles/Service.DatabaseMonitor,Database Monitor Service,szDBUser,User-ID,ID do usuário,
ClientCore/xml.languagefiles/Service.DatabaseMonitor,Database Monitor Service,szDatabaseValues,Database Properties,Propriedades do banco de dados,
ClientCore/xml.languagefiles/Service.DatabaseMonitor,Database Monitor Service,szLastDBIndex,Last processed DB Index number,Último número de índice do banco de dados processado,
ClientCore/xml.languagefiles/Service.DatabaseMonitor,Database Monitor Service,szMessageMode,MessageField (%msg%),Campo de mensagem (%msg%),
ClientCore/xml.languagefiles/Service.DatabaseMonitor,Database Monitor Service,szMessagecontent,Custom Message Content,Conteúdo de mensagem personalizada,
ClientCore/xml.languagefiles/Service.DatabaseMonitor,Database Monitor Service,szSelectStatement,Statement related properties,Propriedades relacionadas à instrução,
ClientCore/xml.languagefiles/Service.DatabaseMonitor,Database Monitor Service,szSelectStatementFROM,FROM,DE,
ClientCore/xml.languagefiles/Service.DatabaseMonitor,Database Monitor Service,szSelectStatementSELECT,SELECT,SELECIONAR,
ClientCore/xml.languagefiles/Service.DatabaseMonitor,Database Monitor Service,szTableID,ID Field name,ID Nome do campo,
ClientCore/xml.languagefiles/Service.DiskSpaceMonitor,Disk Space Monitor Service,nSleepTime,Check Interval,Verifique o intervalo,
ClientCore/xml.languagefiles/Service.EventMonitorV1,Event Monitor V1 Service,bAddFacilityString,Add Facilitystring,Adicionar cadeia de recursos,
ClientCore/xml.languagefiles/Service.EventMonitorV1,Event Monitor V1 Service,bReportTruncatedLog,Report Truncated Log,Relatório de log truncado,
ClientCore/xml.languagefiles/Service.EventMonitorV1,Event Monitor V1 Service,bShowSyslogMsgNbr,Syslog Message Numbers,Syslog Números de mensagens,
ClientCore/xml.languagefiles/Service.EventMonitorV1,Event Monitor V1 Service,bUseLegacyFormat,Use Legacy Format,Usar formato legado,
ClientCore/xml.languagefiles/Service.EventMonitorV1,Event Monitor V1 Service,btnEventLogDeSelectAll,Deleselect All,Desmarcar tudo,
ClientCore/xml.languagefiles/Service.EventMonitorV1,Event Monitor V1 Service,btnEventLogReloadLastRecords,Reload All LastRecords,Recarregar todos os últimos registros,
ClientCore/xml.languagefiles/Service.EventMonitorV1,Event Monitor V1 Service,btnEventLogResetLastRecords,Reset All LastRecords,Redefinir todos os últimos registros,
ClientCore/xml.languagefiles/Service.EventMonitorV1,Event Monitor V1 Service,btnEventLogSelectAll,Select All,Selecionar tudo,
ClientCore/xml.languagefiles/Service.EventMonitorV1,Event Monitor V1 Service,btnReloadLastRecordV1,Reload,Recarregar,
ClientCore/xml.languagefiles/Service.EventMonitorV1,Event Monitor V1 Service,btnResetLastRecordV1,Reset ,Reiniciar,
ClientCore/xml.languagefiles/Service.EventMonitorV1,Event Monitor V1 Service,btnVerifyEvtV1,Verify Connection,Verifique a conexão,
ClientCore/xml.languagefiles/Service.EventMonitorV1,Event Monitor V1 Service,chkeventchannels,Enable,Habilitar,
ClientCore/xml.languagefiles/Service.EventMonitorV1,Event Monitor V1 Service,eventchannels,Eventlog Channels,Canais de log de eventos,
ClientCore/xml.languagefiles/Service.EventMonitorV1,Event Monitor V1 Service,nAddLogType,Add Logtype,Adicionar tipo de log,
ClientCore/xml.languagefiles/Service.EventMonitorV1,Event Monitor V1 Service,nAddUserName,Add Username,Adicionar nome de usuário,
ClientCore/xml.languagefiles/Service.EventMonitorV1,Event Monitor V1 Service,nCheckAutoBackupLogFiles,Check for Backup Logfiles made by Windows (See KB312571),Verifique se há arquivos de log de backup feitos pelo Windows (consulte KB312571),
ClientCore/xml.languagefiles/Service.EventMonitorV1,Event Monitor V1 Service,nClearEventLog,Clear Eventlog handling,Limpar manipulação do log de eventos,
ClientCore/xml.languagefiles/Service.EventMonitorV1,Event Monitor V1 Service,nCompressControlChars,Compress Spaces and Remove Control Characters,Compactar espaços e remover caracteres de controle,
ClientCore/xml.languagefiles/Service.EventMonitorV1,Event Monitor V1 Service,nCustomizeSearchPath,Customize Search path for Event Log backup log files,Personalizar o caminho de pesquisa para arquivos de log de backup do log de eventos,
ClientCore/xml.languagefiles/Service.EventMonitorV1,Event Monitor V1 Service,nDefaultBuffer,Default Buffersize,Tamanho do buffer padrão,
ClientCore/xml.languagefiles/Service.EventMonitorV1,Event Monitor V1 Service,nDoNotProcessLastRecord,Do NOT process existing entries when Eventlog corruption occurs,NÃO processe entradas existentes quando ocorrer corrupção do Eventlog,
ClientCore/xml.languagefiles/Service.EventMonitorV1,Event Monitor V1 Service,nDoNotProcessLastRecordOnStartup,Do NOT process existing entries on Service Startup,NÃO processe entradas existentes na inicialização do serviço,
ClientCore/xml.languagefiles/Service.EventMonitorV1,Event Monitor V1 Service,nEnableDateReplacements,Enable date replacement characters (See manual for more),Ativar caracteres de substituição de data (consulte o manual para obter mais informações),
ClientCore/xml.languagefiles/Service.EventMonitorV1,Event Monitor V1 Service,nEnableDateReplacementsOffset,Offset in seconds,Deslocamento em segundos,
ClientCore/xml.languagefiles/Service.EventMonitorV1,Event Monitor V1 Service,nEnableLastRecordDelay,Delay writing LastRecord ,Atrasar a gravação do LastRecord,
ClientCore/xml.languagefiles/Service.EventMonitorV1,Event Monitor V1 Service,nEnabled,Channel Enabled,Canal ativado,
ClientCore/xml.languagefiles/Service.EventMonitorV1,Event Monitor V1 Service,nEnabledRemote,Enable remote EventLog monitoring,Ativar monitoramento remoto do EventLog,
ClientCore/xml.languagefiles/Service.EventMonitorV1,Event Monitor V1 Service,nEventLogCor,How to handle Eventlog corruption?,Como lidar com a corrupção do EventLog?,
ClientCore/xml.languagefiles/Service.EventMonitorV1,Event Monitor V1 Service,nEventScanLastEventByChecksum,Always search for the last processed Event using the Checksum,Sempre procurar o último evento processado usando a soma de verificação,
ClientCore/xml.languagefiles/Service.EventMonitorV1,Event Monitor V1 Service,nEventUseChecksum,Use Checksum to verify the last processed event,Usar soma de verificação para verificar o último evento processado,
ClientCore/xml.languagefiles/Service.EventMonitorV1,Event Monitor V1 Service,nEvtClearIfEmpty,Clear the log even if it is empty,Limpe o log mesmo que esteja vazio,
ClientCore/xml.languagefiles/Service.EventMonitorV1,Event Monitor V1 Service,nEvtClrPollingCycles,Clear after Nbr Runs,Limpar após N execuções,
ClientCore/xml.languagefiles/Service.EventMonitorV1,Event Monitor V1 Service,nEvtClrSaveToFile,Create a Backup of the EventLog,Criar um backup do EventLog,
ClientCore/xml.languagefiles/Service.EventMonitorV1,Event Monitor V1 Service,nEvtClrTime,Select Clearing at,Selecione Compensação em,
ClientCore/xml.languagefiles/Service.EventMonitorV1,Event Monitor V1 Service,nEvtLogSuccessfullClear,Log if Clearing was successful,Registrar se a limpeza foi bem-sucedida,
ClientCore/xml.languagefiles/Service.EventMonitorV1,Event Monitor V1 Service,nFacility,Syslog Facility,Syslog Facility,
ClientCore/xml.languagefiles/Service.EventMonitorV1,Event Monitor V1 Service,nFilterEventType,,,
ClientCore/xml.languagefiles/Service.EventMonitorV1,Event Monitor V1 Service,nLanguageLCID,Preferred language,Idioma preferido,
ClientCore/xml.languagefiles/Service.EventMonitorV1,Event Monitor V1 Service,nLastRecord,Last Record,Último registro,
ClientCore/xml.languagefiles/Service.EventMonitorV1,Event Monitor V1 Service,nLastRecordDelayCount,Save after amount of entries,Salvar após quantidade de entradas,
ClientCore/xml.languagefiles/Service.EventMonitorV1,Event Monitor V1 Service,nLastWriteTime,Last WriteTime,Última gravação,
ClientCore/xml.languagefiles/Service.EventMonitorV1,Event Monitor V1 Service,nNoExistingEntries,Do NOT process existing entries,NÃO processe entradas existentes,
ClientCore/xml.languagefiles/Service.EventMonitorV1,Event Monitor V1 Service,nPriorityAuditFailure,Audit Failure,Falha na auditoria,
ClientCore/xml.languagefiles/Service.EventMonitorV1,Event Monitor V1 Service,nPriorityAuditSuccess,Audit Success,Sucesso na auditoria,
ClientCore/xml.languagefiles/Service.EventMonitorV1,Event Monitor V1 Service,nPriorityError,Error,Erro,
ClientCore/xml.languagefiles/Service.EventMonitorV1,Event Monitor V1 Service,nPriorityInformation,Information,Informação,
ClientCore/xml.languagefiles/Service.EventMonitorV1,Event Monitor V1 Service,nPrioritySuccess,Success,Sucesso,
ClientCore/xml.languagefiles/Service.EventMonitorV1,Event Monitor V1 Service,nPriorityWarning,Warning,Aviso,
ClientCore/xml.languagefiles/Service.EventMonitorV1,Event Monitor V1 Service,nReadFromFile,Read Eventlog from File,Ler log de eventos do arquivo,
ClientCore/xml.languagefiles/Service.EventMonitorV1,Event Monitor V1 Service,nReadSourceLocally,Read EventLog Sources from local machine,Ler origens do EventLog da máquina local,
ClientCore/xml.languagefiles/Service.EventMonitorV1,Event Monitor V1 Service,nRemoveControlCharsFromParams,Remove Control Characters from String Parameters,Remover caracteres de controle de parâmetros de string,
ClientCore/xml.languagefiles/Service.EventMonitorV1,Event Monitor V1 Service,nSleepTime,Sleep Time(ms),Tempo de sono (ms),
ClientCore/xml.languagefiles/Service.EventMonitorV1,Event Monitor V1 Service,nTryConvSIDtoObj,Try to convert Security IDs (SID) to Object Names,Tente converter IDs de segurança (SID) em nomes de objetos,
ClientCore/xml.languagefiles/Service.EventMonitorV1,Event Monitor V1 Service,nTryConvertDsClasses,Try to convert Active Directory Object Classes,Tente converter classes de objetos do Active Directory,
ClientCore/xml.languagefiles/Service.EventMonitorV1,Event Monitor V1 Service,processedfiles,Processed file properties,Propriedades do arquivo processado,
ClientCore/xml.languagefiles/Service.EventMonitorV1,Event Monitor V1 Service,szAutoBackPath,Search Path,Caminho de pesquisa,
ClientCore/xml.languagefiles/Service.EventMonitorV1,Event Monitor V1 Service,szAutoBackupRunCommand,Postprocess Command,Comando pós-processamento,
ClientCore/xml.languagefiles/Service.EventMonitorV1,Event Monitor V1 Service,szClearEventLog0,Never clear (default),Nunca limpar (padrão),
ClientCore/xml.languagefiles/Service.EventMonitorV1,Event Monitor V1 Service,szClearEventLog1,"Clear after Polling cycles, every time","Limpar após os ciclos de pesquisa, sempre",
ClientCore/xml.languagefiles/Service.EventMonitorV1,Event Monitor V1 Service,szClearEventLog2,"Clear once a day, starting at configured hour","Limpar uma vez por dia, começando na hora configurada",
ClientCore/xml.languagefiles/Service.EventMonitorV1,Event Monitor V1 Service,szDisabled,Disabled,Desabilitado,
ClientCore/xml.languagefiles/Service.EventMonitorV1,Event Monitor V1 Service,szEventLogCor_clear,Clear all events from Eventlog,Limpar todos os eventos do Eventlog,
ClientCore/xml.languagefiles/Service.EventMonitorV1,Event Monitor V1 Service,szEventLogCor_ignore,Ignore corrupted Eventlog entry,Ignorar entrada corrompida do Eventlog,
ClientCore/xml.languagefiles/Service.EventMonitorV1,Event Monitor V1 Service,szEventLogCor_retry,Retry processing from beginning,Tentar processar novamente desde o início,
ClientCore/xml.languagefiles/Service.EventMonitorV1,Event Monitor V1 Service,szEventTypesToLog,Eventlogtypes to Log,Tipos de log de eventos para registrar,
ClientCore/xml.languagefiles/Service.EventMonitorV1,Event Monitor V1 Service,szEvtClrSaveFile,Backup Filename,Nome do arquivo de backup,
ClientCore/xml.languagefiles/Service.EventMonitorV1,Event Monitor V1 Service,szLogFileName,File & Path Name,Nome do arquivo e caminho,
ClientCore/xml.languagefiles/Service.EventMonitorV1,Event Monitor V1 Service,szLogType,Type of Eventlog,Tipo de log de eventos,
ClientCore/xml.languagefiles/Service.EventMonitorV1,Event Monitor V1 Service,szServerName,Monitor Eventlog from this host,Monitore o log de eventos deste host,
ClientCore/xml.languagefiles/Service.EventMonitorV1,Event Monitor V1 Service,szSyslogTagValue,Syslog Tag Value,Valor da etiqueta Syslog,
ClientCore/xml.languagefiles/Service.EventMonitorV1,Event Monitor V1 Service,szTabEventChannels,Event Channels,Canais de eventos,
ClientCore/xml.languagefiles/Service.EventMonitorV1,Event Monitor V1 Service,szTabGeneral,General Options,Opções Gerais,
ClientCore/xml.languagefiles/Service.EventMonitorV1,Event Monitor V1 Service,txteventchannels,Eventlog Channel,Canal de log de eventos,
ClientCore/xml.languagefiles/Service.EventMonitorV1,Event Monitor V1 Service,txtprocessedfiles,Processed Filename,Nome do arquivo processado,
ClientCore/xml.languagefiles/Service.EventMonitorV2,Event Monitor V2 Service,bShowEvtChannelAdmin,Show operational / administrative Channels,Mostrar canais operacionais/administrativos,
ClientCore/xml.languagefiles/Service.EventMonitorV2,Event Monitor V2 Service,bShowEvtChannelDebug,Show debug / analytic Channels,Mostrar canais de depuração/analíticos,
ClientCore/xml.languagefiles/Service.EventMonitorV2,Event Monitor V2 Service,btnEventLogDeSelectAll,Deleselect All,Desmarcar tudo,
ClientCore/xml.languagefiles/Service.EventMonitorV2,Event Monitor V2 Service,btnEventLogReloadLastRecords,Reload All LastRecords,Recarregar todos os últimos registros,
ClientCore/xml.languagefiles/Service.EventMonitorV2,Event Monitor V2 Service,btnEventLogRemoveDead,Remove not existing Channels,Remover canais não existentes,
ClientCore/xml.languagefiles/Service.EventMonitorV2,Event Monitor V2 Service,btnEventLogResetLastRecords,Reset All LastRecords,Redefinir todos os últimos registros,
ClientCore/xml.languagefiles/Service.EventMonitorV2,Event Monitor V2 Service,btnEventLogScan,(Re)Scan for EventLog Channels,(Re)Verificar canais EventLog,
ClientCore/xml.languagefiles/Service.EventMonitorV2,Event Monitor V2 Service,btnEventLogSelectAll,Select All,Selecionar tudo,
ClientCore/xml.languagefiles/Service.EventMonitorV2,Event Monitor V2 Service,btnReloadLastRecordV2,Reload,Recarregar,
ClientCore/xml.languagefiles/Service.EventMonitorV2,Event Monitor V2 Service,btnResetLastRecordV2,Reset,Reiniciar,
ClientCore/xml.languagefiles/Service.EventMonitorV2,Event Monitor V2 Service,btnVerifyEvtV2,Verify Connection,Verifique a conexão,
ClientCore/xml.languagefiles/Service.EventMonitorV2,Event Monitor V2 Service,chkeventchannels,Enable,Habilitar,
ClientCore/xml.languagefiles/Service.EventMonitorV2,Event Monitor V2 Service,eventchannels,Eventlog Channels,Canais de log de eventos,
ClientCore/xml.languagefiles/Service.EventMonitorV2,Event Monitor V2 Service,nApiReadMode,Processing Mode,Modo de processamento,
ClientCore/xml.languagefiles/Service.EventMonitorV2,Event Monitor V2 Service,nApiReadMode_Polling,Eventlog Polling (Sleeptime),Pesquisa do log de eventos (hora de dormir),
ClientCore/xml.languagefiles/Service.EventMonitorV2,Event Monitor V2 Service,nApiReadMode_Subscription,Eventlog Subscription (Realtime),Assinatura do log de eventos (tempo real),
ClientCore/xml.languagefiles/Service.EventMonitorV2,Event Monitor V2 Service,nCacheEventCategory,Cache Event Category ( Task field ) ,Cache Event Category (campo Tarefa),
ClientCore/xml.languagefiles/Service.EventMonitorV2,Event Monitor V2 Service,nCacheEventKeyword,Cache Event Keyword,Cache Event Keyword,
ClientCore/xml.languagefiles/Service.EventMonitorV2,Event Monitor V2 Service,nCacheEventLevel,"Cache Event Levels ( Like Warning, Information, Error)","Cache Event Levels (como aviso, informação, erro)",
ClientCore/xml.languagefiles/Service.EventMonitorV2,Event Monitor V2 Service,nCacheEventPublisher,Cache Event Publisher handles ( Event Source ) ,Identificadores do editor de eventos de cache (Event Source),
ClientCore/xml.languagefiles/Service.EventMonitorV2,Event Monitor V2 Service,nConvertToEventLogMonitorV1,Convert to EventLog Monitor V1 compatible Events,Converter para eventos compatíveis com EventLog Monitor V1,
ClientCore/xml.languagefiles/Service.EventMonitorV2,Event Monitor V2 Service,nCopyFormatIntoProperty,Select MessageFormat,Selecionar formato da mensagem,
ClientCore/xml.languagefiles/Service.EventMonitorV2,Event Monitor V2 Service,nEmulateParameters,Emulate %Param% properties from old EventLog Monitor,Emular propriedades %Param% do antigo monitor EventLog,
ClientCore/xml.languagefiles/Service.EventMonitorV2,Event Monitor V2 Service,nEnableLastRecordDelay,Delay writing LastRecord ,Atrasar a gravação do LastRecord,
ClientCore/xml.languagefiles/Service.EventMonitorV2,Event Monitor V2 Service,nEnableUnknownChannels,Process unknown/unconfigured Eventlog Channels,Processar canais de log de eventos desconhecidos/não configurados,
ClientCore/xml.languagefiles/Service.EventMonitorV2,Event Monitor V2 Service,nEnabled,Channel Enabled,Canal ativado,
ClientCore/xml.languagefiles/Service.EventMonitorV2,Event Monitor V2 Service,nEnabledRemote,Enable remote EventLog monitoring,Ativar monitoramento remoto do EventLog,
ClientCore/xml.languagefiles/Service.EventMonitorV2,Event Monitor V2 Service,nFacility,Facility,Facility,
ClientCore/xml.languagefiles/Service.EventMonitorV2,Event Monitor V2 Service,nFormatType,Select MessageFormat,Selecionar formato da mensagem,
ClientCore/xml.languagefiles/Service.EventMonitorV2,Event Monitor V2 Service,nFormatType_DISABLED,Disabled,Desabilitado,
ClientCore/xml.languagefiles/Service.EventMonitorV2,Event Monitor V2 Service,nFormatType_Json,JSON Format,Formato JSON,
ClientCore/xml.languagefiles/Service.EventMonitorV2,Event Monitor V2 Service,nFormatType_JsonSiem,LogPoint SIEM JSON Format,Formato JSON do LogPoint SIEM,
ClientCore/xml.languagefiles/Service.EventMonitorV2,Event Monitor V2 Service,nFormatType_Predefined,Predefined Event Format,Formato de evento predefinido,
ClientCore/xml.languagefiles/Service.EventMonitorV2,Event Monitor V2 Service,nFormatType_XML,Raw XML Format,Formato XML bruto,
ClientCore/xml.languagefiles/Service.EventMonitorV2,Event Monitor V2 Service,nIncludeEventParameters,Include optional Event Parameters as properties?,Incluir parâmetros de eventos opcionais como propriedades?,
ClientCore/xml.languagefiles/Service.EventMonitorV2,Event Monitor V2 Service,nLanguageLCID,Preferred language,Idioma preferido,
ClientCore/xml.languagefiles/Service.EventMonitorV2,Event Monitor V2 Service,nLanguageLCID.invalidZero,0 is reserved for the internal Windows default fallback and cannot be configured here. Use -1 for OS default or a positive LCID.,0 é reservado para o fallback interno do padrão do Windows e não pode ser configurado aqui. Use -1 para o padrão do sistema operacional ou um LCID positivo.,
ClientCore/xml.languagefiles/Service.EventMonitorV2,Event Monitor V2 Service,nLanguageLCID.systemDefault,OS default / automatic fallback [-1],Padrão do sistema operacional / fallback automático [-1],
ClientCore/xml.languagefiles/Service.EventMonitorV2,Event Monitor V2 Service,nLanguageLCID.tooltip,"Preferred locale used for WEVT event message formatting. Fallback order: configured LCID, Windows default, system UI locale, en-US.","Localidade preferida para a formatação de mensagens de eventos WEVT. Ordem de fallback: LCID configurado, padrão do Windows, localidade da interface do sistema, en-US.",
ClientCore/xml.languagefiles/Service.EventMonitorV2,Event Monitor V2 Service,nLastRecordDelayCount,Save after amount of entries,Salvar após quantidade de entradas,
ClientCore/xml.languagefiles/Service.EventMonitorV2,Event Monitor V2 Service,nLastRecordDelayTime,Save after wait time,Salvar após o tempo de espera,
ClientCore/xml.languagefiles/Service.EventMonitorV2,Event Monitor V2 Service,nNoExistingEntries,Do NOT process existing entries,NÃO processe entradas existentes,
ClientCore/xml.languagefiles/Service.EventMonitorV2,Event Monitor V2 Service,nPreventOverrunDelay,Overrun Prevention Delay (ms),Atraso de prevenção de ultrapassagem (ms),
ClientCore/xml.languagefiles/Service.EventMonitorV2,Event Monitor V2 Service,nPriorityCritical,Critical,Crítico,
ClientCore/xml.languagefiles/Service.EventMonitorV2,Event Monitor V2 Service,nPriorityError,Error,Erro,
ClientCore/xml.languagefiles/Service.EventMonitorV2,Event Monitor V2 Service,nPriorityInfo,Information,Informação,
ClientCore/xml.languagefiles/Service.EventMonitorV2,Event Monitor V2 Service,nPriorityVerbose,Verbose,Verboso,
ClientCore/xml.languagefiles/Service.EventMonitorV2,Event Monitor V2 Service,nPriorityWarning,Warning,Aviso,
ClientCore/xml.languagefiles/Service.EventMonitorV2,Event Monitor V2 Service,nReadFromFile,Read Eventlog from File,Ler log de eventos do arquivo,
ClientCore/xml.languagefiles/Service.EventMonitorV2,Event Monitor V2 Service,nSleepTime,Sleep Time(ms),Tempo de sono (ms),
ClientCore/xml.languagefiles/Service.EventMonitorV2,Event Monitor V2 Service,nSubscriptionSleepTime,Wait time after action failure,Tempo de espera após falha na ação,
ClientCore/xml.languagefiles/Service.EventMonitorV2,Event Monitor V2 Service,nSubscriptionSleepTime.tooltip,Defines the wait time after the Event subscription is retried. This wait time only applies after an action failure. ,Define o tempo de espera após uma nova tentativa de assinatura do evento. Esse tempo de espera só se aplica após uma falha na ação.,
ClientCore/xml.languagefiles/Service.EventMonitorV2,Event Monitor V2 Service,nTryConvSIDtoObj,Try to convert Security IDs (SID) to Object Names,Tente converter IDs de segurança (SID) em nomes de objetos,
ClientCore/xml.languagefiles/Service.EventMonitorV2,Event Monitor V2 Service,szCacheEventInfo,"For performance reasons we recommend to use all caching options available. However if you do not want to cache data queried from the eventlog, you can disable them here. ","Por motivos de desempenho, recomendamos usar todas as opções de cache disponíveis. No entanto, se você não quiser armazenar em cache os dados consultados no log de eventos, poderá desativá-los aqui.",
ClientCore/xml.languagefiles/Service.EventMonitorV2,Event Monitor V2 Service,szCopyFormatIntoProperty,store into Property,armazenar em propriedade,
ClientCore/xml.languagefiles/Service.EventMonitorV2,Event Monitor V2 Service,szCopyFormatIntoPropertyGroup,Copy Format into Property,Copiar formato para propriedade,
ClientCore/xml.languagefiles/Service.EventMonitorV2,Event Monitor V2 Service,szDisabled,Disabled,Desabilitado,
ClientCore/xml.languagefiles/Service.EventMonitorV2,Event Monitor V2 Service,szEventLogV2WarningOnWinXp,"Warning, this Windows Version does not support the new Windows Eventlog API needed for this service. You may configure this service if you intend to use this configuration on a machine with a higher OS level later.",Atenção: esta versão do Windows não oferece suporte à nova API do Windows EventLog necessária para este serviço. Você pode configurar este serviço se pretende usar esta configuração posteriormente em uma máquina com uma versão mais recente do sistema operacional.,
ClientCore/xml.languagefiles/Service.EventMonitorV2,Event Monitor V2 Service,szEventPollingOptions,Eventpolling related Options,Opções relacionadas à pesquisa de eventos,
ClientCore/xml.languagefiles/Service.EventMonitorV2,Event Monitor V2 Service,szEventTypesManage,Manage Event Channels,Gerenciar canais de eventos,
ClientCore/xml.languagefiles/Service.EventMonitorV2,Event Monitor V2 Service,szEventTypesToLog,Eventlog Types to Log,Tipos de log de eventos para registrar,
ClientCore/xml.languagefiles/Service.EventMonitorV2,Event Monitor V2 Service,szLogFileName,File & Path Name,Nome do arquivo e caminho,
ClientCore/xml.languagefiles/Service.EventMonitorV2,Event Monitor V2 Service,szServerName,Monitor Eventlog from this host:,Monitorar o EventLog deste host:,
ClientCore/xml.languagefiles/Service.EventMonitorV2,Event Monitor V2 Service,szSubscriptionOptions,Subscription related Options,Opções relacionadas à assinatura,
ClientCore/xml.languagefiles/Service.EventMonitorV2,Event Monitor V2 Service,szSyslogTagValue,Syslog Tag Value,Valor da etiqueta Syslog,
ClientCore/xml.languagefiles/Service.EventMonitorV2,Event Monitor V2 Service,szTabCaching,Event Caching,Cache de eventos,
ClientCore/xml.languagefiles/Service.EventMonitorV2,Event Monitor V2 Service,szTabEventChannels,Event Channels,Canais de eventos,
ClientCore/xml.languagefiles/Service.EventMonitorV2,Event Monitor V2 Service,szTabGeneral,General Options,Opções Gerais,
ClientCore/xml.languagefiles/Service.EventMonitorV2,Event Monitor V2 Service,szXMLBookmark,Last Record,Último registro,
ClientCore/xml.languagefiles/Service.EventMonitorV2,Event Monitor V2 Service,txteventchannels,Eventlog Channel,Canal de log de eventos,
ClientCore/xml.languagefiles/Service.FTPProbe,FTP Probe Service,nFTPPort,FTP Port,Porta FTP,
ClientCore/xml.languagefiles/Service.FTPProbe,FTP Probe Service,nGenerateOnSuccess,Generate an event if FTP Probe was successful,Gere um evento se a FTP Probe for bem-sucedida,
ClientCore/xml.languagefiles/Service.FTPProbe,FTP Probe Service,szFTPServer,FTP Server,Servidor FTP,
ClientCore/xml.languagefiles/Service.FileMonitor,File Monitor Service,bIsRegex_,Enable Regular Expression,Habilitar Expressão Regular,
ClientCore/xml.languagefiles/Service.FileMonitor,File Monitor Service,btnButtonFileMonResetAllLastPos,Reset All Position Counters,Redefinir todos os contadores de posição,
ClientCore/xml.languagefiles/Service.FileMonitor,File Monitor Service,btnButtonResetLastPos,Reset Position Counter,Redefinir contador de posição,
ClientCore/xml.languagefiles/Service.FileMonitor,File Monitor Service,btnEventLogReloadLastRecords,Reload File Counter Positions,Recarregar posições do contador de arquivos,
ClientCore/xml.languagefiles/Service.FileMonitor,File Monitor Service,fileitems,Processed File,Arquivo Processado,
ClientCore/xml.languagefiles/Service.FileMonitor,File Monitor Service,msgseps,List of message separators,Lista de separadores de mensagens,
ClientCore/xml.languagefiles/Service.FileMonitor,File Monitor Service,nCompressSpaces,Compress spaces,Comprimir espaços,
ClientCore/xml.languagefiles/Service.FileMonitor,File Monitor Service,nEnableLastRecordDelay,Delay writing Last File Position,Atrasar a gravação da última posição do arquivo,
ClientCore/xml.languagefiles/Service.FileMonitor,File Monitor Service,nIgnoreEmptyLines,Ignore empty lines,Ignorar linhas vazias,
ClientCore/xml.languagefiles/Service.FileMonitor,File Monitor Service,nKeepReadingUntilNew,Keep reading the current opened file until a new is created,Continue lendo o arquivo aberto atualmente até que um novo seja criado,
ClientCore/xml.languagefiles/Service.FileMonitor,File Monitor Service,nLastPos,Last File Position,Última posição do arquivo,
ClientCore/xml.languagefiles/Service.FileMonitor,File Monitor Service,nLastRecordDelayCount,Save after amount of processed lines,Salvar após quantidade de linhas processadas,
ClientCore/xml.languagefiles/Service.FileMonitor,File Monitor Service,nLogFileType,Logfile Type,Tipo de arquivo de log,
ClientCore/xml.languagefiles/Service.FileMonitor,File Monitor Service,nMaxBytesPerMessage,Max Bytes per Message,Máximo de bytes por mensagem,
ClientCore/xml.languagefiles/Service.FileMonitor,File Monitor Service,nMultipleFiles,Allow Directories or read multiple files (Needs Wildcard in Filename),Permitir diretórios ou ler vários arquivos (precisa de curinga no nome do arquivo),
ClientCore/xml.languagefiles/Service.FileMonitor,File Monitor Service,nPreventOverrunDelay,Overrun Prevention Delay (ms),Atraso de prevenção de ultrapassagem (ms),
ClientCore/xml.languagefiles/Service.FileMonitor,File Monitor Service,nProcessRestOfFile,Process rest of file as one message (If no message separator matches anymore),Processe o restante do arquivo como uma mensagem (se nenhum separador de mensagens corresponder mais),
ClientCore/xml.languagefiles/Service.FileMonitor,File Monitor Service,nPropertyMsgSep,Save Message Separator in Property (%msgsep%),Salvar separador de mensagens na propriedade (%msgsep%),
ClientCore/xml.languagefiles/Service.FileMonitor,File Monitor Service,nPropertyMsgSepReset,Reset Message Separator after each run,Redefinir o separador de mensagens após cada execução,
ClientCore/xml.languagefiles/Service.FileMonitor,File Monitor Service,nReadFileBuffer,Read Filebuffer size,Leia o tamanho do Filebuffer,
ClientCore/xml.languagefiles/Service.FileMonitor,File Monitor Service,nRemoveControlChars,Remove Control Characters,Remover caracteres de controle,
ClientCore/xml.languagefiles/Service.FileMonitor,File Monitor Service,nRemoveLeadingSpaces,Remove leading space,Remover espaço inicial,
ClientCore/xml.languagefiles/Service.FileMonitor,File Monitor Service,nReplaceNullBytes,Replace NULL Bytes with spaces,Substitua bytes NULL por espaços,
ClientCore/xml.languagefiles/Service.FileMonitor,File Monitor Service,nReportErrorOnFNF,Report an error if the File was not found (Willbe written into the Application Eventlog),Relate um erro se o arquivo não for encontrado (será gravado no log de eventos do aplicativo),
ClientCore/xml.languagefiles/Service.FileMonitor,File Monitor Service,nSkipLinesEnabled,Skip all lines on Startup,Pule todas as linhas na inicialização,
ClientCore/xml.languagefiles/Service.FileMonitor,File Monitor Service,nTimeMode,Timemode used for Filename,Modo de tempo usado para nome de arquivo,
ClientCore/xml.languagefiles/Service.FileMonitor,File Monitor Service,nUseWildcard,Use wildcards in Filename,Use curingas no nome do arquivo,
ClientCore/xml.languagefiles/Service.FileMonitor,File Monitor Service,szCharacterProcessing,Character processing related options,Opções relacionadas ao processamento de caracteres,
ClientCore/xml.languagefiles/Service.FileMonitor,File Monitor Service,szIncludeMsgSepInMessageDisabled,Do not include message separator in message,Não inclua separador de mensagens na mensagem,
ClientCore/xml.languagefiles/Service.FileMonitor,File Monitor Service,szIncludeMsgSepInMessageLastMsgSepPrepend,Prepend previous found separator to message,Anexe o separador encontrado anteriormente à mensagem,
ClientCore/xml.languagefiles/Service.FileMonitor,File Monitor Service,szIncludeMsgSepInMessageMsgSepAppend,Append found separator to message,Anexar separador encontrado à mensagem,
ClientCore/xml.languagefiles/Service.FileMonitor,File Monitor Service,szIncludeMsgSepInMessageMsgSepPrepend,Prepend found separator to message,Anexe o separador encontrado à mensagem,
ClientCore/xml.languagefiles/Service.FileMonitor,File Monitor Service,szLogFileTypeStandard,Standard,Padrão,
ClientCore/xml.languagefiles/Service.FileMonitor,File Monitor Service,szLogFileTypeW3C,W3C WebServer Logfile,Arquivo de log do servidor Web W3C,
ClientCore/xml.languagefiles/Service.FileMonitor,File Monitor Service,szMessageProcessing,Message processing related options,Opções relacionadas ao processamento de mensagens,
ClientCore/xml.languagefiles/Service.FileMonitor,File Monitor Service,szMsgSep_,Message separation sequence,Sequência de separação de mensagens,
ClientCore/xml.languagefiles/Service.FileMonitor,File Monitor Service,szPathAndFileName,File and Path Name,Nome do arquivo e caminho,
ClientCore/xml.languagefiles/Service.FileMonitor,File Monitor Service,szReadFileBufferInfo,"The File Monitor reads files in chunks (blocks) with the read Filebuffer size. 
The default buffersize is 4096 bytes which is a good balance between performance and memory usage. 
 
You may want to increase the size when using regex message separators and your log lines increase the default file buffer size. Otherwise we recommend not to change this value!","O File Monitor lê arquivos em partes (blocos) com o tamanho do Filebuffer lido. 
O tamanho do buffer padrão é 4.096 bytes, o que é um bom equilíbrio entre desempenho e uso de memória. 
 
Você pode querer aumentar o tamanho ao usar separadores de mensagens regex e suas linhas de log aumentarem o tamanho padrão do buffer de arquivo. Caso contrário recomendamos não alterar este valor!",
ClientCore/xml.languagefiles/Service.FileMonitor,File Monitor Service,szResetValue,Reset value,Redefinir valor,
ClientCore/xml.languagefiles/Service.FileMonitor,File Monitor Service,szTabAdvanced,Advanced Options,Opções Avançadas,
ClientCore/xml.languagefiles/Service.FileMonitor,File Monitor Service,szTabFiles,Processed Files,Arquivos Processados,
ClientCore/xml.languagefiles/Service.FileMonitor,File Monitor Service,szTabGeneral,General,Geral,
ClientCore/xml.languagefiles/Service.FileMonitor,File Monitor Service,szTabMsgSep,Message Separators,Separadores de mensagens,
ClientCore/xml.languagefiles/Service.FileMonitor,File Monitor Service,szW3CHeader,W3C Header Value,Valor do cabeçalho W3C,
ClientCore/xml.languagefiles/Service.FileMonitor,File Monitor Service,txtfileitems,Filename,Nome do arquivo,
ClientCore/xml.languagefiles/Service.HTTPProbe,HTTP Probe Service,lbl_request_get,GET,PEGAR,
ClientCore/xml.languagefiles/Service.HTTPProbe,HTTP Probe Service,lbl_request_head,HEAD,CABEÇA,
ClientCore/xml.languagefiles/Service.HTTPProbe,HTTP Probe Service,nGenerateOnSuccess,Generate an event if HTTP Probe was successful,Gere um evento se a HTTP Probe for bem-sucedida,
ClientCore/xml.languagefiles/Service.HTTPProbe,HTTP Probe Service,nHTTPPort,HTTP Port,Porta HTTP,
ClientCore/xml.languagefiles/Service.HTTPProbe,HTTP Probe Service,nUseSSL,Use secure https protocoll,Use protocolo https seguro,
ClientCore/xml.languagefiles/Service.HTTPProbe,HTTP Probe Service,szConfigUrlPreview,URL Preview,Visualização de URL,
ClientCore/xml.languagefiles/Service.HTTPProbe,HTTP Probe Service,szHTTPServer,HTTP Server,Servidor HTTP,
ClientCore/xml.languagefiles/Service.HTTPProbe,HTTP Probe Service,szReferer,Referrer,Referenciador,
ClientCore/xml.languagefiles/Service.HTTPProbe,HTTP Probe Service,szRequestType,Request Type,Tipo de solicitação,
ClientCore/xml.languagefiles/Service.HTTPProbe,HTTP Probe Service,szUrl,URL & Querystring,URL e string de consulta,
ClientCore/xml.languagefiles/Service.HTTPProbe,HTTP Probe Service,szUserAgent,UserAgent (Browser),Agente do usuário (navegador),
ClientCore/xml.languagefiles/Service.Heartbeat,Heartbeat Service,nSleepTime,Heartbeat clock (Sleeptime),Heartbeat relógio (hora de dormir),
ClientCore/xml.languagefiles/Service.Heartbeat,Heartbeat Service,szMessage,Message that is send during each heartbeat,Mensagem enviada durante cada pulsação,
ClientCore/xml.languagefiles/Service.IMAPProbe,IMAP Probe Service,nGenerateOnSuccess,Generate an event if IMAP Probe was successful,Gere um evento se o IMAP Probe for bem-sucedido,
ClientCore/xml.languagefiles/Service.IMAPProbe,IMAP Probe Service,nIMAPPort,IMAP Port,Porta IMAP,
ClientCore/xml.languagefiles/Service.IMAPProbe,IMAP Probe Service,szIMAPServer,IMAP Server,IMAP Server,
ClientCore/xml.languagefiles/Service.MonitorWareEchoReply,Monitor Ware Echo Reply Service,szMyIPAddress,IP Listener Address,,
ClientCore/xml.languagefiles/Service.MonitorWareEchoRequest,Monitor Ware Echo Request Service,hostlist,List of hosts,Lista de anfitriões,
ClientCore/xml.languagefiles/Service.MonitorWareEchoRequest,Monitor Ware Echo Request Service,nGenerateOnSuccess,Also generate an event if echo reply was successful,Gere também um evento se a resposta de eco for bem-sucedida,
ClientCore/xml.languagefiles/Service.MonitorWareEchoRequest,Monitor Ware Echo Request Service,nPort_,Port,Porta,
ClientCore/xml.languagefiles/Service.MonitorWareEchoRequest,Monitor Ware Echo Request Service,nSleepTime,Check Interval(ms),Intervalo de verificação (ms),
ClientCore/xml.languagefiles/Service.MonitorWareEchoRequest,Monitor Ware Echo Request Service,szIP_,IP Address,Endereço IP,
ClientCore/xml.languagefiles/Service.NNTPProbe,NNTP Probe Service,nGenerateOnSuccess,Generate an event if NNTP Probe was successful,Gere um evento se o NNTP Probe for bem-sucedido,
ClientCore/xml.languagefiles/Service.NNTPProbe,NNTP Probe Service,nNNTPPort,NNTP Port,Porta NNTP,
ClientCore/xml.languagefiles/Service.NNTPProbe,NNTP Probe Service,szNNTPServer,NNTP Server,NNTP Server,
ClientCore/xml.languagefiles/Service.NTServiceMonitor,NT Service Monitor Service,nDelayOnStartup,Delay on Startup in Milliseconds (1000 ms --> 1 second),Atraso na inicialização em milissegundos (1000 ms -> 1 segundo),
ClientCore/xml.languagefiles/Service.NTServiceMonitor,NT Service Monitor Service,nGenerateOnSuccess,Generate an event if a Service is in the running state,Gerar um evento se um serviço estiver em execução,
ClientCore/xml.languagefiles/Service.POP3Probe,POP3Probe Service,nGenerateOnSuccess,Generate an event if POP3 Probe was successful,Gere um evento se o POP3 Probe for bem-sucedido,
ClientCore/xml.languagefiles/Service.POP3Probe,POP3Probe Service,nPOP3Port,POP3 Port,Porta POP3,
ClientCore/xml.languagefiles/Service.POP3Probe,POP3Probe Service,szPOP3Server,POP3 Server,POP3 Server,
ClientCore/xml.languagefiles/Service.PassiveSyslogListener,Passive Syslog Listener Service,btnButtonPassiveSyslogTest,Test Passive Syslogserver,Testar Passive Syslog Listener,
ClientCore/xml.languagefiles/Service.PassiveSyslogListener,Passive Syslog Listener Service,lbl_syslogTCP,TCP,TCP,
ClientCore/xml.languagefiles/Service.PassiveSyslogListener,Passive Syslog Listener Service,lbl_syslogUDP,UDP,UDP,
ClientCore/xml.languagefiles/Service.PassiveSyslogListener,Passive Syslog Listener Service,nEnableCommunicate,Enable communication,Habilitar comunicação,
ClientCore/xml.languagefiles/Service.PassiveSyslogListener,Passive Syslog Listener Service,nListenPort,Listener Port,Porta do Listener,
ClientCore/xml.languagefiles/Service.PassiveSyslogListener,Passive Syslog Listener Service,nProtocolType,Protocol Type,Tipo de protocolo,
ClientCore/xml.languagefiles/Service.PassiveSyslogListener,Passive Syslog Listener Service,nTCPMaxSessions,Maximum TCP sessions,Sessoes TCP maximas,
ClientCore/xml.languagefiles/Service.PassiveSyslogListener,Passive Syslog Listener Service,nTCPMaxSessions.tooltip,Maximum number of concurrent TCP receiver sessions. Use 0 to disable the cap.,Numero maximo de sessoes receptoras TCP simultaneas. Use 0 para desativar o limite.,
ClientCore/xml.languagefiles/Service.PassiveSyslogListener,Passive Syslog Listener Service,nTLSAllowExpiredCerts,Allow expired peer certificates,Permitir certificados de pares expirados,
ClientCore/xml.languagefiles/Service.PassiveSyslogListener,Passive Syslog Listener Service,nTLSAllowExpiredCerts.tooltip,"Compatibility mode. When enabled, expired peer certificates are accepted. Disable to reject expired certificates.","Modo de compatibilidade. Quando habilitado, certificados de pares expirados sao aceitos. Desative para rejeitar certificados expirados.",
ClientCore/xml.languagefiles/Service.PassiveSyslogListener,Passive Syslog Listener Service,nTLSFailOnConfigCommandError,Fail on TLS config command errors,Falhar em erros de comandos TLS,
ClientCore/xml.languagefiles/Service.PassiveSyslogListener,Passive Syslog Listener Service,nTLSFailOnConfigCommandError.tooltip,"When enabled, listener setup fails if configured OpenSSL commands cannot be applied. By default errors are logged and setup continues.","Quando habilitado, a configuracao do listener falha se os comandos OpenSSL configurados nao puderem ser aplicados. Por padrao, os erros sao registrados e a configuracao continua.",
ClientCore/xml.languagefiles/Service.PassiveSyslogListener,Passive Syslog Listener Service,nTLSHandshakeTimeout,TLS handshake timeout,Tempo limite do handshake TLS,
ClientCore/xml.languagefiles/Service.PassiveSyslogListener,Passive Syslog Listener Service,nTLSHandshakeTimeout.tooltip,Maximum time in milliseconds allowed for a TLS handshake before the connection is closed.,Tempo maximo em milissegundos permitido para um handshake TLS antes de fechar a conexao.,
ClientCore/xml.languagefiles/Service.PassiveSyslogListener,Passive Syslog Listener Service,nTLSLegacyFingerprintMatch,Allow legacy fingerprint matching,Permitir correspondencia legada de fingerprint,
ClientCore/xml.languagefiles/Service.PassiveSyslogListener,Passive Syslog Listener Service,nTLSLegacyFingerprintMatch.tooltip,"Compatibility mode. When enabled, legacy SHA-1 substring fingerprint matching remains allowed. Disable to require normalized exact SHA-1/SHA-256 fingerprints.","Modo de compatibilidade. Quando habilitado, a antiga correspondencia por substring SHA-1 continua permitida. Desative para exigir fingerprints SHA-1/SHA-256 normalizadas e exatas.",
ClientCore/xml.languagefiles/Service.PassiveSyslogListener,Passive Syslog Listener Service,nTLSLegacyPeerNameMatch,Allow legacy peer name matching,Permitir correspondencia legada de nome do par,
ClientCore/xml.languagefiles/Service.PassiveSyslogListener,Passive Syslog Listener Service,nTLSLegacyPeerNameMatch.tooltip,"Compatibility mode. When enabled, legacy subject substring matching remains allowed. Disable to require strict SAN/CN matching.","Modo de compatibilidade. Quando habilitado, a antiga correspondencia por substring do assunto continua permitida. Desative para exigir correspondencia SAN/CN estrita.",
ClientCore/xml.languagefiles/Service.PassiveSyslogListener,Passive Syslog Listener Service,nTimeOutSession,Session Timeout,Tempo limite da sessão,
ClientCore/xml.languagefiles/Service.PassiveSyslogListener,Passive Syslog Listener Service,nUseSSL,"Enable SSL / TLS Encryption. Note if this Option is enabled, NON-SSL Clients will not be able to connect to this Service.","Ativar criptografia SSL/TLS. Observe que, se esta opção estiver habilitada, clientes sem SSL não poderão se conectar a este serviço.",
ClientCore/xml.languagefiles/Service.PassiveSyslogListener,Passive Syslog Listener Service,szDetailProperties,Details,Detalhes,
ClientCore/xml.languagefiles/Service.PassiveSyslogListener,Passive Syslog Listener Service,szIP_,Permitted Peername / SHA1 / etc,Nome de ponto permitido / SHA1 / etc,
ClientCore/xml.languagefiles/Service.PassiveSyslogListener,Passive Syslog Listener Service,szMessageExpected,Expected Message: ,Mensagem esperada:,
ClientCore/xml.languagefiles/Service.PassiveSyslogListener,Passive Syslog Listener Service,szMessageToSend,Message to Send: ,Mensagem para enviar:,
ClientCore/xml.languagefiles/Service.PassiveSyslogListener,Passive Syslog Listener Service,szMyIPAddress,IP Address,Endereço IP,
ClientCore/xml.languagefiles/Service.PassiveSyslogListener,Passive Syslog Listener Service,szSyslogQueue,SyslogQueue Name,Nome da fila Syslog,
ClientCore/xml.languagefiles/Service.PassiveSyslogListener,Passive Syslog Listener Service,szTCPMsgSep,Message separation sequence,Sequência de separação de mensagens,
ClientCore/xml.languagefiles/Service.PassiveSyslogListener,Passive Syslog Listener Service,szTLSAdvancedOptions,TLS Advanced,TLS avancado,
ClientCore/xml.languagefiles/Service.PassiveSyslogListener,Passive Syslog Listener Service,szTLSOptions,Syslog TLS,Syslog TLS,
ClientCore/xml.languagefiles/Service.PassiveSyslogListener,Passive Syslog Listener Service,szTabGeneral,General,Geral,
ClientCore/xml.languagefiles/Service.PassiveSyslogListener,Passive Syslog Listener Service,tlsallowedentries,Permitted Peers,Pares permitidos,
ClientCore/xml.languagefiles/Service.PingProbe,Ping Probe Service,nGenerateOnSuccess,Generate an event if PingProbe was successful,Gere um evento se PingProbe foi bem-sucedido,
ClientCore/xml.languagefiles/Service.PingProbe,Ping Probe Service,nNbrOfRetries,Number Of Retries,Número de tentativas,
ClientCore/xml.languagefiles/Service.PingProbe,Ping Probe Service,nRetryInterval,Retry Interval (ms),Intervalo de repetição (ms),
ClientCore/xml.languagefiles/Service.PingProbe,Ping Probe Service,szIPAddress,IPAddress or Hostname,Endereço IP ou nome do host,
ClientCore/xml.languagefiles/Service.PortProbe,Port Probe Service,nGenerateOnSuccess,Generate an event if PingProbe was successful,Gere um evento se PingProbe foi bem-sucedido,
ClientCore/xml.languagefiles/Service.PortProbe,Port Probe Service,nPortNumber,Port,Porta,
ClientCore/xml.languagefiles/Service.PortProbe,Port Probe Service,nSendExpect,Send Message and check for expected message,Enviar mensagem e verificar a mensagem esperada,
ClientCore/xml.languagefiles/Service.PortProbe,Port Probe Service,szIPAddress,IPAddress or Hostname,Endereço IP ou nome do host,
ClientCore/xml.languagefiles/Service.PortProbe,Port Probe Service,szMessageExpected,Message to expect,Mensagem a esperar,
ClientCore/xml.languagefiles/Service.PortProbe,Port Probe Service,szMessageToSend,Message to send,Mensagem para enviar,
ClientCore/xml.languagefiles/Service.RELPListener,RELP Listener Service,nTimeOutSession,Session Timeout,Tempo limite da sessão,
ClientCore/xml.languagefiles/Service.RELPListener,RELP Listener Service,nUseSSL,Enable SSL / TLS Encryption.,Ative a criptografia SSL/TLS.,
ClientCore/xml.languagefiles/Service.RELPListener,RELP Listener Service,szIP_,Permitted Peername / SHA1 / etc,Nome de ponto permitido / SHA1 / etc,
ClientCore/xml.languagefiles/Service.RELPListener,RELP Listener Service,tlsallowedentries,Permitted Peers,Pares permitidos,
ClientCore/xml.languagefiles/Service.SETPListener,SETP Listener Service,bIndicateErrorToOrigin,Notify Sender about Rule Action Errors?,Notificar o remetente sobre erros de regra ou ação?,
ClientCore/xml.languagefiles/Service.SETPListener,SETP Listener Service,nTimeOutSession,Session Timeout,Tempo limite da sessão,
ClientCore/xml.languagefiles/Service.SETPListener,SETP Listener Service,nUseSSL,"Enable SSL / TLS Encryption. Note if this Option is enabled, NON-SSL Clients will not be able to connect to this Service.","Ativar criptografia SSL/TLS. Observe que, se esta opção estiver habilitada, clientes sem SSL não poderão se conectar a este serviço.",
ClientCore/xml.languagefiles/Service.SETPListener,SETP Listener Service,nZlibComp,Use zLib Compression to compress the data.,Use compactação zLib para compactar os dados.,
ClientCore/xml.languagefiles/Service.SETPListener,SETP Listener Service,szOptions,Options,Opções,
ClientCore/xml.languagefiles/Service.SMTPListener,SMTP Listener Service,nSMTPPort,Listener Port,,
ClientCore/xml.languagefiles/Service.SMTPListener,SMTP Listener Service,nTimeOutLimit,Connection Timeout Limit,Limite de tempo limite de conexão,
ClientCore/xml.languagefiles/Service.SMTPProbe,SMTP Probe Service,nGenerateOnSuccess,Generate an event if SMTP Probe was successful,Gere um evento se o SMTP Probe for bem-sucedido,
ClientCore/xml.languagefiles/Service.SMTPProbe,SMTP Probe Service,nSMTPPort,SMTP Port,Porta SMTP,
ClientCore/xml.languagefiles/Service.SMTPProbe,SMTP Probe Service,szMailServer,SMTP Server,,
ClientCore/xml.languagefiles/Service.SNMPMonitor,SNMP Monitor Service,nCheckPort,SNMP Port,Porta SNMP,
ClientCore/xml.languagefiles/Service.SNMPMonitor,SNMP Monitor Service,nInstanceID,Instance subidentifier,Subidentificador de instância,
ClientCore/xml.languagefiles/Service.SNMPMonitor,SNMP Monitor Service,nSleepTime,Probe Interval,Probe Interval,
ClientCore/xml.languagefiles/Service.SNMPMonitor,SNMP Monitor Service,nSnmpVersion,SNMP Version,Versão SNMP,
ClientCore/xml.languagefiles/Service.SNMPMonitor,SNMP Monitor Service,nTimeOutLimit,Timeout limit,Limite de tempo limite,
ClientCore/xml.languagefiles/Service.SNMPMonitor,SNMP Monitor Service,szCommunity,Community,Comunidade,
ClientCore/xml.languagefiles/Service.SNMPMonitor,SNMP Monitor Service,szRemoteHost,Remote host,Anfitrião remoto,
ClientCore/xml.languagefiles/Service.SNMPMonitor,SNMP Monitor Service,szSnmpCheckOid,Query OID (Object ID),Consultar OID (Object ID),
ClientCore/xml.languagefiles/Service.SNMPMonitor,SNMP Monitor Service,szSnmpRelatedValues,SNMP Query related,Consulta SNMP relacionada,
ClientCore/xml.languagefiles/Service.SNMPTrapReceiver,SNMP Trap Receiver Service,nAddMibDescriptionToMsg,"Append MIB Description after Mibname (Attention, can be a lot of information!)","Anexe a descrição do MIB após o Mibname (Atenção, pode haver muita informação!)",
ClientCore/xml.languagefiles/Service.SNMPTrapReceiver,SNMP Trap Receiver Service,nCompressOutputFormat,Compress Outputformat (Remove spaces/quotations),Compactar formato de saída (remover espaços/aspas),
ClientCore/xml.languagefiles/Service.SNMPTrapReceiver,SNMP Trap Receiver Service,nListenPort,Listener Port,Porta do Listener,
ClientCore/xml.languagefiles/Service.SNMPTrapReceiver,SNMP Trap Receiver Service,nResolveLongMibNames,Fully resolve Mibnames (Long Format),Resolva totalmente Mibnames (formato longo),
ClientCore/xml.languagefiles/Service.SNMPTrapReceiver,SNMP Trap Receiver Service,nResolveMibNamesShort,Use short Format (Last Portion only),Use formato curto (somente última parte),
ClientCore/xml.languagefiles/Service.SNMPTrapReceiver,SNMP Trap Receiver Service,nSnmpVersion,SNMP Version,Versão SNMP,
ClientCore/xml.languagefiles/Service.SerialPortMonitor,Serial Port Monitor Service,nBps,Bits per second,Bits por segundo,
ClientCore/xml.languagefiles/Service.SerialPortMonitor,Serial Port Monitor Service,nDatabits,Data bits,Bits de dados,
ClientCore/xml.languagefiles/Service.SerialPortMonitor,Serial Port Monitor Service,nDtsControl,DTR Control Flow,Fluxo de controle DTR,
ClientCore/xml.languagefiles/Service.SerialPortMonitor,Serial Port Monitor Service,nParity,Parity,Paridade,
ClientCore/xml.languagefiles/Service.SerialPortMonitor,Serial Port Monitor Service,nRtsControl,RTS Control Flow,Fluxo de controle RTS,
ClientCore/xml.languagefiles/Service.SerialPortMonitor,Serial Port Monitor Service,nStopbits,Stop bits,Parar bits,
ClientCore/xml.languagefiles/Service.SerialPortMonitor,Serial Port Monitor Service,szDtsControlDisable,DTR Control Disable,Desativar controle DTR,
ClientCore/xml.languagefiles/Service.SerialPortMonitor,Serial Port Monitor Service,szDtsControlEnable,DTR Control Enable,Ativação de controle DTR,
ClientCore/xml.languagefiles/Service.SerialPortMonitor,Serial Port Monitor Service,szDtsControlHandshake,DTR Control Handshake,Aperto de mão de controle DTR,
ClientCore/xml.languagefiles/Service.SerialPortMonitor,Serial Port Monitor Service,szEvenParity,Even Parity,Paridade uniforme,
ClientCore/xml.languagefiles/Service.SerialPortMonitor,Serial Port Monitor Service,szMarkParity,Mark Parity,Marcar paridade,
ClientCore/xml.languagefiles/Service.SerialPortMonitor,Serial Port Monitor Service,szMessageBegin,Send this on startup,Envie isto na inicialização,
ClientCore/xml.languagefiles/Service.SerialPortMonitor,Serial Port Monitor Service,szMessageEnd,How the message is ended,Como a mensagem termina,
ClientCore/xml.languagefiles/Service.SerialPortMonitor,Serial Port Monitor Service,szNoParity,No Parity,Sem paridade,
ClientCore/xml.languagefiles/Service.SerialPortMonitor,Serial Port Monitor Service,szOddParity,Odd Parity,Paridade ímpar,
ClientCore/xml.languagefiles/Service.SerialPortMonitor,Serial Port Monitor Service,szOne5StopBits,"1,5 Stop bit","1,5 Bit de parada",
ClientCore/xml.languagefiles/Service.SerialPortMonitor,Serial Port Monitor Service,szOneStopBit,1 Stop bit,1 ponto de parada,
ClientCore/xml.languagefiles/Service.SerialPortMonitor,Serial Port Monitor Service,szPortName,Which Port do you want to monitor,Qual porta você deseja monitorar,
ClientCore/xml.languagefiles/Service.SerialPortMonitor,Serial Port Monitor Service,szPortSettings,Port Settings,Configurações de porta,
ClientCore/xml.languagefiles/Service.SerialPortMonitor,Serial Port Monitor Service,szRtsControlDisable,RTS Control Disable,Desativar controle RTS,
ClientCore/xml.languagefiles/Service.SerialPortMonitor,Serial Port Monitor Service,szRtsControlEnable,RTS Control Enable,Habilitar controle RTS,
ClientCore/xml.languagefiles/Service.SerialPortMonitor,Serial Port Monitor Service,szRtsControlHandshake,RTS Control Handshake,Aperto de mão de controle RTS,
ClientCore/xml.languagefiles/Service.SerialPortMonitor,Serial Port Monitor Service,szRtsControlToggle,RTS Control Toggle,Alternar controle RTS,
ClientCore/xml.languagefiles/Service.SerialPortMonitor,Serial Port Monitor Service,szSpaceParity,Space Parity,Paridade Espacial,
ClientCore/xml.languagefiles/Service.SerialPortMonitor,Serial Port Monitor Service,szTwoStopBits,2 Stop bits,2 bits de parada,
ClientCore/xml.languagefiles/Service.SyslogListener,Syslog Listener Service,bIsRegex_,Enable Regular Expression,Habilitar Expressão Regular,
ClientCore/xml.languagefiles/Service.SyslogListener,Syslog Listener Service,btnButtonSendSyslog,Test Syslog Server,Testar o servidor Syslog,
ClientCore/xml.languagefiles/Service.SyslogListener,Syslog Listener Service,lbl_syslogRFC3195,RFC3195,RFC3195,
ClientCore/xml.languagefiles/Service.SyslogListener,Syslog Listener Service,lbl_syslogTCP,TCP,TCP,
ClientCore/xml.languagefiles/Service.SyslogListener,Syslog Listener Service,lbl_syslogUDP,UDP,UDP,
ClientCore/xml.languagefiles/Service.SyslogListener,Syslog Listener Service,msgseps,List of additional separators,Lista de separadores adicionais,
ClientCore/xml.languagefiles/Service.SyslogListener,Syslog Listener Service,nEnableMultiCastGroup,Enable receiving from a UDP Multicast Group,Habilitar o recebimento de um grupo multicast UDP,
ClientCore/xml.languagefiles/Service.SyslogListener,Syslog Listener Service,nEnableMultiTCPMsgSep,Enable multiple message separators,Habilite vários separadores de mensagens,
ClientCore/xml.languagefiles/Service.SyslogListener,Syslog Listener Service,nEnableTCPMsgSep,Messages are separated by the following sequence,As mensagens são separadas pela seguinte sequência,
ClientCore/xml.languagefiles/Service.SyslogListener,Syslog Listener Service,nEscapeControlCharacters,Escape control characters,Escapar caracteres de controle,
ClientCore/xml.languagefiles/Service.SyslogListener,Syslog Listener Service,nForceUTF8Decoding,Force UTF8 Decoding if encoding could not be detected automatically.,Forçar a decodificação UTF8 se a codificação não puder ser detectada automaticamente.,
ClientCore/xml.languagefiles/Service.SyslogListener,Syslog Listener Service,nListenPort,Listener Port,Listener Port,
ClientCore/xml.languagefiles/Service.SyslogListener,Syslog Listener Service,nParseSyslogDate,Use original message timestamp (RFC 3164),Use o carimbo de data/hora da mensagem original (RFC 3164),
ClientCore/xml.languagefiles/Service.SyslogListener,Syslog Listener Service,nProtocolType,Protocol Type,Tipo de protocolo,
ClientCore/xml.languagefiles/Service.SyslogListener,Syslog Listener Service,nRFC3164DetectYear,Try to parse year from message timestamp (RFC 3164),Tente analisar o ano a partir do carimbo de data/hora da mensagem (RFC 3164),
ClientCore/xml.languagefiles/Service.SyslogListener,Syslog Listener Service,nRFC3164Parsing,Enable RFC3164 Parsing,Habilitar análise RFC3164,
ClientCore/xml.languagefiles/Service.SyslogListener,Syslog Listener Service,nRFC5424AddProcID2SyslogTag,Append ProcessID to Syslogtag if available,"Anexe ProcessID à tag Syslog, se disponível",
ClientCore/xml.languagefiles/Service.SyslogListener,Syslog Listener Service,nRFC5424Parsing,Enable RFC5424 Parsing,Habilitar análise RFC5424,
ClientCore/xml.languagefiles/Service.SyslogListener,Syslog Listener Service,nResolveNames,Resolve Hostnames,Resolver nomes de host,
ClientCore/xml.languagefiles/Service.SyslogListener,Syslog Listener Service,nSaveSourceIntoProperty,Save original source into property,Salvar a origem original na propriedade,
ClientCore/xml.languagefiles/Service.SyslogListener,Syslog Listener Service,nTCPMaxSessions,Maximum TCP sessions,Sessoes TCP maximas,
ClientCore/xml.languagefiles/Service.SyslogListener,Syslog Listener Service,nTCPMaxSessions.tooltip,Maximum number of concurrent TCP receiver sessions. Use 0 to disable the cap.,Numero maximo de sessoes receptoras TCP simultaneas. Use 0 para desativar o limite.,
ClientCore/xml.languagefiles/Service.SyslogListener,Syslog Listener Service,nTLSAllowExpiredCerts,Allow expired peer certificates,Permitir certificados de pares expirados,
ClientCore/xml.languagefiles/Service.SyslogListener,Syslog Listener Service,nTLSAllowExpiredCerts.tooltip,"Compatibility mode. When enabled, expired peer certificates are accepted. Disable to reject expired certificates.","Modo de compatibilidade. Quando habilitado, certificados de pares expirados sao aceitos. Desative para rejeitar certificados expirados.",
ClientCore/xml.languagefiles/Service.SyslogListener,Syslog Listener Service,nTLSFailOnConfigCommandError,Fail on TLS config command errors,Falhar em erros de comandos TLS,
ClientCore/xml.languagefiles/Service.SyslogListener,Syslog Listener Service,nTLSFailOnConfigCommandError.tooltip,"When enabled, listener setup fails if configured OpenSSL commands cannot be applied. By default errors are logged and setup continues.","Quando habilitado, a configuracao do listener falha se os comandos OpenSSL configurados nao puderem ser aplicados. Por padrao, os erros sao registrados e a configuracao continua.",
ClientCore/xml.languagefiles/Service.SyslogListener,Syslog Listener Service,nTLSHandshakeTimeout,TLS handshake timeout,Tempo limite do handshake TLS,
ClientCore/xml.languagefiles/Service.SyslogListener,Syslog Listener Service,nTLSHandshakeTimeout.tooltip,Maximum time in milliseconds allowed for a TLS handshake before the connection is closed.,Tempo maximo em milissegundos permitido para um handshake TLS antes de fechar a conexao.,
ClientCore/xml.languagefiles/Service.SyslogListener,Syslog Listener Service,nTLSLegacyFingerprintMatch,Allow legacy fingerprint matching,Permitir correspondencia legada de fingerprint,
ClientCore/xml.languagefiles/Service.SyslogListener,Syslog Listener Service,nTLSLegacyFingerprintMatch.tooltip,"Compatibility mode. When enabled, legacy SHA-1 substring fingerprint matching remains allowed. Disable to require normalized exact SHA-1/SHA-256 fingerprints.","Modo de compatibilidade. Quando habilitado, a antiga correspondencia por substring SHA-1 continua permitida. Desative para exigir fingerprints SHA-1/SHA-256 normalizadas e exatas.",
ClientCore/xml.languagefiles/Service.SyslogListener,Syslog Listener Service,nTLSLegacyPeerNameMatch,Allow legacy peer name matching,Permitir correspondencia legada de nome do par,
ClientCore/xml.languagefiles/Service.SyslogListener,Syslog Listener Service,nTLSLegacyPeerNameMatch.tooltip,"Compatibility mode. When enabled, legacy subject substring matching remains allowed. Disable to require strict SAN/CN matching.","Modo de compatibilidade. Quando habilitado, a antiga correspondencia por substring do assunto continua permitida. Desative para exigir correspondencia SAN/CN estrita.",
ClientCore/xml.languagefiles/Service.SyslogListener,Syslog Listener Service,nTakeSourceSysFromSyslogMsg,Take source system from Syslog message,Pegue o sistema de origem da mensagem Syslog,
ClientCore/xml.languagefiles/Service.SyslogListener,Syslog Listener Service,nTimeOutMsg,Message Completion Timeout,Tempo limite de conclusão da mensagem,
ClientCore/xml.languagefiles/Service.SyslogListener,Syslog Listener Service,nTimeOutSession,Session Timeout,Tempo limite da sessão,
ClientCore/xml.languagefiles/Service.SyslogListener,Syslog Listener Service,nTryDetectMessageEncoding,"Automatically detect Message Encoding (UTF8, SHIFT_JIS, EUC-JP)","Detectar automaticamente a codificação de mensagens (UTF8, SHIFT_JIS, EUC-JP)",
ClientCore/xml.languagefiles/Service.SyslogListener,Syslog Listener Service,nUseSSL,"Enable SSL / TLS Encryption. Note if this Option is enabled, NON-SSL Clients will not be able to connect to this Service.","Habilitar criptografia SSL/TLS. Observe que, se esta opção estiver habilitada, clientes sem SSL não poderão se conectar a este serviço.",
ClientCore/xml.languagefiles/Service.SyslogListener,Syslog Listener Service,nZlibComp,Use zLib Compression to compress the data.,Use compactação zLib para compactar os dados.,
ClientCore/xml.languagefiles/Service.SyslogListener,Syslog Listener Service,szDetailProperties,Details,Detalhes,
ClientCore/xml.languagefiles/Service.SyslogListener,Syslog Listener Service,szIP_,Permitted Peername / SHA1 / etc,Peername permitido / SHA1 / etc.,
ClientCore/xml.languagefiles/Service.SyslogListener,Syslog Listener Service,szMsgSep_,Message separation sequence,Sequência de separação de mensagens,
ClientCore/xml.languagefiles/Service.SyslogListener,Syslog Listener Service,szMultiCastAddress,Multicast Address,Endereço multicast,
ClientCore/xml.languagefiles/Service.SyslogListener,Syslog Listener Service,szMyIPAddress,IP Address,Endereço IP,
ClientCore/xml.languagefiles/Service.SyslogListener,Syslog Listener Service,szSaveSourceProperty,Propertyname: ,Nome da propriedade:,
ClientCore/xml.languagefiles/Service.SyslogListener,Syslog Listener Service,szTCPMsgSep,Message separation sequence,Sequência de separação de mensagens,
ClientCore/xml.languagefiles/Service.SyslogListener,Syslog Listener Service,szTCPOptions,TCPOptions,Opções TCP,
ClientCore/xml.languagefiles/Service.SyslogListener,Syslog Listener Service,szTLSAdvancedOptions,TLS Advanced,TLS avancado,
ClientCore/xml.languagefiles/Service.SyslogListener,Syslog Listener Service,szTLSOptions,Syslog TLS,Syslog TLS,
ClientCore/xml.languagefiles/Service.SyslogListener,Syslog Listener Service,szTabEncoding,Encoding,Codificação,
ClientCore/xml.languagefiles/Service.SyslogListener,Syslog Listener Service,szTabGeneral,General,Geral,
ClientCore/xml.languagefiles/Service.SyslogListener,Syslog Listener Service,szUDPOptions,UDP Options,Opções UDP,
ClientCore/xml.languagefiles/Service.SyslogListener,Syslog Listener Service,tlsallowedentries,Permitted Peers,Pares permitidos,
