Unit,Unit Name,ID,Text,Comment
CFGEvntSLog.WinUI/Strings/Resources,CFGEvntSLog.WinUI Resources,AppDisplayName,EventReporter Agent,NG .resw source; locale=en-US; revision=7d81679f19f5fdaf5c8becaed58204869d1ac857
CFGEvntSLog.WinUI/Strings/Resources,CFGEvntSLog.WinUI Resources,Help_ApplicationIdentityTitle,Application identity,NG .resw source; locale=en-US; revision=7d81679f19f5fdaf5c8becaed58204869d1ac857
CFGEvntSLog.WinUI/Strings/Resources,CFGEvntSLog.WinUI Resources,Help_ExecutableFormat,Executable: {0},NG .resw source; locale=en-US; revision=7d81679f19f5fdaf5c8becaed58204869d1ac857
CFGEvntSLog.WinUI/Strings/Resources,CFGEvntSLog.WinUI Resources,Help_OnlineResourcesTitle,Online resources,NG .resw source; locale=en-US; revision=7d81679f19f5fdaf5c8becaed58204869d1ac857
CFGEvntSLog.WinUI/Strings/Resources,CFGEvntSLog.WinUI Resources,Help_OpenOnlineDocs,Open online docs,NG .resw source; locale=en-US; revision=7d81679f19f5fdaf5c8becaed58204869d1ac857
CFGEvntSLog.WinUI/Strings/Resources,CFGEvntSLog.WinUI Resources,Help_OpenProductSite,Open product site,NG .resw source; locale=en-US; revision=7d81679f19f5fdaf5c8becaed58204869d1ac857
CFGEvntSLog.WinUI/Strings/Resources,CFGEvntSLog.WinUI Resources,Help_OpenSupport,Open support,NG .resw source; locale=en-US; revision=7d81679f19f5fdaf5c8becaed58204869d1ac857
CFGEvntSLog.WinUI/Strings/Resources,CFGEvntSLog.WinUI Resources,Help_OpenedOnlineDocs,Opened online docs.,NG .resw source; locale=en-US; revision=7d81679f19f5fdaf5c8becaed58204869d1ac857
CFGEvntSLog.WinUI/Strings/Resources,CFGEvntSLog.WinUI Resources,Help_OpenedProductSite,Opened product site.,NG .resw source; locale=en-US; revision=7d81679f19f5fdaf5c8becaed58204869d1ac857
CFGEvntSLog.WinUI/Strings/Resources,CFGEvntSLog.WinUI Resources,Help_OpenedSupport,Opened support site.,NG .resw source; locale=en-US; revision=7d81679f19f5fdaf5c8becaed58204869d1ac857
CFGEvntSLog.WinUI/Strings/Resources,CFGEvntSLog.WinUI Resources,Help_ProductFormat,Product: {0},NG .resw source; locale=en-US; revision=7d81679f19f5fdaf5c8becaed58204869d1ac857
CFGEvntSLog.WinUI/Strings/Resources,CFGEvntSLog.WinUI Resources,Help_StatusMessage,"Use the product, documentation, and support links below for this client.",NG .resw source; locale=en-US; revision=7d81679f19f5fdaf5c8becaed58204869d1ac857
CFGEvntSLog.WinUI/Strings/Resources,CFGEvntSLog.WinUI Resources,Help_Title,Help / About,NG .resw source; locale=en-US; revision=7d81679f19f5fdaf5c8becaed58204869d1ac857
CFGEvntSLog.WinUI/Strings/Resources,CFGEvntSLog.WinUI Resources,Help_UnknownVersion,unknown,NG .resw source; locale=en-US; revision=7d81679f19f5fdaf5c8becaed58204869d1ac857
CFGEvntSLog.WinUI/Strings/Resources,CFGEvntSLog.WinUI Resources,Help_VersionFormat,Current version: {0},NG .resw source; locale=en-US; revision=7d81679f19f5fdaf5c8becaed58204869d1ac857
CFGEvntSLog.WinUI/Strings/Resources,CFGEvntSLog.WinUI Resources,Help_WindowTitleFormat,Window title: {0},NG .resw source; locale=en-US; revision=7d81679f19f5fdaf5c8becaed58204869d1ac857
CFGEvntSLog.WinUI/Strings/Resources,CFGEvntSLog.WinUI Resources,Language_ApplyButton,Apply language,NG .resw source; locale=en-US; revision=7d81679f19f5fdaf5c8becaed58204869d1ac857
CFGEvntSLog.WinUI/Strings/Resources,CFGEvntSLog.WinUI Resources,Language_ClientLanguageHeader,Client language,NG .resw source; locale=en-US; revision=7d81679f19f5fdaf5c8becaed58204869d1ac857
CFGEvntSLog.WinUI/Strings/Resources,CFGEvntSLog.WinUI Resources,Language_CurrentSelectionFormat,Selected language: {0} | Current UI culture: {1},NG .resw source; locale=en-US; revision=7d81679f19f5fdaf5c8becaed58204869d1ac857
CFGEvntSLog.WinUI/Strings/Resources,CFGEvntSLog.WinUI Resources,Language_DisplayLanguageTitle,Display language,NG .resw source; locale=en-US; revision=7d81679f19f5fdaf5c8becaed58204869d1ac857
CFGEvntSLog.WinUI/Strings/Resources,CFGEvntSLog.WinUI Resources,Language_IntroFormat,Choose the display language for this {0} client.,NG .resw source; locale=en-US; revision=7d81679f19f5fdaf5c8becaed58204869d1ac857
CFGEvntSLog.WinUI/Strings/Resources,CFGEvntSLog.WinUI Resources,Language_InvariantCulture,invariant,NG .resw source; locale=en-US; revision=7d81679f19f5fdaf5c8becaed58204869d1ac857
CFGEvntSLog.WinUI/Strings/Resources,CFGEvntSLog.WinUI Resources,Language_ResourceCoverageText,"This client includes language resources for configuration labels, option text, and shared load/save messages in English, German, Spanish, French, Italian, Portuguese, Estonian, and Japanese. System default follows Windows language preferences.",NG .resw source; locale=en-US; revision=7d81679f19f5fdaf5c8becaed58204869d1ac857
CFGEvntSLog.WinUI/Strings/Resources,CFGEvntSLog.WinUI Resources,Language_ResourceCoverageTitle,Language resource coverage,NG .resw source; locale=en-US; revision=7d81679f19f5fdaf5c8becaed58204869d1ac857
CFGEvntSLog.WinUI/Strings/Resources,CFGEvntSLog.WinUI Resources,Language_RestartDialogContentFormat,The client must restart before all labels and messages use {0}. Restart now?,NG .resw source; locale=en-US; revision=7d81679f19f5fdaf5c8becaed58204869d1ac857
CFGEvntSLog.WinUI/Strings/Resources,CFGEvntSLog.WinUI Resources,Language_RestartDialogLater,Later,NG .resw source; locale=en-US; revision=7d81679f19f5fdaf5c8becaed58204869d1ac857
CFGEvntSLog.WinUI/Strings/Resources,CFGEvntSLog.WinUI Resources,Language_RestartDialogRestartNow,Restart now,NG .resw source; locale=en-US; revision=7d81679f19f5fdaf5c8becaed58204869d1ac857
CFGEvntSLog.WinUI/Strings/Resources,CFGEvntSLog.WinUI Resources,Language_RestartDialogTitle,Restart client now?,NG .resw source; locale=en-US; revision=7d81679f19f5fdaf5c8becaed58204869d1ac857
CFGEvntSLog.WinUI/Strings/Resources,CFGEvntSLog.WinUI Resources,Language_RestartFailedFormat,"Language was saved, but automatic restart failed: {0}",NG .resw source; locale=en-US; revision=7d81679f19f5fdaf5c8becaed58204869d1ac857
CFGEvntSLog.WinUI/Strings/Resources,CFGEvntSLog.WinUI Resources,Language_RestartFailedNoProcessPath,"Language was saved, but the client could not determine the executable path for automatic restart.",NG .resw source; locale=en-US; revision=7d81679f19f5fdaf5c8becaed58204869d1ac857
CFGEvntSLog.WinUI/Strings/Resources,CFGEvntSLog.WinUI Resources,Language_RestartRequiredText,Restart the client after changing language so labels and messages reload consistently.,NG .resw source; locale=en-US; revision=7d81679f19f5fdaf5c8becaed58204869d1ac857
CFGEvntSLog.WinUI/Strings/Resources,CFGEvntSLog.WinUI Resources,Language_SelectedFormat,Selected language: {0}. {1},NG .resw source; locale=en-US; revision=7d81679f19f5fdaf5c8becaed58204869d1ac857
CFGEvntSLog.WinUI/Strings/Resources,CFGEvntSLog.WinUI Resources,Language_SelectedLanguageFormat,Selected language: {0},NG .resw source; locale=en-US; revision=7d81679f19f5fdaf5c8becaed58204869d1ac857
CFGEvntSLog.WinUI/Strings/Resources,CFGEvntSLog.WinUI Resources,Language_SelectedSystemDefault,Selected language: System default,NG .resw source; locale=en-US; revision=7d81679f19f5fdaf5c8becaed58204869d1ac857
CFGEvntSLog.WinUI/Strings/Resources,CFGEvntSLog.WinUI Resources,Language_StatusLanguageRestartFormat,Language set to {0}. Restart the client to reload language resources.,NG .resw source; locale=en-US; revision=7d81679f19f5fdaf5c8becaed58204869d1ac857
CFGEvntSLog.WinUI/Strings/Resources,CFGEvntSLog.WinUI Resources,Language_StatusLoaded,Language selection is loaded.,NG .resw source; locale=en-US; revision=7d81679f19f5fdaf5c8becaed58204869d1ac857
CFGEvntSLog.WinUI/Strings/Resources,CFGEvntSLog.WinUI Resources,Language_StatusSystemDefaultRestart,Language reset to the Windows system default. Restart the client to reload language resources.,NG .resw source; locale=en-US; revision=7d81679f19f5fdaf5c8becaed58204869d1ac857
CFGEvntSLog.WinUI/Strings/Resources,CFGEvntSLog.WinUI Resources,Language_SystemDefault,System default,NG .resw source; locale=en-US; revision=7d81679f19f5fdaf5c8becaed58204869d1ac857
CFGEvntSLog.WinUI/Strings/Resources,CFGEvntSLog.WinUI Resources,Language_Title,Language,NG .resw source; locale=en-US; revision=7d81679f19f5fdaf5c8becaed58204869d1ac857
CFGEvntSLog.WinUI/Strings/Resources,CFGEvntSLog.WinUI Resources,LicenseStatus_Expired,License file expired.,NG .resw source; locale=en-US; revision=7d81679f19f5fdaf5c8becaed58204869d1ac857
CFGEvntSLog.WinUI/Strings/Resources,CFGEvntSLog.WinUI Resources,LicenseStatus_FileLicensed,License file licensed.,NG .resw source; locale=en-US; revision=7d81679f19f5fdaf5c8becaed58204869d1ac857
CFGEvntSLog.WinUI/Strings/Resources,CFGEvntSLog.WinUI Resources,LicenseStatus_FileLicensedFor,License file licensed for %LICENSEE%.,NG .resw source; locale=en-US; revision=7d81679f19f5fdaf5c8becaed58204869d1ac857
CFGEvntSLog.WinUI/Strings/Resources,CFGEvntSLog.WinUI Resources,LicenseStatus_FileTrial,License file trial configured.,NG .resw source; locale=en-US; revision=7d81679f19f5fdaf5c8becaed58204869d1ac857
CFGEvntSLog.WinUI/Strings/Resources,CFGEvntSLog.WinUI Resources,LicenseStatus_FileTrialWithDays,"License file trial, days left %DAYSLEFT%.",NG .resw source; locale=en-US; revision=7d81679f19f5fdaf5c8becaed58204869d1ac857
CFGEvntSLog.WinUI/Strings/Resources,CFGEvntSLog.WinUI Resources,LicenseStatus_FreeNoLicense,Free version / no license configured.,NG .resw source; locale=en-US; revision=7d81679f19f5fdaf5c8becaed58204869d1ac857
CFGEvntSLog.WinUI/Strings/Resources,CFGEvntSLog.WinUI Resources,LicenseStatus_InvalidFile,No valid license file configured.,NG .resw source; locale=en-US; revision=7d81679f19f5fdaf5c8becaed58204869d1ac857
CFGEvntSLog.WinUI/Strings/Resources,CFGEvntSLog.WinUI Resources,LicenseStatus_Licensed,Licensed.,NG .resw source; locale=en-US; revision=7d81679f19f5fdaf5c8becaed58204869d1ac857
CFGEvntSLog.WinUI/Strings/Resources,CFGEvntSLog.WinUI Resources,LicenseStatus_LicensedFor,Licensed for %LICENSEE%.,NG .resw source; locale=en-US; revision=7d81679f19f5fdaf5c8becaed58204869d1ac857
CFGEvntSLog.WinUI/Strings/Resources,CFGEvntSLog.WinUI Resources,LicenseStatus_MissingFile,License file missing.,NG .resw source; locale=en-US; revision=7d81679f19f5fdaf5c8becaed58204869d1ac857
CFGEvntSLog.WinUI/Strings/Resources,CFGEvntSLog.WinUI Resources,LicenseStatus_NoBlock,No license block loaded.,NG .resw source; locale=en-US; revision=7d81679f19f5fdaf5c8becaed58204869d1ac857
CFGEvntSLog.WinUI/Strings/Resources,CFGEvntSLog.WinUI Resources,LicenseStatus_NoLicense,No license configured.,NG .resw source; locale=en-US; revision=7d81679f19f5fdaf5c8becaed58204869d1ac857
CFGEvntSLog.WinUI/Strings/Resources,CFGEvntSLog.WinUI Resources,LicenseStatus_ReleaseTrial,Release trial.,NG .resw source; locale=en-US; revision=7d81679f19f5fdaf5c8becaed58204869d1ac857
CFGEvntSLog.WinUI/Strings/Resources,CFGEvntSLog.WinUI Resources,LicenseStatus_ReleaseTrialExpired,Release trial expired.,NG .resw source; locale=en-US; revision=7d81679f19f5fdaf5c8becaed58204869d1ac857
CFGEvntSLog.WinUI/Strings/Resources,CFGEvntSLog.WinUI Resources,LicenseStatus_ReleaseTrialWithDays,"Release trial, days left %DAYSLEFT%.",NG .resw source; locale=en-US; revision=7d81679f19f5fdaf5c8becaed58204869d1ac857
CFGEvntSLog.WinUI/Strings/Resources,CFGEvntSLog.WinUI Resources,LicenseStatus_TrialVersion,Trial version.,NG .resw source; locale=en-US; revision=7d81679f19f5fdaf5c8becaed58204869d1ac857
CFGEvntSLog.WinUI/Strings/Resources,CFGEvntSLog.WinUI Resources,LicenseStatus_TrialVersionWithDays,"Trial version, days left %DAYSLEFT%.",NG .resw source; locale=en-US; revision=7d81679f19f5fdaf5c8becaed58204869d1ac857
CFGEvntSLog.WinUI/Strings/Resources,CFGEvntSLog.WinUI Resources,LicenseValidation_ChooseFile,Choose a license file (.alic).,NG .resw source; locale=en-US; revision=7d81679f19f5fdaf5c8becaed58204869d1ac857
CFGEvntSLog.WinUI/Strings/Resources,CFGEvntSLog.WinUI Resources,LicenseValidation_ClientLimit,Client limit: %VALUE%.,NG .resw source; locale=en-US; revision=7d81679f19f5fdaf5c8becaed58204869d1ac857
CFGEvntSLog.WinUI/Strings/Resources,CFGEvntSLog.WinUI Resources,LicenseValidation_Edition,Edition: %VALUE%.,NG .resw source; locale=en-US; revision=7d81679f19f5fdaf5c8becaed58204869d1ac857
CFGEvntSLog.WinUI/Strings/Resources,CFGEvntSLog.WinUI Resources,LicenseValidation_Expires,Expires: %VALUE%.,NG .resw source; locale=en-US; revision=7d81679f19f5fdaf5c8becaed58204869d1ac857
CFGEvntSLog.WinUI/Strings/Resources,CFGEvntSLog.WinUI Resources,LicenseValidation_FileMissing,The selected license file does not exist: %PATH%.,NG .resw source; locale=en-US; revision=7d81679f19f5fdaf5c8becaed58204869d1ac857
CFGEvntSLog.WinUI/Strings/Resources,CFGEvntSLog.WinUI Resources,LicenseValidation_Licensee,Licensee: %VALUE%.,NG .resw source; locale=en-US; revision=7d81679f19f5fdaf5c8becaed58204869d1ac857
CFGEvntSLog.WinUI/Strings/Resources,CFGEvntSLog.WinUI Resources,LicenseValidation_Product,Product: %VALUE%.,NG .resw source; locale=en-US; revision=7d81679f19f5fdaf5c8becaed58204869d1ac857
CFGEvntSLog.WinUI/Strings/Resources,CFGEvntSLog.WinUI Resources,LicenseValidation_ProductNotApplicable,The license file is not valid for this %PRODUCT% installation.,NG .resw source; locale=en-US; revision=7d81679f19f5fdaf5c8becaed58204869d1ac857
CFGEvntSLog.WinUI/Strings/Resources,CFGEvntSLog.WinUI Resources,LicenseValidation_ServiceVersionMismatch,"The license file is for version %LICENSEVERSION%, but the installed service reports version %SERVICEVERSION%.",NG .resw source; locale=en-US; revision=7d81679f19f5fdaf5c8becaed58204869d1ac857
CFGEvntSLog.WinUI/Strings/Resources,CFGEvntSLog.WinUI Resources,LicenseValidation_UnsupportedEdition,The license file contains an unsupported edition.,NG .resw source; locale=en-US; revision=7d81679f19f5fdaf5c8becaed58204869d1ac857
CFGEvntSLog.WinUI/Strings/Resources,CFGEvntSLog.WinUI Resources,LicenseValidation_Verified,License file signatures verified.,NG .resw source; locale=en-US; revision=7d81679f19f5fdaf5c8becaed58204869d1ac857
CFGEvntSLog.WinUI/Strings/Resources,CFGEvntSLog.WinUI Resources,LicenseValidation_VerifierMissing,OpenSSL 3.5.6+ verifier was not found.,NG .resw source; locale=en-US; revision=7d81679f19f5fdaf5c8becaed58204869d1ac857
CFGEvntSLog.WinUI/Strings/Resources,CFGEvntSLog.WinUI Resources,ProductSection_AdvancedNote,Use this section for expert-only flows and product-specific settings that do not belong in the main configuration workflow.,NG .resw source; locale=en-US; revision=7d81679f19f5fdaf5c8becaed58204869d1ac857
CFGEvntSLog.WinUI/Strings/Resources,CFGEvntSLog.WinUI Resources,ProductSection_AdvancedStatus,Advanced is available for product-specific expert settings.,NG .resw source; locale=en-US; revision=7d81679f19f5fdaf5c8becaed58204869d1ac857
CFGEvntSLog.WinUI/Strings/Resources,CFGEvntSLog.WinUI Resources,ProductSection_AdvancedTitle,Advanced,NG .resw source; locale=en-US; revision=7d81679f19f5fdaf5c8becaed58204869d1ac857
CFGEvntSLog.WinUI/Strings/Resources,CFGEvntSLog.WinUI Resources,ProductSection_AdvancedWinSyslogNote,WinSyslog keeps Post Process Apps in the Configuration Console for Japanese builds.,NG .resw source; locale=en-US; revision=7d81679f19f5fdaf5c8becaed58204869d1ac857
CFGEvntSLog.WinUI/Strings/Resources,CFGEvntSLog.WinUI Resources,ProductSection_CountsFormat,General blocks: {0} | Services: {1} | Rule groups: {2},NG .resw source; locale=en-US; revision=7d81679f19f5fdaf5c8becaed58204869d1ac857
CFGEvntSLog.WinUI/Strings/Resources,CFGEvntSLog.WinUI Resources,ProductSection_LinksNote,"Use these product, documentation, support, and diagnostic links for this client.",NG .resw source; locale=en-US; revision=7d81679f19f5fdaf5c8becaed58204869d1ac857
CFGEvntSLog.WinUI/Strings/Resources,CFGEvntSLog.WinUI Resources,ProductSection_LinksTitle,Links and follow-up,NG .resw source; locale=en-US; revision=7d81679f19f5fdaf5c8becaed58204869d1ac857
CFGEvntSLog.WinUI/Strings/Resources,CFGEvntSLog.WinUI Resources,ProductSection_LiveConfigurationContextTitle,Live configuration context,NG .resw source; locale=en-US; revision=7d81679f19f5fdaf5c8becaed58204869d1ac857
CFGEvntSLog.WinUI/Strings/Resources,CFGEvntSLog.WinUI Resources,ProductSection_ServiceStateFormat,Service: {0} | State: {1},NG .resw source; locale=en-US; revision=7d81679f19f5fdaf5c8becaed58204869d1ac857
CFGEvntSLog.WinUI/Strings/Resources,CFGEvntSLog.WinUI Resources,ProductSection_SourceFormat,Source: {0},NG .resw source; locale=en-US; revision=7d81679f19f5fdaf5c8becaed58204869d1ac857
CFGEvntSLog.WinUI/Strings/Resources,CFGEvntSLog.WinUI Resources,ProductSection_ToolsNote,Diagnostics stay grounded in the active configuration snapshot so support work starts from the same reader and service state shown elsewhere in the shell.,NG .resw source; locale=en-US; revision=7d81679f19f5fdaf5c8becaed58204869d1ac857
CFGEvntSLog.WinUI/Strings/Resources,CFGEvntSLog.WinUI Resources,ProductSection_ToolsStatus,Tools expose product-specific documentation and live configuration context.,NG .resw source; locale=en-US; revision=7d81679f19f5fdaf5c8becaed58204869d1ac857
CFGEvntSLog.WinUI/Strings/Resources,CFGEvntSLog.WinUI Resources,ProductSection_ToolsTitle,Tools,NG .resw source; locale=en-US; revision=7d81679f19f5fdaf5c8becaed58204869d1ac857
CFGEvntSLog.WinUI/Strings/Resources,CFGEvntSLog.WinUI Resources,ServiceRuntime_ButtonKillProcess,Kill service process,NG .resw source; locale=en-US; revision=7d81679f19f5fdaf5c8becaed58204869d1ac857
CFGEvntSLog.WinUI/Strings/Resources,CFGEvntSLog.WinUI Resources,ServiceRuntime_ButtonOpenServices,Open Windows Services,NG .resw source; locale=en-US; revision=7d81679f19f5fdaf5c8becaed58204869d1ac857
CFGEvntSLog.WinUI/Strings/Resources,CFGEvntSLog.WinUI Resources,ServiceRuntime_ButtonRefresh,Refresh,NG .resw source; locale=en-US; revision=7d81679f19f5fdaf5c8becaed58204869d1ac857
CFGEvntSLog.WinUI/Strings/Resources,CFGEvntSLog.WinUI Resources,ServiceRuntime_ButtonRestart,Restart,NG .resw source; locale=en-US; revision=7d81679f19f5fdaf5c8becaed58204869d1ac857
CFGEvntSLog.WinUI/Strings/Resources,CFGEvntSLog.WinUI Resources,ServiceRuntime_ButtonStart,Start,NG .resw source; locale=en-US; revision=7d81679f19f5fdaf5c8becaed58204869d1ac857
CFGEvntSLog.WinUI/Strings/Resources,CFGEvntSLog.WinUI Resources,ServiceRuntime_ButtonStop,Stop,NG .resw source; locale=en-US; revision=7d81679f19f5fdaf5c8becaed58204869d1ac857
CFGEvntSLog.WinUI/Strings/Resources,CFGEvntSLog.WinUI Resources,ServiceRuntime_DisabledAccessDenied,Administrator rights are needed to query or control the background service.,NG .resw source; locale=en-US; revision=7d81679f19f5fdaf5c8becaed58204869d1ac857
CFGEvntSLog.WinUI/Strings/Resources,CFGEvntSLog.WinUI Resources,ServiceRuntime_DisabledControlUnavailable,"Windows cannot send service control commands right now. Wait, check Windows Services, or kill the service process if it is still running.",NG .resw source; locale=en-US; revision=7d81679f19f5fdaf5c8becaed58204869d1ac857
CFGEvntSLog.WinUI/Strings/Resources,CFGEvntSLog.WinUI Resources,ServiceRuntime_DisabledNotInstalled,The Windows service is not installed.,NG .resw source; locale=en-US; revision=7d81679f19f5fdaf5c8becaed58204869d1ac857
CFGEvntSLog.WinUI/Strings/Resources,CFGEvntSLog.WinUI Resources,ServiceRuntime_DisabledNotLoaded,Service state has not been loaded yet.,NG .resw source; locale=en-US; revision=7d81679f19f5fdaf5c8becaed58204869d1ac857
CFGEvntSLog.WinUI/Strings/Resources,CFGEvntSLog.WinUI Resources,ServiceRuntime_DisabledPaused,Service is paused while reloading configuration. Stop and Restart are disabled until reload completes.,NG .resw source; locale=en-US; revision=7d81679f19f5fdaf5c8becaed58204869d1ac857
CFGEvntSLog.WinUI/Strings/Resources,CFGEvntSLog.WinUI Resources,ServiceRuntime_DisabledPausing,Service is pausing. Wait for Windows to finish the transition.,NG .resw source; locale=en-US; revision=7d81679f19f5fdaf5c8becaed58204869d1ac857
CFGEvntSLog.WinUI/Strings/Resources,CFGEvntSLog.WinUI Resources,ServiceRuntime_DisabledProcessMismatch,The service process is running without clean Windows service control. Use Kill service process or check Windows Services.,NG .resw source; locale=en-US; revision=7d81679f19f5fdaf5c8becaed58204869d1ac857
CFGEvntSLog.WinUI/Strings/Resources,CFGEvntSLog.WinUI Resources,ServiceRuntime_DisabledResuming,Service is resuming. Wait for Windows to finish the transition.,NG .resw source; locale=en-US; revision=7d81679f19f5fdaf5c8becaed58204869d1ac857
CFGEvntSLog.WinUI/Strings/Resources,CFGEvntSLog.WinUI Resources,ServiceRuntime_DisabledStarting,Service is starting. Wait for Windows to finish the transition.,NG .resw source; locale=en-US; revision=7d81679f19f5fdaf5c8becaed58204869d1ac857
CFGEvntSLog.WinUI/Strings/Resources,CFGEvntSLog.WinUI Resources,ServiceRuntime_DisabledStopping,Service is stopping. Wait for Windows to finish the transition.,NG .resw source; locale=en-US; revision=7d81679f19f5fdaf5c8becaed58204869d1ac857
CFGEvntSLog.WinUI/Strings/Resources,CFGEvntSLog.WinUI Resources,ServiceRuntime_DisabledUnavailable,Windows service state is unavailable. Check Windows Services.,NG .resw source; locale=en-US; revision=7d81679f19f5fdaf5c8becaed58204869d1ac857
CFGEvntSLog.WinUI/Strings/Resources,CFGEvntSLog.WinUI Resources,ServiceRuntime_DisabledUnknown,Service state is unknown. Refresh runtime state or check Windows Services.,NG .resw source; locale=en-US; revision=7d81679f19f5fdaf5c8becaed58204869d1ac857
CFGEvntSLog.WinUI/Strings/Resources,CFGEvntSLog.WinUI Resources,ServiceRuntime_RecoveryAccessDenied,Restart as administrator to control the background service.,NG .resw source; locale=en-US; revision=7d81679f19f5fdaf5c8becaed58204869d1ac857
CFGEvntSLog.WinUI/Strings/Resources,CFGEvntSLog.WinUI Resources,ServiceRuntime_RecoveryPending,"If this state remains for a long time, open Windows Services to compare the SCM state.",NG .resw source; locale=en-US; revision=7d81679f19f5fdaf5c8becaed58204869d1ac857
CFGEvntSLog.WinUI/Strings/Resources,CFGEvntSLog.WinUI Resources,ServiceRuntime_RecoveryProcessRunning,A matching service process is still running. Kill service process is available as a recovery action after confirmation.,NG .resw source; locale=en-US; revision=7d81679f19f5fdaf5c8becaed58204869d1ac857
CFGEvntSLog.WinUI/Strings/Resources,CFGEvntSLog.WinUI Resources,ServiceRuntime_StateAccessDenied,Cannot query service (access denied),NG .resw source; locale=en-US; revision=7d81679f19f5fdaf5c8becaed58204869d1ac857
CFGEvntSLog.WinUI/Strings/Resources,CFGEvntSLog.WinUI Resources,ServiceRuntime_StateControlUnavailable,Control unavailable,NG .resw source; locale=en-US; revision=7d81679f19f5fdaf5c8becaed58204869d1ac857
CFGEvntSLog.WinUI/Strings/Resources,CFGEvntSLog.WinUI Resources,ServiceRuntime_StateNotInstalled,Not installed,NG .resw source; locale=en-US; revision=7d81679f19f5fdaf5c8becaed58204869d1ac857
CFGEvntSLog.WinUI/Strings/Resources,CFGEvntSLog.WinUI Resources,ServiceRuntime_StatePaused,Paused (Reloading),NG .resw source; locale=en-US; revision=7d81679f19f5fdaf5c8becaed58204869d1ac857
CFGEvntSLog.WinUI/Strings/Resources,CFGEvntSLog.WinUI Resources,ServiceRuntime_StatePausing,Pausing,NG .resw source; locale=en-US; revision=7d81679f19f5fdaf5c8becaed58204869d1ac857
CFGEvntSLog.WinUI/Strings/Resources,CFGEvntSLog.WinUI Resources,ServiceRuntime_StateProcessMismatch,Process running without service,NG .resw source; locale=en-US; revision=7d81679f19f5fdaf5c8becaed58204869d1ac857
CFGEvntSLog.WinUI/Strings/Resources,CFGEvntSLog.WinUI Resources,ServiceRuntime_StateResuming,Resuming,NG .resw source; locale=en-US; revision=7d81679f19f5fdaf5c8becaed58204869d1ac857
CFGEvntSLog.WinUI/Strings/Resources,CFGEvntSLog.WinUI Resources,ServiceRuntime_StateRunning,Running,NG .resw source; locale=en-US; revision=7d81679f19f5fdaf5c8becaed58204869d1ac857
CFGEvntSLog.WinUI/Strings/Resources,CFGEvntSLog.WinUI Resources,ServiceRuntime_StateStarting,Starting,NG .resw source; locale=en-US; revision=7d81679f19f5fdaf5c8becaed58204869d1ac857
CFGEvntSLog.WinUI/Strings/Resources,CFGEvntSLog.WinUI Resources,ServiceRuntime_StateStopped,Stopped,NG .resw source; locale=en-US; revision=7d81679f19f5fdaf5c8becaed58204869d1ac857
CFGEvntSLog.WinUI/Strings/Resources,CFGEvntSLog.WinUI Resources,ServiceRuntime_StateStopping,Stopping,NG .resw source; locale=en-US; revision=7d81679f19f5fdaf5c8becaed58204869d1ac857
CFGEvntSLog.WinUI/Strings/Resources,CFGEvntSLog.WinUI Resources,ServiceRuntime_StateUnavailable,Unavailable,NG .resw source; locale=en-US; revision=7d81679f19f5fdaf5c8becaed58204869d1ac857
CFGEvntSLog.WinUI/Strings/Resources,CFGEvntSLog.WinUI Resources,ServiceRuntime_StateUnknown,Unknown,NG .resw source; locale=en-US; revision=7d81679f19f5fdaf5c8becaed58204869d1ac857
CFGEvntSLog.WinUI/Strings/Resources,CFGEvntSLog.WinUI Resources,ServiceRuntime_Summary,Start and restart save pending configuration changes before running the service. Stop refreshes the shared runtime state without forcing a save first.,NG .resw source; locale=en-US; revision=7d81679f19f5fdaf5c8becaed58204869d1ac857
CFGEvntSLog.WinUI/Strings/Resources,CFGEvntSLog.WinUI Resources,ServiceRuntime_Title,Windows service,NG .resw source; locale=en-US; revision=7d81679f19f5fdaf5c8becaed58204869d1ac857
CFGEvntSLog.WinUI/Strings/Resources,CFGEvntSLog.WinUI Resources,Shell_Nav_advanced_Description,Open product-specific expert settings.,NG .resw source; locale=en-US; revision=7d81679f19f5fdaf5c8becaed58204869d1ac857
CFGEvntSLog.WinUI/Strings/Resources,CFGEvntSLog.WinUI Resources,Shell_Nav_advanced_Label,Advanced,NG .resw source; locale=en-US; revision=7d81679f19f5fdaf5c8becaed58204869d1ac857
CFGEvntSLog.WinUI/Strings/Resources,CFGEvntSLog.WinUI Resources,Shell_Nav_configuration_ChildSectionHeader,Configuration areas,NG .resw source; locale=en-US; revision=7d81679f19f5fdaf5c8becaed58204869d1ac857
CFGEvntSLog.WinUI/Strings/Resources,CFGEvntSLog.WinUI Resources,Shell_Nav_configuration_Description,Use the configuration tree as the primary navigator and edit the selected item in the console.,NG .resw source; locale=en-US; revision=7d81679f19f5fdaf5c8becaed58204869d1ac857
CFGEvntSLog.WinUI/Strings/Resources,CFGEvntSLog.WinUI Resources,Shell_Nav_configuration_Label,Configuration Console,NG .resw source; locale=en-US; revision=7d81679f19f5fdaf5c8becaed58204869d1ac857
CFGEvntSLog.WinUI/Strings/Resources,CFGEvntSLog.WinUI Resources,Shell_Nav_help_ChildSectionHeader,Client options,NG .resw source; locale=en-US; revision=7d81679f19f5fdaf5c8becaed58204869d1ac857
CFGEvntSLog.WinUI/Strings/Resources,CFGEvntSLog.WinUI Resources,Shell_Nav_help_Description,"Open version information, product links, and support references.",NG .resw source; locale=en-US; revision=7d81679f19f5fdaf5c8becaed58204869d1ac857
CFGEvntSLog.WinUI/Strings/Resources,CFGEvntSLog.WinUI Resources,Shell_Nav_help_Label,Help / About,NG .resw source; locale=en-US; revision=7d81679f19f5fdaf5c8becaed58204869d1ac857
CFGEvntSLog.WinUI/Strings/Resources,CFGEvntSLog.WinUI Resources,Shell_Nav_help_language_Description,Choose the client display language and packaged resource override.,NG .resw source; locale=en-US; revision=7d81679f19f5fdaf5c8becaed58204869d1ac857
CFGEvntSLog.WinUI/Strings/Resources,CFGEvntSLog.WinUI Resources,Shell_Nav_help_language_Label,Language,NG .resw source; locale=en-US; revision=7d81679f19f5fdaf5c8becaed58204869d1ac857
CFGEvntSLog.WinUI/Strings/Resources,CFGEvntSLog.WinUI Resources,Shell_Nav_home_Description,Open the product dashboard and current runtime summary.,NG .resw source; locale=en-US; revision=7d81679f19f5fdaf5c8becaed58204869d1ac857
CFGEvntSLog.WinUI/Strings/Resources,CFGEvntSLog.WinUI Resources,Shell_Nav_home_Label,Dashboard,NG .resw source; locale=en-US; revision=7d81679f19f5fdaf5c8becaed58204869d1ac857
CFGEvntSLog.WinUI/Strings/Resources,CFGEvntSLog.WinUI Resources,Shell_Nav_home_TopLevelSectionHeader,Primary work areas,NG .resw source; locale=en-US; revision=7d81679f19f5fdaf5c8becaed58204869d1ac857
CFGEvntSLog.WinUI/Strings/Resources,CFGEvntSLog.WinUI Resources,Shell_Nav_post_process_apps_Description,Open WinSyslog post processing application settings in the Configuration Console.,NG .resw source; locale=en-US; revision=7d81679f19f5fdaf5c8becaed58204869d1ac857
CFGEvntSLog.WinUI/Strings/Resources,CFGEvntSLog.WinUI Resources,Shell_Nav_post_process_apps_Label,Post Process Apps,NG .resw source; locale=en-US; revision=7d81679f19f5fdaf5c8becaed58204869d1ac857
CFGEvntSLog.WinUI/Strings/Resources,CFGEvntSLog.WinUI Resources,Shell_Nav_tools_ChildSectionHeader,Diagnostics and remote tools,NG .resw source; locale=en-US; revision=7d81679f19f5fdaf5c8becaed58204869d1ac857
CFGEvntSLog.WinUI/Strings/Resources,CFGEvntSLog.WinUI Resources,Shell_Nav_tools_Description,Open remote registry and discovery tools.,NG .resw source; locale=en-US; revision=7d81679f19f5fdaf5c8becaed58204869d1ac857
CFGEvntSLog.WinUI/Strings/Resources,CFGEvntSLog.WinUI Resources,Shell_Nav_tools_Label,Tools,NG .resw source; locale=en-US; revision=7d81679f19f5fdaf5c8becaed58204869d1ac857
CFGEvntSLog.WinUI/Strings/Resources,CFGEvntSLog.WinUI Resources,Shell_Nav_tools_TopLevelSectionHeader,Utilities,NG .resw source; locale=en-US; revision=7d81679f19f5fdaf5c8becaed58204869d1ac857
CFGEvntSLog.WinUI/Strings/Resources,CFGEvntSLog.WinUI Resources,Shell_Nav_tools_connect_Label,Connect to remote registry,NG .resw source; locale=en-US; revision=7d81679f19f5fdaf5c8becaed58204869d1ac857
CFGEvntSLog.WinUI/Strings/Resources,CFGEvntSLog.WinUI Resources,Shell_Nav_tools_debug_log_viewer_Description,Load and analyze the active debug log file.,NG .resw source; locale=en-US; revision=7d81679f19f5fdaf5c8becaed58204869d1ac857
CFGEvntSLog.WinUI/Strings/Resources,CFGEvntSLog.WinUI Resources,Shell_Nav_tools_debug_log_viewer_Label,Debug Log,NG .resw source; locale=en-US; revision=7d81679f19f5fdaf5c8becaed58204869d1ac857
CFGEvntSLog.WinUI/Strings/Resources,CFGEvntSLog.WinUI Resources,Shell_Nav_tools_discovery_Label,Network discovery (WMI),NG .resw source; locale=en-US; revision=7d81679f19f5fdaf5c8becaed58204869d1ac857
CFGEvntSLog.WinUI/Strings/Resources,CFGEvntSLog.WinUI Resources,Shell_Nav_tools_storage_source_Description,Open the console storage source utility panel.,NG .resw source; locale=en-US; revision=7d81679f19f5fdaf5c8becaed58204869d1ac857
CFGEvntSLog.WinUI/Strings/Resources,CFGEvntSLog.WinUI Resources,Shell_Nav_tools_storage_source_Label,Storage source,NG .resw source; locale=en-US; revision=7d81679f19f5fdaf5c8becaed58204869d1ac857
CFGEvntSLog.WinUI/Strings/Resources,CFGEvntSLog.WinUI Resources,Shell_Nav_tools_syslog_test_message_Description,Send a syslog test message to validate listener and network paths.,NG .resw source; locale=en-US; revision=7d81679f19f5fdaf5c8becaed58204869d1ac857
CFGEvntSLog.WinUI/Strings/Resources,CFGEvntSLog.WinUI Resources,Shell_Nav_tools_syslog_test_message_Label,Syslog test message,NG .resw source; locale=en-US; revision=7d81679f19f5fdaf5c8becaed58204869d1ac857
CFGEvntSLog.WinUI/Strings/Resources,CFGEvntSLog.WinUI Resources,Shell_Nav_tools_windows_service_Description,Open the console Windows service utility panel.,NG .resw source; locale=en-US; revision=7d81679f19f5fdaf5c8becaed58204869d1ac857
CFGEvntSLog.WinUI/Strings/Resources,CFGEvntSLog.WinUI Resources,Shell_Nav_tools_windows_service_Label,Windows service,NG .resw source; locale=en-US; revision=7d81679f19f5fdaf5c8becaed58204869d1ac857
CFGEvntSLog.WinUI/Strings/Resources,CFGEvntSLog.WinUI Resources,Shell_NoUrlConfigured,No URL is configured for this action.,NG .resw source; locale=en-US; revision=7d81679f19f5fdaf5c8becaed58204869d1ac857
CFGEvntSLog.WinUI/Strings/Resources,CFGEvntSLog.WinUI Resources,Shell_PaneFooter,"This rail changes app areas, not items inside the configuration document.",NG .resw source; locale=en-US; revision=7d81679f19f5fdaf5c8becaed58204869d1ac857
CFGEvntSLog.WinUI/Strings/Resources,CFGEvntSLog.WinUI Resources,Shell_PaneIntroFormat,Choose a work area for {0}. The document tree appears only inside Configuration and reflects the loaded configuration file.,NG .resw source; locale=en-US; revision=7d81679f19f5fdaf5c8becaed58204869d1ac857
CFGEvntSLog.WinUI/Strings/Resources,CFGEvntSLog.WinUI Resources,Shell_PaneIntroTitle,App navigation,NG .resw source; locale=en-US; revision=7d81679f19f5fdaf5c8becaed58204869d1ac857
CFGEvntSLog.WinUI/Strings/Resources,CFGEvntSLog.WinUI Resources,Shell_StartupErrorTitle,Startup error,NG .resw source; locale=en-US; revision=7d81679f19f5fdaf5c8becaed58204869d1ac857
CFGEvntSLog.WinUI/Strings/Resources,CFGEvntSLog.WinUI Resources,Shell_UrlOpenFailed,Windows did not open the requested URL.,NG .resw source; locale=en-US; revision=7d81679f19f5fdaf5c8becaed58204869d1ac857
CFGEvntSLog.WinUI/Strings/Resources,CFGEvntSLog.WinUI Resources,Workbench_CatalogCategory_Database_monitoring,Database monitoring,NG .resw source; locale=en-US; revision=7d81679f19f5fdaf5c8becaed58204869d1ac857
CFGEvntSLog.WinUI/Strings/Resources,CFGEvntSLog.WinUI Resources,Workbench_CatalogCategory_Database_output,Database output,NG .resw source; locale=en-US; revision=7d81679f19f5fdaf5c8becaed58204869d1ac857
CFGEvntSLog.WinUI/Strings/Resources,CFGEvntSLog.WinUI Resources,Workbench_CatalogCategory_Device_monitoring,Device monitoring,NG .resw source; locale=en-US; revision=7d81679f19f5fdaf5c8becaed58204869d1ac857
CFGEvntSLog.WinUI/Strings/Resources,CFGEvntSLog.WinUI Resources,Workbench_CatalogCategory_Device_output,Device output,NG .resw source; locale=en-US; revision=7d81679f19f5fdaf5c8becaed58204869d1ac857
CFGEvntSLog.WinUI/Strings/Resources,CFGEvntSLog.WinUI Resources,Workbench_CatalogCategory_Event_collection,Event collection,NG .resw source; locale=en-US; revision=7d81679f19f5fdaf5c8becaed58204869d1ac857
CFGEvntSLog.WinUI/Strings/Resources,CFGEvntSLog.WinUI Resources,Workbench_CatalogCategory_Event_enrichment,Event enrichment,NG .resw source; locale=en-US; revision=7d81679f19f5fdaf5c8becaed58204869d1ac857
CFGEvntSLog.WinUI/Strings/Resources,CFGEvntSLog.WinUI Resources,Workbench_CatalogCategory_File_monitoring,File monitoring,NG .resw source; locale=en-US; revision=7d81679f19f5fdaf5c8becaed58204869d1ac857
CFGEvntSLog.WinUI/Strings/Resources,CFGEvntSLog.WinUI Resources,Workbench_CatalogCategory_Local_output,Local output,NG .resw source; locale=en-US; revision=7d81679f19f5fdaf5c8becaed58204869d1ac857
CFGEvntSLog.WinUI/Strings/Resources,CFGEvntSLog.WinUI Resources,Workbench_CatalogCategory_Message_listeners,Message listeners,NG .resw source; locale=en-US; revision=7d81679f19f5fdaf5c8becaed58204869d1ac857
CFGEvntSLog.WinUI/Strings/Resources,CFGEvntSLog.WinUI Resources,Workbench_CatalogCategory_Network_output,Network output,NG .resw source; locale=en-US; revision=7d81679f19f5fdaf5c8becaed58204869d1ac857
CFGEvntSLog.WinUI/Strings/Resources,CFGEvntSLog.WinUI Resources,Workbench_CatalogCategory_Network_probes,Network probes,NG .resw source; locale=en-US; revision=7d81679f19f5fdaf5c8becaed58204869d1ac857
CFGEvntSLog.WinUI/Strings/Resources,CFGEvntSLog.WinUI Resources,Workbench_CatalogCategory_Other,Other,NG .resw source; locale=en-US; revision=7d81679f19f5fdaf5c8becaed58204869d1ac857
CFGEvntSLog.WinUI/Strings/Resources,CFGEvntSLog.WinUI Resources,Workbench_CatalogCategory_Rule_flow,Rule flow,NG .resw source; locale=en-US; revision=7d81679f19f5fdaf5c8becaed58204869d1ac857
CFGEvntSLog.WinUI/Strings/Resources,CFGEvntSLog.WinUI Resources,Workbench_CatalogCategory_System_monitoring,System monitoring,NG .resw source; locale=en-US; revision=7d81679f19f5fdaf5c8becaed58204869d1ac857
CFGEvntSLog.WinUI/Strings/Resources,CFGEvntSLog.WinUI Resources,Workbench_CatalogCategory_System_operations,System operations,NG .resw source; locale=en-US; revision=7d81679f19f5fdaf5c8becaed58204869d1ac857
CFGEvntSLog.WinUI/Strings/Resources,CFGEvntSLog.WinUI Resources,Workbench_CatalogPurposeFormat,Configure {0}.,NG .resw source; locale=en-US; revision=7d81679f19f5fdaf5c8becaed58204869d1ac857
CFGEvntSLog.WinUI/Strings/Resources,CFGEvntSLog.WinUI Resources,Workbench_DisplayLabel_CustomerID,Customer ID,NG .resw source; locale=en-US; revision=7d81679f19f5fdaf5c8becaed58204869d1ac857
CFGEvntSLog.WinUI/Strings/Resources,CFGEvntSLog.WinUI Resources,Workbench_DisplayLabel_Database_OLEDB,Database OLE DB,NG .resw source; locale=en-US; revision=7d81679f19f5fdaf5c8becaed58204869d1ac857
CFGEvntSLog.WinUI/Strings/Resources,CFGEvntSLog.WinUI Resources,Workbench_DisplayLabel_FileAndSystem,File and system monitors,NG .resw source; locale=en-US; revision=7d81679f19f5fdaf5c8becaed58204869d1ac857
CFGEvntSLog.WinUI/Strings/Resources,CFGEvntSLog.WinUI Resources,Workbench_DisplayLabel_QueueManager,Queue Manager,NG .resw source; locale=en-US; revision=7d81679f19f5fdaf5c8becaed58204869d1ac857
CFGEvntSLog.WinUI/Strings/Resources,CFGEvntSLog.WinUI Resources,Workbench_DisplayLabel_Queuelimit,Queue limit,NG .resw source; locale=en-US; revision=7d81679f19f5fdaf5c8becaed58204869d1ac857
CFGEvntSLog.WinUI/Strings/Resources,CFGEvntSLog.WinUI Resources,Workbench_DisplayLabel_SNMP_Mibs,SNMP MIBs,NG .resw source; locale=en-US; revision=7d81679f19f5fdaf5c8becaed58204869d1ac857
CFGEvntSLog.WinUI/Strings/Resources,CFGEvntSLog.WinUI Resources,Workbench_DisplayLabel_SystemID,System ID,NG .resw source; locale=en-US; revision=7d81679f19f5fdaf5c8becaed58204869d1ac857
CFGEvntSLog.WinUI/Strings/Resources,CFGEvntSLog.WinUI Resources,Workbench_DisplayLabel_TCPOptions,TCP options,NG .resw source; locale=en-US; revision=7d81679f19f5fdaf5c8becaed58204869d1ac857
CFGEvntSLog.WinUI/Strings/Resources,CFGEvntSLog.WinUI Resources,Workbench_DisplayLabel_TLSAdvanced_Options,Advanced TLS options,NG .resw source; locale=en-US; revision=7d81679f19f5fdaf5c8becaed58204869d1ac857
CFGEvntSLog.WinUI/Strings/Resources,CFGEvntSLog.WinUI Resources,Workbench_FilterGroup_Basic_Filters,Basic Filters,NG .resw source; locale=en-US; revision=7d81679f19f5fdaf5c8becaed58204869d1ac857
CFGEvntSLog.WinUI/Strings/Resources,CFGEvntSLog.WinUI Resources,Workbench_FilterGroup_CPU_and_memory_monitor,CPU and memory monitor,NG .resw source; locale=en-US; revision=7d81679f19f5fdaf5c8becaed58204869d1ac857
CFGEvntSLog.WinUI/Strings/Resources,CFGEvntSLog.WinUI Resources,Workbench_FilterGroup_Custom_Property,Custom Property,NG .resw source; locale=en-US; revision=7d81679f19f5fdaf5c8becaed58204869d1ac857
CFGEvntSLog.WinUI/Strings/Resources,CFGEvntSLog.WinUI Resources,Workbench_FilterGroup_Date_Time,Date/Time,NG .resw source; locale=en-US; revision=7d81679f19f5fdaf5c8becaed58204869d1ac857
CFGEvntSLog.WinUI/Strings/Resources,CFGEvntSLog.WinUI Resources,Workbench_FilterGroup_Date_and_time,Date and time,NG .resw source; locale=en-US; revision=7d81679f19f5fdaf5c8becaed58204869d1ac857
CFGEvntSLog.WinUI/Strings/Resources,CFGEvntSLog.WinUI Resources,Workbench_FilterGroup_Disk_Space_Monitor,Disk Space Monitor,NG .resw source; locale=en-US; revision=7d81679f19f5fdaf5c8becaed58204869d1ac857
CFGEvntSLog.WinUI/Strings/Resources,CFGEvntSLog.WinUI Resources,Workbench_FilterGroup_Event_Log_Monitor,Event Log Monitor,NG .resw source; locale=en-US; revision=7d81679f19f5fdaf5c8becaed58204869d1ac857
CFGEvntSLog.WinUI/Strings/Resources,CFGEvntSLog.WinUI Resources,Workbench_FilterGroup_Event_Log_Monitor_V2,Event Log Monitor V2,NG .resw source; locale=en-US; revision=7d81679f19f5fdaf5c8becaed58204869d1ac857
CFGEvntSLog.WinUI/Strings/Resources,CFGEvntSLog.WinUI Resources,Workbench_FilterGroup_Extended_IP_Property,Extended IP Property,NG .resw source; locale=en-US; revision=7d81679f19f5fdaf5c8becaed58204869d1ac857
CFGEvntSLog.WinUI/Strings/Resources,CFGEvntSLog.WinUI Resources,Workbench_FilterGroup_Extended_Number_Property,Extended Number Property,NG .resw source; locale=en-US; revision=7d81679f19f5fdaf5c8becaed58204869d1ac857
CFGEvntSLog.WinUI/Strings/Resources,CFGEvntSLog.WinUI Resources,Workbench_FilterGroup_FTP_Probe,FTP Probe,NG .resw source; locale=en-US; revision=7d81679f19f5fdaf5c8becaed58204869d1ac857
CFGEvntSLog.WinUI/Strings/Resources,CFGEvntSLog.WinUI Resources,Workbench_FilterGroup_File_Exists,File Exists,NG .resw source; locale=en-US; revision=7d81679f19f5fdaf5c8becaed58204869d1ac857
CFGEvntSLog.WinUI/Strings/Resources,CFGEvntSLog.WinUI Resources,Workbench_FilterGroup_File_Monitor,File Monitor,NG .resw source; locale=en-US; revision=7d81679f19f5fdaf5c8becaed58204869d1ac857
CFGEvntSLog.WinUI/Strings/Resources,CFGEvntSLog.WinUI Resources,Workbench_FilterGroup_File_and_system_services,File and system services,NG .resw source; locale=en-US; revision=7d81679f19f5fdaf5c8becaed58204869d1ac857
CFGEvntSLog.WinUI/Strings/Resources,CFGEvntSLog.WinUI Resources,Workbench_FilterGroup_General,General,NG .resw source; locale=en-US; revision=7d81679f19f5fdaf5c8becaed58204869d1ac857
CFGEvntSLog.WinUI/Strings/Resources,CFGEvntSLog.WinUI Resources,Workbench_FilterGroup_HTTP_Probe,HTTP Probe,NG .resw source; locale=en-US; revision=7d81679f19f5fdaf5c8becaed58204869d1ac857
CFGEvntSLog.WinUI/Strings/Resources,CFGEvntSLog.WinUI Resources,Workbench_FilterGroup_IMAP_Probe,IMAP Probe,NG .resw source; locale=en-US; revision=7d81679f19f5fdaf5c8becaed58204869d1ac857
CFGEvntSLog.WinUI/Strings/Resources,CFGEvntSLog.WinUI Resources,Workbench_FilterGroup_Information_unit_type,Information unit type,NG .resw source; locale=en-US; revision=7d81679f19f5fdaf5c8becaed58204869d1ac857
CFGEvntSLog.WinUI/Strings/Resources,CFGEvntSLog.WinUI Resources,Workbench_FilterGroup_Modern_shortcuts,Modern shortcuts,NG .resw source; locale=en-US; revision=7d81679f19f5fdaf5c8becaed58204869d1ac857
CFGEvntSLog.WinUI/Strings/Resources,CFGEvntSLog.WinUI Resources,Workbench_FilterGroup_NNTP_Probe,NNTP Probe,NG .resw source; locale=en-US; revision=7d81679f19f5fdaf5c8becaed58204869d1ac857
CFGEvntSLog.WinUI/Strings/Resources,CFGEvntSLog.WinUI Resources,Workbench_FilterGroup_NT_Service_Monitor,NT Service Monitor,NG .resw source; locale=en-US; revision=7d81679f19f5fdaf5c8becaed58204869d1ac857
CFGEvntSLog.WinUI/Strings/Resources,CFGEvntSLog.WinUI Resources,Workbench_FilterGroup_Network_Related_Services,Network related Services,NG .resw source; locale=en-US; revision=7d81679f19f5fdaf5c8becaed58204869d1ac857
CFGEvntSLog.WinUI/Strings/Resources,CFGEvntSLog.WinUI Resources,Workbench_FilterGroup_Network_services,Network services,NG .resw source; locale=en-US; revision=7d81679f19f5fdaf5c8becaed58204869d1ac857
CFGEvntSLog.WinUI/Strings/Resources,CFGEvntSLog.WinUI Resources,Workbench_FilterGroup_Other_services,Other Services,NG .resw source; locale=en-US; revision=7d81679f19f5fdaf5c8becaed58204869d1ac857
CFGEvntSLog.WinUI/Strings/Resources,CFGEvntSLog.WinUI Resources,Workbench_FilterGroup_POP3_Probe,POP3 Probe,NG .resw source; locale=en-US; revision=7d81679f19f5fdaf5c8becaed58204869d1ac857
CFGEvntSLog.WinUI/Strings/Resources,CFGEvntSLog.WinUI Resources,Workbench_FilterGroup_Probe_services,Probe Services,NG .resw source; locale=en-US; revision=7d81679f19f5fdaf5c8becaed58204869d1ac857
CFGEvntSLog.WinUI/Strings/Resources,CFGEvntSLog.WinUI Resources,Workbench_FilterGroup_SMTP_Probe,SMTP Probe,NG .resw source; locale=en-US; revision=7d81679f19f5fdaf5c8becaed58204869d1ac857
CFGEvntSLog.WinUI/Strings/Resources,CFGEvntSLog.WinUI Resources,Workbench_FilterGroup_SNMP_trap,SNMP trap,NG .resw source; locale=en-US; revision=7d81679f19f5fdaf5c8becaed58204869d1ac857
CFGEvntSLog.WinUI/Strings/Resources,CFGEvntSLog.WinUI Resources,Workbench_FilterGroup_Serial_Port_Monitor,Serial Port Monitor,NG .resw source; locale=en-US; revision=7d81679f19f5fdaf5c8becaed58204869d1ac857
CFGEvntSLog.WinUI/Strings/Resources,CFGEvntSLog.WinUI Resources,Workbench_FilterGroup_Syslog,Syslog,NG .resw source; locale=en-US; revision=7d81679f19f5fdaf5c8becaed58204869d1ac857
CFGEvntSLog.WinUI/Strings/Resources,CFGEvntSLog.WinUI Resources,Workbench_FilterGroup_Weekday,Weekday,NG .resw source; locale=en-US; revision=7d81679f19f5fdaf5c8becaed58204869d1ac857
CFGEvntSLog.WinUI/Strings/Resources,CFGEvntSLog.WinUI Resources,Workbench_FilterPreset_eval_cpu_load_Description,CPU load percentage,NG .resw source; locale=en-US; revision=7d81679f19f5fdaf5c8becaed58204869d1ac857
CFGEvntSLog.WinUI/Strings/Resources,CFGEvntSLog.WinUI Resources,Workbench_FilterPreset_eval_cpu_load_Title,CPU load,NG .resw source; locale=en-US; revision=7d81679f19f5fdaf5c8becaed58204869d1ac857
CFGEvntSLog.WinUI/Strings/Resources,CFGEvntSLog.WinUI Resources,Workbench_FilterPreset_eval_cpu_number_Description,CPU number,NG .resw source; locale=en-US; revision=7d81679f19f5fdaf5c8becaed58204869d1ac857
CFGEvntSLog.WinUI/Strings/Resources,CFGEvntSLog.WinUI Resources,Workbench_FilterPreset_eval_cpu_number_Title,CPU number,NG .resw source; locale=en-US; revision=7d81679f19f5fdaf5c8becaed58204869d1ac857
CFGEvntSLog.WinUI/Strings/Resources,CFGEvntSLog.WinUI Resources,Workbench_FilterPreset_eval_custom_Description,"Custom property, comparison, and value",NG .resw source; locale=en-US; revision=7d81679f19f5fdaf5c8becaed58204869d1ac857
CFGEvntSLog.WinUI/Strings/Resources,CFGEvntSLog.WinUI Resources,Workbench_FilterPreset_eval_custom_Title,Custom EVAL,NG .resw source; locale=en-US; revision=7d81679f19f5fdaf5c8becaed58204869d1ac857
CFGEvntSLog.WinUI/Strings/Resources,CFGEvntSLog.WinUI Resources,Workbench_FilterPreset_eval_customerid_Description,Customer identifier,NG .resw source; locale=en-US; revision=7d81679f19f5fdaf5c8becaed58204869d1ac857
CFGEvntSLog.WinUI/Strings/Resources,CFGEvntSLog.WinUI Resources,Workbench_FilterPreset_eval_customerid_Title,Customer ID,NG .resw source; locale=en-US; revision=7d81679f19f5fdaf5c8becaed58204869d1ac857
CFGEvntSLog.WinUI/Strings/Resources,CFGEvntSLog.WinUI Resources,Workbench_FilterPreset_eval_datetime_Description,Date or time window,NG .resw source; locale=en-US; revision=7d81679f19f5fdaf5c8becaed58204869d1ac857
CFGEvntSLog.WinUI/Strings/Resources,CFGEvntSLog.WinUI Resources,Workbench_FilterPreset_eval_datetime_Title,Date / time,NG .resw source; locale=en-US; revision=7d81679f19f5fdaf5c8becaed58204869d1ac857
CFGEvntSLog.WinUI/Strings/Resources,CFGEvntSLog.WinUI Resources,Workbench_FilterPreset_eval_disk_space_gigabytes_Description,Remaining disk space in gigabytes,NG .resw source; locale=en-US; revision=7d81679f19f5fdaf5c8becaed58204869d1ac857
CFGEvntSLog.WinUI/Strings/Resources,CFGEvntSLog.WinUI Resources,Workbench_FilterPreset_eval_disk_space_gigabytes_Title,Disk space left (GB),NG .resw source; locale=en-US; revision=7d81679f19f5fdaf5c8becaed58204869d1ac857
CFGEvntSLog.WinUI/Strings/Resources,CFGEvntSLog.WinUI Resources,Workbench_FilterPreset_eval_disk_space_megabytes_Description,Remaining disk space in megabytes,NG .resw source; locale=en-US; revision=7d81679f19f5fdaf5c8becaed58204869d1ac857
CFGEvntSLog.WinUI/Strings/Resources,CFGEvntSLog.WinUI Resources,Workbench_FilterPreset_eval_disk_space_megabytes_Title,Disk space left (MB),NG .resw source; locale=en-US; revision=7d81679f19f5fdaf5c8becaed58204869d1ac857
CFGEvntSLog.WinUI/Strings/Resources,CFGEvntSLog.WinUI Resources,Workbench_FilterPreset_eval_disk_space_percent_Description,Remaining disk space percentage,NG .resw source; locale=en-US; revision=7d81679f19f5fdaf5c8becaed58204869d1ac857
CFGEvntSLog.WinUI/Strings/Resources,CFGEvntSLog.WinUI Resources,Workbench_FilterPreset_eval_disk_space_percent_Title,Disk space left (%),NG .resw source; locale=en-US; revision=7d81679f19f5fdaf5c8becaed58204869d1ac857
CFGEvntSLog.WinUI/Strings/Resources,CFGEvntSLog.WinUI Resources,Workbench_FilterPreset_eval_event_v1_category_Description,Classic Event Log category,NG .resw source; locale=en-US; revision=7d81679f19f5fdaf5c8becaed58204869d1ac857
CFGEvntSLog.WinUI/Strings/Resources,CFGEvntSLog.WinUI Resources,Workbench_FilterPreset_eval_event_v1_category_Title,Event Category,NG .resw source; locale=en-US; revision=7d81679f19f5fdaf5c8becaed58204869d1ac857
CFGEvntSLog.WinUI/Strings/Resources,CFGEvntSLog.WinUI Resources,Workbench_FilterPreset_eval_event_v1_category_name_Description,Classic Event Log category name,NG .resw source; locale=en-US; revision=7d81679f19f5fdaf5c8becaed58204869d1ac857
CFGEvntSLog.WinUI/Strings/Resources,CFGEvntSLog.WinUI Resources,Workbench_FilterPreset_eval_event_v1_category_name_Title,Event category name,NG .resw source; locale=en-US; revision=7d81679f19f5fdaf5c8becaed58204869d1ac857
CFGEvntSLog.WinUI/Strings/Resources,CFGEvntSLog.WinUI Resources,Workbench_FilterPreset_eval_event_v1_record_number_Description,Classic Event Log record number,NG .resw source; locale=en-US; revision=7d81679f19f5fdaf5c8becaed58204869d1ac857
CFGEvntSLog.WinUI/Strings/Resources,CFGEvntSLog.WinUI Resources,Workbench_FilterPreset_eval_event_v1_record_number_Title,Event record number,NG .resw source; locale=en-US; revision=7d81679f19f5fdaf5c8becaed58204869d1ac857
CFGEvntSLog.WinUI/Strings/Resources,CFGEvntSLog.WinUI Resources,Workbench_FilterPreset_eval_event_v1_severity_Description,Classic Event Log severity,NG .resw source; locale=en-US; revision=7d81679f19f5fdaf5c8becaed58204869d1ac857
CFGEvntSLog.WinUI/Strings/Resources,CFGEvntSLog.WinUI Resources,Workbench_FilterPreset_eval_event_v1_severity_Title,Event Severity,NG .resw source; locale=en-US; revision=7d81679f19f5fdaf5c8becaed58204869d1ac857
CFGEvntSLog.WinUI/Strings/Resources,CFGEvntSLog.WinUI Resources,Workbench_FilterPreset_eval_event_v1_source_Description,Classic Event Log source,NG .resw source; locale=en-US; revision=7d81679f19f5fdaf5c8becaed58204869d1ac857
CFGEvntSLog.WinUI/Strings/Resources,CFGEvntSLog.WinUI Resources,Workbench_FilterPreset_eval_event_v1_source_Title,Event Source,NG .resw source; locale=en-US; revision=7d81679f19f5fdaf5c8becaed58204869d1ac857
CFGEvntSLog.WinUI/Strings/Resources,CFGEvntSLog.WinUI Resources,Workbench_FilterPreset_eval_event_v1_type_Description,Classic Event Log event type,NG .resw source; locale=en-US; revision=7d81679f19f5fdaf5c8becaed58204869d1ac857
CFGEvntSLog.WinUI/Strings/Resources,CFGEvntSLog.WinUI Resources,Workbench_FilterPreset_eval_event_v1_type_Title,Event Type,NG .resw source; locale=en-US; revision=7d81679f19f5fdaf5c8becaed58204869d1ac857
CFGEvntSLog.WinUI/Strings/Resources,CFGEvntSLog.WinUI Resources,Workbench_FilterPreset_eval_event_v1_user_Description,Classic Event Log user,NG .resw source; locale=en-US; revision=7d81679f19f5fdaf5c8becaed58204869d1ac857
CFGEvntSLog.WinUI/Strings/Resources,CFGEvntSLog.WinUI Resources,Workbench_FilterPreset_eval_event_v1_user_Title,Event User,NG .resw source; locale=en-US; revision=7d81679f19f5fdaf5c8becaed58204869d1ac857
CFGEvntSLog.WinUI/Strings/Resources,CFGEvntSLog.WinUI Resources,Workbench_FilterPreset_eval_event_v2_category_Description,Event Log Monitor V2 category,NG .resw source; locale=en-US; revision=7d81679f19f5fdaf5c8becaed58204869d1ac857
CFGEvntSLog.WinUI/Strings/Resources,CFGEvntSLog.WinUI Resources,Workbench_FilterPreset_eval_event_v2_category_Title,Event Category,NG .resw source; locale=en-US; revision=7d81679f19f5fdaf5c8becaed58204869d1ac857
CFGEvntSLog.WinUI/Strings/Resources,CFGEvntSLog.WinUI Resources,Workbench_FilterPreset_eval_event_v2_category_name_Description,Event Log Monitor V2 category name,NG .resw source; locale=en-US; revision=7d81679f19f5fdaf5c8becaed58204869d1ac857
CFGEvntSLog.WinUI/Strings/Resources,CFGEvntSLog.WinUI Resources,Workbench_FilterPreset_eval_event_v2_category_name_Title,Event category name,NG .resw source; locale=en-US; revision=7d81679f19f5fdaf5c8becaed58204869d1ac857
CFGEvntSLog.WinUI/Strings/Resources,CFGEvntSLog.WinUI Resources,Workbench_FilterPreset_eval_event_v2_channel_Description,Event Log Monitor V2 channel,NG .resw source; locale=en-US; revision=7d81679f19f5fdaf5c8becaed58204869d1ac857
CFGEvntSLog.WinUI/Strings/Resources,CFGEvntSLog.WinUI Resources,Workbench_FilterPreset_eval_event_v2_channel_Title,Event Channel,NG .resw source; locale=en-US; revision=7d81679f19f5fdaf5c8becaed58204869d1ac857
CFGEvntSLog.WinUI/Strings/Resources,CFGEvntSLog.WinUI Resources,Workbench_FilterPreset_eval_event_v2_id_Description,Event Log Monitor V2 event ID,NG .resw source; locale=en-US; revision=7d81679f19f5fdaf5c8becaed58204869d1ac857
CFGEvntSLog.WinUI/Strings/Resources,CFGEvntSLog.WinUI Resources,Workbench_FilterPreset_eval_event_v2_id_Title,Event ID,NG .resw source; locale=en-US; revision=7d81679f19f5fdaf5c8becaed58204869d1ac857
CFGEvntSLog.WinUI/Strings/Resources,CFGEvntSLog.WinUI Resources,Workbench_FilterPreset_eval_event_v2_keyword_Description,Event Log Monitor V2 keyword,NG .resw source; locale=en-US; revision=7d81679f19f5fdaf5c8becaed58204869d1ac857
CFGEvntSLog.WinUI/Strings/Resources,CFGEvntSLog.WinUI Resources,Workbench_FilterPreset_eval_event_v2_keyword_Title,Event Keyword,NG .resw source; locale=en-US; revision=7d81679f19f5fdaf5c8becaed58204869d1ac857
CFGEvntSLog.WinUI/Strings/Resources,CFGEvntSLog.WinUI Resources,Workbench_FilterPreset_eval_event_v2_keyword_id_Description,Event Log Monitor V2 keyword ID,NG .resw source; locale=en-US; revision=7d81679f19f5fdaf5c8becaed58204869d1ac857
CFGEvntSLog.WinUI/Strings/Resources,CFGEvntSLog.WinUI Resources,Workbench_FilterPreset_eval_event_v2_keyword_id_Title,Event Keyword ID,NG .resw source; locale=en-US; revision=7d81679f19f5fdaf5c8becaed58204869d1ac857
CFGEvntSLog.WinUI/Strings/Resources,CFGEvntSLog.WinUI Resources,Workbench_FilterPreset_eval_event_v2_level_Description,Event Log Monitor V2 level,NG .resw source; locale=en-US; revision=7d81679f19f5fdaf5c8becaed58204869d1ac857
CFGEvntSLog.WinUI/Strings/Resources,CFGEvntSLog.WinUI Resources,Workbench_FilterPreset_eval_event_v2_level_Title,Event Level,NG .resw source; locale=en-US; revision=7d81679f19f5fdaf5c8becaed58204869d1ac857
CFGEvntSLog.WinUI/Strings/Resources,CFGEvntSLog.WinUI Resources,Workbench_FilterPreset_eval_event_v2_raw_source_Description,Event Log Monitor V2 raw source,NG .resw source; locale=en-US; revision=7d81679f19f5fdaf5c8becaed58204869d1ac857
CFGEvntSLog.WinUI/Strings/Resources,CFGEvntSLog.WinUI Resources,Workbench_FilterPreset_eval_event_v2_raw_source_Title,Raw event source,NG .resw source; locale=en-US; revision=7d81679f19f5fdaf5c8becaed58204869d1ac857
CFGEvntSLog.WinUI/Strings/Resources,CFGEvntSLog.WinUI Resources,Workbench_FilterPreset_eval_event_v2_severity_Description,Event Log Monitor V2 severity,NG .resw source; locale=en-US; revision=7d81679f19f5fdaf5c8becaed58204869d1ac857
CFGEvntSLog.WinUI/Strings/Resources,CFGEvntSLog.WinUI Resources,Workbench_FilterPreset_eval_event_v2_severity_Title,Event Severity,NG .resw source; locale=en-US; revision=7d81679f19f5fdaf5c8becaed58204869d1ac857
CFGEvntSLog.WinUI/Strings/Resources,CFGEvntSLog.WinUI Resources,Workbench_FilterPreset_eval_event_v2_severity_id_Description,Event Log Monitor V2 severity ID,NG .resw source; locale=en-US; revision=7d81679f19f5fdaf5c8becaed58204869d1ac857
CFGEvntSLog.WinUI/Strings/Resources,CFGEvntSLog.WinUI Resources,Workbench_FilterPreset_eval_event_v2_severity_id_Title,Event Severity ID,NG .resw source; locale=en-US; revision=7d81679f19f5fdaf5c8becaed58204869d1ac857
CFGEvntSLog.WinUI/Strings/Resources,CFGEvntSLog.WinUI Resources,Workbench_FilterPreset_eval_event_v2_source_Description,Event Log Monitor V2 source,NG .resw source; locale=en-US; revision=7d81679f19f5fdaf5c8becaed58204869d1ac857
CFGEvntSLog.WinUI/Strings/Resources,CFGEvntSLog.WinUI Resources,Workbench_FilterPreset_eval_event_v2_source_Title,Event Source,NG .resw source; locale=en-US; revision=7d81679f19f5fdaf5c8becaed58204869d1ac857
CFGEvntSLog.WinUI/Strings/Resources,CFGEvntSLog.WinUI Resources,Workbench_FilterPreset_eval_event_v2_user_Description,Event Log Monitor V2 user,NG .resw source; locale=en-US; revision=7d81679f19f5fdaf5c8becaed58204869d1ac857
CFGEvntSLog.WinUI/Strings/Resources,CFGEvntSLog.WinUI Resources,Workbench_FilterPreset_eval_event_v2_user_Title,Event User,NG .resw source; locale=en-US; revision=7d81679f19f5fdaf5c8becaed58204869d1ac857
CFGEvntSLog.WinUI/Strings/Resources,CFGEvntSLog.WinUI Resources,Workbench_FilterPreset_eval_eventid_Description,Classic Event Log event ID,NG .resw source; locale=en-US; revision=7d81679f19f5fdaf5c8becaed58204869d1ac857
CFGEvntSLog.WinUI/Strings/Resources,CFGEvntSLog.WinUI Resources,Workbench_FilterPreset_eval_eventid_Title,Event ID,NG .resw source; locale=en-US; revision=7d81679f19f5fdaf5c8becaed58204869d1ac857
CFGEvntSLog.WinUI/Strings/Resources,CFGEvntSLog.WinUI Resources,Workbench_FilterPreset_eval_extended_ip_Description,IP extended property,NG .resw source; locale=en-US; revision=7d81679f19f5fdaf5c8becaed58204869d1ac857
CFGEvntSLog.WinUI/Strings/Resources,CFGEvntSLog.WinUI Resources,Workbench_FilterPreset_eval_extended_ip_Title,Extended IP Property,NG .resw source; locale=en-US; revision=7d81679f19f5fdaf5c8becaed58204869d1ac857
CFGEvntSLog.WinUI/Strings/Resources,CFGEvntSLog.WinUI Resources,Workbench_FilterPreset_eval_extended_number_Description,Numeric extended property,NG .resw source; locale=en-US; revision=7d81679f19f5fdaf5c8becaed58204869d1ac857
CFGEvntSLog.WinUI/Strings/Resources,CFGEvntSLog.WinUI Resources,Workbench_FilterPreset_eval_extended_number_Title,Extended Number Property,NG .resw source; locale=en-US; revision=7d81679f19f5fdaf5c8becaed58204869d1ac857
CFGEvntSLog.WinUI/Strings/Resources,CFGEvntSLog.WinUI Resources,Workbench_FilterPreset_eval_file_exists_Description,File-exists condition,NG .resw source; locale=en-US; revision=7d81679f19f5fdaf5c8becaed58204869d1ac857
CFGEvntSLog.WinUI/Strings/Resources,CFGEvntSLog.WinUI Resources,Workbench_FilterPreset_eval_file_exists_Title,File Exists,NG .resw source; locale=en-US; revision=7d81679f19f5fdaf5c8becaed58204869d1ac857
CFGEvntSLog.WinUI/Strings/Resources,CFGEvntSLog.WinUI Resources,Workbench_FilterPreset_eval_file_generated_base_name_Description,Generated base filename,NG .resw source; locale=en-US; revision=7d81679f19f5fdaf5c8becaed58204869d1ac857
CFGEvntSLog.WinUI/Strings/Resources,CFGEvntSLog.WinUI Resources,Workbench_FilterPreset_eval_file_generated_base_name_Title,Generated filename without path,NG .resw source; locale=en-US; revision=7d81679f19f5fdaf5c8becaed58204869d1ac857
CFGEvntSLog.WinUI/Strings/Resources,CFGEvntSLog.WinUI Resources,Workbench_FilterPreset_eval_file_generated_name_Description,Generated filename including path,NG .resw source; locale=en-US; revision=7d81679f19f5fdaf5c8becaed58204869d1ac857
CFGEvntSLog.WinUI/Strings/Resources,CFGEvntSLog.WinUI Resources,Workbench_FilterPreset_eval_file_generated_name_Title,Generated Filename,NG .resw source; locale=en-US; revision=7d81679f19f5fdaf5c8becaed58204869d1ac857
CFGEvntSLog.WinUI/Strings/Resources,CFGEvntSLog.WinUI Resources,Workbench_FilterPreset_eval_filesystem_Description,Generic file-system monitor property,NG .resw source; locale=en-US; revision=7d81679f19f5fdaf5c8becaed58204869d1ac857
CFGEvntSLog.WinUI/Strings/Resources,CFGEvntSLog.WinUI Resources,Workbench_FilterPreset_eval_filesystem_Title,File system monitoring,NG .resw source; locale=en-US; revision=7d81679f19f5fdaf5c8becaed58204869d1ac857
CFGEvntSLog.WinUI/Strings/Resources,CFGEvntSLog.WinUI Resources,Workbench_FilterPreset_eval_ftp_response_Description,FTP probe response,NG .resw source; locale=en-US; revision=7d81679f19f5fdaf5c8becaed58204869d1ac857
CFGEvntSLog.WinUI/Strings/Resources,CFGEvntSLog.WinUI Resources,Workbench_FilterPreset_eval_ftp_response_Title,FTP response,NG .resw source; locale=en-US; revision=7d81679f19f5fdaf5c8becaed58204869d1ac857
CFGEvntSLog.WinUI/Strings/Resources,CFGEvntSLog.WinUI Resources,Workbench_FilterPreset_eval_ftp_status_Description,FTP probe status code,NG .resw source; locale=en-US; revision=7d81679f19f5fdaf5c8becaed58204869d1ac857
CFGEvntSLog.WinUI/Strings/Resources,CFGEvntSLog.WinUI Resources,Workbench_FilterPreset_eval_ftp_status_Title,FTP status code,NG .resw source; locale=en-US; revision=7d81679f19f5fdaf5c8becaed58204869d1ac857
CFGEvntSLog.WinUI/Strings/Resources,CFGEvntSLog.WinUI Resources,Workbench_FilterPreset_eval_hostname_Description,Local Hostname,NG .resw source; locale=en-US; revision=7d81679f19f5fdaf5c8becaed58204869d1ac857
CFGEvntSLog.WinUI/Strings/Resources,CFGEvntSLog.WinUI Resources,Workbench_FilterPreset_eval_hostname_Title,Local Hostname,NG .resw source; locale=en-US; revision=7d81679f19f5fdaf5c8becaed58204869d1ac857
CFGEvntSLog.WinUI/Strings/Resources,CFGEvntSLog.WinUI Resources,Workbench_FilterPreset_eval_http_response_Description,HTTP probe response,NG .resw source; locale=en-US; revision=7d81679f19f5fdaf5c8becaed58204869d1ac857
CFGEvntSLog.WinUI/Strings/Resources,CFGEvntSLog.WinUI Resources,Workbench_FilterPreset_eval_http_response_Title,HTTP response,NG .resw source; locale=en-US; revision=7d81679f19f5fdaf5c8becaed58204869d1ac857
CFGEvntSLog.WinUI/Strings/Resources,CFGEvntSLog.WinUI Resources,Workbench_FilterPreset_eval_http_status_Description,HTTP probe status code,NG .resw source; locale=en-US; revision=7d81679f19f5fdaf5c8becaed58204869d1ac857
CFGEvntSLog.WinUI/Strings/Resources,CFGEvntSLog.WinUI Resources,Workbench_FilterPreset_eval_http_status_Title,HTTP status code,NG .resw source; locale=en-US; revision=7d81679f19f5fdaf5c8becaed58204869d1ac857
CFGEvntSLog.WinUI/Strings/Resources,CFGEvntSLog.WinUI Resources,Workbench_FilterPreset_eval_imap_response_Description,IMAP probe response,NG .resw source; locale=en-US; revision=7d81679f19f5fdaf5c8becaed58204869d1ac857
CFGEvntSLog.WinUI/Strings/Resources,CFGEvntSLog.WinUI Resources,Workbench_FilterPreset_eval_imap_response_Title,IMAP response,NG .resw source; locale=en-US; revision=7d81679f19f5fdaf5c8becaed58204869d1ac857
CFGEvntSLog.WinUI/Strings/Resources,CFGEvntSLog.WinUI Resources,Workbench_FilterPreset_eval_imap_status_Description,IMAP probe status code,NG .resw source; locale=en-US; revision=7d81679f19f5fdaf5c8becaed58204869d1ac857
CFGEvntSLog.WinUI/Strings/Resources,CFGEvntSLog.WinUI Resources,Workbench_FilterPreset_eval_imap_status_Title,IMAP status code,NG .resw source; locale=en-US; revision=7d81679f19f5fdaf5c8becaed58204869d1ac857
CFGEvntSLog.WinUI/Strings/Resources,CFGEvntSLog.WinUI Resources,Workbench_FilterPreset_eval_iscpumemorymonitor_Description,CPU and memory monitor information-unit flag,NG .resw source; locale=en-US; revision=7d81679f19f5fdaf5c8becaed58204869d1ac857
CFGEvntSLog.WinUI/Strings/Resources,CFGEvntSLog.WinUI Resources,Workbench_FilterPreset_eval_iscpumemorymonitor_Title,CPU and memory monitor,NG .resw source; locale=en-US; revision=7d81679f19f5fdaf5c8becaed58204869d1ac857
CFGEvntSLog.WinUI/Strings/Resources,CFGEvntSLog.WinUI Resources,Workbench_FilterPreset_eval_isdatabasemonitor_Description,Database Monitor information-unit flag,NG .resw source; locale=en-US; revision=7d81679f19f5fdaf5c8becaed58204869d1ac857
CFGEvntSLog.WinUI/Strings/Resources,CFGEvntSLog.WinUI Resources,Workbench_FilterPreset_eval_isdatabasemonitor_Title,Database Monitor,NG .resw source; locale=en-US; revision=7d81679f19f5fdaf5c8becaed58204869d1ac857
CFGEvntSLog.WinUI/Strings/Resources,CFGEvntSLog.WinUI Resources,Workbench_FilterPreset_eval_isdiskspacemonitor_Description,Disk Space Monitor information-unit flag,NG .resw source; locale=en-US; revision=7d81679f19f5fdaf5c8becaed58204869d1ac857
CFGEvntSLog.WinUI/Strings/Resources,CFGEvntSLog.WinUI Resources,Workbench_FilterPreset_eval_isdiskspacemonitor_Title,Disk Space Monitor,NG .resw source; locale=en-US; revision=7d81679f19f5fdaf5c8becaed58204869d1ac857
CFGEvntSLog.WinUI/Strings/Resources,CFGEvntSLog.WinUI Resources,Workbench_FilterPreset_eval_iseventlogmonitor_Description,Event Log Monitor information-unit flag,NG .resw source; locale=en-US; revision=7d81679f19f5fdaf5c8becaed58204869d1ac857
CFGEvntSLog.WinUI/Strings/Resources,CFGEvntSLog.WinUI Resources,Workbench_FilterPreset_eval_iseventlogmonitor_Title,Event Log Monitor,NG .resw source; locale=en-US; revision=7d81679f19f5fdaf5c8becaed58204869d1ac857
CFGEvntSLog.WinUI/Strings/Resources,CFGEvntSLog.WinUI Resources,Workbench_FilterPreset_eval_iseventlogmonitorv2_Description,Event Log Monitor V2 information-unit flag,NG .resw source; locale=en-US; revision=7d81679f19f5fdaf5c8becaed58204869d1ac857
CFGEvntSLog.WinUI/Strings/Resources,CFGEvntSLog.WinUI Resources,Workbench_FilterPreset_eval_iseventlogmonitorv2_Title,Event Log Monitor V2,NG .resw source; locale=en-US; revision=7d81679f19f5fdaf5c8becaed58204869d1ac857
CFGEvntSLog.WinUI/Strings/Resources,CFGEvntSLog.WinUI Resources,Workbench_FilterPreset_eval_isfilemonitor_Description,File Monitor information-unit flag,NG .resw source; locale=en-US; revision=7d81679f19f5fdaf5c8becaed58204869d1ac857
CFGEvntSLog.WinUI/Strings/Resources,CFGEvntSLog.WinUI Resources,Workbench_FilterPreset_eval_isfilemonitor_Title,File Monitor,NG .resw source; locale=en-US; revision=7d81679f19f5fdaf5c8becaed58204869d1ac857
CFGEvntSLog.WinUI/Strings/Resources,CFGEvntSLog.WinUI Resources,Workbench_FilterPreset_eval_isftpprobe_Description,FTP Probe information-unit flag,NG .resw source; locale=en-US; revision=7d81679f19f5fdaf5c8becaed58204869d1ac857
CFGEvntSLog.WinUI/Strings/Resources,CFGEvntSLog.WinUI Resources,Workbench_FilterPreset_eval_isftpprobe_Title,FTP Probe,NG .resw source; locale=en-US; revision=7d81679f19f5fdaf5c8becaed58204869d1ac857
CFGEvntSLog.WinUI/Strings/Resources,CFGEvntSLog.WinUI Resources,Workbench_FilterPreset_eval_isheartbeat_Description,Heartbeat information-unit flag,NG .resw source; locale=en-US; revision=7d81679f19f5fdaf5c8becaed58204869d1ac857
CFGEvntSLog.WinUI/Strings/Resources,CFGEvntSLog.WinUI Resources,Workbench_FilterPreset_eval_isheartbeat_Title,HeartBeat,NG .resw source; locale=en-US; revision=7d81679f19f5fdaf5c8becaed58204869d1ac857
CFGEvntSLog.WinUI/Strings/Resources,CFGEvntSLog.WinUI Resources,Workbench_FilterPreset_eval_ishttpprobe_Description,HTTP Probe information-unit flag,NG .resw source; locale=en-US; revision=7d81679f19f5fdaf5c8becaed58204869d1ac857
CFGEvntSLog.WinUI/Strings/Resources,CFGEvntSLog.WinUI Resources,Workbench_FilterPreset_eval_ishttpprobe_Title,HTTP Probe,NG .resw source; locale=en-US; revision=7d81679f19f5fdaf5c8becaed58204869d1ac857
CFGEvntSLog.WinUI/Strings/Resources,CFGEvntSLog.WinUI Resources,Workbench_FilterPreset_eval_isimapprobe_Description,IMAP Probe information-unit flag,NG .resw source; locale=en-US; revision=7d81679f19f5fdaf5c8becaed58204869d1ac857
CFGEvntSLog.WinUI/Strings/Resources,CFGEvntSLog.WinUI Resources,Workbench_FilterPreset_eval_isimapprobe_Title,IMAP Probe,NG .resw source; locale=en-US; revision=7d81679f19f5fdaf5c8becaed58204869d1ac857
CFGEvntSLog.WinUI/Strings/Resources,CFGEvntSLog.WinUI Resources,Workbench_FilterPreset_eval_isnntpprobe_Description,NNTP Probe information-unit flag,NG .resw source; locale=en-US; revision=7d81679f19f5fdaf5c8becaed58204869d1ac857
CFGEvntSLog.WinUI/Strings/Resources,CFGEvntSLog.WinUI Resources,Workbench_FilterPreset_eval_isnntpprobe_Title,NNTP Probe,NG .resw source; locale=en-US; revision=7d81679f19f5fdaf5c8becaed58204869d1ac857
CFGEvntSLog.WinUI/Strings/Resources,CFGEvntSLog.WinUI Resources,Workbench_FilterPreset_eval_isntservicemonitor_Description,NT Service Monitor information-unit flag,NG .resw source; locale=en-US; revision=7d81679f19f5fdaf5c8becaed58204869d1ac857
CFGEvntSLog.WinUI/Strings/Resources,CFGEvntSLog.WinUI Resources,Workbench_FilterPreset_eval_isntservicemonitor_Title,NT Service Monitor,NG .resw source; locale=en-US; revision=7d81679f19f5fdaf5c8becaed58204869d1ac857
CFGEvntSLog.WinUI/Strings/Resources,CFGEvntSLog.WinUI Resources,Workbench_FilterPreset_eval_ispingprobe_Description,Ping Probe information-unit flag,NG .resw source; locale=en-US; revision=7d81679f19f5fdaf5c8becaed58204869d1ac857
CFGEvntSLog.WinUI/Strings/Resources,CFGEvntSLog.WinUI Resources,Workbench_FilterPreset_eval_ispingprobe_Title,Ping Probe,NG .resw source; locale=en-US; revision=7d81679f19f5fdaf5c8becaed58204869d1ac857
CFGEvntSLog.WinUI/Strings/Resources,CFGEvntSLog.WinUI Resources,Workbench_FilterPreset_eval_ispop3probe_Description,POP3 Probe information-unit flag,NG .resw source; locale=en-US; revision=7d81679f19f5fdaf5c8becaed58204869d1ac857
CFGEvntSLog.WinUI/Strings/Resources,CFGEvntSLog.WinUI Resources,Workbench_FilterPreset_eval_ispop3probe_Title,POP3 Probe,NG .resw source; locale=en-US; revision=7d81679f19f5fdaf5c8becaed58204869d1ac857
CFGEvntSLog.WinUI/Strings/Resources,CFGEvntSLog.WinUI Resources,Workbench_FilterPreset_eval_isportprobe_Description,Port Probe information-unit flag,NG .resw source; locale=en-US; revision=7d81679f19f5fdaf5c8becaed58204869d1ac857
CFGEvntSLog.WinUI/Strings/Resources,CFGEvntSLog.WinUI Resources,Workbench_FilterPreset_eval_isportprobe_Title,Port Probe,NG .resw source; locale=en-US; revision=7d81679f19f5fdaf5c8becaed58204869d1ac857
CFGEvntSLog.WinUI/Strings/Resources,CFGEvntSLog.WinUI Resources,Workbench_FilterPreset_eval_isrelplistener_Description,RELP Listener information-unit flag,NG .resw source; locale=en-US; revision=7d81679f19f5fdaf5c8becaed58204869d1ac857
CFGEvntSLog.WinUI/Strings/Resources,CFGEvntSLog.WinUI Resources,Workbench_FilterPreset_eval_isrelplistener_Title,RELP Listener,NG .resw source; locale=en-US; revision=7d81679f19f5fdaf5c8becaed58204869d1ac857
CFGEvntSLog.WinUI/Strings/Resources,CFGEvntSLog.WinUI Resources,Workbench_FilterPreset_eval_isserialportmonitor_Description,Serial Port Monitor information-unit flag,NG .resw source; locale=en-US; revision=7d81679f19f5fdaf5c8becaed58204869d1ac857
CFGEvntSLog.WinUI/Strings/Resources,CFGEvntSLog.WinUI Resources,Workbench_FilterPreset_eval_isserialportmonitor_Title,Serial Port Monitor,NG .resw source; locale=en-US; revision=7d81679f19f5fdaf5c8becaed58204869d1ac857
CFGEvntSLog.WinUI/Strings/Resources,CFGEvntSLog.WinUI Resources,Workbench_FilterPreset_eval_issmtplistener_Description,SMTP Listener information-unit flag,NG .resw source; locale=en-US; revision=7d81679f19f5fdaf5c8becaed58204869d1ac857
CFGEvntSLog.WinUI/Strings/Resources,CFGEvntSLog.WinUI Resources,Workbench_FilterPreset_eval_issmtplistener_Title,SMTP Listener,NG .resw source; locale=en-US; revision=7d81679f19f5fdaf5c8becaed58204869d1ac857
CFGEvntSLog.WinUI/Strings/Resources,CFGEvntSLog.WinUI Resources,Workbench_FilterPreset_eval_issmtpprobe_Description,SMTP Probe information-unit flag,NG .resw source; locale=en-US; revision=7d81679f19f5fdaf5c8becaed58204869d1ac857
CFGEvntSLog.WinUI/Strings/Resources,CFGEvntSLog.WinUI Resources,Workbench_FilterPreset_eval_issmtpprobe_Title,SMTP Probe,NG .resw source; locale=en-US; revision=7d81679f19f5fdaf5c8becaed58204869d1ac857
CFGEvntSLog.WinUI/Strings/Resources,CFGEvntSLog.WinUI Resources,Workbench_FilterPreset_eval_issnmpmonitor_Description,SNMP Monitor information-unit flag,NG .resw source; locale=en-US; revision=7d81679f19f5fdaf5c8becaed58204869d1ac857
CFGEvntSLog.WinUI/Strings/Resources,CFGEvntSLog.WinUI Resources,Workbench_FilterPreset_eval_issnmpmonitor_Title,SNMP Monitor,NG .resw source; locale=en-US; revision=7d81679f19f5fdaf5c8becaed58204869d1ac857
CFGEvntSLog.WinUI/Strings/Resources,CFGEvntSLog.WinUI Resources,Workbench_FilterPreset_eval_issnmptrap_Description,SNMP trap information-unit flag,NG .resw source; locale=en-US; revision=7d81679f19f5fdaf5c8becaed58204869d1ac857
CFGEvntSLog.WinUI/Strings/Resources,CFGEvntSLog.WinUI Resources,Workbench_FilterPreset_eval_issnmptrap_Title,SNMP trap,NG .resw source; locale=en-US; revision=7d81679f19f5fdaf5c8becaed58204869d1ac857
CFGEvntSLog.WinUI/Strings/Resources,CFGEvntSLog.WinUI Resources,Workbench_FilterPreset_eval_issyslog_Description,Syslog information-unit flag,NG .resw source; locale=en-US; revision=7d81679f19f5fdaf5c8becaed58204869d1ac857
CFGEvntSLog.WinUI/Strings/Resources,CFGEvntSLog.WinUI Resources,Workbench_FilterPreset_eval_issyslog_Title,Syslog,NG .resw source; locale=en-US; revision=7d81679f19f5fdaf5c8becaed58204869d1ac857
CFGEvntSLog.WinUI/Strings/Resources,CFGEvntSLog.WinUI Resources,Workbench_FilterPreset_eval_memory_physical_free_Description,Free physical memory in megabytes,NG .resw source; locale=en-US; revision=7d81679f19f5fdaf5c8becaed58204869d1ac857
CFGEvntSLog.WinUI/Strings/Resources,CFGEvntSLog.WinUI Resources,Workbench_FilterPreset_eval_memory_physical_free_Title,Free physical memory,NG .resw source; locale=en-US; revision=7d81679f19f5fdaf5c8becaed58204869d1ac857
CFGEvntSLog.WinUI/Strings/Resources,CFGEvntSLog.WinUI Resources,Workbench_FilterPreset_eval_memory_physical_load_Description,Physical memory load percentage,NG .resw source; locale=en-US; revision=7d81679f19f5fdaf5c8becaed58204869d1ac857
CFGEvntSLog.WinUI/Strings/Resources,CFGEvntSLog.WinUI Resources,Workbench_FilterPreset_eval_memory_physical_load_Title,Physical memory load,NG .resw source; locale=en-US; revision=7d81679f19f5fdaf5c8becaed58204869d1ac857
CFGEvntSLog.WinUI/Strings/Resources,CFGEvntSLog.WinUI Resources,Workbench_FilterPreset_eval_memory_physical_max_Description,Maximum physical memory in megabytes,NG .resw source; locale=en-US; revision=7d81679f19f5fdaf5c8becaed58204869d1ac857
CFGEvntSLog.WinUI/Strings/Resources,CFGEvntSLog.WinUI Resources,Workbench_FilterPreset_eval_memory_physical_max_Title,Maximum physical memory,NG .resw source; locale=en-US; revision=7d81679f19f5fdaf5c8becaed58204869d1ac857
CFGEvntSLog.WinUI/Strings/Resources,CFGEvntSLog.WinUI Resources,Workbench_FilterPreset_eval_memory_total_free_Description,Free total memory in megabytes,NG .resw source; locale=en-US; revision=7d81679f19f5fdaf5c8becaed58204869d1ac857
CFGEvntSLog.WinUI/Strings/Resources,CFGEvntSLog.WinUI Resources,Workbench_FilterPreset_eval_memory_total_free_Title,Free total memory,NG .resw source; locale=en-US; revision=7d81679f19f5fdaf5c8becaed58204869d1ac857
CFGEvntSLog.WinUI/Strings/Resources,CFGEvntSLog.WinUI Resources,Workbench_FilterPreset_eval_memory_total_load_Description,Total memory load percentage,NG .resw source; locale=en-US; revision=7d81679f19f5fdaf5c8becaed58204869d1ac857
CFGEvntSLog.WinUI/Strings/Resources,CFGEvntSLog.WinUI Resources,Workbench_FilterPreset_eval_memory_total_load_Title,Total memory load,NG .resw source; locale=en-US; revision=7d81679f19f5fdaf5c8becaed58204869d1ac857
CFGEvntSLog.WinUI/Strings/Resources,CFGEvntSLog.WinUI Resources,Workbench_FilterPreset_eval_memory_total_max_Description,Maximum total memory in megabytes,NG .resw source; locale=en-US; revision=7d81679f19f5fdaf5c8becaed58204869d1ac857
CFGEvntSLog.WinUI/Strings/Resources,CFGEvntSLog.WinUI Resources,Workbench_FilterPreset_eval_memory_total_max_Title,Maximum total memory,NG .resw source; locale=en-US; revision=7d81679f19f5fdaf5c8becaed58204869d1ac857
CFGEvntSLog.WinUI/Strings/Resources,CFGEvntSLog.WinUI Resources,Workbench_FilterPreset_eval_memory_virtual_free_Description,Free virtual memory in megabytes,NG .resw source; locale=en-US; revision=7d81679f19f5fdaf5c8becaed58204869d1ac857
CFGEvntSLog.WinUI/Strings/Resources,CFGEvntSLog.WinUI Resources,Workbench_FilterPreset_eval_memory_virtual_free_Title,Free virtual memory,NG .resw source; locale=en-US; revision=7d81679f19f5fdaf5c8becaed58204869d1ac857
CFGEvntSLog.WinUI/Strings/Resources,CFGEvntSLog.WinUI Resources,Workbench_FilterPreset_eval_memory_virtual_load_Description,Virtual memory load percentage,NG .resw source; locale=en-US; revision=7d81679f19f5fdaf5c8becaed58204869d1ac857
CFGEvntSLog.WinUI/Strings/Resources,CFGEvntSLog.WinUI Resources,Workbench_FilterPreset_eval_memory_virtual_load_Title,Virtual memory load,NG .resw source; locale=en-US; revision=7d81679f19f5fdaf5c8becaed58204869d1ac857
CFGEvntSLog.WinUI/Strings/Resources,CFGEvntSLog.WinUI Resources,Workbench_FilterPreset_eval_memory_virtual_max_Description,Maximum virtual memory in megabytes,NG .resw source; locale=en-US; revision=7d81679f19f5fdaf5c8becaed58204869d1ac857
CFGEvntSLog.WinUI/Strings/Resources,CFGEvntSLog.WinUI Resources,Workbench_FilterPreset_eval_memory_virtual_max_Title,Maximum virtual memory,NG .resw source; locale=en-US; revision=7d81679f19f5fdaf5c8becaed58204869d1ac857
CFGEvntSLog.WinUI/Strings/Resources,CFGEvntSLog.WinUI Resources,Workbench_FilterPreset_eval_msg_Description,Message content,NG .resw source; locale=en-US; revision=7d81679f19f5fdaf5c8becaed58204869d1ac857
CFGEvntSLog.WinUI/Strings/Resources,CFGEvntSLog.WinUI Resources,Workbench_FilterPreset_eval_msg_Title,Message,NG .resw source; locale=en-US; revision=7d81679f19f5fdaf5c8becaed58204869d1ac857
CFGEvntSLog.WinUI/Strings/Resources,CFGEvntSLog.WinUI Resources,Workbench_FilterPreset_eval_nntp_response_Description,NNTP probe response,NG .resw source; locale=en-US; revision=7d81679f19f5fdaf5c8becaed58204869d1ac857
CFGEvntSLog.WinUI/Strings/Resources,CFGEvntSLog.WinUI Resources,Workbench_FilterPreset_eval_nntp_response_Title,NNTP response,NG .resw source; locale=en-US; revision=7d81679f19f5fdaf5c8becaed58204869d1ac857
CFGEvntSLog.WinUI/Strings/Resources,CFGEvntSLog.WinUI Resources,Workbench_FilterPreset_eval_nntp_status_Description,NNTP probe status code,NG .resw source; locale=en-US; revision=7d81679f19f5fdaf5c8becaed58204869d1ac857
CFGEvntSLog.WinUI/Strings/Resources,CFGEvntSLog.WinUI Resources,Workbench_FilterPreset_eval_nntp_status_Title,NNTP status code,NG .resw source; locale=en-US; revision=7d81679f19f5fdaf5c8becaed58204869d1ac857
CFGEvntSLog.WinUI/Strings/Resources,CFGEvntSLog.WinUI Resources,Workbench_FilterPreset_eval_nt_service_display_name_Description,NT service display name,NG .resw source; locale=en-US; revision=7d81679f19f5fdaf5c8becaed58204869d1ac857
CFGEvntSLog.WinUI/Strings/Resources,CFGEvntSLog.WinUI Resources,Workbench_FilterPreset_eval_nt_service_display_name_Title,Service display name,NG .resw source; locale=en-US; revision=7d81679f19f5fdaf5c8becaed58204869d1ac857
CFGEvntSLog.WinUI/Strings/Resources,CFGEvntSLog.WinUI Resources,Workbench_FilterPreset_eval_nt_service_name_Description,NT service name,NG .resw source; locale=en-US; revision=7d81679f19f5fdaf5c8becaed58204869d1ac857
CFGEvntSLog.WinUI/Strings/Resources,CFGEvntSLog.WinUI Resources,Workbench_FilterPreset_eval_nt_service_name_Title,Service name,NG .resw source; locale=en-US; revision=7d81679f19f5fdaf5c8becaed58204869d1ac857
CFGEvntSLog.WinUI/Strings/Resources,CFGEvntSLog.WinUI Resources,Workbench_FilterPreset_eval_other_service_Description,Generic service-type property,NG .resw source; locale=en-US; revision=7d81679f19f5fdaf5c8becaed58204869d1ac857
CFGEvntSLog.WinUI/Strings/Resources,CFGEvntSLog.WinUI Resources,Workbench_FilterPreset_eval_other_service_Title,Other Services,NG .resw source; locale=en-US; revision=7d81679f19f5fdaf5c8becaed58204869d1ac857
CFGEvntSLog.WinUI/Strings/Resources,CFGEvntSLog.WinUI Resources,Workbench_FilterPreset_eval_pop3_response_Description,POP3 probe response,NG .resw source; locale=en-US; revision=7d81679f19f5fdaf5c8becaed58204869d1ac857
CFGEvntSLog.WinUI/Strings/Resources,CFGEvntSLog.WinUI Resources,Workbench_FilterPreset_eval_pop3_response_Title,POP3 response,NG .resw source; locale=en-US; revision=7d81679f19f5fdaf5c8becaed58204869d1ac857
CFGEvntSLog.WinUI/Strings/Resources,CFGEvntSLog.WinUI Resources,Workbench_FilterPreset_eval_pop3_status_Description,POP3 probe status code,NG .resw source; locale=en-US; revision=7d81679f19f5fdaf5c8becaed58204869d1ac857
CFGEvntSLog.WinUI/Strings/Resources,CFGEvntSLog.WinUI Resources,Workbench_FilterPreset_eval_pop3_status_Title,POP3 status code,NG .resw source; locale=en-US; revision=7d81679f19f5fdaf5c8becaed58204869d1ac857
CFGEvntSLog.WinUI/Strings/Resources,CFGEvntSLog.WinUI Resources,Workbench_FilterPreset_eval_probe_Description,Generic probe-service property,NG .resw source; locale=en-US; revision=7d81679f19f5fdaf5c8becaed58204869d1ac857
CFGEvntSLog.WinUI/Strings/Resources,CFGEvntSLog.WinUI Resources,Workbench_FilterPreset_eval_probe_Title,Probe Services,NG .resw source; locale=en-US; revision=7d81679f19f5fdaf5c8becaed58204869d1ac857
CFGEvntSLog.WinUI/Strings/Resources,CFGEvntSLog.WinUI Resources,Workbench_FilterPreset_eval_serial_port_name_Description,Serial port name,NG .resw source; locale=en-US; revision=7d81679f19f5fdaf5c8becaed58204869d1ac857
CFGEvntSLog.WinUI/Strings/Resources,CFGEvntSLog.WinUI Resources,Workbench_FilterPreset_eval_serial_port_name_Title,Port name,NG .resw source; locale=en-US; revision=7d81679f19f5fdaf5c8becaed58204869d1ac857
CFGEvntSLog.WinUI/Strings/Resources,CFGEvntSLog.WinUI Resources,Workbench_FilterPreset_eval_smtp_response_Description,SMTP probe response,NG .resw source; locale=en-US; revision=7d81679f19f5fdaf5c8becaed58204869d1ac857
CFGEvntSLog.WinUI/Strings/Resources,CFGEvntSLog.WinUI Resources,Workbench_FilterPreset_eval_smtp_response_Title,SMTP response,NG .resw source; locale=en-US; revision=7d81679f19f5fdaf5c8becaed58204869d1ac857
CFGEvntSLog.WinUI/Strings/Resources,CFGEvntSLog.WinUI Resources,Workbench_FilterPreset_eval_smtp_status_Description,SMTP probe status code,NG .resw source; locale=en-US; revision=7d81679f19f5fdaf5c8becaed58204869d1ac857
CFGEvntSLog.WinUI/Strings/Resources,CFGEvntSLog.WinUI Resources,Workbench_FilterPreset_eval_smtp_status_Title,SMTP status code,NG .resw source; locale=en-US; revision=7d81679f19f5fdaf5c8becaed58204869d1ac857
CFGEvntSLog.WinUI/Strings/Resources,CFGEvntSLog.WinUI Resources,Workbench_FilterPreset_eval_snmp_agent_ip_Description,SNMP agent IP address,NG .resw source; locale=en-US; revision=7d81679f19f5fdaf5c8becaed58204869d1ac857
CFGEvntSLog.WinUI/Strings/Resources,CFGEvntSLog.WinUI Resources,Workbench_FilterPreset_eval_snmp_agent_ip_Title,Agent IP,NG .resw source; locale=en-US; revision=7d81679f19f5fdaf5c8becaed58204869d1ac857
CFGEvntSLog.WinUI/Strings/Resources,CFGEvntSLog.WinUI Resources,Workbench_FilterPreset_eval_snmp_community_Description,SNMP community,NG .resw source; locale=en-US; revision=7d81679f19f5fdaf5c8becaed58204869d1ac857
CFGEvntSLog.WinUI/Strings/Resources,CFGEvntSLog.WinUI Resources,Workbench_FilterPreset_eval_snmp_community_Title,Community,NG .resw source; locale=en-US; revision=7d81679f19f5fdaf5c8becaed58204869d1ac857
CFGEvntSLog.WinUI/Strings/Resources,CFGEvntSLog.WinUI Resources,Workbench_FilterPreset_eval_snmp_enterprise_Description,SNMP enterprise,NG .resw source; locale=en-US; revision=7d81679f19f5fdaf5c8becaed58204869d1ac857
CFGEvntSLog.WinUI/Strings/Resources,CFGEvntSLog.WinUI Resources,Workbench_FilterPreset_eval_snmp_enterprise_Title,Enterprise,NG .resw source; locale=en-US; revision=7d81679f19f5fdaf5c8becaed58204869d1ac857
CFGEvntSLog.WinUI/Strings/Resources,CFGEvntSLog.WinUI Resources,Workbench_FilterPreset_eval_snmp_generic_name_Description,SNMP generic name,NG .resw source; locale=en-US; revision=7d81679f19f5fdaf5c8becaed58204869d1ac857
CFGEvntSLog.WinUI/Strings/Resources,CFGEvntSLog.WinUI Resources,Workbench_FilterPreset_eval_snmp_generic_name_Title,Generic name,NG .resw source; locale=en-US; revision=7d81679f19f5fdaf5c8becaed58204869d1ac857
CFGEvntSLog.WinUI/Strings/Resources,CFGEvntSLog.WinUI Resources,Workbench_FilterPreset_eval_snmp_specific_type_Description,SNMP specific trap type,NG .resw source; locale=en-US; revision=7d81679f19f5fdaf5c8becaed58204869d1ac857
CFGEvntSLog.WinUI/Strings/Resources,CFGEvntSLog.WinUI Resources,Workbench_FilterPreset_eval_snmp_specific_type_Title,Specific type,NG .resw source; locale=en-US; revision=7d81679f19f5fdaf5c8becaed58204869d1ac857
CFGEvntSLog.WinUI/Strings/Resources,CFGEvntSLog.WinUI Resources,Workbench_FilterPreset_eval_snmp_uptime_Description,SNMP uptime,NG .resw source; locale=en-US; revision=7d81679f19f5fdaf5c8becaed58204869d1ac857
CFGEvntSLog.WinUI/Strings/Resources,CFGEvntSLog.WinUI Resources,Workbench_FilterPreset_eval_snmp_uptime_Title,Uptime,NG .resw source; locale=en-US; revision=7d81679f19f5fdaf5c8becaed58204869d1ac857
CFGEvntSLog.WinUI/Strings/Resources,CFGEvntSLog.WinUI Resources,Workbench_FilterPreset_eval_snmp_version_Description,SNMP version,NG .resw source; locale=en-US; revision=7d81679f19f5fdaf5c8becaed58204869d1ac857
CFGEvntSLog.WinUI/Strings/Resources,CFGEvntSLog.WinUI Resources,Workbench_FilterPreset_eval_snmp_version_Title,Version,NG .resw source; locale=en-US; revision=7d81679f19f5fdaf5c8becaed58204869d1ac857
CFGEvntSLog.WinUI/Strings/Resources,CFGEvntSLog.WinUI Resources,Workbench_FilterPreset_eval_source_Description,Source address,NG .resw source; locale=en-US; revision=7d81679f19f5fdaf5c8becaed58204869d1ac857
CFGEvntSLog.WinUI/Strings/Resources,CFGEvntSLog.WinUI Resources,Workbench_FilterPreset_eval_source_Title,Source,NG .resw source; locale=en-US; revision=7d81679f19f5fdaf5c8becaed58204869d1ac857
CFGEvntSLog.WinUI/Strings/Resources,CFGEvntSLog.WinUI Resources,Workbench_FilterPreset_eval_source_ip_type_Description,Source address using IP-aware comparison,NG .resw source; locale=en-US; revision=7d81679f19f5fdaf5c8becaed58204869d1ac857
CFGEvntSLog.WinUI/Strings/Resources,CFGEvntSLog.WinUI Resources,Workbench_FilterPreset_eval_source_ip_type_Title,Source IP type,NG .resw source; locale=en-US; revision=7d81679f19f5fdaf5c8becaed58204869d1ac857
CFGEvntSLog.WinUI/Strings/Resources,CFGEvntSLog.WinUI Resources,Workbench_FilterPreset_eval_status_name_value_Description,Status property name and value,NG .resw source; locale=en-US; revision=7d81679f19f5fdaf5c8becaed58204869d1ac857
CFGEvntSLog.WinUI/Strings/Resources,CFGEvntSLog.WinUI Resources,Workbench_FilterPreset_eval_status_name_value_Title,Status name and value,NG .resw source; locale=en-US; revision=7d81679f19f5fdaf5c8becaed58204869d1ac857
CFGEvntSLog.WinUI/Strings/Resources,CFGEvntSLog.WinUI Resources,Workbench_FilterPreset_eval_syslogappname_Description,Syslog APP-NAME,NG .resw source; locale=en-US; revision=7d81679f19f5fdaf5c8becaed58204869d1ac857
CFGEvntSLog.WinUI/Strings/Resources,CFGEvntSLog.WinUI Resources,Workbench_FilterPreset_eval_syslogappname_Title,Syslog app name,NG .resw source; locale=en-US; revision=7d81679f19f5fdaf5c8becaed58204869d1ac857
CFGEvntSLog.WinUI/Strings/Resources,CFGEvntSLog.WinUI Resources,Workbench_FilterPreset_eval_syslogfacility_Description,Syslog facility,NG .resw source; locale=en-US; revision=7d81679f19f5fdaf5c8becaed58204869d1ac857
CFGEvntSLog.WinUI/Strings/Resources,CFGEvntSLog.WinUI Resources,Workbench_FilterPreset_eval_syslogfacility_Title,Syslog facility,NG .resw source; locale=en-US; revision=7d81679f19f5fdaf5c8becaed58204869d1ac857
CFGEvntSLog.WinUI/Strings/Resources,CFGEvntSLog.WinUI Resources,Workbench_FilterPreset_eval_syslogmsgid_Description,Syslog MSGID,NG .resw source; locale=en-US; revision=7d81679f19f5fdaf5c8becaed58204869d1ac857
CFGEvntSLog.WinUI/Strings/Resources,CFGEvntSLog.WinUI Resources,Workbench_FilterPreset_eval_syslogmsgid_Title,Syslog message ID,NG .resw source; locale=en-US; revision=7d81679f19f5fdaf5c8becaed58204869d1ac857
CFGEvntSLog.WinUI/Strings/Resources,CFGEvntSLog.WinUI Resources,Workbench_FilterPreset_eval_syslogpriority_Description,Syslog priority,NG .resw source; locale=en-US; revision=7d81679f19f5fdaf5c8becaed58204869d1ac857
CFGEvntSLog.WinUI/Strings/Resources,CFGEvntSLog.WinUI Resources,Workbench_FilterPreset_eval_syslogpriority_Title,Syslog priority,NG .resw source; locale=en-US; revision=7d81679f19f5fdaf5c8becaed58204869d1ac857
CFGEvntSLog.WinUI/Strings/Resources,CFGEvntSLog.WinUI Resources,Workbench_FilterPreset_eval_syslogprocid_Description,Syslog ProcID,NG .resw source; locale=en-US; revision=7d81679f19f5fdaf5c8becaed58204869d1ac857
CFGEvntSLog.WinUI/Strings/Resources,CFGEvntSLog.WinUI Resources,Workbench_FilterPreset_eval_syslogprocid_Title,Syslog process ID,NG .resw source; locale=en-US; revision=7d81679f19f5fdaf5c8becaed58204869d1ac857
CFGEvntSLog.WinUI/Strings/Resources,CFGEvntSLog.WinUI Resources,Workbench_FilterPreset_eval_syslogstructdata_Description,Syslog structured data,NG .resw source; locale=en-US; revision=7d81679f19f5fdaf5c8becaed58204869d1ac857
CFGEvntSLog.WinUI/Strings/Resources,CFGEvntSLog.WinUI Resources,Workbench_FilterPreset_eval_syslogstructdata_Title,Syslog structured data,NG .resw source; locale=en-US; revision=7d81679f19f5fdaf5c8becaed58204869d1ac857
CFGEvntSLog.WinUI/Strings/Resources,CFGEvntSLog.WinUI Resources,Workbench_FilterPreset_eval_syslogtag_Description,Syslog Tag,NG .resw source; locale=en-US; revision=7d81679f19f5fdaf5c8becaed58204869d1ac857
CFGEvntSLog.WinUI/Strings/Resources,CFGEvntSLog.WinUI Resources,Workbench_FilterPreset_eval_syslogtag_Title,Syslog Tag,NG .resw source; locale=en-US; revision=7d81679f19f5fdaf5c8becaed58204869d1ac857
CFGEvntSLog.WinUI/Strings/Resources,CFGEvntSLog.WinUI Resources,Workbench_FilterPreset_eval_syslogversion_Description,Syslog protocol version,NG .resw source; locale=en-US; revision=7d81679f19f5fdaf5c8becaed58204869d1ac857
CFGEvntSLog.WinUI/Strings/Resources,CFGEvntSLog.WinUI Resources,Workbench_FilterPreset_eval_syslogversion_Title,Syslog Version,NG .resw source; locale=en-US; revision=7d81679f19f5fdaf5c8becaed58204869d1ac857
CFGEvntSLog.WinUI/Strings/Resources,CFGEvntSLog.WinUI Resources,Workbench_FilterPreset_eval_systemid_Description,System identifier,NG .resw source; locale=en-US; revision=7d81679f19f5fdaf5c8becaed58204869d1ac857
CFGEvntSLog.WinUI/Strings/Resources,CFGEvntSLog.WinUI Resources,Workbench_FilterPreset_eval_systemid_Title,System ID,NG .resw source; locale=en-US; revision=7d81679f19f5fdaf5c8becaed58204869d1ac857
CFGEvntSLog.WinUI/Strings/Resources,CFGEvntSLog.WinUI Resources,Workbench_FilterPreset_eval_weekday_friday_Description,Run on Friday,NG .resw source; locale=en-US; revision=7d81679f19f5fdaf5c8becaed58204869d1ac857
CFGEvntSLog.WinUI/Strings/Resources,CFGEvntSLog.WinUI Resources,Workbench_FilterPreset_eval_weekday_friday_Title,Friday,NG .resw source; locale=en-US; revision=7d81679f19f5fdaf5c8becaed58204869d1ac857
CFGEvntSLog.WinUI/Strings/Resources,CFGEvntSLog.WinUI Resources,Workbench_FilterPreset_eval_weekday_monday_Description,Run on Monday,NG .resw source; locale=en-US; revision=7d81679f19f5fdaf5c8becaed58204869d1ac857
CFGEvntSLog.WinUI/Strings/Resources,CFGEvntSLog.WinUI Resources,Workbench_FilterPreset_eval_weekday_monday_Title,Monday,NG .resw source; locale=en-US; revision=7d81679f19f5fdaf5c8becaed58204869d1ac857
CFGEvntSLog.WinUI/Strings/Resources,CFGEvntSLog.WinUI Resources,Workbench_FilterPreset_eval_weekday_saturday_Description,Run on Saturday,NG .resw source; locale=en-US; revision=7d81679f19f5fdaf5c8becaed58204869d1ac857
CFGEvntSLog.WinUI/Strings/Resources,CFGEvntSLog.WinUI Resources,Workbench_FilterPreset_eval_weekday_saturday_Title,Saturday,NG .resw source; locale=en-US; revision=7d81679f19f5fdaf5c8becaed58204869d1ac857
CFGEvntSLog.WinUI/Strings/Resources,CFGEvntSLog.WinUI Resources,Workbench_FilterPreset_eval_weekday_sunday_Description,Run on Sunday,NG .resw source; locale=en-US; revision=7d81679f19f5fdaf5c8becaed58204869d1ac857
CFGEvntSLog.WinUI/Strings/Resources,CFGEvntSLog.WinUI Resources,Workbench_FilterPreset_eval_weekday_sunday_Title,Sunday,NG .resw source; locale=en-US; revision=7d81679f19f5fdaf5c8becaed58204869d1ac857
CFGEvntSLog.WinUI/Strings/Resources,CFGEvntSLog.WinUI Resources,Workbench_FilterPreset_eval_weekday_thursday_Description,Run on Thursday,NG .resw source; locale=en-US; revision=7d81679f19f5fdaf5c8becaed58204869d1ac857
CFGEvntSLog.WinUI/Strings/Resources,CFGEvntSLog.WinUI Resources,Workbench_FilterPreset_eval_weekday_thursday_Title,Thursday,NG .resw source; locale=en-US; revision=7d81679f19f5fdaf5c8becaed58204869d1ac857
CFGEvntSLog.WinUI/Strings/Resources,CFGEvntSLog.WinUI Resources,Workbench_FilterPreset_eval_weekday_tuesday_Description,Run on Tuesday,NG .resw source; locale=en-US; revision=7d81679f19f5fdaf5c8becaed58204869d1ac857
CFGEvntSLog.WinUI/Strings/Resources,CFGEvntSLog.WinUI Resources,Workbench_FilterPreset_eval_weekday_tuesday_Title,Tuesday,NG .resw source; locale=en-US; revision=7d81679f19f5fdaf5c8becaed58204869d1ac857
CFGEvntSLog.WinUI/Strings/Resources,CFGEvntSLog.WinUI Resources,Workbench_FilterPreset_eval_weekday_wednesday_Description,Run on Wednesday,NG .resw source; locale=en-US; revision=7d81679f19f5fdaf5c8becaed58204869d1ac857
CFGEvntSLog.WinUI/Strings/Resources,CFGEvntSLog.WinUI Resources,Workbench_FilterPreset_eval_weekday_wednesday_Title,Wednesday,NG .resw source; locale=en-US; revision=7d81679f19f5fdaf5c8becaed58204869d1ac857
CFGEvntSLog.WinUI/Strings/Resources,CFGEvntSLog.WinUI Resources,Workbench_FilterPreset_op_and_Description,All children must match,NG .resw source; locale=en-US; revision=7d81679f19f5fdaf5c8becaed58204869d1ac857
CFGEvntSLog.WinUI/Strings/Resources,CFGEvntSLog.WinUI Resources,Workbench_FilterPreset_op_and_Title,AND,NG .resw source; locale=en-US; revision=7d81679f19f5fdaf5c8becaed58204869d1ac857
CFGEvntSLog.WinUI/Strings/Resources,CFGEvntSLog.WinUI Resources,Workbench_FilterPreset_op_false_Description,Always false,NG .resw source; locale=en-US; revision=7d81679f19f5fdaf5c8becaed58204869d1ac857
CFGEvntSLog.WinUI/Strings/Resources,CFGEvntSLog.WinUI Resources,Workbench_FilterPreset_op_false_Title,FALSE,NG .resw source; locale=en-US; revision=7d81679f19f5fdaf5c8becaed58204869d1ac857
CFGEvntSLog.WinUI/Strings/Resources,CFGEvntSLog.WinUI Resources,Workbench_FilterPreset_op_not_Description,Negates one child,NG .resw source; locale=en-US; revision=7d81679f19f5fdaf5c8becaed58204869d1ac857
CFGEvntSLog.WinUI/Strings/Resources,CFGEvntSLog.WinUI Resources,Workbench_FilterPreset_op_not_Title,NOT,NG .resw source; locale=en-US; revision=7d81679f19f5fdaf5c8becaed58204869d1ac857
CFGEvntSLog.WinUI/Strings/Resources,CFGEvntSLog.WinUI Resources,Workbench_FilterPreset_op_or_Description,Any child may match,NG .resw source; locale=en-US; revision=7d81679f19f5fdaf5c8becaed58204869d1ac857
CFGEvntSLog.WinUI/Strings/Resources,CFGEvntSLog.WinUI Resources,Workbench_FilterPreset_op_or_Title,OR,NG .resw source; locale=en-US; revision=7d81679f19f5fdaf5c8becaed58204869d1ac857
CFGEvntSLog.WinUI/Strings/Resources,CFGEvntSLog.WinUI Resources,Workbench_FilterPreset_op_true_Description,Always true,NG .resw source; locale=en-US; revision=7d81679f19f5fdaf5c8becaed58204869d1ac857
CFGEvntSLog.WinUI/Strings/Resources,CFGEvntSLog.WinUI Resources,Workbench_FilterPreset_op_true_Title,TRUE,NG .resw source; locale=en-US; revision=7d81679f19f5fdaf5c8becaed58204869d1ac857
CFGEvntSLog.WinUI/Strings/Resources,CFGEvntSLog.WinUI Resources,Workbench_FilterPreset_op_xor_Description,Exactly one child may match,NG .resw source; locale=en-US; revision=7d81679f19f5fdaf5c8becaed58204869d1ac857
CFGEvntSLog.WinUI/Strings/Resources,CFGEvntSLog.WinUI Resources,Workbench_FilterPreset_op_xor_Title,XOR,NG .resw source; locale=en-US; revision=7d81679f19f5fdaf5c8becaed58204869d1ac857
CFGEvntSLog.WinUI/Strings/Resources,CFGEvntSLog.WinUI Resources,Workbench_FilterRoot_Help,Root of the rule condition tree. Add operator or condition filters below this item.,NG .resw source; locale=en-US; revision=7d81679f19f5fdaf5c8becaed58204869d1ac857
CFGEvntSLog.WinUI/Strings/Resources,CFGEvntSLog.WinUI Resources,Workbench_FilterRoot_Name,Filter root,NG .resw source; locale=en-US; revision=7d81679f19f5fdaf5c8becaed58204869d1ac857
CFGEvntSLog.WinUI/Strings/Resources,CFGEvntSLog.WinUI Resources,Workbench_RuleTemplate_Empty_Description,Create a rule without an action.,NG .resw source; locale=en-US; revision=7d81679f19f5fdaf5c8becaed58204869d1ac857
CFGEvntSLog.WinUI/Strings/Resources,CFGEvntSLog.WinUI Resources,Workbench_RuleTemplate_Empty_Title,Empty rule,NG .resw source; locale=en-US; revision=7d81679f19f5fdaf5c8becaed58204869d1ac857
CFGEvntSLog.WinUI/Strings/Resources,CFGEvntSLog.WinUI Resources,Workbench_RuleTemplate_WithAction_Description,Create a rule and choose its first action.,NG .resw source; locale=en-US; revision=7d81679f19f5fdaf5c8becaed58204869d1ac857
CFGEvntSLog.WinUI/Strings/Resources,CFGEvntSLog.WinUI Resources,Workbench_RuleTemplate_WithAction_Title,Rule with action,NG .resw source; locale=en-US; revision=7d81679f19f5fdaf5c8becaed58204869d1ac857
CFGEvntSLog.WinUI/Strings/Resources,CFGEvntSLog.WinUI Resources,bAbortRuleOnFailure,Abort Rule Execution when one Rule fails?,NG .resw source; locale=en-US; revision=7d81679f19f5fdaf5c8becaed58204869d1ac857
CFGEvntSLog.WinUI/Strings/Resources,CFGEvntSLog.WinUI Resources,bAddFacilityString,Add Facilitystring,NG .resw source; locale=en-US; revision=7d81679f19f5fdaf5c8becaed58204869d1ac857
CFGEvntSLog.WinUI/Strings/Resources,CFGEvntSLog.WinUI Resources,bAutoReloadRandomDelay,Enable random wait time delay when checking for new configurations,NG .resw source; locale=en-US; revision=7d81679f19f5fdaf5c8becaed58204869d1ac857
CFGEvntSLog.WinUI/Strings/Resources,CFGEvntSLog.WinUI Resources,bIgnoreTlsCertificateErrors,Ignore TLS certificate errors,NG .resw source; locale=en-US; revision=7d81679f19f5fdaf5c8becaed58204869d1ac857
CFGEvntSLog.WinUI/Strings/Resources,CFGEvntSLog.WinUI Resources,bIndicateErrorToOrigin,Notify Sender about Rule Action Errors?,NG .resw source; locale=en-US; revision=7d81679f19f5fdaf5c8becaed58204869d1ac857
CFGEvntSLog.WinUI/Strings/Resources,CFGEvntSLog.WinUI Resources,bIsRegex_,Enable Regular Expression,NG .resw source; locale=en-US; revision=7d81679f19f5fdaf5c8becaed58204869d1ac857
CFGEvntSLog.WinUI/Strings/Resources,CFGEvntSLog.WinUI Resources,bReportInXML,Use XML to Report,NG .resw source; locale=en-US; revision=7d81679f19f5fdaf5c8becaed58204869d1ac857
CFGEvntSLog.WinUI/Strings/Resources,CFGEvntSLog.WinUI Resources,bReportTruncatedLog,Report Truncated Log,NG .resw source; locale=en-US; revision=7d81679f19f5fdaf5c8becaed58204869d1ac857
CFGEvntSLog.WinUI/Strings/Resources,CFGEvntSLog.WinUI Resources,bShowEvtChannelAdmin,Show operational / administrative Channels,NG .resw source; locale=en-US; revision=7d81679f19f5fdaf5c8becaed58204869d1ac857
CFGEvntSLog.WinUI/Strings/Resources,CFGEvntSLog.WinUI Resources,bShowEvtChannelDebug,Show debug / analytic Channels,NG .resw source; locale=en-US; revision=7d81679f19f5fdaf5c8becaed58204869d1ac857
CFGEvntSLog.WinUI/Strings/Resources,CFGEvntSLog.WinUI Resources,bShowSyslogMsgNbr,Syslog Message Numbers,NG .resw source; locale=en-US; revision=7d81679f19f5fdaf5c8becaed58204869d1ac857
CFGEvntSLog.WinUI/Strings/Resources,CFGEvntSLog.WinUI Resources,bUseCustomEventLog,Enable custom Eventlog Channel,NG .resw source; locale=en-US; revision=7d81679f19f5fdaf5c8becaed58204869d1ac857
CFGEvntSLog.WinUI/Strings/Resources,CFGEvntSLog.WinUI Resources,bUseLegacyFormat,Use Legacy Format,NG .resw source; locale=en-US; revision=7d81679f19f5fdaf5c8becaed58204869d1ac857
CFGEvntSLog.WinUI/Strings/Resources,CFGEvntSLog.WinUI Resources,bUseTLS,Use TLS/SSL Encryption,NG .resw source; locale=en-US; revision=7d81679f19f5fdaf5c8becaed58204869d1ac857
CFGEvntSLog.WinUI/Strings/Resources,CFGEvntSLog.WinUI Resources,btnButtonDBMonReloadLastPos,Reload DB Index number,NG .resw source; locale=en-US; revision=7d81679f19f5fdaf5c8becaed58204869d1ac857
CFGEvntSLog.WinUI/Strings/Resources,CFGEvntSLog.WinUI Resources,btnButtonFileMonResetAllLastPos,Reset All Position Counters,NG .resw source; locale=en-US; revision=7d81679f19f5fdaf5c8becaed58204869d1ac857
CFGEvntSLog.WinUI/Strings/Resources,CFGEvntSLog.WinUI Resources,btnButtonPassiveSyslogTest,Test Passive Syslogserver,NG .resw source; locale=en-US; revision=7d81679f19f5fdaf5c8becaed58204869d1ac857
CFGEvntSLog.WinUI/Strings/Resources,CFGEvntSLog.WinUI Resources,btnButtonResetLastPos,Reset DB Index number,NG .resw source; locale=en-US; revision=7d81679f19f5fdaf5c8becaed58204869d1ac857
CFGEvntSLog.WinUI/Strings/Resources,CFGEvntSLog.WinUI Resources,btnButtonSendSyslog,Test Syslog Server,NG .resw source; locale=en-US; revision=7d81679f19f5fdaf5c8becaed58204869d1ac857
CFGEvntSLog.WinUI/Strings/Resources,CFGEvntSLog.WinUI Resources,btnCreateDB,Create Database,NG .resw source; locale=en-US; revision=7d81679f19f5fdaf5c8becaed58204869d1ac857
CFGEvntSLog.WinUI/Strings/Resources,CFGEvntSLog.WinUI Resources,btnEventLogDeSelectAll,Deleselect All,NG .resw source; locale=en-US; revision=7d81679f19f5fdaf5c8becaed58204869d1ac857
CFGEvntSLog.WinUI/Strings/Resources,CFGEvntSLog.WinUI Resources,btnEventLogReloadLastRecords,Reload All LastRecords,NG .resw source; locale=en-US; revision=7d81679f19f5fdaf5c8becaed58204869d1ac857
CFGEvntSLog.WinUI/Strings/Resources,CFGEvntSLog.WinUI Resources,btnEventLogRemoveDead,Remove not existing Channels,NG .resw source; locale=en-US; revision=7d81679f19f5fdaf5c8becaed58204869d1ac857
CFGEvntSLog.WinUI/Strings/Resources,CFGEvntSLog.WinUI Resources,btnEventLogResetLastRecords,Reset All LastRecords,NG .resw source; locale=en-US; revision=7d81679f19f5fdaf5c8becaed58204869d1ac857
CFGEvntSLog.WinUI/Strings/Resources,CFGEvntSLog.WinUI Resources,btnEventLogScan,(Re)Scan for EventLog Channels,NG .resw source; locale=en-US; revision=7d81679f19f5fdaf5c8becaed58204869d1ac857
CFGEvntSLog.WinUI/Strings/Resources,CFGEvntSLog.WinUI Resources,btnEventLogSelectAll,Select All,NG .resw source; locale=en-US; revision=7d81679f19f5fdaf5c8becaed58204869d1ac857
CFGEvntSLog.WinUI/Strings/Resources,CFGEvntSLog.WinUI Resources,btnPostProcessImport,Import Rules,NG .resw source; locale=en-US; revision=7d81679f19f5fdaf5c8becaed58204869d1ac857
CFGEvntSLog.WinUI/Strings/Resources,CFGEvntSLog.WinUI Resources,btnPostProcessSave,Export Rules,NG .resw source; locale=en-US; revision=7d81679f19f5fdaf5c8becaed58204869d1ac857
CFGEvntSLog.WinUI/Strings/Resources,CFGEvntSLog.WinUI Resources,btnReloadLastRecordV1,Reload,NG .resw source; locale=en-US; revision=7d81679f19f5fdaf5c8becaed58204869d1ac857
CFGEvntSLog.WinUI/Strings/Resources,CFGEvntSLog.WinUI Resources,btnReloadLastRecordV2,Reload,NG .resw source; locale=en-US; revision=7d81679f19f5fdaf5c8becaed58204869d1ac857
CFGEvntSLog.WinUI/Strings/Resources,CFGEvntSLog.WinUI Resources,btnResetLastRecordV1,Reset ,NG .resw source; locale=en-US; revision=7d81679f19f5fdaf5c8becaed58204869d1ac857
CFGEvntSLog.WinUI/Strings/Resources,CFGEvntSLog.WinUI Resources,btnResetLastRecordV2,Reset,NG .resw source; locale=en-US; revision=7d81679f19f5fdaf5c8becaed58204869d1ac857
CFGEvntSLog.WinUI/Strings/Resources,CFGEvntSLog.WinUI Resources,btnRestOutputResetJsonProperties,Reset format,NG .resw source; locale=en-US; revision=7d81679f19f5fdaf5c8becaed58204869d1ac857
CFGEvntSLog.WinUI/Strings/Resources,CFGEvntSLog.WinUI Resources,btnRun,Run,NG .resw source; locale=en-US; revision=7d81679f19f5fdaf5c8becaed58204869d1ac857
CFGEvntSLog.WinUI/Strings/Resources,CFGEvntSLog.WinUI Resources,btnVerifyEvtV1,Verify Connection,NG .resw source; locale=en-US; revision=7d81679f19f5fdaf5c8becaed58204869d1ac857
CFGEvntSLog.WinUI/Strings/Resources,CFGEvntSLog.WinUI Resources,btnVerifyEvtV2,Verify Connection,NG .resw source; locale=en-US; revision=7d81679f19f5fdaf5c8becaed58204869d1ac857
CFGEvntSLog.WinUI/Strings/Resources,CFGEvntSLog.WinUI Resources,btnszODBCDsn,Configure DSN,NG .resw source; locale=en-US; revision=7d81679f19f5fdaf5c8becaed58204869d1ac857
CFGEvntSLog.WinUI/Strings/Resources,CFGEvntSLog.WinUI Resources,chkeventchannels,Enable,NG .resw source; locale=en-US; revision=7d81679f19f5fdaf5c8becaed58204869d1ac857
CFGEvntSLog.WinUI/Strings/Resources,CFGEvntSLog.WinUI Resources,datafields,Datafields,NG .resw source; locale=en-US; revision=7d81679f19f5fdaf5c8becaed58204869d1ac857
CFGEvntSLog.WinUI/Strings/Resources,CFGEvntSLog.WinUI Resources,eventchannels,Eventlog Channels,NG .resw source; locale=en-US; revision=7d81679f19f5fdaf5c8becaed58204869d1ac857
CFGEvntSLog.WinUI/Strings/Resources,CFGEvntSLog.WinUI Resources,fileitems,Processed File,NG .resw source; locale=en-US; revision=7d81679f19f5fdaf5c8becaed58204869d1ac857
CFGEvntSLog.WinUI/Strings/Resources,CFGEvntSLog.WinUI Resources,hostlist,List of hosts,NG .resw source; locale=en-US; revision=7d81679f19f5fdaf5c8becaed58204869d1ac857
CFGEvntSLog.WinUI/Strings/Resources,CFGEvntSLog.WinUI Resources,iLastDBID,Last DB Index,NG .resw source; locale=en-US; revision=7d81679f19f5fdaf5c8becaed58204869d1ac857
CFGEvntSLog.WinUI/Strings/Resources,CFGEvntSLog.WinUI Resources,interactive_path,Path && Filename for application,NG .resw source; locale=en-US; revision=7d81679f19f5fdaf5c8becaed58204869d1ac857
CFGEvntSLog.WinUI/Strings/Resources,CFGEvntSLog.WinUI Resources,lblDecrement,Decrement Value (-),NG .resw source; locale=en-US; revision=7d81679f19f5fdaf5c8becaed58204869d1ac857
CFGEvntSLog.WinUI/Strings/Resources,CFGEvntSLog.WinUI Resources,lblIncrement,Increment Value (+),NG .resw source; locale=en-US; revision=7d81679f19f5fdaf5c8becaed58204869d1ac857
CFGEvntSLog.WinUI/Strings/Resources,CFGEvntSLog.WinUI Resources,lbl_EventLogSource_Replace,Replace Event Log Source,NG .resw source; locale=en-US; revision=7d81679f19f5fdaf5c8becaed58204869d1ac857
CFGEvntSLog.WinUI/Strings/Resources,CFGEvntSLog.WinUI Resources,lbl_EventLogSource_Service,Use logsource from service,NG .resw source; locale=en-US; revision=7d81679f19f5fdaf5c8becaed58204869d1ac857
CFGEvntSLog.WinUI/Strings/Resources,CFGEvntSLog.WinUI Resources,lbl_nAction1,Start,NG .resw source; locale=en-US; revision=7d81679f19f5fdaf5c8becaed58204869d1ac857
CFGEvntSLog.WinUI/Strings/Resources,CFGEvntSLog.WinUI Resources,lbl_nAction2,Stop,NG .resw source; locale=en-US; revision=7d81679f19f5fdaf5c8becaed58204869d1ac857
CFGEvntSLog.WinUI/Strings/Resources,CFGEvntSLog.WinUI Resources,lbl_nAction3,Restart,NG .resw source; locale=en-US; revision=7d81679f19f5fdaf5c8becaed58204869d1ac857
CFGEvntSLog.WinUI/Strings/Resources,CFGEvntSLog.WinUI Resources,lbl_nAction4,Pause,NG .resw source; locale=en-US; revision=7d81679f19f5fdaf5c8becaed58204869d1ac857
CFGEvntSLog.WinUI/Strings/Resources,CFGEvntSLog.WinUI Resources,lbl_nAction5,Unpause,NG .resw source; locale=en-US; revision=7d81679f19f5fdaf5c8becaed58204869d1ac857
CFGEvntSLog.WinUI/Strings/Resources,CFGEvntSLog.WinUI Resources,lbl_nMessageMode_csv,CSV (Comma-separated values),NG .resw source; locale=en-US; revision=7d81679f19f5fdaf5c8becaed58204869d1ac857
CFGEvntSLog.WinUI/Strings/Resources,CFGEvntSLog.WinUI Resources,lbl_nMessageMode_custom,Custom,NG .resw source; locale=en-US; revision=7d81679f19f5fdaf5c8becaed58204869d1ac857
CFGEvntSLog.WinUI/Strings/Resources,CFGEvntSLog.WinUI Resources,lbl_nMessageMode_none,None,NG .resw source; locale=en-US; revision=7d81679f19f5fdaf5c8becaed58204869d1ac857
CFGEvntSLog.WinUI/Strings/Resources,CFGEvntSLog.WinUI Resources,lbl_procmode0,Synchronus Processing (Wait for Completion),NG .resw source; locale=en-US; revision=7d81679f19f5fdaf5c8becaed58204869d1ac857
CFGEvntSLog.WinUI/Strings/Resources,CFGEvntSLog.WinUI Resources,lbl_procmode1,Asynchronus Processing,NG .resw source; locale=en-US; revision=7d81679f19f5fdaf5c8becaed58204869d1ac857
CFGEvntSLog.WinUI/Strings/Resources,CFGEvntSLog.WinUI Resources,lbl_request_get,GET,NG .resw source; locale=en-US; revision=7d81679f19f5fdaf5c8becaed58204869d1ac857
CFGEvntSLog.WinUI/Strings/Resources,CFGEvntSLog.WinUI Resources,lbl_request_head,HEAD,NG .resw source; locale=en-US; revision=7d81679f19f5fdaf5c8becaed58204869d1ac857
CFGEvntSLog.WinUI/Strings/Resources,CFGEvntSLog.WinUI Resources,lbl_syslogRFC3195,RFC3195,NG .resw source; locale=en-US; revision=7d81679f19f5fdaf5c8becaed58204869d1ac857
CFGEvntSLog.WinUI/Strings/Resources,CFGEvntSLog.WinUI Resources,lbl_syslogRFC3195RAW,RFC3195 Raw,NG .resw source; locale=en-US; revision=7d81679f19f5fdaf5c8becaed58204869d1ac857
CFGEvntSLog.WinUI/Strings/Resources,CFGEvntSLog.WinUI Resources,lbl_syslogTCP,TCP,NG .resw source; locale=en-US; revision=7d81679f19f5fdaf5c8becaed58204869d1ac857
CFGEvntSLog.WinUI/Strings/Resources,CFGEvntSLog.WinUI Resources,lbl_syslogTCPOctetCount,"TCP (Persistent connection, Octet based framing)",NG .resw source; locale=en-US; revision=7d81679f19f5fdaf5c8becaed58204869d1ac857
CFGEvntSLog.WinUI/Strings/Resources,CFGEvntSLog.WinUI Resources,lbl_syslogTCPOneMSG,"TCP (NOT RECOMMENDED, one message per connection)",NG .resw source; locale=en-US; revision=7d81679f19f5fdaf5c8becaed58204869d1ac857
CFGEvntSLog.WinUI/Strings/Resources,CFGEvntSLog.WinUI Resources,lbl_syslogTCPPersistant,TCP (Persistent connection),NG .resw source; locale=en-US; revision=7d81679f19f5fdaf5c8becaed58204869d1ac857
CFGEvntSLog.WinUI/Strings/Resources,CFGEvntSLog.WinUI Resources,lbl_syslogUDP,UDP,NG .resw source; locale=en-US; revision=7d81679f19f5fdaf5c8becaed58204869d1ac857
CFGEvntSLog.WinUI/Strings/Resources,CFGEvntSLog.WinUI Resources,loganalyzer_path,Path && Filename for application,NG .resw source; locale=en-US; revision=7d81679f19f5fdaf5c8becaed58204869d1ac857
CFGEvntSLog.WinUI/Strings/Resources,CFGEvntSLog.WinUI Resources,logfilemgr_path,Path && Filename for application,NG .resw source; locale=en-US; revision=7d81679f19f5fdaf5c8becaed58204869d1ac857
CFGEvntSLog.WinUI/Strings/Resources,CFGEvntSLog.WinUI Resources,logsearch_path,Path && Filename for application,NG .resw source; locale=en-US; revision=7d81679f19f5fdaf5c8becaed58204869d1ac857
CFGEvntSLog.WinUI/Strings/Resources,CFGEvntSLog.WinUI Resources,msgseps,List of message separators,NG .resw source; locale=en-US; revision=7d81679f19f5fdaf5c8becaed58204869d1ac857
CFGEvntSLog.WinUI/Strings/Resources,CFGEvntSLog.WinUI Resources,nAction,Action to perform,NG .resw source; locale=en-US; revision=7d81679f19f5fdaf5c8becaed58204869d1ac857
CFGEvntSLog.WinUI/Strings/Resources,CFGEvntSLog.WinUI Resources,nAddLogType,Add Logtype,NG .resw source; locale=en-US; revision=7d81679f19f5fdaf5c8becaed58204869d1ac857
CFGEvntSLog.WinUI/Strings/Resources,CFGEvntSLog.WinUI Resources,nAddMibDescriptionToMsg,"Append MIB Description after Mibname (Attention, can be a lot of information!)",NG .resw source; locale=en-US; revision=7d81679f19f5fdaf5c8becaed58204869d1ac857
CFGEvntSLog.WinUI/Strings/Resources,CFGEvntSLog.WinUI Resources,nAddUserName,Add Username,NG .resw source; locale=en-US; revision=7d81679f19f5fdaf5c8becaed58204869d1ac857
CFGEvntSLog.WinUI/Strings/Resources,CFGEvntSLog.WinUI Resources,nApiReadMode,Processing Mode,NG .resw source; locale=en-US; revision=7d81679f19f5fdaf5c8becaed58204869d1ac857
CFGEvntSLog.WinUI/Strings/Resources,CFGEvntSLog.WinUI Resources,nApiReadMode_Polling,Eventlog Polling (Sleeptime),NG .resw source; locale=en-US; revision=7d81679f19f5fdaf5c8becaed58204869d1ac857
CFGEvntSLog.WinUI/Strings/Resources,CFGEvntSLog.WinUI Resources,nApiReadMode_Subscription,Eventlog Subscription (Realtime),NG .resw source; locale=en-US; revision=7d81679f19f5fdaf5c8becaed58204869d1ac857
CFGEvntSLog.WinUI/Strings/Resources,CFGEvntSLog.WinUI Resources,nAsyncMaxProc,Async Max Processes,NG .resw source; locale=en-US; revision=7d81679f19f5fdaf5c8becaed58204869d1ac857
CFGEvntSLog.WinUI/Strings/Resources,CFGEvntSLog.WinUI Resources,nAutoReloadDelayTime,Maximum random delay time,NG .resw source; locale=en-US; revision=7d81679f19f5fdaf5c8becaed58204869d1ac857
CFGEvntSLog.WinUI/Strings/Resources,CFGEvntSLog.WinUI Resources,nBps,Bits per second,NG .resw source; locale=en-US; revision=7d81679f19f5fdaf5c8becaed58204869d1ac857
CFGEvntSLog.WinUI/Strings/Resources,CFGEvntSLog.WinUI Resources,nCPUEnable,Enable CPU Check,NG .resw source; locale=en-US; revision=7d81679f19f5fdaf5c8becaed58204869d1ac857
CFGEvntSLog.WinUI/Strings/Resources,CFGEvntSLog.WinUI Resources,nCPUOccurences,Occurrences until CPU alarm is raised,NG .resw source; locale=en-US; revision=7d81679f19f5fdaf5c8becaed58204869d1ac857
CFGEvntSLog.WinUI/Strings/Resources,CFGEvntSLog.WinUI Resources,nCPUReportIfBelowAlarm,Also report if CPULevel is below the alarm level,NG .resw source; locale=en-US; revision=7d81679f19f5fdaf5c8becaed58204869d1ac857
CFGEvntSLog.WinUI/Strings/Resources,CFGEvntSLog.WinUI Resources,nCPUSingle,For Multiprocessor Systems only: Report for each CPU,NG .resw source; locale=en-US; revision=7d81679f19f5fdaf5c8becaed58204869d1ac857
CFGEvntSLog.WinUI/Strings/Resources,CFGEvntSLog.WinUI Resources,nCPUUsageAlarmLevel,CPU usage alarm level,NG .resw source; locale=en-US; revision=7d81679f19f5fdaf5c8becaed58204869d1ac857
CFGEvntSLog.WinUI/Strings/Resources,CFGEvntSLog.WinUI Resources,nCacheEventCategory,Cache Event Category ( Task field ) ,NG .resw source; locale=en-US; revision=7d81679f19f5fdaf5c8becaed58204869d1ac857
CFGEvntSLog.WinUI/Strings/Resources,CFGEvntSLog.WinUI Resources,nCacheEventKeyword,Cache Event Keyword,NG .resw source; locale=en-US; revision=7d81679f19f5fdaf5c8becaed58204869d1ac857
CFGEvntSLog.WinUI/Strings/Resources,CFGEvntSLog.WinUI Resources,nCacheEventLevel,"Cache Event Levels ( Like Warning, Information, Error)",NG .resw source; locale=en-US; revision=7d81679f19f5fdaf5c8becaed58204869d1ac857
CFGEvntSLog.WinUI/Strings/Resources,CFGEvntSLog.WinUI Resources,nCacheEventPublisher,Cache Event Publisher handles ( Event Source ) ,NG .resw source; locale=en-US; revision=7d81679f19f5fdaf5c8becaed58204869d1ac857
CFGEvntSLog.WinUI/Strings/Resources,CFGEvntSLog.WinUI Resources,nCacheNameEntry,Cache resolved host entry,NG .resw source; locale=en-US; revision=7d81679f19f5fdaf5c8becaed58204869d1ac857
CFGEvntSLog.WinUI/Strings/Resources,CFGEvntSLog.WinUI Resources,nChangeVal,Operation value,NG .resw source; locale=en-US; revision=7d81679f19f5fdaf5c8becaed58204869d1ac857
CFGEvntSLog.WinUI/Strings/Resources,CFGEvntSLog.WinUI Resources,nCheckAutoBackupLogFiles,Check for Backup Logfiles made by Windows (See KB312571),NG .resw source; locale=en-US; revision=7d81679f19f5fdaf5c8becaed58204869d1ac857
CFGEvntSLog.WinUI/Strings/Resources,CFGEvntSLog.WinUI Resources,nCheckPort,SNMP Port,NG .resw source; locale=en-US; revision=7d81679f19f5fdaf5c8becaed58204869d1ac857
CFGEvntSLog.WinUI/Strings/Resources,CFGEvntSLog.WinUI Resources,nCircularLogging,Use Circular Logging,NG .resw source; locale=en-US; revision=7d81679f19f5fdaf5c8becaed58204869d1ac857
CFGEvntSLog.WinUI/Strings/Resources,CFGEvntSLog.WinUI Resources,nCleanFileHandlesTimeout,Timeout until unused file handles are closed,NG .resw source; locale=en-US; revision=7d81679f19f5fdaf5c8becaed58204869d1ac857
CFGEvntSLog.WinUI/Strings/Resources,CFGEvntSLog.WinUI Resources,nClearEventLog,Clear Eventlog handling,NG .resw source; locale=en-US; revision=7d81679f19f5fdaf5c8becaed58204869d1ac857
CFGEvntSLog.WinUI/Strings/Resources,CFGEvntSLog.WinUI Resources,nCompLevel,Compression Level,NG .resw source; locale=en-US; revision=7d81679f19f5fdaf5c8becaed58204869d1ac857
CFGEvntSLog.WinUI/Strings/Resources,CFGEvntSLog.WinUI Resources,nCompressControlChars,Compress Spaces and Remove Control Characters,NG .resw source; locale=en-US; revision=7d81679f19f5fdaf5c8becaed58204869d1ac857
CFGEvntSLog.WinUI/Strings/Resources,CFGEvntSLog.WinUI Resources,nCompressOutputFormat,Compress Outputformat (Remove spaces/quotations),NG .resw source; locale=en-US; revision=7d81679f19f5fdaf5c8becaed58204869d1ac857
CFGEvntSLog.WinUI/Strings/Resources,CFGEvntSLog.WinUI Resources,nCompressSpaces,Compress spaces,NG .resw source; locale=en-US; revision=7d81679f19f5fdaf5c8becaed58204869d1ac857
CFGEvntSLog.WinUI/Strings/Resources,CFGEvntSLog.WinUI Resources,nCompressionLevel,Compression Level,NG .resw source; locale=en-US; revision=7d81679f19f5fdaf5c8becaed58204869d1ac857
CFGEvntSLog.WinUI/Strings/Resources,CFGEvntSLog.WinUI Resources,nConnectTimeOut,Connection Timeout,NG .resw source; locale=en-US; revision=7d81679f19f5fdaf5c8becaed58204869d1ac857
CFGEvntSLog.WinUI/Strings/Resources,CFGEvntSLog.WinUI Resources,nConvertToEventLogMonitorV1,Convert to EventLog Monitor V1 compatible Events,NG .resw source; locale=en-US; revision=7d81679f19f5fdaf5c8becaed58204869d1ac857
CFGEvntSLog.WinUI/Strings/Resources,CFGEvntSLog.WinUI Resources,nCopyFormatIntoProperty,Select MessageFormat,NG .resw source; locale=en-US; revision=7d81679f19f5fdaf5c8becaed58204869d1ac857
CFGEvntSLog.WinUI/Strings/Resources,CFGEvntSLog.WinUI Resources,nCount,Playcount (How often the file is played),NG .resw source; locale=en-US; revision=7d81679f19f5fdaf5c8becaed58204869d1ac857
CFGEvntSLog.WinUI/Strings/Resources,CFGEvntSLog.WinUI Resources,nCustomerID,CustomerID,NG .resw source; locale=en-US; revision=7d81679f19f5fdaf5c8becaed58204869d1ac857
CFGEvntSLog.WinUI/Strings/Resources,CFGEvntSLog.WinUI Resources,nCustomizeSearchPath,Customize Search path for Event Log backup log files,NG .resw source; locale=en-US; revision=7d81679f19f5fdaf5c8becaed58204869d1ac857
CFGEvntSLog.WinUI/Strings/Resources,CFGEvntSLog.WinUI Resources,nDBPassEncryption,Enable Encryption,NG .resw source; locale=en-US; revision=7d81679f19f5fdaf5c8becaed58204869d1ac857
CFGEvntSLog.WinUI/Strings/Resources,CFGEvntSLog.WinUI Resources,nDNSCacheLimit,How many DNS records can be cached?,NG .resw source; locale=en-US; revision=7d81679f19f5fdaf5c8becaed58204869d1ac857
CFGEvntSLog.WinUI/Strings/Resources,CFGEvntSLog.WinUI Resources,nDNSCacheTime,How long should dns names be cached?,NG .resw source; locale=en-US; revision=7d81679f19f5fdaf5c8becaed58204869d1ac857
CFGEvntSLog.WinUI/Strings/Resources,CFGEvntSLog.WinUI Resources,nDNSInetProtocol,Internet Protocoltype,NG .resw source; locale=en-US; revision=7d81679f19f5fdaf5c8becaed58204869d1ac857
CFGEvntSLog.WinUI/Strings/Resources,CFGEvntSLog.WinUI Resources,nDTLSSendPort,DTLS Port,NG .resw source; locale=en-US; revision=7d81679f19f5fdaf5c8becaed58204869d1ac857
CFGEvntSLog.WinUI/Strings/Resources,CFGEvntSLog.WinUI Resources,nDatabits,Data bits,NG .resw source; locale=en-US; revision=7d81679f19f5fdaf5c8becaed58204869d1ac857
CFGEvntSLog.WinUI/Strings/Resources,CFGEvntSLog.WinUI Resources,nDebugErrors,Errors & Warnings,NG .resw source; locale=en-US; revision=7d81679f19f5fdaf5c8becaed58204869d1ac857
CFGEvntSLog.WinUI/Strings/Resources,CFGEvntSLog.WinUI Resources,nDebugInternal,Information Output,NG .resw source; locale=en-US; revision=7d81679f19f5fdaf5c8becaed58204869d1ac857
CFGEvntSLog.WinUI/Strings/Resources,CFGEvntSLog.WinUI Resources,nDebugMini,Minimal Output,NG .resw source; locale=en-US; revision=7d81679f19f5fdaf5c8becaed58204869d1ac857
CFGEvntSLog.WinUI/Strings/Resources,CFGEvntSLog.WinUI Resources,nDebugRuleEngine,Rule & Filter Engine Output,NG .resw source; locale=en-US; revision=7d81679f19f5fdaf5c8becaed58204869d1ac857
CFGEvntSLog.WinUI/Strings/Resources,CFGEvntSLog.WinUI Resources,nDebugUltra,Ultra Verbose Output,NG .resw source; locale=en-US; revision=7d81679f19f5fdaf5c8becaed58204869d1ac857
CFGEvntSLog.WinUI/Strings/Resources,CFGEvntSLog.WinUI Resources,nDefaultBuffer,Default Buffersize,NG .resw source; locale=en-US; revision=7d81679f19f5fdaf5c8becaed58204869d1ac857
CFGEvntSLog.WinUI/Strings/Resources,CFGEvntSLog.WinUI Resources,nDelay,Delay between the sound plays (ms),NG .resw source; locale=en-US; revision=7d81679f19f5fdaf5c8becaed58204869d1ac857
CFGEvntSLog.WinUI/Strings/Resources,CFGEvntSLog.WinUI Resources,nDelayOnStartup,Delay on Startup in Milliseconds (1000 ms --> 1 second),NG .resw source; locale=en-US; revision=7d81679f19f5fdaf5c8becaed58204869d1ac857
CFGEvntSLog.WinUI/Strings/Resources,CFGEvntSLog.WinUI Resources,nDiskCacheWait,Waittime between connection tries,NG .resw source; locale=en-US; revision=7d81679f19f5fdaf5c8becaed58204869d1ac857
CFGEvntSLog.WinUI/Strings/Resources,CFGEvntSLog.WinUI Resources,nDiskQueueMaxFileSize,Split files if this size is reached,NG .resw source; locale=en-US; revision=7d81679f19f5fdaf5c8becaed58204869d1ac857
CFGEvntSLog.WinUI/Strings/Resources,CFGEvntSLog.WinUI Resources,nDoNotProcessLastRecord,Do NOT process existing entries when Eventlog corruption occurs,NG .resw source; locale=en-US; revision=7d81679f19f5fdaf5c8becaed58204869d1ac857
CFGEvntSLog.WinUI/Strings/Resources,CFGEvntSLog.WinUI Resources,nDoNotProcessLastRecordOnStartup,Do NOT process existing entries on Service Startup,NG .resw source; locale=en-US; revision=7d81679f19f5fdaf5c8becaed58204869d1ac857
CFGEvntSLog.WinUI/Strings/Resources,CFGEvntSLog.WinUI Resources,nDtsControl,DTR Control Flow,NG .resw source; locale=en-US; revision=7d81679f19f5fdaf5c8becaed58204869d1ac857
CFGEvntSLog.WinUI/Strings/Resources,CFGEvntSLog.WinUI Resources,nEmptyStringsAsNull,Insert NULLValue if string is empty,NG .resw source; locale=en-US; revision=7d81679f19f5fdaf5c8becaed58204869d1ac857
CFGEvntSLog.WinUI/Strings/Resources,CFGEvntSLog.WinUI Resources,nEmulateParameters,Emulate %Param% properties from old EventLog Monitor,NG .resw source; locale=en-US; revision=7d81679f19f5fdaf5c8becaed58204869d1ac857
CFGEvntSLog.WinUI/Strings/Resources,CFGEvntSLog.WinUI Resources,nEnableAutoConfigReload,Automatically reload service on configuration changes,NG .resw source; locale=en-US; revision=7d81679f19f5fdaf5c8becaed58204869d1ac857
CFGEvntSLog.WinUI/Strings/Resources,CFGEvntSLog.WinUI Resources,nEnableBackupServer,"Enable Backup Server, used if first Mailserver fails",NG .resw source; locale=en-US; revision=7d81679f19f5fdaf5c8becaed58204869d1ac857
CFGEvntSLog.WinUI/Strings/Resources,CFGEvntSLog.WinUI Resources,nEnableCommunicate,Enable communication,NG .resw source; locale=en-US; revision=7d81679f19f5fdaf5c8becaed58204869d1ac857
CFGEvntSLog.WinUI/Strings/Resources,CFGEvntSLog.WinUI Resources,nEnableDNSCache,Enable internal DNS Cache,NG .resw source; locale=en-US; revision=7d81679f19f5fdaf5c8becaed58204869d1ac857
CFGEvntSLog.WinUI/Strings/Resources,CFGEvntSLog.WinUI Resources,nEnableDateReplacements,Enable date replacement characters (See manual for more),NG .resw source; locale=en-US; revision=7d81679f19f5fdaf5c8becaed58204869d1ac857
CFGEvntSLog.WinUI/Strings/Resources,CFGEvntSLog.WinUI Resources,nEnableDateReplacementsOffset,Offset in seconds,NG .resw source; locale=en-US; revision=7d81679f19f5fdaf5c8becaed58204869d1ac857
CFGEvntSLog.WinUI/Strings/Resources,CFGEvntSLog.WinUI Resources,nEnableDebugOutput,Enable Debug output into file,NG .resw source; locale=en-US; revision=7d81679f19f5fdaf5c8becaed58204869d1ac857
CFGEvntSLog.WinUI/Strings/Resources,CFGEvntSLog.WinUI Resources,nEnableEventlogWarnings,Log Warnings into the Windows Application Eventlog,NG .resw source; locale=en-US; revision=7d81679f19f5fdaf5c8becaed58204869d1ac857
CFGEvntSLog.WinUI/Strings/Resources,CFGEvntSLog.WinUI Resources,nEnableLastRecordDelay,Delay writing LastRecord ,NG .resw source; locale=en-US; revision=7d81679f19f5fdaf5c8becaed58204869d1ac857
CFGEvntSLog.WinUI/Strings/Resources,CFGEvntSLog.WinUI Resources,nEnableMultiCastGroup,Enable receiving from a UDP Multicast Group,NG .resw source; locale=en-US; revision=7d81679f19f5fdaf5c8becaed58204869d1ac857
CFGEvntSLog.WinUI/Strings/Resources,CFGEvntSLog.WinUI Resources,nEnableMultiTCPMsgSep,Enable multiple message separators,NG .resw source; locale=en-US; revision=7d81679f19f5fdaf5c8becaed58204869d1ac857
CFGEvntSLog.WinUI/Strings/Resources,CFGEvntSLog.WinUI Resources,nEnablePermittedSenders,Enabled Permitted Senders List. ,NG .resw source; locale=en-US; revision=7d81679f19f5fdaf5c8becaed58204869d1ac857
CFGEvntSLog.WinUI/Strings/Resources,CFGEvntSLog.WinUI Resources,nEnablePropertyFileName,Enable Property replacements in Filename,NG .resw source; locale=en-US; revision=7d81679f19f5fdaf5c8becaed58204869d1ac857
CFGEvntSLog.WinUI/Strings/Resources,CFGEvntSLog.WinUI Resources,nEnableRetry,Enable retry of Actions on failure,NG .resw source; locale=en-US; revision=7d81679f19f5fdaf5c8becaed58204869d1ac857
CFGEvntSLog.WinUI/Strings/Resources,CFGEvntSLog.WinUI Resources,nEnableRingBuffer,Enable Queue Manager Diskcache,NG .resw source; locale=en-US; revision=7d81679f19f5fdaf5c8becaed58204869d1ac857
CFGEvntSLog.WinUI/Strings/Resources,CFGEvntSLog.WinUI Resources,nEnableTCPMsgSep,Messages are separated by the following sequence,NG .resw source; locale=en-US; revision=7d81679f19f5fdaf5c8becaed58204869d1ac857
CFGEvntSLog.WinUI/Strings/Resources,CFGEvntSLog.WinUI Resources,nEnableUnknownChannels,Process unknown/unconfigured Eventlog Channels,NG .resw source; locale=en-US; revision=7d81679f19f5fdaf5c8becaed58204869d1ac857
CFGEvntSLog.WinUI/Strings/Resources,CFGEvntSLog.WinUI Resources,nEnableUpdateFileTime,Explicitly update create and modified file timestamp,NG .resw source; locale=en-US; revision=7d81679f19f5fdaf5c8becaed58204869d1ac857
CFGEvntSLog.WinUI/Strings/Resources,CFGEvntSLog.WinUI Resources,nEnabled,Channel Enabled,NG .resw source; locale=en-US; revision=7d81679f19f5fdaf5c8becaed58204869d1ac857
CFGEvntSLog.WinUI/Strings/Resources,CFGEvntSLog.WinUI Resources,nEnabledRemote,Enable remote EventLog monitoring,NG .resw source; locale=en-US; revision=7d81679f19f5fdaf5c8becaed58204869d1ac857
CFGEvntSLog.WinUI/Strings/Resources,CFGEvntSLog.WinUI Resources,nEscapeControlCharacters,Escape control characters,NG .resw source; locale=en-US; revision=7d81679f19f5fdaf5c8becaed58204869d1ac857
CFGEvntSLog.WinUI/Strings/Resources,CFGEvntSLog.WinUI Resources,nEventID,Event ID,NG .resw source; locale=en-US; revision=7d81679f19f5fdaf5c8becaed58204869d1ac857
CFGEvntSLog.WinUI/Strings/Resources,CFGEvntSLog.WinUI Resources,nEventLogCor,How to handle Eventlog corruption?,NG .resw source; locale=en-US; revision=7d81679f19f5fdaf5c8becaed58204869d1ac857
CFGEvntSLog.WinUI/Strings/Resources,CFGEvntSLog.WinUI Resources,nEventScanLastEventByChecksum,Always search for the last processed Event using the Checksum,NG .resw source; locale=en-US; revision=7d81679f19f5fdaf5c8becaed58204869d1ac857
CFGEvntSLog.WinUI/Strings/Resources,CFGEvntSLog.WinUI Resources,nEventType,Use Custom Eventlog Type,NG .resw source; locale=en-US; revision=7d81679f19f5fdaf5c8becaed58204869d1ac857
CFGEvntSLog.WinUI/Strings/Resources,CFGEvntSLog.WinUI Resources,nEventUseChecksum,Use Checksum to verify the last processed event,NG .resw source; locale=en-US; revision=7d81679f19f5fdaf5c8becaed58204869d1ac857
CFGEvntSLog.WinUI/Strings/Resources,CFGEvntSLog.WinUI Resources,nEvtClearIfEmpty,Clear the log even if it is empty,NG .resw source; locale=en-US; revision=7d81679f19f5fdaf5c8becaed58204869d1ac857
CFGEvntSLog.WinUI/Strings/Resources,CFGEvntSLog.WinUI Resources,nEvtClrPollingCycles,Clear after Nbr Runs,NG .resw source; locale=en-US; revision=7d81679f19f5fdaf5c8becaed58204869d1ac857
CFGEvntSLog.WinUI/Strings/Resources,CFGEvntSLog.WinUI Resources,nEvtClrSaveToFile,Create a Backup of the EventLog,NG .resw source; locale=en-US; revision=7d81679f19f5fdaf5c8becaed58204869d1ac857
CFGEvntSLog.WinUI/Strings/Resources,CFGEvntSLog.WinUI Resources,nEvtClrTime,Select Clearing at,NG .resw source; locale=en-US; revision=7d81679f19f5fdaf5c8becaed58204869d1ac857
CFGEvntSLog.WinUI/Strings/Resources,CFGEvntSLog.WinUI Resources,nEvtLogSuccessfullClear,Log if Clearing was successful,NG .resw source; locale=en-US; revision=7d81679f19f5fdaf5c8becaed58204869d1ac857
CFGEvntSLog.WinUI/Strings/Resources,CFGEvntSLog.WinUI Resources,nFTPPort,FTP Port,NG .resw source; locale=en-US; revision=7d81679f19f5fdaf5c8becaed58204869d1ac857
CFGEvntSLog.WinUI/Strings/Resources,CFGEvntSLog.WinUI Resources,nFacility,Syslog Facility,NG .resw source; locale=en-US; revision=7d81679f19f5fdaf5c8becaed58204869d1ac857
CFGEvntSLog.WinUI/Strings/Resources,CFGEvntSLog.WinUI Resources,nFieldType_,Fieldtype,NG .resw source; locale=en-US; revision=7d81679f19f5fdaf5c8becaed58204869d1ac857
CFGEvntSLog.WinUI/Strings/Resources,CFGEvntSLog.WinUI Resources,nFileDateTime,Include Date and Time,NG .resw source; locale=en-US; revision=7d81679f19f5fdaf5c8becaed58204869d1ac857
CFGEvntSLog.WinUI/Strings/Resources,CFGEvntSLog.WinUI Resources,nFileDateTimeReported,Include Date and Time reported by Device,NG .resw source; locale=en-US; revision=7d81679f19f5fdaf5c8becaed58204869d1ac857
CFGEvntSLog.WinUI/Strings/Resources,CFGEvntSLog.WinUI Resources,nFileFacility,Include Syslog Facility,NG .resw source; locale=en-US; revision=7d81679f19f5fdaf5c8becaed58204869d1ac857
CFGEvntSLog.WinUI/Strings/Resources,CFGEvntSLog.WinUI Resources,nFileFormat,File format,NG .resw source; locale=en-US; revision=7d81679f19f5fdaf5c8becaed58204869d1ac857
CFGEvntSLog.WinUI/Strings/Resources,CFGEvntSLog.WinUI Resources,nFilePriority,Include Syslog Priority,NG .resw source; locale=en-US; revision=7d81679f19f5fdaf5c8becaed58204869d1ac857
CFGEvntSLog.WinUI/Strings/Resources,CFGEvntSLog.WinUI Resources,nFileSource,Include Source,NG .resw source; locale=en-US; revision=7d81679f19f5fdaf5c8becaed58204869d1ac857
CFGEvntSLog.WinUI/Strings/Resources,CFGEvntSLog.WinUI Resources,nForceConnectionClose,Close connection after each Check Interval,NG .resw source; locale=en-US; revision=7d81679f19f5fdaf5c8becaed58204869d1ac857
CFGEvntSLog.WinUI/Strings/Resources,CFGEvntSLog.WinUI Resources,nForceUTF8Decoding,Force UTF8 Decoding if encoding could not be detected automatically.,NG .resw source; locale=en-US; revision=7d81679f19f5fdaf5c8becaed58204869d1ac857
CFGEvntSLog.WinUI/Strings/Resources,CFGEvntSLog.WinUI Resources,nFormatType,Select MessageFormat,NG .resw source; locale=en-US; revision=7d81679f19f5fdaf5c8becaed58204869d1ac857
CFGEvntSLog.WinUI/Strings/Resources,CFGEvntSLog.WinUI Resources,nFormatType_DISABLED,Disabled,NG .resw source; locale=en-US; revision=7d81679f19f5fdaf5c8becaed58204869d1ac857
CFGEvntSLog.WinUI/Strings/Resources,CFGEvntSLog.WinUI Resources,nFormatType_Json,JSON Format,NG .resw source; locale=en-US; revision=7d81679f19f5fdaf5c8becaed58204869d1ac857
CFGEvntSLog.WinUI/Strings/Resources,CFGEvntSLog.WinUI Resources,nFormatType_JsonSiem,LogPoint SIEM JSON Format,NG .resw source; locale=en-US; revision=7d81679f19f5fdaf5c8becaed58204869d1ac857
CFGEvntSLog.WinUI/Strings/Resources,CFGEvntSLog.WinUI Resources,nFormatType_Predefined,Predefined Event Format,NG .resw source; locale=en-US; revision=7d81679f19f5fdaf5c8becaed58204869d1ac857
CFGEvntSLog.WinUI/Strings/Resources,CFGEvntSLog.WinUI Resources,nFormatType_XML,Raw XML Format,NG .resw source; locale=en-US; revision=7d81679f19f5fdaf5c8becaed58204869d1ac857
CFGEvntSLog.WinUI/Strings/Resources,CFGEvntSLog.WinUI Resources,nForwardIUT,Forward as MWAgent XML representation code,NG .resw source; locale=en-US; revision=7d81679f19f5fdaf5c8becaed58204869d1ac857
CFGEvntSLog.WinUI/Strings/Resources,CFGEvntSLog.WinUI Resources,nGenerateOnSuccess,Generate an event if FTP Probe was successful,NG .resw source; locale=en-US; revision=7d81679f19f5fdaf5c8becaed58204869d1ac857
CFGEvntSLog.WinUI/Strings/Resources,CFGEvntSLog.WinUI Resources,nGenericName,Generic Name,NG .resw source; locale=en-US; revision=7d81679f19f5fdaf5c8becaed58204869d1ac857
CFGEvntSLog.WinUI/Strings/Resources,CFGEvntSLog.WinUI Resources,nHTTPPort,HTTP Port,NG .resw source; locale=en-US; revision=7d81679f19f5fdaf5c8becaed58204869d1ac857
CFGEvntSLog.WinUI/Strings/Resources,CFGEvntSLog.WinUI Resources,nIMAPPort,IMAP Port,NG .resw source; locale=en-US; revision=7d81679f19f5fdaf5c8becaed58204869d1ac857
CFGEvntSLog.WinUI/Strings/Resources,CFGEvntSLog.WinUI Resources,nIgnoreEmptyLines,Ignore empty lines,NG .resw source; locale=en-US; revision=7d81679f19f5fdaf5c8becaed58204869d1ac857
CFGEvntSLog.WinUI/Strings/Resources,CFGEvntSLog.WinUI Resources,nIncludeEventParameters,Include optional Event Parameters as properties?,NG .resw source; locale=en-US; revision=7d81679f19f5fdaf5c8becaed58204869d1ac857
CFGEvntSLog.WinUI/Strings/Resources,CFGEvntSLog.WinUI Resources,nIncludeMessage,Include Message,NG .resw source; locale=en-US; revision=7d81679f19f5fdaf5c8becaed58204869d1ac857
CFGEvntSLog.WinUI/Strings/Resources,CFGEvntSLog.WinUI Resources,nIncludeRAWMessage,Include RAW Message,NG .resw source; locale=en-US; revision=7d81679f19f5fdaf5c8becaed58204869d1ac857
CFGEvntSLog.WinUI/Strings/Resources,CFGEvntSLog.WinUI Resources,nIncludeSourceInFilename,Include Source in Filename,NG .resw source; locale=en-US; revision=7d81679f19f5fdaf5c8becaed58204869d1ac857
CFGEvntSLog.WinUI/Strings/Resources,CFGEvntSLog.WinUI Resources,nInstanceID,Instance subidentifier,NG .resw source; locale=en-US; revision=7d81679f19f5fdaf5c8becaed58204869d1ac857
CFGEvntSLog.WinUI/Strings/Resources,CFGEvntSLog.WinUI Resources,nJSONIncludeMessageProperty,Include Message property in CEE Format,NG .resw source; locale=en-US; revision=7d81679f19f5fdaf5c8becaed58204869d1ac857
CFGEvntSLog.WinUI/Strings/Resources,CFGEvntSLog.WinUI Resources,nJapanStringHandling,Special Unicoder Conversion for Japanese Systems,NG .resw source; locale=en-US; revision=7d81679f19f5fdaf5c8becaed58204869d1ac857
CFGEvntSLog.WinUI/Strings/Resources,CFGEvntSLog.WinUI Resources,nKeepReadingUntilNew,Keep reading the current opened file until a new is created,NG .resw source; locale=en-US; revision=7d81679f19f5fdaf5c8becaed58204869d1ac857
CFGEvntSLog.WinUI/Strings/Resources,CFGEvntSLog.WinUI Resources,nLanguageLCID,Preferred language,NG .resw source; locale=en-US; revision=7d81679f19f5fdaf5c8becaed58204869d1ac857
CFGEvntSLog.WinUI/Strings/Resources,CFGEvntSLog.WinUI Resources,nLastPos,Last File Position,NG .resw source; locale=en-US; revision=7d81679f19f5fdaf5c8becaed58204869d1ac857
CFGEvntSLog.WinUI/Strings/Resources,CFGEvntSLog.WinUI Resources,nLastRecord,Last Record,NG .resw source; locale=en-US; revision=7d81679f19f5fdaf5c8becaed58204869d1ac857
CFGEvntSLog.WinUI/Strings/Resources,CFGEvntSLog.WinUI Resources,nLastRecordDelayCount,Save after amount of entries,NG .resw source; locale=en-US; revision=7d81679f19f5fdaf5c8becaed58204869d1ac857
CFGEvntSLog.WinUI/Strings/Resources,CFGEvntSLog.WinUI Resources,nLastRecordDelayTime,Save after wait time,NG .resw source; locale=en-US; revision=7d81679f19f5fdaf5c8becaed58204869d1ac857
CFGEvntSLog.WinUI/Strings/Resources,CFGEvntSLog.WinUI Resources,nLastWriteTime,Last WriteTime,NG .resw source; locale=en-US; revision=7d81679f19f5fdaf5c8becaed58204869d1ac857
CFGEvntSLog.WinUI/Strings/Resources,CFGEvntSLog.WinUI Resources,nLibCacheTimeOut,How long should libraries be cached?,NG .resw source; locale=en-US; revision=7d81679f19f5fdaf5c8becaed58204869d1ac857
CFGEvntSLog.WinUI/Strings/Resources,CFGEvntSLog.WinUI Resources,nListenPort,Listener Port,NG .resw source; locale=en-US; revision=7d81679f19f5fdaf5c8becaed58204869d1ac857
CFGEvntSLog.WinUI/Strings/Resources,CFGEvntSLog.WinUI Resources,nLogDoNotRotateOnShutdown,Do not rotate files on shutdown ,NG .resw source; locale=en-US; revision=7d81679f19f5fdaf5c8becaed58204869d1ac857
CFGEvntSLog.WinUI/Strings/Resources,CFGEvntSLog.WinUI Resources,nLogEnableRotate,Enable Log Rotation,NG .resw source; locale=en-US; revision=7d81679f19f5fdaf5c8becaed58204869d1ac857
CFGEvntSLog.WinUI/Strings/Resources,CFGEvntSLog.WinUI Resources,nLogEnableRotateTimeOfTheDay,Enable rotation by time of the day,NG .resw source; locale=en-US; revision=7d81679f19f5fdaf5c8becaed58204869d1ac857
CFGEvntSLog.WinUI/Strings/Resources,CFGEvntSLog.WinUI Resources,nLogEnableRotateTimeout,Enable time based rotation,NG .resw source; locale=en-US; revision=7d81679f19f5fdaf5c8becaed58204869d1ac857
CFGEvntSLog.WinUI/Strings/Resources,CFGEvntSLog.WinUI Resources,nLogFileType,Logfile Type,NG .resw source; locale=en-US; revision=7d81679f19f5fdaf5c8becaed58204869d1ac857
CFGEvntSLog.WinUI/Strings/Resources,CFGEvntSLog.WinUI Resources,nLogMoveAfterRotate,Move file after log rotation,NG .resw source; locale=en-US; revision=7d81679f19f5fdaf5c8becaed58204869d1ac857
CFGEvntSLog.WinUI/Strings/Resources,CFGEvntSLog.WinUI Resources,nLogRotateMaxFiles,Maximum number of rotated logfiles to keep,NG .resw source; locale=en-US; revision=7d81679f19f5fdaf5c8becaed58204869d1ac857
CFGEvntSLog.WinUI/Strings/Resources,CFGEvntSLog.WinUI Resources,nLogRotateMaxWait,Max wait time for log rotation,NG .resw source; locale=en-US; revision=7d81679f19f5fdaf5c8becaed58204869d1ac857
CFGEvntSLog.WinUI/Strings/Resources,CFGEvntSLog.WinUI Resources,nLogRotateOnClose,Rotate each time a file is closed,NG .resw source; locale=en-US; revision=7d81679f19f5fdaf5c8becaed58204869d1ac857
CFGEvntSLog.WinUI/Strings/Resources,CFGEvntSLog.WinUI Resources,nLogRotateOnSizeLimit,Rotate if this file size limit is being reached: ,NG .resw source; locale=en-US; revision=7d81679f19f5fdaf5c8becaed58204869d1ac857
CFGEvntSLog.WinUI/Strings/Resources,CFGEvntSLog.WinUI Resources,nLogRotateSizeLimit,File size limit (KB),NG .resw source; locale=en-US; revision=7d81679f19f5fdaf5c8becaed58204869d1ac857
CFGEvntSLog.WinUI/Strings/Resources,CFGEvntSLog.WinUI Resources,nLogRotateTimeOfTheDay,Rotate files at this time (hour:minute),NG .resw source; locale=en-US; revision=7d81679f19f5fdaf5c8becaed58204869d1ac857
CFGEvntSLog.WinUI/Strings/Resources,CFGEvntSLog.WinUI Resources,nLogRotateTimeOfTheDayFriday,Friday,NG .resw source; locale=en-US; revision=7d81679f19f5fdaf5c8becaed58204869d1ac857
CFGEvntSLog.WinUI/Strings/Resources,CFGEvntSLog.WinUI Resources,nLogRotateTimeOfTheDayMonday,Monday,NG .resw source; locale=en-US; revision=7d81679f19f5fdaf5c8becaed58204869d1ac857
CFGEvntSLog.WinUI/Strings/Resources,CFGEvntSLog.WinUI Resources,nLogRotateTimeOfTheDaySaturday,Saturday,NG .resw source; locale=en-US; revision=7d81679f19f5fdaf5c8becaed58204869d1ac857
CFGEvntSLog.WinUI/Strings/Resources,CFGEvntSLog.WinUI Resources,nLogRotateTimeOfTheDaySunday,Sunday,NG .resw source; locale=en-US; revision=7d81679f19f5fdaf5c8becaed58204869d1ac857
CFGEvntSLog.WinUI/Strings/Resources,CFGEvntSLog.WinUI Resources,nLogRotateTimeOfTheDayThusday,Thursday,NG .resw source; locale=en-US; revision=7d81679f19f5fdaf5c8becaed58204869d1ac857
CFGEvntSLog.WinUI/Strings/Resources,CFGEvntSLog.WinUI Resources,nLogRotateTimeOfTheDayTuesday,Tuesday,NG .resw source; locale=en-US; revision=7d81679f19f5fdaf5c8becaed58204869d1ac857
CFGEvntSLog.WinUI/Strings/Resources,CFGEvntSLog.WinUI Resources,nLogRotateTimeOfTheDayWednesday,Wednesday,NG .resw source; locale=en-US; revision=7d81679f19f5fdaf5c8becaed58204869d1ac857
CFGEvntSLog.WinUI/Strings/Resources,CFGEvntSLog.WinUI Resources,nLogRotateTimeout,Rotate logfiles older than:,NG .resw source; locale=en-US; revision=7d81679f19f5fdaf5c8becaed58204869d1ac857
CFGEvntSLog.WinUI/Strings/Resources,CFGEvntSLog.WinUI Resources,nLogRotateTimeoutUnit,Unit,NG .resw source; locale=en-US; revision=7d81679f19f5fdaf5c8becaed58204869d1ac857
CFGEvntSLog.WinUI/Strings/Resources,CFGEvntSLog.WinUI Resources,nLogRotateWorkerCount,Number of log rotation workers,NG .resw source; locale=en-US; revision=7d81679f19f5fdaf5c8becaed58204869d1ac857
CFGEvntSLog.WinUI/Strings/Resources,CFGEvntSLog.WinUI Resources,nLogRotateWorkerEnable,Enable queued log rotation workers,NG .resw source; locale=en-US; revision=7d81679f19f5fdaf5c8becaed58204869d1ac857
CFGEvntSLog.WinUI/Strings/Resources,CFGEvntSLog.WinUI Resources,nLogRotateWorkerSleepTime,Idle wait time between queue checks,NG .resw source; locale=en-US; revision=7d81679f19f5fdaf5c8becaed58204869d1ac857
CFGEvntSLog.WinUI/Strings/Resources,CFGEvntSLog.WinUI Resources,nLogRotateWorkerStopWaitTimeout,Shutdown wait time for queued log rotation jobs,NG .resw source; locale=en-US; revision=7d81679f19f5fdaf5c8becaed58204869d1ac857
CFGEvntSLog.WinUI/Strings/Resources,CFGEvntSLog.WinUI Resources,nLogZipAfterRotate,Compress file after log rotation,NG .resw source; locale=en-US; revision=7d81679f19f5fdaf5c8becaed58204869d1ac857
CFGEvntSLog.WinUI/Strings/Resources,CFGEvntSLog.WinUI Resources,nLogZipAfterRotateFormat,Compression Format,NG .resw source; locale=en-US; revision=7d81679f19f5fdaf5c8becaed58204869d1ac857
CFGEvntSLog.WinUI/Strings/Resources,CFGEvntSLog.WinUI Resources,nLogZipCompressionLevel,Compression Level,NG .resw source; locale=en-US; revision=7d81679f19f5fdaf5c8becaed58204869d1ac857
CFGEvntSLog.WinUI/Strings/Resources,CFGEvntSLog.WinUI Resources,nMAX_LONGVCHAR_LEN,Maximum text length (Bytes),NG .resw source; locale=en-US; revision=7d81679f19f5fdaf5c8becaed58204869d1ac857
CFGEvntSLog.WinUI/Strings/Resources,CFGEvntSLog.WinUI Resources,nMAX_VCHAR_LEN,Maximum char length (Bytes),NG .resw source; locale=en-US; revision=7d81679f19f5fdaf5c8becaed58204869d1ac857
CFGEvntSLog.WinUI/Strings/Resources,CFGEvntSLog.WinUI Resources,nMEMEnable,Enable Memory Check,NG .resw source; locale=en-US; revision=7d81679f19f5fdaf5c8becaed58204869d1ac857
CFGEvntSLog.WinUI/Strings/Resources,CFGEvntSLog.WinUI Resources,nMEMOccurences,Occurrences until Memory alarm is raised,NG .resw source; locale=en-US; revision=7d81679f19f5fdaf5c8becaed58204869d1ac857
CFGEvntSLog.WinUI/Strings/Resources,CFGEvntSLog.WinUI Resources,nMEMPsyEnable,Enable Physical Memory Check,NG .resw source; locale=en-US; revision=7d81679f19f5fdaf5c8becaed58204869d1ac857
CFGEvntSLog.WinUI/Strings/Resources,CFGEvntSLog.WinUI Resources,nMEMPsyOccurences,Occurrences until Physical Memory alarm is raised,NG .resw source; locale=en-US; revision=7d81679f19f5fdaf5c8becaed58204869d1ac857
CFGEvntSLog.WinUI/Strings/Resources,CFGEvntSLog.WinUI Resources,nMEMPsyReportIfBelowAlarm,Also report if Physical Memory level is below the alarm level,NG .resw source; locale=en-US; revision=7d81679f19f5fdaf5c8becaed58204869d1ac857
CFGEvntSLog.WinUI/Strings/Resources,CFGEvntSLog.WinUI Resources,nMEMPsyUsageAlarmLevel,Physical Memory usage alarm level,NG .resw source; locale=en-US; revision=7d81679f19f5fdaf5c8becaed58204869d1ac857
CFGEvntSLog.WinUI/Strings/Resources,CFGEvntSLog.WinUI Resources,nMEMReportIfBelowAlarm,Also report if Memory Level is below the alarm level,NG .resw source; locale=en-US; revision=7d81679f19f5fdaf5c8becaed58204869d1ac857
CFGEvntSLog.WinUI/Strings/Resources,CFGEvntSLog.WinUI Resources,nMEMUsageAlarmLevel,Memory usage alarm level,NG .resw source; locale=en-US; revision=7d81679f19f5fdaf5c8becaed58204869d1ac857
CFGEvntSLog.WinUI/Strings/Resources,CFGEvntSLog.WinUI Resources,nMEMVirtEnable,Enable Virtual Memory Check,NG .resw source; locale=en-US; revision=7d81679f19f5fdaf5c8becaed58204869d1ac857
CFGEvntSLog.WinUI/Strings/Resources,CFGEvntSLog.WinUI Resources,nMEMVirtOccurences,Occurrences until Virtual Memory alarm is raised,NG .resw source; locale=en-US; revision=7d81679f19f5fdaf5c8becaed58204869d1ac857
CFGEvntSLog.WinUI/Strings/Resources,CFGEvntSLog.WinUI Resources,nMEMVirtReportIfBelowAlarm,Also report if Virtual Memory Level is below the alarm level,NG .resw source; locale=en-US; revision=7d81679f19f5fdaf5c8becaed58204869d1ac857
CFGEvntSLog.WinUI/Strings/Resources,CFGEvntSLog.WinUI Resources,nMEMVirtUsageAlarmLevel,Virtual Memory usage alarm level,NG .resw source; locale=en-US; revision=7d81679f19f5fdaf5c8becaed58204869d1ac857
CFGEvntSLog.WinUI/Strings/Resources,CFGEvntSLog.WinUI Resources,nMIAPSendPort,Default SETP Port,NG .resw source; locale=en-US; revision=7d81679f19f5fdaf5c8becaed58204869d1ac857
CFGEvntSLog.WinUI/Strings/Resources,CFGEvntSLog.WinUI Resources,nMailPriority,Mail Priority,NG .resw source; locale=en-US; revision=7d81679f19f5fdaf5c8becaed58204869d1ac857
CFGEvntSLog.WinUI/Strings/Resources,CFGEvntSLog.WinUI Resources,nMaxBytesPerMessage,Max Bytes per Message,NG .resw source; locale=en-US; revision=7d81679f19f5fdaf5c8becaed58204869d1ac857
CFGEvntSLog.WinUI/Strings/Resources,CFGEvntSLog.WinUI Resources,nMaxFileSize,Maximum file size (KB),NG .resw source; locale=en-US; revision=7d81679f19f5fdaf5c8becaed58204869d1ac857
CFGEvntSLog.WinUI/Strings/Resources,CFGEvntSLog.WinUI Resources,nMaxValueLength,Maximum value length (Bytes):,NG .resw source; locale=en-US; revision=7d81679f19f5fdaf5c8becaed58204869d1ac857
CFGEvntSLog.WinUI/Strings/Resources,CFGEvntSLog.WinUI Resources,nMessagePriority,Queue Priority,NG .resw source; locale=en-US; revision=7d81679f19f5fdaf5c8becaed58204869d1ac857
CFGEvntSLog.WinUI/Strings/Resources,CFGEvntSLog.WinUI Resources,nMultipleFiles,Allow Directories or read multiple files (Needs Wildcard in Filename),NG .resw source; locale=en-US; revision=7d81679f19f5fdaf5c8becaed58204869d1ac857
CFGEvntSLog.WinUI/Strings/Resources,CFGEvntSLog.WinUI Resources,nNNTPPort,NNTP Port,NG .resw source; locale=en-US; revision=7d81679f19f5fdaf5c8becaed58204869d1ac857
CFGEvntSLog.WinUI/Strings/Resources,CFGEvntSLog.WinUI Resources,nNbrOfRetries,Number Of Retries,NG .resw source; locale=en-US; revision=7d81679f19f5fdaf5c8becaed58204869d1ac857
CFGEvntSLog.WinUI/Strings/Resources,CFGEvntSLog.WinUI Resources,nNoExistingEntries,Do NOT process existing entries,NG .resw source; locale=en-US; revision=7d81679f19f5fdaf5c8becaed58204869d1ac857
CFGEvntSLog.WinUI/Strings/Resources,CFGEvntSLog.WinUI Resources,nNumberOfLogfiles,Number of Logfiles,NG .resw source; locale=en-US; revision=7d81679f19f5fdaf5c8becaed58204869d1ac857
CFGEvntSLog.WinUI/Strings/Resources,CFGEvntSLog.WinUI Resources,nODBCEnCryption,Enable Password encryption,NG .resw source; locale=en-US; revision=7d81679f19f5fdaf5c8becaed58204869d1ac857
CFGEvntSLog.WinUI/Strings/Resources,CFGEvntSLog.WinUI Resources,nOleDbEnCryption,Encrypt password,NG .resw source; locale=en-US; revision=7d81679f19f5fdaf5c8becaed58204869d1ac857
CFGEvntSLog.WinUI/Strings/Resources,CFGEvntSLog.WinUI Resources,nOnMaxProc,On Max Processes,NG .resw source; locale=en-US; revision=7d81679f19f5fdaf5c8becaed58204869d1ac857
CFGEvntSLog.WinUI/Strings/Resources,CFGEvntSLog.WinUI Resources,nOnMaxProcWait,Waittime On Max Processes,NG .resw source; locale=en-US; revision=7d81679f19f5fdaf5c8becaed58204869d1ac857
CFGEvntSLog.WinUI/Strings/Resources,CFGEvntSLog.WinUI Resources,nOutputEncodingUTF8BOM,Include UTF8 BOM in message,NG .resw source; locale=en-US; revision=7d81679f19f5fdaf5c8becaed58204869d1ac857
CFGEvntSLog.WinUI/Strings/Resources,CFGEvntSLog.WinUI Resources,nOutputFormat,Lognorm Output Format,NG .resw source; locale=en-US; revision=7d81679f19f5fdaf5c8becaed58204869d1ac857
CFGEvntSLog.WinUI/Strings/Resources,CFGEvntSLog.WinUI Resources,nPOP3Port,POP3 Port,NG .resw source; locale=en-US; revision=7d81679f19f5fdaf5c8becaed58204869d1ac857
CFGEvntSLog.WinUI/Strings/Resources,CFGEvntSLog.WinUI Resources,nParity,Parity,NG .resw source; locale=en-US; revision=7d81679f19f5fdaf5c8becaed58204869d1ac857
CFGEvntSLog.WinUI/Strings/Resources,CFGEvntSLog.WinUI Resources,nParseSyslogDate,Use original message timestamp (RFC 3164),NG .resw source; locale=en-US; revision=7d81679f19f5fdaf5c8becaed58204869d1ac857
CFGEvntSLog.WinUI/Strings/Resources,CFGEvntSLog.WinUI Resources,nPort,HTTP Port,NG .resw source; locale=en-US; revision=7d81679f19f5fdaf5c8becaed58204869d1ac857
CFGEvntSLog.WinUI/Strings/Resources,CFGEvntSLog.WinUI Resources,nPortNumber,Port,NG .resw source; locale=en-US; revision=7d81679f19f5fdaf5c8becaed58204869d1ac857
CFGEvntSLog.WinUI/Strings/Resources,CFGEvntSLog.WinUI Resources,nPort_,Port,NG .resw source; locale=en-US; revision=7d81679f19f5fdaf5c8becaed58204869d1ac857
CFGEvntSLog.WinUI/Strings/Resources,CFGEvntSLog.WinUI Resources,nPreventOverrunDelay,Overrun Prevention Delay (ms),NG .resw source; locale=en-US; revision=7d81679f19f5fdaf5c8becaed58204869d1ac857
CFGEvntSLog.WinUI/Strings/Resources,CFGEvntSLog.WinUI Resources,nPriorityAuditFailure,Audit Failure,NG .resw source; locale=en-US; revision=7d81679f19f5fdaf5c8becaed58204869d1ac857
CFGEvntSLog.WinUI/Strings/Resources,CFGEvntSLog.WinUI Resources,nPriorityAuditSuccess,Audit Success,NG .resw source; locale=en-US; revision=7d81679f19f5fdaf5c8becaed58204869d1ac857
CFGEvntSLog.WinUI/Strings/Resources,CFGEvntSLog.WinUI Resources,nPriorityCritical,Critical,NG .resw source; locale=en-US; revision=7d81679f19f5fdaf5c8becaed58204869d1ac857
CFGEvntSLog.WinUI/Strings/Resources,CFGEvntSLog.WinUI Resources,nPriorityError,Error,NG .resw source; locale=en-US; revision=7d81679f19f5fdaf5c8becaed58204869d1ac857
CFGEvntSLog.WinUI/Strings/Resources,CFGEvntSLog.WinUI Resources,nPriorityInfo,Information,NG .resw source; locale=en-US; revision=7d81679f19f5fdaf5c8becaed58204869d1ac857
CFGEvntSLog.WinUI/Strings/Resources,CFGEvntSLog.WinUI Resources,nPriorityInformation,Information,NG .resw source; locale=en-US; revision=7d81679f19f5fdaf5c8becaed58204869d1ac857
CFGEvntSLog.WinUI/Strings/Resources,CFGEvntSLog.WinUI Resources,nPrioritySuccess,Success,NG .resw source; locale=en-US; revision=7d81679f19f5fdaf5c8becaed58204869d1ac857
CFGEvntSLog.WinUI/Strings/Resources,CFGEvntSLog.WinUI Resources,nPriorityVerbose,Verbose,NG .resw source; locale=en-US; revision=7d81679f19f5fdaf5c8becaed58204869d1ac857
CFGEvntSLog.WinUI/Strings/Resources,CFGEvntSLog.WinUI Resources,nPriorityWarning,Warning,NG .resw source; locale=en-US; revision=7d81679f19f5fdaf5c8becaed58204869d1ac857
CFGEvntSLog.WinUI/Strings/Resources,CFGEvntSLog.WinUI Resources,nProcMode,Processing Mode,NG .resw source; locale=en-US; revision=7d81679f19f5fdaf5c8becaed58204869d1ac857
CFGEvntSLog.WinUI/Strings/Resources,CFGEvntSLog.WinUI Resources,nProcessPriority,Process Priority,NG .resw source; locale=en-US; revision=7d81679f19f5fdaf5c8becaed58204869d1ac857
CFGEvntSLog.WinUI/Strings/Resources,CFGEvntSLog.WinUI Resources,nProcessRestOfFile,Process rest of file as one message (If no message separator matches anymore),NG .resw source; locale=en-US; revision=7d81679f19f5fdaf5c8becaed58204869d1ac857
CFGEvntSLog.WinUI/Strings/Resources,CFGEvntSLog.WinUI Resources,nProcessingLow,Processing pointer,NG .resw source; locale=en-US; revision=7d81679f19f5fdaf5c8becaed58204869d1ac857
CFGEvntSLog.WinUI/Strings/Resources,CFGEvntSLog.WinUI Resources,nPropertiesTable,Enable Detail Property Logging,NG .resw source; locale=en-US; revision=7d81679f19f5fdaf5c8becaed58204869d1ac857
CFGEvntSLog.WinUI/Strings/Resources,CFGEvntSLog.WinUI Resources,nPropertyMsgSep,Save Message Separator in Property (%msgsep%),NG .resw source; locale=en-US; revision=7d81679f19f5fdaf5c8becaed58204869d1ac857
CFGEvntSLog.WinUI/Strings/Resources,CFGEvntSLog.WinUI Resources,nPropertyMsgSepReset,Reset Message Separator after each run,NG .resw source; locale=en-US; revision=7d81679f19f5fdaf5c8becaed58204869d1ac857
CFGEvntSLog.WinUI/Strings/Resources,CFGEvntSLog.WinUI Resources,nProtectAgainstShutdown,Protect Service against shutdown,NG .resw source; locale=en-US; revision=7d81679f19f5fdaf5c8becaed58204869d1ac857
CFGEvntSLog.WinUI/Strings/Resources,CFGEvntSLog.WinUI Resources,nProtocolType,Protocol Type,NG .resw source; locale=en-US; revision=7d81679f19f5fdaf5c8becaed58204869d1ac857
CFGEvntSLog.WinUI/Strings/Resources,CFGEvntSLog.WinUI Resources,nQueueLimit,Queuelimit,NG .resw source; locale=en-US; revision=7d81679f19f5fdaf5c8becaed58204869d1ac857
CFGEvntSLog.WinUI/Strings/Resources,CFGEvntSLog.WinUI Resources,nRFC3164DetectYear,Try to parse year from message timestamp (RFC 3164),NG .resw source; locale=en-US; revision=7d81679f19f5fdaf5c8becaed58204869d1ac857
CFGEvntSLog.WinUI/Strings/Resources,CFGEvntSLog.WinUI Resources,nRFC3164Parsing,Enable RFC3164 Parsing,NG .resw source; locale=en-US; revision=7d81679f19f5fdaf5c8becaed58204869d1ac857
CFGEvntSLog.WinUI/Strings/Resources,CFGEvntSLog.WinUI Resources,nRFC5424AddProcID2SyslogTag,Append ProcessID to Syslogtag if available,NG .resw source; locale=en-US; revision=7d81679f19f5fdaf5c8becaed58204869d1ac857
CFGEvntSLog.WinUI/Strings/Resources,CFGEvntSLog.WinUI Resources,nRFC5424Parsing,Enable RFC5424 Parsing,NG .resw source; locale=en-US; revision=7d81679f19f5fdaf5c8becaed58204869d1ac857
CFGEvntSLog.WinUI/Strings/Resources,CFGEvntSLog.WinUI Resources,nReUseFile,Clear logfile instead of deleting (File will be reused),NG .resw source; locale=en-US; revision=7d81679f19f5fdaf5c8becaed58204869d1ac857
CFGEvntSLog.WinUI/Strings/Resources,CFGEvntSLog.WinUI Resources,nReadFileBuffer,Read Filebuffer size,NG .resw source; locale=en-US; revision=7d81679f19f5fdaf5c8becaed58204869d1ac857
CFGEvntSLog.WinUI/Strings/Resources,CFGEvntSLog.WinUI Resources,nReadFromFile,Read Eventlog from File,NG .resw source; locale=en-US; revision=7d81679f19f5fdaf5c8becaed58204869d1ac857
CFGEvntSLog.WinUI/Strings/Resources,CFGEvntSLog.WinUI Resources,nReadSourceLocally,Read EventLog Sources from local machine,NG .resw source; locale=en-US; revision=7d81679f19f5fdaf5c8becaed58204869d1ac857
CFGEvntSLog.WinUI/Strings/Resources,CFGEvntSLog.WinUI Resources,nRemoveControlChars,Remove Control Characters,NG .resw source; locale=en-US; revision=7d81679f19f5fdaf5c8becaed58204869d1ac857
CFGEvntSLog.WinUI/Strings/Resources,CFGEvntSLog.WinUI Resources,nRemoveControlCharsFromParams,Remove Control Characters from String Parameters,NG .resw source; locale=en-US; revision=7d81679f19f5fdaf5c8becaed58204869d1ac857
CFGEvntSLog.WinUI/Strings/Resources,CFGEvntSLog.WinUI Resources,nRemoveLeadingSpaces,Remove leading space,NG .resw source; locale=en-US; revision=7d81679f19f5fdaf5c8becaed58204869d1ac857
CFGEvntSLog.WinUI/Strings/Resources,CFGEvntSLog.WinUI Resources,nReplaceNullBytes,Replace NULL Bytes with spaces,NG .resw source; locale=en-US; revision=7d81679f19f5fdaf5c8becaed58204869d1ac857
CFGEvntSLog.WinUI/Strings/Resources,CFGEvntSLog.WinUI Resources,nReportCrash,Automatically send problem reports to Adiscon Support,NG .resw source; locale=en-US; revision=7d81679f19f5fdaf5c8becaed58204869d1ac857
CFGEvntSLog.WinUI/Strings/Resources,CFGEvntSLog.WinUI Resources,nReportErrorOnFNF,Report an error if the File was not found (Willbe written into the Application Eventlog),NG .resw source; locale=en-US; revision=7d81679f19f5fdaf5c8becaed58204869d1ac857
CFGEvntSLog.WinUI/Strings/Resources,CFGEvntSLog.WinUI Resources,nReportInJSON,Use CEE enhanced Syslog Format,NG .resw source; locale=en-US; revision=7d81679f19f5fdaf5c8becaed58204869d1ac857
CFGEvntSLog.WinUI/Strings/Resources,CFGEvntSLog.WinUI Resources,nResolveIfName,Also resolve name if the source property is already a name,NG .resw source; locale=en-US; revision=7d81679f19f5fdaf5c8becaed58204869d1ac857
CFGEvntSLog.WinUI/Strings/Resources,CFGEvntSLog.WinUI Resources,nResolveLongMibNames,Fully resolve Mibnames (Long Format),NG .resw source; locale=en-US; revision=7d81679f19f5fdaf5c8becaed58204869d1ac857
CFGEvntSLog.WinUI/Strings/Resources,CFGEvntSLog.WinUI Resources,nResolveMibNamesShort,Use short Format (Last Portion only),NG .resw source; locale=en-US; revision=7d81679f19f5fdaf5c8becaed58204869d1ac857
CFGEvntSLog.WinUI/Strings/Resources,CFGEvntSLog.WinUI Resources,nResolveNames,Resolve Hostnames,NG .resw source; locale=en-US; revision=7d81679f19f5fdaf5c8becaed58204869d1ac857
CFGEvntSLog.WinUI/Strings/Resources,CFGEvntSLog.WinUI Resources,nRetryCount,Retry Count,NG .resw source; locale=en-US; revision=7d81679f19f5fdaf5c8becaed58204869d1ac857
CFGEvntSLog.WinUI/Strings/Resources,CFGEvntSLog.WinUI Resources,nRetryInterval,Retry Interval (ms),NG .resw source; locale=en-US; revision=7d81679f19f5fdaf5c8becaed58204869d1ac857
CFGEvntSLog.WinUI/Strings/Resources,CFGEvntSLog.WinUI Resources,nRetryPeriod,Retry period (ms),NG .resw source; locale=en-US; revision=7d81679f19f5fdaf5c8becaed58204869d1ac857
CFGEvntSLog.WinUI/Strings/Resources,CFGEvntSLog.WinUI Resources,nRingBufferSize,Queue File Size (static),NG .resw source; locale=en-US; revision=7d81679f19f5fdaf5c8becaed58204869d1ac857
CFGEvntSLog.WinUI/Strings/Resources,CFGEvntSLog.WinUI Resources,nRoundRobinMsgCount,Amount of messages sent to each syslog server before load balancing,NG .resw source; locale=en-US; revision=7d81679f19f5fdaf5c8becaed58204869d1ac857
CFGEvntSLog.WinUI/Strings/Resources,CFGEvntSLog.WinUI Resources,nRtsControl,RTS Control Flow,NG .resw source; locale=en-US; revision=7d81679f19f5fdaf5c8becaed58204869d1ac857
CFGEvntSLog.WinUI/Strings/Resources,CFGEvntSLog.WinUI Resources,nSMTPPort,Mailserver port,NG .resw source; locale=en-US; revision=7d81679f19f5fdaf5c8becaed58204869d1ac857
CFGEvntSLog.WinUI/Strings/Resources,CFGEvntSLog.WinUI Resources,nSMTPPortBackup,Backup Mailserver port,NG .resw source; locale=en-US; revision=7d81679f19f5fdaf5c8becaed58204869d1ac857
CFGEvntSLog.WinUI/Strings/Resources,CFGEvntSLog.WinUI Resources,nSQLConnectionTimeOut,SQL Connection Timeout,NG .resw source; locale=en-US; revision=7d81679f19f5fdaf5c8becaed58204869d1ac857
CFGEvntSLog.WinUI/Strings/Resources,CFGEvntSLog.WinUI Resources,nSQLStatementType,Statement Type,NG .resw source; locale=en-US; revision=7d81679f19f5fdaf5c8becaed58204869d1ac857
CFGEvntSLog.WinUI/Strings/Resources,CFGEvntSLog.WinUI Resources,nSaveSourceIntoProperty,Save original source into property,NG .resw source; locale=en-US; revision=7d81679f19f5fdaf5c8becaed58204869d1ac857
CFGEvntSLog.WinUI/Strings/Resources,CFGEvntSLog.WinUI Resources,nSavingLow,Saving pointer,NG .resw source; locale=en-US; revision=7d81679f19f5fdaf5c8becaed58204869d1ac857
CFGEvntSLog.WinUI/Strings/Resources,CFGEvntSLog.WinUI Resources,nSegmentFileBySize,Segment file size (KB),NG .resw source; locale=en-US; revision=7d81679f19f5fdaf5c8becaed58204869d1ac857
CFGEvntSLog.WinUI/Strings/Resources,CFGEvntSLog.WinUI Resources,nSegmentFileEnable,Segment files when the following file size is reached (KB),NG .resw source; locale=en-US; revision=7d81679f19f5fdaf5c8becaed58204869d1ac857
CFGEvntSLog.WinUI/Strings/Resources,CFGEvntSLog.WinUI Resources,nSelpSendPort,RELP Port,NG .resw source; locale=en-US; revision=7d81679f19f5fdaf5c8becaed58204869d1ac857
CFGEvntSLog.WinUI/Strings/Resources,CFGEvntSLog.WinUI Resources,nSendExpect,Send Message and check for expected message,NG .resw source; locale=en-US; revision=7d81679f19f5fdaf5c8becaed58204869d1ac857
CFGEvntSLog.WinUI/Strings/Resources,CFGEvntSLog.WinUI Resources,nSendMode,Syslog Send mode,NG .resw source; locale=en-US; revision=7d81679f19f5fdaf5c8becaed58204869d1ac857
CFGEvntSLog.WinUI/Strings/Resources,CFGEvntSLog.WinUI Resources,nSendRecvTimeOut,Send / Receive Timeout,NG .resw source; locale=en-US; revision=7d81679f19f5fdaf5c8becaed58204869d1ac857
CFGEvntSLog.WinUI/Strings/Resources,CFGEvntSLog.WinUI Resources,nSendTimeOut,Send /Receive Timeout,NG .resw source; locale=en-US; revision=7d81679f19f5fdaf5c8becaed58204869d1ac857
CFGEvntSLog.WinUI/Strings/Resources,CFGEvntSLog.WinUI Resources,nShutdownProtectionTimeout,Shutdown protection timeout,NG .resw source; locale=en-US; revision=7d81679f19f5fdaf5c8becaed58204869d1ac857
CFGEvntSLog.WinUI/Strings/Resources,CFGEvntSLog.WinUI Resources,nShutdownProtectionTimeout_Description,0 waits without a deadline. A positive value limits the complete protected shutdown in milliseconds; reaching it can lose messages that are not durably stored.,NG .resw source; locale=en-US; revision=7d81679f19f5fdaf5c8becaed58204869d1ac857
CFGEvntSLog.WinUI/Strings/Resources,CFGEvntSLog.WinUI Resources,nShutdownProtectionTimeout_ZeroLabel,0 (unlimited),NG .resw source; locale=en-US; revision=7d81679f19f5fdaf5c8becaed58204869d1ac857
CFGEvntSLog.WinUI/Strings/Resources,CFGEvntSLog.WinUI Resources,nSkipLinesEnabled,Skip all lines on Startup,NG .resw source; locale=en-US; revision=7d81679f19f5fdaf5c8becaed58204869d1ac857
CFGEvntSLog.WinUI/Strings/Resources,CFGEvntSLog.WinUI Resources,nSleepTime,Check Interval (ms),NG .resw source; locale=en-US; revision=7d81679f19f5fdaf5c8becaed58204869d1ac857
CFGEvntSLog.WinUI/Strings/Resources,CFGEvntSLog.WinUI Resources,nSnmpVersion,SNMP Version,NG .resw source; locale=en-US; revision=7d81679f19f5fdaf5c8becaed58204869d1ac857
CFGEvntSLog.WinUI/Strings/Resources,CFGEvntSLog.WinUI Resources,nSpecificType,Specific Type,NG .resw source; locale=en-US; revision=7d81679f19f5fdaf5c8becaed58204869d1ac857
CFGEvntSLog.WinUI/Strings/Resources,CFGEvntSLog.WinUI Resources,nSpoofIPAddress,Enable IP Spoofing for the UDP Protocol. See the manual for more details,NG .resw source; locale=en-US; revision=7d81679f19f5fdaf5c8becaed58204869d1ac857
CFGEvntSLog.WinUI/Strings/Resources,CFGEvntSLog.WinUI Resources,nStopbits,Stop bits,NG .resw source; locale=en-US; revision=7d81679f19f5fdaf5c8becaed58204869d1ac857
CFGEvntSLog.WinUI/Strings/Resources,CFGEvntSLog.WinUI Resources,nSubscriptionSleepTime,Wait time after action failure,NG .resw source; locale=en-US; revision=7d81679f19f5fdaf5c8becaed58204869d1ac857
CFGEvntSLog.WinUI/Strings/Resources,CFGEvntSLog.WinUI Resources,nSyncTimeOut,Sync Timeout,NG .resw source; locale=en-US; revision=7d81679f19f5fdaf5c8becaed58204869d1ac857
CFGEvntSLog.WinUI/Strings/Resources,CFGEvntSLog.WinUI Resources,nSyntax_,Type,NG .resw source; locale=en-US; revision=7d81679f19f5fdaf5c8becaed58204869d1ac857
CFGEvntSLog.WinUI/Strings/Resources,CFGEvntSLog.WinUI Resources,nSyslogInsertSource,Add Syslog Source when forwarding to other Syslog servers,NG .resw source; locale=en-US; revision=7d81679f19f5fdaf5c8becaed58204869d1ac857
CFGEvntSLog.WinUI/Strings/Resources,CFGEvntSLog.WinUI Resources,nSyslogMaxMessageSize,Maximum Syslog Message Size (Bytes),NG .resw source; locale=en-US; revision=7d81679f19f5fdaf5c8becaed58204869d1ac857
CFGEvntSLog.WinUI/Strings/Resources,CFGEvntSLog.WinUI Resources,nSyslogPortBackup,Backup Syslog Port,NG .resw source; locale=en-US; revision=7d81679f19f5fdaf5c8becaed58204869d1ac857
CFGEvntSLog.WinUI/Strings/Resources,CFGEvntSLog.WinUI Resources,nSyslogPort_,Syslog Port,NG .resw source; locale=en-US; revision=7d81679f19f5fdaf5c8becaed58204869d1ac857
CFGEvntSLog.WinUI/Strings/Resources,CFGEvntSLog.WinUI Resources,nSyslogSendPort,Syslog Port,NG .resw source; locale=en-US; revision=7d81679f19f5fdaf5c8becaed58204869d1ac857
CFGEvntSLog.WinUI/Strings/Resources,CFGEvntSLog.WinUI Resources,nSystemID,SystemID,NG .resw source; locale=en-US; revision=7d81679f19f5fdaf5c8becaed58204869d1ac857
CFGEvntSLog.WinUI/Strings/Resources,CFGEvntSLog.WinUI Resources,nTCPMaxSessions,Maximum TCP sessions,NG .resw source; locale=en-US; revision=7d81679f19f5fdaf5c8becaed58204869d1ac857
CFGEvntSLog.WinUI/Strings/Resources,CFGEvntSLog.WinUI Resources,nTLSAllowExpiredCerts,Allow expired peer certificates,NG .resw source; locale=en-US; revision=7d81679f19f5fdaf5c8becaed58204869d1ac857
CFGEvntSLog.WinUI/Strings/Resources,CFGEvntSLog.WinUI Resources,nTLSFailOnConfigCommandError,Fail on TLS config command errors,NG .resw source; locale=en-US; revision=7d81679f19f5fdaf5c8becaed58204869d1ac857
CFGEvntSLog.WinUI/Strings/Resources,CFGEvntSLog.WinUI Resources,nTLSHandshakeTimeout,TLS handshake timeout,NG .resw source; locale=en-US; revision=7d81679f19f5fdaf5c8becaed58204869d1ac857
CFGEvntSLog.WinUI/Strings/Resources,CFGEvntSLog.WinUI Resources,nTLSLegacyFingerprintMatch,Allow legacy fingerprint matching,NG .resw source; locale=en-US; revision=7d81679f19f5fdaf5c8becaed58204869d1ac857
CFGEvntSLog.WinUI/Strings/Resources,CFGEvntSLog.WinUI Resources,nTLSLegacyPeerNameMatch,Allow legacy peer name matching,NG .resw source; locale=en-US; revision=7d81679f19f5fdaf5c8becaed58204869d1ac857
CFGEvntSLog.WinUI/Strings/Resources,CFGEvntSLog.WinUI Resources,nTakeSourceSysFromSyslogMsg,Take source system from Syslog message,NG .resw source; locale=en-US; revision=7d81679f19f5fdaf5c8becaed58204869d1ac857
CFGEvntSLog.WinUI/Strings/Resources,CFGEvntSLog.WinUI Resources,nTimeMode,Default Timevalues are based on,NG .resw source; locale=en-US; revision=7d81679f19f5fdaf5c8becaed58204869d1ac857
CFGEvntSLog.WinUI/Strings/Resources,CFGEvntSLog.WinUI Resources,nTimeOutLimit,Timeout Limit,NG .resw source; locale=en-US; revision=7d81679f19f5fdaf5c8becaed58204869d1ac857
CFGEvntSLog.WinUI/Strings/Resources,CFGEvntSLog.WinUI Resources,nTimeOutMsg,Message Completion Timeout,NG .resw source; locale=en-US; revision=7d81679f19f5fdaf5c8becaed58204869d1ac857
CFGEvntSLog.WinUI/Strings/Resources,CFGEvntSLog.WinUI Resources,nTimeOutSession,Session Timeout,NG .resw source; locale=en-US; revision=7d81679f19f5fdaf5c8becaed58204869d1ac857
CFGEvntSLog.WinUI/Strings/Resources,CFGEvntSLog.WinUI Resources,nTimeoutValue,Session Timeout,NG .resw source; locale=en-US; revision=7d81679f19f5fdaf5c8becaed58204869d1ac857
CFGEvntSLog.WinUI/Strings/Resources,CFGEvntSLog.WinUI Resources,nTryConvSIDtoObj,Try to convert Security IDs (SID) to Object Names,NG .resw source; locale=en-US; revision=7d81679f19f5fdaf5c8becaed58204869d1ac857
CFGEvntSLog.WinUI/Strings/Resources,CFGEvntSLog.WinUI Resources,nTryConvertDsClasses,Try to convert Active Directory Object Classes,NG .resw source; locale=en-US; revision=7d81679f19f5fdaf5c8becaed58204869d1ac857
CFGEvntSLog.WinUI/Strings/Resources,CFGEvntSLog.WinUI Resources,nTryDetectMessageEncoding,"Automatically detect Message Encoding (UTF8, SHIFT_JIS, EUC-JP)",NG .resw source; locale=en-US; revision=7d81679f19f5fdaf5c8becaed58204869d1ac857
CFGEvntSLog.WinUI/Strings/Resources,CFGEvntSLog.WinUI Resources,nType,Protocol Type,NG .resw source; locale=en-US; revision=7d81679f19f5fdaf5c8becaed58204869d1ac857
CFGEvntSLog.WinUI/Strings/Resources,CFGEvntSLog.WinUI Resources,nUniqueFileName,Create unique filenames,NG .resw source; locale=en-US; revision=7d81679f19f5fdaf5c8becaed58204869d1ac857
CFGEvntSLog.WinUI/Strings/Resources,CFGEvntSLog.WinUI Resources,nUseCompression,Use zLib Compression to compress the data.,NG .resw source; locale=en-US; revision=7d81679f19f5fdaf5c8becaed58204869d1ac857
CFGEvntSLog.WinUI/Strings/Resources,CFGEvntSLog.WinUI Resources,nUseCustomSeparator,Use custom separator,NG .resw source; locale=en-US; revision=7d81679f19f5fdaf5c8becaed58204869d1ac857
CFGEvntSLog.WinUI/Strings/Resources,CFGEvntSLog.WinUI Resources,nUseLegacyProcessing,Use legacy parameter processing,NG .resw source; locale=en-US; revision=7d81679f19f5fdaf5c8becaed58204869d1ac857
CFGEvntSLog.WinUI/Strings/Resources,CFGEvntSLog.WinUI Resources,nUseLegacySubjectProcessing,Use legacy subject line processing,NG .resw source; locale=en-US; revision=7d81679f19f5fdaf5c8becaed58204869d1ac857
CFGEvntSLog.WinUI/Strings/Resources,CFGEvntSLog.WinUI Resources,nUseSMTPAuth,Use SMTP Authentication,NG .resw source; locale=en-US; revision=7d81679f19f5fdaf5c8becaed58204869d1ac857
CFGEvntSLog.WinUI/Strings/Resources,CFGEvntSLog.WinUI Resources,nUseSSL,Use a secure connection (SSL) to the mail server,NG .resw source; locale=en-US; revision=7d81679f19f5fdaf5c8becaed58204869d1ac857
CFGEvntSLog.WinUI/Strings/Resources,CFGEvntSLog.WinUI Resources,nUseStartTLSMethod,Use STARTTLS SMTP Extension,NG .resw source; locale=en-US; revision=7d81679f19f5fdaf5c8becaed58204869d1ac857
CFGEvntSLog.WinUI/Strings/Resources,CFGEvntSLog.WinUI Resources,nUseUTCForTimestamps,Use UTC for Timestamps,NG .resw source; locale=en-US; revision=7d81679f19f5fdaf5c8becaed58204869d1ac857
CFGEvntSLog.WinUI/Strings/Resources,CFGEvntSLog.WinUI Resources,nUseUTCInFileName,Use UTC in Filename,NG .resw source; locale=en-US; revision=7d81679f19f5fdaf5c8becaed58204869d1ac857
CFGEvntSLog.WinUI/Strings/Resources,CFGEvntSLog.WinUI Resources,nUseUTCTimeStamp,Use UTC Time in Date-Header,NG .resw source; locale=en-US; revision=7d81679f19f5fdaf5c8becaed58204869d1ac857
CFGEvntSLog.WinUI/Strings/Resources,CFGEvntSLog.WinUI Resources,nUseWildcard,Use wildcards in Filename,NG .resw source; locale=en-US; revision=7d81679f19f5fdaf5c8becaed58204869d1ac857
CFGEvntSLog.WinUI/Strings/Resources,CFGEvntSLog.WinUI Resources,nUseXMLtoReport,Use XML to Report,NG .resw source; locale=en-US; revision=7d81679f19f5fdaf5c8becaed58204869d1ac857
CFGEvntSLog.WinUI/Strings/Resources,CFGEvntSLog.WinUI Resources,nVariableType_,Variable Type,NG .resw source; locale=en-US; revision=7d81679f19f5fdaf5c8becaed58204869d1ac857
CFGEvntSLog.WinUI/Strings/Resources,CFGEvntSLog.WinUI Resources,nWorkerThreads,Number of worker threads,NG .resw source; locale=en-US; revision=7d81679f19f5fdaf5c8becaed58204869d1ac857
CFGEvntSLog.WinUI/Strings/Resources,CFGEvntSLog.WinUI Resources,nWriteLastDBINdex,Write LastDBIndex at frequent intervals,NG .resw source; locale=en-US; revision=7d81679f19f5fdaf5c8becaed58204869d1ac857
CFGEvntSLog.WinUI/Strings/Resources,CFGEvntSLog.WinUI Resources,nZlibComp,Use zLib Compression to compress the data,NG .resw source; locale=en-US; revision=7d81679f19f5fdaf5c8becaed58204869d1ac857
CFGEvntSLog.WinUI/Strings/Resources,CFGEvntSLog.WinUI Resources,ninteractive,InterActive SyslogViewer,NG .resw source; locale=en-US; revision=7d81679f19f5fdaf5c8becaed58204869d1ac857
CFGEvntSLog.WinUI/Strings/Resources,CFGEvntSLog.WinUI Resources,nloganalyzer,Log Analyzer & Reporter Tool,NG .resw source; locale=en-US; revision=7d81679f19f5fdaf5c8becaed58204869d1ac857
CFGEvntSLog.WinUI/Strings/Resources,CFGEvntSLog.WinUI Resources,nlogfilemgr,Log File Management Tool,NG .resw source; locale=en-US; revision=7d81679f19f5fdaf5c8becaed58204869d1ac857
CFGEvntSLog.WinUI/Strings/Resources,CFGEvntSLog.WinUI Resources,nlogsearch,Log Search Tool,NG .resw source; locale=en-US; revision=7d81679f19f5fdaf5c8becaed58204869d1ac857
CFGEvntSLog.WinUI/Strings/Resources,CFGEvntSLog.WinUI Resources,permittedsenders,Only receive syslog messages from the following IP Addresses. ,NG .resw source; locale=en-US; revision=7d81679f19f5fdaf5c8becaed58204869d1ac857
CFGEvntSLog.WinUI/Strings/Resources,CFGEvntSLog.WinUI Resources,processedfiles,Processed file properties,NG .resw source; locale=en-US; revision=7d81679f19f5fdaf5c8becaed58204869d1ac857
CFGEvntSLog.WinUI/Strings/Resources,CFGEvntSLog.WinUI Resources,propertylist,Property List,NG .resw source; locale=en-US; revision=7d81679f19f5fdaf5c8becaed58204869d1ac857
CFGEvntSLog.WinUI/Strings/Resources,CFGEvntSLog.WinUI Resources,snmpvars,SNMP Variables,NG .resw source; locale=en-US; revision=7d81679f19f5fdaf5c8becaed58204869d1ac857
CFGEvntSLog.WinUI/Strings/Resources,CFGEvntSLog.WinUI Resources,syslogservers,Syslog Servers,NG .resw source; locale=en-US; revision=7d81679f19f5fdaf5c8becaed58204869d1ac857
CFGEvntSLog.WinUI/Strings/Resources,CFGEvntSLog.WinUI Resources,szActionCacheOptions,Action Queue Options,NG .resw source; locale=en-US; revision=7d81679f19f5fdaf5c8becaed58204869d1ac857
CFGEvntSLog.WinUI/Strings/Resources,CFGEvntSLog.WinUI Resources,szActionSpecific,Action specific,NG .resw source; locale=en-US; revision=7d81679f19f5fdaf5c8becaed58204869d1ac857
CFGEvntSLog.WinUI/Strings/Resources,CFGEvntSLog.WinUI Resources,szAdvancedOptions,Timeout Options,NG .resw source; locale=en-US; revision=7d81679f19f5fdaf5c8becaed58204869d1ac857
CFGEvntSLog.WinUI/Strings/Resources,CFGEvntSLog.WinUI Resources,szAgent,SNMP Server,NG .resw source; locale=en-US; revision=7d81679f19f5fdaf5c8becaed58204869d1ac857
CFGEvntSLog.WinUI/Strings/Resources,CFGEvntSLog.WinUI Resources,szAgentIP,Agent IP Address,NG .resw source; locale=en-US; revision=7d81679f19f5fdaf5c8becaed58204869d1ac857
CFGEvntSLog.WinUI/Strings/Resources,CFGEvntSLog.WinUI Resources,szAutoBackPath,Search Path,NG .resw source; locale=en-US; revision=7d81679f19f5fdaf5c8becaed58204869d1ac857
CFGEvntSLog.WinUI/Strings/Resources,CFGEvntSLog.WinUI Resources,szAutoBackupRunCommand,Postprocess Command,NG .resw source; locale=en-US; revision=7d81679f19f5fdaf5c8becaed58204869d1ac857
CFGEvntSLog.WinUI/Strings/Resources,CFGEvntSLog.WinUI Resources,szButtonVerifyLicense,Verify License,NG .resw source; locale=en-US; revision=7d81679f19f5fdaf5c8becaed58204869d1ac857
CFGEvntSLog.WinUI/Strings/Resources,CFGEvntSLog.WinUI Resources,szCacheEventInfo,"For performance reasons we recommend to use all caching options available. However if you do not want to cache data queried from the eventlog, you can disable them here. ",NG .resw source; locale=en-US; revision=7d81679f19f5fdaf5c8becaed58204869d1ac857
CFGEvntSLog.WinUI/Strings/Resources,CFGEvntSLog.WinUI Resources,szCharMatch,Character Match,NG .resw source; locale=en-US; revision=7d81679f19f5fdaf5c8becaed58204869d1ac857
CFGEvntSLog.WinUI/Strings/Resources,CFGEvntSLog.WinUI Resources,szCharacterProcessing,Character processing related options,NG .resw source; locale=en-US; revision=7d81679f19f5fdaf5c8becaed58204869d1ac857
CFGEvntSLog.WinUI/Strings/Resources,CFGEvntSLog.WinUI Resources,szCircularDisabled,Continuous Logging,NG .resw source; locale=en-US; revision=7d81679f19f5fdaf5c8becaed58204869d1ac857
CFGEvntSLog.WinUI/Strings/Resources,CFGEvntSLog.WinUI Resources,szCircularEnabled,Circular Logging,NG .resw source; locale=en-US; revision=7d81679f19f5fdaf5c8becaed58204869d1ac857
CFGEvntSLog.WinUI/Strings/Resources,CFGEvntSLog.WinUI Resources,szClearEventLog0,Never clear (default),NG .resw source; locale=en-US; revision=7d81679f19f5fdaf5c8becaed58204869d1ac857
CFGEvntSLog.WinUI/Strings/Resources,CFGEvntSLog.WinUI Resources,szClearEventLog1,"Clear after Polling cycles, every time",NG .resw source; locale=en-US; revision=7d81679f19f5fdaf5c8becaed58204869d1ac857
CFGEvntSLog.WinUI/Strings/Resources,CFGEvntSLog.WinUI Resources,szClearEventLog2,"Clear once a day, starting at configured hour",NG .resw source; locale=en-US; revision=7d81679f19f5fdaf5c8becaed58204869d1ac857
CFGEvntSLog.WinUI/Strings/Resources,CFGEvntSLog.WinUI Resources,szCommand,Command to execute,NG .resw source; locale=en-US; revision=7d81679f19f5fdaf5c8becaed58204869d1ac857
CFGEvntSLog.WinUI/Strings/Resources,CFGEvntSLog.WinUI Resources,szCommunity,Community ,NG .resw source; locale=en-US; revision=7d81679f19f5fdaf5c8becaed58204869d1ac857
CFGEvntSLog.WinUI/Strings/Resources,CFGEvntSLog.WinUI Resources,szComputerName,Server Computername/IP,NG .resw source; locale=en-US; revision=7d81679f19f5fdaf5c8becaed58204869d1ac857
CFGEvntSLog.WinUI/Strings/Resources,CFGEvntSLog.WinUI Resources,szConfigPostProcessPreview,Message Preview of your rules,NG .resw source; locale=en-US; revision=7d81679f19f5fdaf5c8becaed58204869d1ac857
CFGEvntSLog.WinUI/Strings/Resources,CFGEvntSLog.WinUI Resources,szConfigRequestPreview,Request preview,NG .resw source; locale=en-US; revision=7d81679f19f5fdaf5c8becaed58204869d1ac857
CFGEvntSLog.WinUI/Strings/Resources,CFGEvntSLog.WinUI Resources,szConfigUrlPreview,URL Preview,NG .resw source; locale=en-US; revision=7d81679f19f5fdaf5c8becaed58204869d1ac857
CFGEvntSLog.WinUI/Strings/Resources,CFGEvntSLog.WinUI Resources,szConnectionString,Configure OLEDB Connection,NG .resw source; locale=en-US; revision=7d81679f19f5fdaf5c8becaed58204869d1ac857
CFGEvntSLog.WinUI/Strings/Resources,CFGEvntSLog.WinUI Resources,szContentType,Content-Type,NG .resw source; locale=en-US; revision=7d81679f19f5fdaf5c8becaed58204869d1ac857
CFGEvntSLog.WinUI/Strings/Resources,CFGEvntSLog.WinUI Resources,szCopyFormatIntoProperty,store into Property,NG .resw source; locale=en-US; revision=7d81679f19f5fdaf5c8becaed58204869d1ac857
CFGEvntSLog.WinUI/Strings/Resources,CFGEvntSLog.WinUI Resources,szCopyFormatIntoPropertyGroup,Copy Format into Property,NG .resw source; locale=en-US; revision=7d81679f19f5fdaf5c8becaed58204869d1ac857
CFGEvntSLog.WinUI/Strings/Resources,CFGEvntSLog.WinUI Resources,szCrashReporting,Crash Reporting,NG .resw source; locale=en-US; revision=7d81679f19f5fdaf5c8becaed58204869d1ac857
CFGEvntSLog.WinUI/Strings/Resources,CFGEvntSLog.WinUI Resources,szCustomEventLog,Custom Eventlog Channel,NG .resw source; locale=en-US; revision=7d81679f19f5fdaf5c8becaed58204869d1ac857
CFGEvntSLog.WinUI/Strings/Resources,CFGEvntSLog.WinUI Resources,szCustomMessageFormat,Custom Message Format,NG .resw source; locale=en-US; revision=7d81679f19f5fdaf5c8becaed58204869d1ac857
CFGEvntSLog.WinUI/Strings/Resources,CFGEvntSLog.WinUI Resources,szCustomSeparator,Custom separator,NG .resw source; locale=en-US; revision=7d81679f19f5fdaf5c8becaed58204869d1ac857
CFGEvntSLog.WinUI/Strings/Resources,CFGEvntSLog.WinUI Resources,szCustomSource,Custom Eventlog Source,NG .resw source; locale=en-US; revision=7d81679f19f5fdaf5c8becaed58204869d1ac857
CFGEvntSLog.WinUI/Strings/Resources,CFGEvntSLog.WinUI Resources,szCustomSyslogHeader,Use Custom Syslog Header,NG .resw source; locale=en-US; revision=7d81679f19f5fdaf5c8becaed58204869d1ac857
CFGEvntSLog.WinUI/Strings/Resources,CFGEvntSLog.WinUI Resources,szDBDSN,DSN,NG .resw source; locale=en-US; revision=7d81679f19f5fdaf5c8becaed58204869d1ac857
CFGEvntSLog.WinUI/Strings/Resources,CFGEvntSLog.WinUI Resources,szDBPass,Password,NG .resw source; locale=en-US; revision=7d81679f19f5fdaf5c8becaed58204869d1ac857
CFGEvntSLog.WinUI/Strings/Resources,CFGEvntSLog.WinUI Resources,szDBSelect,Select Statement,NG .resw source; locale=en-US; revision=7d81679f19f5fdaf5c8becaed58204869d1ac857
CFGEvntSLog.WinUI/Strings/Resources,CFGEvntSLog.WinUI Resources,szDBTableName,Database Table,NG .resw source; locale=en-US; revision=7d81679f19f5fdaf5c8becaed58204869d1ac857
CFGEvntSLog.WinUI/Strings/Resources,CFGEvntSLog.WinUI Resources,szDBUser,User-ID,NG .resw source; locale=en-US; revision=7d81679f19f5fdaf5c8becaed58204869d1ac857
CFGEvntSLog.WinUI/Strings/Resources,CFGEvntSLog.WinUI Resources,szDTLSServer,DTLS Servername,NG .resw source; locale=en-US; revision=7d81679f19f5fdaf5c8becaed58204869d1ac857
CFGEvntSLog.WinUI/Strings/Resources,CFGEvntSLog.WinUI Resources,szDataCatalog,Data Catalog,NG .resw source; locale=en-US; revision=7d81679f19f5fdaf5c8becaed58204869d1ac857
CFGEvntSLog.WinUI/Strings/Resources,CFGEvntSLog.WinUI Resources,szDataSource,Data Source,NG .resw source; locale=en-US; revision=7d81679f19f5fdaf5c8becaed58204869d1ac857
CFGEvntSLog.WinUI/Strings/Resources,CFGEvntSLog.WinUI Resources,szDatabaseValues,Database Properties,NG .resw source; locale=en-US; revision=7d81679f19f5fdaf5c8becaed58204869d1ac857
CFGEvntSLog.WinUI/Strings/Resources,CFGEvntSLog.WinUI Resources,szDateTimeLT,DateTime Localtime,NG .resw source; locale=en-US; revision=7d81679f19f5fdaf5c8becaed58204869d1ac857
CFGEvntSLog.WinUI/Strings/Resources,CFGEvntSLog.WinUI Resources,szDateTimeUTC,DateTime UTC,NG .resw source; locale=en-US; revision=7d81679f19f5fdaf5c8becaed58204869d1ac857
CFGEvntSLog.WinUI/Strings/Resources,CFGEvntSLog.WinUI Resources,szDebugFileName,File and path name,NG .resw source; locale=en-US; revision=7d81679f19f5fdaf5c8becaed58204869d1ac857
CFGEvntSLog.WinUI/Strings/Resources,CFGEvntSLog.WinUI Resources,szDestinationPropertyName,Destination Property in which the resolved name will be saved to,NG .resw source; locale=en-US; revision=7d81679f19f5fdaf5c8becaed58204869d1ac857
CFGEvntSLog.WinUI/Strings/Resources,CFGEvntSLog.WinUI Resources,szDetailProperties,Details,NG .resw source; locale=en-US; revision=7d81679f19f5fdaf5c8becaed58204869d1ac857
CFGEvntSLog.WinUI/Strings/Resources,CFGEvntSLog.WinUI Resources,szDisabled,Disabled,NG .resw source; locale=en-US; revision=7d81679f19f5fdaf5c8becaed58204869d1ac857
CFGEvntSLog.WinUI/Strings/Resources,CFGEvntSLog.WinUI Resources,szDtsControlDisable,DTR Control Disable,NG .resw source; locale=en-US; revision=7d81679f19f5fdaf5c8becaed58204869d1ac857
CFGEvntSLog.WinUI/Strings/Resources,CFGEvntSLog.WinUI Resources,szDtsControlEnable,DTR Control Enable,NG .resw source; locale=en-US; revision=7d81679f19f5fdaf5c8becaed58204869d1ac857
CFGEvntSLog.WinUI/Strings/Resources,CFGEvntSLog.WinUI Resources,szDtsControlHandshake,DTR Control Handshake,NG .resw source; locale=en-US; revision=7d81679f19f5fdaf5c8becaed58204869d1ac857
CFGEvntSLog.WinUI/Strings/Resources,CFGEvntSLog.WinUI Resources,szEditionInformation,"Please note that if you activate the Permitted Senders List, all network related services will be limited to receive messages from the configured devices only.

The list configuration itself is not limited.
But if your license is limited to 10 devices for example, only the first 10 configured senders will work.",NG .resw source; locale=en-US; revision=7d81679f19f5fdaf5c8becaed58204869d1ac857
CFGEvntSLog.WinUI/Strings/Resources,CFGEvntSLog.WinUI Resources,szEnableReportCrash,Do you want to enable Crash reporting?,NG .resw source; locale=en-US; revision=7d81679f19f5fdaf5c8becaed58204869d1ac857
CFGEvntSLog.WinUI/Strings/Resources,CFGEvntSLog.WinUI Resources,szEnterprise,Enterprise OID,NG .resw source; locale=en-US; revision=7d81679f19f5fdaf5c8becaed58204869d1ac857
CFGEvntSLog.WinUI/Strings/Resources,CFGEvntSLog.WinUI Resources,szErrorLoadingConfiguration,Error Loading Configuration,NG .resw source; locale=en-US; revision=7d81679f19f5fdaf5c8becaed58204869d1ac857
CFGEvntSLog.WinUI/Strings/Resources,CFGEvntSLog.WinUI Resources,szErrorLoadingConfigurationText,The Configuration could not be loaded:,NG .resw source; locale=en-US; revision=7d81679f19f5fdaf5c8becaed58204869d1ac857
CFGEvntSLog.WinUI/Strings/Resources,CFGEvntSLog.WinUI Resources,szErrorRegistryAccessFailed,Failed to access the local configuration registry with the following error: ,NG .resw source; locale=en-US; revision=7d81679f19f5fdaf5c8becaed58204869d1ac857
CFGEvntSLog.WinUI/Strings/Resources,CFGEvntSLog.WinUI Resources,szErrorRemoteRegistryFailed,Failed to access the remote configuration registry with the following error:,NG .resw source; locale=en-US; revision=7d81679f19f5fdaf5c8becaed58204869d1ac857
CFGEvntSLog.WinUI/Strings/Resources,CFGEvntSLog.WinUI Resources,szErrorRemoteRegistryFailed2,The Client will reload the local configuration now.,NG .resw source; locale=en-US; revision=7d81679f19f5fdaf5c8becaed58204869d1ac857
CFGEvntSLog.WinUI/Strings/Resources,CFGEvntSLog.WinUI Resources,szErrorSavingConfiguration,Error Saving Configuration,NG .resw source; locale=en-US; revision=7d81679f19f5fdaf5c8becaed58204869d1ac857
CFGEvntSLog.WinUI/Strings/Resources,CFGEvntSLog.WinUI Resources,szErrorSavingConfigurationText,The Configuration could not be saved: ,NG .resw source; locale=en-US; revision=7d81679f19f5fdaf5c8becaed58204869d1ac857
CFGEvntSLog.WinUI/Strings/Resources,CFGEvntSLog.WinUI Resources,szErrorSavingData,Failed to save data variables,NG .resw source; locale=en-US; revision=7d81679f19f5fdaf5c8becaed58204869d1ac857
CFGEvntSLog.WinUI/Strings/Resources,CFGEvntSLog.WinUI Resources,szErrorSavingDataText,Saving data variables failed for the following directory: ,NG .resw source; locale=en-US; revision=7d81679f19f5fdaf5c8becaed58204869d1ac857
CFGEvntSLog.WinUI/Strings/Resources,CFGEvntSLog.WinUI Resources,szEvenParity,Even Parity,NG .resw source; locale=en-US; revision=7d81679f19f5fdaf5c8becaed58204869d1ac857
CFGEvntSLog.WinUI/Strings/Resources,CFGEvntSLog.WinUI Resources,szEventLogCor_clear,Clear all events from Eventlog,NG .resw source; locale=en-US; revision=7d81679f19f5fdaf5c8becaed58204869d1ac857
CFGEvntSLog.WinUI/Strings/Resources,CFGEvntSLog.WinUI Resources,szEventLogCor_ignore,Ignore corrupted Eventlog entry,NG .resw source; locale=en-US; revision=7d81679f19f5fdaf5c8becaed58204869d1ac857
CFGEvntSLog.WinUI/Strings/Resources,CFGEvntSLog.WinUI Resources,szEventLogCor_retry,Retry processing from beginning,NG .resw source; locale=en-US; revision=7d81679f19f5fdaf5c8becaed58204869d1ac857
CFGEvntSLog.WinUI/Strings/Resources,CFGEvntSLog.WinUI Resources,szEventLogV2WarningOnWinXp,"Warning, this Windows Version does not support the new Windows Eventlog API needed for this service. You may configure this service if you intend to use this configuration on a machine with a higher OS level later.",NG .resw source; locale=en-US; revision=7d81679f19f5fdaf5c8becaed58204869d1ac857
CFGEvntSLog.WinUI/Strings/Resources,CFGEvntSLog.WinUI Resources,szEventPollingOptions,Eventpolling related Options,NG .resw source; locale=en-US; revision=7d81679f19f5fdaf5c8becaed58204869d1ac857
CFGEvntSLog.WinUI/Strings/Resources,CFGEvntSLog.WinUI Resources,szEventTypesManage,Manage Event Channels,NG .resw source; locale=en-US; revision=7d81679f19f5fdaf5c8becaed58204869d1ac857
CFGEvntSLog.WinUI/Strings/Resources,CFGEvntSLog.WinUI Resources,szEventTypesToLog,Eventlogtypes to Log,NG .resw source; locale=en-US; revision=7d81679f19f5fdaf5c8becaed58204869d1ac857
CFGEvntSLog.WinUI/Strings/Resources,CFGEvntSLog.WinUI Resources,szEvtClrSaveFile,Backup Filename,NG .resw source; locale=en-US; revision=7d81679f19f5fdaf5c8becaed58204869d1ac857
CFGEvntSLog.WinUI/Strings/Resources,CFGEvntSLog.WinUI Resources,szFTPServer,FTP Server,NG .resw source; locale=en-US; revision=7d81679f19f5fdaf5c8becaed58204869d1ac857
CFGEvntSLog.WinUI/Strings/Resources,CFGEvntSLog.WinUI Resources,szFieldContent_,Fieldcontent,NG .resw source; locale=en-US; revision=7d81679f19f5fdaf5c8becaed58204869d1ac857
CFGEvntSLog.WinUI/Strings/Resources,CFGEvntSLog.WinUI Resources,szFieldName_,Fieldname,NG .resw source; locale=en-US; revision=7d81679f19f5fdaf5c8becaed58204869d1ac857
CFGEvntSLog.WinUI/Strings/Resources,CFGEvntSLog.WinUI Resources,szFileBaseName,File Base Name,NG .resw source; locale=en-US; revision=7d81679f19f5fdaf5c8becaed58204869d1ac857
CFGEvntSLog.WinUI/Strings/Resources,CFGEvntSLog.WinUI Resources,szFileExtension,File Extension,NG .resw source; locale=en-US; revision=7d81679f19f5fdaf5c8becaed58204869d1ac857
CFGEvntSLog.WinUI/Strings/Resources,CFGEvntSLog.WinUI Resources,szFileFormatAdiscon,Adiscon,NG .resw source; locale=en-US; revision=7d81679f19f5fdaf5c8becaed58204869d1ac857
CFGEvntSLog.WinUI/Strings/Resources,CFGEvntSLog.WinUI Resources,szFileFormatCustom,Custom format,NG .resw source; locale=en-US; revision=7d81679f19f5fdaf5c8becaed58204869d1ac857
CFGEvntSLog.WinUI/Strings/Resources,CFGEvntSLog.WinUI Resources,szFileFormatRaw,Raw Syslog message,NG .resw source; locale=en-US; revision=7d81679f19f5fdaf5c8becaed58204869d1ac857
CFGEvntSLog.WinUI/Strings/Resources,CFGEvntSLog.WinUI Resources,szFileFormatWebtrends,Webtrends syslog compatible,NG .resw source; locale=en-US; revision=7d81679f19f5fdaf5c8becaed58204869d1ac857
CFGEvntSLog.WinUI/Strings/Resources,CFGEvntSLog.WinUI Resources,szFileHandlingOptions,File Handling Options,NG .resw source; locale=en-US; revision=7d81679f19f5fdaf5c8becaed58204869d1ac857
CFGEvntSLog.WinUI/Strings/Resources,CFGEvntSLog.WinUI Resources,szFileNameOptions,Filename related options,NG .resw source; locale=en-US; revision=7d81679f19f5fdaf5c8becaed58204869d1ac857
CFGEvntSLog.WinUI/Strings/Resources,CFGEvntSLog.WinUI Resources,szFilePath,File Path Name,NG .resw source; locale=en-US; revision=7d81679f19f5fdaf5c8becaed58204869d1ac857
CFGEvntSLog.WinUI/Strings/Resources,CFGEvntSLog.WinUI Resources,szFilename,Filename of the soundfile,NG .resw source; locale=en-US; revision=7d81679f19f5fdaf5c8becaed58204869d1ac857
CFGEvntSLog.WinUI/Strings/Resources,CFGEvntSLog.WinUI Resources,szFilenamePreview,Filename Preview,NG .resw source; locale=en-US; revision=7d81679f19f5fdaf5c8becaed58204869d1ac857
CFGEvntSLog.WinUI/Strings/Resources,CFGEvntSLog.WinUI Resources,szFilenamePreviewLegendBase,Base Name,NG .resw source; locale=en-US; revision=7d81679f19f5fdaf5c8becaed58204869d1ac857
CFGEvntSLog.WinUI/Strings/Resources,CFGEvntSLog.WinUI Resources,szFilenamePreviewLegendDate,Source / Date (Dynamic),NG .resw source; locale=en-US; revision=7d81679f19f5fdaf5c8becaed58204869d1ac857
CFGEvntSLog.WinUI/Strings/Resources,CFGEvntSLog.WinUI Resources,szFilenamePreviewLegendExt,Extension,NG .resw source; locale=en-US; revision=7d81679f19f5fdaf5c8becaed58204869d1ac857
CFGEvntSLog.WinUI/Strings/Resources,CFGEvntSLog.WinUI Resources,szFilenamePreviewLegendPath,File Path,NG .resw source; locale=en-US; revision=7d81679f19f5fdaf5c8becaed58204869d1ac857
CFGEvntSLog.WinUI/Strings/Resources,CFGEvntSLog.WinUI Resources,szFilenamePreviewLegendSegment,Segment # (Dynamic),NG .resw source; locale=en-US; revision=7d81679f19f5fdaf5c8becaed58204869d1ac857
CFGEvntSLog.WinUI/Strings/Resources,CFGEvntSLog.WinUI Resources,szFilenamePreviewLegendTime,Time (Dynamic): HH-MM-SS,NG .resw source; locale=en-US; revision=7d81679f19f5fdaf5c8becaed58204869d1ac857
CFGEvntSLog.WinUI/Strings/Resources,CFGEvntSLog.WinUI Resources,szGeneralOptions,General file options,NG .resw source; locale=en-US; revision=7d81679f19f5fdaf5c8becaed58204869d1ac857
CFGEvntSLog.WinUI/Strings/Resources,CFGEvntSLog.WinUI Resources,szGeneralValues,General Values,NG .resw source; locale=en-US; revision=7d81679f19f5fdaf5c8becaed58204869d1ac857
CFGEvntSLog.WinUI/Strings/Resources,CFGEvntSLog.WinUI Resources,szGenericName0,0 - Cold Start,NG .resw source; locale=en-US; revision=7d81679f19f5fdaf5c8becaed58204869d1ac857
CFGEvntSLog.WinUI/Strings/Resources,CFGEvntSLog.WinUI Resources,szGenericName1,1 - Warm Start,NG .resw source; locale=en-US; revision=7d81679f19f5fdaf5c8becaed58204869d1ac857
CFGEvntSLog.WinUI/Strings/Resources,CFGEvntSLog.WinUI Resources,szGenericName2,2 - Link Down,NG .resw source; locale=en-US; revision=7d81679f19f5fdaf5c8becaed58204869d1ac857
CFGEvntSLog.WinUI/Strings/Resources,CFGEvntSLog.WinUI Resources,szGenericName3,3 - Link Up,NG .resw source; locale=en-US; revision=7d81679f19f5fdaf5c8becaed58204869d1ac857
CFGEvntSLog.WinUI/Strings/Resources,CFGEvntSLog.WinUI Resources,szGenericName4,4 - Authentication Failure,NG .resw source; locale=en-US; revision=7d81679f19f5fdaf5c8becaed58204869d1ac857
CFGEvntSLog.WinUI/Strings/Resources,CFGEvntSLog.WinUI Resources,szGenericName5,5 - EGP Neighbor Loss,NG .resw source; locale=en-US; revision=7d81679f19f5fdaf5c8becaed58204869d1ac857
CFGEvntSLog.WinUI/Strings/Resources,CFGEvntSLog.WinUI Resources,szGenericName6,6 - Enterprise Specific,NG .resw source; locale=en-US; revision=7d81679f19f5fdaf5c8becaed58204869d1ac857
CFGEvntSLog.WinUI/Strings/Resources,CFGEvntSLog.WinUI Resources,szHTTPServer,HTTP Server,NG .resw source; locale=en-US; revision=7d81679f19f5fdaf5c8becaed58204869d1ac857
CFGEvntSLog.WinUI/Strings/Resources,CFGEvntSLog.WinUI Resources,szHost,Host,NG .resw source; locale=en-US; revision=7d81679f19f5fdaf5c8becaed58204869d1ac857
CFGEvntSLog.WinUI/Strings/Resources,CFGEvntSLog.WinUI Resources,szIMAPServer,IMAP Server,NG .resw source; locale=en-US; revision=7d81679f19f5fdaf5c8becaed58204869d1ac857
CFGEvntSLog.WinUI/Strings/Resources,CFGEvntSLog.WinUI Resources,szIPAddress,IPAddress or Hostname,NG .resw source; locale=en-US; revision=7d81679f19f5fdaf5c8becaed58204869d1ac857
CFGEvntSLog.WinUI/Strings/Resources,CFGEvntSLog.WinUI Resources,szIP_,IP Address,NG .resw source; locale=en-US; revision=7d81679f19f5fdaf5c8becaed58204869d1ac857
CFGEvntSLog.WinUI/Strings/Resources,CFGEvntSLog.WinUI Resources,szIPv4,IP V4 Address,NG .resw source; locale=en-US; revision=7d81679f19f5fdaf5c8becaed58204869d1ac857
CFGEvntSLog.WinUI/Strings/Resources,CFGEvntSLog.WinUI Resources,szIgnoreTlsCertWarning,Disables TLS certificate validation. Use only in lab or test environments.,NG .resw source; locale=en-US; revision=7d81679f19f5fdaf5c8becaed58204869d1ac857
CFGEvntSLog.WinUI/Strings/Resources,CFGEvntSLog.WinUI Resources,szIncludeMsgSepInMessageDisabled,Do not include message separator in message,NG .resw source; locale=en-US; revision=7d81679f19f5fdaf5c8becaed58204869d1ac857
CFGEvntSLog.WinUI/Strings/Resources,CFGEvntSLog.WinUI Resources,szIncludeMsgSepInMessageLastMsgSepPrepend,Prepend previous found separator to message,NG .resw source; locale=en-US; revision=7d81679f19f5fdaf5c8becaed58204869d1ac857
CFGEvntSLog.WinUI/Strings/Resources,CFGEvntSLog.WinUI Resources,szIncludeMsgSepInMessageMsgSepAppend,Append found separator to message,NG .resw source; locale=en-US; revision=7d81679f19f5fdaf5c8becaed58204869d1ac857
CFGEvntSLog.WinUI/Strings/Resources,CFGEvntSLog.WinUI Resources,szIncludeMsgSepInMessageMsgSepPrepend,Prepend found separator to message,NG .resw source; locale=en-US; revision=7d81679f19f5fdaf5c8becaed58204869d1ac857
CFGEvntSLog.WinUI/Strings/Resources,CFGEvntSLog.WinUI Resources,szInsertStatement,INSERT,NG .resw source; locale=en-US; revision=7d81679f19f5fdaf5c8becaed58204869d1ac857
CFGEvntSLog.WinUI/Strings/Resources,CFGEvntSLog.WinUI Resources,szInt,int,NG .resw source; locale=en-US; revision=7d81679f19f5fdaf5c8becaed58204869d1ac857
CFGEvntSLog.WinUI/Strings/Resources,CFGEvntSLog.WinUI Resources,szInteger,Integer,NG .resw source; locale=en-US; revision=7d81679f19f5fdaf5c8becaed58204869d1ac857
CFGEvntSLog.WinUI/Strings/Resources,CFGEvntSLog.WinUI Resources,szIsoTimestamp,ISO-like Timestamp,NG .resw source; locale=en-US; revision=7d81679f19f5fdaf5c8becaed58204869d1ac857
CFGEvntSLog.WinUI/Strings/Resources,CFGEvntSLog.WinUI Resources,szIutFormat,Forward as MWAgent XML representation code,NG .resw source; locale=en-US; revision=7d81679f19f5fdaf5c8becaed58204869d1ac857
CFGEvntSLog.WinUI/Strings/Resources,CFGEvntSLog.WinUI Resources,szJsonFormat,Use CEE enhanced Syslog Format,NG .resw source; locale=en-US; revision=7d81679f19f5fdaf5c8becaed58204869d1ac857
CFGEvntSLog.WinUI/Strings/Resources,CFGEvntSLog.WinUI Resources,szLastDBIndex,Last processed DB Index number,NG .resw source; locale=en-US; revision=7d81679f19f5fdaf5c8becaed58204869d1ac857
CFGEvntSLog.WinUI/Strings/Resources,CFGEvntSLog.WinUI Resources,szLicense,License Information,NG .resw source; locale=en-US; revision=7d81679f19f5fdaf5c8becaed58204869d1ac857
CFGEvntSLog.WinUI/Strings/Resources,CFGEvntSLog.WinUI Resources,szLicenseFileIntro,"Place your license file (.alic) at %DEFAULTLICENSEV2PATH%, or browse/drop a file below. Leave the path empty to use the default location.",NG .resw source; locale=en-US; revision=7d81679f19f5fdaf5c8becaed58204869d1ac857
CFGEvntSLog.WinUI/Strings/Resources,CFGEvntSLog.WinUI Resources,szLicenseV2,License File,NG .resw source; locale=en-US; revision=7d81679f19f5fdaf5c8becaed58204869d1ac857
CFGEvntSLog.WinUI/Strings/Resources,CFGEvntSLog.WinUI Resources,szLicenseV2DefaultPath,Default runtime path: %DEFAULTLICENSEV2PATH%. Leave this field empty to use that location.,NG .resw source; locale=en-US; revision=7d81679f19f5fdaf5c8becaed58204869d1ac857
CFGEvntSLog.WinUI/Strings/Resources,CFGEvntSLog.WinUI Resources,szLicenseV2Expired,The license file has expired.,NG .resw source; locale=en-US; revision=7d81679f19f5fdaf5c8becaed58204869d1ac857
CFGEvntSLog.WinUI/Strings/Resources,CFGEvntSLog.WinUI Resources,szLicenseV2NotYetValid,This license file is not active yet. It becomes valid on %VALIDFROMLOCAL% (UTC: %VALIDFROMUTC%). Please try again after that time.,NG .resw source; locale=en-US; revision=7d81679f19f5fdaf5c8becaed58204869d1ac857
CFGEvntSLog.WinUI/Strings/Resources,CFGEvntSLog.WinUI Resources,szLicenseV2NotYetValidGeneric,The license file is not yet valid.,NG .resw source; locale=en-US; revision=7d81679f19f5fdaf5c8becaed58204869d1ac857
CFGEvntSLog.WinUI/Strings/Resources,CFGEvntSLog.WinUI Resources,szLicenseV2NotYetValidIssued,The license was issued on %ISSUEDATLOCAL%.,NG .resw source; locale=en-US; revision=7d81679f19f5fdaf5c8becaed58204869d1ac857
CFGEvntSLog.WinUI/Strings/Resources,CFGEvntSLog.WinUI Resources,szLicenseV2Path,License file path,NG .resw source; locale=en-US; revision=7d81679f19f5fdaf5c8becaed58204869d1ac857
CFGEvntSLog.WinUI/Strings/Resources,CFGEvntSLog.WinUI Resources,szLineFormat,Custom Line Format,NG .resw source; locale=en-US; revision=7d81679f19f5fdaf5c8becaed58204869d1ac857
CFGEvntSLog.WinUI/Strings/Resources,CFGEvntSLog.WinUI Resources,szLoadedRuleSet,Loaded RuleSet: ,NG .resw source; locale=en-US; revision=7d81679f19f5fdaf5c8becaed58204869d1ac857
CFGEvntSLog.WinUI/Strings/Resources,CFGEvntSLog.WinUI Resources,szLoadedService,Loaded Service: ,NG .resw source; locale=en-US; revision=7d81679f19f5fdaf5c8becaed58204869d1ac857
CFGEvntSLog.WinUI/Strings/Resources,CFGEvntSLog.WinUI Resources,szLocation,Location,NG .resw source; locale=en-US; revision=7d81679f19f5fdaf5c8becaed58204869d1ac857
CFGEvntSLog.WinUI/Strings/Resources,CFGEvntSLog.WinUI Resources,szLogFileName,File & Path Name,NG .resw source; locale=en-US; revision=7d81679f19f5fdaf5c8becaed58204869d1ac857
CFGEvntSLog.WinUI/Strings/Resources,CFGEvntSLog.WinUI Resources,szLogFileTypeStandard,Standard,NG .resw source; locale=en-US; revision=7d81679f19f5fdaf5c8becaed58204869d1ac857
CFGEvntSLog.WinUI/Strings/Resources,CFGEvntSLog.WinUI Resources,szLogFileTypeW3C,W3C WebServer Logfile,NG .resw source; locale=en-US; revision=7d81679f19f5fdaf5c8becaed58204869d1ac857
CFGEvntSLog.WinUI/Strings/Resources,CFGEvntSLog.WinUI Resources,szLogMoveAfterRotatePath,Target directory,NG .resw source; locale=en-US; revision=7d81679f19f5fdaf5c8becaed58204869d1ac857
CFGEvntSLog.WinUI/Strings/Resources,CFGEvntSLog.WinUI Resources,szLogPostProcessing,Post Processing,NG .resw source; locale=en-US; revision=7d81679f19f5fdaf5c8becaed58204869d1ac857
CFGEvntSLog.WinUI/Strings/Resources,CFGEvntSLog.WinUI Resources,szLogRotateDisableUniqueFilenameMessage,"Log rotation automatically manages file names when rotating.

Example with log rotation:
  application.log   → current file
  application.log.1  → previous file (rotated)
  application.log.2  → older file (rotated)

'Create unique filenames' adds timestamps (e.g. app_2024-01-15.log) to avoid overwriting. Log rotation already handles this by appending numeric suffixes. Having both enabled is redundant.

Would you like to disable 'Create unique filenames'?",NG .resw source; locale=en-US; revision=7d81679f19f5fdaf5c8becaed58204869d1ac857
CFGEvntSLog.WinUI/Strings/Resources,CFGEvntSLog.WinUI Resources,szLogRotateDisableUniqueFilenameTitle,Log Rotation,NG .resw source; locale=en-US; revision=7d81679f19f5fdaf5c8becaed58204869d1ac857
CFGEvntSLog.WinUI/Strings/Resources,CFGEvntSLog.WinUI Resources,szLogRotateTimeoutUnitDays,Days,NG .resw source; locale=en-US; revision=7d81679f19f5fdaf5c8becaed58204869d1ac857
CFGEvntSLog.WinUI/Strings/Resources,CFGEvntSLog.WinUI Resources,szLogRotateTimeoutUnitHours,Hours,NG .resw source; locale=en-US; revision=7d81679f19f5fdaf5c8becaed58204869d1ac857
CFGEvntSLog.WinUI/Strings/Resources,CFGEvntSLog.WinUI Resources,szLogRotateTimeoutUnitMinutes,Minutes,NG .resw source; locale=en-US; revision=7d81679f19f5fdaf5c8becaed58204869d1ac857
CFGEvntSLog.WinUI/Strings/Resources,CFGEvntSLog.WinUI Resources,szLogRotateTimeoutUnitMonths,Months,NG .resw source; locale=en-US; revision=7d81679f19f5fdaf5c8becaed58204869d1ac857
CFGEvntSLog.WinUI/Strings/Resources,CFGEvntSLog.WinUI Resources,szLogRotateTimeoutUnitSeconds,Seconds,NG .resw source; locale=en-US; revision=7d81679f19f5fdaf5c8becaed58204869d1ac857
CFGEvntSLog.WinUI/Strings/Resources,CFGEvntSLog.WinUI Resources,szLogRotateTimeoutUnitWeeks,Weeks,NG .resw source; locale=en-US; revision=7d81679f19f5fdaf5c8becaed58204869d1ac857
CFGEvntSLog.WinUI/Strings/Resources,CFGEvntSLog.WinUI Resources,szLogRotateTimeoutWarningCancelled,"The rotation interval was not applied. Choose Yes to keep an interval shorter than five minutes, or lengthen the interval before confirming changes.",NG .resw source; locale=en-US; revision=7d81679f19f5fdaf5c8becaed58204869d1ac857
CFGEvntSLog.WinUI/Strings/Resources,CFGEvntSLog.WinUI Resources,szLogRotateTimeoutWarningNo,No,NG .resw source; locale=en-US; revision=7d81679f19f5fdaf5c8becaed58204869d1ac857
CFGEvntSLog.WinUI/Strings/Resources,CFGEvntSLog.WinUI Resources,szLogRotateTimeoutWarningText,Rotating log files more often than every five minutes can create many files and affect logging performance. Do you want to keep this interval?,NG .resw source; locale=en-US; revision=7d81679f19f5fdaf5c8becaed58204869d1ac857
CFGEvntSLog.WinUI/Strings/Resources,CFGEvntSLog.WinUI Resources,szLogRotateTimeoutWarningTitle,Short log rotation interval,NG .resw source; locale=en-US; revision=7d81679f19f5fdaf5c8becaed58204869d1ac857
CFGEvntSLog.WinUI/Strings/Resources,CFGEvntSLog.WinUI Resources,szLogRotateTimeoutWarningUnavailable,"The interval warning could not be shown. Lengthen the interval to at least five minutes, or try again.",NG .resw source; locale=en-US; revision=7d81679f19f5fdaf5c8becaed58204869d1ac857
CFGEvntSLog.WinUI/Strings/Resources,CFGEvntSLog.WinUI Resources,szLogRotateTimeoutWarningYes,Yes,NG .resw source; locale=en-US; revision=7d81679f19f5fdaf5c8becaed58204869d1ac857
CFGEvntSLog.WinUI/Strings/Resources,CFGEvntSLog.WinUI Resources,szLogType,Type of Eventlog,NG .resw source; locale=en-US; revision=7d81679f19f5fdaf5c8becaed58204869d1ac857
CFGEvntSLog.WinUI/Strings/Resources,CFGEvntSLog.WinUI Resources,szLogZipGzip,GZIP (.gz) Compression,NG .resw source; locale=en-US; revision=7d81679f19f5fdaf5c8becaed58204869d1ac857
CFGEvntSLog.WinUI/Strings/Resources,CFGEvntSLog.WinUI Resources,szLogZipZip,ZIP (.zip) Compression,NG .resw source; locale=en-US; revision=7d81679f19f5fdaf5c8becaed58204869d1ac857
CFGEvntSLog.WinUI/Strings/Resources,CFGEvntSLog.WinUI Resources,szMIBSPath,Location of your SNMP Mibs,NG .resw source; locale=en-US; revision=7d81679f19f5fdaf5c8becaed58204869d1ac857
CFGEvntSLog.WinUI/Strings/Resources,CFGEvntSLog.WinUI Resources,szMailServer,SMTP Server,NG .resw source; locale=en-US; revision=7d81679f19f5fdaf5c8becaed58204869d1ac857
CFGEvntSLog.WinUI/Strings/Resources,CFGEvntSLog.WinUI Resources,szMarkParity,Mark Parity,NG .resw source; locale=en-US; revision=7d81679f19f5fdaf5c8becaed58204869d1ac857
CFGEvntSLog.WinUI/Strings/Resources,CFGEvntSLog.WinUI Resources,szMessage,Normalize Parameter,NG .resw source; locale=en-US; revision=7d81679f19f5fdaf5c8becaed58204869d1ac857
CFGEvntSLog.WinUI/Strings/Resources,CFGEvntSLog.WinUI Resources,szMessageBegin,Send this on startup,NG .resw source; locale=en-US; revision=7d81679f19f5fdaf5c8becaed58204869d1ac857
CFGEvntSLog.WinUI/Strings/Resources,CFGEvntSLog.WinUI Resources,szMessageEnd,How the message is ended,NG .resw source; locale=en-US; revision=7d81679f19f5fdaf5c8becaed58204869d1ac857
CFGEvntSLog.WinUI/Strings/Resources,CFGEvntSLog.WinUI Resources,szMessageExpected,Expected Message: ,NG .resw source; locale=en-US; revision=7d81679f19f5fdaf5c8becaed58204869d1ac857
CFGEvntSLog.WinUI/Strings/Resources,CFGEvntSLog.WinUI Resources,szMessageFormat,Message Format,NG .resw source; locale=en-US; revision=7d81679f19f5fdaf5c8becaed58204869d1ac857
CFGEvntSLog.WinUI/Strings/Resources,CFGEvntSLog.WinUI Resources,szMessageMode,MessageField (%msg%),NG .resw source; locale=en-US; revision=7d81679f19f5fdaf5c8becaed58204869d1ac857
CFGEvntSLog.WinUI/Strings/Resources,CFGEvntSLog.WinUI Resources,szMessageProcessing,Message processing related options,NG .resw source; locale=en-US; revision=7d81679f19f5fdaf5c8becaed58204869d1ac857
CFGEvntSLog.WinUI/Strings/Resources,CFGEvntSLog.WinUI Resources,szMessageToSend,Message to Send: ,NG .resw source; locale=en-US; revision=7d81679f19f5fdaf5c8becaed58204869d1ac857
CFGEvntSLog.WinUI/Strings/Resources,CFGEvntSLog.WinUI Resources,szMessagecontent,Message to log,NG .resw source; locale=en-US; revision=7d81679f19f5fdaf5c8becaed58204869d1ac857
CFGEvntSLog.WinUI/Strings/Resources,CFGEvntSLog.WinUI Resources,szMoreInfoCrash,"If enabled, crashdumps will automatically be uploaded to http://crashdump.adiscon.com.
These crash dump do not contain any personal data.
Only data related to the problem will be send. ",NG .resw source; locale=en-US; revision=7d81679f19f5fdaf5c8becaed58204869d1ac857
CFGEvntSLog.WinUI/Strings/Resources,CFGEvntSLog.WinUI Resources,szMoreInformation,More information can be found at our Homepage,NG .resw source; locale=en-US; revision=7d81679f19f5fdaf5c8becaed58204869d1ac857
CFGEvntSLog.WinUI/Strings/Resources,CFGEvntSLog.WinUI Resources,szMsgSep_,Message separation sequence,NG .resw source; locale=en-US; revision=7d81679f19f5fdaf5c8becaed58204869d1ac857
CFGEvntSLog.WinUI/Strings/Resources,CFGEvntSLog.WinUI Resources,szMultiCastAddress,Multicast Address,NG .resw source; locale=en-US; revision=7d81679f19f5fdaf5c8becaed58204869d1ac857
CFGEvntSLog.WinUI/Strings/Resources,CFGEvntSLog.WinUI Resources,szMyIPAddress,IP Listener Address,NG .resw source; locale=en-US; revision=7d81679f19f5fdaf5c8becaed58204869d1ac857
CFGEvntSLog.WinUI/Strings/Resources,CFGEvntSLog.WinUI Resources,szNNTPServer,NNTP Server,NG .resw source; locale=en-US; revision=7d81679f19f5fdaf5c8becaed58204869d1ac857
CFGEvntSLog.WinUI/Strings/Resources,CFGEvntSLog.WinUI Resources,szNetworkOptions,Network specific,NG .resw source; locale=en-US; revision=7d81679f19f5fdaf5c8becaed58204869d1ac857
CFGEvntSLog.WinUI/Strings/Resources,CFGEvntSLog.WinUI Resources,szNoParity,No Parity,NG .resw source; locale=en-US; revision=7d81679f19f5fdaf5c8becaed58204869d1ac857
CFGEvntSLog.WinUI/Strings/Resources,CFGEvntSLog.WinUI Resources,szODBCDsn,DSN,NG .resw source; locale=en-US; revision=7d81679f19f5fdaf5c8becaed58204869d1ac857
CFGEvntSLog.WinUI/Strings/Resources,CFGEvntSLog.WinUI Resources,szODBCPwd,Password,NG .resw source; locale=en-US; revision=7d81679f19f5fdaf5c8becaed58204869d1ac857
CFGEvntSLog.WinUI/Strings/Resources,CFGEvntSLog.WinUI Resources,szODBCUid,User-ID,NG .resw source; locale=en-US; revision=7d81679f19f5fdaf5c8becaed58204869d1ac857
CFGEvntSLog.WinUI/Strings/Resources,CFGEvntSLog.WinUI Resources,szOddParity,Odd Parity,NG .resw source; locale=en-US; revision=7d81679f19f5fdaf5c8becaed58204869d1ac857
CFGEvntSLog.WinUI/Strings/Resources,CFGEvntSLog.WinUI Resources,szOne5StopBits,"1,5 Stop bit",NG .resw source; locale=en-US; revision=7d81679f19f5fdaf5c8becaed58204869d1ac857
CFGEvntSLog.WinUI/Strings/Resources,CFGEvntSLog.WinUI Resources,szOneStopBit,1 Stop bit,NG .resw source; locale=en-US; revision=7d81679f19f5fdaf5c8becaed58204869d1ac857
CFGEvntSLog.WinUI/Strings/Resources,CFGEvntSLog.WinUI Resources,szOpenSearchOptions,OpenSearch options,NG .resw source; locale=en-US; revision=7d81679f19f5fdaf5c8becaed58204869d1ac857
CFGEvntSLog.WinUI/Strings/Resources,CFGEvntSLog.WinUI Resources,szOperationType,Operation type,NG .resw source; locale=en-US; revision=7d81679f19f5fdaf5c8becaed58204869d1ac857
CFGEvntSLog.WinUI/Strings/Resources,CFGEvntSLog.WinUI Resources,szOptions,Options,NG .resw source; locale=en-US; revision=7d81679f19f5fdaf5c8becaed58204869d1ac857
CFGEvntSLog.WinUI/Strings/Resources,CFGEvntSLog.WinUI Resources,szOtherOptions,Other Engine Options,NG .resw source; locale=en-US; revision=7d81679f19f5fdaf5c8becaed58204869d1ac857
CFGEvntSLog.WinUI/Strings/Resources,CFGEvntSLog.WinUI Resources,szOutputFormat_CSV,CSV Format,NG .resw source; locale=en-US; revision=7d81679f19f5fdaf5c8becaed58204869d1ac857
CFGEvntSLog.WinUI/Strings/Resources,CFGEvntSLog.WinUI Resources,szOutputFormat_Disabled,Disabled,NG .resw source; locale=en-US; revision=7d81679f19f5fdaf5c8becaed58204869d1ac857
CFGEvntSLog.WinUI/Strings/Resources,CFGEvntSLog.WinUI Resources,szOutputFormat_JSON,JSON Format,NG .resw source; locale=en-US; revision=7d81679f19f5fdaf5c8becaed58204869d1ac857
CFGEvntSLog.WinUI/Strings/Resources,CFGEvntSLog.WinUI Resources,szOutputFormat_XML,XML Format,NG .resw source; locale=en-US; revision=7d81679f19f5fdaf5c8becaed58204869d1ac857
CFGEvntSLog.WinUI/Strings/Resources,CFGEvntSLog.WinUI Resources,szOutputProperty,Output Property,NG .resw source; locale=en-US; revision=7d81679f19f5fdaf5c8becaed58204869d1ac857
CFGEvntSLog.WinUI/Strings/Resources,CFGEvntSLog.WinUI Resources,szOverwriteValues,Overwrite Syslog Properties,NG .resw source; locale=en-US; revision=7d81679f19f5fdaf5c8becaed58204869d1ac857
CFGEvntSLog.WinUI/Strings/Resources,CFGEvntSLog.WinUI Resources,szPOP3Server,POP3 Server,NG .resw source; locale=en-US; revision=7d81679f19f5fdaf5c8becaed58204869d1ac857
CFGEvntSLog.WinUI/Strings/Resources,CFGEvntSLog.WinUI Resources,szParameters,Command Parameters,NG .resw source; locale=en-US; revision=7d81679f19f5fdaf5c8becaed58204869d1ac857
CFGEvntSLog.WinUI/Strings/Resources,CFGEvntSLog.WinUI Resources,szParsValue_,Value,NG .resw source; locale=en-US; revision=7d81679f19f5fdaf5c8becaed58204869d1ac857
CFGEvntSLog.WinUI/Strings/Resources,CFGEvntSLog.WinUI Resources,szPassword,Password,NG .resw source; locale=en-US; revision=7d81679f19f5fdaf5c8becaed58204869d1ac857
CFGEvntSLog.WinUI/Strings/Resources,CFGEvntSLog.WinUI Resources,szPathAndFileName,File and Path Name,NG .resw source; locale=en-US; revision=7d81679f19f5fdaf5c8becaed58204869d1ac857
CFGEvntSLog.WinUI/Strings/Resources,CFGEvntSLog.WinUI Resources,szPortName,Send message to this communication port,NG .resw source; locale=en-US; revision=7d81679f19f5fdaf5c8becaed58204869d1ac857
CFGEvntSLog.WinUI/Strings/Resources,CFGEvntSLog.WinUI Resources,szPortSettings,Port Settings,NG .resw source; locale=en-US; revision=7d81679f19f5fdaf5c8becaed58204869d1ac857
CFGEvntSLog.WinUI/Strings/Resources,CFGEvntSLog.WinUI Resources,szPostProcessApps,Available post process applications,NG .resw source; locale=en-US; revision=7d81679f19f5fdaf5c8becaed58204869d1ac857
CFGEvntSLog.WinUI/Strings/Resources,CFGEvntSLog.WinUI Resources,szPriorityLow,Low Priority,NG .resw source; locale=en-US; revision=7d81679f19f5fdaf5c8becaed58204869d1ac857
CFGEvntSLog.WinUI/Strings/Resources,CFGEvntSLog.WinUI Resources,szPriorityNormal,Normal Priority,NG .resw source; locale=en-US; revision=7d81679f19f5fdaf5c8becaed58204869d1ac857
CFGEvntSLog.WinUI/Strings/Resources,CFGEvntSLog.WinUI Resources,szPriorityhigh,High Priority,NG .resw source; locale=en-US; revision=7d81679f19f5fdaf5c8becaed58204869d1ac857
CFGEvntSLog.WinUI/Strings/Resources,CFGEvntSLog.WinUI Resources,szPropertiesTableName,Detaildata Tablename,NG .resw source; locale=en-US; revision=7d81679f19f5fdaf5c8becaed58204869d1ac857
CFGEvntSLog.WinUI/Strings/Resources,CFGEvntSLog.WinUI Resources,szPropertyName,Status variable name,NG .resw source; locale=en-US; revision=7d81679f19f5fdaf5c8becaed58204869d1ac857
CFGEvntSLog.WinUI/Strings/Resources,CFGEvntSLog.WinUI Resources,szPropertyType,Select property Type,NG .resw source; locale=en-US; revision=7d81679f19f5fdaf5c8becaed58204869d1ac857
CFGEvntSLog.WinUI/Strings/Resources,CFGEvntSLog.WinUI Resources,szPropertyValue,Set property value,NG .resw source; locale=en-US; revision=7d81679f19f5fdaf5c8becaed58204869d1ac857
CFGEvntSLog.WinUI/Strings/Resources,CFGEvntSLog.WinUI Resources,szProperty_,Property Name,NG .resw source; locale=en-US; revision=7d81679f19f5fdaf5c8becaed58204869d1ac857
CFGEvntSLog.WinUI/Strings/Resources,CFGEvntSLog.WinUI Resources,szProvider,Provider,NG .resw source; locale=en-US; revision=7d81679f19f5fdaf5c8becaed58204869d1ac857
CFGEvntSLog.WinUI/Strings/Resources,CFGEvntSLog.WinUI Resources,szQueueBody,Queue Message Body,NG .resw source; locale=en-US; revision=7d81679f19f5fdaf5c8becaed58204869d1ac857
CFGEvntSLog.WinUI/Strings/Resources,CFGEvntSLog.WinUI Resources,szQueueLable,Queue Message Label,NG .resw source; locale=en-US; revision=7d81679f19f5fdaf5c8becaed58204869d1ac857
CFGEvntSLog.WinUI/Strings/Resources,CFGEvntSLog.WinUI Resources,szQueueName,Queuename,NG .resw source; locale=en-US; revision=7d81679f19f5fdaf5c8becaed58204869d1ac857
CFGEvntSLog.WinUI/Strings/Resources,CFGEvntSLog.WinUI Resources,szRELPOptions,General Options,NG .resw source; locale=en-US; revision=7d81679f19f5fdaf5c8becaed58204869d1ac857
CFGEvntSLog.WinUI/Strings/Resources,CFGEvntSLog.WinUI Resources,szROM,Rest of Message,NG .resw source; locale=en-US; revision=7d81679f19f5fdaf5c8becaed58204869d1ac857
CFGEvntSLog.WinUI/Strings/Resources,CFGEvntSLog.WinUI Resources,szReadFileBufferInfo,"The File Monitor reads files in chunks (blocks) with the read Filebuffer size.
The default buffersize is 4096 bytes which is a good balance between performance and memory usage.

You may want to increase the size when using regex message separators and your log lines increase the default file buffer size. Otherwise we recommend not to change this value!",NG .resw source; locale=en-US; revision=7d81679f19f5fdaf5c8becaed58204869d1ac857
CFGEvntSLog.WinUI/Strings/Resources,CFGEvntSLog.WinUI Resources,szReferer,Referer,NG .resw source; locale=en-US; revision=7d81679f19f5fdaf5c8becaed58204869d1ac857
CFGEvntSLog.WinUI/Strings/Resources,CFGEvntSLog.WinUI Resources,szRegistryError,Error accessing configuration registry,NG .resw source; locale=en-US; revision=7d81679f19f5fdaf5c8becaed58204869d1ac857
CFGEvntSLog.WinUI/Strings/Resources,CFGEvntSLog.WinUI Resources,szRemoteHost,Remote host,NG .resw source; locale=en-US; revision=7d81679f19f5fdaf5c8becaed58204869d1ac857
CFGEvntSLog.WinUI/Strings/Resources,CFGEvntSLog.WinUI Resources,szRequestTemplateAdvancedHint,Leave the JSON property list empty and both fields blank to auto-serialize all InfoUnit properties as JSON (see preview). The advanced template overrides the property list when non-empty.,NG .resw source; locale=en-US; revision=7d81679f19f5fdaf5c8becaed58204869d1ac857
CFGEvntSLog.WinUI/Strings/Resources,CFGEvntSLog.WinUI Resources,szRequestType,Request Type,NG .resw source; locale=en-US; revision=7d81679f19f5fdaf5c8becaed58204869d1ac857
CFGEvntSLog.WinUI/Strings/Resources,CFGEvntSLog.WinUI Resources,szResetValue,Reset value,NG .resw source; locale=en-US; revision=7d81679f19f5fdaf5c8becaed58204869d1ac857
CFGEvntSLog.WinUI/Strings/Resources,CFGEvntSLog.WinUI Resources,szRessourceOptions,Ressource Library Cache Options,NG .resw source; locale=en-US; revision=7d81679f19f5fdaf5c8becaed58204869d1ac857
CFGEvntSLog.WinUI/Strings/Resources,CFGEvntSLog.WinUI Resources,szRestOutputAdvancedTab,Advanced,NG .resw source; locale=en-US; revision=7d81679f19f5fdaf5c8becaed58204869d1ac857
CFGEvntSLog.WinUI/Strings/Resources,CFGEvntSLog.WinUI Resources,szRestOutputGeneralTab,General,NG .resw source; locale=en-US; revision=7d81679f19f5fdaf5c8becaed58204869d1ac857
CFGEvntSLog.WinUI/Strings/Resources,CFGEvntSLog.WinUI Resources,szRestOutputRequestTab,Request,NG .resw source; locale=en-US; revision=7d81679f19f5fdaf5c8becaed58204869d1ac857
CFGEvntSLog.WinUI/Strings/Resources,CFGEvntSLog.WinUI Resources,szRingBufferFile,File and path name,NG .resw source; locale=en-US; revision=7d81679f19f5fdaf5c8becaed58204869d1ac857
CFGEvntSLog.WinUI/Strings/Resources,CFGEvntSLog.WinUI Resources,szRingBufferWarning,"Warning! If you enable diskcaching, it will slow down processing of the actions. This depends on the speed of your harddisk. Do only enable this feature if you really want cache the queue on disk for failover reasons. If the processing is interrupted for some reason, the Service will load the queue on startup and process what was in the queue before.",NG .resw source; locale=en-US; revision=7d81679f19f5fdaf5c8becaed58204869d1ac857
CFGEvntSLog.WinUI/Strings/Resources,CFGEvntSLog.WinUI Resources,szRotateConditions,Rotate Conditions,NG .resw source; locale=en-US; revision=7d81679f19f5fdaf5c8becaed58204869d1ac857
CFGEvntSLog.WinUI/Strings/Resources,CFGEvntSLog.WinUI Resources,szRotatePostProcessing,Rotate PostProcessing,NG .resw source; locale=en-US; revision=7d81679f19f5fdaf5c8becaed58204869d1ac857
CFGEvntSLog.WinUI/Strings/Resources,CFGEvntSLog.WinUI Resources,szRotateWorkerOptions,LogRotate Background Worker,NG .resw source; locale=en-US; revision=7d81679f19f5fdaf5c8becaed58204869d1ac857
CFGEvntSLog.WinUI/Strings/Resources,CFGEvntSLog.WinUI Resources,szRotateWorkerOptionsDescription,"The queued LogRotate worker subsystem prepares detached files and processes log rotation jobs in the background.
Pending jobs are saved in LogRotationQueue.json and continue after restart.
Temporary .staging files may appear while files are prepared for rotation, compression, or move operations.",NG .resw source; locale=en-US; revision=7d81679f19f5fdaf5c8becaed58204869d1ac857
CFGEvntSLog.WinUI/Strings/Resources,CFGEvntSLog.WinUI Resources,szRtsControlDisable,RTS Control Disable,NG .resw source; locale=en-US; revision=7d81679f19f5fdaf5c8becaed58204869d1ac857
CFGEvntSLog.WinUI/Strings/Resources,CFGEvntSLog.WinUI Resources,szRtsControlEnable,RTS Control Enable,NG .resw source; locale=en-US; revision=7d81679f19f5fdaf5c8becaed58204869d1ac857
CFGEvntSLog.WinUI/Strings/Resources,CFGEvntSLog.WinUI Resources,szRtsControlHandshake,RTS Control Handshake,NG .resw source; locale=en-US; revision=7d81679f19f5fdaf5c8becaed58204869d1ac857
CFGEvntSLog.WinUI/Strings/Resources,CFGEvntSLog.WinUI Resources,szRtsControlToggle,RTS Control Toggle,NG .resw source; locale=en-US; revision=7d81679f19f5fdaf5c8becaed58204869d1ac857
CFGEvntSLog.WinUI/Strings/Resources,CFGEvntSLog.WinUI Resources,szRuleEngineSpecific,Rule Engine specific,NG .resw source; locale=en-US; revision=7d81679f19f5fdaf5c8becaed58204869d1ac857
CFGEvntSLog.WinUI/Strings/Resources,CFGEvntSLog.WinUI Resources,szRuleSet,RuleSet to process,NG .resw source; locale=en-US; revision=7d81679f19f5fdaf5c8becaed58204869d1ac857
CFGEvntSLog.WinUI/Strings/Resources,CFGEvntSLog.WinUI Resources,szRuleSetEngineOptions,RuleSet Engine,NG .resw source; locale=en-US; revision=7d81679f19f5fdaf5c8becaed58204869d1ac857
CFGEvntSLog.WinUI/Strings/Resources,CFGEvntSLog.WinUI Resources,szRulebase,Select Rulebase File,NG .resw source; locale=en-US; revision=7d81679f19f5fdaf5c8becaed58204869d1ac857
CFGEvntSLog.WinUI/Strings/Resources,CFGEvntSLog.WinUI Resources,szSETPOptions,General Options,NG .resw source; locale=en-US; revision=7d81679f19f5fdaf5c8becaed58204869d1ac857
CFGEvntSLog.WinUI/Strings/Resources,CFGEvntSLog.WinUI Resources,szSMTPBody,Mail Message Format,NG .resw source; locale=en-US; revision=7d81679f19f5fdaf5c8becaed58204869d1ac857
CFGEvntSLog.WinUI/Strings/Resources,CFGEvntSLog.WinUI Resources,szSMTPPassword,SMTP Password,NG .resw source; locale=en-US; revision=7d81679f19f5fdaf5c8becaed58204869d1ac857
CFGEvntSLog.WinUI/Strings/Resources,CFGEvntSLog.WinUI Resources,szSMTPRecipient,Recipient Emailaddress,NG .resw source; locale=en-US; revision=7d81679f19f5fdaf5c8becaed58204869d1ac857
CFGEvntSLog.WinUI/Strings/Resources,CFGEvntSLog.WinUI Resources,szSMTPSender,Sender Emailaddress,NG .resw source; locale=en-US; revision=7d81679f19f5fdaf5c8becaed58204869d1ac857
CFGEvntSLog.WinUI/Strings/Resources,CFGEvntSLog.WinUI Resources,szSMTPServer,Mailserver,NG .resw source; locale=en-US; revision=7d81679f19f5fdaf5c8becaed58204869d1ac857
CFGEvntSLog.WinUI/Strings/Resources,CFGEvntSLog.WinUI Resources,szSMTPServerBackup,Backup Mailserver,NG .resw source; locale=en-US; revision=7d81679f19f5fdaf5c8becaed58204869d1ac857
CFGEvntSLog.WinUI/Strings/Resources,CFGEvntSLog.WinUI Resources,szSMTPSubject,Subject,NG .resw source; locale=en-US; revision=7d81679f19f5fdaf5c8becaed58204869d1ac857
CFGEvntSLog.WinUI/Strings/Resources,CFGEvntSLog.WinUI Resources,szSMTPUsername,SMTP Username,NG .resw source; locale=en-US; revision=7d81679f19f5fdaf5c8becaed58204869d1ac857
CFGEvntSLog.WinUI/Strings/Resources,CFGEvntSLog.WinUI Resources,szSNMPOptions,SNMP Options,NG .resw source; locale=en-US; revision=7d81679f19f5fdaf5c8becaed58204869d1ac857
CFGEvntSLog.WinUI/Strings/Resources,CFGEvntSLog.WinUI Resources,szSQLConnectionOptions,Connection Options,NG .resw source; locale=en-US; revision=7d81679f19f5fdaf5c8becaed58204869d1ac857
CFGEvntSLog.WinUI/Strings/Resources,CFGEvntSLog.WinUI Resources,szSQLOptions,SQL Options,NG .resw source; locale=en-US; revision=7d81679f19f5fdaf5c8becaed58204869d1ac857
CFGEvntSLog.WinUI/Strings/Resources,CFGEvntSLog.WinUI Resources,szSSLOptions,SSL options,NG .resw source; locale=en-US; revision=7d81679f19f5fdaf5c8becaed58204869d1ac857
CFGEvntSLog.WinUI/Strings/Resources,CFGEvntSLog.WinUI Resources,szSaveSourceProperty,Propertyname: ,NG .resw source; locale=en-US; revision=7d81679f19f5fdaf5c8becaed58204869d1ac857
CFGEvntSLog.WinUI/Strings/Resources,CFGEvntSLog.WinUI Resources,szSelectStatement,Statement related properties,NG .resw source; locale=en-US; revision=7d81679f19f5fdaf5c8becaed58204869d1ac857
CFGEvntSLog.WinUI/Strings/Resources,CFGEvntSLog.WinUI Resources,szSelectStatementFROM,FROM,NG .resw source; locale=en-US; revision=7d81679f19f5fdaf5c8becaed58204869d1ac857
CFGEvntSLog.WinUI/Strings/Resources,CFGEvntSLog.WinUI Resources,szSelectStatementSELECT,SELECT,NG .resw source; locale=en-US; revision=7d81679f19f5fdaf5c8becaed58204869d1ac857
CFGEvntSLog.WinUI/Strings/Resources,CFGEvntSLog.WinUI Resources,szSelpSendServer,RELP Servername,NG .resw source; locale=en-US; revision=7d81679f19f5fdaf5c8becaed58204869d1ac857
CFGEvntSLog.WinUI/Strings/Resources,CFGEvntSLog.WinUI Resources,szSendModeRoundRobin,Use round robin (multiple syslog servers),NG .resw source; locale=en-US; revision=7d81679f19f5fdaf5c8becaed58204869d1ac857
CFGEvntSLog.WinUI/Strings/Resources,CFGEvntSLog.WinUI Resources,szSendModeSingle,Use single syslog server with optional backup server,NG .resw source; locale=en-US; revision=7d81679f19f5fdaf5c8becaed58204869d1ac857
CFGEvntSLog.WinUI/Strings/Resources,CFGEvntSLog.WinUI Resources,szServer,Servername,NG .resw source; locale=en-US; revision=7d81679f19f5fdaf5c8becaed58204869d1ac857
CFGEvntSLog.WinUI/Strings/Resources,CFGEvntSLog.WinUI Resources,szServerName,Monitor Eventlog from this host,NG .resw source; locale=en-US; revision=7d81679f19f5fdaf5c8becaed58204869d1ac857
CFGEvntSLog.WinUI/Strings/Resources,CFGEvntSLog.WinUI Resources,szServiceName,Service Name,NG .resw source; locale=en-US; revision=7d81679f19f5fdaf5c8becaed58204869d1ac857
CFGEvntSLog.WinUI/Strings/Resources,CFGEvntSLog.WinUI Resources,szSnmpCheckOid,Query OID (Object ID),NG .resw source; locale=en-US; revision=7d81679f19f5fdaf5c8becaed58204869d1ac857
CFGEvntSLog.WinUI/Strings/Resources,CFGEvntSLog.WinUI Resources,szSnmpGeneralOptions,General SNMP Options,NG .resw source; locale=en-US; revision=7d81679f19f5fdaf5c8becaed58204869d1ac857
CFGEvntSLog.WinUI/Strings/Resources,CFGEvntSLog.WinUI Resources,szSnmpRelatedValues,SNMP Query related,NG .resw source; locale=en-US; revision=7d81679f19f5fdaf5c8becaed58204869d1ac857
CFGEvntSLog.WinUI/Strings/Resources,CFGEvntSLog.WinUI Resources,szSnmpv2Oid,Trap OID,NG .resw source; locale=en-US; revision=7d81679f19f5fdaf5c8becaed58204869d1ac857
CFGEvntSLog.WinUI/Strings/Resources,CFGEvntSLog.WinUI Resources,szSourcePropertyName,Select Source Property from which the name will be resolved,NG .resw source; locale=en-US; revision=7d81679f19f5fdaf5c8becaed58204869d1ac857
CFGEvntSLog.WinUI/Strings/Resources,CFGEvntSLog.WinUI Resources,szSpaceParity,Space Parity,NG .resw source; locale=en-US; revision=7d81679f19f5fdaf5c8becaed58204869d1ac857
CFGEvntSLog.WinUI/Strings/Resources,CFGEvntSLog.WinUI Resources,szSpoofedIPAddress,Fixed IP or single property,NG .resw source; locale=en-US; revision=7d81679f19f5fdaf5c8becaed58204869d1ac857
CFGEvntSLog.WinUI/Strings/Resources,CFGEvntSLog.WinUI Resources,szStatusVar,Status variable,NG .resw source; locale=en-US; revision=7d81679f19f5fdaf5c8becaed58204869d1ac857
CFGEvntSLog.WinUI/Strings/Resources,CFGEvntSLog.WinUI Resources,szStoredProcedure,CALL (MSSQLStored Procedure),NG .resw source; locale=en-US; revision=7d81679f19f5fdaf5c8becaed58204869d1ac857
CFGEvntSLog.WinUI/Strings/Resources,CFGEvntSLog.WinUI Resources,szSubscriptionOptions,Subscription related Options,NG .resw source; locale=en-US; revision=7d81679f19f5fdaf5c8becaed58204869d1ac857
CFGEvntSLog.WinUI/Strings/Resources,CFGEvntSLog.WinUI Resources,szSyslogHeaderOptions,SyslogHeader Options,NG .resw source; locale=en-US; revision=7d81679f19f5fdaf5c8becaed58204869d1ac857
CFGEvntSLog.WinUI/Strings/Resources,CFGEvntSLog.WinUI Resources,szSyslogMaxMessageSizeDescription,"When oversized messages are received over Syslog TCP, this size limit defines when we have to split the message.
By default the maximum for TCP is set to 1024000 bytes (1MB). For Syslog UDP, the limit is 65536 Bytes due to the UDP Protocol limits.",NG .resw source; locale=en-US; revision=7d81679f19f5fdaf5c8becaed58204869d1ac857
CFGEvntSLog.WinUI/Strings/Resources,CFGEvntSLog.WinUI Resources,szSyslogMessageOptions,Syslog Message Options,NG .resw source; locale=en-US; revision=7d81679f19f5fdaf5c8becaed58204869d1ac857
CFGEvntSLog.WinUI/Strings/Resources,CFGEvntSLog.WinUI Resources,szSyslogNetworkOptions,Network related Options,NG .resw source; locale=en-US; revision=7d81679f19f5fdaf5c8becaed58204869d1ac857
CFGEvntSLog.WinUI/Strings/Resources,CFGEvntSLog.WinUI Resources,szSyslogProcessingCustomHeader,Use Custom Syslog Header,NG .resw source; locale=en-US; revision=7d81679f19f5fdaf5c8becaed58204869d1ac857
CFGEvntSLog.WinUI/Strings/Resources,CFGEvntSLog.WinUI Resources,szSyslogProcessingDisabled,"Disable processing, forward as it is.",NG .resw source; locale=en-US; revision=7d81679f19f5fdaf5c8becaed58204869d1ac857
CFGEvntSLog.WinUI/Strings/Resources,CFGEvntSLog.WinUI Resources,szSyslogProcessingRFC3164,Use legacy RFC 3164 processing,NG .resw source; locale=en-US; revision=7d81679f19f5fdaf5c8becaed58204869d1ac857
CFGEvntSLog.WinUI/Strings/Resources,CFGEvntSLog.WinUI Resources,szSyslogProcessingRFC5424,Use RFC 5424 processing (recommended),NG .resw source; locale=en-US; revision=7d81679f19f5fdaf5c8becaed58204869d1ac857
CFGEvntSLog.WinUI/Strings/Resources,CFGEvntSLog.WinUI Resources,szSyslogQueue,SyslogQueue Name,NG .resw source; locale=en-US; revision=7d81679f19f5fdaf5c8becaed58204869d1ac857
CFGEvntSLog.WinUI/Strings/Resources,CFGEvntSLog.WinUI Resources,szSyslogQueueOptions,SyslogQueue Options,NG .resw source; locale=en-US; revision=7d81679f19f5fdaf5c8becaed58204869d1ac857
CFGEvntSLog.WinUI/Strings/Resources,CFGEvntSLog.WinUI Resources,szSyslogSSLOptions,SSL/TLS related Options,NG .resw source; locale=en-US; revision=7d81679f19f5fdaf5c8becaed58204869d1ac857
CFGEvntSLog.WinUI/Strings/Resources,CFGEvntSLog.WinUI Resources,szSyslogSendServer,Syslog Server,NG .resw source; locale=en-US; revision=7d81679f19f5fdaf5c8becaed58204869d1ac857
CFGEvntSLog.WinUI/Strings/Resources,CFGEvntSLog.WinUI Resources,szSyslogServerBackup,Backup Syslog Server,NG .resw source; locale=en-US; revision=7d81679f19f5fdaf5c8becaed58204869d1ac857
CFGEvntSLog.WinUI/Strings/Resources,CFGEvntSLog.WinUI Resources,szSyslogServerOptions,Syslog Receiver Options,NG .resw source; locale=en-US; revision=7d81679f19f5fdaf5c8becaed58204869d1ac857
CFGEvntSLog.WinUI/Strings/Resources,CFGEvntSLog.WinUI Resources,szSyslogServer_,Syslog Server,NG .resw source; locale=en-US; revision=7d81679f19f5fdaf5c8becaed58204869d1ac857
CFGEvntSLog.WinUI/Strings/Resources,CFGEvntSLog.WinUI Resources,szSyslogTCPOptions,TCP related Options,NG .resw source; locale=en-US; revision=7d81679f19f5fdaf5c8becaed58204869d1ac857
CFGEvntSLog.WinUI/Strings/Resources,CFGEvntSLog.WinUI Resources,szSyslogTagValue,Syslog Tag Value,NG .resw source; locale=en-US; revision=7d81679f19f5fdaf5c8becaed58204869d1ac857
CFGEvntSLog.WinUI/Strings/Resources,CFGEvntSLog.WinUI Resources,szSyslogTargetOptions,Syslog Target Options,NG .resw source; locale=en-US; revision=7d81679f19f5fdaf5c8becaed58204869d1ac857
CFGEvntSLog.WinUI/Strings/Resources,CFGEvntSLog.WinUI Resources,szSyslogUDPOptions,UDP related Options,NG .resw source; locale=en-US; revision=7d81679f19f5fdaf5c8becaed58204869d1ac857
CFGEvntSLog.WinUI/Strings/Resources,CFGEvntSLog.WinUI Resources,szTCPMsgSep,Message separation sequence,NG .resw source; locale=en-US; revision=7d81679f19f5fdaf5c8becaed58204869d1ac857
CFGEvntSLog.WinUI/Strings/Resources,CFGEvntSLog.WinUI Resources,szTCPOptions,TCPOptions,NG .resw source; locale=en-US; revision=7d81679f19f5fdaf5c8becaed58204869d1ac857
CFGEvntSLog.WinUI/Strings/Resources,CFGEvntSLog.WinUI Resources,szTLSAdvancedOptions,TLS Advanced,NG .resw source; locale=en-US; revision=7d81679f19f5fdaf5c8becaed58204869d1ac857
CFGEvntSLog.WinUI/Strings/Resources,CFGEvntSLog.WinUI Resources,szTLSCommandsInfo,"By enabling this option, you can set OpenSSL configuration commands directly. For more information on available configuration parameters for each command type, visit: ",NG .resw source; locale=en-US; revision=7d81679f19f5fdaf5c8becaed58204869d1ac857
CFGEvntSLog.WinUI/Strings/Resources,CFGEvntSLog.WinUI Resources,szTLSCommandsInfoLink,OpenSSL SSL_CONF_cmd documentation,NG .resw source; locale=en-US; revision=7d81679f19f5fdaf5c8becaed58204869d1ac857
CFGEvntSLog.WinUI/Strings/Resources,CFGEvntSLog.WinUI Resources,szTLSOptions,TLS Options,NG .resw source; locale=en-US; revision=7d81679f19f5fdaf5c8becaed58204869d1ac857
CFGEvntSLog.WinUI/Strings/Resources,CFGEvntSLog.WinUI Resources,szTabAdvanced,Advanced Options,NG .resw source; locale=en-US; revision=7d81679f19f5fdaf5c8becaed58204869d1ac857
CFGEvntSLog.WinUI/Strings/Resources,CFGEvntSLog.WinUI Resources,szTabCPU,CPU,NG .resw source; locale=en-US; revision=7d81679f19f5fdaf5c8becaed58204869d1ac857
CFGEvntSLog.WinUI/Strings/Resources,CFGEvntSLog.WinUI Resources,szTabCaching,Event Caching,NG .resw source; locale=en-US; revision=7d81679f19f5fdaf5c8becaed58204869d1ac857
CFGEvntSLog.WinUI/Strings/Resources,CFGEvntSLog.WinUI Resources,szTabEncoding,Encoding,NG .resw source; locale=en-US; revision=7d81679f19f5fdaf5c8becaed58204869d1ac857
CFGEvntSLog.WinUI/Strings/Resources,CFGEvntSLog.WinUI Resources,szTabEventChannels,Event Channels,NG .resw source; locale=en-US; revision=7d81679f19f5fdaf5c8becaed58204869d1ac857
CFGEvntSLog.WinUI/Strings/Resources,CFGEvntSLog.WinUI Resources,szTabFiles,Processed Files,NG .resw source; locale=en-US; revision=7d81679f19f5fdaf5c8becaed58204869d1ac857
CFGEvntSLog.WinUI/Strings/Resources,CFGEvntSLog.WinUI Resources,szTabGeneral,General Options,NG .resw source; locale=en-US; revision=7d81679f19f5fdaf5c8becaed58204869d1ac857
CFGEvntSLog.WinUI/Strings/Resources,CFGEvntSLog.WinUI Resources,szTabMailFormatOptions,Mail Format Options,NG .resw source; locale=en-US; revision=7d81679f19f5fdaf5c8becaed58204869d1ac857
CFGEvntSLog.WinUI/Strings/Resources,CFGEvntSLog.WinUI Resources,szTabMailServerOptions,Mail Server Options,NG .resw source; locale=en-US; revision=7d81679f19f5fdaf5c8becaed58204869d1ac857
CFGEvntSLog.WinUI/Strings/Resources,CFGEvntSLog.WinUI Resources,szTabMemory,Total Memory,NG .resw source; locale=en-US; revision=7d81679f19f5fdaf5c8becaed58204869d1ac857
CFGEvntSLog.WinUI/Strings/Resources,CFGEvntSLog.WinUI Resources,szTabMsgSep,Message Separators,NG .resw source; locale=en-US; revision=7d81679f19f5fdaf5c8becaed58204869d1ac857
CFGEvntSLog.WinUI/Strings/Resources,CFGEvntSLog.WinUI Resources,szTabPhyMemory,Physical Memory,NG .resw source; locale=en-US; revision=7d81679f19f5fdaf5c8becaed58204869d1ac857
CFGEvntSLog.WinUI/Strings/Resources,CFGEvntSLog.WinUI Resources,szTabVirtMemory,Virtual Memory,NG .resw source; locale=en-US; revision=7d81679f19f5fdaf5c8becaed58204869d1ac857
CFGEvntSLog.WinUI/Strings/Resources,CFGEvntSLog.WinUI Resources,szTableID,ID Field name,NG .resw source; locale=en-US; revision=7d81679f19f5fdaf5c8becaed58204869d1ac857
CFGEvntSLog.WinUI/Strings/Resources,CFGEvntSLog.WinUI Resources,szTableName,Table Name,NG .resw source; locale=en-US; revision=7d81679f19f5fdaf5c8becaed58204869d1ac857
CFGEvntSLog.WinUI/Strings/Resources,CFGEvntSLog.WinUI Resources,szTarget,Target Machine,NG .resw source; locale=en-US; revision=7d81679f19f5fdaf5c8becaed58204869d1ac857
CFGEvntSLog.WinUI/Strings/Resources,CFGEvntSLog.WinUI Resources,szText,text,NG .resw source; locale=en-US; revision=7d81679f19f5fdaf5c8becaed58204869d1ac857
CFGEvntSLog.WinUI/Strings/Resources,CFGEvntSLog.WinUI Resources,szTwoStopBits,2 Stop bits,NG .resw source; locale=en-US; revision=7d81679f19f5fdaf5c8becaed58204869d1ac857
CFGEvntSLog.WinUI/Strings/Resources,CFGEvntSLog.WinUI Resources,szTypeAgentcap,Agent Cap,NG .resw source; locale=en-US; revision=7d81679f19f5fdaf5c8becaed58204869d1ac857
CFGEvntSLog.WinUI/Strings/Resources,CFGEvntSLog.WinUI Resources,szTypeBitstring,Bit String,NG .resw source; locale=en-US; revision=7d81679f19f5fdaf5c8becaed58204869d1ac857
CFGEvntSLog.WinUI/Strings/Resources,CFGEvntSLog.WinUI Resources,szTypeCounter,Counter,NG .resw source; locale=en-US; revision=7d81679f19f5fdaf5c8becaed58204869d1ac857
CFGEvntSLog.WinUI/Strings/Resources,CFGEvntSLog.WinUI Resources,szTypeCounter64,Counter64,NG .resw source; locale=en-US; revision=7d81679f19f5fdaf5c8becaed58204869d1ac857
CFGEvntSLog.WinUI/Strings/Resources,CFGEvntSLog.WinUI Resources,szTypeGauge,Gauge,NG .resw source; locale=en-US; revision=7d81679f19f5fdaf5c8becaed58204869d1ac857
CFGEvntSLog.WinUI/Strings/Resources,CFGEvntSLog.WinUI Resources,szTypeInteger,Integer,NG .resw source; locale=en-US; revision=7d81679f19f5fdaf5c8becaed58204869d1ac857
CFGEvntSLog.WinUI/Strings/Resources,CFGEvntSLog.WinUI Resources,szTypeInteger32,Signed Integer32,NG .resw source; locale=en-US; revision=7d81679f19f5fdaf5c8becaed58204869d1ac857
CFGEvntSLog.WinUI/Strings/Resources,CFGEvntSLog.WinUI Resources,szTypeIpaddr,IPAddress,NG .resw source; locale=en-US; revision=7d81679f19f5fdaf5c8becaed58204869d1ac857
CFGEvntSLog.WinUI/Strings/Resources,CFGEvntSLog.WinUI Resources,szTypeModcomp,Mod Comp,NG .resw source; locale=en-US; revision=7d81679f19f5fdaf5c8becaed58204869d1ac857
CFGEvntSLog.WinUI/Strings/Resources,CFGEvntSLog.WinUI Resources,szTypeModid,ModID,NG .resw source; locale=en-US; revision=7d81679f19f5fdaf5c8becaed58204869d1ac857
CFGEvntSLog.WinUI/Strings/Resources,CFGEvntSLog.WinUI Resources,szTypeNetaddr,Net Address,NG .resw source; locale=en-US; revision=7d81679f19f5fdaf5c8becaed58204869d1ac857
CFGEvntSLog.WinUI/Strings/Resources,CFGEvntSLog.WinUI Resources,szTypeNotiftype,Notify Type,NG .resw source; locale=en-US; revision=7d81679f19f5fdaf5c8becaed58204869d1ac857
CFGEvntSLog.WinUI/Strings/Resources,CFGEvntSLog.WinUI Resources,szTypeNsapaddress,NSAP Address,NG .resw source; locale=en-US; revision=7d81679f19f5fdaf5c8becaed58204869d1ac857
CFGEvntSLog.WinUI/Strings/Resources,CFGEvntSLog.WinUI Resources,szTypeNull,Null,NG .resw source; locale=en-US; revision=7d81679f19f5fdaf5c8becaed58204869d1ac857
CFGEvntSLog.WinUI/Strings/Resources,CFGEvntSLog.WinUI Resources,szTypeObjgroup,Object Group,NG .resw source; locale=en-US; revision=7d81679f19f5fdaf5c8becaed58204869d1ac857
CFGEvntSLog.WinUI/Strings/Resources,CFGEvntSLog.WinUI Resources,szTypeObjid,ObjectID,NG .resw source; locale=en-US; revision=7d81679f19f5fdaf5c8becaed58204869d1ac857
CFGEvntSLog.WinUI/Strings/Resources,CFGEvntSLog.WinUI Resources,szTypeOctetstr,Octet String,NG .resw source; locale=en-US; revision=7d81679f19f5fdaf5c8becaed58204869d1ac857
CFGEvntSLog.WinUI/Strings/Resources,CFGEvntSLog.WinUI Resources,szTypeOpaque,Opaque,NG .resw source; locale=en-US; revision=7d81679f19f5fdaf5c8becaed58204869d1ac857
CFGEvntSLog.WinUI/Strings/Resources,CFGEvntSLog.WinUI Resources,szTypeOther,Other,NG .resw source; locale=en-US; revision=7d81679f19f5fdaf5c8becaed58204869d1ac857
CFGEvntSLog.WinUI/Strings/Resources,CFGEvntSLog.WinUI Resources,szTypeTimeticks,Timeticks,NG .resw source; locale=en-US; revision=7d81679f19f5fdaf5c8becaed58204869d1ac857
CFGEvntSLog.WinUI/Strings/Resources,CFGEvntSLog.WinUI Resources,szTypeTraptype,Trap Type,NG .resw source; locale=en-US; revision=7d81679f19f5fdaf5c8becaed58204869d1ac857
CFGEvntSLog.WinUI/Strings/Resources,CFGEvntSLog.WinUI Resources,szTypeUinteger,UInteger,NG .resw source; locale=en-US; revision=7d81679f19f5fdaf5c8becaed58204869d1ac857
CFGEvntSLog.WinUI/Strings/Resources,CFGEvntSLog.WinUI Resources,szTypeUnsigned32,Unsigned Integer32,NG .resw source; locale=en-US; revision=7d81679f19f5fdaf5c8becaed58204869d1ac857
CFGEvntSLog.WinUI/Strings/Resources,CFGEvntSLog.WinUI Resources,szUDPOptions,UDP Options,NG .resw source; locale=en-US; revision=7d81679f19f5fdaf5c8becaed58204869d1ac857
CFGEvntSLog.WinUI/Strings/Resources,CFGEvntSLog.WinUI Resources,szUnixTimestamp,UNIX/LINUX-like Timestamp,NG .resw source; locale=en-US; revision=7d81679f19f5fdaf5c8becaed58204869d1ac857
CFGEvntSLog.WinUI/Strings/Resources,CFGEvntSLog.WinUI Resources,szUpTo,UpTo,NG .resw source; locale=en-US; revision=7d81679f19f5fdaf5c8becaed58204869d1ac857
CFGEvntSLog.WinUI/Strings/Resources,CFGEvntSLog.WinUI Resources,szUrl,Url & Querystring,NG .resw source; locale=en-US; revision=7d81679f19f5fdaf5c8becaed58204869d1ac857
CFGEvntSLog.WinUI/Strings/Resources,CFGEvntSLog.WinUI Resources,szUserAgent,User Agent (Browser),NG .resw source; locale=en-US; revision=7d81679f19f5fdaf5c8becaed58204869d1ac857
CFGEvntSLog.WinUI/Strings/Resources,CFGEvntSLog.WinUI Resources,szUsername,Username,NG .resw source; locale=en-US; revision=7d81679f19f5fdaf5c8becaed58204869d1ac857
CFGEvntSLog.WinUI/Strings/Resources,CFGEvntSLog.WinUI Resources,szVarChar,varchar,NG .resw source; locale=en-US; revision=7d81679f19f5fdaf5c8becaed58204869d1ac857
CFGEvntSLog.WinUI/Strings/Resources,CFGEvntSLog.WinUI Resources,szVariableOID_,Variable OID,NG .resw source; locale=en-US; revision=7d81679f19f5fdaf5c8becaed58204869d1ac857
CFGEvntSLog.WinUI/Strings/Resources,CFGEvntSLog.WinUI Resources,szVariableValue_,Variable Value,NG .resw source; locale=en-US; revision=7d81679f19f5fdaf5c8becaed58204869d1ac857
CFGEvntSLog.WinUI/Strings/Resources,CFGEvntSLog.WinUI Resources,szW3CHeader,W3C Header Value,NG .resw source; locale=en-US; revision=7d81679f19f5fdaf5c8becaed58204869d1ac857
CFGEvntSLog.WinUI/Strings/Resources,CFGEvntSLog.WinUI Resources,szWarningSavingConfiguration,Warning while saving Configuration,NG .resw source; locale=en-US; revision=7d81679f19f5fdaf5c8becaed58204869d1ac857
CFGEvntSLog.WinUI/Strings/Resources,CFGEvntSLog.WinUI Resources,szWarningSavingConfigurationBackup,Failed to backup old configuration file. Saving the configuration into the following file may fail: ,NG .resw source; locale=en-US; revision=7d81679f19f5fdaf5c8becaed58204869d1ac857
CFGEvntSLog.WinUI/Strings/Resources,CFGEvntSLog.WinUI Resources,szWarningSavingConfigurationOldFile,Failed to delete an old configuration file. The file maybe blocked by another process. You will have to manually delete the following file: ,NG .resw source; locale=en-US; revision=7d81679f19f5fdaf5c8becaed58204869d1ac857
CFGEvntSLog.WinUI/Strings/Resources,CFGEvntSLog.WinUI Resources,szWord,Single Word,NG .resw source; locale=en-US; revision=7d81679f19f5fdaf5c8becaed58204869d1ac857
CFGEvntSLog.WinUI/Strings/Resources,CFGEvntSLog.WinUI Resources,szXMLBookmark,Last Record,NG .resw source; locale=en-US; revision=7d81679f19f5fdaf5c8becaed58204869d1ac857
CFGEvntSLog.WinUI/Strings/Resources,CFGEvntSLog.WinUI Resources,szXmlFormat,XML Format,NG .resw source; locale=en-US; revision=7d81679f19f5fdaf5c8becaed58204869d1ac857
CFGEvntSLog.WinUI/Strings/Resources,CFGEvntSLog.WinUI Resources,sz_runhigh,High,NG .resw source; locale=en-US; revision=7d81679f19f5fdaf5c8becaed58204869d1ac857
CFGEvntSLog.WinUI/Strings/Resources,CFGEvntSLog.WinUI Resources,sz_runidle,Run with idle priority,NG .resw source; locale=en-US; revision=7d81679f19f5fdaf5c8becaed58204869d1ac857
CFGEvntSLog.WinUI/Strings/Resources,CFGEvntSLog.WinUI Resources,sz_runlow,Low ,NG .resw source; locale=en-US; revision=7d81679f19f5fdaf5c8becaed58204869d1ac857
CFGEvntSLog.WinUI/Strings/Resources,CFGEvntSLog.WinUI Resources,sz_runnormal,Normal,NG .resw source; locale=en-US; revision=7d81679f19f5fdaf5c8becaed58204869d1ac857
CFGEvntSLog.WinUI/Strings/Resources,CFGEvntSLog.WinUI Resources,tlsallowedentries,Permitted Peers,NG .resw source; locale=en-US; revision=7d81679f19f5fdaf5c8becaed58204869d1ac857
CFGEvntSLog.WinUI/Strings/Resources,CFGEvntSLog.WinUI Resources,txteventchannels,Eventlog Channel,NG .resw source; locale=en-US; revision=7d81679f19f5fdaf5c8becaed58204869d1ac857
CFGEvntSLog.WinUI/Strings/Resources,CFGEvntSLog.WinUI Resources,txtfileitems,Filename,NG .resw source; locale=en-US; revision=7d81679f19f5fdaf5c8becaed58204869d1ac857
CFGEvntSLog.WinUI/Strings/Resources,CFGEvntSLog.WinUI Resources,txtprocessedfiles,Processed Filename,NG .resw source; locale=en-US; revision=7d81679f19f5fdaf5c8becaed58204869d1ac857
