Unit,Unit Name,ID,Text,Comment
CFGEvntSLog.WinUI/Strings/Resources,CFGEvntSLog.WinUI Resources,AppDisplayName,EventReporter Agent,NG .resw source; locale=es-ES; revision=7d81679f19f5fdaf5c8becaed58204869d1ac857
CFGEvntSLog.WinUI/Strings/Resources,CFGEvntSLog.WinUI Resources,Help_ApplicationIdentityTitle,Identidad de la aplicación,NG .resw source; locale=es-ES; revision=7d81679f19f5fdaf5c8becaed58204869d1ac857
CFGEvntSLog.WinUI/Strings/Resources,CFGEvntSLog.WinUI Resources,Help_ExecutableFormat,Nombre de salida heredado: {0},NG .resw source; locale=es-ES; revision=7d81679f19f5fdaf5c8becaed58204869d1ac857
CFGEvntSLog.WinUI/Strings/Resources,CFGEvntSLog.WinUI Resources,Help_OnlineResourcesTitle,Recursos en línea,NG .resw source; locale=es-ES; revision=7d81679f19f5fdaf5c8becaed58204869d1ac857
CFGEvntSLog.WinUI/Strings/Resources,CFGEvntSLog.WinUI Resources,Help_OpenOnlineDocs,Abrir documentación en línea,NG .resw source; locale=es-ES; revision=7d81679f19f5fdaf5c8becaed58204869d1ac857
CFGEvntSLog.WinUI/Strings/Resources,CFGEvntSLog.WinUI Resources,Help_OpenProductSite,Abrir sitio del producto,NG .resw source; locale=es-ES; revision=7d81679f19f5fdaf5c8becaed58204869d1ac857
CFGEvntSLog.WinUI/Strings/Resources,CFGEvntSLog.WinUI Resources,Help_OpenSupport,Abrir soporte,NG .resw source; locale=es-ES; revision=7d81679f19f5fdaf5c8becaed58204869d1ac857
CFGEvntSLog.WinUI/Strings/Resources,CFGEvntSLog.WinUI Resources,Help_OpenedOnlineDocs,Documentación en línea abierta.,NG .resw source; locale=es-ES; revision=7d81679f19f5fdaf5c8becaed58204869d1ac857
CFGEvntSLog.WinUI/Strings/Resources,CFGEvntSLog.WinUI Resources,Help_OpenedProductSite,Sitio del producto abierto.,NG .resw source; locale=es-ES; revision=7d81679f19f5fdaf5c8becaed58204869d1ac857
CFGEvntSLog.WinUI/Strings/Resources,CFGEvntSLog.WinUI Resources,Help_OpenedSupport,Sitio de soporte abierto.,NG .resw source; locale=es-ES; revision=7d81679f19f5fdaf5c8becaed58204869d1ac857
CFGEvntSLog.WinUI/Strings/Resources,CFGEvntSLog.WinUI Resources,Help_ProductFormat,Producto: {0},NG .resw source; locale=es-ES; revision=7d81679f19f5fdaf5c8becaed58204869d1ac857
CFGEvntSLog.WinUI/Strings/Resources,CFGEvntSLog.WinUI Resources,Help_StatusMessage,"Use los enlaces de producto, documentación y soporte siguientes para este cliente.",NG .resw source; locale=es-ES; revision=7d81679f19f5fdaf5c8becaed58204869d1ac857
CFGEvntSLog.WinUI/Strings/Resources,CFGEvntSLog.WinUI Resources,Help_Title,Ayuda / Acerca de,NG .resw source; locale=es-ES; revision=7d81679f19f5fdaf5c8becaed58204869d1ac857
CFGEvntSLog.WinUI/Strings/Resources,CFGEvntSLog.WinUI Resources,Help_UnknownVersion,desconocida,NG .resw source; locale=es-ES; revision=7d81679f19f5fdaf5c8becaed58204869d1ac857
CFGEvntSLog.WinUI/Strings/Resources,CFGEvntSLog.WinUI Resources,Help_VersionFormat,Versión actual: {0},NG .resw source; locale=es-ES; revision=7d81679f19f5fdaf5c8becaed58204869d1ac857
CFGEvntSLog.WinUI/Strings/Resources,CFGEvntSLog.WinUI Resources,Help_WindowTitleFormat,Título de ventana: {0},NG .resw source; locale=es-ES; revision=7d81679f19f5fdaf5c8becaed58204869d1ac857
CFGEvntSLog.WinUI/Strings/Resources,CFGEvntSLog.WinUI Resources,Language_ApplyButton,Aplicar idioma,NG .resw source; locale=es-ES; revision=7d81679f19f5fdaf5c8becaed58204869d1ac857
CFGEvntSLog.WinUI/Strings/Resources,CFGEvntSLog.WinUI Resources,Language_ClientLanguageHeader,Idioma del cliente,NG .resw source; locale=es-ES; revision=7d81679f19f5fdaf5c8becaed58204869d1ac857
CFGEvntSLog.WinUI/Strings/Resources,CFGEvntSLog.WinUI Resources,Language_CurrentSelectionFormat,Idioma seleccionado: {0} | Cultura de UI actual: {1},NG .resw source; locale=es-ES; revision=7d81679f19f5fdaf5c8becaed58204869d1ac857
CFGEvntSLog.WinUI/Strings/Resources,CFGEvntSLog.WinUI Resources,Language_DisplayLanguageTitle,Idioma de visualización,NG .resw source; locale=es-ES; revision=7d81679f19f5fdaf5c8becaed58204869d1ac857
CFGEvntSLog.WinUI/Strings/Resources,CFGEvntSLog.WinUI Resources,Language_IntroFormat,Elija el idioma de visualización para este cliente {0}.,NG .resw source; locale=es-ES; revision=7d81679f19f5fdaf5c8becaed58204869d1ac857
CFGEvntSLog.WinUI/Strings/Resources,CFGEvntSLog.WinUI Resources,Language_InvariantCulture,invariable,NG .resw source; locale=es-ES; revision=7d81679f19f5fdaf5c8becaed58204869d1ac857
CFGEvntSLog.WinUI/Strings/Resources,CFGEvntSLog.WinUI Resources,Language_ResourceCoverageText,"Este cliente incluye recursos de idioma para etiquetas de configuración, texto de opciones y mensajes compartidos de carga/guardado en inglés, alemán, español, francés, italiano, portugués, estonio y japonés. El valor predeterminado del sistema sigue las preferencias de idioma de Windows.",NG .resw source; locale=es-ES; revision=7d81679f19f5fdaf5c8becaed58204869d1ac857
CFGEvntSLog.WinUI/Strings/Resources,CFGEvntSLog.WinUI Resources,Language_ResourceCoverageTitle,Cobertura de recursos de idioma,NG .resw source; locale=es-ES; revision=7d81679f19f5fdaf5c8becaed58204869d1ac857
CFGEvntSLog.WinUI/Strings/Resources,CFGEvntSLog.WinUI Resources,Language_RestartDialogContentFormat,El cliente debe reiniciarse antes de que todas las etiquetas y mensajes usen {0}. ¿Reiniciar ahora?,NG .resw source; locale=es-ES; revision=7d81679f19f5fdaf5c8becaed58204869d1ac857
CFGEvntSLog.WinUI/Strings/Resources,CFGEvntSLog.WinUI Resources,Language_RestartDialogLater,Later,NG .resw source; locale=es-ES; revision=7d81679f19f5fdaf5c8becaed58204869d1ac857
CFGEvntSLog.WinUI/Strings/Resources,CFGEvntSLog.WinUI Resources,Language_RestartDialogRestartNow,Restart now,NG .resw source; locale=es-ES; revision=7d81679f19f5fdaf5c8becaed58204869d1ac857
CFGEvntSLog.WinUI/Strings/Resources,CFGEvntSLog.WinUI Resources,Language_RestartDialogTitle,Restart client now?,NG .resw source; locale=es-ES; revision=7d81679f19f5fdaf5c8becaed58204869d1ac857
CFGEvntSLog.WinUI/Strings/Resources,CFGEvntSLog.WinUI Resources,Language_RestartFailedFormat,"Language was saved, but automatic restart failed: {0}",NG .resw source; locale=es-ES; revision=7d81679f19f5fdaf5c8becaed58204869d1ac857
CFGEvntSLog.WinUI/Strings/Resources,CFGEvntSLog.WinUI Resources,Language_RestartFailedNoProcessPath,"Language was saved, but the client could not determine the executable path for automatic restart.",NG .resw source; locale=es-ES; revision=7d81679f19f5fdaf5c8becaed58204869d1ac857
CFGEvntSLog.WinUI/Strings/Resources,CFGEvntSLog.WinUI Resources,Language_RestartRequiredText,Reinicie el cliente después de cambiar el idioma para que las etiquetas y los mensajes se recarguen de forma coherente.,NG .resw source; locale=es-ES; revision=7d81679f19f5fdaf5c8becaed58204869d1ac857
CFGEvntSLog.WinUI/Strings/Resources,CFGEvntSLog.WinUI Resources,Language_SelectedFormat,Idioma seleccionado: {0}. {1},NG .resw source; locale=es-ES; revision=7d81679f19f5fdaf5c8becaed58204869d1ac857
CFGEvntSLog.WinUI/Strings/Resources,CFGEvntSLog.WinUI Resources,Language_SelectedLanguageFormat,Selected language: {0},NG .resw source; locale=es-ES; revision=7d81679f19f5fdaf5c8becaed58204869d1ac857
CFGEvntSLog.WinUI/Strings/Resources,CFGEvntSLog.WinUI Resources,Language_SelectedSystemDefault,Idioma seleccionado: predeterminado del sistema,NG .resw source; locale=es-ES; revision=7d81679f19f5fdaf5c8becaed58204869d1ac857
CFGEvntSLog.WinUI/Strings/Resources,CFGEvntSLog.WinUI Resources,Language_StatusLanguageRestartFormat,Idioma establecido en {0}. Reinicie el cliente para recargar los recursos de idioma.,NG .resw source; locale=es-ES; revision=7d81679f19f5fdaf5c8becaed58204869d1ac857
CFGEvntSLog.WinUI/Strings/Resources,CFGEvntSLog.WinUI Resources,Language_StatusLoaded,Language selection is loaded.,NG .resw source; locale=es-ES; revision=7d81679f19f5fdaf5c8becaed58204869d1ac857
CFGEvntSLog.WinUI/Strings/Resources,CFGEvntSLog.WinUI Resources,Language_StatusSystemDefaultRestart,El idioma se restableció al valor predeterminado del sistema de Windows. Reinicie el cliente para recargar los recursos de idioma.,NG .resw source; locale=es-ES; revision=7d81679f19f5fdaf5c8becaed58204869d1ac857
CFGEvntSLog.WinUI/Strings/Resources,CFGEvntSLog.WinUI Resources,Language_SystemDefault,Predeterminado del sistema,NG .resw source; locale=es-ES; revision=7d81679f19f5fdaf5c8becaed58204869d1ac857
CFGEvntSLog.WinUI/Strings/Resources,CFGEvntSLog.WinUI Resources,Language_Title,Idioma,NG .resw source; locale=es-ES; revision=7d81679f19f5fdaf5c8becaed58204869d1ac857
CFGEvntSLog.WinUI/Strings/Resources,CFGEvntSLog.WinUI Resources,LicenseStatus_Expired,Archivo de licencia caducado.,NG .resw source; locale=es-ES; revision=7d81679f19f5fdaf5c8becaed58204869d1ac857
CFGEvntSLog.WinUI/Strings/Resources,CFGEvntSLog.WinUI Resources,LicenseStatus_FileLicensed,Archivo de licencia válido.,NG .resw source; locale=es-ES; revision=7d81679f19f5fdaf5c8becaed58204869d1ac857
CFGEvntSLog.WinUI/Strings/Resources,CFGEvntSLog.WinUI Resources,LicenseStatus_FileLicensedFor,Archivo de licencia válido para %LICENSEE%.,NG .resw source; locale=es-ES; revision=7d81679f19f5fdaf5c8becaed58204869d1ac857
CFGEvntSLog.WinUI/Strings/Resources,CFGEvntSLog.WinUI Resources,LicenseStatus_FileTrial,Prueba del archivo de licencia configurada.,NG .resw source; locale=es-ES; revision=7d81679f19f5fdaf5c8becaed58204869d1ac857
CFGEvntSLog.WinUI/Strings/Resources,CFGEvntSLog.WinUI Resources,LicenseStatus_FileTrialWithDays,"Prueba del archivo de licencia, días restantes: %DAYSLEFT%.",NG .resw source; locale=es-ES; revision=7d81679f19f5fdaf5c8becaed58204869d1ac857
CFGEvntSLog.WinUI/Strings/Resources,CFGEvntSLog.WinUI Resources,LicenseStatus_FreeNoLicense,Versión gratuita / no hay ninguna licencia configurada.,NG .resw source; locale=es-ES; revision=7d81679f19f5fdaf5c8becaed58204869d1ac857
CFGEvntSLog.WinUI/Strings/Resources,CFGEvntSLog.WinUI Resources,LicenseStatus_InvalidFile,No hay ningún archivo de licencia válido configurado.,NG .resw source; locale=es-ES; revision=7d81679f19f5fdaf5c8becaed58204869d1ac857
CFGEvntSLog.WinUI/Strings/Resources,CFGEvntSLog.WinUI Resources,LicenseStatus_Licensed,Con licencia.,NG .resw source; locale=es-ES; revision=7d81679f19f5fdaf5c8becaed58204869d1ac857
CFGEvntSLog.WinUI/Strings/Resources,CFGEvntSLog.WinUI Resources,LicenseStatus_LicensedFor,Con licencia para %LICENSEE%.,NG .resw source; locale=es-ES; revision=7d81679f19f5fdaf5c8becaed58204869d1ac857
CFGEvntSLog.WinUI/Strings/Resources,CFGEvntSLog.WinUI Resources,LicenseStatus_MissingFile,Falta el archivo de licencia.,NG .resw source; locale=es-ES; revision=7d81679f19f5fdaf5c8becaed58204869d1ac857
CFGEvntSLog.WinUI/Strings/Resources,CFGEvntSLog.WinUI Resources,LicenseStatus_NoBlock,No se ha cargado ningún bloque de licencia.,NG .resw source; locale=es-ES; revision=7d81679f19f5fdaf5c8becaed58204869d1ac857
CFGEvntSLog.WinUI/Strings/Resources,CFGEvntSLog.WinUI Resources,LicenseStatus_NoLicense,No hay ninguna licencia configurada.,NG .resw source; locale=es-ES; revision=7d81679f19f5fdaf5c8becaed58204869d1ac857
CFGEvntSLog.WinUI/Strings/Resources,CFGEvntSLog.WinUI Resources,LicenseStatus_ReleaseTrial,Prueba de lanzamiento.,NG .resw source; locale=es-ES; revision=7d81679f19f5fdaf5c8becaed58204869d1ac857
CFGEvntSLog.WinUI/Strings/Resources,CFGEvntSLog.WinUI Resources,LicenseStatus_ReleaseTrialExpired,Prueba de lanzamiento caducada.,NG .resw source; locale=es-ES; revision=7d81679f19f5fdaf5c8becaed58204869d1ac857
CFGEvntSLog.WinUI/Strings/Resources,CFGEvntSLog.WinUI Resources,LicenseStatus_ReleaseTrialWithDays,"Prueba de lanzamiento, días restantes: %DAYSLEFT%.",NG .resw source; locale=es-ES; revision=7d81679f19f5fdaf5c8becaed58204869d1ac857
CFGEvntSLog.WinUI/Strings/Resources,CFGEvntSLog.WinUI Resources,LicenseStatus_TrialVersion,Versión de prueba.,NG .resw source; locale=es-ES; revision=7d81679f19f5fdaf5c8becaed58204869d1ac857
CFGEvntSLog.WinUI/Strings/Resources,CFGEvntSLog.WinUI Resources,LicenseStatus_TrialVersionWithDays,"Versión de prueba, días restantes: %DAYSLEFT%.",NG .resw source; locale=es-ES; revision=7d81679f19f5fdaf5c8becaed58204869d1ac857
CFGEvntSLog.WinUI/Strings/Resources,CFGEvntSLog.WinUI Resources,LicenseValidation_ChooseFile,Elija un archivo de licencia (.alic).,NG .resw source; locale=es-ES; revision=7d81679f19f5fdaf5c8becaed58204869d1ac857
CFGEvntSLog.WinUI/Strings/Resources,CFGEvntSLog.WinUI Resources,LicenseValidation_ClientLimit,Límite de clientes: %VALUE%.,NG .resw source; locale=es-ES; revision=7d81679f19f5fdaf5c8becaed58204869d1ac857
CFGEvntSLog.WinUI/Strings/Resources,CFGEvntSLog.WinUI Resources,LicenseValidation_Edition,Edición: %VALUE%.,NG .resw source; locale=es-ES; revision=7d81679f19f5fdaf5c8becaed58204869d1ac857
CFGEvntSLog.WinUI/Strings/Resources,CFGEvntSLog.WinUI Resources,LicenseValidation_Expires,Caduca: %VALUE%.,NG .resw source; locale=es-ES; revision=7d81679f19f5fdaf5c8becaed58204869d1ac857
CFGEvntSLog.WinUI/Strings/Resources,CFGEvntSLog.WinUI Resources,LicenseValidation_FileMissing,El archivo de licencia seleccionado no existe: %PATH%.,NG .resw source; locale=es-ES; revision=7d81679f19f5fdaf5c8becaed58204869d1ac857
CFGEvntSLog.WinUI/Strings/Resources,CFGEvntSLog.WinUI Resources,LicenseValidation_Licensee,Licenciatario: %VALUE%.,NG .resw source; locale=es-ES; revision=7d81679f19f5fdaf5c8becaed58204869d1ac857
CFGEvntSLog.WinUI/Strings/Resources,CFGEvntSLog.WinUI Resources,LicenseValidation_Product,Producto: %VALUE%.,NG .resw source; locale=es-ES; revision=7d81679f19f5fdaf5c8becaed58204869d1ac857
CFGEvntSLog.WinUI/Strings/Resources,CFGEvntSLog.WinUI Resources,LicenseValidation_ProductNotApplicable,El archivo de licencia no es válido para esta instalación de %PRODUCT%.,NG .resw source; locale=es-ES; revision=7d81679f19f5fdaf5c8becaed58204869d1ac857
CFGEvntSLog.WinUI/Strings/Resources,CFGEvntSLog.WinUI Resources,LicenseValidation_ServiceVersionMismatch,"El archivo de licencia es para la versión %LICENSEVERSION%, pero el servicio instalado indica la versión %SERVICEVERSION%.",NG .resw source; locale=es-ES; revision=7d81679f19f5fdaf5c8becaed58204869d1ac857
CFGEvntSLog.WinUI/Strings/Resources,CFGEvntSLog.WinUI Resources,LicenseValidation_UnsupportedEdition,El archivo de licencia contiene una edición no compatible.,NG .resw source; locale=es-ES; revision=7d81679f19f5fdaf5c8becaed58204869d1ac857
CFGEvntSLog.WinUI/Strings/Resources,CFGEvntSLog.WinUI Resources,LicenseValidation_Verified,Se verificaron las firmas del archivo de licencia.,NG .resw source; locale=es-ES; revision=7d81679f19f5fdaf5c8becaed58204869d1ac857
CFGEvntSLog.WinUI/Strings/Resources,CFGEvntSLog.WinUI Resources,LicenseValidation_VerifierMissing,No se encontró el verificador de OpenSSL 3.5.6+.,NG .resw source; locale=es-ES; revision=7d81679f19f5fdaf5c8becaed58204869d1ac857
CFGEvntSLog.WinUI/Strings/Resources,CFGEvntSLog.WinUI Resources,ProductSection_AdvancedNote,Use esta sección para flujos expertos y ajustes específicos del producto que no pertenecen al flujo principal de configuración.,NG .resw source; locale=es-ES; revision=7d81679f19f5fdaf5c8becaed58204869d1ac857
CFGEvntSLog.WinUI/Strings/Resources,CFGEvntSLog.WinUI Resources,ProductSection_AdvancedStatus,Avanzado está disponible para ajustes expertos específicos del producto.,NG .resw source; locale=es-ES; revision=7d81679f19f5fdaf5c8becaed58204869d1ac857
CFGEvntSLog.WinUI/Strings/Resources,CFGEvntSLog.WinUI Resources,ProductSection_AdvancedTitle,Avanzado,NG .resw source; locale=es-ES; revision=7d81679f19f5fdaf5c8becaed58204869d1ac857
CFGEvntSLog.WinUI/Strings/Resources,CFGEvntSLog.WinUI Resources,ProductSection_AdvancedWinSyslogNote,WinSyslog keeps Post Process Apps in the Configuration Console for Japanese builds.,NG .resw source; locale=es-ES; revision=7d81679f19f5fdaf5c8becaed58204869d1ac857
CFGEvntSLog.WinUI/Strings/Resources,CFGEvntSLog.WinUI Resources,ProductSection_CountsFormat,Bloques generales: {0} | Servicios: {1} | Grupos de reglas: {2},NG .resw source; locale=es-ES; revision=7d81679f19f5fdaf5c8becaed58204869d1ac857
CFGEvntSLog.WinUI/Strings/Resources,CFGEvntSLog.WinUI Resources,ProductSection_LinksNote,"Use estos enlaces de producto, documentación, soporte y diagnóstico para este cliente.",NG .resw source; locale=es-ES; revision=7d81679f19f5fdaf5c8becaed58204869d1ac857
CFGEvntSLog.WinUI/Strings/Resources,CFGEvntSLog.WinUI Resources,ProductSection_LinksTitle,Enlaces y seguimiento,NG .resw source; locale=es-ES; revision=7d81679f19f5fdaf5c8becaed58204869d1ac857
CFGEvntSLog.WinUI/Strings/Resources,CFGEvntSLog.WinUI Resources,ProductSection_LiveConfigurationContextTitle,Contexto de configuración en vivo,NG .resw source; locale=es-ES; revision=7d81679f19f5fdaf5c8becaed58204869d1ac857
CFGEvntSLog.WinUI/Strings/Resources,CFGEvntSLog.WinUI Resources,ProductSection_ServiceStateFormat,Servicio: {0} | Estado: {1},NG .resw source; locale=es-ES; revision=7d81679f19f5fdaf5c8becaed58204869d1ac857
CFGEvntSLog.WinUI/Strings/Resources,CFGEvntSLog.WinUI Resources,ProductSection_SourceFormat,Origen: {0},NG .resw source; locale=es-ES; revision=7d81679f19f5fdaf5c8becaed58204869d1ac857
CFGEvntSLog.WinUI/Strings/Resources,CFGEvntSLog.WinUI Resources,ProductSection_ToolsNote,Los diagnósticos permanecen basados en la instantánea de configuración activa para que el soporte empiece con el mismo lector y estado de servicio que se muestran en la shell.,NG .resw source; locale=es-ES; revision=7d81679f19f5fdaf5c8becaed58204869d1ac857
CFGEvntSLog.WinUI/Strings/Resources,CFGEvntSLog.WinUI Resources,ProductSection_ToolsStatus,Las herramientas muestran documentación específica del producto y contexto de configuración en vivo.,NG .resw source; locale=es-ES; revision=7d81679f19f5fdaf5c8becaed58204869d1ac857
CFGEvntSLog.WinUI/Strings/Resources,CFGEvntSLog.WinUI Resources,ProductSection_ToolsTitle,Herramientas,NG .resw source; locale=es-ES; revision=7d81679f19f5fdaf5c8becaed58204869d1ac857
CFGEvntSLog.WinUI/Strings/Resources,CFGEvntSLog.WinUI Resources,ServiceRuntime_ButtonKillProcess,Kill service process,NG .resw source; locale=es-ES; revision=7d81679f19f5fdaf5c8becaed58204869d1ac857
CFGEvntSLog.WinUI/Strings/Resources,CFGEvntSLog.WinUI Resources,ServiceRuntime_ButtonOpenServices,Open Windows Services,NG .resw source; locale=es-ES; revision=7d81679f19f5fdaf5c8becaed58204869d1ac857
CFGEvntSLog.WinUI/Strings/Resources,CFGEvntSLog.WinUI Resources,ServiceRuntime_ButtonRefresh,Refresh,NG .resw source; locale=es-ES; revision=7d81679f19f5fdaf5c8becaed58204869d1ac857
CFGEvntSLog.WinUI/Strings/Resources,CFGEvntSLog.WinUI Resources,ServiceRuntime_ButtonRestart,Restart,NG .resw source; locale=es-ES; revision=7d81679f19f5fdaf5c8becaed58204869d1ac857
CFGEvntSLog.WinUI/Strings/Resources,CFGEvntSLog.WinUI Resources,ServiceRuntime_ButtonStart,Start,NG .resw source; locale=es-ES; revision=7d81679f19f5fdaf5c8becaed58204869d1ac857
CFGEvntSLog.WinUI/Strings/Resources,CFGEvntSLog.WinUI Resources,ServiceRuntime_ButtonStop,Stop,NG .resw source; locale=es-ES; revision=7d81679f19f5fdaf5c8becaed58204869d1ac857
CFGEvntSLog.WinUI/Strings/Resources,CFGEvntSLog.WinUI Resources,ServiceRuntime_DisabledAccessDenied,Administrator rights are needed to query or control the background service.,NG .resw source; locale=es-ES; revision=7d81679f19f5fdaf5c8becaed58204869d1ac857
CFGEvntSLog.WinUI/Strings/Resources,CFGEvntSLog.WinUI Resources,ServiceRuntime_DisabledControlUnavailable,"Windows cannot send service control commands right now. Wait, check Windows Services, or kill the service process if it is still running.",NG .resw source; locale=es-ES; revision=7d81679f19f5fdaf5c8becaed58204869d1ac857
CFGEvntSLog.WinUI/Strings/Resources,CFGEvntSLog.WinUI Resources,ServiceRuntime_DisabledNotInstalled,The Windows service is not installed.,NG .resw source; locale=es-ES; revision=7d81679f19f5fdaf5c8becaed58204869d1ac857
CFGEvntSLog.WinUI/Strings/Resources,CFGEvntSLog.WinUI Resources,ServiceRuntime_DisabledNotLoaded,Service state has not been loaded yet.,NG .resw source; locale=es-ES; revision=7d81679f19f5fdaf5c8becaed58204869d1ac857
CFGEvntSLog.WinUI/Strings/Resources,CFGEvntSLog.WinUI Resources,ServiceRuntime_DisabledPaused,Service is paused while reloading configuration. Stop and Restart are disabled until reload completes.,NG .resw source; locale=es-ES; revision=7d81679f19f5fdaf5c8becaed58204869d1ac857
CFGEvntSLog.WinUI/Strings/Resources,CFGEvntSLog.WinUI Resources,ServiceRuntime_DisabledPausing,Service is pausing. Wait for Windows to finish the transition.,NG .resw source; locale=es-ES; revision=7d81679f19f5fdaf5c8becaed58204869d1ac857
CFGEvntSLog.WinUI/Strings/Resources,CFGEvntSLog.WinUI Resources,ServiceRuntime_DisabledProcessMismatch,The service process is running without clean Windows service control. Use Kill service process or check Windows Services.,NG .resw source; locale=es-ES; revision=7d81679f19f5fdaf5c8becaed58204869d1ac857
CFGEvntSLog.WinUI/Strings/Resources,CFGEvntSLog.WinUI Resources,ServiceRuntime_DisabledResuming,Service is resuming. Wait for Windows to finish the transition.,NG .resw source; locale=es-ES; revision=7d81679f19f5fdaf5c8becaed58204869d1ac857
CFGEvntSLog.WinUI/Strings/Resources,CFGEvntSLog.WinUI Resources,ServiceRuntime_DisabledStarting,Service is starting. Wait for Windows to finish the transition.,NG .resw source; locale=es-ES; revision=7d81679f19f5fdaf5c8becaed58204869d1ac857
CFGEvntSLog.WinUI/Strings/Resources,CFGEvntSLog.WinUI Resources,ServiceRuntime_DisabledStopping,Service is stopping. Wait for Windows to finish the transition.,NG .resw source; locale=es-ES; revision=7d81679f19f5fdaf5c8becaed58204869d1ac857
CFGEvntSLog.WinUI/Strings/Resources,CFGEvntSLog.WinUI Resources,ServiceRuntime_DisabledUnavailable,Windows service state is unavailable. Check Windows Services.,NG .resw source; locale=es-ES; revision=7d81679f19f5fdaf5c8becaed58204869d1ac857
CFGEvntSLog.WinUI/Strings/Resources,CFGEvntSLog.WinUI Resources,ServiceRuntime_DisabledUnknown,Service state is unknown. Refresh runtime state or check Windows Services.,NG .resw source; locale=es-ES; revision=7d81679f19f5fdaf5c8becaed58204869d1ac857
CFGEvntSLog.WinUI/Strings/Resources,CFGEvntSLog.WinUI Resources,ServiceRuntime_RecoveryAccessDenied,Restart as administrator to control the background service.,NG .resw source; locale=es-ES; revision=7d81679f19f5fdaf5c8becaed58204869d1ac857
CFGEvntSLog.WinUI/Strings/Resources,CFGEvntSLog.WinUI Resources,ServiceRuntime_RecoveryPending,"If this state remains for a long time, open Windows Services to compare the SCM state.",NG .resw source; locale=es-ES; revision=7d81679f19f5fdaf5c8becaed58204869d1ac857
CFGEvntSLog.WinUI/Strings/Resources,CFGEvntSLog.WinUI Resources,ServiceRuntime_RecoveryProcessRunning,A matching service process is still running. Kill service process is available as a recovery action after confirmation.,NG .resw source; locale=es-ES; revision=7d81679f19f5fdaf5c8becaed58204869d1ac857
CFGEvntSLog.WinUI/Strings/Resources,CFGEvntSLog.WinUI Resources,ServiceRuntime_StateAccessDenied,Cannot query service (access denied),NG .resw source; locale=es-ES; revision=7d81679f19f5fdaf5c8becaed58204869d1ac857
CFGEvntSLog.WinUI/Strings/Resources,CFGEvntSLog.WinUI Resources,ServiceRuntime_StateControlUnavailable,Control unavailable,NG .resw source; locale=es-ES; revision=7d81679f19f5fdaf5c8becaed58204869d1ac857
CFGEvntSLog.WinUI/Strings/Resources,CFGEvntSLog.WinUI Resources,ServiceRuntime_StateNotInstalled,Not installed,NG .resw source; locale=es-ES; revision=7d81679f19f5fdaf5c8becaed58204869d1ac857
CFGEvntSLog.WinUI/Strings/Resources,CFGEvntSLog.WinUI Resources,ServiceRuntime_StatePaused,Paused (Reloading),NG .resw source; locale=es-ES; revision=7d81679f19f5fdaf5c8becaed58204869d1ac857
CFGEvntSLog.WinUI/Strings/Resources,CFGEvntSLog.WinUI Resources,ServiceRuntime_StatePausing,Pausing,NG .resw source; locale=es-ES; revision=7d81679f19f5fdaf5c8becaed58204869d1ac857
CFGEvntSLog.WinUI/Strings/Resources,CFGEvntSLog.WinUI Resources,ServiceRuntime_StateProcessMismatch,Process running without service,NG .resw source; locale=es-ES; revision=7d81679f19f5fdaf5c8becaed58204869d1ac857
CFGEvntSLog.WinUI/Strings/Resources,CFGEvntSLog.WinUI Resources,ServiceRuntime_StateResuming,Resuming,NG .resw source; locale=es-ES; revision=7d81679f19f5fdaf5c8becaed58204869d1ac857
CFGEvntSLog.WinUI/Strings/Resources,CFGEvntSLog.WinUI Resources,ServiceRuntime_StateRunning,Running,NG .resw source; locale=es-ES; revision=7d81679f19f5fdaf5c8becaed58204869d1ac857
CFGEvntSLog.WinUI/Strings/Resources,CFGEvntSLog.WinUI Resources,ServiceRuntime_StateStarting,Starting,NG .resw source; locale=es-ES; revision=7d81679f19f5fdaf5c8becaed58204869d1ac857
CFGEvntSLog.WinUI/Strings/Resources,CFGEvntSLog.WinUI Resources,ServiceRuntime_StateStopped,Stopped,NG .resw source; locale=es-ES; revision=7d81679f19f5fdaf5c8becaed58204869d1ac857
CFGEvntSLog.WinUI/Strings/Resources,CFGEvntSLog.WinUI Resources,ServiceRuntime_StateStopping,Stopping,NG .resw source; locale=es-ES; revision=7d81679f19f5fdaf5c8becaed58204869d1ac857
CFGEvntSLog.WinUI/Strings/Resources,CFGEvntSLog.WinUI Resources,ServiceRuntime_StateUnavailable,Unavailable,NG .resw source; locale=es-ES; revision=7d81679f19f5fdaf5c8becaed58204869d1ac857
CFGEvntSLog.WinUI/Strings/Resources,CFGEvntSLog.WinUI Resources,ServiceRuntime_StateUnknown,Unknown,NG .resw source; locale=es-ES; revision=7d81679f19f5fdaf5c8becaed58204869d1ac857
CFGEvntSLog.WinUI/Strings/Resources,CFGEvntSLog.WinUI Resources,ServiceRuntime_Summary,Start and restart save pending configuration changes before running the service. Stop refreshes the shared runtime state without forcing a save first.,NG .resw source; locale=es-ES; revision=7d81679f19f5fdaf5c8becaed58204869d1ac857
CFGEvntSLog.WinUI/Strings/Resources,CFGEvntSLog.WinUI Resources,ServiceRuntime_Title,Windows service,NG .resw source; locale=es-ES; revision=7d81679f19f5fdaf5c8becaed58204869d1ac857
CFGEvntSLog.WinUI/Strings/Resources,CFGEvntSLog.WinUI Resources,Shell_Nav_advanced_Description,Abra ajustes expertos específicos del producto.,NG .resw source; locale=es-ES; revision=7d81679f19f5fdaf5c8becaed58204869d1ac857
CFGEvntSLog.WinUI/Strings/Resources,CFGEvntSLog.WinUI Resources,Shell_Nav_advanced_Label,Avanzado,NG .resw source; locale=es-ES; revision=7d81679f19f5fdaf5c8becaed58204869d1ac857
CFGEvntSLog.WinUI/Strings/Resources,CFGEvntSLog.WinUI Resources,Shell_Nav_configuration_ChildSectionHeader,Áreas de configuración,NG .resw source; locale=es-ES; revision=7d81679f19f5fdaf5c8becaed58204869d1ac857
CFGEvntSLog.WinUI/Strings/Resources,CFGEvntSLog.WinUI Resources,Shell_Nav_configuration_Description,Use el árbol de configuración como navegador principal y edite el elemento seleccionado en el workbench.,NG .resw source; locale=es-ES; revision=7d81679f19f5fdaf5c8becaed58204869d1ac857
CFGEvntSLog.WinUI/Strings/Resources,CFGEvntSLog.WinUI Resources,Shell_Nav_configuration_Label,Workbench de configuración,NG .resw source; locale=es-ES; revision=7d81679f19f5fdaf5c8becaed58204869d1ac857
CFGEvntSLog.WinUI/Strings/Resources,CFGEvntSLog.WinUI Resources,Shell_Nav_help_ChildSectionHeader,Opciones del cliente,NG .resw source; locale=es-ES; revision=7d81679f19f5fdaf5c8becaed58204869d1ac857
CFGEvntSLog.WinUI/Strings/Resources,CFGEvntSLog.WinUI Resources,Shell_Nav_help_Description,"Abra información de versión, enlaces del producto y referencias de soporte.",NG .resw source; locale=es-ES; revision=7d81679f19f5fdaf5c8becaed58204869d1ac857
CFGEvntSLog.WinUI/Strings/Resources,CFGEvntSLog.WinUI Resources,Shell_Nav_help_Label,Ayuda / Acerca de,NG .resw source; locale=es-ES; revision=7d81679f19f5fdaf5c8becaed58204869d1ac857
CFGEvntSLog.WinUI/Strings/Resources,CFGEvntSLog.WinUI Resources,Shell_Nav_help_language_Description,Elija el idioma de visualización del cliente y la sustitución de recursos empaquetados.,NG .resw source; locale=es-ES; revision=7d81679f19f5fdaf5c8becaed58204869d1ac857
CFGEvntSLog.WinUI/Strings/Resources,CFGEvntSLog.WinUI Resources,Shell_Nav_help_language_Label,Idioma,NG .resw source; locale=es-ES; revision=7d81679f19f5fdaf5c8becaed58204869d1ac857
CFGEvntSLog.WinUI/Strings/Resources,CFGEvntSLog.WinUI Resources,Shell_Nav_home_Description,Abra el panel del producto y el resumen actual de ejecución.,NG .resw source; locale=es-ES; revision=7d81679f19f5fdaf5c8becaed58204869d1ac857
CFGEvntSLog.WinUI/Strings/Resources,CFGEvntSLog.WinUI Resources,Shell_Nav_home_Label,Panel,NG .resw source; locale=es-ES; revision=7d81679f19f5fdaf5c8becaed58204869d1ac857
CFGEvntSLog.WinUI/Strings/Resources,CFGEvntSLog.WinUI Resources,Shell_Nav_home_TopLevelSectionHeader,Áreas de trabajo principales,NG .resw source; locale=es-ES; revision=7d81679f19f5fdaf5c8becaed58204869d1ac857
CFGEvntSLog.WinUI/Strings/Resources,CFGEvntSLog.WinUI Resources,Shell_Nav_post_process_apps_Description,Open WinSyslog post processing application settings in the Configuration Console.,NG .resw source; locale=es-ES; revision=7d81679f19f5fdaf5c8becaed58204869d1ac857
CFGEvntSLog.WinUI/Strings/Resources,CFGEvntSLog.WinUI Resources,Shell_Nav_post_process_apps_Label,Post Process Apps,NG .resw source; locale=es-ES; revision=7d81679f19f5fdaf5c8becaed58204869d1ac857
CFGEvntSLog.WinUI/Strings/Resources,CFGEvntSLog.WinUI Resources,Shell_Nav_tools_ChildSectionHeader,Herramientas de diagnóstico y remotas,NG .resw source; locale=es-ES; revision=7d81679f19f5fdaf5c8becaed58204869d1ac857
CFGEvntSLog.WinUI/Strings/Resources,CFGEvntSLog.WinUI Resources,Shell_Nav_tools_Description,Abra herramientas de registro remoto y detección.,NG .resw source; locale=es-ES; revision=7d81679f19f5fdaf5c8becaed58204869d1ac857
CFGEvntSLog.WinUI/Strings/Resources,CFGEvntSLog.WinUI Resources,Shell_Nav_tools_Label,Herramientas,NG .resw source; locale=es-ES; revision=7d81679f19f5fdaf5c8becaed58204869d1ac857
CFGEvntSLog.WinUI/Strings/Resources,CFGEvntSLog.WinUI Resources,Shell_Nav_tools_TopLevelSectionHeader,Utilidades,NG .resw source; locale=es-ES; revision=7d81679f19f5fdaf5c8becaed58204869d1ac857
CFGEvntSLog.WinUI/Strings/Resources,CFGEvntSLog.WinUI Resources,Shell_Nav_tools_connect_Label,Conectar con registro remoto,NG .resw source; locale=es-ES; revision=7d81679f19f5fdaf5c8becaed58204869d1ac857
CFGEvntSLog.WinUI/Strings/Resources,CFGEvntSLog.WinUI Resources,Shell_Nav_tools_debug_log_viewer_Description,Cargue y analice el archivo de registro de depuración activo.,NG .resw source; locale=es-ES; revision=7d81679f19f5fdaf5c8becaed58204869d1ac857
CFGEvntSLog.WinUI/Strings/Resources,CFGEvntSLog.WinUI Resources,Shell_Nav_tools_debug_log_viewer_Label,Registro de depuración,NG .resw source; locale=es-ES; revision=7d81679f19f5fdaf5c8becaed58204869d1ac857
CFGEvntSLog.WinUI/Strings/Resources,CFGEvntSLog.WinUI Resources,Shell_Nav_tools_discovery_Label,Detección de red (WMI),NG .resw source; locale=es-ES; revision=7d81679f19f5fdaf5c8becaed58204869d1ac857
CFGEvntSLog.WinUI/Strings/Resources,CFGEvntSLog.WinUI Resources,Shell_Nav_tools_storage_source_Description,Abra el panel de utilidad del origen de almacenamiento del Workbench.,NG .resw source; locale=es-ES; revision=7d81679f19f5fdaf5c8becaed58204869d1ac857
CFGEvntSLog.WinUI/Strings/Resources,CFGEvntSLog.WinUI Resources,Shell_Nav_tools_storage_source_Label,Origen de almacenamiento,NG .resw source; locale=es-ES; revision=7d81679f19f5fdaf5c8becaed58204869d1ac857
CFGEvntSLog.WinUI/Strings/Resources,CFGEvntSLog.WinUI Resources,Shell_Nav_tools_syslog_test_message_Description,Envíe un mensaje Syslog de prueba para validar rutas de escucha y red.,NG .resw source; locale=es-ES; revision=7d81679f19f5fdaf5c8becaed58204869d1ac857
CFGEvntSLog.WinUI/Strings/Resources,CFGEvntSLog.WinUI Resources,Shell_Nav_tools_syslog_test_message_Label,Mensaje Syslog de prueba,NG .resw source; locale=es-ES; revision=7d81679f19f5fdaf5c8becaed58204869d1ac857
CFGEvntSLog.WinUI/Strings/Resources,CFGEvntSLog.WinUI Resources,Shell_Nav_tools_windows_service_Description,Abra el panel de utilidad del servicio de Windows del Workbench.,NG .resw source; locale=es-ES; revision=7d81679f19f5fdaf5c8becaed58204869d1ac857
CFGEvntSLog.WinUI/Strings/Resources,CFGEvntSLog.WinUI Resources,Shell_Nav_tools_windows_service_Label,Servicio de Windows,NG .resw source; locale=es-ES; revision=7d81679f19f5fdaf5c8becaed58204869d1ac857
CFGEvntSLog.WinUI/Strings/Resources,CFGEvntSLog.WinUI Resources,Shell_NoUrlConfigured,No hay ninguna URL configurada para esta acción.,NG .resw source; locale=es-ES; revision=7d81679f19f5fdaf5c8becaed58204869d1ac857
CFGEvntSLog.WinUI/Strings/Resources,CFGEvntSLog.WinUI Resources,Shell_PaneFooter,"Esta barra cambia áreas de la aplicación, no elementos dentro del documento de configuración.",NG .resw source; locale=es-ES; revision=7d81679f19f5fdaf5c8becaed58204869d1ac857
CFGEvntSLog.WinUI/Strings/Resources,CFGEvntSLog.WinUI Resources,Shell_PaneIntroFormat,Elija aquí un área de trabajo de {0}. El árbol del documento solo aparece dentro de Configuración y refleja el archivo de configuración cargado.,NG .resw source; locale=es-ES; revision=7d81679f19f5fdaf5c8becaed58204869d1ac857
CFGEvntSLog.WinUI/Strings/Resources,CFGEvntSLog.WinUI Resources,Shell_PaneIntroTitle,Navegación de la aplicación,NG .resw source; locale=es-ES; revision=7d81679f19f5fdaf5c8becaed58204869d1ac857
CFGEvntSLog.WinUI/Strings/Resources,CFGEvntSLog.WinUI Resources,Shell_StartupErrorTitle,Error de inicio,NG .resw source; locale=es-ES; revision=7d81679f19f5fdaf5c8becaed58204869d1ac857
CFGEvntSLog.WinUI/Strings/Resources,CFGEvntSLog.WinUI Resources,Shell_UrlOpenFailed,Windows no pudo abrir la URL solicitada.,NG .resw source; locale=es-ES; revision=7d81679f19f5fdaf5c8becaed58204869d1ac857
CFGEvntSLog.WinUI/Strings/Resources,CFGEvntSLog.WinUI Resources,Workbench_CatalogCategory_Database_monitoring,Supervisión de bases de datos,NG .resw source; locale=es-ES; revision=7d81679f19f5fdaf5c8becaed58204869d1ac857
CFGEvntSLog.WinUI/Strings/Resources,CFGEvntSLog.WinUI Resources,Workbench_CatalogCategory_Database_output,Salida de base de datos,NG .resw source; locale=es-ES; revision=7d81679f19f5fdaf5c8becaed58204869d1ac857
CFGEvntSLog.WinUI/Strings/Resources,CFGEvntSLog.WinUI Resources,Workbench_CatalogCategory_Device_monitoring,Supervisión de dispositivos,NG .resw source; locale=es-ES; revision=7d81679f19f5fdaf5c8becaed58204869d1ac857
CFGEvntSLog.WinUI/Strings/Resources,CFGEvntSLog.WinUI Resources,Workbench_CatalogCategory_Device_output,Salida de dispositivo,NG .resw source; locale=es-ES; revision=7d81679f19f5fdaf5c8becaed58204869d1ac857
CFGEvntSLog.WinUI/Strings/Resources,CFGEvntSLog.WinUI Resources,Workbench_CatalogCategory_Event_collection,Recopilación de eventos,NG .resw source; locale=es-ES; revision=7d81679f19f5fdaf5c8becaed58204869d1ac857
CFGEvntSLog.WinUI/Strings/Resources,CFGEvntSLog.WinUI Resources,Workbench_CatalogCategory_Event_enrichment,Enriquecimiento de eventos,NG .resw source; locale=es-ES; revision=7d81679f19f5fdaf5c8becaed58204869d1ac857
CFGEvntSLog.WinUI/Strings/Resources,CFGEvntSLog.WinUI Resources,Workbench_CatalogCategory_File_monitoring,Supervisión de archivos,NG .resw source; locale=es-ES; revision=7d81679f19f5fdaf5c8becaed58204869d1ac857
CFGEvntSLog.WinUI/Strings/Resources,CFGEvntSLog.WinUI Resources,Workbench_CatalogCategory_Local_output,Salida local,NG .resw source; locale=es-ES; revision=7d81679f19f5fdaf5c8becaed58204869d1ac857
CFGEvntSLog.WinUI/Strings/Resources,CFGEvntSLog.WinUI Resources,Workbench_CatalogCategory_Message_listeners,Receptores de mensajes,NG .resw source; locale=es-ES; revision=7d81679f19f5fdaf5c8becaed58204869d1ac857
CFGEvntSLog.WinUI/Strings/Resources,CFGEvntSLog.WinUI Resources,Workbench_CatalogCategory_Network_output,Salida de red,NG .resw source; locale=es-ES; revision=7d81679f19f5fdaf5c8becaed58204869d1ac857
CFGEvntSLog.WinUI/Strings/Resources,CFGEvntSLog.WinUI Resources,Workbench_CatalogCategory_Network_probes,Sondeos de red,NG .resw source; locale=es-ES; revision=7d81679f19f5fdaf5c8becaed58204869d1ac857
CFGEvntSLog.WinUI/Strings/Resources,CFGEvntSLog.WinUI Resources,Workbench_CatalogCategory_Other,Otros,NG .resw source; locale=es-ES; revision=7d81679f19f5fdaf5c8becaed58204869d1ac857
CFGEvntSLog.WinUI/Strings/Resources,CFGEvntSLog.WinUI Resources,Workbench_CatalogCategory_Rule_flow,Flujo de reglas,NG .resw source; locale=es-ES; revision=7d81679f19f5fdaf5c8becaed58204869d1ac857
CFGEvntSLog.WinUI/Strings/Resources,CFGEvntSLog.WinUI Resources,Workbench_CatalogCategory_System_monitoring,Supervisión del sistema,NG .resw source; locale=es-ES; revision=7d81679f19f5fdaf5c8becaed58204869d1ac857
CFGEvntSLog.WinUI/Strings/Resources,CFGEvntSLog.WinUI Resources,Workbench_CatalogCategory_System_operations,Operaciones del sistema,NG .resw source; locale=es-ES; revision=7d81679f19f5fdaf5c8becaed58204869d1ac857
CFGEvntSLog.WinUI/Strings/Resources,CFGEvntSLog.WinUI Resources,Workbench_CatalogPurposeFormat,Configurar {0}.,NG .resw source; locale=es-ES; revision=7d81679f19f5fdaf5c8becaed58204869d1ac857
CFGEvntSLog.WinUI/Strings/Resources,CFGEvntSLog.WinUI Resources,Workbench_DisplayLabel_CustomerID,ID del cliente,NG .resw source; locale=es-ES; revision=7d81679f19f5fdaf5c8becaed58204869d1ac857
CFGEvntSLog.WinUI/Strings/Resources,CFGEvntSLog.WinUI Resources,Workbench_DisplayLabel_Database_OLEDB,Base de datos OLE DB,NG .resw source; locale=es-ES; revision=7d81679f19f5fdaf5c8becaed58204869d1ac857
CFGEvntSLog.WinUI/Strings/Resources,CFGEvntSLog.WinUI Resources,Workbench_DisplayLabel_FileAndSystem,Monitores de archivos y sistema,NG .resw source; locale=es-ES; revision=7d81679f19f5fdaf5c8becaed58204869d1ac857
CFGEvntSLog.WinUI/Strings/Resources,CFGEvntSLog.WinUI Resources,Workbench_DisplayLabel_QueueManager,Administrador de colas,NG .resw source; locale=es-ES; revision=7d81679f19f5fdaf5c8becaed58204869d1ac857
CFGEvntSLog.WinUI/Strings/Resources,CFGEvntSLog.WinUI Resources,Workbench_DisplayLabel_Queuelimit,Límite de cola,NG .resw source; locale=es-ES; revision=7d81679f19f5fdaf5c8becaed58204869d1ac857
CFGEvntSLog.WinUI/Strings/Resources,CFGEvntSLog.WinUI Resources,Workbench_DisplayLabel_SNMP_Mibs,MIB de SNMP,NG .resw source; locale=es-ES; revision=7d81679f19f5fdaf5c8becaed58204869d1ac857
CFGEvntSLog.WinUI/Strings/Resources,CFGEvntSLog.WinUI Resources,Workbench_DisplayLabel_SystemID,ID del sistema,NG .resw source; locale=es-ES; revision=7d81679f19f5fdaf5c8becaed58204869d1ac857
CFGEvntSLog.WinUI/Strings/Resources,CFGEvntSLog.WinUI Resources,Workbench_DisplayLabel_TCPOptions,Opciones de TCP,NG .resw source; locale=es-ES; revision=7d81679f19f5fdaf5c8becaed58204869d1ac857
CFGEvntSLog.WinUI/Strings/Resources,CFGEvntSLog.WinUI Resources,Workbench_DisplayLabel_TLSAdvanced_Options,Opciones avanzadas de TLS,NG .resw source; locale=es-ES; revision=7d81679f19f5fdaf5c8becaed58204869d1ac857
CFGEvntSLog.WinUI/Strings/Resources,CFGEvntSLog.WinUI Resources,Workbench_FilterGroup_Basic_Filters,Filtros básicos,NG .resw source; locale=es-ES; revision=7d81679f19f5fdaf5c8becaed58204869d1ac857
CFGEvntSLog.WinUI/Strings/Resources,CFGEvntSLog.WinUI Resources,Workbench_FilterGroup_CPU_and_memory_monitor,CPU and memory monitor,NG .resw source; locale=es-ES; revision=7d81679f19f5fdaf5c8becaed58204869d1ac857
CFGEvntSLog.WinUI/Strings/Resources,CFGEvntSLog.WinUI Resources,Workbench_FilterGroup_Custom_Property,Propiedad personalizada,NG .resw source; locale=es-ES; revision=7d81679f19f5fdaf5c8becaed58204869d1ac857
CFGEvntSLog.WinUI/Strings/Resources,CFGEvntSLog.WinUI Resources,Workbench_FilterGroup_Date_Time,Fecha/Hora,NG .resw source; locale=es-ES; revision=7d81679f19f5fdaf5c8becaed58204869d1ac857
CFGEvntSLog.WinUI/Strings/Resources,CFGEvntSLog.WinUI Resources,Workbench_FilterGroup_Date_and_time,Date and time,NG .resw source; locale=es-ES; revision=7d81679f19f5fdaf5c8becaed58204869d1ac857
CFGEvntSLog.WinUI/Strings/Resources,CFGEvntSLog.WinUI Resources,Workbench_FilterGroup_Disk_Space_Monitor,Disk Space Monitor,NG .resw source; locale=es-ES; revision=7d81679f19f5fdaf5c8becaed58204869d1ac857
CFGEvntSLog.WinUI/Strings/Resources,CFGEvntSLog.WinUI Resources,Workbench_FilterGroup_Event_Log_Monitor,Monitor de registro de eventos,NG .resw source; locale=es-ES; revision=7d81679f19f5fdaf5c8becaed58204869d1ac857
CFGEvntSLog.WinUI/Strings/Resources,CFGEvntSLog.WinUI Resources,Workbench_FilterGroup_Event_Log_Monitor_V2,Monitor de registro de eventos V2,NG .resw source; locale=es-ES; revision=7d81679f19f5fdaf5c8becaed58204869d1ac857
CFGEvntSLog.WinUI/Strings/Resources,CFGEvntSLog.WinUI Resources,Workbench_FilterGroup_Extended_IP_Property,Propiedad de IP extendida,NG .resw source; locale=es-ES; revision=7d81679f19f5fdaf5c8becaed58204869d1ac857
CFGEvntSLog.WinUI/Strings/Resources,CFGEvntSLog.WinUI Resources,Workbench_FilterGroup_Extended_Number_Property,Propiedad de número extendido,NG .resw source; locale=es-ES; revision=7d81679f19f5fdaf5c8becaed58204869d1ac857
CFGEvntSLog.WinUI/Strings/Resources,CFGEvntSLog.WinUI Resources,Workbench_FilterGroup_FTP_Probe,Sonda FTP,NG .resw source; locale=es-ES; revision=7d81679f19f5fdaf5c8becaed58204869d1ac857
CFGEvntSLog.WinUI/Strings/Resources,CFGEvntSLog.WinUI Resources,Workbench_FilterGroup_File_Exists,Archivo existe,NG .resw source; locale=es-ES; revision=7d81679f19f5fdaf5c8becaed58204869d1ac857
CFGEvntSLog.WinUI/Strings/Resources,CFGEvntSLog.WinUI Resources,Workbench_FilterGroup_File_Monitor,Supervisor de archivos,NG .resw source; locale=es-ES; revision=7d81679f19f5fdaf5c8becaed58204869d1ac857
CFGEvntSLog.WinUI/Strings/Resources,CFGEvntSLog.WinUI Resources,Workbench_FilterGroup_File_and_system_services,File and system services,NG .resw source; locale=es-ES; revision=7d81679f19f5fdaf5c8becaed58204869d1ac857
CFGEvntSLog.WinUI/Strings/Resources,CFGEvntSLog.WinUI Resources,Workbench_FilterGroup_General,General,NG .resw source; locale=es-ES; revision=7d81679f19f5fdaf5c8becaed58204869d1ac857
CFGEvntSLog.WinUI/Strings/Resources,CFGEvntSLog.WinUI Resources,Workbench_FilterGroup_HTTP_Probe,Sonda HTTP,NG .resw source; locale=es-ES; revision=7d81679f19f5fdaf5c8becaed58204869d1ac857
CFGEvntSLog.WinUI/Strings/Resources,CFGEvntSLog.WinUI Resources,Workbench_FilterGroup_IMAP_Probe,Sonda IMAP,NG .resw source; locale=es-ES; revision=7d81679f19f5fdaf5c8becaed58204869d1ac857
CFGEvntSLog.WinUI/Strings/Resources,CFGEvntSLog.WinUI Resources,Workbench_FilterGroup_Information_unit_type,Information unit type,NG .resw source; locale=es-ES; revision=7d81679f19f5fdaf5c8becaed58204869d1ac857
CFGEvntSLog.WinUI/Strings/Resources,CFGEvntSLog.WinUI Resources,Workbench_FilterGroup_Modern_shortcuts,Modern shortcuts,NG .resw source; locale=es-ES; revision=7d81679f19f5fdaf5c8becaed58204869d1ac857
CFGEvntSLog.WinUI/Strings/Resources,CFGEvntSLog.WinUI Resources,Workbench_FilterGroup_NNTP_Probe,Sonda NNTP,NG .resw source; locale=es-ES; revision=7d81679f19f5fdaf5c8becaed58204869d1ac857
CFGEvntSLog.WinUI/Strings/Resources,CFGEvntSLog.WinUI Resources,Workbench_FilterGroup_NT_Service_Monitor,NT Service Monitor,NG .resw source; locale=es-ES; revision=7d81679f19f5fdaf5c8becaed58204869d1ac857
CFGEvntSLog.WinUI/Strings/Resources,CFGEvntSLog.WinUI Resources,Workbench_FilterGroup_Network_Related_Services,Servicios relacionados con red,NG .resw source; locale=es-ES; revision=7d81679f19f5fdaf5c8becaed58204869d1ac857
CFGEvntSLog.WinUI/Strings/Resources,CFGEvntSLog.WinUI Resources,Workbench_FilterGroup_Network_services,Network services,NG .resw source; locale=es-ES; revision=7d81679f19f5fdaf5c8becaed58204869d1ac857
CFGEvntSLog.WinUI/Strings/Resources,CFGEvntSLog.WinUI Resources,Workbench_FilterGroup_Other_services,Otros Services,NG .resw source; locale=es-ES; revision=7d81679f19f5fdaf5c8becaed58204869d1ac857
CFGEvntSLog.WinUI/Strings/Resources,CFGEvntSLog.WinUI Resources,Workbench_FilterGroup_POP3_Probe,Sonda POP3,NG .resw source; locale=es-ES; revision=7d81679f19f5fdaf5c8becaed58204869d1ac857
CFGEvntSLog.WinUI/Strings/Resources,CFGEvntSLog.WinUI Resources,Workbench_FilterGroup_Probe_services,Servicios Probe,NG .resw source; locale=es-ES; revision=7d81679f19f5fdaf5c8becaed58204869d1ac857
CFGEvntSLog.WinUI/Strings/Resources,CFGEvntSLog.WinUI Resources,Workbench_FilterGroup_SMTP_Probe,SMTP Sonda,NG .resw source; locale=es-ES; revision=7d81679f19f5fdaf5c8becaed58204869d1ac857
CFGEvntSLog.WinUI/Strings/Resources,CFGEvntSLog.WinUI Resources,Workbench_FilterGroup_SNMP_trap,SNMP trap,NG .resw source; locale=es-ES; revision=7d81679f19f5fdaf5c8becaed58204869d1ac857
CFGEvntSLog.WinUI/Strings/Resources,CFGEvntSLog.WinUI Resources,Workbench_FilterGroup_Serial_Port_Monitor,Serial Port Monitor,NG .resw source; locale=es-ES; revision=7d81679f19f5fdaf5c8becaed58204869d1ac857
CFGEvntSLog.WinUI/Strings/Resources,CFGEvntSLog.WinUI Resources,Workbench_FilterGroup_Syslog,Syslog,NG .resw source; locale=es-ES; revision=7d81679f19f5fdaf5c8becaed58204869d1ac857
CFGEvntSLog.WinUI/Strings/Resources,CFGEvntSLog.WinUI Resources,Workbench_FilterGroup_Weekday,Weekday,NG .resw source; locale=es-ES; revision=7d81679f19f5fdaf5c8becaed58204869d1ac857
CFGEvntSLog.WinUI/Strings/Resources,CFGEvntSLog.WinUI Resources,Workbench_FilterPreset_eval_cpu_load_Description,CPU load percentage,NG .resw source; locale=es-ES; revision=7d81679f19f5fdaf5c8becaed58204869d1ac857
CFGEvntSLog.WinUI/Strings/Resources,CFGEvntSLog.WinUI Resources,Workbench_FilterPreset_eval_cpu_load_Title,CPU load,NG .resw source; locale=es-ES; revision=7d81679f19f5fdaf5c8becaed58204869d1ac857
CFGEvntSLog.WinUI/Strings/Resources,CFGEvntSLog.WinUI Resources,Workbench_FilterPreset_eval_cpu_number_Description,CPU number,NG .resw source; locale=es-ES; revision=7d81679f19f5fdaf5c8becaed58204869d1ac857
CFGEvntSLog.WinUI/Strings/Resources,CFGEvntSLog.WinUI Resources,Workbench_FilterPreset_eval_cpu_number_Title,CPU number,NG .resw source; locale=es-ES; revision=7d81679f19f5fdaf5c8becaed58204869d1ac857
CFGEvntSLog.WinUI/Strings/Resources,CFGEvntSLog.WinUI Resources,Workbench_FilterPreset_eval_custom_Description,"Custom property, comparison, and value",NG .resw source; locale=es-ES; revision=7d81679f19f5fdaf5c8becaed58204869d1ac857
CFGEvntSLog.WinUI/Strings/Resources,CFGEvntSLog.WinUI Resources,Workbench_FilterPreset_eval_custom_Title,Custom EVAL,NG .resw source; locale=es-ES; revision=7d81679f19f5fdaf5c8becaed58204869d1ac857
CFGEvntSLog.WinUI/Strings/Resources,CFGEvntSLog.WinUI Resources,Workbench_FilterPreset_eval_customerid_Description,Customer identifier,NG .resw source; locale=es-ES; revision=7d81679f19f5fdaf5c8becaed58204869d1ac857
CFGEvntSLog.WinUI/Strings/Resources,CFGEvntSLog.WinUI Resources,Workbench_FilterPreset_eval_customerid_Title,Customer ID,NG .resw source; locale=es-ES; revision=7d81679f19f5fdaf5c8becaed58204869d1ac857
CFGEvntSLog.WinUI/Strings/Resources,CFGEvntSLog.WinUI Resources,Workbench_FilterPreset_eval_datetime_Description,Date or time window,NG .resw source; locale=es-ES; revision=7d81679f19f5fdaf5c8becaed58204869d1ac857
CFGEvntSLog.WinUI/Strings/Resources,CFGEvntSLog.WinUI Resources,Workbench_FilterPreset_eval_datetime_Title,Date / time,NG .resw source; locale=es-ES; revision=7d81679f19f5fdaf5c8becaed58204869d1ac857
CFGEvntSLog.WinUI/Strings/Resources,CFGEvntSLog.WinUI Resources,Workbench_FilterPreset_eval_disk_space_gigabytes_Description,Remaining disk space in gigabytes,NG .resw source; locale=es-ES; revision=7d81679f19f5fdaf5c8becaed58204869d1ac857
CFGEvntSLog.WinUI/Strings/Resources,CFGEvntSLog.WinUI Resources,Workbench_FilterPreset_eval_disk_space_gigabytes_Title,Disk space left (GB),NG .resw source; locale=es-ES; revision=7d81679f19f5fdaf5c8becaed58204869d1ac857
CFGEvntSLog.WinUI/Strings/Resources,CFGEvntSLog.WinUI Resources,Workbench_FilterPreset_eval_disk_space_megabytes_Description,Remaining disk space in megabytes,NG .resw source; locale=es-ES; revision=7d81679f19f5fdaf5c8becaed58204869d1ac857
CFGEvntSLog.WinUI/Strings/Resources,CFGEvntSLog.WinUI Resources,Workbench_FilterPreset_eval_disk_space_megabytes_Title,Disk space left (MB),NG .resw source; locale=es-ES; revision=7d81679f19f5fdaf5c8becaed58204869d1ac857
CFGEvntSLog.WinUI/Strings/Resources,CFGEvntSLog.WinUI Resources,Workbench_FilterPreset_eval_disk_space_percent_Description,Remaining disk space percentage,NG .resw source; locale=es-ES; revision=7d81679f19f5fdaf5c8becaed58204869d1ac857
CFGEvntSLog.WinUI/Strings/Resources,CFGEvntSLog.WinUI Resources,Workbench_FilterPreset_eval_disk_space_percent_Title,Disk space left (%),NG .resw source; locale=es-ES; revision=7d81679f19f5fdaf5c8becaed58204869d1ac857
CFGEvntSLog.WinUI/Strings/Resources,CFGEvntSLog.WinUI Resources,Workbench_FilterPreset_eval_event_v1_category_Description,Classic Event Log category,NG .resw source; locale=es-ES; revision=7d81679f19f5fdaf5c8becaed58204869d1ac857
CFGEvntSLog.WinUI/Strings/Resources,CFGEvntSLog.WinUI Resources,Workbench_FilterPreset_eval_event_v1_category_Title,Categoría de evento,NG .resw source; locale=es-ES; revision=7d81679f19f5fdaf5c8becaed58204869d1ac857
CFGEvntSLog.WinUI/Strings/Resources,CFGEvntSLog.WinUI Resources,Workbench_FilterPreset_eval_event_v1_category_name_Description,Classic Event Log category name,NG .resw source; locale=es-ES; revision=7d81679f19f5fdaf5c8becaed58204869d1ac857
CFGEvntSLog.WinUI/Strings/Resources,CFGEvntSLog.WinUI Resources,Workbench_FilterPreset_eval_event_v1_category_name_Title,Event category name,NG .resw source; locale=es-ES; revision=7d81679f19f5fdaf5c8becaed58204869d1ac857
CFGEvntSLog.WinUI/Strings/Resources,CFGEvntSLog.WinUI Resources,Workbench_FilterPreset_eval_event_v1_record_number_Description,Classic Event Log record number,NG .resw source; locale=es-ES; revision=7d81679f19f5fdaf5c8becaed58204869d1ac857
CFGEvntSLog.WinUI/Strings/Resources,CFGEvntSLog.WinUI Resources,Workbench_FilterPreset_eval_event_v1_record_number_Title,Event record number,NG .resw source; locale=es-ES; revision=7d81679f19f5fdaf5c8becaed58204869d1ac857
CFGEvntSLog.WinUI/Strings/Resources,CFGEvntSLog.WinUI Resources,Workbench_FilterPreset_eval_event_v1_severity_Description,Classic Event Log severity,NG .resw source; locale=es-ES; revision=7d81679f19f5fdaf5c8becaed58204869d1ac857
CFGEvntSLog.WinUI/Strings/Resources,CFGEvntSLog.WinUI Resources,Workbench_FilterPreset_eval_event_v1_severity_Title,Gravedad del evento,NG .resw source; locale=es-ES; revision=7d81679f19f5fdaf5c8becaed58204869d1ac857
CFGEvntSLog.WinUI/Strings/Resources,CFGEvntSLog.WinUI Resources,Workbench_FilterPreset_eval_event_v1_source_Description,Classic Event Log source,NG .resw source; locale=es-ES; revision=7d81679f19f5fdaf5c8becaed58204869d1ac857
CFGEvntSLog.WinUI/Strings/Resources,CFGEvntSLog.WinUI Resources,Workbench_FilterPreset_eval_event_v1_source_Title,Fuente del evento,NG .resw source; locale=es-ES; revision=7d81679f19f5fdaf5c8becaed58204869d1ac857
CFGEvntSLog.WinUI/Strings/Resources,CFGEvntSLog.WinUI Resources,Workbench_FilterPreset_eval_event_v1_type_Description,Classic Event Log event type,NG .resw source; locale=es-ES; revision=7d81679f19f5fdaf5c8becaed58204869d1ac857
CFGEvntSLog.WinUI/Strings/Resources,CFGEvntSLog.WinUI Resources,Workbench_FilterPreset_eval_event_v1_type_Title,Tipo de evento,NG .resw source; locale=es-ES; revision=7d81679f19f5fdaf5c8becaed58204869d1ac857
CFGEvntSLog.WinUI/Strings/Resources,CFGEvntSLog.WinUI Resources,Workbench_FilterPreset_eval_event_v1_user_Description,Classic Event Log user,NG .resw source; locale=es-ES; revision=7d81679f19f5fdaf5c8becaed58204869d1ac857
CFGEvntSLog.WinUI/Strings/Resources,CFGEvntSLog.WinUI Resources,Workbench_FilterPreset_eval_event_v1_user_Title,Usuario del evento,NG .resw source; locale=es-ES; revision=7d81679f19f5fdaf5c8becaed58204869d1ac857
CFGEvntSLog.WinUI/Strings/Resources,CFGEvntSLog.WinUI Resources,Workbench_FilterPreset_eval_event_v2_category_Description,Event Log Monitor V2 category,NG .resw source; locale=es-ES; revision=7d81679f19f5fdaf5c8becaed58204869d1ac857
CFGEvntSLog.WinUI/Strings/Resources,CFGEvntSLog.WinUI Resources,Workbench_FilterPreset_eval_event_v2_category_Title,Categoría de evento,NG .resw source; locale=es-ES; revision=7d81679f19f5fdaf5c8becaed58204869d1ac857
CFGEvntSLog.WinUI/Strings/Resources,CFGEvntSLog.WinUI Resources,Workbench_FilterPreset_eval_event_v2_category_name_Description,Event Log Monitor V2 category name,NG .resw source; locale=es-ES; revision=7d81679f19f5fdaf5c8becaed58204869d1ac857
CFGEvntSLog.WinUI/Strings/Resources,CFGEvntSLog.WinUI Resources,Workbench_FilterPreset_eval_event_v2_category_name_Title,Event category name,NG .resw source; locale=es-ES; revision=7d81679f19f5fdaf5c8becaed58204869d1ac857
CFGEvntSLog.WinUI/Strings/Resources,CFGEvntSLog.WinUI Resources,Workbench_FilterPreset_eval_event_v2_channel_Description,Event Log Monitor V2 channel,NG .resw source; locale=es-ES; revision=7d81679f19f5fdaf5c8becaed58204869d1ac857
CFGEvntSLog.WinUI/Strings/Resources,CFGEvntSLog.WinUI Resources,Workbench_FilterPreset_eval_event_v2_channel_Title,Canal de eventos,NG .resw source; locale=es-ES; revision=7d81679f19f5fdaf5c8becaed58204869d1ac857
CFGEvntSLog.WinUI/Strings/Resources,CFGEvntSLog.WinUI Resources,Workbench_FilterPreset_eval_event_v2_id_Description,Event Log Monitor V2 event ID,NG .resw source; locale=es-ES; revision=7d81679f19f5fdaf5c8becaed58204869d1ac857
CFGEvntSLog.WinUI/Strings/Resources,CFGEvntSLog.WinUI Resources,Workbench_FilterPreset_eval_event_v2_id_Title,ID de evento,NG .resw source; locale=es-ES; revision=7d81679f19f5fdaf5c8becaed58204869d1ac857
CFGEvntSLog.WinUI/Strings/Resources,CFGEvntSLog.WinUI Resources,Workbench_FilterPreset_eval_event_v2_keyword_Description,Event Log Monitor V2 keyword,NG .resw source; locale=es-ES; revision=7d81679f19f5fdaf5c8becaed58204869d1ac857
CFGEvntSLog.WinUI/Strings/Resources,CFGEvntSLog.WinUI Resources,Workbench_FilterPreset_eval_event_v2_keyword_Title,Palabra clave del evento,NG .resw source; locale=es-ES; revision=7d81679f19f5fdaf5c8becaed58204869d1ac857
CFGEvntSLog.WinUI/Strings/Resources,CFGEvntSLog.WinUI Resources,Workbench_FilterPreset_eval_event_v2_keyword_id_Description,Event Log Monitor V2 keyword ID,NG .resw source; locale=es-ES; revision=7d81679f19f5fdaf5c8becaed58204869d1ac857
CFGEvntSLog.WinUI/Strings/Resources,CFGEvntSLog.WinUI Resources,Workbench_FilterPreset_eval_event_v2_keyword_id_Title,ID de palabra clave del evento,NG .resw source; locale=es-ES; revision=7d81679f19f5fdaf5c8becaed58204869d1ac857
CFGEvntSLog.WinUI/Strings/Resources,CFGEvntSLog.WinUI Resources,Workbench_FilterPreset_eval_event_v2_level_Description,Event Log Monitor V2 level,NG .resw source; locale=es-ES; revision=7d81679f19f5fdaf5c8becaed58204869d1ac857
CFGEvntSLog.WinUI/Strings/Resources,CFGEvntSLog.WinUI Resources,Workbench_FilterPreset_eval_event_v2_level_Title,Nivel de evento,NG .resw source; locale=es-ES; revision=7d81679f19f5fdaf5c8becaed58204869d1ac857
CFGEvntSLog.WinUI/Strings/Resources,CFGEvntSLog.WinUI Resources,Workbench_FilterPreset_eval_event_v2_raw_source_Description,Event Log Monitor V2 raw source,NG .resw source; locale=es-ES; revision=7d81679f19f5fdaf5c8becaed58204869d1ac857
CFGEvntSLog.WinUI/Strings/Resources,CFGEvntSLog.WinUI Resources,Workbench_FilterPreset_eval_event_v2_raw_source_Title,Raw event source,NG .resw source; locale=es-ES; revision=7d81679f19f5fdaf5c8becaed58204869d1ac857
CFGEvntSLog.WinUI/Strings/Resources,CFGEvntSLog.WinUI Resources,Workbench_FilterPreset_eval_event_v2_severity_Description,Event Log Monitor V2 severity,NG .resw source; locale=es-ES; revision=7d81679f19f5fdaf5c8becaed58204869d1ac857
CFGEvntSLog.WinUI/Strings/Resources,CFGEvntSLog.WinUI Resources,Workbench_FilterPreset_eval_event_v2_severity_Title,Gravedad del evento,NG .resw source; locale=es-ES; revision=7d81679f19f5fdaf5c8becaed58204869d1ac857
CFGEvntSLog.WinUI/Strings/Resources,CFGEvntSLog.WinUI Resources,Workbench_FilterPreset_eval_event_v2_severity_id_Description,Event Log Monitor V2 severity ID,NG .resw source; locale=es-ES; revision=7d81679f19f5fdaf5c8becaed58204869d1ac857
CFGEvntSLog.WinUI/Strings/Resources,CFGEvntSLog.WinUI Resources,Workbench_FilterPreset_eval_event_v2_severity_id_Title,ID de gravedad del evento,NG .resw source; locale=es-ES; revision=7d81679f19f5fdaf5c8becaed58204869d1ac857
CFGEvntSLog.WinUI/Strings/Resources,CFGEvntSLog.WinUI Resources,Workbench_FilterPreset_eval_event_v2_source_Description,Event Log Monitor V2 source,NG .resw source; locale=es-ES; revision=7d81679f19f5fdaf5c8becaed58204869d1ac857
CFGEvntSLog.WinUI/Strings/Resources,CFGEvntSLog.WinUI Resources,Workbench_FilterPreset_eval_event_v2_source_Title,Fuente del evento,NG .resw source; locale=es-ES; revision=7d81679f19f5fdaf5c8becaed58204869d1ac857
CFGEvntSLog.WinUI/Strings/Resources,CFGEvntSLog.WinUI Resources,Workbench_FilterPreset_eval_event_v2_user_Description,Event Log Monitor V2 user,NG .resw source; locale=es-ES; revision=7d81679f19f5fdaf5c8becaed58204869d1ac857
CFGEvntSLog.WinUI/Strings/Resources,CFGEvntSLog.WinUI Resources,Workbench_FilterPreset_eval_event_v2_user_Title,Usuario del evento,NG .resw source; locale=es-ES; revision=7d81679f19f5fdaf5c8becaed58204869d1ac857
CFGEvntSLog.WinUI/Strings/Resources,CFGEvntSLog.WinUI Resources,Workbench_FilterPreset_eval_eventid_Description,Classic Event Log event ID,NG .resw source; locale=es-ES; revision=7d81679f19f5fdaf5c8becaed58204869d1ac857
CFGEvntSLog.WinUI/Strings/Resources,CFGEvntSLog.WinUI Resources,Workbench_FilterPreset_eval_eventid_Title,ID de evento,NG .resw source; locale=es-ES; revision=7d81679f19f5fdaf5c8becaed58204869d1ac857
CFGEvntSLog.WinUI/Strings/Resources,CFGEvntSLog.WinUI Resources,Workbench_FilterPreset_eval_extended_ip_Description,IP extended property,NG .resw source; locale=es-ES; revision=7d81679f19f5fdaf5c8becaed58204869d1ac857
CFGEvntSLog.WinUI/Strings/Resources,CFGEvntSLog.WinUI Resources,Workbench_FilterPreset_eval_extended_ip_Title,Propiedad de IP extendida,NG .resw source; locale=es-ES; revision=7d81679f19f5fdaf5c8becaed58204869d1ac857
CFGEvntSLog.WinUI/Strings/Resources,CFGEvntSLog.WinUI Resources,Workbench_FilterPreset_eval_extended_number_Description,Numeric extended property,NG .resw source; locale=es-ES; revision=7d81679f19f5fdaf5c8becaed58204869d1ac857
CFGEvntSLog.WinUI/Strings/Resources,CFGEvntSLog.WinUI Resources,Workbench_FilterPreset_eval_extended_number_Title,Propiedad de número extendido,NG .resw source; locale=es-ES; revision=7d81679f19f5fdaf5c8becaed58204869d1ac857
CFGEvntSLog.WinUI/Strings/Resources,CFGEvntSLog.WinUI Resources,Workbench_FilterPreset_eval_file_exists_Description,File-exists condition,NG .resw source; locale=es-ES; revision=7d81679f19f5fdaf5c8becaed58204869d1ac857
CFGEvntSLog.WinUI/Strings/Resources,CFGEvntSLog.WinUI Resources,Workbench_FilterPreset_eval_file_exists_Title,Archivo existe,NG .resw source; locale=es-ES; revision=7d81679f19f5fdaf5c8becaed58204869d1ac857
CFGEvntSLog.WinUI/Strings/Resources,CFGEvntSLog.WinUI Resources,Workbench_FilterPreset_eval_file_generated_base_name_Description,Generated base filename,NG .resw source; locale=es-ES; revision=7d81679f19f5fdaf5c8becaed58204869d1ac857
CFGEvntSLog.WinUI/Strings/Resources,CFGEvntSLog.WinUI Resources,Workbench_FilterPreset_eval_file_generated_base_name_Title,Generated filename without path,NG .resw source; locale=es-ES; revision=7d81679f19f5fdaf5c8becaed58204869d1ac857
CFGEvntSLog.WinUI/Strings/Resources,CFGEvntSLog.WinUI Resources,Workbench_FilterPreset_eval_file_generated_name_Description,Generated filename including path,NG .resw source; locale=es-ES; revision=7d81679f19f5fdaf5c8becaed58204869d1ac857
CFGEvntSLog.WinUI/Strings/Resources,CFGEvntSLog.WinUI Resources,Workbench_FilterPreset_eval_file_generated_name_Title,Nombre de archivo generado,NG .resw source; locale=es-ES; revision=7d81679f19f5fdaf5c8becaed58204869d1ac857
CFGEvntSLog.WinUI/Strings/Resources,CFGEvntSLog.WinUI Resources,Workbench_FilterPreset_eval_filesystem_Description,Generic file-system monitor property,NG .resw source; locale=es-ES; revision=7d81679f19f5fdaf5c8becaed58204869d1ac857
CFGEvntSLog.WinUI/Strings/Resources,CFGEvntSLog.WinUI Resources,Workbench_FilterPreset_eval_filesystem_Title,File system monitoring,NG .resw source; locale=es-ES; revision=7d81679f19f5fdaf5c8becaed58204869d1ac857
CFGEvntSLog.WinUI/Strings/Resources,CFGEvntSLog.WinUI Resources,Workbench_FilterPreset_eval_ftp_response_Description,FTP probe response,NG .resw source; locale=es-ES; revision=7d81679f19f5fdaf5c8becaed58204869d1ac857
CFGEvntSLog.WinUI/Strings/Resources,CFGEvntSLog.WinUI Resources,Workbench_FilterPreset_eval_ftp_response_Title,FTP response,NG .resw source; locale=es-ES; revision=7d81679f19f5fdaf5c8becaed58204869d1ac857
CFGEvntSLog.WinUI/Strings/Resources,CFGEvntSLog.WinUI Resources,Workbench_FilterPreset_eval_ftp_status_Description,FTP probe status code,NG .resw source; locale=es-ES; revision=7d81679f19f5fdaf5c8becaed58204869d1ac857
CFGEvntSLog.WinUI/Strings/Resources,CFGEvntSLog.WinUI Resources,Workbench_FilterPreset_eval_ftp_status_Title,FTP status code,NG .resw source; locale=es-ES; revision=7d81679f19f5fdaf5c8becaed58204869d1ac857
CFGEvntSLog.WinUI/Strings/Resources,CFGEvntSLog.WinUI Resources,Workbench_FilterPreset_eval_hostname_Description,Nombre host local,NG .resw source; locale=es-ES; revision=7d81679f19f5fdaf5c8becaed58204869d1ac857
CFGEvntSLog.WinUI/Strings/Resources,CFGEvntSLog.WinUI Resources,Workbench_FilterPreset_eval_hostname_Title,Nombre host local,NG .resw source; locale=es-ES; revision=7d81679f19f5fdaf5c8becaed58204869d1ac857
CFGEvntSLog.WinUI/Strings/Resources,CFGEvntSLog.WinUI Resources,Workbench_FilterPreset_eval_http_response_Description,HTTP probe response,NG .resw source; locale=es-ES; revision=7d81679f19f5fdaf5c8becaed58204869d1ac857
CFGEvntSLog.WinUI/Strings/Resources,CFGEvntSLog.WinUI Resources,Workbench_FilterPreset_eval_http_response_Title,HTTP response,NG .resw source; locale=es-ES; revision=7d81679f19f5fdaf5c8becaed58204869d1ac857
CFGEvntSLog.WinUI/Strings/Resources,CFGEvntSLog.WinUI Resources,Workbench_FilterPreset_eval_http_status_Description,HTTP probe status code,NG .resw source; locale=es-ES; revision=7d81679f19f5fdaf5c8becaed58204869d1ac857
CFGEvntSLog.WinUI/Strings/Resources,CFGEvntSLog.WinUI Resources,Workbench_FilterPreset_eval_http_status_Title,HTTP status code,NG .resw source; locale=es-ES; revision=7d81679f19f5fdaf5c8becaed58204869d1ac857
CFGEvntSLog.WinUI/Strings/Resources,CFGEvntSLog.WinUI Resources,Workbench_FilterPreset_eval_imap_response_Description,IMAP probe response,NG .resw source; locale=es-ES; revision=7d81679f19f5fdaf5c8becaed58204869d1ac857
CFGEvntSLog.WinUI/Strings/Resources,CFGEvntSLog.WinUI Resources,Workbench_FilterPreset_eval_imap_response_Title,IMAP response,NG .resw source; locale=es-ES; revision=7d81679f19f5fdaf5c8becaed58204869d1ac857
CFGEvntSLog.WinUI/Strings/Resources,CFGEvntSLog.WinUI Resources,Workbench_FilterPreset_eval_imap_status_Description,IMAP probe status code,NG .resw source; locale=es-ES; revision=7d81679f19f5fdaf5c8becaed58204869d1ac857
CFGEvntSLog.WinUI/Strings/Resources,CFGEvntSLog.WinUI Resources,Workbench_FilterPreset_eval_imap_status_Title,IMAP status code,NG .resw source; locale=es-ES; revision=7d81679f19f5fdaf5c8becaed58204869d1ac857
CFGEvntSLog.WinUI/Strings/Resources,CFGEvntSLog.WinUI Resources,Workbench_FilterPreset_eval_iscpumemorymonitor_Description,CPU and memory monitor information-unit flag,NG .resw source; locale=es-ES; revision=7d81679f19f5fdaf5c8becaed58204869d1ac857
CFGEvntSLog.WinUI/Strings/Resources,CFGEvntSLog.WinUI Resources,Workbench_FilterPreset_eval_iscpumemorymonitor_Title,CPU and memory monitor,NG .resw source; locale=es-ES; revision=7d81679f19f5fdaf5c8becaed58204869d1ac857
CFGEvntSLog.WinUI/Strings/Resources,CFGEvntSLog.WinUI Resources,Workbench_FilterPreset_eval_isdatabasemonitor_Description,Database Monitor information-unit flag,NG .resw source; locale=es-ES; revision=7d81679f19f5fdaf5c8becaed58204869d1ac857
CFGEvntSLog.WinUI/Strings/Resources,CFGEvntSLog.WinUI Resources,Workbench_FilterPreset_eval_isdatabasemonitor_Title,Monitor de base de datos,NG .resw source; locale=es-ES; revision=7d81679f19f5fdaf5c8becaed58204869d1ac857
CFGEvntSLog.WinUI/Strings/Resources,CFGEvntSLog.WinUI Resources,Workbench_FilterPreset_eval_isdiskspacemonitor_Description,Disk Space Monitor information-unit flag,NG .resw source; locale=es-ES; revision=7d81679f19f5fdaf5c8becaed58204869d1ac857
CFGEvntSLog.WinUI/Strings/Resources,CFGEvntSLog.WinUI Resources,Workbench_FilterPreset_eval_isdiskspacemonitor_Title,Disk Space Monitor,NG .resw source; locale=es-ES; revision=7d81679f19f5fdaf5c8becaed58204869d1ac857
CFGEvntSLog.WinUI/Strings/Resources,CFGEvntSLog.WinUI Resources,Workbench_FilterPreset_eval_iseventlogmonitor_Description,Event Log Monitor information-unit flag,NG .resw source; locale=es-ES; revision=7d81679f19f5fdaf5c8becaed58204869d1ac857
CFGEvntSLog.WinUI/Strings/Resources,CFGEvntSLog.WinUI Resources,Workbench_FilterPreset_eval_iseventlogmonitor_Title,Monitor de registro de eventos,NG .resw source; locale=es-ES; revision=7d81679f19f5fdaf5c8becaed58204869d1ac857
CFGEvntSLog.WinUI/Strings/Resources,CFGEvntSLog.WinUI Resources,Workbench_FilterPreset_eval_iseventlogmonitorv2_Description,Event Log Monitor V2 information-unit flag,NG .resw source; locale=es-ES; revision=7d81679f19f5fdaf5c8becaed58204869d1ac857
CFGEvntSLog.WinUI/Strings/Resources,CFGEvntSLog.WinUI Resources,Workbench_FilterPreset_eval_iseventlogmonitorv2_Title,Monitor de registro de eventos V2,NG .resw source; locale=es-ES; revision=7d81679f19f5fdaf5c8becaed58204869d1ac857
CFGEvntSLog.WinUI/Strings/Resources,CFGEvntSLog.WinUI Resources,Workbench_FilterPreset_eval_isfilemonitor_Description,File Monitor information-unit flag,NG .resw source; locale=es-ES; revision=7d81679f19f5fdaf5c8becaed58204869d1ac857
CFGEvntSLog.WinUI/Strings/Resources,CFGEvntSLog.WinUI Resources,Workbench_FilterPreset_eval_isfilemonitor_Title,Supervisor de archivos,NG .resw source; locale=es-ES; revision=7d81679f19f5fdaf5c8becaed58204869d1ac857
CFGEvntSLog.WinUI/Strings/Resources,CFGEvntSLog.WinUI Resources,Workbench_FilterPreset_eval_isftpprobe_Description,FTP Probe information-unit flag,NG .resw source; locale=es-ES; revision=7d81679f19f5fdaf5c8becaed58204869d1ac857
CFGEvntSLog.WinUI/Strings/Resources,CFGEvntSLog.WinUI Resources,Workbench_FilterPreset_eval_isftpprobe_Title,Sonda FTP,NG .resw source; locale=es-ES; revision=7d81679f19f5fdaf5c8becaed58204869d1ac857
CFGEvntSLog.WinUI/Strings/Resources,CFGEvntSLog.WinUI Resources,Workbench_FilterPreset_eval_isheartbeat_Description,Heartbeat information-unit flag,NG .resw source; locale=es-ES; revision=7d81679f19f5fdaf5c8becaed58204869d1ac857
CFGEvntSLog.WinUI/Strings/Resources,CFGEvntSLog.WinUI Resources,Workbench_FilterPreset_eval_isheartbeat_Title,Latido del corazón,NG .resw source; locale=es-ES; revision=7d81679f19f5fdaf5c8becaed58204869d1ac857
CFGEvntSLog.WinUI/Strings/Resources,CFGEvntSLog.WinUI Resources,Workbench_FilterPreset_eval_ishttpprobe_Description,HTTP Probe information-unit flag,NG .resw source; locale=es-ES; revision=7d81679f19f5fdaf5c8becaed58204869d1ac857
CFGEvntSLog.WinUI/Strings/Resources,CFGEvntSLog.WinUI Resources,Workbench_FilterPreset_eval_ishttpprobe_Title,Sonda HTTP,NG .resw source; locale=es-ES; revision=7d81679f19f5fdaf5c8becaed58204869d1ac857
CFGEvntSLog.WinUI/Strings/Resources,CFGEvntSLog.WinUI Resources,Workbench_FilterPreset_eval_isimapprobe_Description,IMAP Probe information-unit flag,NG .resw source; locale=es-ES; revision=7d81679f19f5fdaf5c8becaed58204869d1ac857
CFGEvntSLog.WinUI/Strings/Resources,CFGEvntSLog.WinUI Resources,Workbench_FilterPreset_eval_isimapprobe_Title,Sonda IMAP,NG .resw source; locale=es-ES; revision=7d81679f19f5fdaf5c8becaed58204869d1ac857
CFGEvntSLog.WinUI/Strings/Resources,CFGEvntSLog.WinUI Resources,Workbench_FilterPreset_eval_isnntpprobe_Description,NNTP Probe information-unit flag,NG .resw source; locale=es-ES; revision=7d81679f19f5fdaf5c8becaed58204869d1ac857
CFGEvntSLog.WinUI/Strings/Resources,CFGEvntSLog.WinUI Resources,Workbench_FilterPreset_eval_isnntpprobe_Title,Sonda NNTP,NG .resw source; locale=es-ES; revision=7d81679f19f5fdaf5c8becaed58204869d1ac857
CFGEvntSLog.WinUI/Strings/Resources,CFGEvntSLog.WinUI Resources,Workbench_FilterPreset_eval_isntservicemonitor_Description,NT Service Monitor information-unit flag,NG .resw source; locale=es-ES; revision=7d81679f19f5fdaf5c8becaed58204869d1ac857
CFGEvntSLog.WinUI/Strings/Resources,CFGEvntSLog.WinUI Resources,Workbench_FilterPreset_eval_isntservicemonitor_Title,NT Service Monitor,NG .resw source; locale=es-ES; revision=7d81679f19f5fdaf5c8becaed58204869d1ac857
CFGEvntSLog.WinUI/Strings/Resources,CFGEvntSLog.WinUI Resources,Workbench_FilterPreset_eval_ispingprobe_Description,Ping Probe information-unit flag,NG .resw source; locale=es-ES; revision=7d81679f19f5fdaf5c8becaed58204869d1ac857
CFGEvntSLog.WinUI/Strings/Resources,CFGEvntSLog.WinUI Resources,Workbench_FilterPreset_eval_ispingprobe_Title,Sonda de ping,NG .resw source; locale=es-ES; revision=7d81679f19f5fdaf5c8becaed58204869d1ac857
CFGEvntSLog.WinUI/Strings/Resources,CFGEvntSLog.WinUI Resources,Workbench_FilterPreset_eval_ispop3probe_Description,POP3 Probe information-unit flag,NG .resw source; locale=es-ES; revision=7d81679f19f5fdaf5c8becaed58204869d1ac857
CFGEvntSLog.WinUI/Strings/Resources,CFGEvntSLog.WinUI Resources,Workbench_FilterPreset_eval_ispop3probe_Title,Sonda POP3,NG .resw source; locale=es-ES; revision=7d81679f19f5fdaf5c8becaed58204869d1ac857
CFGEvntSLog.WinUI/Strings/Resources,CFGEvntSLog.WinUI Resources,Workbench_FilterPreset_eval_isportprobe_Description,Port Probe information-unit flag,NG .resw source; locale=es-ES; revision=7d81679f19f5fdaf5c8becaed58204869d1ac857
CFGEvntSLog.WinUI/Strings/Resources,CFGEvntSLog.WinUI Resources,Workbench_FilterPreset_eval_isportprobe_Title,Sonda de puerto,NG .resw source; locale=es-ES; revision=7d81679f19f5fdaf5c8becaed58204869d1ac857
CFGEvntSLog.WinUI/Strings/Resources,CFGEvntSLog.WinUI Resources,Workbench_FilterPreset_eval_isrelplistener_Description,RELP Listener information-unit flag,NG .resw source; locale=es-ES; revision=7d81679f19f5fdaf5c8becaed58204869d1ac857
CFGEvntSLog.WinUI/Strings/Resources,CFGEvntSLog.WinUI Resources,Workbench_FilterPreset_eval_isrelplistener_Title,RELP Oyente,NG .resw source; locale=es-ES; revision=7d81679f19f5fdaf5c8becaed58204869d1ac857
CFGEvntSLog.WinUI/Strings/Resources,CFGEvntSLog.WinUI Resources,Workbench_FilterPreset_eval_isserialportmonitor_Description,Serial Port Monitor information-unit flag,NG .resw source; locale=es-ES; revision=7d81679f19f5fdaf5c8becaed58204869d1ac857
CFGEvntSLog.WinUI/Strings/Resources,CFGEvntSLog.WinUI Resources,Workbench_FilterPreset_eval_isserialportmonitor_Title,Serial Port Monitor,NG .resw source; locale=es-ES; revision=7d81679f19f5fdaf5c8becaed58204869d1ac857
CFGEvntSLog.WinUI/Strings/Resources,CFGEvntSLog.WinUI Resources,Workbench_FilterPreset_eval_issmtplistener_Description,SMTP Listener information-unit flag,NG .resw source; locale=es-ES; revision=7d81679f19f5fdaf5c8becaed58204869d1ac857
CFGEvntSLog.WinUI/Strings/Resources,CFGEvntSLog.WinUI Resources,Workbench_FilterPreset_eval_issmtplistener_Title,SMTP Oyente,NG .resw source; locale=es-ES; revision=7d81679f19f5fdaf5c8becaed58204869d1ac857
CFGEvntSLog.WinUI/Strings/Resources,CFGEvntSLog.WinUI Resources,Workbench_FilterPreset_eval_issmtpprobe_Description,SMTP Probe information-unit flag,NG .resw source; locale=es-ES; revision=7d81679f19f5fdaf5c8becaed58204869d1ac857
CFGEvntSLog.WinUI/Strings/Resources,CFGEvntSLog.WinUI Resources,Workbench_FilterPreset_eval_issmtpprobe_Title,SMTP Sonda,NG .resw source; locale=es-ES; revision=7d81679f19f5fdaf5c8becaed58204869d1ac857
CFGEvntSLog.WinUI/Strings/Resources,CFGEvntSLog.WinUI Resources,Workbench_FilterPreset_eval_issnmpmonitor_Description,SNMP Monitor information-unit flag,NG .resw source; locale=es-ES; revision=7d81679f19f5fdaf5c8becaed58204869d1ac857
CFGEvntSLog.WinUI/Strings/Resources,CFGEvntSLog.WinUI Resources,Workbench_FilterPreset_eval_issnmpmonitor_Title,SNMP Monitorear,NG .resw source; locale=es-ES; revision=7d81679f19f5fdaf5c8becaed58204869d1ac857
CFGEvntSLog.WinUI/Strings/Resources,CFGEvntSLog.WinUI Resources,Workbench_FilterPreset_eval_issnmptrap_Description,SNMP trap information-unit flag,NG .resw source; locale=es-ES; revision=7d81679f19f5fdaf5c8becaed58204869d1ac857
CFGEvntSLog.WinUI/Strings/Resources,CFGEvntSLog.WinUI Resources,Workbench_FilterPreset_eval_issnmptrap_Title,SNMP trap,NG .resw source; locale=es-ES; revision=7d81679f19f5fdaf5c8becaed58204869d1ac857
CFGEvntSLog.WinUI/Strings/Resources,CFGEvntSLog.WinUI Resources,Workbench_FilterPreset_eval_issyslog_Description,Syslog information-unit flag,NG .resw source; locale=es-ES; revision=7d81679f19f5fdaf5c8becaed58204869d1ac857
CFGEvntSLog.WinUI/Strings/Resources,CFGEvntSLog.WinUI Resources,Workbench_FilterPreset_eval_issyslog_Title,Syslog,NG .resw source; locale=es-ES; revision=7d81679f19f5fdaf5c8becaed58204869d1ac857
CFGEvntSLog.WinUI/Strings/Resources,CFGEvntSLog.WinUI Resources,Workbench_FilterPreset_eval_memory_physical_free_Description,Free physical memory in megabytes,NG .resw source; locale=es-ES; revision=7d81679f19f5fdaf5c8becaed58204869d1ac857
CFGEvntSLog.WinUI/Strings/Resources,CFGEvntSLog.WinUI Resources,Workbench_FilterPreset_eval_memory_physical_free_Title,Free physical memory,NG .resw source; locale=es-ES; revision=7d81679f19f5fdaf5c8becaed58204869d1ac857
CFGEvntSLog.WinUI/Strings/Resources,CFGEvntSLog.WinUI Resources,Workbench_FilterPreset_eval_memory_physical_load_Description,Physical memory load percentage,NG .resw source; locale=es-ES; revision=7d81679f19f5fdaf5c8becaed58204869d1ac857
CFGEvntSLog.WinUI/Strings/Resources,CFGEvntSLog.WinUI Resources,Workbench_FilterPreset_eval_memory_physical_load_Title,Physical memory load,NG .resw source; locale=es-ES; revision=7d81679f19f5fdaf5c8becaed58204869d1ac857
CFGEvntSLog.WinUI/Strings/Resources,CFGEvntSLog.WinUI Resources,Workbench_FilterPreset_eval_memory_physical_max_Description,Maximum physical memory in megabytes,NG .resw source; locale=es-ES; revision=7d81679f19f5fdaf5c8becaed58204869d1ac857
CFGEvntSLog.WinUI/Strings/Resources,CFGEvntSLog.WinUI Resources,Workbench_FilterPreset_eval_memory_physical_max_Title,Maximum physical memory,NG .resw source; locale=es-ES; revision=7d81679f19f5fdaf5c8becaed58204869d1ac857
CFGEvntSLog.WinUI/Strings/Resources,CFGEvntSLog.WinUI Resources,Workbench_FilterPreset_eval_memory_total_free_Description,Free total memory in megabytes,NG .resw source; locale=es-ES; revision=7d81679f19f5fdaf5c8becaed58204869d1ac857
CFGEvntSLog.WinUI/Strings/Resources,CFGEvntSLog.WinUI Resources,Workbench_FilterPreset_eval_memory_total_free_Title,Free total memory,NG .resw source; locale=es-ES; revision=7d81679f19f5fdaf5c8becaed58204869d1ac857
CFGEvntSLog.WinUI/Strings/Resources,CFGEvntSLog.WinUI Resources,Workbench_FilterPreset_eval_memory_total_load_Description,Total memory load percentage,NG .resw source; locale=es-ES; revision=7d81679f19f5fdaf5c8becaed58204869d1ac857
CFGEvntSLog.WinUI/Strings/Resources,CFGEvntSLog.WinUI Resources,Workbench_FilterPreset_eval_memory_total_load_Title,Total memory load,NG .resw source; locale=es-ES; revision=7d81679f19f5fdaf5c8becaed58204869d1ac857
CFGEvntSLog.WinUI/Strings/Resources,CFGEvntSLog.WinUI Resources,Workbench_FilterPreset_eval_memory_total_max_Description,Maximum total memory in megabytes,NG .resw source; locale=es-ES; revision=7d81679f19f5fdaf5c8becaed58204869d1ac857
CFGEvntSLog.WinUI/Strings/Resources,CFGEvntSLog.WinUI Resources,Workbench_FilterPreset_eval_memory_total_max_Title,Maximum total memory,NG .resw source; locale=es-ES; revision=7d81679f19f5fdaf5c8becaed58204869d1ac857
CFGEvntSLog.WinUI/Strings/Resources,CFGEvntSLog.WinUI Resources,Workbench_FilterPreset_eval_memory_virtual_free_Description,Free virtual memory in megabytes,NG .resw source; locale=es-ES; revision=7d81679f19f5fdaf5c8becaed58204869d1ac857
CFGEvntSLog.WinUI/Strings/Resources,CFGEvntSLog.WinUI Resources,Workbench_FilterPreset_eval_memory_virtual_free_Title,Free virtual memory,NG .resw source; locale=es-ES; revision=7d81679f19f5fdaf5c8becaed58204869d1ac857
CFGEvntSLog.WinUI/Strings/Resources,CFGEvntSLog.WinUI Resources,Workbench_FilterPreset_eval_memory_virtual_load_Description,Virtual memory load percentage,NG .resw source; locale=es-ES; revision=7d81679f19f5fdaf5c8becaed58204869d1ac857
CFGEvntSLog.WinUI/Strings/Resources,CFGEvntSLog.WinUI Resources,Workbench_FilterPreset_eval_memory_virtual_load_Title,Virtual memory load,NG .resw source; locale=es-ES; revision=7d81679f19f5fdaf5c8becaed58204869d1ac857
CFGEvntSLog.WinUI/Strings/Resources,CFGEvntSLog.WinUI Resources,Workbench_FilterPreset_eval_memory_virtual_max_Description,Maximum virtual memory in megabytes,NG .resw source; locale=es-ES; revision=7d81679f19f5fdaf5c8becaed58204869d1ac857
CFGEvntSLog.WinUI/Strings/Resources,CFGEvntSLog.WinUI Resources,Workbench_FilterPreset_eval_memory_virtual_max_Title,Maximum virtual memory,NG .resw source; locale=es-ES; revision=7d81679f19f5fdaf5c8becaed58204869d1ac857
CFGEvntSLog.WinUI/Strings/Resources,CFGEvntSLog.WinUI Resources,Workbench_FilterPreset_eval_msg_Description,Message content,NG .resw source; locale=es-ES; revision=7d81679f19f5fdaf5c8becaed58204869d1ac857
CFGEvntSLog.WinUI/Strings/Resources,CFGEvntSLog.WinUI Resources,Workbench_FilterPreset_eval_msg_Title,Mensaje,NG .resw source; locale=es-ES; revision=7d81679f19f5fdaf5c8becaed58204869d1ac857
CFGEvntSLog.WinUI/Strings/Resources,CFGEvntSLog.WinUI Resources,Workbench_FilterPreset_eval_nntp_response_Description,NNTP probe response,NG .resw source; locale=es-ES; revision=7d81679f19f5fdaf5c8becaed58204869d1ac857
CFGEvntSLog.WinUI/Strings/Resources,CFGEvntSLog.WinUI Resources,Workbench_FilterPreset_eval_nntp_response_Title,NNTP response,NG .resw source; locale=es-ES; revision=7d81679f19f5fdaf5c8becaed58204869d1ac857
CFGEvntSLog.WinUI/Strings/Resources,CFGEvntSLog.WinUI Resources,Workbench_FilterPreset_eval_nntp_status_Description,NNTP probe status code,NG .resw source; locale=es-ES; revision=7d81679f19f5fdaf5c8becaed58204869d1ac857
CFGEvntSLog.WinUI/Strings/Resources,CFGEvntSLog.WinUI Resources,Workbench_FilterPreset_eval_nntp_status_Title,NNTP status code,NG .resw source; locale=es-ES; revision=7d81679f19f5fdaf5c8becaed58204869d1ac857
CFGEvntSLog.WinUI/Strings/Resources,CFGEvntSLog.WinUI Resources,Workbench_FilterPreset_eval_nt_service_display_name_Description,NT service display name,NG .resw source; locale=es-ES; revision=7d81679f19f5fdaf5c8becaed58204869d1ac857
CFGEvntSLog.WinUI/Strings/Resources,CFGEvntSLog.WinUI Resources,Workbench_FilterPreset_eval_nt_service_display_name_Title,Service display name,NG .resw source; locale=es-ES; revision=7d81679f19f5fdaf5c8becaed58204869d1ac857
CFGEvntSLog.WinUI/Strings/Resources,CFGEvntSLog.WinUI Resources,Workbench_FilterPreset_eval_nt_service_name_Description,NT service name,NG .resw source; locale=es-ES; revision=7d81679f19f5fdaf5c8becaed58204869d1ac857
CFGEvntSLog.WinUI/Strings/Resources,CFGEvntSLog.WinUI Resources,Workbench_FilterPreset_eval_nt_service_name_Title,Service name,NG .resw source; locale=es-ES; revision=7d81679f19f5fdaf5c8becaed58204869d1ac857
CFGEvntSLog.WinUI/Strings/Resources,CFGEvntSLog.WinUI Resources,Workbench_FilterPreset_eval_other_service_Description,Generic service-type property,NG .resw source; locale=es-ES; revision=7d81679f19f5fdaf5c8becaed58204869d1ac857
CFGEvntSLog.WinUI/Strings/Resources,CFGEvntSLog.WinUI Resources,Workbench_FilterPreset_eval_other_service_Title,Otros Services,NG .resw source; locale=es-ES; revision=7d81679f19f5fdaf5c8becaed58204869d1ac857
CFGEvntSLog.WinUI/Strings/Resources,CFGEvntSLog.WinUI Resources,Workbench_FilterPreset_eval_pop3_response_Description,POP3 probe response,NG .resw source; locale=es-ES; revision=7d81679f19f5fdaf5c8becaed58204869d1ac857
CFGEvntSLog.WinUI/Strings/Resources,CFGEvntSLog.WinUI Resources,Workbench_FilterPreset_eval_pop3_response_Title,POP3 response,NG .resw source; locale=es-ES; revision=7d81679f19f5fdaf5c8becaed58204869d1ac857
CFGEvntSLog.WinUI/Strings/Resources,CFGEvntSLog.WinUI Resources,Workbench_FilterPreset_eval_pop3_status_Description,POP3 probe status code,NG .resw source; locale=es-ES; revision=7d81679f19f5fdaf5c8becaed58204869d1ac857
CFGEvntSLog.WinUI/Strings/Resources,CFGEvntSLog.WinUI Resources,Workbench_FilterPreset_eval_pop3_status_Title,POP3 status code,NG .resw source; locale=es-ES; revision=7d81679f19f5fdaf5c8becaed58204869d1ac857
CFGEvntSLog.WinUI/Strings/Resources,CFGEvntSLog.WinUI Resources,Workbench_FilterPreset_eval_probe_Description,Generic probe-service property,NG .resw source; locale=es-ES; revision=7d81679f19f5fdaf5c8becaed58204869d1ac857
CFGEvntSLog.WinUI/Strings/Resources,CFGEvntSLog.WinUI Resources,Workbench_FilterPreset_eval_probe_Title,Servicios Probe,NG .resw source; locale=es-ES; revision=7d81679f19f5fdaf5c8becaed58204869d1ac857
CFGEvntSLog.WinUI/Strings/Resources,CFGEvntSLog.WinUI Resources,Workbench_FilterPreset_eval_serial_port_name_Description,Serial port name,NG .resw source; locale=es-ES; revision=7d81679f19f5fdaf5c8becaed58204869d1ac857
CFGEvntSLog.WinUI/Strings/Resources,CFGEvntSLog.WinUI Resources,Workbench_FilterPreset_eval_serial_port_name_Title,Port name,NG .resw source; locale=es-ES; revision=7d81679f19f5fdaf5c8becaed58204869d1ac857
CFGEvntSLog.WinUI/Strings/Resources,CFGEvntSLog.WinUI Resources,Workbench_FilterPreset_eval_smtp_response_Description,SMTP probe response,NG .resw source; locale=es-ES; revision=7d81679f19f5fdaf5c8becaed58204869d1ac857
CFGEvntSLog.WinUI/Strings/Resources,CFGEvntSLog.WinUI Resources,Workbench_FilterPreset_eval_smtp_response_Title,SMTP response,NG .resw source; locale=es-ES; revision=7d81679f19f5fdaf5c8becaed58204869d1ac857
CFGEvntSLog.WinUI/Strings/Resources,CFGEvntSLog.WinUI Resources,Workbench_FilterPreset_eval_smtp_status_Description,SMTP probe status code,NG .resw source; locale=es-ES; revision=7d81679f19f5fdaf5c8becaed58204869d1ac857
CFGEvntSLog.WinUI/Strings/Resources,CFGEvntSLog.WinUI Resources,Workbench_FilterPreset_eval_smtp_status_Title,SMTP status code,NG .resw source; locale=es-ES; revision=7d81679f19f5fdaf5c8becaed58204869d1ac857
CFGEvntSLog.WinUI/Strings/Resources,CFGEvntSLog.WinUI Resources,Workbench_FilterPreset_eval_snmp_agent_ip_Description,SNMP agent IP address,NG .resw source; locale=es-ES; revision=7d81679f19f5fdaf5c8becaed58204869d1ac857
CFGEvntSLog.WinUI/Strings/Resources,CFGEvntSLog.WinUI Resources,Workbench_FilterPreset_eval_snmp_agent_ip_Title,Agent IP,NG .resw source; locale=es-ES; revision=7d81679f19f5fdaf5c8becaed58204869d1ac857
CFGEvntSLog.WinUI/Strings/Resources,CFGEvntSLog.WinUI Resources,Workbench_FilterPreset_eval_snmp_community_Description,SNMP community,NG .resw source; locale=es-ES; revision=7d81679f19f5fdaf5c8becaed58204869d1ac857
CFGEvntSLog.WinUI/Strings/Resources,CFGEvntSLog.WinUI Resources,Workbench_FilterPreset_eval_snmp_community_Title,Community,NG .resw source; locale=es-ES; revision=7d81679f19f5fdaf5c8becaed58204869d1ac857
CFGEvntSLog.WinUI/Strings/Resources,CFGEvntSLog.WinUI Resources,Workbench_FilterPreset_eval_snmp_enterprise_Description,SNMP enterprise,NG .resw source; locale=es-ES; revision=7d81679f19f5fdaf5c8becaed58204869d1ac857
CFGEvntSLog.WinUI/Strings/Resources,CFGEvntSLog.WinUI Resources,Workbench_FilterPreset_eval_snmp_enterprise_Title,Enterprise,NG .resw source; locale=es-ES; revision=7d81679f19f5fdaf5c8becaed58204869d1ac857
CFGEvntSLog.WinUI/Strings/Resources,CFGEvntSLog.WinUI Resources,Workbench_FilterPreset_eval_snmp_generic_name_Description,SNMP generic name,NG .resw source; locale=es-ES; revision=7d81679f19f5fdaf5c8becaed58204869d1ac857
CFGEvntSLog.WinUI/Strings/Resources,CFGEvntSLog.WinUI Resources,Workbench_FilterPreset_eval_snmp_generic_name_Title,Generic name,NG .resw source; locale=es-ES; revision=7d81679f19f5fdaf5c8becaed58204869d1ac857
CFGEvntSLog.WinUI/Strings/Resources,CFGEvntSLog.WinUI Resources,Workbench_FilterPreset_eval_snmp_specific_type_Description,SNMP specific trap type,NG .resw source; locale=es-ES; revision=7d81679f19f5fdaf5c8becaed58204869d1ac857
CFGEvntSLog.WinUI/Strings/Resources,CFGEvntSLog.WinUI Resources,Workbench_FilterPreset_eval_snmp_specific_type_Title,Specific type,NG .resw source; locale=es-ES; revision=7d81679f19f5fdaf5c8becaed58204869d1ac857
CFGEvntSLog.WinUI/Strings/Resources,CFGEvntSLog.WinUI Resources,Workbench_FilterPreset_eval_snmp_uptime_Description,SNMP uptime,NG .resw source; locale=es-ES; revision=7d81679f19f5fdaf5c8becaed58204869d1ac857
CFGEvntSLog.WinUI/Strings/Resources,CFGEvntSLog.WinUI Resources,Workbench_FilterPreset_eval_snmp_uptime_Title,Uptime,NG .resw source; locale=es-ES; revision=7d81679f19f5fdaf5c8becaed58204869d1ac857
CFGEvntSLog.WinUI/Strings/Resources,CFGEvntSLog.WinUI Resources,Workbench_FilterPreset_eval_snmp_version_Description,SNMP version,NG .resw source; locale=es-ES; revision=7d81679f19f5fdaf5c8becaed58204869d1ac857
CFGEvntSLog.WinUI/Strings/Resources,CFGEvntSLog.WinUI Resources,Workbench_FilterPreset_eval_snmp_version_Title,Version,NG .resw source; locale=es-ES; revision=7d81679f19f5fdaf5c8becaed58204869d1ac857
CFGEvntSLog.WinUI/Strings/Resources,CFGEvntSLog.WinUI Resources,Workbench_FilterPreset_eval_source_Description,Source address,NG .resw source; locale=es-ES; revision=7d81679f19f5fdaf5c8becaed58204869d1ac857
CFGEvntSLog.WinUI/Strings/Resources,CFGEvntSLog.WinUI Resources,Workbench_FilterPreset_eval_source_Title,Origen,NG .resw source; locale=es-ES; revision=7d81679f19f5fdaf5c8becaed58204869d1ac857
CFGEvntSLog.WinUI/Strings/Resources,CFGEvntSLog.WinUI Resources,Workbench_FilterPreset_eval_source_ip_type_Description,Source address using IP-aware comparison,NG .resw source; locale=es-ES; revision=7d81679f19f5fdaf5c8becaed58204869d1ac857
CFGEvntSLog.WinUI/Strings/Resources,CFGEvntSLog.WinUI Resources,Workbench_FilterPreset_eval_source_ip_type_Title,Source IP type,NG .resw source; locale=es-ES; revision=7d81679f19f5fdaf5c8becaed58204869d1ac857
CFGEvntSLog.WinUI/Strings/Resources,CFGEvntSLog.WinUI Resources,Workbench_FilterPreset_eval_status_name_value_Description,Status property name and value,NG .resw source; locale=es-ES; revision=7d81679f19f5fdaf5c8becaed58204869d1ac857
CFGEvntSLog.WinUI/Strings/Resources,CFGEvntSLog.WinUI Resources,Workbench_FilterPreset_eval_status_name_value_Title,Status name and value,NG .resw source; locale=es-ES; revision=7d81679f19f5fdaf5c8becaed58204869d1ac857
CFGEvntSLog.WinUI/Strings/Resources,CFGEvntSLog.WinUI Resources,Workbench_FilterPreset_eval_syslogappname_Description,Syslog APP-NAME,NG .resw source; locale=es-ES; revision=7d81679f19f5fdaf5c8becaed58204869d1ac857
CFGEvntSLog.WinUI/Strings/Resources,CFGEvntSLog.WinUI Resources,Workbench_FilterPreset_eval_syslogappname_Title,Syslog app name,NG .resw source; locale=es-ES; revision=7d81679f19f5fdaf5c8becaed58204869d1ac857
CFGEvntSLog.WinUI/Strings/Resources,CFGEvntSLog.WinUI Resources,Workbench_FilterPreset_eval_syslogfacility_Description,Syslog facility,NG .resw source; locale=es-ES; revision=7d81679f19f5fdaf5c8becaed58204869d1ac857
CFGEvntSLog.WinUI/Strings/Resources,CFGEvntSLog.WinUI Resources,Workbench_FilterPreset_eval_syslogfacility_Title,Syslog facility,NG .resw source; locale=es-ES; revision=7d81679f19f5fdaf5c8becaed58204869d1ac857
CFGEvntSLog.WinUI/Strings/Resources,CFGEvntSLog.WinUI Resources,Workbench_FilterPreset_eval_syslogmsgid_Description,SyslogMSGID,NG .resw source; locale=es-ES; revision=7d81679f19f5fdaf5c8becaed58204869d1ac857
CFGEvntSLog.WinUI/Strings/Resources,CFGEvntSLog.WinUI Resources,Workbench_FilterPreset_eval_syslogmsgid_Title,Syslog message ID,NG .resw source; locale=es-ES; revision=7d81679f19f5fdaf5c8becaed58204869d1ac857
CFGEvntSLog.WinUI/Strings/Resources,CFGEvntSLog.WinUI Resources,Workbench_FilterPreset_eval_syslogpriority_Description,Syslog priority,NG .resw source; locale=es-ES; revision=7d81679f19f5fdaf5c8becaed58204869d1ac857
CFGEvntSLog.WinUI/Strings/Resources,CFGEvntSLog.WinUI Resources,Workbench_FilterPreset_eval_syslogpriority_Title,Syslog priority,NG .resw source; locale=es-ES; revision=7d81679f19f5fdaf5c8becaed58204869d1ac857
CFGEvntSLog.WinUI/Strings/Resources,CFGEvntSLog.WinUI Resources,Workbench_FilterPreset_eval_syslogprocid_Description,Syslog ID de proceso,NG .resw source; locale=es-ES; revision=7d81679f19f5fdaf5c8becaed58204869d1ac857
CFGEvntSLog.WinUI/Strings/Resources,CFGEvntSLog.WinUI Resources,Workbench_FilterPreset_eval_syslogprocid_Title,Syslog process ID,NG .resw source; locale=es-ES; revision=7d81679f19f5fdaf5c8becaed58204869d1ac857
CFGEvntSLog.WinUI/Strings/Resources,CFGEvntSLog.WinUI Resources,Workbench_FilterPreset_eval_syslogstructdata_Description,Syslog structured data,NG .resw source; locale=es-ES; revision=7d81679f19f5fdaf5c8becaed58204869d1ac857
CFGEvntSLog.WinUI/Strings/Resources,CFGEvntSLog.WinUI Resources,Workbench_FilterPreset_eval_syslogstructdata_Title,Syslog structured data,NG .resw source; locale=es-ES; revision=7d81679f19f5fdaf5c8becaed58204869d1ac857
CFGEvntSLog.WinUI/Strings/Resources,CFGEvntSLog.WinUI Resources,Workbench_FilterPreset_eval_syslogtag_Description,Syslog Etiqueta,NG .resw source; locale=es-ES; revision=7d81679f19f5fdaf5c8becaed58204869d1ac857
CFGEvntSLog.WinUI/Strings/Resources,CFGEvntSLog.WinUI Resources,Workbench_FilterPreset_eval_syslogtag_Title,Syslog Etiqueta,NG .resw source; locale=es-ES; revision=7d81679f19f5fdaf5c8becaed58204869d1ac857
CFGEvntSLog.WinUI/Strings/Resources,CFGEvntSLog.WinUI Resources,Workbench_FilterPreset_eval_syslogversion_Description,Syslog protocol version,NG .resw source; locale=es-ES; revision=7d81679f19f5fdaf5c8becaed58204869d1ac857
CFGEvntSLog.WinUI/Strings/Resources,CFGEvntSLog.WinUI Resources,Workbench_FilterPreset_eval_syslogversion_Title,Syslog Versión,NG .resw source; locale=es-ES; revision=7d81679f19f5fdaf5c8becaed58204869d1ac857
CFGEvntSLog.WinUI/Strings/Resources,CFGEvntSLog.WinUI Resources,Workbench_FilterPreset_eval_systemid_Description,System identifier,NG .resw source; locale=es-ES; revision=7d81679f19f5fdaf5c8becaed58204869d1ac857
CFGEvntSLog.WinUI/Strings/Resources,CFGEvntSLog.WinUI Resources,Workbench_FilterPreset_eval_systemid_Title,System ID,NG .resw source; locale=es-ES; revision=7d81679f19f5fdaf5c8becaed58204869d1ac857
CFGEvntSLog.WinUI/Strings/Resources,CFGEvntSLog.WinUI Resources,Workbench_FilterPreset_eval_weekday_friday_Description,Ejecutar viernes,NG .resw source; locale=es-ES; revision=7d81679f19f5fdaf5c8becaed58204869d1ac857
CFGEvntSLog.WinUI/Strings/Resources,CFGEvntSLog.WinUI Resources,Workbench_FilterPreset_eval_weekday_friday_Title,Friday,NG .resw source; locale=es-ES; revision=7d81679f19f5fdaf5c8becaed58204869d1ac857
CFGEvntSLog.WinUI/Strings/Resources,CFGEvntSLog.WinUI Resources,Workbench_FilterPreset_eval_weekday_monday_Description,Ejecutar lunes,NG .resw source; locale=es-ES; revision=7d81679f19f5fdaf5c8becaed58204869d1ac857
CFGEvntSLog.WinUI/Strings/Resources,CFGEvntSLog.WinUI Resources,Workbench_FilterPreset_eval_weekday_monday_Title,Monday,NG .resw source; locale=es-ES; revision=7d81679f19f5fdaf5c8becaed58204869d1ac857
CFGEvntSLog.WinUI/Strings/Resources,CFGEvntSLog.WinUI Resources,Workbench_FilterPreset_eval_weekday_saturday_Description,Ejecutar sábado,NG .resw source; locale=es-ES; revision=7d81679f19f5fdaf5c8becaed58204869d1ac857
CFGEvntSLog.WinUI/Strings/Resources,CFGEvntSLog.WinUI Resources,Workbench_FilterPreset_eval_weekday_saturday_Title,Saturday,NG .resw source; locale=es-ES; revision=7d81679f19f5fdaf5c8becaed58204869d1ac857
CFGEvntSLog.WinUI/Strings/Resources,CFGEvntSLog.WinUI Resources,Workbench_FilterPreset_eval_weekday_sunday_Description,Ejecutar domingo,NG .resw source; locale=es-ES; revision=7d81679f19f5fdaf5c8becaed58204869d1ac857
CFGEvntSLog.WinUI/Strings/Resources,CFGEvntSLog.WinUI Resources,Workbench_FilterPreset_eval_weekday_sunday_Title,Sunday,NG .resw source; locale=es-ES; revision=7d81679f19f5fdaf5c8becaed58204869d1ac857
CFGEvntSLog.WinUI/Strings/Resources,CFGEvntSLog.WinUI Resources,Workbench_FilterPreset_eval_weekday_thursday_Description,Ejecutar jueves,NG .resw source; locale=es-ES; revision=7d81679f19f5fdaf5c8becaed58204869d1ac857
CFGEvntSLog.WinUI/Strings/Resources,CFGEvntSLog.WinUI Resources,Workbench_FilterPreset_eval_weekday_thursday_Title,Thursday,NG .resw source; locale=es-ES; revision=7d81679f19f5fdaf5c8becaed58204869d1ac857
CFGEvntSLog.WinUI/Strings/Resources,CFGEvntSLog.WinUI Resources,Workbench_FilterPreset_eval_weekday_tuesday_Description,Ejecutar martes,NG .resw source; locale=es-ES; revision=7d81679f19f5fdaf5c8becaed58204869d1ac857
CFGEvntSLog.WinUI/Strings/Resources,CFGEvntSLog.WinUI Resources,Workbench_FilterPreset_eval_weekday_tuesday_Title,Tuesday,NG .resw source; locale=es-ES; revision=7d81679f19f5fdaf5c8becaed58204869d1ac857
CFGEvntSLog.WinUI/Strings/Resources,CFGEvntSLog.WinUI Resources,Workbench_FilterPreset_eval_weekday_wednesday_Description,Ejecutar miércoles,NG .resw source; locale=es-ES; revision=7d81679f19f5fdaf5c8becaed58204869d1ac857
CFGEvntSLog.WinUI/Strings/Resources,CFGEvntSLog.WinUI Resources,Workbench_FilterPreset_eval_weekday_wednesday_Title,Wednesday,NG .resw source; locale=es-ES; revision=7d81679f19f5fdaf5c8becaed58204869d1ac857
CFGEvntSLog.WinUI/Strings/Resources,CFGEvntSLog.WinUI Resources,Workbench_FilterPreset_op_and_Description,All children must match,NG .resw source; locale=es-ES; revision=7d81679f19f5fdaf5c8becaed58204869d1ac857
CFGEvntSLog.WinUI/Strings/Resources,CFGEvntSLog.WinUI Resources,Workbench_FilterPreset_op_and_Title,AND,NG .resw source; locale=es-ES; revision=7d81679f19f5fdaf5c8becaed58204869d1ac857
CFGEvntSLog.WinUI/Strings/Resources,CFGEvntSLog.WinUI Resources,Workbench_FilterPreset_op_false_Description,Always false,NG .resw source; locale=es-ES; revision=7d81679f19f5fdaf5c8becaed58204869d1ac857
CFGEvntSLog.WinUI/Strings/Resources,CFGEvntSLog.WinUI Resources,Workbench_FilterPreset_op_false_Title,FALSE,NG .resw source; locale=es-ES; revision=7d81679f19f5fdaf5c8becaed58204869d1ac857
CFGEvntSLog.WinUI/Strings/Resources,CFGEvntSLog.WinUI Resources,Workbench_FilterPreset_op_not_Description,Negates one child,NG .resw source; locale=es-ES; revision=7d81679f19f5fdaf5c8becaed58204869d1ac857
CFGEvntSLog.WinUI/Strings/Resources,CFGEvntSLog.WinUI Resources,Workbench_FilterPreset_op_not_Title,NOT,NG .resw source; locale=es-ES; revision=7d81679f19f5fdaf5c8becaed58204869d1ac857
CFGEvntSLog.WinUI/Strings/Resources,CFGEvntSLog.WinUI Resources,Workbench_FilterPreset_op_or_Description,Any child may match,NG .resw source; locale=es-ES; revision=7d81679f19f5fdaf5c8becaed58204869d1ac857
CFGEvntSLog.WinUI/Strings/Resources,CFGEvntSLog.WinUI Resources,Workbench_FilterPreset_op_or_Title,OR,NG .resw source; locale=es-ES; revision=7d81679f19f5fdaf5c8becaed58204869d1ac857
CFGEvntSLog.WinUI/Strings/Resources,CFGEvntSLog.WinUI Resources,Workbench_FilterPreset_op_true_Description,Always true,NG .resw source; locale=es-ES; revision=7d81679f19f5fdaf5c8becaed58204869d1ac857
CFGEvntSLog.WinUI/Strings/Resources,CFGEvntSLog.WinUI Resources,Workbench_FilterPreset_op_true_Title,TRUE,NG .resw source; locale=es-ES; revision=7d81679f19f5fdaf5c8becaed58204869d1ac857
CFGEvntSLog.WinUI/Strings/Resources,CFGEvntSLog.WinUI Resources,Workbench_FilterPreset_op_xor_Description,Exactly one child may match,NG .resw source; locale=es-ES; revision=7d81679f19f5fdaf5c8becaed58204869d1ac857
CFGEvntSLog.WinUI/Strings/Resources,CFGEvntSLog.WinUI Resources,Workbench_FilterPreset_op_xor_Title,XOR,NG .resw source; locale=es-ES; revision=7d81679f19f5fdaf5c8becaed58204869d1ac857
CFGEvntSLog.WinUI/Strings/Resources,CFGEvntSLog.WinUI Resources,Workbench_FilterRoot_Help,Root of the rule condition tree. Add operator or condition filters below this item.,NG .resw source; locale=es-ES; revision=7d81679f19f5fdaf5c8becaed58204869d1ac857
CFGEvntSLog.WinUI/Strings/Resources,CFGEvntSLog.WinUI Resources,Workbench_FilterRoot_Name,Filter root,NG .resw source; locale=es-ES; revision=7d81679f19f5fdaf5c8becaed58204869d1ac857
CFGEvntSLog.WinUI/Strings/Resources,CFGEvntSLog.WinUI Resources,Workbench_RuleTemplate_Empty_Description,Crear una regla sin una acción.,NG .resw source; locale=es-ES; revision=7d81679f19f5fdaf5c8becaed58204869d1ac857
CFGEvntSLog.WinUI/Strings/Resources,CFGEvntSLog.WinUI Resources,Workbench_RuleTemplate_Empty_Title,Regla vacía,NG .resw source; locale=es-ES; revision=7d81679f19f5fdaf5c8becaed58204869d1ac857
CFGEvntSLog.WinUI/Strings/Resources,CFGEvntSLog.WinUI Resources,Workbench_RuleTemplate_WithAction_Description,Crear una regla y elegir su primera acción.,NG .resw source; locale=es-ES; revision=7d81679f19f5fdaf5c8becaed58204869d1ac857
CFGEvntSLog.WinUI/Strings/Resources,CFGEvntSLog.WinUI Resources,Workbench_RuleTemplate_WithAction_Title,Regla con acción,NG .resw source; locale=es-ES; revision=7d81679f19f5fdaf5c8becaed58204869d1ac857
CFGEvntSLog.WinUI/Strings/Resources,CFGEvntSLog.WinUI Resources,bAbortRuleOnFailure,¿Abortar ejecución si falla una Rule?,NG .resw source; locale=es-ES; revision=7d81679f19f5fdaf5c8becaed58204869d1ac857
CFGEvntSLog.WinUI/Strings/Resources,CFGEvntSLog.WinUI Resources,bAddFacilityString,Añadir cadena de facilidad,NG .resw source; locale=es-ES; revision=7d81679f19f5fdaf5c8becaed58204869d1ac857
CFGEvntSLog.WinUI/Strings/Resources,CFGEvntSLog.WinUI Resources,bAutoReloadRandomDelay,Retraso aleatorio al comprobar config,NG .resw source; locale=es-ES; revision=7d81679f19f5fdaf5c8becaed58204869d1ac857
CFGEvntSLog.WinUI/Strings/Resources,CFGEvntSLog.WinUI Resources,bIgnoreTlsCertificateErrors,Ignorar errores de certificado TLS,NG .resw source; locale=es-ES; revision=7d81679f19f5fdaf5c8becaed58204869d1ac857
CFGEvntSLog.WinUI/Strings/Resources,CFGEvntSLog.WinUI Resources,bIndicateErrorToOrigin,¿Notificar al remitente sobre errores de acción de reglas?,NG .resw source; locale=es-ES; revision=7d81679f19f5fdaf5c8becaed58204869d1ac857
CFGEvntSLog.WinUI/Strings/Resources,CFGEvntSLog.WinUI Resources,bIsRegex_,Habilitar expresión regular,NG .resw source; locale=es-ES; revision=7d81679f19f5fdaf5c8becaed58204869d1ac857
CFGEvntSLog.WinUI/Strings/Resources,CFGEvntSLog.WinUI Resources,bReportInXML,Usar XML para informar,NG .resw source; locale=es-ES; revision=7d81679f19f5fdaf5c8becaed58204869d1ac857
CFGEvntSLog.WinUI/Strings/Resources,CFGEvntSLog.WinUI Resources,bReportTruncatedLog,Informar registro truncado,NG .resw source; locale=es-ES; revision=7d81679f19f5fdaf5c8becaed58204869d1ac857
CFGEvntSLog.WinUI/Strings/Resources,CFGEvntSLog.WinUI Resources,bShowEvtChannelAdmin,Mostrar canales operativos/administrativos,NG .resw source; locale=es-ES; revision=7d81679f19f5fdaf5c8becaed58204869d1ac857
CFGEvntSLog.WinUI/Strings/Resources,CFGEvntSLog.WinUI Resources,bShowEvtChannelDebug,Mostrar canales de depuración/análisis,NG .resw source; locale=es-ES; revision=7d81679f19f5fdaf5c8becaed58204869d1ac857
CFGEvntSLog.WinUI/Strings/Resources,CFGEvntSLog.WinUI Resources,bShowSyslogMsgNbr,Números de mensaje Syslog,NG .resw source; locale=es-ES; revision=7d81679f19f5fdaf5c8becaed58204869d1ac857
CFGEvntSLog.WinUI/Strings/Resources,CFGEvntSLog.WinUI Resources,bUseCustomEventLog,Habilitar canal Eventlog personalizado,NG .resw source; locale=es-ES; revision=7d81679f19f5fdaf5c8becaed58204869d1ac857
CFGEvntSLog.WinUI/Strings/Resources,CFGEvntSLog.WinUI Resources,bUseLegacyFormat,Usar formato heredado,NG .resw source; locale=es-ES; revision=7d81679f19f5fdaf5c8becaed58204869d1ac857
CFGEvntSLog.WinUI/Strings/Resources,CFGEvntSLog.WinUI Resources,bUseTLS,Utilice cifrado TLS/SSL,NG .resw source; locale=es-ES; revision=7d81679f19f5fdaf5c8becaed58204869d1ac857
CFGEvntSLog.WinUI/Strings/Resources,CFGEvntSLog.WinUI Resources,btnButtonDBMonReloadLastPos,Recargar índice DB,NG .resw source; locale=es-ES; revision=7d81679f19f5fdaf5c8becaed58204869d1ac857
CFGEvntSLog.WinUI/Strings/Resources,CFGEvntSLog.WinUI Resources,btnButtonFileMonResetAllLastPos,Restablecer todos los contadores de posición,NG .resw source; locale=es-ES; revision=7d81679f19f5fdaf5c8becaed58204869d1ac857
CFGEvntSLog.WinUI/Strings/Resources,CFGEvntSLog.WinUI Resources,btnButtonPassiveSyslogTest,Probar servidor Syslog pasivo,NG .resw source; locale=es-ES; revision=7d81679f19f5fdaf5c8becaed58204869d1ac857
CFGEvntSLog.WinUI/Strings/Resources,CFGEvntSLog.WinUI Resources,btnButtonResetLastPos,Restablecer índice DB,NG .resw source; locale=es-ES; revision=7d81679f19f5fdaf5c8becaed58204869d1ac857
CFGEvntSLog.WinUI/Strings/Resources,CFGEvntSLog.WinUI Resources,btnButtonSendSyslog,Probar servidor Syslog,NG .resw source; locale=es-ES; revision=7d81679f19f5fdaf5c8becaed58204869d1ac857
CFGEvntSLog.WinUI/Strings/Resources,CFGEvntSLog.WinUI Resources,btnCreateDB,Crear base de datos,NG .resw source; locale=es-ES; revision=7d81679f19f5fdaf5c8becaed58204869d1ac857
CFGEvntSLog.WinUI/Strings/Resources,CFGEvntSLog.WinUI Resources,btnEventLogDeSelectAll,Deseleccionar todo,NG .resw source; locale=es-ES; revision=7d81679f19f5fdaf5c8becaed58204869d1ac857
CFGEvntSLog.WinUI/Strings/Resources,CFGEvntSLog.WinUI Resources,btnEventLogReloadLastRecords,Recargar todos los últimos registros,NG .resw source; locale=es-ES; revision=7d81679f19f5fdaf5c8becaed58204869d1ac857
CFGEvntSLog.WinUI/Strings/Resources,CFGEvntSLog.WinUI Resources,btnEventLogRemoveDead,Eliminar canales inexistentes,NG .resw source; locale=es-ES; revision=7d81679f19f5fdaf5c8becaed58204869d1ac857
CFGEvntSLog.WinUI/Strings/Resources,CFGEvntSLog.WinUI Resources,btnEventLogResetLastRecords,Restablecer todos los últimos registros,NG .resw source; locale=es-ES; revision=7d81679f19f5fdaf5c8becaed58204869d1ac857
CFGEvntSLog.WinUI/Strings/Resources,CFGEvntSLog.WinUI Resources,btnEventLogScan,(Re)Escanear canales EventLog,NG .resw source; locale=es-ES; revision=7d81679f19f5fdaf5c8becaed58204869d1ac857
CFGEvntSLog.WinUI/Strings/Resources,CFGEvntSLog.WinUI Resources,btnEventLogSelectAll,Seleccionar todo,NG .resw source; locale=es-ES; revision=7d81679f19f5fdaf5c8becaed58204869d1ac857
CFGEvntSLog.WinUI/Strings/Resources,CFGEvntSLog.WinUI Resources,btnPostProcessImport,Importar reglas,NG .resw source; locale=es-ES; revision=7d81679f19f5fdaf5c8becaed58204869d1ac857
CFGEvntSLog.WinUI/Strings/Resources,CFGEvntSLog.WinUI Resources,btnPostProcessSave,Exportar reglas,NG .resw source; locale=es-ES; revision=7d81679f19f5fdaf5c8becaed58204869d1ac857
CFGEvntSLog.WinUI/Strings/Resources,CFGEvntSLog.WinUI Resources,btnReloadLastRecordV1,Recargar,NG .resw source; locale=es-ES; revision=7d81679f19f5fdaf5c8becaed58204869d1ac857
CFGEvntSLog.WinUI/Strings/Resources,CFGEvntSLog.WinUI Resources,btnReloadLastRecordV2,Recargar,NG .resw source; locale=es-ES; revision=7d81679f19f5fdaf5c8becaed58204869d1ac857
CFGEvntSLog.WinUI/Strings/Resources,CFGEvntSLog.WinUI Resources,btnResetLastRecordV1,Restablecer ,NG .resw source; locale=es-ES; revision=7d81679f19f5fdaf5c8becaed58204869d1ac857
CFGEvntSLog.WinUI/Strings/Resources,CFGEvntSLog.WinUI Resources,btnResetLastRecordV2,Restablecer,NG .resw source; locale=es-ES; revision=7d81679f19f5fdaf5c8becaed58204869d1ac857
CFGEvntSLog.WinUI/Strings/Resources,CFGEvntSLog.WinUI Resources,btnRestOutputResetJsonProperties,Restablecer formato,NG .resw source; locale=es-ES; revision=7d81679f19f5fdaf5c8becaed58204869d1ac857
CFGEvntSLog.WinUI/Strings/Resources,CFGEvntSLog.WinUI Resources,btnRun,Correr,NG .resw source; locale=es-ES; revision=7d81679f19f5fdaf5c8becaed58204869d1ac857
CFGEvntSLog.WinUI/Strings/Resources,CFGEvntSLog.WinUI Resources,btnVerifyEvtV1,Verificar conexión,NG .resw source; locale=es-ES; revision=7d81679f19f5fdaf5c8becaed58204869d1ac857
CFGEvntSLog.WinUI/Strings/Resources,CFGEvntSLog.WinUI Resources,btnVerifyEvtV2,Verificar conexión,NG .resw source; locale=es-ES; revision=7d81679f19f5fdaf5c8becaed58204869d1ac857
CFGEvntSLog.WinUI/Strings/Resources,CFGEvntSLog.WinUI Resources,btnszODBCDsn,Configurar DSN,NG .resw source; locale=es-ES; revision=7d81679f19f5fdaf5c8becaed58204869d1ac857
CFGEvntSLog.WinUI/Strings/Resources,CFGEvntSLog.WinUI Resources,chkeventchannels,Habilitar,NG .resw source; locale=es-ES; revision=7d81679f19f5fdaf5c8becaed58204869d1ac857
CFGEvntSLog.WinUI/Strings/Resources,CFGEvntSLog.WinUI Resources,datafields,Campos de datos,NG .resw source; locale=es-ES; revision=7d81679f19f5fdaf5c8becaed58204869d1ac857
CFGEvntSLog.WinUI/Strings/Resources,CFGEvntSLog.WinUI Resources,eventchannels,Canales del registro de eventos,NG .resw source; locale=es-ES; revision=7d81679f19f5fdaf5c8becaed58204869d1ac857
CFGEvntSLog.WinUI/Strings/Resources,CFGEvntSLog.WinUI Resources,fileitems,Archivo procesado,NG .resw source; locale=es-ES; revision=7d81679f19f5fdaf5c8becaed58204869d1ac857
CFGEvntSLog.WinUI/Strings/Resources,CFGEvntSLog.WinUI Resources,hostlist,Lista de hosts,NG .resw source; locale=es-ES; revision=7d81679f19f5fdaf5c8becaed58204869d1ac857
CFGEvntSLog.WinUI/Strings/Resources,CFGEvntSLog.WinUI Resources,iLastDBID,Último índice DB,NG .resw source; locale=es-ES; revision=7d81679f19f5fdaf5c8becaed58204869d1ac857
CFGEvntSLog.WinUI/Strings/Resources,CFGEvntSLog.WinUI Resources,interactive_path,Ruta && Nombre de archivo para la aplicación,NG .resw source; locale=es-ES; revision=7d81679f19f5fdaf5c8becaed58204869d1ac857
CFGEvntSLog.WinUI/Strings/Resources,CFGEvntSLog.WinUI Resources,lblDecrement,Decrementar valor (-),NG .resw source; locale=es-ES; revision=7d81679f19f5fdaf5c8becaed58204869d1ac857
CFGEvntSLog.WinUI/Strings/Resources,CFGEvntSLog.WinUI Resources,lblIncrement,Incrementar valor (+),NG .resw source; locale=es-ES; revision=7d81679f19f5fdaf5c8becaed58204869d1ac857
CFGEvntSLog.WinUI/Strings/Resources,CFGEvntSLog.WinUI Resources,lbl_EventLogSource_Replace,Reemplazar origen Event Log,NG .resw source; locale=es-ES; revision=7d81679f19f5fdaf5c8becaed58204869d1ac857
CFGEvntSLog.WinUI/Strings/Resources,CFGEvntSLog.WinUI Resources,lbl_EventLogSource_Service,Usar logsource del servicio,NG .resw source; locale=es-ES; revision=7d81679f19f5fdaf5c8becaed58204869d1ac857
CFGEvntSLog.WinUI/Strings/Resources,CFGEvntSLog.WinUI Resources,lbl_nAction1,Iniciar,NG .resw source; locale=es-ES; revision=7d81679f19f5fdaf5c8becaed58204869d1ac857
CFGEvntSLog.WinUI/Strings/Resources,CFGEvntSLog.WinUI Resources,lbl_nAction2,Detener,NG .resw source; locale=es-ES; revision=7d81679f19f5fdaf5c8becaed58204869d1ac857
CFGEvntSLog.WinUI/Strings/Resources,CFGEvntSLog.WinUI Resources,lbl_nAction3,Reiniciar,NG .resw source; locale=es-ES; revision=7d81679f19f5fdaf5c8becaed58204869d1ac857
CFGEvntSLog.WinUI/Strings/Resources,CFGEvntSLog.WinUI Resources,lbl_nAction4,Pausar,NG .resw source; locale=es-ES; revision=7d81679f19f5fdaf5c8becaed58204869d1ac857
CFGEvntSLog.WinUI/Strings/Resources,CFGEvntSLog.WinUI Resources,lbl_nAction5,Reanudar,NG .resw source; locale=es-ES; revision=7d81679f19f5fdaf5c8becaed58204869d1ac857
CFGEvntSLog.WinUI/Strings/Resources,CFGEvntSLog.WinUI Resources,lbl_nMessageMode_csv,CSV (valores separados por comas),NG .resw source; locale=es-ES; revision=7d81679f19f5fdaf5c8becaed58204869d1ac857
CFGEvntSLog.WinUI/Strings/Resources,CFGEvntSLog.WinUI Resources,lbl_nMessageMode_custom,Personalizado,NG .resw source; locale=es-ES; revision=7d81679f19f5fdaf5c8becaed58204869d1ac857
CFGEvntSLog.WinUI/Strings/Resources,CFGEvntSLog.WinUI Resources,lbl_nMessageMode_none,Ninguno,NG .resw source; locale=es-ES; revision=7d81679f19f5fdaf5c8becaed58204869d1ac857
CFGEvntSLog.WinUI/Strings/Resources,CFGEvntSLog.WinUI Resources,lbl_procmode0,Procesamiento síncrono (esperar finalización),NG .resw source; locale=es-ES; revision=7d81679f19f5fdaf5c8becaed58204869d1ac857
CFGEvntSLog.WinUI/Strings/Resources,CFGEvntSLog.WinUI Resources,lbl_procmode1,Procesamiento asíncrono,NG .resw source; locale=es-ES; revision=7d81679f19f5fdaf5c8becaed58204869d1ac857
CFGEvntSLog.WinUI/Strings/Resources,CFGEvntSLog.WinUI Resources,lbl_request_get,CONSEGUIR,NG .resw source; locale=es-ES; revision=7d81679f19f5fdaf5c8becaed58204869d1ac857
CFGEvntSLog.WinUI/Strings/Resources,CFGEvntSLog.WinUI Resources,lbl_request_head,CABEZA,NG .resw source; locale=es-ES; revision=7d81679f19f5fdaf5c8becaed58204869d1ac857
CFGEvntSLog.WinUI/Strings/Resources,CFGEvntSLog.WinUI Resources,lbl_syslogRFC3195,RFC3195,NG .resw source; locale=es-ES; revision=7d81679f19f5fdaf5c8becaed58204869d1ac857
CFGEvntSLog.WinUI/Strings/Resources,CFGEvntSLog.WinUI Resources,lbl_syslogRFC3195RAW,RFC3195 crudo,NG .resw source; locale=es-ES; revision=7d81679f19f5fdaf5c8becaed58204869d1ac857
CFGEvntSLog.WinUI/Strings/Resources,CFGEvntSLog.WinUI Resources,lbl_syslogTCP,TCP,NG .resw source; locale=es-ES; revision=7d81679f19f5fdaf5c8becaed58204869d1ac857
CFGEvntSLog.WinUI/Strings/Resources,CFGEvntSLog.WinUI Resources,lbl_syslogTCPOctetCount,"TCP (Conexión persistente, encuadre basado en octetos)",NG .resw source; locale=es-ES; revision=7d81679f19f5fdaf5c8becaed58204869d1ac857
CFGEvntSLog.WinUI/Strings/Resources,CFGEvntSLog.WinUI Resources,lbl_syslogTCPOneMSG,"TCP (NO RECOMENDADO, un mensaje por conexión)",NG .resw source; locale=es-ES; revision=7d81679f19f5fdaf5c8becaed58204869d1ac857
CFGEvntSLog.WinUI/Strings/Resources,CFGEvntSLog.WinUI Resources,lbl_syslogTCPPersistant,TCP (Conexión persistente),NG .resw source; locale=es-ES; revision=7d81679f19f5fdaf5c8becaed58204869d1ac857
CFGEvntSLog.WinUI/Strings/Resources,CFGEvntSLog.WinUI Resources,lbl_syslogUDP,UDP,NG .resw source; locale=es-ES; revision=7d81679f19f5fdaf5c8becaed58204869d1ac857
CFGEvntSLog.WinUI/Strings/Resources,CFGEvntSLog.WinUI Resources,loganalyzer_path,Ruta && Nombre de archivo para la aplicación,NG .resw source; locale=es-ES; revision=7d81679f19f5fdaf5c8becaed58204869d1ac857
CFGEvntSLog.WinUI/Strings/Resources,CFGEvntSLog.WinUI Resources,logfilemgr_path,Ruta && Nombre de archivo para la aplicación,NG .resw source; locale=es-ES; revision=7d81679f19f5fdaf5c8becaed58204869d1ac857
CFGEvntSLog.WinUI/Strings/Resources,CFGEvntSLog.WinUI Resources,logsearch_path,Ruta && Nombre de archivo para la aplicación,NG .resw source; locale=es-ES; revision=7d81679f19f5fdaf5c8becaed58204869d1ac857
CFGEvntSLog.WinUI/Strings/Resources,CFGEvntSLog.WinUI Resources,msgseps,Lista de separadores de mensajes,NG .resw source; locale=es-ES; revision=7d81679f19f5fdaf5c8becaed58204869d1ac857
CFGEvntSLog.WinUI/Strings/Resources,CFGEvntSLog.WinUI Resources,nAction,Acción a realizar,NG .resw source; locale=es-ES; revision=7d81679f19f5fdaf5c8becaed58204869d1ac857
CFGEvntSLog.WinUI/Strings/Resources,CFGEvntSLog.WinUI Resources,nAddLogType,Añadir tipo de registro,NG .resw source; locale=es-ES; revision=7d81679f19f5fdaf5c8becaed58204869d1ac857
CFGEvntSLog.WinUI/Strings/Resources,CFGEvntSLog.WinUI Resources,nAddMibDescriptionToMsg,"Añadir descripción MIB después del nombre MIB (¡Atención, puede ser mucha información!)",NG .resw source; locale=es-ES; revision=7d81679f19f5fdaf5c8becaed58204869d1ac857
CFGEvntSLog.WinUI/Strings/Resources,CFGEvntSLog.WinUI Resources,nAddUserName,Añadir nombre de usuario,NG .resw source; locale=es-ES; revision=7d81679f19f5fdaf5c8becaed58204869d1ac857
CFGEvntSLog.WinUI/Strings/Resources,CFGEvntSLog.WinUI Resources,nApiReadMode,Modo de procesamiento,NG .resw source; locale=es-ES; revision=7d81679f19f5fdaf5c8becaed58204869d1ac857
CFGEvntSLog.WinUI/Strings/Resources,CFGEvntSLog.WinUI Resources,nApiReadMode_Polling,Sondeo del registro de eventos (tiempo de espera),NG .resw source; locale=es-ES; revision=7d81679f19f5fdaf5c8becaed58204869d1ac857
CFGEvntSLog.WinUI/Strings/Resources,CFGEvntSLog.WinUI Resources,nApiReadMode_Subscription,Suscripción al registro de eventos (tiempo real),NG .resw source; locale=es-ES; revision=7d81679f19f5fdaf5c8becaed58204869d1ac857
CFGEvntSLog.WinUI/Strings/Resources,CFGEvntSLog.WinUI Resources,nAsyncMaxProc,Máx. procesos asíncronos,NG .resw source; locale=es-ES; revision=7d81679f19f5fdaf5c8becaed58204869d1ac857
CFGEvntSLog.WinUI/Strings/Resources,CFGEvntSLog.WinUI Resources,nAutoReloadDelayTime,Retraso aleatorio máx.,NG .resw source; locale=es-ES; revision=7d81679f19f5fdaf5c8becaed58204869d1ac857
CFGEvntSLog.WinUI/Strings/Resources,CFGEvntSLog.WinUI Resources,nBps,Bits por segundo,NG .resw source; locale=es-ES; revision=7d81679f19f5fdaf5c8becaed58204869d1ac857
CFGEvntSLog.WinUI/Strings/Resources,CFGEvntSLog.WinUI Resources,nCPUEnable,Habilitar comprobación CPU,NG .resw source; locale=es-ES; revision=7d81679f19f5fdaf5c8becaed58204869d1ac857
CFGEvntSLog.WinUI/Strings/Resources,CFGEvntSLog.WinUI Resources,nCPUOccurences,Apariciones hasta alarma CPU,NG .resw source; locale=es-ES; revision=7d81679f19f5fdaf5c8becaed58204869d1ac857
CFGEvntSLog.WinUI/Strings/Resources,CFGEvntSLog.WinUI Resources,nCPUReportIfBelowAlarm,Informar también si CPU está por debajo del nivel de alarma,NG .resw source; locale=es-ES; revision=7d81679f19f5fdaf5c8becaed58204869d1ac857
CFGEvntSLog.WinUI/Strings/Resources,CFGEvntSLog.WinUI Resources,nCPUSingle,Solo multiprocesador: informar por cada CPU,NG .resw source; locale=es-ES; revision=7d81679f19f5fdaf5c8becaed58204869d1ac857
CFGEvntSLog.WinUI/Strings/Resources,CFGEvntSLog.WinUI Resources,nCPUUsageAlarmLevel,Nivel alarma uso CPU,NG .resw source; locale=es-ES; revision=7d81679f19f5fdaf5c8becaed58204869d1ac857
CFGEvntSLog.WinUI/Strings/Resources,CFGEvntSLog.WinUI Resources,nCacheEventCategory,Caché de categoría de evento (campo Tarea) ,NG .resw source; locale=es-ES; revision=7d81679f19f5fdaf5c8becaed58204869d1ac857
CFGEvntSLog.WinUI/Strings/Resources,CFGEvntSLog.WinUI Resources,nCacheEventKeyword,Palabra clave de caché de eventos,NG .resw source; locale=es-ES; revision=7d81679f19f5fdaf5c8becaed58204869d1ac857
CFGEvntSLog.WinUI/Strings/Resources,CFGEvntSLog.WinUI Resources,nCacheEventLevel,"Caché de niveles de evento (como Advertencia, Información, Error)",NG .resw source; locale=es-ES; revision=7d81679f19f5fdaf5c8becaed58204869d1ac857
CFGEvntSLog.WinUI/Strings/Resources,CFGEvntSLog.WinUI Resources,nCacheEventPublisher,Caché de identificadores de publicador de eventos (origen del evento) ,NG .resw source; locale=es-ES; revision=7d81679f19f5fdaf5c8becaed58204869d1ac857
CFGEvntSLog.WinUI/Strings/Resources,CFGEvntSLog.WinUI Resources,nCacheNameEntry,Entrada de host resuelta en caché,NG .resw source; locale=es-ES; revision=7d81679f19f5fdaf5c8becaed58204869d1ac857
CFGEvntSLog.WinUI/Strings/Resources,CFGEvntSLog.WinUI Resources,nChangeVal,Valor de operación,NG .resw source; locale=es-ES; revision=7d81679f19f5fdaf5c8becaed58204869d1ac857
CFGEvntSLog.WinUI/Strings/Resources,CFGEvntSLog.WinUI Resources,nCheckAutoBackupLogFiles,Comprobar archivos de registro de respaldo creados por Windows (véase KB312571),NG .resw source; locale=es-ES; revision=7d81679f19f5fdaf5c8becaed58204869d1ac857
CFGEvntSLog.WinUI/Strings/Resources,CFGEvntSLog.WinUI Resources,nCheckPort,Puerto SNMP,NG .resw source; locale=es-ES; revision=7d81679f19f5fdaf5c8becaed58204869d1ac857
CFGEvntSLog.WinUI/Strings/Resources,CFGEvntSLog.WinUI Resources,nCircularLogging,Usar registro circular,NG .resw source; locale=es-ES; revision=7d81679f19f5fdaf5c8becaed58204869d1ac857
CFGEvntSLog.WinUI/Strings/Resources,CFGEvntSLog.WinUI Resources,nCleanFileHandlesTimeout,Tiempo hasta cerrar manejadores de archivo no usados,NG .resw source; locale=es-ES; revision=7d81679f19f5fdaf5c8becaed58204869d1ac857
CFGEvntSLog.WinUI/Strings/Resources,CFGEvntSLog.WinUI Resources,nClearEventLog,Manejo de borrado del registro de eventos,NG .resw source; locale=es-ES; revision=7d81679f19f5fdaf5c8becaed58204869d1ac857
CFGEvntSLog.WinUI/Strings/Resources,CFGEvntSLog.WinUI Resources,nCompLevel,Nivel de compresión,NG .resw source; locale=es-ES; revision=7d81679f19f5fdaf5c8becaed58204869d1ac857
CFGEvntSLog.WinUI/Strings/Resources,CFGEvntSLog.WinUI Resources,nCompressControlChars,Comprimir espacios y eliminar caracteres de control,NG .resw source; locale=es-ES; revision=7d81679f19f5fdaf5c8becaed58204869d1ac857
CFGEvntSLog.WinUI/Strings/Resources,CFGEvntSLog.WinUI Resources,nCompressOutputFormat,Comprimir formato de salida (eliminar espacios/comillas),NG .resw source; locale=es-ES; revision=7d81679f19f5fdaf5c8becaed58204869d1ac857
CFGEvntSLog.WinUI/Strings/Resources,CFGEvntSLog.WinUI Resources,nCompressSpaces,Comprimir espacios,NG .resw source; locale=es-ES; revision=7d81679f19f5fdaf5c8becaed58204869d1ac857
CFGEvntSLog.WinUI/Strings/Resources,CFGEvntSLog.WinUI Resources,nCompressionLevel,Nivel de compresión,NG .resw source; locale=es-ES; revision=7d81679f19f5fdaf5c8becaed58204869d1ac857
CFGEvntSLog.WinUI/Strings/Resources,CFGEvntSLog.WinUI Resources,nConnectTimeOut,Tiempo de espera de conexión,NG .resw source; locale=es-ES; revision=7d81679f19f5fdaf5c8becaed58204869d1ac857
CFGEvntSLog.WinUI/Strings/Resources,CFGEvntSLog.WinUI Resources,nConvertToEventLogMonitorV1,Convertir a eventos compatibles con EventLog Monitor V1,NG .resw source; locale=es-ES; revision=7d81679f19f5fdaf5c8becaed58204869d1ac857
CFGEvntSLog.WinUI/Strings/Resources,CFGEvntSLog.WinUI Resources,nCopyFormatIntoProperty,Seleccionar formato de mensaje,NG .resw source; locale=es-ES; revision=7d81679f19f5fdaf5c8becaed58204869d1ac857
CFGEvntSLog.WinUI/Strings/Resources,CFGEvntSLog.WinUI Resources,nCount,Playcount (Con qué frecuencia se reproduce el archivo),NG .resw source; locale=es-ES; revision=7d81679f19f5fdaf5c8becaed58204869d1ac857
CFGEvntSLog.WinUI/Strings/Resources,CFGEvntSLog.WinUI Resources,nCustomerID,CustomerID,NG .resw source; locale=es-ES; revision=7d81679f19f5fdaf5c8becaed58204869d1ac857
CFGEvntSLog.WinUI/Strings/Resources,CFGEvntSLog.WinUI Resources,nCustomizeSearchPath,Personalizar ruta de búsqueda para archivos de registro de respaldo del registro de eventos,NG .resw source; locale=es-ES; revision=7d81679f19f5fdaf5c8becaed58204869d1ac857
CFGEvntSLog.WinUI/Strings/Resources,CFGEvntSLog.WinUI Resources,nDBPassEncryption,Habilitar cifrado,NG .resw source; locale=es-ES; revision=7d81679f19f5fdaf5c8becaed58204869d1ac857
CFGEvntSLog.WinUI/Strings/Resources,CFGEvntSLog.WinUI Resources,nDNSCacheLimit,¿Cuántos registros DNS se pueden cachear?,NG .resw source; locale=es-ES; revision=7d81679f19f5fdaf5c8becaed58204869d1ac857
CFGEvntSLog.WinUI/Strings/Resources,CFGEvntSLog.WinUI Resources,nDNSCacheTime,¿Cuánto tiempo cachear nombres DNS?,NG .resw source; locale=es-ES; revision=7d81679f19f5fdaf5c8becaed58204869d1ac857
CFGEvntSLog.WinUI/Strings/Resources,CFGEvntSLog.WinUI Resources,nDNSInetProtocol,Tipo protocolo Internet,NG .resw source; locale=es-ES; revision=7d81679f19f5fdaf5c8becaed58204869d1ac857
CFGEvntSLog.WinUI/Strings/Resources,CFGEvntSLog.WinUI Resources,nDTLSSendPort,Puerto DTLS,NG .resw source; locale=es-ES; revision=7d81679f19f5fdaf5c8becaed58204869d1ac857
CFGEvntSLog.WinUI/Strings/Resources,CFGEvntSLog.WinUI Resources,nDatabits,Bits de datos,NG .resw source; locale=es-ES; revision=7d81679f19f5fdaf5c8becaed58204869d1ac857
CFGEvntSLog.WinUI/Strings/Resources,CFGEvntSLog.WinUI Resources,nDebugErrors,Errores y advertencias,NG .resw source; locale=es-ES; revision=7d81679f19f5fdaf5c8becaed58204869d1ac857
CFGEvntSLog.WinUI/Strings/Resources,CFGEvntSLog.WinUI Resources,nDebugInternal,Salida información,NG .resw source; locale=es-ES; revision=7d81679f19f5fdaf5c8becaed58204869d1ac857
CFGEvntSLog.WinUI/Strings/Resources,CFGEvntSLog.WinUI Resources,nDebugMini,Salida mínima,NG .resw source; locale=es-ES; revision=7d81679f19f5fdaf5c8becaed58204869d1ac857
CFGEvntSLog.WinUI/Strings/Resources,CFGEvntSLog.WinUI Resources,nDebugRuleEngine,Salida Rule y Filter Engine,NG .resw source; locale=es-ES; revision=7d81679f19f5fdaf5c8becaed58204869d1ac857
CFGEvntSLog.WinUI/Strings/Resources,CFGEvntSLog.WinUI Resources,nDebugUltra,Salida ultra detallada,NG .resw source; locale=es-ES; revision=7d81679f19f5fdaf5c8becaed58204869d1ac857
CFGEvntSLog.WinUI/Strings/Resources,CFGEvntSLog.WinUI Resources,nDefaultBuffer,Tamaño de búfer predeterminado,NG .resw source; locale=es-ES; revision=7d81679f19f5fdaf5c8becaed58204869d1ac857
CFGEvntSLog.WinUI/Strings/Resources,CFGEvntSLog.WinUI Resources,nDelay,Retraso entre las reproducciones de sonido (ms),NG .resw source; locale=es-ES; revision=7d81679f19f5fdaf5c8becaed58204869d1ac857
CFGEvntSLog.WinUI/Strings/Resources,CFGEvntSLog.WinUI Resources,nDelayOnStartup,Retraso en el inicio en milisegundos (1000 ms --> 1 segundo),NG .resw source; locale=es-ES; revision=7d81679f19f5fdaf5c8becaed58204869d1ac857
CFGEvntSLog.WinUI/Strings/Resources,CFGEvntSLog.WinUI Resources,nDiskCacheWait,Tiempo entre intentos,NG .resw source; locale=es-ES; revision=7d81679f19f5fdaf5c8becaed58204869d1ac857
CFGEvntSLog.WinUI/Strings/Resources,CFGEvntSLog.WinUI Resources,nDiskQueueMaxFileSize,Dividir archivos si se alcanza,NG .resw source; locale=es-ES; revision=7d81679f19f5fdaf5c8becaed58204869d1ac857
CFGEvntSLog.WinUI/Strings/Resources,CFGEvntSLog.WinUI Resources,nDoNotProcessLastRecord,NO procesar entradas existentes cuando ocurre corrupción del registro de eventos,NG .resw source; locale=es-ES; revision=7d81679f19f5fdaf5c8becaed58204869d1ac857
CFGEvntSLog.WinUI/Strings/Resources,CFGEvntSLog.WinUI Resources,nDoNotProcessLastRecordOnStartup,NO procesar entradas existentes al iniciar el servicio,NG .resw source; locale=es-ES; revision=7d81679f19f5fdaf5c8becaed58204869d1ac857
CFGEvntSLog.WinUI/Strings/Resources,CFGEvntSLog.WinUI Resources,nDtsControl,Flujo de control DTR,NG .resw source; locale=es-ES; revision=7d81679f19f5fdaf5c8becaed58204869d1ac857
CFGEvntSLog.WinUI/Strings/Resources,CFGEvntSLog.WinUI Resources,nEmptyStringsAsNull,Insertar NULL si cadena vacía,NG .resw source; locale=es-ES; revision=7d81679f19f5fdaf5c8becaed58204869d1ac857
CFGEvntSLog.WinUI/Strings/Resources,CFGEvntSLog.WinUI Resources,nEmulateParameters,Emular propiedades %Param% del antiguo EventLog Monitor,NG .resw source; locale=es-ES; revision=7d81679f19f5fdaf5c8becaed58204869d1ac857
CFGEvntSLog.WinUI/Strings/Resources,CFGEvntSLog.WinUI Resources,nEnableAutoConfigReload,Recargar servicio al cambiar config,NG .resw source; locale=es-ES; revision=7d81679f19f5fdaf5c8becaed58204869d1ac857
CFGEvntSLog.WinUI/Strings/Resources,CFGEvntSLog.WinUI Resources,nEnableBackupServer,Servidor de respaldo si falla el primero,NG .resw source; locale=es-ES; revision=7d81679f19f5fdaf5c8becaed58204869d1ac857
CFGEvntSLog.WinUI/Strings/Resources,CFGEvntSLog.WinUI Resources,nEnableCommunicate,Habilitar comunicación,NG .resw source; locale=es-ES; revision=7d81679f19f5fdaf5c8becaed58204869d1ac857
CFGEvntSLog.WinUI/Strings/Resources,CFGEvntSLog.WinUI Resources,nEnableDNSCache,Caché DNS interna,NG .resw source; locale=es-ES; revision=7d81679f19f5fdaf5c8becaed58204869d1ac857
CFGEvntSLog.WinUI/Strings/Resources,CFGEvntSLog.WinUI Resources,nEnableDateReplacements,Habilitar caracteres de reemplazo de fecha (véase el manual para más),NG .resw source; locale=es-ES; revision=7d81679f19f5fdaf5c8becaed58204869d1ac857
CFGEvntSLog.WinUI/Strings/Resources,CFGEvntSLog.WinUI Resources,nEnableDateReplacementsOffset,Desplazamiento en segundos,NG .resw source; locale=es-ES; revision=7d81679f19f5fdaf5c8becaed58204869d1ac857
CFGEvntSLog.WinUI/Strings/Resources,CFGEvntSLog.WinUI Resources,nEnableDebugOutput,Salida debug a archivo,NG .resw source; locale=es-ES; revision=7d81679f19f5fdaf5c8becaed58204869d1ac857
CFGEvntSLog.WinUI/Strings/Resources,CFGEvntSLog.WinUI Resources,nEnableEventlogWarnings,Registrar advertencias en Eventlog de Windows,NG .resw source; locale=es-ES; revision=7d81679f19f5fdaf5c8becaed58204869d1ac857
CFGEvntSLog.WinUI/Strings/Resources,CFGEvntSLog.WinUI Resources,nEnableLastRecordDelay,Retrasar escritura del último registro ,NG .resw source; locale=es-ES; revision=7d81679f19f5fdaf5c8becaed58204869d1ac857
CFGEvntSLog.WinUI/Strings/Resources,CFGEvntSLog.WinUI Resources,nEnableMultiCastGroup,Habilitar recepción desde un grupo de multidifusión UDP,NG .resw source; locale=es-ES; revision=7d81679f19f5fdaf5c8becaed58204869d1ac857
CFGEvntSLog.WinUI/Strings/Resources,CFGEvntSLog.WinUI Resources,nEnableMultiTCPMsgSep,Habilitar múltiples separadores de mensajes,NG .resw source; locale=es-ES; revision=7d81679f19f5fdaf5c8becaed58204869d1ac857
CFGEvntSLog.WinUI/Strings/Resources,CFGEvntSLog.WinUI Resources,nEnablePermittedSenders,Lista de remitentes permitidos habilitada. ,NG .resw source; locale=es-ES; revision=7d81679f19f5fdaf5c8becaed58204869d1ac857
CFGEvntSLog.WinUI/Strings/Resources,CFGEvntSLog.WinUI Resources,nEnablePropertyFileName,Habilitar reemplazos de propiedades en nombre de archivo,NG .resw source; locale=es-ES; revision=7d81679f19f5fdaf5c8becaed58204869d1ac857
CFGEvntSLog.WinUI/Strings/Resources,CFGEvntSLog.WinUI Resources,nEnableRetry,Reintentar Actions si fallan,NG .resw source; locale=es-ES; revision=7d81679f19f5fdaf5c8becaed58204869d1ac857
CFGEvntSLog.WinUI/Strings/Resources,CFGEvntSLog.WinUI Resources,nEnableRingBuffer,Habilitar caché disco Queue Manager,NG .resw source; locale=es-ES; revision=7d81679f19f5fdaf5c8becaed58204869d1ac857
CFGEvntSLog.WinUI/Strings/Resources,CFGEvntSLog.WinUI Resources,nEnableTCPMsgSep,Los mensajes se separan por la siguiente secuencia,NG .resw source; locale=es-ES; revision=7d81679f19f5fdaf5c8becaed58204869d1ac857
CFGEvntSLog.WinUI/Strings/Resources,CFGEvntSLog.WinUI Resources,nEnableUnknownChannels,Procesar canales desconocidos o no configurados del registro de eventos,NG .resw source; locale=es-ES; revision=7d81679f19f5fdaf5c8becaed58204869d1ac857
CFGEvntSLog.WinUI/Strings/Resources,CFGEvntSLog.WinUI Resources,nEnableUpdateFileTime,Actualizar explícitamente fecha de creación y modificación,NG .resw source; locale=es-ES; revision=7d81679f19f5fdaf5c8becaed58204869d1ac857
CFGEvntSLog.WinUI/Strings/Resources,CFGEvntSLog.WinUI Resources,nEnabled,Canal habilitado,NG .resw source; locale=es-ES; revision=7d81679f19f5fdaf5c8becaed58204869d1ac857
CFGEvntSLog.WinUI/Strings/Resources,CFGEvntSLog.WinUI Resources,nEnabledRemote,Habilitar supervisión remota del registro de eventos,NG .resw source; locale=es-ES; revision=7d81679f19f5fdaf5c8becaed58204869d1ac857
CFGEvntSLog.WinUI/Strings/Resources,CFGEvntSLog.WinUI Resources,nEscapeControlCharacters,Escapar caracteres de control,NG .resw source; locale=es-ES; revision=7d81679f19f5fdaf5c8becaed58204869d1ac857
CFGEvntSLog.WinUI/Strings/Resources,CFGEvntSLog.WinUI Resources,nEventID,ID de evento,NG .resw source; locale=es-ES; revision=7d81679f19f5fdaf5c8becaed58204869d1ac857
CFGEvntSLog.WinUI/Strings/Resources,CFGEvntSLog.WinUI Resources,nEventLogCor,¿Cómo manejar la corrupción del registro de eventos?,NG .resw source; locale=es-ES; revision=7d81679f19f5fdaf5c8becaed58204869d1ac857
CFGEvntSLog.WinUI/Strings/Resources,CFGEvntSLog.WinUI Resources,nEventScanLastEventByChecksum,Buscar siempre el último evento procesado usando la suma de comprobación,NG .resw source; locale=es-ES; revision=7d81679f19f5fdaf5c8becaed58204869d1ac857
CFGEvntSLog.WinUI/Strings/Resources,CFGEvntSLog.WinUI Resources,nEventType,Usar tipo Eventlog personalizado,NG .resw source; locale=es-ES; revision=7d81679f19f5fdaf5c8becaed58204869d1ac857
CFGEvntSLog.WinUI/Strings/Resources,CFGEvntSLog.WinUI Resources,nEventUseChecksum,Usar suma de comprobación para verificar el último evento procesado,NG .resw source; locale=es-ES; revision=7d81679f19f5fdaf5c8becaed58204869d1ac857
CFGEvntSLog.WinUI/Strings/Resources,CFGEvntSLog.WinUI Resources,nEvtClearIfEmpty,Borrar el registro incluso si está vacío,NG .resw source; locale=es-ES; revision=7d81679f19f5fdaf5c8becaed58204869d1ac857
CFGEvntSLog.WinUI/Strings/Resources,CFGEvntSLog.WinUI Resources,nEvtClrPollingCycles,Borrar después de N ejecuciones,NG .resw source; locale=es-ES; revision=7d81679f19f5fdaf5c8becaed58204869d1ac857
CFGEvntSLog.WinUI/Strings/Resources,CFGEvntSLog.WinUI Resources,nEvtClrSaveToFile,Crear una copia de seguridad del registro de eventos,NG .resw source; locale=es-ES; revision=7d81679f19f5fdaf5c8becaed58204869d1ac857
CFGEvntSLog.WinUI/Strings/Resources,CFGEvntSLog.WinUI Resources,nEvtClrTime,Seleccionar borrado en,NG .resw source; locale=es-ES; revision=7d81679f19f5fdaf5c8becaed58204869d1ac857
CFGEvntSLog.WinUI/Strings/Resources,CFGEvntSLog.WinUI Resources,nEvtLogSuccessfullClear,Registrar si el borrado fue exitoso,NG .resw source; locale=es-ES; revision=7d81679f19f5fdaf5c8becaed58204869d1ac857
CFGEvntSLog.WinUI/Strings/Resources,CFGEvntSLog.WinUI Resources,nFTPPort,Puerto FTP,NG .resw source; locale=es-ES; revision=7d81679f19f5fdaf5c8becaed58204869d1ac857
CFGEvntSLog.WinUI/Strings/Resources,CFGEvntSLog.WinUI Resources,nFacility,Facilidad Syslog,NG .resw source; locale=es-ES; revision=7d81679f19f5fdaf5c8becaed58204869d1ac857
CFGEvntSLog.WinUI/Strings/Resources,CFGEvntSLog.WinUI Resources,nFieldType_,Tipo de campo,NG .resw source; locale=es-ES; revision=7d81679f19f5fdaf5c8becaed58204869d1ac857
CFGEvntSLog.WinUI/Strings/Resources,CFGEvntSLog.WinUI Resources,nFileDateTime,Incluir fecha y hora,NG .resw source; locale=es-ES; revision=7d81679f19f5fdaf5c8becaed58204869d1ac857
CFGEvntSLog.WinUI/Strings/Resources,CFGEvntSLog.WinUI Resources,nFileDateTimeReported,Incluir fecha y hora reportadas por dispositivo,NG .resw source; locale=es-ES; revision=7d81679f19f5fdaf5c8becaed58204869d1ac857
CFGEvntSLog.WinUI/Strings/Resources,CFGEvntSLog.WinUI Resources,nFileFacility,Incluir Facility Syslog,NG .resw source; locale=es-ES; revision=7d81679f19f5fdaf5c8becaed58204869d1ac857
CFGEvntSLog.WinUI/Strings/Resources,CFGEvntSLog.WinUI Resources,nFileFormat,Formato archivo,NG .resw source; locale=es-ES; revision=7d81679f19f5fdaf5c8becaed58204869d1ac857
CFGEvntSLog.WinUI/Strings/Resources,CFGEvntSLog.WinUI Resources,nFilePriority,Incluir Priority Syslog,NG .resw source; locale=es-ES; revision=7d81679f19f5fdaf5c8becaed58204869d1ac857
CFGEvntSLog.WinUI/Strings/Resources,CFGEvntSLog.WinUI Resources,nFileSource,Incluir origen,NG .resw source; locale=es-ES; revision=7d81679f19f5fdaf5c8becaed58204869d1ac857
CFGEvntSLog.WinUI/Strings/Resources,CFGEvntSLog.WinUI Resources,nForceConnectionClose,Cerrar conexión tras cada intervalo,NG .resw source; locale=es-ES; revision=7d81679f19f5fdaf5c8becaed58204869d1ac857
CFGEvntSLog.WinUI/Strings/Resources,CFGEvntSLog.WinUI Resources,nForceUTF8Decoding,Forzar decodificación UTF8 si la codificación no se pudo detectar automáticamente.,NG .resw source; locale=es-ES; revision=7d81679f19f5fdaf5c8becaed58204869d1ac857
CFGEvntSLog.WinUI/Strings/Resources,CFGEvntSLog.WinUI Resources,nFormatType,Seleccionar formato de mensaje,NG .resw source; locale=es-ES; revision=7d81679f19f5fdaf5c8becaed58204869d1ac857
CFGEvntSLog.WinUI/Strings/Resources,CFGEvntSLog.WinUI Resources,nFormatType_DISABLED,Deshabilitado,NG .resw source; locale=es-ES; revision=7d81679f19f5fdaf5c8becaed58204869d1ac857
CFGEvntSLog.WinUI/Strings/Resources,CFGEvntSLog.WinUI Resources,nFormatType_Json,Formato JSON,NG .resw source; locale=es-ES; revision=7d81679f19f5fdaf5c8becaed58204869d1ac857
CFGEvntSLog.WinUI/Strings/Resources,CFGEvntSLog.WinUI Resources,nFormatType_JsonSiem,Formato JSON LogPoint SIEM,NG .resw source; locale=es-ES; revision=7d81679f19f5fdaf5c8becaed58204869d1ac857
CFGEvntSLog.WinUI/Strings/Resources,CFGEvntSLog.WinUI Resources,nFormatType_Predefined,Formato de evento predefinido,NG .resw source; locale=es-ES; revision=7d81679f19f5fdaf5c8becaed58204869d1ac857
CFGEvntSLog.WinUI/Strings/Resources,CFGEvntSLog.WinUI Resources,nFormatType_XML,Formato XML sin procesar,NG .resw source; locale=es-ES; revision=7d81679f19f5fdaf5c8becaed58204869d1ac857
CFGEvntSLog.WinUI/Strings/Resources,CFGEvntSLog.WinUI Resources,nForwardIUT,Reenviar como código de representación XML de MWAgent,NG .resw source; locale=es-ES; revision=7d81679f19f5fdaf5c8becaed58204869d1ac857
CFGEvntSLog.WinUI/Strings/Resources,CFGEvntSLog.WinUI Resources,nGenerateOnSuccess,Generar un evento si la sonda FTP fue exitosa,NG .resw source; locale=es-ES; revision=7d81679f19f5fdaf5c8becaed58204869d1ac857
CFGEvntSLog.WinUI/Strings/Resources,CFGEvntSLog.WinUI Resources,nGenericName,Nombre genérico,NG .resw source; locale=es-ES; revision=7d81679f19f5fdaf5c8becaed58204869d1ac857
CFGEvntSLog.WinUI/Strings/Resources,CFGEvntSLog.WinUI Resources,nHTTPPort,Puerto HTTP,NG .resw source; locale=es-ES; revision=7d81679f19f5fdaf5c8becaed58204869d1ac857
CFGEvntSLog.WinUI/Strings/Resources,CFGEvntSLog.WinUI Resources,nIMAPPort,Puerto IMAP,NG .resw source; locale=es-ES; revision=7d81679f19f5fdaf5c8becaed58204869d1ac857
CFGEvntSLog.WinUI/Strings/Resources,CFGEvntSLog.WinUI Resources,nIgnoreEmptyLines,Ignorar líneas vacías,NG .resw source; locale=es-ES; revision=7d81679f19f5fdaf5c8becaed58204869d1ac857
CFGEvntSLog.WinUI/Strings/Resources,CFGEvntSLog.WinUI Resources,nIncludeEventParameters,¿Incluir parámetros opcionales del evento como propiedades?,NG .resw source; locale=es-ES; revision=7d81679f19f5fdaf5c8becaed58204869d1ac857
CFGEvntSLog.WinUI/Strings/Resources,CFGEvntSLog.WinUI Resources,nIncludeMessage,Incluir mensaje,NG .resw source; locale=es-ES; revision=7d81679f19f5fdaf5c8becaed58204869d1ac857
CFGEvntSLog.WinUI/Strings/Resources,CFGEvntSLog.WinUI Resources,nIncludeRAWMessage,Incluir mensaje RAW,NG .resw source; locale=es-ES; revision=7d81679f19f5fdaf5c8becaed58204869d1ac857
CFGEvntSLog.WinUI/Strings/Resources,CFGEvntSLog.WinUI Resources,nIncludeSourceInFilename,Incluir origen en nombre de archivo,NG .resw source; locale=es-ES; revision=7d81679f19f5fdaf5c8becaed58204869d1ac857
CFGEvntSLog.WinUI/Strings/Resources,CFGEvntSLog.WinUI Resources,nInstanceID,Subidentificador de instancia,NG .resw source; locale=es-ES; revision=7d81679f19f5fdaf5c8becaed58204869d1ac857
CFGEvntSLog.WinUI/Strings/Resources,CFGEvntSLog.WinUI Resources,nJSONIncludeMessageProperty,Incluir propiedad Message en formato CEE,NG .resw source; locale=es-ES; revision=7d81679f19f5fdaf5c8becaed58204869d1ac857
CFGEvntSLog.WinUI/Strings/Resources,CFGEvntSLog.WinUI Resources,nJapanStringHandling,Conversión Unicode especial para sistemas japoneses,NG .resw source; locale=es-ES; revision=7d81679f19f5fdaf5c8becaed58204869d1ac857
CFGEvntSLog.WinUI/Strings/Resources,CFGEvntSLog.WinUI Resources,nKeepReadingUntilNew,Seguir leyendo hasta nuevo archivo,NG .resw source; locale=es-ES; revision=7d81679f19f5fdaf5c8becaed58204869d1ac857
CFGEvntSLog.WinUI/Strings/Resources,CFGEvntSLog.WinUI Resources,nLanguageLCID,Idioma preferido,NG .resw source; locale=es-ES; revision=7d81679f19f5fdaf5c8becaed58204869d1ac857
CFGEvntSLog.WinUI/Strings/Resources,CFGEvntSLog.WinUI Resources,nLastPos,Última posición de archivo,NG .resw source; locale=es-ES; revision=7d81679f19f5fdaf5c8becaed58204869d1ac857
CFGEvntSLog.WinUI/Strings/Resources,CFGEvntSLog.WinUI Resources,nLastRecord,Último registro,NG .resw source; locale=es-ES; revision=7d81679f19f5fdaf5c8becaed58204869d1ac857
CFGEvntSLog.WinUI/Strings/Resources,CFGEvntSLog.WinUI Resources,nLastRecordDelayCount,Guardar después de cantidad de entradas,NG .resw source; locale=es-ES; revision=7d81679f19f5fdaf5c8becaed58204869d1ac857
CFGEvntSLog.WinUI/Strings/Resources,CFGEvntSLog.WinUI Resources,nLastRecordDelayTime,Guardar después del tiempo de espera,NG .resw source; locale=es-ES; revision=7d81679f19f5fdaf5c8becaed58204869d1ac857
CFGEvntSLog.WinUI/Strings/Resources,CFGEvntSLog.WinUI Resources,nLastWriteTime,Última hora de escritura,NG .resw source; locale=es-ES; revision=7d81679f19f5fdaf5c8becaed58204869d1ac857
CFGEvntSLog.WinUI/Strings/Resources,CFGEvntSLog.WinUI Resources,nLibCacheTimeOut,¿Cuánto tiempo cachear bibliotecas?,NG .resw source; locale=es-ES; revision=7d81679f19f5fdaf5c8becaed58204869d1ac857
CFGEvntSLog.WinUI/Strings/Resources,CFGEvntSLog.WinUI Resources,nListenPort,Puerto de escucha,NG .resw source; locale=es-ES; revision=7d81679f19f5fdaf5c8becaed58204869d1ac857
CFGEvntSLog.WinUI/Strings/Resources,CFGEvntSLog.WinUI Resources,nLogDoNotRotateOnShutdown,No rotar archivos al cerrar ,NG .resw source; locale=es-ES; revision=7d81679f19f5fdaf5c8becaed58204869d1ac857
CFGEvntSLog.WinUI/Strings/Resources,CFGEvntSLog.WinUI Resources,nLogEnableRotate,Habilitar rotación de registros,NG .resw source; locale=es-ES; revision=7d81679f19f5fdaf5c8becaed58204869d1ac857
CFGEvntSLog.WinUI/Strings/Resources,CFGEvntSLog.WinUI Resources,nLogEnableRotateTimeOfTheDay,Rotar a hora del día,NG .resw source; locale=es-ES; revision=7d81679f19f5fdaf5c8becaed58204869d1ac857
CFGEvntSLog.WinUI/Strings/Resources,CFGEvntSLog.WinUI Resources,nLogEnableRotateTimeout,Rotación por tiempo,NG .resw source; locale=es-ES; revision=7d81679f19f5fdaf5c8becaed58204869d1ac857
CFGEvntSLog.WinUI/Strings/Resources,CFGEvntSLog.WinUI Resources,nLogFileType,Tipo de archivo de registro,NG .resw source; locale=es-ES; revision=7d81679f19f5fdaf5c8becaed58204869d1ac857
CFGEvntSLog.WinUI/Strings/Resources,CFGEvntSLog.WinUI Resources,nLogMoveAfterRotate,Mover archivo tras rotación,NG .resw source; locale=es-ES; revision=7d81679f19f5fdaf5c8becaed58204869d1ac857
CFGEvntSLog.WinUI/Strings/Resources,CFGEvntSLog.WinUI Resources,nLogRotateMaxFiles,Máx. archivos rotados a conservar,NG .resw source; locale=es-ES; revision=7d81679f19f5fdaf5c8becaed58204869d1ac857
CFGEvntSLog.WinUI/Strings/Resources,CFGEvntSLog.WinUI Resources,nLogRotateMaxWait,Tiempo máx. espera para rotación,NG .resw source; locale=es-ES; revision=7d81679f19f5fdaf5c8becaed58204869d1ac857
CFGEvntSLog.WinUI/Strings/Resources,CFGEvntSLog.WinUI Resources,nLogRotateOnClose,Rotar al cerrar cada archivo,NG .resw source; locale=es-ES; revision=7d81679f19f5fdaf5c8becaed58204869d1ac857
CFGEvntSLog.WinUI/Strings/Resources,CFGEvntSLog.WinUI Resources,nLogRotateOnSizeLimit,Rotar si se alcanza:,NG .resw source; locale=es-ES; revision=7d81679f19f5fdaf5c8becaed58204869d1ac857
CFGEvntSLog.WinUI/Strings/Resources,CFGEvntSLog.WinUI Resources,nLogRotateSizeLimit,Límite tamaño (KB),NG .resw source; locale=es-ES; revision=7d81679f19f5fdaf5c8becaed58204869d1ac857
CFGEvntSLog.WinUI/Strings/Resources,CFGEvntSLog.WinUI Resources,nLogRotateTimeOfTheDay,Rotar a esta hora,NG .resw source; locale=es-ES; revision=7d81679f19f5fdaf5c8becaed58204869d1ac857
CFGEvntSLog.WinUI/Strings/Resources,CFGEvntSLog.WinUI Resources,nLogRotateTimeOfTheDayFriday,Viernes,NG .resw source; locale=es-ES; revision=7d81679f19f5fdaf5c8becaed58204869d1ac857
CFGEvntSLog.WinUI/Strings/Resources,CFGEvntSLog.WinUI Resources,nLogRotateTimeOfTheDayMonday,Lunes,NG .resw source; locale=es-ES; revision=7d81679f19f5fdaf5c8becaed58204869d1ac857
CFGEvntSLog.WinUI/Strings/Resources,CFGEvntSLog.WinUI Resources,nLogRotateTimeOfTheDaySaturday,Sábado,NG .resw source; locale=es-ES; revision=7d81679f19f5fdaf5c8becaed58204869d1ac857
CFGEvntSLog.WinUI/Strings/Resources,CFGEvntSLog.WinUI Resources,nLogRotateTimeOfTheDaySunday,Domingo,NG .resw source; locale=es-ES; revision=7d81679f19f5fdaf5c8becaed58204869d1ac857
CFGEvntSLog.WinUI/Strings/Resources,CFGEvntSLog.WinUI Resources,nLogRotateTimeOfTheDayThusday,Jueves,NG .resw source; locale=es-ES; revision=7d81679f19f5fdaf5c8becaed58204869d1ac857
CFGEvntSLog.WinUI/Strings/Resources,CFGEvntSLog.WinUI Resources,nLogRotateTimeOfTheDayTuesday,Martes,NG .resw source; locale=es-ES; revision=7d81679f19f5fdaf5c8becaed58204869d1ac857
CFGEvntSLog.WinUI/Strings/Resources,CFGEvntSLog.WinUI Resources,nLogRotateTimeOfTheDayWednesday,Miércoles,NG .resw source; locale=es-ES; revision=7d81679f19f5fdaf5c8becaed58204869d1ac857
CFGEvntSLog.WinUI/Strings/Resources,CFGEvntSLog.WinUI Resources,nLogRotateTimeout,Rotar archivos más antiguos que:,NG .resw source; locale=es-ES; revision=7d81679f19f5fdaf5c8becaed58204869d1ac857
CFGEvntSLog.WinUI/Strings/Resources,CFGEvntSLog.WinUI Resources,nLogRotateTimeoutUnit,Unidad,NG .resw source; locale=es-ES; revision=7d81679f19f5fdaf5c8becaed58204869d1ac857
CFGEvntSLog.WinUI/Strings/Resources,CFGEvntSLog.WinUI Resources,nLogRotateWorkerCount,Número de workers de rotación de logs,NG .resw source; locale=es-ES; revision=7d81679f19f5fdaf5c8becaed58204869d1ac857
CFGEvntSLog.WinUI/Strings/Resources,CFGEvntSLog.WinUI Resources,nLogRotateWorkerEnable,Habilitar workers en cola para la rotación de logs,NG .resw source; locale=es-ES; revision=7d81679f19f5fdaf5c8becaed58204869d1ac857
CFGEvntSLog.WinUI/Strings/Resources,CFGEvntSLog.WinUI Resources,nLogRotateWorkerSleepTime,Tiempo de espera entre comprobaciones de cola,NG .resw source; locale=es-ES; revision=7d81679f19f5fdaf5c8becaed58204869d1ac857
CFGEvntSLog.WinUI/Strings/Resources,CFGEvntSLog.WinUI Resources,nLogRotateWorkerStopWaitTimeout,Tiempo de espera al detener el servicio para trabajos de rotación en cola,NG .resw source; locale=es-ES; revision=7d81679f19f5fdaf5c8becaed58204869d1ac857
CFGEvntSLog.WinUI/Strings/Resources,CFGEvntSLog.WinUI Resources,nLogZipAfterRotate,Comprimir archivo tras rotación,NG .resw source; locale=es-ES; revision=7d81679f19f5fdaf5c8becaed58204869d1ac857
CFGEvntSLog.WinUI/Strings/Resources,CFGEvntSLog.WinUI Resources,nLogZipAfterRotateFormat,Formato compresión,NG .resw source; locale=es-ES; revision=7d81679f19f5fdaf5c8becaed58204869d1ac857
CFGEvntSLog.WinUI/Strings/Resources,CFGEvntSLog.WinUI Resources,nLogZipCompressionLevel,Nivel de compresión,NG .resw source; locale=es-ES; revision=7d81679f19f5fdaf5c8becaed58204869d1ac857
CFGEvntSLog.WinUI/Strings/Resources,CFGEvntSLog.WinUI Resources,nMAX_LONGVCHAR_LEN,Long. texto máx. (bytes),NG .resw source; locale=es-ES; revision=7d81679f19f5fdaf5c8becaed58204869d1ac857
CFGEvntSLog.WinUI/Strings/Resources,CFGEvntSLog.WinUI Resources,nMAX_VCHAR_LEN,Long. char máx. (bytes),NG .resw source; locale=es-ES; revision=7d81679f19f5fdaf5c8becaed58204869d1ac857
CFGEvntSLog.WinUI/Strings/Resources,CFGEvntSLog.WinUI Resources,nMEMEnable,Habilitar comprobación memoria,NG .resw source; locale=es-ES; revision=7d81679f19f5fdaf5c8becaed58204869d1ac857
CFGEvntSLog.WinUI/Strings/Resources,CFGEvntSLog.WinUI Resources,nMEMOccurences,Apariciones hasta alarma memoria,NG .resw source; locale=es-ES; revision=7d81679f19f5fdaf5c8becaed58204869d1ac857
CFGEvntSLog.WinUI/Strings/Resources,CFGEvntSLog.WinUI Resources,nMEMPsyEnable,Habilitar comprobación memoria física,NG .resw source; locale=es-ES; revision=7d81679f19f5fdaf5c8becaed58204869d1ac857
CFGEvntSLog.WinUI/Strings/Resources,CFGEvntSLog.WinUI Resources,nMEMPsyOccurences,Apariciones hasta alarma memoria física,NG .resw source; locale=es-ES; revision=7d81679f19f5fdaf5c8becaed58204869d1ac857
CFGEvntSLog.WinUI/Strings/Resources,CFGEvntSLog.WinUI Resources,nMEMPsyReportIfBelowAlarm,Informar también si memoria física está por debajo,NG .resw source; locale=es-ES; revision=7d81679f19f5fdaf5c8becaed58204869d1ac857
CFGEvntSLog.WinUI/Strings/Resources,CFGEvntSLog.WinUI Resources,nMEMPsyUsageAlarmLevel,Nivel alarma uso memoria física,NG .resw source; locale=es-ES; revision=7d81679f19f5fdaf5c8becaed58204869d1ac857
CFGEvntSLog.WinUI/Strings/Resources,CFGEvntSLog.WinUI Resources,nMEMReportIfBelowAlarm,Informar también si memoria está por debajo,NG .resw source; locale=es-ES; revision=7d81679f19f5fdaf5c8becaed58204869d1ac857
CFGEvntSLog.WinUI/Strings/Resources,CFGEvntSLog.WinUI Resources,nMEMUsageAlarmLevel,Nivel alarma uso memoria,NG .resw source; locale=es-ES; revision=7d81679f19f5fdaf5c8becaed58204869d1ac857
CFGEvntSLog.WinUI/Strings/Resources,CFGEvntSLog.WinUI Resources,nMEMVirtEnable,Habilitar comprobación memoria virtual,NG .resw source; locale=es-ES; revision=7d81679f19f5fdaf5c8becaed58204869d1ac857
CFGEvntSLog.WinUI/Strings/Resources,CFGEvntSLog.WinUI Resources,nMEMVirtOccurences,Apariciones hasta alarma memoria virtual,NG .resw source; locale=es-ES; revision=7d81679f19f5fdaf5c8becaed58204869d1ac857
CFGEvntSLog.WinUI/Strings/Resources,CFGEvntSLog.WinUI Resources,nMEMVirtReportIfBelowAlarm,Informar también si memoria virtual está por debajo,NG .resw source; locale=es-ES; revision=7d81679f19f5fdaf5c8becaed58204869d1ac857
CFGEvntSLog.WinUI/Strings/Resources,CFGEvntSLog.WinUI Resources,nMEMVirtUsageAlarmLevel,Nivel alarma uso memoria virtual,NG .resw source; locale=es-ES; revision=7d81679f19f5fdaf5c8becaed58204869d1ac857
CFGEvntSLog.WinUI/Strings/Resources,CFGEvntSLog.WinUI Resources,nMIAPSendPort,Puerto SETP predeterminado,NG .resw source; locale=es-ES; revision=7d81679f19f5fdaf5c8becaed58204869d1ac857
CFGEvntSLog.WinUI/Strings/Resources,CFGEvntSLog.WinUI Resources,nMailPriority,Prioridad correo,NG .resw source; locale=es-ES; revision=7d81679f19f5fdaf5c8becaed58204869d1ac857
CFGEvntSLog.WinUI/Strings/Resources,CFGEvntSLog.WinUI Resources,nMaxBytesPerMessage,Máx. bytes por mensaje,NG .resw source; locale=es-ES; revision=7d81679f19f5fdaf5c8becaed58204869d1ac857
CFGEvntSLog.WinUI/Strings/Resources,CFGEvntSLog.WinUI Resources,nMaxFileSize,Tamaño máx. (KB),NG .resw source; locale=es-ES; revision=7d81679f19f5fdaf5c8becaed58204869d1ac857
CFGEvntSLog.WinUI/Strings/Resources,CFGEvntSLog.WinUI Resources,nMaxValueLength,Longitud máx. valor (bytes):,NG .resw source; locale=es-ES; revision=7d81679f19f5fdaf5c8becaed58204869d1ac857
CFGEvntSLog.WinUI/Strings/Resources,CFGEvntSLog.WinUI Resources,nMessagePriority,Prioridad de cola,NG .resw source; locale=es-ES; revision=7d81679f19f5fdaf5c8becaed58204869d1ac857
CFGEvntSLog.WinUI/Strings/Resources,CFGEvntSLog.WinUI Resources,nMultipleFiles,Permitir directorios o leer varios archivos (requiere comodín en nombre de archivo),NG .resw source; locale=es-ES; revision=7d81679f19f5fdaf5c8becaed58204869d1ac857
CFGEvntSLog.WinUI/Strings/Resources,CFGEvntSLog.WinUI Resources,nNNTPPort,Puerto NNTP,NG .resw source; locale=es-ES; revision=7d81679f19f5fdaf5c8becaed58204869d1ac857
CFGEvntSLog.WinUI/Strings/Resources,CFGEvntSLog.WinUI Resources,nNbrOfRetries,Número de reintentos,NG .resw source; locale=es-ES; revision=7d81679f19f5fdaf5c8becaed58204869d1ac857
CFGEvntSLog.WinUI/Strings/Resources,CFGEvntSLog.WinUI Resources,nNoExistingEntries,NO procesar entradas existentes,NG .resw source; locale=es-ES; revision=7d81679f19f5fdaf5c8becaed58204869d1ac857
CFGEvntSLog.WinUI/Strings/Resources,CFGEvntSLog.WinUI Resources,nNumberOfLogfiles,Número de archivos de registro,NG .resw source; locale=es-ES; revision=7d81679f19f5fdaf5c8becaed58204869d1ac857
CFGEvntSLog.WinUI/Strings/Resources,CFGEvntSLog.WinUI Resources,nODBCEnCryption,Cifrar contraseña,NG .resw source; locale=es-ES; revision=7d81679f19f5fdaf5c8becaed58204869d1ac857
CFGEvntSLog.WinUI/Strings/Resources,CFGEvntSLog.WinUI Resources,nOleDbEnCryption,Cifrar contraseña,NG .resw source; locale=es-ES; revision=7d81679f19f5fdaf5c8becaed58204869d1ac857
CFGEvntSLog.WinUI/Strings/Resources,CFGEvntSLog.WinUI Resources,nOnMaxProc,Al alcanzar máx. procesos,NG .resw source; locale=es-ES; revision=7d81679f19f5fdaf5c8becaed58204869d1ac857
CFGEvntSLog.WinUI/Strings/Resources,CFGEvntSLog.WinUI Resources,nOnMaxProcWait,Tiempo de espera al alcanzar máx. procesos,NG .resw source; locale=es-ES; revision=7d81679f19f5fdaf5c8becaed58204869d1ac857
CFGEvntSLog.WinUI/Strings/Resources,CFGEvntSLog.WinUI Resources,nOutputEncodingUTF8BOM,Incluir BOM UTF8 en el mensaje,NG .resw source; locale=es-ES; revision=7d81679f19f5fdaf5c8becaed58204869d1ac857
CFGEvntSLog.WinUI/Strings/Resources,CFGEvntSLog.WinUI Resources,nOutputFormat,Formato de salida Lognorm,NG .resw source; locale=es-ES; revision=7d81679f19f5fdaf5c8becaed58204869d1ac857
CFGEvntSLog.WinUI/Strings/Resources,CFGEvntSLog.WinUI Resources,nPOP3Port,Puerto POP3,NG .resw source; locale=es-ES; revision=7d81679f19f5fdaf5c8becaed58204869d1ac857
CFGEvntSLog.WinUI/Strings/Resources,CFGEvntSLog.WinUI Resources,nParity,Paridad,NG .resw source; locale=es-ES; revision=7d81679f19f5fdaf5c8becaed58204869d1ac857
CFGEvntSLog.WinUI/Strings/Resources,CFGEvntSLog.WinUI Resources,nParseSyslogDate,Usar marca de tiempo original del mensaje (RFC 3164),NG .resw source; locale=es-ES; revision=7d81679f19f5fdaf5c8becaed58204869d1ac857
CFGEvntSLog.WinUI/Strings/Resources,CFGEvntSLog.WinUI Resources,nPort,Puerto HTTP,NG .resw source; locale=es-ES; revision=7d81679f19f5fdaf5c8becaed58204869d1ac857
CFGEvntSLog.WinUI/Strings/Resources,CFGEvntSLog.WinUI Resources,nPortNumber,Puerto,NG .resw source; locale=es-ES; revision=7d81679f19f5fdaf5c8becaed58204869d1ac857
CFGEvntSLog.WinUI/Strings/Resources,CFGEvntSLog.WinUI Resources,nPort_,Puerto,NG .resw source; locale=es-ES; revision=7d81679f19f5fdaf5c8becaed58204869d1ac857
CFGEvntSLog.WinUI/Strings/Resources,CFGEvntSLog.WinUI Resources,nPreventOverrunDelay,Retraso prevención desbordamiento (ms),NG .resw source; locale=es-ES; revision=7d81679f19f5fdaf5c8becaed58204869d1ac857
CFGEvntSLog.WinUI/Strings/Resources,CFGEvntSLog.WinUI Resources,nPriorityAuditFailure,Error de auditoría,NG .resw source; locale=es-ES; revision=7d81679f19f5fdaf5c8becaed58204869d1ac857
CFGEvntSLog.WinUI/Strings/Resources,CFGEvntSLog.WinUI Resources,nPriorityAuditSuccess,Éxito de auditoría,NG .resw source; locale=es-ES; revision=7d81679f19f5fdaf5c8becaed58204869d1ac857
CFGEvntSLog.WinUI/Strings/Resources,CFGEvntSLog.WinUI Resources,nPriorityCritical,Crítico,NG .resw source; locale=es-ES; revision=7d81679f19f5fdaf5c8becaed58204869d1ac857
CFGEvntSLog.WinUI/Strings/Resources,CFGEvntSLog.WinUI Resources,nPriorityError,Error,NG .resw source; locale=es-ES; revision=7d81679f19f5fdaf5c8becaed58204869d1ac857
CFGEvntSLog.WinUI/Strings/Resources,CFGEvntSLog.WinUI Resources,nPriorityInfo,Información,NG .resw source; locale=es-ES; revision=7d81679f19f5fdaf5c8becaed58204869d1ac857
CFGEvntSLog.WinUI/Strings/Resources,CFGEvntSLog.WinUI Resources,nPriorityInformation,Información,NG .resw source; locale=es-ES; revision=7d81679f19f5fdaf5c8becaed58204869d1ac857
CFGEvntSLog.WinUI/Strings/Resources,CFGEvntSLog.WinUI Resources,nPrioritySuccess,Éxito,NG .resw source; locale=es-ES; revision=7d81679f19f5fdaf5c8becaed58204869d1ac857
CFGEvntSLog.WinUI/Strings/Resources,CFGEvntSLog.WinUI Resources,nPriorityVerbose,Detallado,NG .resw source; locale=es-ES; revision=7d81679f19f5fdaf5c8becaed58204869d1ac857
CFGEvntSLog.WinUI/Strings/Resources,CFGEvntSLog.WinUI Resources,nPriorityWarning,Advertencia,NG .resw source; locale=es-ES; revision=7d81679f19f5fdaf5c8becaed58204869d1ac857
CFGEvntSLog.WinUI/Strings/Resources,CFGEvntSLog.WinUI Resources,nProcMode,Modo de procesamiento,NG .resw source; locale=es-ES; revision=7d81679f19f5fdaf5c8becaed58204869d1ac857
CFGEvntSLog.WinUI/Strings/Resources,CFGEvntSLog.WinUI Resources,nProcessPriority,Prioridad proceso,NG .resw source; locale=es-ES; revision=7d81679f19f5fdaf5c8becaed58204869d1ac857
CFGEvntSLog.WinUI/Strings/Resources,CFGEvntSLog.WinUI Resources,nProcessRestOfFile,Procesar el resto del archivo como un mensaje (si no se encuentra más separador de mensajes),NG .resw source; locale=es-ES; revision=7d81679f19f5fdaf5c8becaed58204869d1ac857
CFGEvntSLog.WinUI/Strings/Resources,CFGEvntSLog.WinUI Resources,nProcessingLow,Puntero procesamiento,NG .resw source; locale=es-ES; revision=7d81679f19f5fdaf5c8becaed58204869d1ac857
CFGEvntSLog.WinUI/Strings/Resources,CFGEvntSLog.WinUI Resources,nPropertiesTable,Registro detallado de propiedades,NG .resw source; locale=es-ES; revision=7d81679f19f5fdaf5c8becaed58204869d1ac857
CFGEvntSLog.WinUI/Strings/Resources,CFGEvntSLog.WinUI Resources,nPropertyMsgSep,Guardar separador de mensaje en propiedad (%msgsep%),NG .resw source; locale=es-ES; revision=7d81679f19f5fdaf5c8becaed58204869d1ac857
CFGEvntSLog.WinUI/Strings/Resources,CFGEvntSLog.WinUI Resources,nPropertyMsgSepReset,Restablecer separador de mensajes después de cada ejecución,NG .resw source; locale=es-ES; revision=7d81679f19f5fdaf5c8becaed58204869d1ac857
CFGEvntSLog.WinUI/Strings/Resources,CFGEvntSLog.WinUI Resources,nProtectAgainstShutdown,Proteger servicio contra cierre,NG .resw source; locale=es-ES; revision=7d81679f19f5fdaf5c8becaed58204869d1ac857
CFGEvntSLog.WinUI/Strings/Resources,CFGEvntSLog.WinUI Resources,nProtocolType,Tipo de protocolo,NG .resw source; locale=es-ES; revision=7d81679f19f5fdaf5c8becaed58204869d1ac857
CFGEvntSLog.WinUI/Strings/Resources,CFGEvntSLog.WinUI Resources,nQueueLimit,Límite cola,NG .resw source; locale=es-ES; revision=7d81679f19f5fdaf5c8becaed58204869d1ac857
CFGEvntSLog.WinUI/Strings/Resources,CFGEvntSLog.WinUI Resources,nRFC3164DetectYear,Intentar analizar el año desde la marca de tiempo del mensaje (RFC 3164),NG .resw source; locale=es-ES; revision=7d81679f19f5fdaf5c8becaed58204869d1ac857
CFGEvntSLog.WinUI/Strings/Resources,CFGEvntSLog.WinUI Resources,nRFC3164Parsing,Habilitar análisis RFC3164,NG .resw source; locale=es-ES; revision=7d81679f19f5fdaf5c8becaed58204869d1ac857
CFGEvntSLog.WinUI/Strings/Resources,CFGEvntSLog.WinUI Resources,nRFC5424AddProcID2SyslogTag,Añadir ProcessID a Syslogtag si está disponible,NG .resw source; locale=es-ES; revision=7d81679f19f5fdaf5c8becaed58204869d1ac857
CFGEvntSLog.WinUI/Strings/Resources,CFGEvntSLog.WinUI Resources,nRFC5424Parsing,Habilitar análisis RFC5424,NG .resw source; locale=es-ES; revision=7d81679f19f5fdaf5c8becaed58204869d1ac857
CFGEvntSLog.WinUI/Strings/Resources,CFGEvntSLog.WinUI Resources,nReUseFile,Limpiar en vez de borrar,NG .resw source; locale=es-ES; revision=7d81679f19f5fdaf5c8becaed58204869d1ac857
CFGEvntSLog.WinUI/Strings/Resources,CFGEvntSLog.WinUI Resources,nReadFileBuffer,Tamaño del búfer de lectura de archivo,NG .resw source; locale=es-ES; revision=7d81679f19f5fdaf5c8becaed58204869d1ac857
CFGEvntSLog.WinUI/Strings/Resources,CFGEvntSLog.WinUI Resources,nReadFromFile,Leer registro de eventos desde archivo,NG .resw source; locale=es-ES; revision=7d81679f19f5fdaf5c8becaed58204869d1ac857
CFGEvntSLog.WinUI/Strings/Resources,CFGEvntSLog.WinUI Resources,nReadSourceLocally,Leer orígenes del registro de eventos desde la máquina local,NG .resw source; locale=es-ES; revision=7d81679f19f5fdaf5c8becaed58204869d1ac857
CFGEvntSLog.WinUI/Strings/Resources,CFGEvntSLog.WinUI Resources,nRemoveControlChars,Eliminar caracteres de control,NG .resw source; locale=es-ES; revision=7d81679f19f5fdaf5c8becaed58204869d1ac857
CFGEvntSLog.WinUI/Strings/Resources,CFGEvntSLog.WinUI Resources,nRemoveControlCharsFromParams,Eliminar caracteres de control de parámetros de cadena,NG .resw source; locale=es-ES; revision=7d81679f19f5fdaf5c8becaed58204869d1ac857
CFGEvntSLog.WinUI/Strings/Resources,CFGEvntSLog.WinUI Resources,nRemoveLeadingSpaces,Eliminar espacio inicial,NG .resw source; locale=es-ES; revision=7d81679f19f5fdaf5c8becaed58204869d1ac857
CFGEvntSLog.WinUI/Strings/Resources,CFGEvntSLog.WinUI Resources,nReplaceNullBytes,Reemplazar bytes NULL con espacios,NG .resw source; locale=es-ES; revision=7d81679f19f5fdaf5c8becaed58204869d1ac857
CFGEvntSLog.WinUI/Strings/Resources,CFGEvntSLog.WinUI Resources,nReportCrash,Enviar informes automáticamente,NG .resw source; locale=es-ES; revision=7d81679f19f5fdaf5c8becaed58204869d1ac857
CFGEvntSLog.WinUI/Strings/Resources,CFGEvntSLog.WinUI Resources,nReportErrorOnFNF,Informar error si no se encontró el archivo (se escribirá en el registro de eventos de la aplicación),NG .resw source; locale=es-ES; revision=7d81679f19f5fdaf5c8becaed58204869d1ac857
CFGEvntSLog.WinUI/Strings/Resources,CFGEvntSLog.WinUI Resources,nReportInJSON,Usar formato Syslog mejorado CEE,NG .resw source; locale=es-ES; revision=7d81679f19f5fdaf5c8becaed58204869d1ac857
CFGEvntSLog.WinUI/Strings/Resources,CFGEvntSLog.WinUI Resources,nResolveIfName,Resuelva también el nombre si la propiedad de origen ya es un nombre.,NG .resw source; locale=es-ES; revision=7d81679f19f5fdaf5c8becaed58204869d1ac857
CFGEvntSLog.WinUI/Strings/Resources,CFGEvntSLog.WinUI Resources,nResolveLongMibNames,Resolver completamente nombres MIB (formato largo),NG .resw source; locale=es-ES; revision=7d81679f19f5fdaf5c8becaed58204869d1ac857
CFGEvntSLog.WinUI/Strings/Resources,CFGEvntSLog.WinUI Resources,nResolveMibNamesShort,Usar formato corto (solo última porción),NG .resw source; locale=es-ES; revision=7d81679f19f5fdaf5c8becaed58204869d1ac857
CFGEvntSLog.WinUI/Strings/Resources,CFGEvntSLog.WinUI Resources,nResolveNames,Resolver nombres de host,NG .resw source; locale=es-ES; revision=7d81679f19f5fdaf5c8becaed58204869d1ac857
CFGEvntSLog.WinUI/Strings/Resources,CFGEvntSLog.WinUI Resources,nRetryCount,Número de reintentos,NG .resw source; locale=es-ES; revision=7d81679f19f5fdaf5c8becaed58204869d1ac857
CFGEvntSLog.WinUI/Strings/Resources,CFGEvntSLog.WinUI Resources,nRetryInterval,Intervalo de reintento (ms),NG .resw source; locale=es-ES; revision=7d81679f19f5fdaf5c8becaed58204869d1ac857
CFGEvntSLog.WinUI/Strings/Resources,CFGEvntSLog.WinUI Resources,nRetryPeriod,Período reintento (ms),NG .resw source; locale=es-ES; revision=7d81679f19f5fdaf5c8becaed58204869d1ac857
CFGEvntSLog.WinUI/Strings/Resources,CFGEvntSLog.WinUI Resources,nRingBufferSize,Tamaño archivo cola (estático),NG .resw source; locale=es-ES; revision=7d81679f19f5fdaf5c8becaed58204869d1ac857
CFGEvntSLog.WinUI/Strings/Resources,CFGEvntSLog.WinUI Resources,nRoundRobinMsgCount,Cantidad de mensajes enviados a cada servidor syslog antes del balanceo de carga,NG .resw source; locale=es-ES; revision=7d81679f19f5fdaf5c8becaed58204869d1ac857
CFGEvntSLog.WinUI/Strings/Resources,CFGEvntSLog.WinUI Resources,nRtsControl,Flujo de control RTS,NG .resw source; locale=es-ES; revision=7d81679f19f5fdaf5c8becaed58204869d1ac857
CFGEvntSLog.WinUI/Strings/Resources,CFGEvntSLog.WinUI Resources,nSMTPPort,Puerto servidor,NG .resw source; locale=es-ES; revision=7d81679f19f5fdaf5c8becaed58204869d1ac857
CFGEvntSLog.WinUI/Strings/Resources,CFGEvntSLog.WinUI Resources,nSMTPPortBackup,Puerto respaldo,NG .resw source; locale=es-ES; revision=7d81679f19f5fdaf5c8becaed58204869d1ac857
CFGEvntSLog.WinUI/Strings/Resources,CFGEvntSLog.WinUI Resources,nSQLConnectionTimeOut,Timeout conexión SQL,NG .resw source; locale=es-ES; revision=7d81679f19f5fdaf5c8becaed58204869d1ac857
CFGEvntSLog.WinUI/Strings/Resources,CFGEvntSLog.WinUI Resources,nSQLStatementType,Tipo sentencia,NG .resw source; locale=es-ES; revision=7d81679f19f5fdaf5c8becaed58204869d1ac857
CFGEvntSLog.WinUI/Strings/Resources,CFGEvntSLog.WinUI Resources,nSaveSourceIntoProperty,Guardar origen original en propiedad,NG .resw source; locale=es-ES; revision=7d81679f19f5fdaf5c8becaed58204869d1ac857
CFGEvntSLog.WinUI/Strings/Resources,CFGEvntSLog.WinUI Resources,nSavingLow,Puntero guardado,NG .resw source; locale=es-ES; revision=7d81679f19f5fdaf5c8becaed58204869d1ac857
CFGEvntSLog.WinUI/Strings/Resources,CFGEvntSLog.WinUI Resources,nSegmentFileBySize,Tamaño segmento (KB),NG .resw source; locale=es-ES; revision=7d81679f19f5fdaf5c8becaed58204869d1ac857
CFGEvntSLog.WinUI/Strings/Resources,CFGEvntSLog.WinUI Resources,nSegmentFileEnable,Segmentar si se alcanza (KB),NG .resw source; locale=es-ES; revision=7d81679f19f5fdaf5c8becaed58204869d1ac857
CFGEvntSLog.WinUI/Strings/Resources,CFGEvntSLog.WinUI Resources,nSelpSendPort,Puerto RELP,NG .resw source; locale=es-ES; revision=7d81679f19f5fdaf5c8becaed58204869d1ac857
CFGEvntSLog.WinUI/Strings/Resources,CFGEvntSLog.WinUI Resources,nSendExpect,Enviar mensaje y comprobar mensaje esperado,NG .resw source; locale=es-ES; revision=7d81679f19f5fdaf5c8becaed58204869d1ac857
CFGEvntSLog.WinUI/Strings/Resources,CFGEvntSLog.WinUI Resources,nSendMode,Modo de envío Syslog,NG .resw source; locale=es-ES; revision=7d81679f19f5fdaf5c8becaed58204869d1ac857
CFGEvntSLog.WinUI/Strings/Resources,CFGEvntSLog.WinUI Resources,nSendRecvTimeOut,Tiempo de espera de envío/recepción,NG .resw source; locale=es-ES; revision=7d81679f19f5fdaf5c8becaed58204869d1ac857
CFGEvntSLog.WinUI/Strings/Resources,CFGEvntSLog.WinUI Resources,nSendTimeOut,Tiempo de espera de envío/recepción,NG .resw source; locale=es-ES; revision=7d81679f19f5fdaf5c8becaed58204869d1ac857
CFGEvntSLog.WinUI/Strings/Resources,CFGEvntSLog.WinUI Resources,nShutdownProtectionTimeout,Tiempo límite de protección durante el cierre,NG .resw source; locale=es-ES; revision=7d81679f19f5fdaf5c8becaed58204869d1ac857
CFGEvntSLog.WinUI/Strings/Resources,CFGEvntSLog.WinUI Resources,nShutdownProtectionTimeout_Description,0 espera sin límite de tiempo. Un valor positivo limita todo el cierre protegido en milisegundos; al alcanzarlo pueden perderse mensajes que aún no estén almacenados de forma duradera.,NG .resw source; locale=es-ES; revision=7d81679f19f5fdaf5c8becaed58204869d1ac857
CFGEvntSLog.WinUI/Strings/Resources,CFGEvntSLog.WinUI Resources,nShutdownProtectionTimeout_ZeroLabel,0 (sin límite),NG .resw source; locale=es-ES; revision=7d81679f19f5fdaf5c8becaed58204869d1ac857
CFGEvntSLog.WinUI/Strings/Resources,CFGEvntSLog.WinUI Resources,nSkipLinesEnabled,Omitir todas las líneas al iniciar,NG .resw source; locale=es-ES; revision=7d81679f19f5fdaf5c8becaed58204869d1ac857
CFGEvntSLog.WinUI/Strings/Resources,CFGEvntSLog.WinUI Resources,nSleepTime,Intervalo comprobación (ms),NG .resw source; locale=es-ES; revision=7d81679f19f5fdaf5c8becaed58204869d1ac857
CFGEvntSLog.WinUI/Strings/Resources,CFGEvntSLog.WinUI Resources,nSnmpVersion,Versión SNMP,NG .resw source; locale=es-ES; revision=7d81679f19f5fdaf5c8becaed58204869d1ac857
CFGEvntSLog.WinUI/Strings/Resources,CFGEvntSLog.WinUI Resources,nSpecificType,Tipo específico,NG .resw source; locale=es-ES; revision=7d81679f19f5fdaf5c8becaed58204869d1ac857
CFGEvntSLog.WinUI/Strings/Resources,CFGEvntSLog.WinUI Resources,nSpoofIPAddress,Habilitar suplantación de IP para el protocolo UDP. Consulte el manual para más detalles,NG .resw source; locale=es-ES; revision=7d81679f19f5fdaf5c8becaed58204869d1ac857
CFGEvntSLog.WinUI/Strings/Resources,CFGEvntSLog.WinUI Resources,nStopbits,Bits de parada,NG .resw source; locale=es-ES; revision=7d81679f19f5fdaf5c8becaed58204869d1ac857
CFGEvntSLog.WinUI/Strings/Resources,CFGEvntSLog.WinUI Resources,nSubscriptionSleepTime,Tiempo de espera después de fallo de acción,NG .resw source; locale=es-ES; revision=7d81679f19f5fdaf5c8becaed58204869d1ac857
CFGEvntSLog.WinUI/Strings/Resources,CFGEvntSLog.WinUI Resources,nSyncTimeOut,Tiempo de espera de sincronización,NG .resw source; locale=es-ES; revision=7d81679f19f5fdaf5c8becaed58204869d1ac857
CFGEvntSLog.WinUI/Strings/Resources,CFGEvntSLog.WinUI Resources,nSyntax_,Tipo,NG .resw source; locale=es-ES; revision=7d81679f19f5fdaf5c8becaed58204869d1ac857
CFGEvntSLog.WinUI/Strings/Resources,CFGEvntSLog.WinUI Resources,nSyslogInsertSource,Añadir origen Syslog al reenviar a otros servidores Syslog,NG .resw source; locale=es-ES; revision=7d81679f19f5fdaf5c8becaed58204869d1ac857
CFGEvntSLog.WinUI/Strings/Resources,CFGEvntSLog.WinUI Resources,nSyslogMaxMessageSize,Tamaño máx. mensaje Syslog (bytes),NG .resw source; locale=es-ES; revision=7d81679f19f5fdaf5c8becaed58204869d1ac857
CFGEvntSLog.WinUI/Strings/Resources,CFGEvntSLog.WinUI Resources,nSyslogPortBackup,Puerto Syslog de respaldo,NG .resw source; locale=es-ES; revision=7d81679f19f5fdaf5c8becaed58204869d1ac857
CFGEvntSLog.WinUI/Strings/Resources,CFGEvntSLog.WinUI Resources,nSyslogPort_,Puerto Syslog,NG .resw source; locale=es-ES; revision=7d81679f19f5fdaf5c8becaed58204869d1ac857
CFGEvntSLog.WinUI/Strings/Resources,CFGEvntSLog.WinUI Resources,nSyslogSendPort,Puerto Syslog,NG .resw source; locale=es-ES; revision=7d81679f19f5fdaf5c8becaed58204869d1ac857
CFGEvntSLog.WinUI/Strings/Resources,CFGEvntSLog.WinUI Resources,nSystemID,SystemID,NG .resw source; locale=es-ES; revision=7d81679f19f5fdaf5c8becaed58204869d1ac857
CFGEvntSLog.WinUI/Strings/Resources,CFGEvntSLog.WinUI Resources,nTCPMaxSessions,Sesiones TCP maximas,NG .resw source; locale=es-ES; revision=7d81679f19f5fdaf5c8becaed58204869d1ac857
CFGEvntSLog.WinUI/Strings/Resources,CFGEvntSLog.WinUI Resources,nTLSAllowExpiredCerts,Permitir certificados de pares expirados,NG .resw source; locale=es-ES; revision=7d81679f19f5fdaf5c8becaed58204869d1ac857
CFGEvntSLog.WinUI/Strings/Resources,CFGEvntSLog.WinUI Resources,nTLSFailOnConfigCommandError,Fallar ante errores de comandos TLS,NG .resw source; locale=es-ES; revision=7d81679f19f5fdaf5c8becaed58204869d1ac857
CFGEvntSLog.WinUI/Strings/Resources,CFGEvntSLog.WinUI Resources,nTLSHandshakeTimeout,Tiempo de espera del handshake TLS,NG .resw source; locale=es-ES; revision=7d81679f19f5fdaf5c8becaed58204869d1ac857
CFGEvntSLog.WinUI/Strings/Resources,CFGEvntSLog.WinUI Resources,nTLSLegacyFingerprintMatch,Permitir coincidencia heredada de huella,NG .resw source; locale=es-ES; revision=7d81679f19f5fdaf5c8becaed58204869d1ac857
CFGEvntSLog.WinUI/Strings/Resources,CFGEvntSLog.WinUI Resources,nTLSLegacyPeerNameMatch,Permitir coincidencia heredada de nombre de par,NG .resw source; locale=es-ES; revision=7d81679f19f5fdaf5c8becaed58204869d1ac857
CFGEvntSLog.WinUI/Strings/Resources,CFGEvntSLog.WinUI Resources,nTakeSourceSysFromSyslogMsg,Tomar sistema de origen del mensaje Syslog,NG .resw source; locale=es-ES; revision=7d81679f19f5fdaf5c8becaed58204869d1ac857
CFGEvntSLog.WinUI/Strings/Resources,CFGEvntSLog.WinUI Resources,nTimeMode,Valores tiempo basados en,NG .resw source; locale=es-ES; revision=7d81679f19f5fdaf5c8becaed58204869d1ac857
CFGEvntSLog.WinUI/Strings/Resources,CFGEvntSLog.WinUI Resources,nTimeOutLimit,Límite de tiempo de espera,NG .resw source; locale=es-ES; revision=7d81679f19f5fdaf5c8becaed58204869d1ac857
CFGEvntSLog.WinUI/Strings/Resources,CFGEvntSLog.WinUI Resources,nTimeOutMsg,Tiempo de espera de finalización del mensaje,NG .resw source; locale=es-ES; revision=7d81679f19f5fdaf5c8becaed58204869d1ac857
CFGEvntSLog.WinUI/Strings/Resources,CFGEvntSLog.WinUI Resources,nTimeOutSession,Tiempo de espera de sesión,NG .resw source; locale=es-ES; revision=7d81679f19f5fdaf5c8becaed58204869d1ac857
CFGEvntSLog.WinUI/Strings/Resources,CFGEvntSLog.WinUI Resources,nTimeoutValue,Tiempo de espera de sesión,NG .resw source; locale=es-ES; revision=7d81679f19f5fdaf5c8becaed58204869d1ac857
CFGEvntSLog.WinUI/Strings/Resources,CFGEvntSLog.WinUI Resources,nTryConvSIDtoObj,Intentar convertir ID de seguridad (SID) a nombres de objeto,NG .resw source; locale=es-ES; revision=7d81679f19f5fdaf5c8becaed58204869d1ac857
CFGEvntSLog.WinUI/Strings/Resources,CFGEvntSLog.WinUI Resources,nTryConvertDsClasses,Intentar convertir clases de objetos de Active Directory,NG .resw source; locale=es-ES; revision=7d81679f19f5fdaf5c8becaed58204869d1ac857
CFGEvntSLog.WinUI/Strings/Resources,CFGEvntSLog.WinUI Resources,nTryDetectMessageEncoding,"Detectar automáticamente la codificación del mensaje (UTF8, SHIFT_JIS, EUC-JP)",NG .resw source; locale=es-ES; revision=7d81679f19f5fdaf5c8becaed58204869d1ac857
CFGEvntSLog.WinUI/Strings/Resources,CFGEvntSLog.WinUI Resources,nType,Tipo de protocolo,NG .resw source; locale=es-ES; revision=7d81679f19f5fdaf5c8becaed58204869d1ac857
CFGEvntSLog.WinUI/Strings/Resources,CFGEvntSLog.WinUI Resources,nUniqueFileName,Crear nombres únicos,NG .resw source; locale=es-ES; revision=7d81679f19f5fdaf5c8becaed58204869d1ac857
CFGEvntSLog.WinUI/Strings/Resources,CFGEvntSLog.WinUI Resources,nUseCompression,Usar compresión zLib para comprimir los datos.,NG .resw source; locale=es-ES; revision=7d81679f19f5fdaf5c8becaed58204869d1ac857
CFGEvntSLog.WinUI/Strings/Resources,CFGEvntSLog.WinUI Resources,nUseCustomSeparator,Usar separador personalizado,NG .resw source; locale=es-ES; revision=7d81679f19f5fdaf5c8becaed58204869d1ac857
CFGEvntSLog.WinUI/Strings/Resources,CFGEvntSLog.WinUI Resources,nUseLegacyProcessing,Usar procesamiento de parámetros heredado,NG .resw source; locale=es-ES; revision=7d81679f19f5fdaf5c8becaed58204869d1ac857
CFGEvntSLog.WinUI/Strings/Resources,CFGEvntSLog.WinUI Resources,nUseLegacySubjectProcessing,Procesar asunto legacy,NG .resw source; locale=es-ES; revision=7d81679f19f5fdaf5c8becaed58204869d1ac857
CFGEvntSLog.WinUI/Strings/Resources,CFGEvntSLog.WinUI Resources,nUseSMTPAuth,Autenticación SMTP,NG .resw source; locale=es-ES; revision=7d81679f19f5fdaf5c8becaed58204869d1ac857
CFGEvntSLog.WinUI/Strings/Resources,CFGEvntSLog.WinUI Resources,nUseSSL,Conexión SSL,NG .resw source; locale=es-ES; revision=7d81679f19f5fdaf5c8becaed58204869d1ac857
CFGEvntSLog.WinUI/Strings/Resources,CFGEvntSLog.WinUI Resources,nUseStartTLSMethod,Usar STARTTLS,NG .resw source; locale=es-ES; revision=7d81679f19f5fdaf5c8becaed58204869d1ac857
CFGEvntSLog.WinUI/Strings/Resources,CFGEvntSLog.WinUI Resources,nUseUTCForTimestamps,Usar UTC para marcas de tiempo,NG .resw source; locale=es-ES; revision=7d81679f19f5fdaf5c8becaed58204869d1ac857
CFGEvntSLog.WinUI/Strings/Resources,CFGEvntSLog.WinUI Resources,nUseUTCInFileName,Usar UTC en nombre de archivo,NG .resw source; locale=es-ES; revision=7d81679f19f5fdaf5c8becaed58204869d1ac857
CFGEvntSLog.WinUI/Strings/Resources,CFGEvntSLog.WinUI Resources,nUseUTCTimeStamp,UTC en cabecera fecha,NG .resw source; locale=es-ES; revision=7d81679f19f5fdaf5c8becaed58204869d1ac857
CFGEvntSLog.WinUI/Strings/Resources,CFGEvntSLog.WinUI Resources,nUseWildcard,Usar comodines en nombre de archivo,NG .resw source; locale=es-ES; revision=7d81679f19f5fdaf5c8becaed58204869d1ac857
CFGEvntSLog.WinUI/Strings/Resources,CFGEvntSLog.WinUI Resources,nUseXMLtoReport,Usar XML para informar,NG .resw source; locale=es-ES; revision=7d81679f19f5fdaf5c8becaed58204869d1ac857
CFGEvntSLog.WinUI/Strings/Resources,CFGEvntSLog.WinUI Resources,nVariableType_,Tipo de variable,NG .resw source; locale=es-ES; revision=7d81679f19f5fdaf5c8becaed58204869d1ac857
CFGEvntSLog.WinUI/Strings/Resources,CFGEvntSLog.WinUI Resources,nWorkerThreads,Número de hilos de trabajo,NG .resw source; locale=es-ES; revision=7d81679f19f5fdaf5c8becaed58204869d1ac857
CFGEvntSLog.WinUI/Strings/Resources,CFGEvntSLog.WinUI Resources,nWriteLastDBINdex,Escribir LastDBIndex con frecuencia,NG .resw source; locale=es-ES; revision=7d81679f19f5fdaf5c8becaed58204869d1ac857
CFGEvntSLog.WinUI/Strings/Resources,CFGEvntSLog.WinUI Resources,nZlibComp,Usar compresión zLib para comprimir los datos,NG .resw source; locale=es-ES; revision=7d81679f19f5fdaf5c8becaed58204869d1ac857
CFGEvntSLog.WinUI/Strings/Resources,CFGEvntSLog.WinUI Resources,ninteractive,Visor interactivo Syslog,NG .resw source; locale=es-ES; revision=7d81679f19f5fdaf5c8becaed58204869d1ac857
CFGEvntSLog.WinUI/Strings/Resources,CFGEvntSLog.WinUI Resources,nloganalyzer,Herramienta de análisis y reporte de registros,NG .resw source; locale=es-ES; revision=7d81679f19f5fdaf5c8becaed58204869d1ac857
CFGEvntSLog.WinUI/Strings/Resources,CFGEvntSLog.WinUI Resources,nlogfilemgr,Herramienta de gestión de archivos de registro,NG .resw source; locale=es-ES; revision=7d81679f19f5fdaf5c8becaed58204869d1ac857
CFGEvntSLog.WinUI/Strings/Resources,CFGEvntSLog.WinUI Resources,nlogsearch,Herramienta de búsqueda de registros,NG .resw source; locale=es-ES; revision=7d81679f19f5fdaf5c8becaed58204869d1ac857
CFGEvntSLog.WinUI/Strings/Resources,CFGEvntSLog.WinUI Resources,permittedsenders,Recibir mensajes syslog solo desde las siguientes direcciones IP. ,NG .resw source; locale=es-ES; revision=7d81679f19f5fdaf5c8becaed58204869d1ac857
CFGEvntSLog.WinUI/Strings/Resources,CFGEvntSLog.WinUI Resources,processedfiles,Propiedades del archivo procesado,NG .resw source; locale=es-ES; revision=7d81679f19f5fdaf5c8becaed58204869d1ac857
CFGEvntSLog.WinUI/Strings/Resources,CFGEvntSLog.WinUI Resources,propertylist,Lista de propiedades,NG .resw source; locale=es-ES; revision=7d81679f19f5fdaf5c8becaed58204869d1ac857
CFGEvntSLog.WinUI/Strings/Resources,CFGEvntSLog.WinUI Resources,snmpvars,Variables SNMP,NG .resw source; locale=es-ES; revision=7d81679f19f5fdaf5c8becaed58204869d1ac857
CFGEvntSLog.WinUI/Strings/Resources,CFGEvntSLog.WinUI Resources,syslogservers,Servidores Syslog,NG .resw source; locale=es-ES; revision=7d81679f19f5fdaf5c8becaed58204869d1ac857
CFGEvntSLog.WinUI/Strings/Resources,CFGEvntSLog.WinUI Resources,szActionCacheOptions,Opciones de cola de acciones,NG .resw source; locale=es-ES; revision=7d81679f19f5fdaf5c8becaed58204869d1ac857
CFGEvntSLog.WinUI/Strings/Resources,CFGEvntSLog.WinUI Resources,szActionSpecific,Específico de Action,NG .resw source; locale=es-ES; revision=7d81679f19f5fdaf5c8becaed58204869d1ac857
CFGEvntSLog.WinUI/Strings/Resources,CFGEvntSLog.WinUI Resources,szAdvancedOptions,Opciones de tiempo de espera,NG .resw source; locale=es-ES; revision=7d81679f19f5fdaf5c8becaed58204869d1ac857
CFGEvntSLog.WinUI/Strings/Resources,CFGEvntSLog.WinUI Resources,szAgent,SNMP Servidor,NG .resw source; locale=es-ES; revision=7d81679f19f5fdaf5c8becaed58204869d1ac857
CFGEvntSLog.WinUI/Strings/Resources,CFGEvntSLog.WinUI Resources,szAgentIP,Dirección IP del agente,NG .resw source; locale=es-ES; revision=7d81679f19f5fdaf5c8becaed58204869d1ac857
CFGEvntSLog.WinUI/Strings/Resources,CFGEvntSLog.WinUI Resources,szAutoBackPath,Ruta de búsqueda,NG .resw source; locale=es-ES; revision=7d81679f19f5fdaf5c8becaed58204869d1ac857
CFGEvntSLog.WinUI/Strings/Resources,CFGEvntSLog.WinUI Resources,szAutoBackupRunCommand,Comando de posprocesamiento,NG .resw source; locale=es-ES; revision=7d81679f19f5fdaf5c8becaed58204869d1ac857
CFGEvntSLog.WinUI/Strings/Resources,CFGEvntSLog.WinUI Resources,szButtonVerifyLicense,Verificar licencia,NG .resw source; locale=es-ES; revision=7d81679f19f5fdaf5c8becaed58204869d1ac857
CFGEvntSLog.WinUI/Strings/Resources,CFGEvntSLog.WinUI Resources,szCacheEventInfo,"Por razones de rendimiento recomendamos usar todas las opciones de caché disponibles. Sin embargo, si no desea almacenar en caché los datos consultados del registro de eventos, puede deshabilitarlas aquí. ",NG .resw source; locale=es-ES; revision=7d81679f19f5fdaf5c8becaed58204869d1ac857
CFGEvntSLog.WinUI/Strings/Resources,CFGEvntSLog.WinUI Resources,szCharMatch,Coincidencia de personajes,NG .resw source; locale=es-ES; revision=7d81679f19f5fdaf5c8becaed58204869d1ac857
CFGEvntSLog.WinUI/Strings/Resources,CFGEvntSLog.WinUI Resources,szCharacterProcessing,Opciones relacionadas con el procesamiento de caracteres,NG .resw source; locale=es-ES; revision=7d81679f19f5fdaf5c8becaed58204869d1ac857
CFGEvntSLog.WinUI/Strings/Resources,CFGEvntSLog.WinUI Resources,szCircularDisabled,Registro continuo,NG .resw source; locale=es-ES; revision=7d81679f19f5fdaf5c8becaed58204869d1ac857
CFGEvntSLog.WinUI/Strings/Resources,CFGEvntSLog.WinUI Resources,szCircularEnabled,Registro circular,NG .resw source; locale=es-ES; revision=7d81679f19f5fdaf5c8becaed58204869d1ac857
CFGEvntSLog.WinUI/Strings/Resources,CFGEvntSLog.WinUI Resources,szClearEventLog0,Nunca borrar (predeterminado),NG .resw source; locale=es-ES; revision=7d81679f19f5fdaf5c8becaed58204869d1ac857
CFGEvntSLog.WinUI/Strings/Resources,CFGEvntSLog.WinUI Resources,szClearEventLog1,"Borrar después de ciclos de sondeo, cada vez",NG .resw source; locale=es-ES; revision=7d81679f19f5fdaf5c8becaed58204869d1ac857
CFGEvntSLog.WinUI/Strings/Resources,CFGEvntSLog.WinUI Resources,szClearEventLog2,"Borrar una vez al día, comenzando a la hora configurada",NG .resw source; locale=es-ES; revision=7d81679f19f5fdaf5c8becaed58204869d1ac857
CFGEvntSLog.WinUI/Strings/Resources,CFGEvntSLog.WinUI Resources,szCommand,Comando a ejecutar,NG .resw source; locale=es-ES; revision=7d81679f19f5fdaf5c8becaed58204869d1ac857
CFGEvntSLog.WinUI/Strings/Resources,CFGEvntSLog.WinUI Resources,szCommunity,Comunidad,NG .resw source; locale=es-ES; revision=7d81679f19f5fdaf5c8becaed58204869d1ac857
CFGEvntSLog.WinUI/Strings/Resources,CFGEvntSLog.WinUI Resources,szComputerName,Nombre de la computadora del servidor/IP,NG .resw source; locale=es-ES; revision=7d81679f19f5fdaf5c8becaed58204869d1ac857
CFGEvntSLog.WinUI/Strings/Resources,CFGEvntSLog.WinUI Resources,szConfigPostProcessPreview,Mensaje Vista previa de tus reglas,NG .resw source; locale=es-ES; revision=7d81679f19f5fdaf5c8becaed58204869d1ac857
CFGEvntSLog.WinUI/Strings/Resources,CFGEvntSLog.WinUI Resources,szConfigRequestPreview,Vista previa de la solicitud,NG .resw source; locale=es-ES; revision=7d81679f19f5fdaf5c8becaed58204869d1ac857
CFGEvntSLog.WinUI/Strings/Resources,CFGEvntSLog.WinUI Resources,szConfigUrlPreview,Vista previa de URL,NG .resw source; locale=es-ES; revision=7d81679f19f5fdaf5c8becaed58204869d1ac857
CFGEvntSLog.WinUI/Strings/Resources,CFGEvntSLog.WinUI Resources,szConnectionString,Configurar conexión OLEDB,NG .resw source; locale=es-ES; revision=7d81679f19f5fdaf5c8becaed58204869d1ac857
CFGEvntSLog.WinUI/Strings/Resources,CFGEvntSLog.WinUI Resources,szContentType,Content-Type,NG .resw source; locale=es-ES; revision=7d81679f19f5fdaf5c8becaed58204869d1ac857
CFGEvntSLog.WinUI/Strings/Resources,CFGEvntSLog.WinUI Resources,szCopyFormatIntoProperty,almacenar en propiedad,NG .resw source; locale=es-ES; revision=7d81679f19f5fdaf5c8becaed58204869d1ac857
CFGEvntSLog.WinUI/Strings/Resources,CFGEvntSLog.WinUI Resources,szCopyFormatIntoPropertyGroup,Copiar formato a propiedad,NG .resw source; locale=es-ES; revision=7d81679f19f5fdaf5c8becaed58204869d1ac857
CFGEvntSLog.WinUI/Strings/Resources,CFGEvntSLog.WinUI Resources,szCrashReporting,Informes de fallos,NG .resw source; locale=es-ES; revision=7d81679f19f5fdaf5c8becaed58204869d1ac857
CFGEvntSLog.WinUI/Strings/Resources,CFGEvntSLog.WinUI Resources,szCustomEventLog,Canal Eventlog personalizado,NG .resw source; locale=es-ES; revision=7d81679f19f5fdaf5c8becaed58204869d1ac857
CFGEvntSLog.WinUI/Strings/Resources,CFGEvntSLog.WinUI Resources,szCustomMessageFormat,Formato mensaje personalizado,NG .resw source; locale=es-ES; revision=7d81679f19f5fdaf5c8becaed58204869d1ac857
CFGEvntSLog.WinUI/Strings/Resources,CFGEvntSLog.WinUI Resources,szCustomSeparator,Separador personalizado,NG .resw source; locale=es-ES; revision=7d81679f19f5fdaf5c8becaed58204869d1ac857
CFGEvntSLog.WinUI/Strings/Resources,CFGEvntSLog.WinUI Resources,szCustomSource,Origen Eventlog personalizado,NG .resw source; locale=es-ES; revision=7d81679f19f5fdaf5c8becaed58204869d1ac857
CFGEvntSLog.WinUI/Strings/Resources,CFGEvntSLog.WinUI Resources,szCustomSyslogHeader,Usar encabezado Syslog personalizado,NG .resw source; locale=es-ES; revision=7d81679f19f5fdaf5c8becaed58204869d1ac857
CFGEvntSLog.WinUI/Strings/Resources,CFGEvntSLog.WinUI Resources,szDBDSN,DSN,NG .resw source; locale=es-ES; revision=7d81679f19f5fdaf5c8becaed58204869d1ac857
CFGEvntSLog.WinUI/Strings/Resources,CFGEvntSLog.WinUI Resources,szDBPass,Contraseña,NG .resw source; locale=es-ES; revision=7d81679f19f5fdaf5c8becaed58204869d1ac857
CFGEvntSLog.WinUI/Strings/Resources,CFGEvntSLog.WinUI Resources,szDBSelect,Sentencia SELECT,NG .resw source; locale=es-ES; revision=7d81679f19f5fdaf5c8becaed58204869d1ac857
CFGEvntSLog.WinUI/Strings/Resources,CFGEvntSLog.WinUI Resources,szDBTableName,Tabla base de datos,NG .resw source; locale=es-ES; revision=7d81679f19f5fdaf5c8becaed58204869d1ac857
CFGEvntSLog.WinUI/Strings/Resources,CFGEvntSLog.WinUI Resources,szDBUser,ID de usuario,NG .resw source; locale=es-ES; revision=7d81679f19f5fdaf5c8becaed58204869d1ac857
CFGEvntSLog.WinUI/Strings/Resources,CFGEvntSLog.WinUI Resources,szDTLSServer,Nombre del servidor DTLS,NG .resw source; locale=es-ES; revision=7d81679f19f5fdaf5c8becaed58204869d1ac857
CFGEvntSLog.WinUI/Strings/Resources,CFGEvntSLog.WinUI Resources,szDataCatalog,Catálogo de datos,NG .resw source; locale=es-ES; revision=7d81679f19f5fdaf5c8becaed58204869d1ac857
CFGEvntSLog.WinUI/Strings/Resources,CFGEvntSLog.WinUI Resources,szDataSource,Origen datos,NG .resw source; locale=es-ES; revision=7d81679f19f5fdaf5c8becaed58204869d1ac857
CFGEvntSLog.WinUI/Strings/Resources,CFGEvntSLog.WinUI Resources,szDatabaseValues,Propiedades base de datos,NG .resw source; locale=es-ES; revision=7d81679f19f5fdaf5c8becaed58204869d1ac857
CFGEvntSLog.WinUI/Strings/Resources,CFGEvntSLog.WinUI Resources,szDateTimeLT,Fecha/hora local,NG .resw source; locale=es-ES; revision=7d81679f19f5fdaf5c8becaed58204869d1ac857
CFGEvntSLog.WinUI/Strings/Resources,CFGEvntSLog.WinUI Resources,szDateTimeUTC,FechaHora UTC,NG .resw source; locale=es-ES; revision=7d81679f19f5fdaf5c8becaed58204869d1ac857
CFGEvntSLog.WinUI/Strings/Resources,CFGEvntSLog.WinUI Resources,szDebugFileName,Archivo y ruta,NG .resw source; locale=es-ES; revision=7d81679f19f5fdaf5c8becaed58204869d1ac857
CFGEvntSLog.WinUI/Strings/Resources,CFGEvntSLog.WinUI Resources,szDestinationPropertyName,Propiedad de destino en la que se guardará el nombre resuelto,NG .resw source; locale=es-ES; revision=7d81679f19f5fdaf5c8becaed58204869d1ac857
CFGEvntSLog.WinUI/Strings/Resources,CFGEvntSLog.WinUI Resources,szDetailProperties,Detalles,NG .resw source; locale=es-ES; revision=7d81679f19f5fdaf5c8becaed58204869d1ac857
CFGEvntSLog.WinUI/Strings/Resources,CFGEvntSLog.WinUI Resources,szDisabled,Deshabilitado,NG .resw source; locale=es-ES; revision=7d81679f19f5fdaf5c8becaed58204869d1ac857
CFGEvntSLog.WinUI/Strings/Resources,CFGEvntSLog.WinUI Resources,szDtsControlDisable,Deshabilitar control DTR,NG .resw source; locale=es-ES; revision=7d81679f19f5fdaf5c8becaed58204869d1ac857
CFGEvntSLog.WinUI/Strings/Resources,CFGEvntSLog.WinUI Resources,szDtsControlEnable,Habilitar control DTR,NG .resw source; locale=es-ES; revision=7d81679f19f5fdaf5c8becaed58204869d1ac857
CFGEvntSLog.WinUI/Strings/Resources,CFGEvntSLog.WinUI Resources,szDtsControlHandshake,Control de enlace DTR,NG .resw source; locale=es-ES; revision=7d81679f19f5fdaf5c8becaed58204869d1ac857
CFGEvntSLog.WinUI/Strings/Resources,CFGEvntSLog.WinUI Resources,szEditionInformation,"Tenga en cuenta que si activa la lista de remitentes permitidos, todos los servicios de red solo recibirán mensajes de los dispositivos configurados.

La configuración de la lista no tiene límite.
Pero si su licencia está limitada a 10 dispositivos, por ejemplo, solo funcionarán los primeros 10 remitentes configurados.",NG .resw source; locale=es-ES; revision=7d81679f19f5fdaf5c8becaed58204869d1ac857
CFGEvntSLog.WinUI/Strings/Resources,CFGEvntSLog.WinUI Resources,szEnableReportCrash,¿Habilitar informes de fallos?,NG .resw source; locale=es-ES; revision=7d81679f19f5fdaf5c8becaed58204869d1ac857
CFGEvntSLog.WinUI/Strings/Resources,CFGEvntSLog.WinUI Resources,szEnterprise,OID empresarial,NG .resw source; locale=es-ES; revision=7d81679f19f5fdaf5c8becaed58204869d1ac857
CFGEvntSLog.WinUI/Strings/Resources,CFGEvntSLog.WinUI Resources,szErrorLoadingConfiguration,Error al cargar la configuración,NG .resw source; locale=es-ES; revision=7d81679f19f5fdaf5c8becaed58204869d1ac857
CFGEvntSLog.WinUI/Strings/Resources,CFGEvntSLog.WinUI Resources,szErrorLoadingConfigurationText,No se pudo cargar la configuración:,NG .resw source; locale=es-ES; revision=7d81679f19f5fdaf5c8becaed58204869d1ac857
CFGEvntSLog.WinUI/Strings/Resources,CFGEvntSLog.WinUI Resources,szErrorRegistryAccessFailed,Error al acceder al registro de configuración local con el siguiente error: ,NG .resw source; locale=es-ES; revision=7d81679f19f5fdaf5c8becaed58204869d1ac857
CFGEvntSLog.WinUI/Strings/Resources,CFGEvntSLog.WinUI Resources,szErrorRemoteRegistryFailed,Error al acceder al registro de configuración remoto con el siguiente error:,NG .resw source; locale=es-ES; revision=7d81679f19f5fdaf5c8becaed58204869d1ac857
CFGEvntSLog.WinUI/Strings/Resources,CFGEvntSLog.WinUI Resources,szErrorRemoteRegistryFailed2,El cliente recargará la configuración local ahora.,NG .resw source; locale=es-ES; revision=7d81679f19f5fdaf5c8becaed58204869d1ac857
CFGEvntSLog.WinUI/Strings/Resources,CFGEvntSLog.WinUI Resources,szErrorSavingConfiguration,Error al guardar la configuración,NG .resw source; locale=es-ES; revision=7d81679f19f5fdaf5c8becaed58204869d1ac857
CFGEvntSLog.WinUI/Strings/Resources,CFGEvntSLog.WinUI Resources,szErrorSavingConfigurationText,No se pudo guardar la configuración: ,NG .resw source; locale=es-ES; revision=7d81679f19f5fdaf5c8becaed58204869d1ac857
CFGEvntSLog.WinUI/Strings/Resources,CFGEvntSLog.WinUI Resources,szErrorSavingData,Error al guardar las variables de datos,NG .resw source; locale=es-ES; revision=7d81679f19f5fdaf5c8becaed58204869d1ac857
CFGEvntSLog.WinUI/Strings/Resources,CFGEvntSLog.WinUI Resources,szErrorSavingDataText,Error al guardar las variables de datos para el siguiente directorio: ,NG .resw source; locale=es-ES; revision=7d81679f19f5fdaf5c8becaed58204869d1ac857
CFGEvntSLog.WinUI/Strings/Resources,CFGEvntSLog.WinUI Resources,szEvenParity,Paridad par,NG .resw source; locale=es-ES; revision=7d81679f19f5fdaf5c8becaed58204869d1ac857
CFGEvntSLog.WinUI/Strings/Resources,CFGEvntSLog.WinUI Resources,szEventLogCor_clear,Borrar todos los eventos del registro de eventos,NG .resw source; locale=es-ES; revision=7d81679f19f5fdaf5c8becaed58204869d1ac857
CFGEvntSLog.WinUI/Strings/Resources,CFGEvntSLog.WinUI Resources,szEventLogCor_ignore,Ignorar entrada corrupta del registro de eventos,NG .resw source; locale=es-ES; revision=7d81679f19f5fdaf5c8becaed58204869d1ac857
CFGEvntSLog.WinUI/Strings/Resources,CFGEvntSLog.WinUI Resources,szEventLogCor_retry,Reintentar procesamiento desde el principio,NG .resw source; locale=es-ES; revision=7d81679f19f5fdaf5c8becaed58204869d1ac857
CFGEvntSLog.WinUI/Strings/Resources,CFGEvntSLog.WinUI Resources,szEventLogV2WarningOnWinXp,Advertencia: esta versión de Windows no admite la nueva API del registro de eventos de Windows necesaria para este servicio. Puede configurar este servicio si tiene la intención de usar esta configuración en una máquina con un nivel de SO superior más adelante.,NG .resw source; locale=es-ES; revision=7d81679f19f5fdaf5c8becaed58204869d1ac857
CFGEvntSLog.WinUI/Strings/Resources,CFGEvntSLog.WinUI Resources,szEventPollingOptions,Opciones relacionadas con el sondeo de eventos,NG .resw source; locale=es-ES; revision=7d81679f19f5fdaf5c8becaed58204869d1ac857
CFGEvntSLog.WinUI/Strings/Resources,CFGEvntSLog.WinUI Resources,szEventTypesManage,Administrar canales de eventos,NG .resw source; locale=es-ES; revision=7d81679f19f5fdaf5c8becaed58204869d1ac857
CFGEvntSLog.WinUI/Strings/Resources,CFGEvntSLog.WinUI Resources,szEventTypesToLog,Tipos de registro de eventos a registrar,NG .resw source; locale=es-ES; revision=7d81679f19f5fdaf5c8becaed58204869d1ac857
CFGEvntSLog.WinUI/Strings/Resources,CFGEvntSLog.WinUI Resources,szEvtClrSaveFile,Nombre de archivo de respaldo,NG .resw source; locale=es-ES; revision=7d81679f19f5fdaf5c8becaed58204869d1ac857
CFGEvntSLog.WinUI/Strings/Resources,CFGEvntSLog.WinUI Resources,szFTPServer,Servidor FTP,NG .resw source; locale=es-ES; revision=7d81679f19f5fdaf5c8becaed58204869d1ac857
CFGEvntSLog.WinUI/Strings/Resources,CFGEvntSLog.WinUI Resources,szFieldContent_,Contenido campo,NG .resw source; locale=es-ES; revision=7d81679f19f5fdaf5c8becaed58204869d1ac857
CFGEvntSLog.WinUI/Strings/Resources,CFGEvntSLog.WinUI Resources,szFieldName_,Nombre campo,NG .resw source; locale=es-ES; revision=7d81679f19f5fdaf5c8becaed58204869d1ac857
CFGEvntSLog.WinUI/Strings/Resources,CFGEvntSLog.WinUI Resources,szFileBaseName,Nombre base archivo,NG .resw source; locale=es-ES; revision=7d81679f19f5fdaf5c8becaed58204869d1ac857
CFGEvntSLog.WinUI/Strings/Resources,CFGEvntSLog.WinUI Resources,szFileExtension,Extensión archivo,NG .resw source; locale=es-ES; revision=7d81679f19f5fdaf5c8becaed58204869d1ac857
CFGEvntSLog.WinUI/Strings/Resources,CFGEvntSLog.WinUI Resources,szFileFormatAdiscon,Adiscon,NG .resw source; locale=es-ES; revision=7d81679f19f5fdaf5c8becaed58204869d1ac857
CFGEvntSLog.WinUI/Strings/Resources,CFGEvntSLog.WinUI Resources,szFileFormatCustom,Formato personalizado,NG .resw source; locale=es-ES; revision=7d81679f19f5fdaf5c8becaed58204869d1ac857
CFGEvntSLog.WinUI/Strings/Resources,CFGEvntSLog.WinUI Resources,szFileFormatRaw,Mensaje Syslog RAW,NG .resw source; locale=es-ES; revision=7d81679f19f5fdaf5c8becaed58204869d1ac857
CFGEvntSLog.WinUI/Strings/Resources,CFGEvntSLog.WinUI Resources,szFileFormatWebtrends,Compatible Webtrends syslog,NG .resw source; locale=es-ES; revision=7d81679f19f5fdaf5c8becaed58204869d1ac857
CFGEvntSLog.WinUI/Strings/Resources,CFGEvntSLog.WinUI Resources,szFileHandlingOptions,Opciones manejo archivos,NG .resw source; locale=es-ES; revision=7d81679f19f5fdaf5c8becaed58204869d1ac857
CFGEvntSLog.WinUI/Strings/Resources,CFGEvntSLog.WinUI Resources,szFileNameOptions,Opciones nombre de archivo,NG .resw source; locale=es-ES; revision=7d81679f19f5fdaf5c8becaed58204869d1ac857
CFGEvntSLog.WinUI/Strings/Resources,CFGEvntSLog.WinUI Resources,szFilePath,Ruta,NG .resw source; locale=es-ES; revision=7d81679f19f5fdaf5c8becaed58204869d1ac857
CFGEvntSLog.WinUI/Strings/Resources,CFGEvntSLog.WinUI Resources,szFilename,Nombre del archivo de sonido,NG .resw source; locale=es-ES; revision=7d81679f19f5fdaf5c8becaed58204869d1ac857
CFGEvntSLog.WinUI/Strings/Resources,CFGEvntSLog.WinUI Resources,szFilenamePreview,Vista previa nombre,NG .resw source; locale=es-ES; revision=7d81679f19f5fdaf5c8becaed58204869d1ac857
CFGEvntSLog.WinUI/Strings/Resources,CFGEvntSLog.WinUI Resources,szFilenamePreviewLegendBase,Nombre base,NG .resw source; locale=es-ES; revision=7d81679f19f5fdaf5c8becaed58204869d1ac857
CFGEvntSLog.WinUI/Strings/Resources,CFGEvntSLog.WinUI Resources,szFilenamePreviewLegendDate,Origen / Fecha,NG .resw source; locale=es-ES; revision=7d81679f19f5fdaf5c8becaed58204869d1ac857
CFGEvntSLog.WinUI/Strings/Resources,CFGEvntSLog.WinUI Resources,szFilenamePreviewLegendExt,Extensión,NG .resw source; locale=es-ES; revision=7d81679f19f5fdaf5c8becaed58204869d1ac857
CFGEvntSLog.WinUI/Strings/Resources,CFGEvntSLog.WinUI Resources,szFilenamePreviewLegendPath,Ruta,NG .resw source; locale=es-ES; revision=7d81679f19f5fdaf5c8becaed58204869d1ac857
CFGEvntSLog.WinUI/Strings/Resources,CFGEvntSLog.WinUI Resources,szFilenamePreviewLegendSegment,Segmento #,NG .resw source; locale=es-ES; revision=7d81679f19f5fdaf5c8becaed58204869d1ac857
CFGEvntSLog.WinUI/Strings/Resources,CFGEvntSLog.WinUI Resources,szFilenamePreviewLegendTime,Hora: HH-MM-SS,NG .resw source; locale=es-ES; revision=7d81679f19f5fdaf5c8becaed58204869d1ac857
CFGEvntSLog.WinUI/Strings/Resources,CFGEvntSLog.WinUI Resources,szGeneralOptions,Opciones generales archivo,NG .resw source; locale=es-ES; revision=7d81679f19f5fdaf5c8becaed58204869d1ac857
CFGEvntSLog.WinUI/Strings/Resources,CFGEvntSLog.WinUI Resources,szGeneralValues,Valores generales,NG .resw source; locale=es-ES; revision=7d81679f19f5fdaf5c8becaed58204869d1ac857
CFGEvntSLog.WinUI/Strings/Resources,CFGEvntSLog.WinUI Resources,szGenericName0,0 - Arranque en frío,NG .resw source; locale=es-ES; revision=7d81679f19f5fdaf5c8becaed58204869d1ac857
CFGEvntSLog.WinUI/Strings/Resources,CFGEvntSLog.WinUI Resources,szGenericName1,1 - Arranque en caliente,NG .resw source; locale=es-ES; revision=7d81679f19f5fdaf5c8becaed58204869d1ac857
CFGEvntSLog.WinUI/Strings/Resources,CFGEvntSLog.WinUI Resources,szGenericName2,2 - Enlace caído,NG .resw source; locale=es-ES; revision=7d81679f19f5fdaf5c8becaed58204869d1ac857
CFGEvntSLog.WinUI/Strings/Resources,CFGEvntSLog.WinUI Resources,szGenericName3,3 - Enlace,NG .resw source; locale=es-ES; revision=7d81679f19f5fdaf5c8becaed58204869d1ac857
CFGEvntSLog.WinUI/Strings/Resources,CFGEvntSLog.WinUI Resources,szGenericName4,4 - Fallo de autenticación,NG .resw source; locale=es-ES; revision=7d81679f19f5fdaf5c8becaed58204869d1ac857
CFGEvntSLog.WinUI/Strings/Resources,CFGEvntSLog.WinUI Resources,szGenericName5,5 - Pérdida de vecino EGP,NG .resw source; locale=es-ES; revision=7d81679f19f5fdaf5c8becaed58204869d1ac857
CFGEvntSLog.WinUI/Strings/Resources,CFGEvntSLog.WinUI Resources,szGenericName6,6 - Específico de la empresa,NG .resw source; locale=es-ES; revision=7d81679f19f5fdaf5c8becaed58204869d1ac857
CFGEvntSLog.WinUI/Strings/Resources,CFGEvntSLog.WinUI Resources,szHTTPServer,Servidor HTTP,NG .resw source; locale=es-ES; revision=7d81679f19f5fdaf5c8becaed58204869d1ac857
CFGEvntSLog.WinUI/Strings/Resources,CFGEvntSLog.WinUI Resources,szHost,Anfitrión,NG .resw source; locale=es-ES; revision=7d81679f19f5fdaf5c8becaed58204869d1ac857
CFGEvntSLog.WinUI/Strings/Resources,CFGEvntSLog.WinUI Resources,szIMAPServer,Servidor IMAP,NG .resw source; locale=es-ES; revision=7d81679f19f5fdaf5c8becaed58204869d1ac857
CFGEvntSLog.WinUI/Strings/Resources,CFGEvntSLog.WinUI Resources,szIPAddress,Dirección IP o nombre de host,NG .resw source; locale=es-ES; revision=7d81679f19f5fdaf5c8becaed58204869d1ac857
CFGEvntSLog.WinUI/Strings/Resources,CFGEvntSLog.WinUI Resources,szIP_,Dirección IP,NG .resw source; locale=es-ES; revision=7d81679f19f5fdaf5c8becaed58204869d1ac857
CFGEvntSLog.WinUI/Strings/Resources,CFGEvntSLog.WinUI Resources,szIPv4,Dirección IP V4,NG .resw source; locale=es-ES; revision=7d81679f19f5fdaf5c8becaed58204869d1ac857
CFGEvntSLog.WinUI/Strings/Resources,CFGEvntSLog.WinUI Resources,szIgnoreTlsCertWarning,Desactive la validación del certificado TLS. Úselo solo en entornos de laboratorio o prueba.,NG .resw source; locale=es-ES; revision=7d81679f19f5fdaf5c8becaed58204869d1ac857
CFGEvntSLog.WinUI/Strings/Resources,CFGEvntSLog.WinUI Resources,szIncludeMsgSepInMessageDisabled,No incluir separador de mensaje en el mensaje,NG .resw source; locale=es-ES; revision=7d81679f19f5fdaf5c8becaed58204869d1ac857
CFGEvntSLog.WinUI/Strings/Resources,CFGEvntSLog.WinUI Resources,szIncludeMsgSepInMessageLastMsgSepPrepend,Anteponer separador encontrado anteriormente al mensaje,NG .resw source; locale=es-ES; revision=7d81679f19f5fdaf5c8becaed58204869d1ac857
CFGEvntSLog.WinUI/Strings/Resources,CFGEvntSLog.WinUI Resources,szIncludeMsgSepInMessageMsgSepAppend,Añadir separador encontrado al mensaje,NG .resw source; locale=es-ES; revision=7d81679f19f5fdaf5c8becaed58204869d1ac857
CFGEvntSLog.WinUI/Strings/Resources,CFGEvntSLog.WinUI Resources,szIncludeMsgSepInMessageMsgSepPrepend,Anteponer separador encontrado al mensaje,NG .resw source; locale=es-ES; revision=7d81679f19f5fdaf5c8becaed58204869d1ac857
CFGEvntSLog.WinUI/Strings/Resources,CFGEvntSLog.WinUI Resources,szInsertStatement,INSERTAR,NG .resw source; locale=es-ES; revision=7d81679f19f5fdaf5c8becaed58204869d1ac857
CFGEvntSLog.WinUI/Strings/Resources,CFGEvntSLog.WinUI Resources,szInt,entero,NG .resw source; locale=es-ES; revision=7d81679f19f5fdaf5c8becaed58204869d1ac857
CFGEvntSLog.WinUI/Strings/Resources,CFGEvntSLog.WinUI Resources,szInteger,Entero,NG .resw source; locale=es-ES; revision=7d81679f19f5fdaf5c8becaed58204869d1ac857
CFGEvntSLog.WinUI/Strings/Resources,CFGEvntSLog.WinUI Resources,szIsoTimestamp,Marca de tiempo similar a ISO,NG .resw source; locale=es-ES; revision=7d81679f19f5fdaf5c8becaed58204869d1ac857
CFGEvntSLog.WinUI/Strings/Resources,CFGEvntSLog.WinUI Resources,szIutFormat,Reenviar como código de representación XML de MWAgent,NG .resw source; locale=es-ES; revision=7d81679f19f5fdaf5c8becaed58204869d1ac857
CFGEvntSLog.WinUI/Strings/Resources,CFGEvntSLog.WinUI Resources,szJsonFormat,Usar formato Syslog mejorado CEE,NG .resw source; locale=es-ES; revision=7d81679f19f5fdaf5c8becaed58204869d1ac857
CFGEvntSLog.WinUI/Strings/Resources,CFGEvntSLog.WinUI Resources,szLastDBIndex,Último índice procesado,NG .resw source; locale=es-ES; revision=7d81679f19f5fdaf5c8becaed58204869d1ac857
CFGEvntSLog.WinUI/Strings/Resources,CFGEvntSLog.WinUI Resources,szLicense,Información de licencia,NG .resw source; locale=es-ES; revision=7d81679f19f5fdaf5c8becaed58204869d1ac857
CFGEvntSLog.WinUI/Strings/Resources,CFGEvntSLog.WinUI Resources,szLicenseFileIntro,"Coloque su archivo de licencia (.alic) en %DEFAULTLICENSEV2PATH%, o selecciónelo o arrástrelo aquí. Deje la ruta vacía para usar la ubicación predeterminada.",NG .resw source; locale=es-ES; revision=7d81679f19f5fdaf5c8becaed58204869d1ac857
CFGEvntSLog.WinUI/Strings/Resources,CFGEvntSLog.WinUI Resources,szLicenseV2,Archivo de licencia,NG .resw source; locale=es-ES; revision=7d81679f19f5fdaf5c8becaed58204869d1ac857
CFGEvntSLog.WinUI/Strings/Resources,CFGEvntSLog.WinUI Resources,szLicenseV2DefaultPath,Ruta predeterminada en tiempo de ejecución: %DEFAULTLICENSEV2PATH%. Deje este campo vacío para usar esa ubicación.,NG .resw source; locale=es-ES; revision=7d81679f19f5fdaf5c8becaed58204869d1ac857
CFGEvntSLog.WinUI/Strings/Resources,CFGEvntSLog.WinUI Resources,szLicenseV2Expired,El archivo de licencia ha caducado.,NG .resw source; locale=es-ES; revision=7d81679f19f5fdaf5c8becaed58204869d1ac857
CFGEvntSLog.WinUI/Strings/Resources,CFGEvntSLog.WinUI Resources,szLicenseV2NotYetValid,Este archivo de licencia aún no está activo. Será válido el %VALIDFROMLOCAL% (UTC: %VALIDFROMUTC%). Vuelva a intentarlo después de esa hora.,NG .resw source; locale=es-ES; revision=7d81679f19f5fdaf5c8becaed58204869d1ac857
CFGEvntSLog.WinUI/Strings/Resources,CFGEvntSLog.WinUI Resources,szLicenseV2NotYetValidGeneric,El archivo de licencia aún no es válido.,NG .resw source; locale=es-ES; revision=7d81679f19f5fdaf5c8becaed58204869d1ac857
CFGEvntSLog.WinUI/Strings/Resources,CFGEvntSLog.WinUI Resources,szLicenseV2NotYetValidIssued,La licencia se emitió el %ISSUEDATLOCAL%.,NG .resw source; locale=es-ES; revision=7d81679f19f5fdaf5c8becaed58204869d1ac857
CFGEvntSLog.WinUI/Strings/Resources,CFGEvntSLog.WinUI Resources,szLicenseV2Path,License file path,NG .resw source; locale=es-ES; revision=7d81679f19f5fdaf5c8becaed58204869d1ac857
CFGEvntSLog.WinUI/Strings/Resources,CFGEvntSLog.WinUI Resources,szLineFormat,Formato línea personalizado,NG .resw source; locale=es-ES; revision=7d81679f19f5fdaf5c8becaed58204869d1ac857
CFGEvntSLog.WinUI/Strings/Resources,CFGEvntSLog.WinUI Resources,szLoadedRuleSet,Conjunto de reglas cargado: ,NG .resw source; locale=es-ES; revision=7d81679f19f5fdaf5c8becaed58204869d1ac857
CFGEvntSLog.WinUI/Strings/Resources,CFGEvntSLog.WinUI Resources,szLoadedService,Servicio cargado: ,NG .resw source; locale=es-ES; revision=7d81679f19f5fdaf5c8becaed58204869d1ac857
CFGEvntSLog.WinUI/Strings/Resources,CFGEvntSLog.WinUI Resources,szLocation,Ubicación,NG .resw source; locale=es-ES; revision=7d81679f19f5fdaf5c8becaed58204869d1ac857
CFGEvntSLog.WinUI/Strings/Resources,CFGEvntSLog.WinUI Resources,szLogFileName,Archivo y nombre de ruta,NG .resw source; locale=es-ES; revision=7d81679f19f5fdaf5c8becaed58204869d1ac857
CFGEvntSLog.WinUI/Strings/Resources,CFGEvntSLog.WinUI Resources,szLogFileTypeStandard,Estándar,NG .resw source; locale=es-ES; revision=7d81679f19f5fdaf5c8becaed58204869d1ac857
CFGEvntSLog.WinUI/Strings/Resources,CFGEvntSLog.WinUI Resources,szLogFileTypeW3C,Archivo de registro de servidor web W3C,NG .resw source; locale=es-ES; revision=7d81679f19f5fdaf5c8becaed58204869d1ac857
CFGEvntSLog.WinUI/Strings/Resources,CFGEvntSLog.WinUI Resources,szLogMoveAfterRotatePath,Directorio destino,NG .resw source; locale=es-ES; revision=7d81679f19f5fdaf5c8becaed58204869d1ac857
CFGEvntSLog.WinUI/Strings/Resources,CFGEvntSLog.WinUI Resources,szLogPostProcessing,Postprocesado,NG .resw source; locale=es-ES; revision=7d81679f19f5fdaf5c8becaed58204869d1ac857
CFGEvntSLog.WinUI/Strings/Resources,CFGEvntSLog.WinUI Resources,szLogRotateDisableUniqueFilenameMessage,"La rotación gestiona automáticamente los nombres de archivo.

Ejemplo:
  application.log   → archivo actual
  application.log.1  → archivo anterior (rotado)
  application.log.2  → archivo más antiguo (rotado)

'Crear nombres únicos' añade marcas de tiempo. La rotación ya añade sufijos numéricos. Tener ambos activos es redundante.

¿Deshabilitar 'Crear nombres únicos'?",NG .resw source; locale=es-ES; revision=7d81679f19f5fdaf5c8becaed58204869d1ac857
CFGEvntSLog.WinUI/Strings/Resources,CFGEvntSLog.WinUI Resources,szLogRotateDisableUniqueFilenameTitle,Rotación,NG .resw source; locale=es-ES; revision=7d81679f19f5fdaf5c8becaed58204869d1ac857
CFGEvntSLog.WinUI/Strings/Resources,CFGEvntSLog.WinUI Resources,szLogRotateTimeoutUnitDays,Días,NG .resw source; locale=es-ES; revision=7d81679f19f5fdaf5c8becaed58204869d1ac857
CFGEvntSLog.WinUI/Strings/Resources,CFGEvntSLog.WinUI Resources,szLogRotateTimeoutUnitHours,Horas,NG .resw source; locale=es-ES; revision=7d81679f19f5fdaf5c8becaed58204869d1ac857
CFGEvntSLog.WinUI/Strings/Resources,CFGEvntSLog.WinUI Resources,szLogRotateTimeoutUnitMinutes,Minutos,NG .resw source; locale=es-ES; revision=7d81679f19f5fdaf5c8becaed58204869d1ac857
CFGEvntSLog.WinUI/Strings/Resources,CFGEvntSLog.WinUI Resources,szLogRotateTimeoutUnitMonths,Meses,NG .resw source; locale=es-ES; revision=7d81679f19f5fdaf5c8becaed58204869d1ac857
CFGEvntSLog.WinUI/Strings/Resources,CFGEvntSLog.WinUI Resources,szLogRotateTimeoutUnitSeconds,Segundos,NG .resw source; locale=es-ES; revision=7d81679f19f5fdaf5c8becaed58204869d1ac857
CFGEvntSLog.WinUI/Strings/Resources,CFGEvntSLog.WinUI Resources,szLogRotateTimeoutUnitWeeks,Semanas,NG .resw source; locale=es-ES; revision=7d81679f19f5fdaf5c8becaed58204869d1ac857
CFGEvntSLog.WinUI/Strings/Resources,CFGEvntSLog.WinUI Resources,szLogRotateTimeoutWarningCancelled,"El intervalo de rotación no se aplicó. Elija Sí para conservar un intervalo inferior a cinco minutos, o alargue el intervalo antes de confirmar los cambios.",NG .resw source; locale=es-ES; revision=7d81679f19f5fdaf5c8becaed58204869d1ac857
CFGEvntSLog.WinUI/Strings/Resources,CFGEvntSLog.WinUI Resources,szLogRotateTimeoutWarningNo,No,NG .resw source; locale=es-ES; revision=7d81679f19f5fdaf5c8becaed58204869d1ac857
CFGEvntSLog.WinUI/Strings/Resources,CFGEvntSLog.WinUI Resources,szLogRotateTimeoutWarningText,Rotar archivos de registro con una frecuencia superior a una vez cada cinco minutos puede crear muchos archivos y afectar al rendimiento del registro. ¿Desea mantener este intervalo?,NG .resw source; locale=es-ES; revision=7d81679f19f5fdaf5c8becaed58204869d1ac857
CFGEvntSLog.WinUI/Strings/Resources,CFGEvntSLog.WinUI Resources,szLogRotateTimeoutWarningTitle,Intervalo corto de rotación,NG .resw source; locale=es-ES; revision=7d81679f19f5fdaf5c8becaed58204869d1ac857
CFGEvntSLog.WinUI/Strings/Resources,CFGEvntSLog.WinUI Resources,szLogRotateTimeoutWarningUnavailable,"No se pudo mostrar la advertencia del intervalo. Alargue el intervalo a al menos cinco minutos, o inténtelo de nuevo.",NG .resw source; locale=es-ES; revision=7d81679f19f5fdaf5c8becaed58204869d1ac857
CFGEvntSLog.WinUI/Strings/Resources,CFGEvntSLog.WinUI Resources,szLogRotateTimeoutWarningYes,Sí,NG .resw source; locale=es-ES; revision=7d81679f19f5fdaf5c8becaed58204869d1ac857
CFGEvntSLog.WinUI/Strings/Resources,CFGEvntSLog.WinUI Resources,szLogType,Tipo de registro de eventos,NG .resw source; locale=es-ES; revision=7d81679f19f5fdaf5c8becaed58204869d1ac857
CFGEvntSLog.WinUI/Strings/Resources,CFGEvntSLog.WinUI Resources,szLogZipGzip,Compresión GZIP,NG .resw source; locale=es-ES; revision=7d81679f19f5fdaf5c8becaed58204869d1ac857
CFGEvntSLog.WinUI/Strings/Resources,CFGEvntSLog.WinUI Resources,szLogZipZip,Compresión ZIP,NG .resw source; locale=es-ES; revision=7d81679f19f5fdaf5c8becaed58204869d1ac857
CFGEvntSLog.WinUI/Strings/Resources,CFGEvntSLog.WinUI Resources,szMIBSPath,Ubicación MIBs SNMP,NG .resw source; locale=es-ES; revision=7d81679f19f5fdaf5c8becaed58204869d1ac857
CFGEvntSLog.WinUI/Strings/Resources,CFGEvntSLog.WinUI Resources,szMailServer,SMTP Servidor,NG .resw source; locale=es-ES; revision=7d81679f19f5fdaf5c8becaed58204869d1ac857
CFGEvntSLog.WinUI/Strings/Resources,CFGEvntSLog.WinUI Resources,szMarkParity,Paridad de marca,NG .resw source; locale=es-ES; revision=7d81679f19f5fdaf5c8becaed58204869d1ac857
CFGEvntSLog.WinUI/Strings/Resources,CFGEvntSLog.WinUI Resources,szMessage,Parámetro de normalización,NG .resw source; locale=es-ES; revision=7d81679f19f5fdaf5c8becaed58204869d1ac857
CFGEvntSLog.WinUI/Strings/Resources,CFGEvntSLog.WinUI Resources,szMessageBegin,Enviar esto al iniciar,NG .resw source; locale=es-ES; revision=7d81679f19f5fdaf5c8becaed58204869d1ac857
CFGEvntSLog.WinUI/Strings/Resources,CFGEvntSLog.WinUI Resources,szMessageEnd,Cómo termina el mensaje,NG .resw source; locale=es-ES; revision=7d81679f19f5fdaf5c8becaed58204869d1ac857
CFGEvntSLog.WinUI/Strings/Resources,CFGEvntSLog.WinUI Resources,szMessageExpected,Mensaje esperado: ,NG .resw source; locale=es-ES; revision=7d81679f19f5fdaf5c8becaed58204869d1ac857
CFGEvntSLog.WinUI/Strings/Resources,CFGEvntSLog.WinUI Resources,szMessageFormat,Formato del mensaje,NG .resw source; locale=es-ES; revision=7d81679f19f5fdaf5c8becaed58204869d1ac857
CFGEvntSLog.WinUI/Strings/Resources,CFGEvntSLog.WinUI Resources,szMessageMode,Campo de mensaje (%msg%),NG .resw source; locale=es-ES; revision=7d81679f19f5fdaf5c8becaed58204869d1ac857
CFGEvntSLog.WinUI/Strings/Resources,CFGEvntSLog.WinUI Resources,szMessageProcessing,Opciones relacionadas con el procesamiento de mensajes,NG .resw source; locale=es-ES; revision=7d81679f19f5fdaf5c8becaed58204869d1ac857
CFGEvntSLog.WinUI/Strings/Resources,CFGEvntSLog.WinUI Resources,szMessageToSend,Mensaje a enviar: ,NG .resw source; locale=es-ES; revision=7d81679f19f5fdaf5c8becaed58204869d1ac857
CFGEvntSLog.WinUI/Strings/Resources,CFGEvntSLog.WinUI Resources,szMessagecontent,Mensaje a registrar,NG .resw source; locale=es-ES; revision=7d81679f19f5fdaf5c8becaed58204869d1ac857
CFGEvntSLog.WinUI/Strings/Resources,CFGEvntSLog.WinUI Resources,szMoreInfoCrash,"Si está habilitado, los volcados se subirán automáticamente a http://crashdump.adiscon.com.
No contienen datos personales. Solo se envían datos relacionados con el problema.",NG .resw source; locale=es-ES; revision=7d81679f19f5fdaf5c8becaed58204869d1ac857
CFGEvntSLog.WinUI/Strings/Resources,CFGEvntSLog.WinUI Resources,szMoreInformation,Puede encontrar más información en nuestra página de inicio,NG .resw source; locale=es-ES; revision=7d81679f19f5fdaf5c8becaed58204869d1ac857
CFGEvntSLog.WinUI/Strings/Resources,CFGEvntSLog.WinUI Resources,szMsgSep_,Secuencia de separación de mensajes,NG .resw source; locale=es-ES; revision=7d81679f19f5fdaf5c8becaed58204869d1ac857
CFGEvntSLog.WinUI/Strings/Resources,CFGEvntSLog.WinUI Resources,szMultiCastAddress,Dirección de multidifusión,NG .resw source; locale=es-ES; revision=7d81679f19f5fdaf5c8becaed58204869d1ac857
CFGEvntSLog.WinUI/Strings/Resources,CFGEvntSLog.WinUI Resources,szMyIPAddress,Dirección de escucha IP,NG .resw source; locale=es-ES; revision=7d81679f19f5fdaf5c8becaed58204869d1ac857
CFGEvntSLog.WinUI/Strings/Resources,CFGEvntSLog.WinUI Resources,szNNTPServer,Servidor NNTP,NG .resw source; locale=es-ES; revision=7d81679f19f5fdaf5c8becaed58204869d1ac857
CFGEvntSLog.WinUI/Strings/Resources,CFGEvntSLog.WinUI Resources,szNetworkOptions,Específico de red,NG .resw source; locale=es-ES; revision=7d81679f19f5fdaf5c8becaed58204869d1ac857
CFGEvntSLog.WinUI/Strings/Resources,CFGEvntSLog.WinUI Resources,szNoParity,Sin paridad,NG .resw source; locale=es-ES; revision=7d81679f19f5fdaf5c8becaed58204869d1ac857
CFGEvntSLog.WinUI/Strings/Resources,CFGEvntSLog.WinUI Resources,szODBCDsn,DSN,NG .resw source; locale=es-ES; revision=7d81679f19f5fdaf5c8becaed58204869d1ac857
CFGEvntSLog.WinUI/Strings/Resources,CFGEvntSLog.WinUI Resources,szODBCPwd,Contraseña,NG .resw source; locale=es-ES; revision=7d81679f19f5fdaf5c8becaed58204869d1ac857
CFGEvntSLog.WinUI/Strings/Resources,CFGEvntSLog.WinUI Resources,szODBCUid,ID de usuario,NG .resw source; locale=es-ES; revision=7d81679f19f5fdaf5c8becaed58204869d1ac857
CFGEvntSLog.WinUI/Strings/Resources,CFGEvntSLog.WinUI Resources,szOddParity,Paridad impar,NG .resw source; locale=es-ES; revision=7d81679f19f5fdaf5c8becaed58204869d1ac857
CFGEvntSLog.WinUI/Strings/Resources,CFGEvntSLog.WinUI Resources,szOne5StopBits,"1,5 bit de parada",NG .resw source; locale=es-ES; revision=7d81679f19f5fdaf5c8becaed58204869d1ac857
CFGEvntSLog.WinUI/Strings/Resources,CFGEvntSLog.WinUI Resources,szOneStopBit,1 bit de parada,NG .resw source; locale=es-ES; revision=7d81679f19f5fdaf5c8becaed58204869d1ac857
CFGEvntSLog.WinUI/Strings/Resources,CFGEvntSLog.WinUI Resources,szOpenSearchOptions,Opciones de OpenSearch,NG .resw source; locale=es-ES; revision=7d81679f19f5fdaf5c8becaed58204869d1ac857
CFGEvntSLog.WinUI/Strings/Resources,CFGEvntSLog.WinUI Resources,szOperationType,Tipo de operación,NG .resw source; locale=es-ES; revision=7d81679f19f5fdaf5c8becaed58204869d1ac857
CFGEvntSLog.WinUI/Strings/Resources,CFGEvntSLog.WinUI Resources,szOptions,Opciones,NG .resw source; locale=es-ES; revision=7d81679f19f5fdaf5c8becaed58204869d1ac857
CFGEvntSLog.WinUI/Strings/Resources,CFGEvntSLog.WinUI Resources,szOtherOptions,Otras opciones Engine,NG .resw source; locale=es-ES; revision=7d81679f19f5fdaf5c8becaed58204869d1ac857
CFGEvntSLog.WinUI/Strings/Resources,CFGEvntSLog.WinUI Resources,szOutputFormat_CSV,Formato CSV,NG .resw source; locale=es-ES; revision=7d81679f19f5fdaf5c8becaed58204869d1ac857
CFGEvntSLog.WinUI/Strings/Resources,CFGEvntSLog.WinUI Resources,szOutputFormat_Disabled,Deshabilitado,NG .resw source; locale=es-ES; revision=7d81679f19f5fdaf5c8becaed58204869d1ac857
CFGEvntSLog.WinUI/Strings/Resources,CFGEvntSLog.WinUI Resources,szOutputFormat_JSON,Formato JSON,NG .resw source; locale=es-ES; revision=7d81679f19f5fdaf5c8becaed58204869d1ac857
CFGEvntSLog.WinUI/Strings/Resources,CFGEvntSLog.WinUI Resources,szOutputFormat_XML,Formato XML,NG .resw source; locale=es-ES; revision=7d81679f19f5fdaf5c8becaed58204869d1ac857
CFGEvntSLog.WinUI/Strings/Resources,CFGEvntSLog.WinUI Resources,szOutputProperty,Propiedad de salida,NG .resw source; locale=es-ES; revision=7d81679f19f5fdaf5c8becaed58204869d1ac857
CFGEvntSLog.WinUI/Strings/Resources,CFGEvntSLog.WinUI Resources,szOverwriteValues,Sobrescribir propiedades Syslog,NG .resw source; locale=es-ES; revision=7d81679f19f5fdaf5c8becaed58204869d1ac857
CFGEvntSLog.WinUI/Strings/Resources,CFGEvntSLog.WinUI Resources,szPOP3Server,Servidor POP3,NG .resw source; locale=es-ES; revision=7d81679f19f5fdaf5c8becaed58204869d1ac857
CFGEvntSLog.WinUI/Strings/Resources,CFGEvntSLog.WinUI Resources,szParameters,Parámetros del comando,NG .resw source; locale=es-ES; revision=7d81679f19f5fdaf5c8becaed58204869d1ac857
CFGEvntSLog.WinUI/Strings/Resources,CFGEvntSLog.WinUI Resources,szParsValue_,Valor,NG .resw source; locale=es-ES; revision=7d81679f19f5fdaf5c8becaed58204869d1ac857
CFGEvntSLog.WinUI/Strings/Resources,CFGEvntSLog.WinUI Resources,szPassword,Contraseña,NG .resw source; locale=es-ES; revision=7d81679f19f5fdaf5c8becaed58204869d1ac857
CFGEvntSLog.WinUI/Strings/Resources,CFGEvntSLog.WinUI Resources,szPathAndFileName,Archivo y nombre de ruta,NG .resw source; locale=es-ES; revision=7d81679f19f5fdaf5c8becaed58204869d1ac857
CFGEvntSLog.WinUI/Strings/Resources,CFGEvntSLog.WinUI Resources,szPortName,Enviar mensaje a este puerto de comunicación,NG .resw source; locale=es-ES; revision=7d81679f19f5fdaf5c8becaed58204869d1ac857
CFGEvntSLog.WinUI/Strings/Resources,CFGEvntSLog.WinUI Resources,szPortSettings,Configuración del puerto,NG .resw source; locale=es-ES; revision=7d81679f19f5fdaf5c8becaed58204869d1ac857
CFGEvntSLog.WinUI/Strings/Resources,CFGEvntSLog.WinUI Resources,szPostProcessApps,Solicitudes de posproceso disponibles,NG .resw source; locale=es-ES; revision=7d81679f19f5fdaf5c8becaed58204869d1ac857
CFGEvntSLog.WinUI/Strings/Resources,CFGEvntSLog.WinUI Resources,szPriorityLow,Prioridad baja,NG .resw source; locale=es-ES; revision=7d81679f19f5fdaf5c8becaed58204869d1ac857
CFGEvntSLog.WinUI/Strings/Resources,CFGEvntSLog.WinUI Resources,szPriorityNormal,Prioridad normal,NG .resw source; locale=es-ES; revision=7d81679f19f5fdaf5c8becaed58204869d1ac857
CFGEvntSLog.WinUI/Strings/Resources,CFGEvntSLog.WinUI Resources,szPriorityhigh,alta prioridad,NG .resw source; locale=es-ES; revision=7d81679f19f5fdaf5c8becaed58204869d1ac857
CFGEvntSLog.WinUI/Strings/Resources,CFGEvntSLog.WinUI Resources,szPropertiesTableName,Nombre tabla datos detalle,NG .resw source; locale=es-ES; revision=7d81679f19f5fdaf5c8becaed58204869d1ac857
CFGEvntSLog.WinUI/Strings/Resources,CFGEvntSLog.WinUI Resources,szPropertyName,Nombre de la variable de estado,NG .resw source; locale=es-ES; revision=7d81679f19f5fdaf5c8becaed58204869d1ac857
CFGEvntSLog.WinUI/Strings/Resources,CFGEvntSLog.WinUI Resources,szPropertyType,Seleccionar tipo de propiedad,NG .resw source; locale=es-ES; revision=7d81679f19f5fdaf5c8becaed58204869d1ac857
CFGEvntSLog.WinUI/Strings/Resources,CFGEvntSLog.WinUI Resources,szPropertyValue,Establecer valor de propiedad,NG .resw source; locale=es-ES; revision=7d81679f19f5fdaf5c8becaed58204869d1ac857
CFGEvntSLog.WinUI/Strings/Resources,CFGEvntSLog.WinUI Resources,szProperty_,Nombre de la propiedad,NG .resw source; locale=es-ES; revision=7d81679f19f5fdaf5c8becaed58204869d1ac857
CFGEvntSLog.WinUI/Strings/Resources,CFGEvntSLog.WinUI Resources,szProvider,Proveedor,NG .resw source; locale=es-ES; revision=7d81679f19f5fdaf5c8becaed58204869d1ac857
CFGEvntSLog.WinUI/Strings/Resources,CFGEvntSLog.WinUI Resources,szQueueBody,Cuerpo del mensaje en cola,NG .resw source; locale=es-ES; revision=7d81679f19f5fdaf5c8becaed58204869d1ac857
CFGEvntSLog.WinUI/Strings/Resources,CFGEvntSLog.WinUI Resources,szQueueLable,Etiqueta de mensaje en cola,NG .resw source; locale=es-ES; revision=7d81679f19f5fdaf5c8becaed58204869d1ac857
CFGEvntSLog.WinUI/Strings/Resources,CFGEvntSLog.WinUI Resources,szQueueName,nombre de cola,NG .resw source; locale=es-ES; revision=7d81679f19f5fdaf5c8becaed58204869d1ac857
CFGEvntSLog.WinUI/Strings/Resources,CFGEvntSLog.WinUI Resources,szRELPOptions,Opciones generales,NG .resw source; locale=es-ES; revision=7d81679f19f5fdaf5c8becaed58204869d1ac857
CFGEvntSLog.WinUI/Strings/Resources,CFGEvntSLog.WinUI Resources,szROM,Resto del mensaje,NG .resw source; locale=es-ES; revision=7d81679f19f5fdaf5c8becaed58204869d1ac857
CFGEvntSLog.WinUI/Strings/Resources,CFGEvntSLog.WinUI Resources,szReadFileBufferInfo,"El File Monitor lee archivos en fragmentos (bloques) según el tamaño del búfer.
El tamaño predeterminado es 4096 bytes, un buen equilibrio entre rendimiento y memoria.

Puede aumentar el tamaño si usa separadores de mensajes regex y sus líneas de registro superan el búfer predeterminado. En caso contrario, recomendamos no cambiar este valor.",NG .resw source; locale=es-ES; revision=7d81679f19f5fdaf5c8becaed58204869d1ac857
CFGEvntSLog.WinUI/Strings/Resources,CFGEvntSLog.WinUI Resources,szReferer,árbitro,NG .resw source; locale=es-ES; revision=7d81679f19f5fdaf5c8becaed58204869d1ac857
CFGEvntSLog.WinUI/Strings/Resources,CFGEvntSLog.WinUI Resources,szRegistryError,Error al acceder al registro de configuración,NG .resw source; locale=es-ES; revision=7d81679f19f5fdaf5c8becaed58204869d1ac857
CFGEvntSLog.WinUI/Strings/Resources,CFGEvntSLog.WinUI Resources,szRemoteHost,Host remoto,NG .resw source; locale=es-ES; revision=7d81679f19f5fdaf5c8becaed58204869d1ac857
CFGEvntSLog.WinUI/Strings/Resources,CFGEvntSLog.WinUI Resources,szRequestTemplateAdvancedHint,Deje la lista de propiedades JSON vacía y ambos campos en blanco para serializar automáticamente todas las propiedades InfoUnit como JSON (véase la vista previa). La plantilla avanzada reemplaza la lista de propiedades cuando no está vacía.,NG .resw source; locale=es-ES; revision=7d81679f19f5fdaf5c8becaed58204869d1ac857
CFGEvntSLog.WinUI/Strings/Resources,CFGEvntSLog.WinUI Resources,szRequestType,Tipo de solicitud,NG .resw source; locale=es-ES; revision=7d81679f19f5fdaf5c8becaed58204869d1ac857
CFGEvntSLog.WinUI/Strings/Resources,CFGEvntSLog.WinUI Resources,szResetValue,Restablecer valor,NG .resw source; locale=es-ES; revision=7d81679f19f5fdaf5c8becaed58204869d1ac857
CFGEvntSLog.WinUI/Strings/Resources,CFGEvntSLog.WinUI Resources,szRessourceOptions,Opciones de caché de biblioteca de recursos,NG .resw source; locale=es-ES; revision=7d81679f19f5fdaf5c8becaed58204869d1ac857
CFGEvntSLog.WinUI/Strings/Resources,CFGEvntSLog.WinUI Resources,szRestOutputAdvancedTab,Avanzado,NG .resw source; locale=es-ES; revision=7d81679f19f5fdaf5c8becaed58204869d1ac857
CFGEvntSLog.WinUI/Strings/Resources,CFGEvntSLog.WinUI Resources,szRestOutputGeneralTab,General,NG .resw source; locale=es-ES; revision=7d81679f19f5fdaf5c8becaed58204869d1ac857
CFGEvntSLog.WinUI/Strings/Resources,CFGEvntSLog.WinUI Resources,szRestOutputRequestTab,Solicitud,NG .resw source; locale=es-ES; revision=7d81679f19f5fdaf5c8becaed58204869d1ac857
CFGEvntSLog.WinUI/Strings/Resources,CFGEvntSLog.WinUI Resources,szRingBufferFile,Archivo y ruta,NG .resw source; locale=es-ES; revision=7d81679f19f5fdaf5c8becaed58204869d1ac857
CFGEvntSLog.WinUI/Strings/Resources,CFGEvntSLog.WinUI Resources,szRingBufferWarning,"Advertencia: si habilita caché en disco, ralentizará el procesamiento. Solo habilítelo si desea guardar la cola en disco por motivos de conmutación por error. Si el procesamiento se interrumpe, el servicio cargará la cola al iniciar y procesará lo que había en la cola.",NG .resw source; locale=es-ES; revision=7d81679f19f5fdaf5c8becaed58204869d1ac857
CFGEvntSLog.WinUI/Strings/Resources,CFGEvntSLog.WinUI Resources,szRotateConditions,Condiciones rotación,NG .resw source; locale=es-ES; revision=7d81679f19f5fdaf5c8becaed58204869d1ac857
CFGEvntSLog.WinUI/Strings/Resources,CFGEvntSLog.WinUI Resources,szRotatePostProcessing,PostProcessing tras rotación,NG .resw source; locale=es-ES; revision=7d81679f19f5fdaf5c8becaed58204869d1ac857
CFGEvntSLog.WinUI/Strings/Resources,CFGEvntSLog.WinUI Resources,szRotateWorkerOptions,Worker LogRotate en segundo plano,NG .resw source; locale=es-ES; revision=7d81679f19f5fdaf5c8becaed58204869d1ac857
CFGEvntSLog.WinUI/Strings/Resources,CFGEvntSLog.WinUI Resources,szRotateWorkerOptionsDescription,"El subsistema LogRotate en cola prepara archivos desacoplados y procesa trabajos de rotación en segundo plano.
Los trabajos pendientes se guardan en LogRotationQueue.json y continúan tras reiniciar.
Pueden aparecer archivos .staging temporales mientras se preparan archivos para rotación, compresión o movimiento.",NG .resw source; locale=es-ES; revision=7d81679f19f5fdaf5c8becaed58204869d1ac857
CFGEvntSLog.WinUI/Strings/Resources,CFGEvntSLog.WinUI Resources,szRtsControlDisable,Deshabilitar control RTS,NG .resw source; locale=es-ES; revision=7d81679f19f5fdaf5c8becaed58204869d1ac857
CFGEvntSLog.WinUI/Strings/Resources,CFGEvntSLog.WinUI Resources,szRtsControlEnable,Habilitar control RTS,NG .resw source; locale=es-ES; revision=7d81679f19f5fdaf5c8becaed58204869d1ac857
CFGEvntSLog.WinUI/Strings/Resources,CFGEvntSLog.WinUI Resources,szRtsControlHandshake,Control de enlace RTS,NG .resw source; locale=es-ES; revision=7d81679f19f5fdaf5c8becaed58204869d1ac857
CFGEvntSLog.WinUI/Strings/Resources,CFGEvntSLog.WinUI Resources,szRtsControlToggle,Alternar control RTS,NG .resw source; locale=es-ES; revision=7d81679f19f5fdaf5c8becaed58204869d1ac857
CFGEvntSLog.WinUI/Strings/Resources,CFGEvntSLog.WinUI Resources,szRuleEngineSpecific,Específico Rule Engine,NG .resw source; locale=es-ES; revision=7d81679f19f5fdaf5c8becaed58204869d1ac857
CFGEvntSLog.WinUI/Strings/Resources,CFGEvntSLog.WinUI Resources,szRuleSet,RuleSet a procesar,NG .resw source; locale=es-ES; revision=7d81679f19f5fdaf5c8becaed58204869d1ac857
CFGEvntSLog.WinUI/Strings/Resources,CFGEvntSLog.WinUI Resources,szRuleSetEngineOptions,RuleSet Motor,NG .resw source; locale=es-ES; revision=7d81679f19f5fdaf5c8becaed58204869d1ac857
CFGEvntSLog.WinUI/Strings/Resources,CFGEvntSLog.WinUI Resources,szRulebase,Seleccionar archivo de reglas,NG .resw source; locale=es-ES; revision=7d81679f19f5fdaf5c8becaed58204869d1ac857
CFGEvntSLog.WinUI/Strings/Resources,CFGEvntSLog.WinUI Resources,szSETPOptions,Opciones generales,NG .resw source; locale=es-ES; revision=7d81679f19f5fdaf5c8becaed58204869d1ac857
CFGEvntSLog.WinUI/Strings/Resources,CFGEvntSLog.WinUI Resources,szSMTPBody,Formato mensaje correo,NG .resw source; locale=es-ES; revision=7d81679f19f5fdaf5c8becaed58204869d1ac857
CFGEvntSLog.WinUI/Strings/Resources,CFGEvntSLog.WinUI Resources,szSMTPPassword,Contraseña SMTP,NG .resw source; locale=es-ES; revision=7d81679f19f5fdaf5c8becaed58204869d1ac857
CFGEvntSLog.WinUI/Strings/Resources,CFGEvntSLog.WinUI Resources,szSMTPRecipient,Destinatario,NG .resw source; locale=es-ES; revision=7d81679f19f5fdaf5c8becaed58204869d1ac857
CFGEvntSLog.WinUI/Strings/Resources,CFGEvntSLog.WinUI Resources,szSMTPSender,Remitente,NG .resw source; locale=es-ES; revision=7d81679f19f5fdaf5c8becaed58204869d1ac857
CFGEvntSLog.WinUI/Strings/Resources,CFGEvntSLog.WinUI Resources,szSMTPServer,Servidor correo,NG .resw source; locale=es-ES; revision=7d81679f19f5fdaf5c8becaed58204869d1ac857
CFGEvntSLog.WinUI/Strings/Resources,CFGEvntSLog.WinUI Resources,szSMTPServerBackup,Servidor respaldo,NG .resw source; locale=es-ES; revision=7d81679f19f5fdaf5c8becaed58204869d1ac857
CFGEvntSLog.WinUI/Strings/Resources,CFGEvntSLog.WinUI Resources,szSMTPSubject,Asunto,NG .resw source; locale=es-ES; revision=7d81679f19f5fdaf5c8becaed58204869d1ac857
CFGEvntSLog.WinUI/Strings/Resources,CFGEvntSLog.WinUI Resources,szSMTPUsername,Usuario SMTP,NG .resw source; locale=es-ES; revision=7d81679f19f5fdaf5c8becaed58204869d1ac857
CFGEvntSLog.WinUI/Strings/Resources,CFGEvntSLog.WinUI Resources,szSNMPOptions,SNMP Opciones,NG .resw source; locale=es-ES; revision=7d81679f19f5fdaf5c8becaed58204869d1ac857
CFGEvntSLog.WinUI/Strings/Resources,CFGEvntSLog.WinUI Resources,szSQLConnectionOptions,Opciones conexión,NG .resw source; locale=es-ES; revision=7d81679f19f5fdaf5c8becaed58204869d1ac857
CFGEvntSLog.WinUI/Strings/Resources,CFGEvntSLog.WinUI Resources,szSQLOptions,Opciones SQL,NG .resw source; locale=es-ES; revision=7d81679f19f5fdaf5c8becaed58204869d1ac857
CFGEvntSLog.WinUI/Strings/Resources,CFGEvntSLog.WinUI Resources,szSSLOptions,Opciones SSL,NG .resw source; locale=es-ES; revision=7d81679f19f5fdaf5c8becaed58204869d1ac857
CFGEvntSLog.WinUI/Strings/Resources,CFGEvntSLog.WinUI Resources,szSaveSourceProperty,Nombre de propiedad: ,NG .resw source; locale=es-ES; revision=7d81679f19f5fdaf5c8becaed58204869d1ac857
CFGEvntSLog.WinUI/Strings/Resources,CFGEvntSLog.WinUI Resources,szSelectStatement,Propiedades relacionadas con sentencia,NG .resw source; locale=es-ES; revision=7d81679f19f5fdaf5c8becaed58204869d1ac857
CFGEvntSLog.WinUI/Strings/Resources,CFGEvntSLog.WinUI Resources,szSelectStatementFROM,DE,NG .resw source; locale=es-ES; revision=7d81679f19f5fdaf5c8becaed58204869d1ac857
CFGEvntSLog.WinUI/Strings/Resources,CFGEvntSLog.WinUI Resources,szSelectStatementSELECT,SELECCIONAR,NG .resw source; locale=es-ES; revision=7d81679f19f5fdaf5c8becaed58204869d1ac857
CFGEvntSLog.WinUI/Strings/Resources,CFGEvntSLog.WinUI Resources,szSelpSendServer,Nombre del servidor RELP,NG .resw source; locale=es-ES; revision=7d81679f19f5fdaf5c8becaed58204869d1ac857
CFGEvntSLog.WinUI/Strings/Resources,CFGEvntSLog.WinUI Resources,szSendModeRoundRobin,Usar round robin (múltiples servidores syslog),NG .resw source; locale=es-ES; revision=7d81679f19f5fdaf5c8becaed58204869d1ac857
CFGEvntSLog.WinUI/Strings/Resources,CFGEvntSLog.WinUI Resources,szSendModeSingle,Usar un solo servidor syslog con servidor de respaldo opcional,NG .resw source; locale=es-ES; revision=7d81679f19f5fdaf5c8becaed58204869d1ac857
CFGEvntSLog.WinUI/Strings/Resources,CFGEvntSLog.WinUI Resources,szServer,Nombre del servidor,NG .resw source; locale=es-ES; revision=7d81679f19f5fdaf5c8becaed58204869d1ac857
CFGEvntSLog.WinUI/Strings/Resources,CFGEvntSLog.WinUI Resources,szServerName,Supervisar registro de eventos desde este host,NG .resw source; locale=es-ES; revision=7d81679f19f5fdaf5c8becaed58204869d1ac857
CFGEvntSLog.WinUI/Strings/Resources,CFGEvntSLog.WinUI Resources,szServiceName,Nombre del servicio,NG .resw source; locale=es-ES; revision=7d81679f19f5fdaf5c8becaed58204869d1ac857
CFGEvntSLog.WinUI/Strings/Resources,CFGEvntSLog.WinUI Resources,szSnmpCheckOid,OID de consulta (ID de objeto),NG .resw source; locale=es-ES; revision=7d81679f19f5fdaf5c8becaed58204869d1ac857
CFGEvntSLog.WinUI/Strings/Resources,CFGEvntSLog.WinUI Resources,szSnmpGeneralOptions,Opciones generales de SNMP,NG .resw source; locale=es-ES; revision=7d81679f19f5fdaf5c8becaed58204869d1ac857
CFGEvntSLog.WinUI/Strings/Resources,CFGEvntSLog.WinUI Resources,szSnmpRelatedValues,Consulta SNMP relacionada,NG .resw source; locale=es-ES; revision=7d81679f19f5fdaf5c8becaed58204869d1ac857
CFGEvntSLog.WinUI/Strings/Resources,CFGEvntSLog.WinUI Resources,szSnmpv2Oid,OID de trampa,NG .resw source; locale=es-ES; revision=7d81679f19f5fdaf5c8becaed58204869d1ac857
CFGEvntSLog.WinUI/Strings/Resources,CFGEvntSLog.WinUI Resources,szSourcePropertyName,Seleccione la propiedad de origen a partir de la cual se resolverá el nombre.,NG .resw source; locale=es-ES; revision=7d81679f19f5fdaf5c8becaed58204869d1ac857
CFGEvntSLog.WinUI/Strings/Resources,CFGEvntSLog.WinUI Resources,szSpaceParity,Paridad de espacio,NG .resw source; locale=es-ES; revision=7d81679f19f5fdaf5c8becaed58204869d1ac857
CFGEvntSLog.WinUI/Strings/Resources,CFGEvntSLog.WinUI Resources,szSpoofedIPAddress,IP fija o propiedad única,NG .resw source; locale=es-ES; revision=7d81679f19f5fdaf5c8becaed58204869d1ac857
CFGEvntSLog.WinUI/Strings/Resources,CFGEvntSLog.WinUI Resources,szStatusVar,Variable de estado,NG .resw source; locale=es-ES; revision=7d81679f19f5fdaf5c8becaed58204869d1ac857
CFGEvntSLog.WinUI/Strings/Resources,CFGEvntSLog.WinUI Resources,szStoredProcedure,CALL (procedimiento MSSQL),NG .resw source; locale=es-ES; revision=7d81679f19f5fdaf5c8becaed58204869d1ac857
CFGEvntSLog.WinUI/Strings/Resources,CFGEvntSLog.WinUI Resources,szSubscriptionOptions,Opciones relacionadas con la suscripción,NG .resw source; locale=es-ES; revision=7d81679f19f5fdaf5c8becaed58204869d1ac857
CFGEvntSLog.WinUI/Strings/Resources,CFGEvntSLog.WinUI Resources,szSyslogHeaderOptions,Opciones cabecera Syslog,NG .resw source; locale=es-ES; revision=7d81679f19f5fdaf5c8becaed58204869d1ac857
CFGEvntSLog.WinUI/Strings/Resources,CFGEvntSLog.WinUI Resources,szSyslogMaxMessageSizeDescription,"Con mensajes Syslog TCP grandes, este límite define cuándo dividir. Por defecto TCP: 1024000 bytes (1MB). UDP: 65536 bytes por límites del protocolo.",NG .resw source; locale=es-ES; revision=7d81679f19f5fdaf5c8becaed58204869d1ac857
CFGEvntSLog.WinUI/Strings/Resources,CFGEvntSLog.WinUI Resources,szSyslogMessageOptions,Opciones de mensaje Syslog,NG .resw source; locale=es-ES; revision=7d81679f19f5fdaf5c8becaed58204869d1ac857
CFGEvntSLog.WinUI/Strings/Resources,CFGEvntSLog.WinUI Resources,szSyslogNetworkOptions,Opciones relacionadas con la red,NG .resw source; locale=es-ES; revision=7d81679f19f5fdaf5c8becaed58204869d1ac857
CFGEvntSLog.WinUI/Strings/Resources,CFGEvntSLog.WinUI Resources,szSyslogProcessingCustomHeader,Usar encabezado Syslog personalizado,NG .resw source; locale=es-ES; revision=7d81679f19f5fdaf5c8becaed58204869d1ac857
CFGEvntSLog.WinUI/Strings/Resources,CFGEvntSLog.WinUI Resources,szSyslogProcessingDisabled,"Deshabilitar procesamiento, reenviar tal cual.",NG .resw source; locale=es-ES; revision=7d81679f19f5fdaf5c8becaed58204869d1ac857
CFGEvntSLog.WinUI/Strings/Resources,CFGEvntSLog.WinUI Resources,szSyslogProcessingRFC3164,Usar procesamiento RFC 3164 heredado,NG .resw source; locale=es-ES; revision=7d81679f19f5fdaf5c8becaed58204869d1ac857
CFGEvntSLog.WinUI/Strings/Resources,CFGEvntSLog.WinUI Resources,szSyslogProcessingRFC5424,Usar procesamiento RFC 5424 (recomendado),NG .resw source; locale=es-ES; revision=7d81679f19f5fdaf5c8becaed58204869d1ac857
CFGEvntSLog.WinUI/Strings/Resources,CFGEvntSLog.WinUI Resources,szSyslogQueue,Nombre de SyslogQueue,NG .resw source; locale=es-ES; revision=7d81679f19f5fdaf5c8becaed58204869d1ac857
CFGEvntSLog.WinUI/Strings/Resources,CFGEvntSLog.WinUI Resources,szSyslogQueueOptions,Opciones SyslogQueue,NG .resw source; locale=es-ES; revision=7d81679f19f5fdaf5c8becaed58204869d1ac857
CFGEvntSLog.WinUI/Strings/Resources,CFGEvntSLog.WinUI Resources,szSyslogSSLOptions,Opciones relacionadas con SSL/TLS,NG .resw source; locale=es-ES; revision=7d81679f19f5fdaf5c8becaed58204869d1ac857
CFGEvntSLog.WinUI/Strings/Resources,CFGEvntSLog.WinUI Resources,szSyslogSendServer,Servidor Syslog,NG .resw source; locale=es-ES; revision=7d81679f19f5fdaf5c8becaed58204869d1ac857
CFGEvntSLog.WinUI/Strings/Resources,CFGEvntSLog.WinUI Resources,szSyslogServerBackup,Servidor Syslog de respaldo,NG .resw source; locale=es-ES; revision=7d81679f19f5fdaf5c8becaed58204869d1ac857
CFGEvntSLog.WinUI/Strings/Resources,CFGEvntSLog.WinUI Resources,szSyslogServerOptions,Opciones del receptor Syslog,NG .resw source; locale=es-ES; revision=7d81679f19f5fdaf5c8becaed58204869d1ac857
CFGEvntSLog.WinUI/Strings/Resources,CFGEvntSLog.WinUI Resources,szSyslogServer_,Servidor Syslog,NG .resw source; locale=es-ES; revision=7d81679f19f5fdaf5c8becaed58204869d1ac857
CFGEvntSLog.WinUI/Strings/Resources,CFGEvntSLog.WinUI Resources,szSyslogTCPOptions,Opciones relacionadas con TCP,NG .resw source; locale=es-ES; revision=7d81679f19f5fdaf5c8becaed58204869d1ac857
CFGEvntSLog.WinUI/Strings/Resources,CFGEvntSLog.WinUI Resources,szSyslogTagValue,Valor de etiqueta Syslog,NG .resw source; locale=es-ES; revision=7d81679f19f5fdaf5c8becaed58204869d1ac857
CFGEvntSLog.WinUI/Strings/Resources,CFGEvntSLog.WinUI Resources,szSyslogTargetOptions,Opciones de destino Syslog,NG .resw source; locale=es-ES; revision=7d81679f19f5fdaf5c8becaed58204869d1ac857
CFGEvntSLog.WinUI/Strings/Resources,CFGEvntSLog.WinUI Resources,szSyslogUDPOptions,Opciones relacionadas con UDP,NG .resw source; locale=es-ES; revision=7d81679f19f5fdaf5c8becaed58204869d1ac857
CFGEvntSLog.WinUI/Strings/Resources,CFGEvntSLog.WinUI Resources,szTCPMsgSep,Secuencia de separación de mensajes,NG .resw source; locale=es-ES; revision=7d81679f19f5fdaf5c8becaed58204869d1ac857
CFGEvntSLog.WinUI/Strings/Resources,CFGEvntSLog.WinUI Resources,szTCPOptions,Opciones TCP,NG .resw source; locale=es-ES; revision=7d81679f19f5fdaf5c8becaed58204869d1ac857
CFGEvntSLog.WinUI/Strings/Resources,CFGEvntSLog.WinUI Resources,szTLSAdvancedOptions,TLS avanzado,NG .resw source; locale=es-ES; revision=7d81679f19f5fdaf5c8becaed58204869d1ac857
CFGEvntSLog.WinUI/Strings/Resources,CFGEvntSLog.WinUI Resources,szTLSCommandsInfo,"Al habilitar esta opción, puede establecer comandos de configuración OpenSSL directamente. Para más información sobre los parámetros de configuración disponibles para cada tipo de comando, visite: ",NG .resw source; locale=es-ES; revision=7d81679f19f5fdaf5c8becaed58204869d1ac857
CFGEvntSLog.WinUI/Strings/Resources,CFGEvntSLog.WinUI Resources,szTLSCommandsInfoLink,Documentación de OpenSSL SSL_CONF_cmd,NG .resw source; locale=es-ES; revision=7d81679f19f5fdaf5c8becaed58204869d1ac857
CFGEvntSLog.WinUI/Strings/Resources,CFGEvntSLog.WinUI Resources,szTLSOptions,Opciones TLS,NG .resw source; locale=es-ES; revision=7d81679f19f5fdaf5c8becaed58204869d1ac857
CFGEvntSLog.WinUI/Strings/Resources,CFGEvntSLog.WinUI Resources,szTabAdvanced,Opciones avanzadas,NG .resw source; locale=es-ES; revision=7d81679f19f5fdaf5c8becaed58204869d1ac857
CFGEvntSLog.WinUI/Strings/Resources,CFGEvntSLog.WinUI Resources,szTabCPU,UPC,NG .resw source; locale=es-ES; revision=7d81679f19f5fdaf5c8becaed58204869d1ac857
CFGEvntSLog.WinUI/Strings/Resources,CFGEvntSLog.WinUI Resources,szTabCaching,Almacenamiento en caché de eventos,NG .resw source; locale=es-ES; revision=7d81679f19f5fdaf5c8becaed58204869d1ac857
CFGEvntSLog.WinUI/Strings/Resources,CFGEvntSLog.WinUI Resources,szTabEncoding,Codificación,NG .resw source; locale=es-ES; revision=7d81679f19f5fdaf5c8becaed58204869d1ac857
CFGEvntSLog.WinUI/Strings/Resources,CFGEvntSLog.WinUI Resources,szTabEventChannels,Canales de eventos,NG .resw source; locale=es-ES; revision=7d81679f19f5fdaf5c8becaed58204869d1ac857
CFGEvntSLog.WinUI/Strings/Resources,CFGEvntSLog.WinUI Resources,szTabFiles,Archivos procesados,NG .resw source; locale=es-ES; revision=7d81679f19f5fdaf5c8becaed58204869d1ac857
CFGEvntSLog.WinUI/Strings/Resources,CFGEvntSLog.WinUI Resources,szTabGeneral,Opciones generales,NG .resw source; locale=es-ES; revision=7d81679f19f5fdaf5c8becaed58204869d1ac857
CFGEvntSLog.WinUI/Strings/Resources,CFGEvntSLog.WinUI Resources,szTabMailFormatOptions,Opciones formato correo,NG .resw source; locale=es-ES; revision=7d81679f19f5fdaf5c8becaed58204869d1ac857
CFGEvntSLog.WinUI/Strings/Resources,CFGEvntSLog.WinUI Resources,szTabMailServerOptions,Opciones servidor correo,NG .resw source; locale=es-ES; revision=7d81679f19f5fdaf5c8becaed58204869d1ac857
CFGEvntSLog.WinUI/Strings/Resources,CFGEvntSLog.WinUI Resources,szTabMemory,Memoria total,NG .resw source; locale=es-ES; revision=7d81679f19f5fdaf5c8becaed58204869d1ac857
CFGEvntSLog.WinUI/Strings/Resources,CFGEvntSLog.WinUI Resources,szTabMsgSep,Separadores de mensajes,NG .resw source; locale=es-ES; revision=7d81679f19f5fdaf5c8becaed58204869d1ac857
CFGEvntSLog.WinUI/Strings/Resources,CFGEvntSLog.WinUI Resources,szTabPhyMemory,Memoria física,NG .resw source; locale=es-ES; revision=7d81679f19f5fdaf5c8becaed58204869d1ac857
CFGEvntSLog.WinUI/Strings/Resources,CFGEvntSLog.WinUI Resources,szTabVirtMemory,Memoria virtual,NG .resw source; locale=es-ES; revision=7d81679f19f5fdaf5c8becaed58204869d1ac857
CFGEvntSLog.WinUI/Strings/Resources,CFGEvntSLog.WinUI Resources,szTableID,Nombre del campo ID,NG .resw source; locale=es-ES; revision=7d81679f19f5fdaf5c8becaed58204869d1ac857
CFGEvntSLog.WinUI/Strings/Resources,CFGEvntSLog.WinUI Resources,szTableName,Nombre tabla,NG .resw source; locale=es-ES; revision=7d81679f19f5fdaf5c8becaed58204869d1ac857
CFGEvntSLog.WinUI/Strings/Resources,CFGEvntSLog.WinUI Resources,szTarget,Máquina objetivo,NG .resw source; locale=es-ES; revision=7d81679f19f5fdaf5c8becaed58204869d1ac857
CFGEvntSLog.WinUI/Strings/Resources,CFGEvntSLog.WinUI Resources,szText,texto,NG .resw source; locale=es-ES; revision=7d81679f19f5fdaf5c8becaed58204869d1ac857
CFGEvntSLog.WinUI/Strings/Resources,CFGEvntSLog.WinUI Resources,szTwoStopBits,2 bits de parada,NG .resw source; locale=es-ES; revision=7d81679f19f5fdaf5c8becaed58204869d1ac857
CFGEvntSLog.WinUI/Strings/Resources,CFGEvntSLog.WinUI Resources,szTypeAgentcap,Gorra de agente,NG .resw source; locale=es-ES; revision=7d81679f19f5fdaf5c8becaed58204869d1ac857
CFGEvntSLog.WinUI/Strings/Resources,CFGEvntSLog.WinUI Resources,szTypeBitstring,Cadena de bits,NG .resw source; locale=es-ES; revision=7d81679f19f5fdaf5c8becaed58204869d1ac857
CFGEvntSLog.WinUI/Strings/Resources,CFGEvntSLog.WinUI Resources,szTypeCounter,Encimera,NG .resw source; locale=es-ES; revision=7d81679f19f5fdaf5c8becaed58204869d1ac857
CFGEvntSLog.WinUI/Strings/Resources,CFGEvntSLog.WinUI Resources,szTypeCounter64,contador64,NG .resw source; locale=es-ES; revision=7d81679f19f5fdaf5c8becaed58204869d1ac857
CFGEvntSLog.WinUI/Strings/Resources,CFGEvntSLog.WinUI Resources,szTypeGauge,Indicador,NG .resw source; locale=es-ES; revision=7d81679f19f5fdaf5c8becaed58204869d1ac857
CFGEvntSLog.WinUI/Strings/Resources,CFGEvntSLog.WinUI Resources,szTypeInteger,Entero,NG .resw source; locale=es-ES; revision=7d81679f19f5fdaf5c8becaed58204869d1ac857
CFGEvntSLog.WinUI/Strings/Resources,CFGEvntSLog.WinUI Resources,szTypeInteger32,Entero con signo32,NG .resw source; locale=es-ES; revision=7d81679f19f5fdaf5c8becaed58204869d1ac857
CFGEvntSLog.WinUI/Strings/Resources,CFGEvntSLog.WinUI Resources,szTypeIpaddr,Dirección IP,NG .resw source; locale=es-ES; revision=7d81679f19f5fdaf5c8becaed58204869d1ac857
CFGEvntSLog.WinUI/Strings/Resources,CFGEvntSLog.WinUI Resources,szTypeModcomp,Compensación de mods,NG .resw source; locale=es-ES; revision=7d81679f19f5fdaf5c8becaed58204869d1ac857
CFGEvntSLog.WinUI/Strings/Resources,CFGEvntSLog.WinUI Resources,szTypeModid,ID de modificación,NG .resw source; locale=es-ES; revision=7d81679f19f5fdaf5c8becaed58204869d1ac857
CFGEvntSLog.WinUI/Strings/Resources,CFGEvntSLog.WinUI Resources,szTypeNetaddr,Dirección neta,NG .resw source; locale=es-ES; revision=7d81679f19f5fdaf5c8becaed58204869d1ac857
CFGEvntSLog.WinUI/Strings/Resources,CFGEvntSLog.WinUI Resources,szTypeNotiftype,Tipo de notificación,NG .resw source; locale=es-ES; revision=7d81679f19f5fdaf5c8becaed58204869d1ac857
CFGEvntSLog.WinUI/Strings/Resources,CFGEvntSLog.WinUI Resources,szTypeNsapaddress,Dirección NSAP,NG .resw source; locale=es-ES; revision=7d81679f19f5fdaf5c8becaed58204869d1ac857
CFGEvntSLog.WinUI/Strings/Resources,CFGEvntSLog.WinUI Resources,szTypeNull,Nulo,NG .resw source; locale=es-ES; revision=7d81679f19f5fdaf5c8becaed58204869d1ac857
CFGEvntSLog.WinUI/Strings/Resources,CFGEvntSLog.WinUI Resources,szTypeObjgroup,Grupo de objetos,NG .resw source; locale=es-ES; revision=7d81679f19f5fdaf5c8becaed58204869d1ac857
CFGEvntSLog.WinUI/Strings/Resources,CFGEvntSLog.WinUI Resources,szTypeObjid,ID de objeto,NG .resw source; locale=es-ES; revision=7d81679f19f5fdaf5c8becaed58204869d1ac857
CFGEvntSLog.WinUI/Strings/Resources,CFGEvntSLog.WinUI Resources,szTypeOctetstr,Cadena de octeto,NG .resw source; locale=es-ES; revision=7d81679f19f5fdaf5c8becaed58204869d1ac857
CFGEvntSLog.WinUI/Strings/Resources,CFGEvntSLog.WinUI Resources,szTypeOpaque,Opaco,NG .resw source; locale=es-ES; revision=7d81679f19f5fdaf5c8becaed58204869d1ac857
CFGEvntSLog.WinUI/Strings/Resources,CFGEvntSLog.WinUI Resources,szTypeOther,Otro,NG .resw source; locale=es-ES; revision=7d81679f19f5fdaf5c8becaed58204869d1ac857
CFGEvntSLog.WinUI/Strings/Resources,CFGEvntSLog.WinUI Resources,szTypeTimeticks,Marcas de tiempo,NG .resw source; locale=es-ES; revision=7d81679f19f5fdaf5c8becaed58204869d1ac857
CFGEvntSLog.WinUI/Strings/Resources,CFGEvntSLog.WinUI Resources,szTypeTraptype,Tipo de trampa,NG .resw source; locale=es-ES; revision=7d81679f19f5fdaf5c8becaed58204869d1ac857
CFGEvntSLog.WinUI/Strings/Resources,CFGEvntSLog.WinUI Resources,szTypeUinteger,UInteger,NG .resw source; locale=es-ES; revision=7d81679f19f5fdaf5c8becaed58204869d1ac857
CFGEvntSLog.WinUI/Strings/Resources,CFGEvntSLog.WinUI Resources,szTypeUnsigned32,Entero sin signo32,NG .resw source; locale=es-ES; revision=7d81679f19f5fdaf5c8becaed58204869d1ac857
CFGEvntSLog.WinUI/Strings/Resources,CFGEvntSLog.WinUI Resources,szUDPOptions,Opciones UDP,NG .resw source; locale=es-ES; revision=7d81679f19f5fdaf5c8becaed58204869d1ac857
CFGEvntSLog.WinUI/Strings/Resources,CFGEvntSLog.WinUI Resources,szUnixTimestamp,Marca de tiempo similar a UNIX/LINUX,NG .resw source; locale=es-ES; revision=7d81679f19f5fdaf5c8becaed58204869d1ac857
CFGEvntSLog.WinUI/Strings/Resources,CFGEvntSLog.WinUI Resources,szUpTo,Hasta,NG .resw source; locale=es-ES; revision=7d81679f19f5fdaf5c8becaed58204869d1ac857
CFGEvntSLog.WinUI/Strings/Resources,CFGEvntSLog.WinUI Resources,szUrl,URL y cadena de consulta,NG .resw source; locale=es-ES; revision=7d81679f19f5fdaf5c8becaed58204869d1ac857
CFGEvntSLog.WinUI/Strings/Resources,CFGEvntSLog.WinUI Resources,szUserAgent,Agente de usuario (navegador),NG .resw source; locale=es-ES; revision=7d81679f19f5fdaf5c8becaed58204869d1ac857
CFGEvntSLog.WinUI/Strings/Resources,CFGEvntSLog.WinUI Resources,szUsername,Nombre de usuario,NG .resw source; locale=es-ES; revision=7d81679f19f5fdaf5c8becaed58204869d1ac857
CFGEvntSLog.WinUI/Strings/Resources,CFGEvntSLog.WinUI Resources,szVarChar,varchar,NG .resw source; locale=es-ES; revision=7d81679f19f5fdaf5c8becaed58204869d1ac857
CFGEvntSLog.WinUI/Strings/Resources,CFGEvntSLog.WinUI Resources,szVariableOID_,OID variable,NG .resw source; locale=es-ES; revision=7d81679f19f5fdaf5c8becaed58204869d1ac857
CFGEvntSLog.WinUI/Strings/Resources,CFGEvntSLog.WinUI Resources,szVariableValue_,Valor variable,NG .resw source; locale=es-ES; revision=7d81679f19f5fdaf5c8becaed58204869d1ac857
CFGEvntSLog.WinUI/Strings/Resources,CFGEvntSLog.WinUI Resources,szW3CHeader,Valor de encabezado W3C,NG .resw source; locale=es-ES; revision=7d81679f19f5fdaf5c8becaed58204869d1ac857
CFGEvntSLog.WinUI/Strings/Resources,CFGEvntSLog.WinUI Resources,szWarningSavingConfiguration,Advertencia al guardar la configuración,NG .resw source; locale=es-ES; revision=7d81679f19f5fdaf5c8becaed58204869d1ac857
CFGEvntSLog.WinUI/Strings/Resources,CFGEvntSLog.WinUI Resources,szWarningSavingConfigurationBackup,Error al crear copia de seguridad del archivo de configuración anterior. Guardar la configuración en el siguiente archivo puede fallar: ,NG .resw source; locale=es-ES; revision=7d81679f19f5fdaf5c8becaed58204869d1ac857
CFGEvntSLog.WinUI/Strings/Resources,CFGEvntSLog.WinUI Resources,szWarningSavingConfigurationOldFile,Error al eliminar un archivo de configuración anterior. El archivo puede estar bloqueado por otro proceso. Deberá eliminar manualmente el siguiente archivo: ,NG .resw source; locale=es-ES; revision=7d81679f19f5fdaf5c8becaed58204869d1ac857
CFGEvntSLog.WinUI/Strings/Resources,CFGEvntSLog.WinUI Resources,szWord,Una sola palabra,NG .resw source; locale=es-ES; revision=7d81679f19f5fdaf5c8becaed58204869d1ac857
CFGEvntSLog.WinUI/Strings/Resources,CFGEvntSLog.WinUI Resources,szXMLBookmark,Último registro,NG .resw source; locale=es-ES; revision=7d81679f19f5fdaf5c8becaed58204869d1ac857
CFGEvntSLog.WinUI/Strings/Resources,CFGEvntSLog.WinUI Resources,szXmlFormat,Formato XML,NG .resw source; locale=es-ES; revision=7d81679f19f5fdaf5c8becaed58204869d1ac857
CFGEvntSLog.WinUI/Strings/Resources,CFGEvntSLog.WinUI Resources,sz_runhigh,Alto,NG .resw source; locale=es-ES; revision=7d81679f19f5fdaf5c8becaed58204869d1ac857
CFGEvntSLog.WinUI/Strings/Resources,CFGEvntSLog.WinUI Resources,sz_runidle,Prioridad inactiva,NG .resw source; locale=es-ES; revision=7d81679f19f5fdaf5c8becaed58204869d1ac857
CFGEvntSLog.WinUI/Strings/Resources,CFGEvntSLog.WinUI Resources,sz_runlow,Bajo,NG .resw source; locale=es-ES; revision=7d81679f19f5fdaf5c8becaed58204869d1ac857
CFGEvntSLog.WinUI/Strings/Resources,CFGEvntSLog.WinUI Resources,sz_runnormal,Normal,NG .resw source; locale=es-ES; revision=7d81679f19f5fdaf5c8becaed58204869d1ac857
CFGEvntSLog.WinUI/Strings/Resources,CFGEvntSLog.WinUI Resources,tlsallowedentries,Pares permitidos,NG .resw source; locale=es-ES; revision=7d81679f19f5fdaf5c8becaed58204869d1ac857
CFGEvntSLog.WinUI/Strings/Resources,CFGEvntSLog.WinUI Resources,txteventchannels,Canal del registro de eventos,NG .resw source; locale=es-ES; revision=7d81679f19f5fdaf5c8becaed58204869d1ac857
CFGEvntSLog.WinUI/Strings/Resources,CFGEvntSLog.WinUI Resources,txtfileitems,Nombre de archivo,NG .resw source; locale=es-ES; revision=7d81679f19f5fdaf5c8becaed58204869d1ac857
CFGEvntSLog.WinUI/Strings/Resources,CFGEvntSLog.WinUI Resources,txtprocessedfiles,Nombre de archivo procesado,NG .resw source; locale=es-ES; revision=7d81679f19f5fdaf5c8becaed58204869d1ac857
