Unit,Unit Name,ID,Text,Comment
CFGEvntSLog.WinUI/Strings/Resources,CFGEvntSLog.WinUI Resources,AppDisplayName,EventReporter Agent,NG .resw source; locale=et-EE; revision=7d81679f19f5fdaf5c8becaed58204869d1ac857
CFGEvntSLog.WinUI/Strings/Resources,CFGEvntSLog.WinUI Resources,Help_ApplicationIdentityTitle,Rakenduse identiteet,NG .resw source; locale=et-EE; revision=7d81679f19f5fdaf5c8becaed58204869d1ac857
CFGEvntSLog.WinUI/Strings/Resources,CFGEvntSLog.WinUI Resources,Help_ExecutableFormat,Pärandväljundi nimi: {0},NG .resw source; locale=et-EE; revision=7d81679f19f5fdaf5c8becaed58204869d1ac857
CFGEvntSLog.WinUI/Strings/Resources,CFGEvntSLog.WinUI Resources,Help_OnlineResourcesTitle,Veebiressursid,NG .resw source; locale=et-EE; revision=7d81679f19f5fdaf5c8becaed58204869d1ac857
CFGEvntSLog.WinUI/Strings/Resources,CFGEvntSLog.WinUI Resources,Help_OpenOnlineDocs,Ava veebidokumentatsioon,NG .resw source; locale=et-EE; revision=7d81679f19f5fdaf5c8becaed58204869d1ac857
CFGEvntSLog.WinUI/Strings/Resources,CFGEvntSLog.WinUI Resources,Help_OpenProductSite,Ava toote veebisait,NG .resw source; locale=et-EE; revision=7d81679f19f5fdaf5c8becaed58204869d1ac857
CFGEvntSLog.WinUI/Strings/Resources,CFGEvntSLog.WinUI Resources,Help_OpenSupport,Ava tugi,NG .resw source; locale=et-EE; revision=7d81679f19f5fdaf5c8becaed58204869d1ac857
CFGEvntSLog.WinUI/Strings/Resources,CFGEvntSLog.WinUI Resources,Help_OpenedOnlineDocs,Veebidokumentatsioon avati.,NG .resw source; locale=et-EE; revision=7d81679f19f5fdaf5c8becaed58204869d1ac857
CFGEvntSLog.WinUI/Strings/Resources,CFGEvntSLog.WinUI Resources,Help_OpenedProductSite,Toote veebisait avati.,NG .resw source; locale=et-EE; revision=7d81679f19f5fdaf5c8becaed58204869d1ac857
CFGEvntSLog.WinUI/Strings/Resources,CFGEvntSLog.WinUI Resources,Help_OpenedSupport,Toe veebisait avati.,NG .resw source; locale=et-EE; revision=7d81679f19f5fdaf5c8becaed58204869d1ac857
CFGEvntSLog.WinUI/Strings/Resources,CFGEvntSLog.WinUI Resources,Help_ProductFormat,Toode: {0},NG .resw source; locale=et-EE; revision=7d81679f19f5fdaf5c8becaed58204869d1ac857
CFGEvntSLog.WinUI/Strings/Resources,CFGEvntSLog.WinUI Resources,Help_StatusMessage,"Kasuta allolevaid toote, dokumentatsiooni ja toe linke selle kliendi jaoks.",NG .resw source; locale=et-EE; revision=7d81679f19f5fdaf5c8becaed58204869d1ac857
CFGEvntSLog.WinUI/Strings/Resources,CFGEvntSLog.WinUI Resources,Help_Title,Abi / Teave,NG .resw source; locale=et-EE; revision=7d81679f19f5fdaf5c8becaed58204869d1ac857
CFGEvntSLog.WinUI/Strings/Resources,CFGEvntSLog.WinUI Resources,Help_UnknownVersion,teadmata,NG .resw source; locale=et-EE; revision=7d81679f19f5fdaf5c8becaed58204869d1ac857
CFGEvntSLog.WinUI/Strings/Resources,CFGEvntSLog.WinUI Resources,Help_VersionFormat,Praegune versioon: {0},NG .resw source; locale=et-EE; revision=7d81679f19f5fdaf5c8becaed58204869d1ac857
CFGEvntSLog.WinUI/Strings/Resources,CFGEvntSLog.WinUI Resources,Help_WindowTitleFormat,Akna pealkiri: {0},NG .resw source; locale=et-EE; revision=7d81679f19f5fdaf5c8becaed58204869d1ac857
CFGEvntSLog.WinUI/Strings/Resources,CFGEvntSLog.WinUI Resources,Language_ApplyButton,Rakenda keel,NG .resw source; locale=et-EE; revision=7d81679f19f5fdaf5c8becaed58204869d1ac857
CFGEvntSLog.WinUI/Strings/Resources,CFGEvntSLog.WinUI Resources,Language_ClientLanguageHeader,Kliendi keel,NG .resw source; locale=et-EE; revision=7d81679f19f5fdaf5c8becaed58204869d1ac857
CFGEvntSLog.WinUI/Strings/Resources,CFGEvntSLog.WinUI Resources,Language_CurrentSelectionFormat,Valitud keel: {0} | Praegune kasutajaliidese kultuur: {1},NG .resw source; locale=et-EE; revision=7d81679f19f5fdaf5c8becaed58204869d1ac857
CFGEvntSLog.WinUI/Strings/Resources,CFGEvntSLog.WinUI Resources,Language_DisplayLanguageTitle,Kuvakeel,NG .resw source; locale=et-EE; revision=7d81679f19f5fdaf5c8becaed58204869d1ac857
CFGEvntSLog.WinUI/Strings/Resources,CFGEvntSLog.WinUI Resources,Language_IntroFormat,Valige selle {0} kliendi kuvakeel.,NG .resw source; locale=et-EE; revision=7d81679f19f5fdaf5c8becaed58204869d1ac857
CFGEvntSLog.WinUI/Strings/Resources,CFGEvntSLog.WinUI Resources,Language_InvariantCulture,invariantne,NG .resw source; locale=et-EE; revision=7d81679f19f5fdaf5c8becaed58204869d1ac857
CFGEvntSLog.WinUI/Strings/Resources,CFGEvntSLog.WinUI Resources,Language_ResourceCoverageText,"See klient sisaldab keeleressursse konfiguratsioonisiltide, valikute teksti ja ühiste laadimis-/salvestusteadete jaoks inglise, saksa, hispaania, prantsuse, itaalia, portugali, eesti ja jaapani keeles. Süsteemi vaikeseade järgib Windowsi keele-eelistusi.",NG .resw source; locale=et-EE; revision=7d81679f19f5fdaf5c8becaed58204869d1ac857
CFGEvntSLog.WinUI/Strings/Resources,CFGEvntSLog.WinUI Resources,Language_ResourceCoverageTitle,Keeleressursside katvus,NG .resw source; locale=et-EE; revision=7d81679f19f5fdaf5c8becaed58204869d1ac857
CFGEvntSLog.WinUI/Strings/Resources,CFGEvntSLog.WinUI Resources,Language_RestartDialogContentFormat,"Klient tuleb taaskäivitada, enne kui kõik sildid ja teated kasutavad keelt {0}. Kas taaskäivitada kohe?",NG .resw source; locale=et-EE; revision=7d81679f19f5fdaf5c8becaed58204869d1ac857
CFGEvntSLog.WinUI/Strings/Resources,CFGEvntSLog.WinUI Resources,Language_RestartDialogLater,Later,NG .resw source; locale=et-EE; revision=7d81679f19f5fdaf5c8becaed58204869d1ac857
CFGEvntSLog.WinUI/Strings/Resources,CFGEvntSLog.WinUI Resources,Language_RestartDialogRestartNow,Restart now,NG .resw source; locale=et-EE; revision=7d81679f19f5fdaf5c8becaed58204869d1ac857
CFGEvntSLog.WinUI/Strings/Resources,CFGEvntSLog.WinUI Resources,Language_RestartDialogTitle,Restart client now?,NG .resw source; locale=et-EE; revision=7d81679f19f5fdaf5c8becaed58204869d1ac857
CFGEvntSLog.WinUI/Strings/Resources,CFGEvntSLog.WinUI Resources,Language_RestartFailedFormat,"Language was saved, but automatic restart failed: {0}",NG .resw source; locale=et-EE; revision=7d81679f19f5fdaf5c8becaed58204869d1ac857
CFGEvntSLog.WinUI/Strings/Resources,CFGEvntSLog.WinUI Resources,Language_RestartFailedNoProcessPath,"Language was saved, but the client could not determine the executable path for automatic restart.",NG .resw source; locale=et-EE; revision=7d81679f19f5fdaf5c8becaed58204869d1ac857
CFGEvntSLog.WinUI/Strings/Resources,CFGEvntSLog.WinUI Resources,Language_RestartRequiredText,"Pärast keele muutmist taaskäivitage klient, et sildid ja teated laaditaks ühtlaselt uuesti.",NG .resw source; locale=et-EE; revision=7d81679f19f5fdaf5c8becaed58204869d1ac857
CFGEvntSLog.WinUI/Strings/Resources,CFGEvntSLog.WinUI Resources,Language_SelectedFormat,Valitud keel: {0}. {1},NG .resw source; locale=et-EE; revision=7d81679f19f5fdaf5c8becaed58204869d1ac857
CFGEvntSLog.WinUI/Strings/Resources,CFGEvntSLog.WinUI Resources,Language_SelectedLanguageFormat,Selected language: {0},NG .resw source; locale=et-EE; revision=7d81679f19f5fdaf5c8becaed58204869d1ac857
CFGEvntSLog.WinUI/Strings/Resources,CFGEvntSLog.WinUI Resources,Language_SelectedSystemDefault,Valitud keel: süsteemi vaikeseade,NG .resw source; locale=et-EE; revision=7d81679f19f5fdaf5c8becaed58204869d1ac857
CFGEvntSLog.WinUI/Strings/Resources,CFGEvntSLog.WinUI Resources,Language_StatusLanguageRestartFormat,Keeleks määrati {0}. Keele ressurside uuesti laadimiseks taaskäivitage klient.,NG .resw source; locale=et-EE; revision=7d81679f19f5fdaf5c8becaed58204869d1ac857
CFGEvntSLog.WinUI/Strings/Resources,CFGEvntSLog.WinUI Resources,Language_StatusLoaded,Language selection is loaded.,NG .resw source; locale=et-EE; revision=7d81679f19f5fdaf5c8becaed58204869d1ac857
CFGEvntSLog.WinUI/Strings/Resources,CFGEvntSLog.WinUI Resources,Language_StatusSystemDefaultRestart,Keel lähtestati Windowsi süsteemi vaikeväärtusele. Keele ressurside uuesti laadimiseks taaskäivitage klient.,NG .resw source; locale=et-EE; revision=7d81679f19f5fdaf5c8becaed58204869d1ac857
CFGEvntSLog.WinUI/Strings/Resources,CFGEvntSLog.WinUI Resources,Language_SystemDefault,Süsteemi vaikeseade,NG .resw source; locale=et-EE; revision=7d81679f19f5fdaf5c8becaed58204869d1ac857
CFGEvntSLog.WinUI/Strings/Resources,CFGEvntSLog.WinUI Resources,Language_Title,Keel,NG .resw source; locale=et-EE; revision=7d81679f19f5fdaf5c8becaed58204869d1ac857
CFGEvntSLog.WinUI/Strings/Resources,CFGEvntSLog.WinUI Resources,LicenseStatus_Expired,Litsentsifail on aegunud.,NG .resw source; locale=et-EE; revision=7d81679f19f5fdaf5c8becaed58204869d1ac857
CFGEvntSLog.WinUI/Strings/Resources,CFGEvntSLog.WinUI Resources,LicenseStatus_FileLicensed,Litsentsifail on litsentsitud.,NG .resw source; locale=et-EE; revision=7d81679f19f5fdaf5c8becaed58204869d1ac857
CFGEvntSLog.WinUI/Strings/Resources,CFGEvntSLog.WinUI Resources,LicenseStatus_FileLicensedFor,Litsentsifail on litsentsitud kasutajale %LICENSEE%.,NG .resw source; locale=et-EE; revision=7d81679f19f5fdaf5c8becaed58204869d1ac857
CFGEvntSLog.WinUI/Strings/Resources,CFGEvntSLog.WinUI Resources,LicenseStatus_FileTrial,Litsentsifaili prooviversioon on konfigureeritud.,NG .resw source; locale=et-EE; revision=7d81679f19f5fdaf5c8becaed58204869d1ac857
CFGEvntSLog.WinUI/Strings/Resources,CFGEvntSLog.WinUI Resources,LicenseStatus_FileTrialWithDays,"Litsentsifaili prooviversioon, päevi jäänud: %DAYSLEFT%.",NG .resw source; locale=et-EE; revision=7d81679f19f5fdaf5c8becaed58204869d1ac857
CFGEvntSLog.WinUI/Strings/Resources,CFGEvntSLog.WinUI Resources,LicenseStatus_FreeNoLicense,Tasuta versioon / litsentsi pole konfigureeritud.,NG .resw source; locale=et-EE; revision=7d81679f19f5fdaf5c8becaed58204869d1ac857
CFGEvntSLog.WinUI/Strings/Resources,CFGEvntSLog.WinUI Resources,LicenseStatus_InvalidFile,Kehtivat litsentsifaili pole konfigureeritud.,NG .resw source; locale=et-EE; revision=7d81679f19f5fdaf5c8becaed58204869d1ac857
CFGEvntSLog.WinUI/Strings/Resources,CFGEvntSLog.WinUI Resources,LicenseStatus_Licensed,Litsentsitud.,NG .resw source; locale=et-EE; revision=7d81679f19f5fdaf5c8becaed58204869d1ac857
CFGEvntSLog.WinUI/Strings/Resources,CFGEvntSLog.WinUI Resources,LicenseStatus_LicensedFor,Litsentsitud kasutajale %LICENSEE%.,NG .resw source; locale=et-EE; revision=7d81679f19f5fdaf5c8becaed58204869d1ac857
CFGEvntSLog.WinUI/Strings/Resources,CFGEvntSLog.WinUI Resources,LicenseStatus_MissingFile,Litsentsifail puudub.,NG .resw source; locale=et-EE; revision=7d81679f19f5fdaf5c8becaed58204869d1ac857
CFGEvntSLog.WinUI/Strings/Resources,CFGEvntSLog.WinUI Resources,LicenseStatus_NoBlock,Litsentsiplokki ei ole laaditud.,NG .resw source; locale=et-EE; revision=7d81679f19f5fdaf5c8becaed58204869d1ac857
CFGEvntSLog.WinUI/Strings/Resources,CFGEvntSLog.WinUI Resources,LicenseStatus_NoLicense,Litsentsi pole konfigureeritud.,NG .resw source; locale=et-EE; revision=7d81679f19f5fdaf5c8becaed58204869d1ac857
CFGEvntSLog.WinUI/Strings/Resources,CFGEvntSLog.WinUI Resources,LicenseStatus_ReleaseTrial,Väljalaske prooviversioon.,NG .resw source; locale=et-EE; revision=7d81679f19f5fdaf5c8becaed58204869d1ac857
CFGEvntSLog.WinUI/Strings/Resources,CFGEvntSLog.WinUI Resources,LicenseStatus_ReleaseTrialExpired,Väljalaske prooviversioon on aegunud.,NG .resw source; locale=et-EE; revision=7d81679f19f5fdaf5c8becaed58204869d1ac857
CFGEvntSLog.WinUI/Strings/Resources,CFGEvntSLog.WinUI Resources,LicenseStatus_ReleaseTrialWithDays,"Väljalaske prooviversioon, päevi jäänud: %DAYSLEFT%.",NG .resw source; locale=et-EE; revision=7d81679f19f5fdaf5c8becaed58204869d1ac857
CFGEvntSLog.WinUI/Strings/Resources,CFGEvntSLog.WinUI Resources,LicenseStatus_TrialVersion,Prooviversioon.,NG .resw source; locale=et-EE; revision=7d81679f19f5fdaf5c8becaed58204869d1ac857
CFGEvntSLog.WinUI/Strings/Resources,CFGEvntSLog.WinUI Resources,LicenseStatus_TrialVersionWithDays,"Prooviversioon, päevi jäänud: %DAYSLEFT%.",NG .resw source; locale=et-EE; revision=7d81679f19f5fdaf5c8becaed58204869d1ac857
CFGEvntSLog.WinUI/Strings/Resources,CFGEvntSLog.WinUI Resources,LicenseValidation_ChooseFile,Valige litsentsifail (.alic).,NG .resw source; locale=et-EE; revision=7d81679f19f5fdaf5c8becaed58204869d1ac857
CFGEvntSLog.WinUI/Strings/Resources,CFGEvntSLog.WinUI Resources,LicenseValidation_ClientLimit,Kliendipiirang: %VALUE%.,NG .resw source; locale=et-EE; revision=7d81679f19f5fdaf5c8becaed58204869d1ac857
CFGEvntSLog.WinUI/Strings/Resources,CFGEvntSLog.WinUI Resources,LicenseValidation_Edition,Väljaanne: %VALUE%.,NG .resw source; locale=et-EE; revision=7d81679f19f5fdaf5c8becaed58204869d1ac857
CFGEvntSLog.WinUI/Strings/Resources,CFGEvntSLog.WinUI Resources,LicenseValidation_Expires,Aegub: %VALUE%.,NG .resw source; locale=et-EE; revision=7d81679f19f5fdaf5c8becaed58204869d1ac857
CFGEvntSLog.WinUI/Strings/Resources,CFGEvntSLog.WinUI Resources,LicenseValidation_FileMissing,Valitud litsentsifaili ei ole olemas: %PATH%.,NG .resw source; locale=et-EE; revision=7d81679f19f5fdaf5c8becaed58204869d1ac857
CFGEvntSLog.WinUI/Strings/Resources,CFGEvntSLog.WinUI Resources,LicenseValidation_Licensee,Litsentsisaaja: %VALUE%.,NG .resw source; locale=et-EE; revision=7d81679f19f5fdaf5c8becaed58204869d1ac857
CFGEvntSLog.WinUI/Strings/Resources,CFGEvntSLog.WinUI Resources,LicenseValidation_Product,Toode: %VALUE%.,NG .resw source; locale=et-EE; revision=7d81679f19f5fdaf5c8becaed58204869d1ac857
CFGEvntSLog.WinUI/Strings/Resources,CFGEvntSLog.WinUI Resources,LicenseValidation_ProductNotApplicable,Litsentsifail ei kehti selle %PRODUCT% installi jaoks.,NG .resw source; locale=et-EE; revision=7d81679f19f5fdaf5c8becaed58204869d1ac857
CFGEvntSLog.WinUI/Strings/Resources,CFGEvntSLog.WinUI Resources,LicenseValidation_ServiceVersionMismatch,"Litsentsifail on versioonile %LICENSEVERSION%, kuid installitud teenus teatab versioonist %SERVICEVERSION%.",NG .resw source; locale=et-EE; revision=7d81679f19f5fdaf5c8becaed58204869d1ac857
CFGEvntSLog.WinUI/Strings/Resources,CFGEvntSLog.WinUI Resources,LicenseValidation_UnsupportedEdition,Litsentsifail sisaldab toetamata väljaannet.,NG .resw source; locale=et-EE; revision=7d81679f19f5fdaf5c8becaed58204869d1ac857
CFGEvntSLog.WinUI/Strings/Resources,CFGEvntSLog.WinUI Resources,LicenseValidation_Verified,Litsentsifaili allkirjad on kinnitatud.,NG .resw source; locale=et-EE; revision=7d81679f19f5fdaf5c8becaed58204869d1ac857
CFGEvntSLog.WinUI/Strings/Resources,CFGEvntSLog.WinUI Resources,LicenseValidation_VerifierMissing,OpenSSL 3.5.6+ valideerijat ei leitud.,NG .resw source; locale=et-EE; revision=7d81679f19f5fdaf5c8becaed58204869d1ac857
CFGEvntSLog.WinUI/Strings/Resources,CFGEvntSLog.WinUI Resources,ProductSection_AdvancedNote,"Kasutage seda jaotist eksperdivoogude ja tootespetsiifiliste sätete jaoks, mis ei kuulu põhikonfiguratsiooni töövoogu.",NG .resw source; locale=et-EE; revision=7d81679f19f5fdaf5c8becaed58204869d1ac857
CFGEvntSLog.WinUI/Strings/Resources,CFGEvntSLog.WinUI Resources,ProductSection_AdvancedStatus,Täpsem on saadaval tootespetsiifiliste eksperdisätete jaoks.,NG .resw source; locale=et-EE; revision=7d81679f19f5fdaf5c8becaed58204869d1ac857
CFGEvntSLog.WinUI/Strings/Resources,CFGEvntSLog.WinUI Resources,ProductSection_AdvancedTitle,Täpsem,NG .resw source; locale=et-EE; revision=7d81679f19f5fdaf5c8becaed58204869d1ac857
CFGEvntSLog.WinUI/Strings/Resources,CFGEvntSLog.WinUI Resources,ProductSection_AdvancedWinSyslogNote,WinSyslog keeps Post Process Apps in the Configuration Console for Japanese builds.,NG .resw source; locale=et-EE; revision=7d81679f19f5fdaf5c8becaed58204869d1ac857
CFGEvntSLog.WinUI/Strings/Resources,CFGEvntSLog.WinUI Resources,ProductSection_CountsFormat,Üldplokid: {0} | Teenused: {1} | Reegligruppid: {2},NG .resw source; locale=et-EE; revision=7d81679f19f5fdaf5c8becaed58204869d1ac857
CFGEvntSLog.WinUI/Strings/Resources,CFGEvntSLog.WinUI Resources,ProductSection_LinksNote,"Kasuta selle kliendi toote-, dokumentatsiooni-, toe- ja diagnostikalinke.",NG .resw source; locale=et-EE; revision=7d81679f19f5fdaf5c8becaed58204869d1ac857
CFGEvntSLog.WinUI/Strings/Resources,CFGEvntSLog.WinUI Resources,ProductSection_LinksTitle,Lingid ja järeltegevus,NG .resw source; locale=et-EE; revision=7d81679f19f5fdaf5c8becaed58204869d1ac857
CFGEvntSLog.WinUI/Strings/Resources,CFGEvntSLog.WinUI Resources,ProductSection_LiveConfigurationContextTitle,Reaalajas konfiguratsiooni kontekst,NG .resw source; locale=et-EE; revision=7d81679f19f5fdaf5c8becaed58204869d1ac857
CFGEvntSLog.WinUI/Strings/Resources,CFGEvntSLog.WinUI Resources,ProductSection_ServiceStateFormat,Teenus: {0} | Olek: {1},NG .resw source; locale=et-EE; revision=7d81679f19f5fdaf5c8becaed58204869d1ac857
CFGEvntSLog.WinUI/Strings/Resources,CFGEvntSLog.WinUI Resources,ProductSection_SourceFormat,Allikas: {0},NG .resw source; locale=et-EE; revision=7d81679f19f5fdaf5c8becaed58204869d1ac857
CFGEvntSLog.WinUI/Strings/Resources,CFGEvntSLog.WinUI Resources,ProductSection_ToolsNote,"Diagnostika põhineb aktiivsel konfiguratsioonitõmmisel, et tugi alustaks sama lugeja ja teenuse olekuga, mida näidatakse mujal shellis.",NG .resw source; locale=et-EE; revision=7d81679f19f5fdaf5c8becaed58204869d1ac857
CFGEvntSLog.WinUI/Strings/Resources,CFGEvntSLog.WinUI Resources,ProductSection_ToolsStatus,Tööriistad kuvavad tootespetsiifilise dokumentatsiooni ja reaalajas konfiguratsiooni konteksti.,NG .resw source; locale=et-EE; revision=7d81679f19f5fdaf5c8becaed58204869d1ac857
CFGEvntSLog.WinUI/Strings/Resources,CFGEvntSLog.WinUI Resources,ProductSection_ToolsTitle,Tööriistad,NG .resw source; locale=et-EE; revision=7d81679f19f5fdaf5c8becaed58204869d1ac857
CFGEvntSLog.WinUI/Strings/Resources,CFGEvntSLog.WinUI Resources,ServiceRuntime_ButtonKillProcess,Kill service process,NG .resw source; locale=et-EE; revision=7d81679f19f5fdaf5c8becaed58204869d1ac857
CFGEvntSLog.WinUI/Strings/Resources,CFGEvntSLog.WinUI Resources,ServiceRuntime_ButtonOpenServices,Open Windows Services,NG .resw source; locale=et-EE; revision=7d81679f19f5fdaf5c8becaed58204869d1ac857
CFGEvntSLog.WinUI/Strings/Resources,CFGEvntSLog.WinUI Resources,ServiceRuntime_ButtonRefresh,Refresh,NG .resw source; locale=et-EE; revision=7d81679f19f5fdaf5c8becaed58204869d1ac857
CFGEvntSLog.WinUI/Strings/Resources,CFGEvntSLog.WinUI Resources,ServiceRuntime_ButtonRestart,Restart,NG .resw source; locale=et-EE; revision=7d81679f19f5fdaf5c8becaed58204869d1ac857
CFGEvntSLog.WinUI/Strings/Resources,CFGEvntSLog.WinUI Resources,ServiceRuntime_ButtonStart,Start,NG .resw source; locale=et-EE; revision=7d81679f19f5fdaf5c8becaed58204869d1ac857
CFGEvntSLog.WinUI/Strings/Resources,CFGEvntSLog.WinUI Resources,ServiceRuntime_ButtonStop,Stop,NG .resw source; locale=et-EE; revision=7d81679f19f5fdaf5c8becaed58204869d1ac857
CFGEvntSLog.WinUI/Strings/Resources,CFGEvntSLog.WinUI Resources,ServiceRuntime_DisabledAccessDenied,Administrator rights are needed to query or control the background service.,NG .resw source; locale=et-EE; revision=7d81679f19f5fdaf5c8becaed58204869d1ac857
CFGEvntSLog.WinUI/Strings/Resources,CFGEvntSLog.WinUI Resources,ServiceRuntime_DisabledControlUnavailable,"Windows cannot send service control commands right now. Wait, check Windows Services, or kill the service process if it is still running.",NG .resw source; locale=et-EE; revision=7d81679f19f5fdaf5c8becaed58204869d1ac857
CFGEvntSLog.WinUI/Strings/Resources,CFGEvntSLog.WinUI Resources,ServiceRuntime_DisabledNotInstalled,The Windows service is not installed.,NG .resw source; locale=et-EE; revision=7d81679f19f5fdaf5c8becaed58204869d1ac857
CFGEvntSLog.WinUI/Strings/Resources,CFGEvntSLog.WinUI Resources,ServiceRuntime_DisabledNotLoaded,Service state has not been loaded yet.,NG .resw source; locale=et-EE; revision=7d81679f19f5fdaf5c8becaed58204869d1ac857
CFGEvntSLog.WinUI/Strings/Resources,CFGEvntSLog.WinUI Resources,ServiceRuntime_DisabledPaused,Service is paused while reloading configuration. Stop and Restart are disabled until reload completes.,NG .resw source; locale=et-EE; revision=7d81679f19f5fdaf5c8becaed58204869d1ac857
CFGEvntSLog.WinUI/Strings/Resources,CFGEvntSLog.WinUI Resources,ServiceRuntime_DisabledPausing,Service is pausing. Wait for Windows to finish the transition.,NG .resw source; locale=et-EE; revision=7d81679f19f5fdaf5c8becaed58204869d1ac857
CFGEvntSLog.WinUI/Strings/Resources,CFGEvntSLog.WinUI Resources,ServiceRuntime_DisabledProcessMismatch,The service process is running without clean Windows service control. Use Kill service process or check Windows Services.,NG .resw source; locale=et-EE; revision=7d81679f19f5fdaf5c8becaed58204869d1ac857
CFGEvntSLog.WinUI/Strings/Resources,CFGEvntSLog.WinUI Resources,ServiceRuntime_DisabledResuming,Service is resuming. Wait for Windows to finish the transition.,NG .resw source; locale=et-EE; revision=7d81679f19f5fdaf5c8becaed58204869d1ac857
CFGEvntSLog.WinUI/Strings/Resources,CFGEvntSLog.WinUI Resources,ServiceRuntime_DisabledStarting,Service is starting. Wait for Windows to finish the transition.,NG .resw source; locale=et-EE; revision=7d81679f19f5fdaf5c8becaed58204869d1ac857
CFGEvntSLog.WinUI/Strings/Resources,CFGEvntSLog.WinUI Resources,ServiceRuntime_DisabledStopping,Service is stopping. Wait for Windows to finish the transition.,NG .resw source; locale=et-EE; revision=7d81679f19f5fdaf5c8becaed58204869d1ac857
CFGEvntSLog.WinUI/Strings/Resources,CFGEvntSLog.WinUI Resources,ServiceRuntime_DisabledUnavailable,Windows service state is unavailable. Check Windows Services.,NG .resw source; locale=et-EE; revision=7d81679f19f5fdaf5c8becaed58204869d1ac857
CFGEvntSLog.WinUI/Strings/Resources,CFGEvntSLog.WinUI Resources,ServiceRuntime_DisabledUnknown,Service state is unknown. Refresh runtime state or check Windows Services.,NG .resw source; locale=et-EE; revision=7d81679f19f5fdaf5c8becaed58204869d1ac857
CFGEvntSLog.WinUI/Strings/Resources,CFGEvntSLog.WinUI Resources,ServiceRuntime_RecoveryAccessDenied,Restart as administrator to control the background service.,NG .resw source; locale=et-EE; revision=7d81679f19f5fdaf5c8becaed58204869d1ac857
CFGEvntSLog.WinUI/Strings/Resources,CFGEvntSLog.WinUI Resources,ServiceRuntime_RecoveryPending,"If this state remains for a long time, open Windows Services to compare the SCM state.",NG .resw source; locale=et-EE; revision=7d81679f19f5fdaf5c8becaed58204869d1ac857
CFGEvntSLog.WinUI/Strings/Resources,CFGEvntSLog.WinUI Resources,ServiceRuntime_RecoveryProcessRunning,A matching service process is still running. Kill service process is available as a recovery action after confirmation.,NG .resw source; locale=et-EE; revision=7d81679f19f5fdaf5c8becaed58204869d1ac857
CFGEvntSLog.WinUI/Strings/Resources,CFGEvntSLog.WinUI Resources,ServiceRuntime_StateAccessDenied,Cannot query service (access denied),NG .resw source; locale=et-EE; revision=7d81679f19f5fdaf5c8becaed58204869d1ac857
CFGEvntSLog.WinUI/Strings/Resources,CFGEvntSLog.WinUI Resources,ServiceRuntime_StateControlUnavailable,Control unavailable,NG .resw source; locale=et-EE; revision=7d81679f19f5fdaf5c8becaed58204869d1ac857
CFGEvntSLog.WinUI/Strings/Resources,CFGEvntSLog.WinUI Resources,ServiceRuntime_StateNotInstalled,Not installed,NG .resw source; locale=et-EE; revision=7d81679f19f5fdaf5c8becaed58204869d1ac857
CFGEvntSLog.WinUI/Strings/Resources,CFGEvntSLog.WinUI Resources,ServiceRuntime_StatePaused,Paused (Reloading),NG .resw source; locale=et-EE; revision=7d81679f19f5fdaf5c8becaed58204869d1ac857
CFGEvntSLog.WinUI/Strings/Resources,CFGEvntSLog.WinUI Resources,ServiceRuntime_StatePausing,Pausing,NG .resw source; locale=et-EE; revision=7d81679f19f5fdaf5c8becaed58204869d1ac857
CFGEvntSLog.WinUI/Strings/Resources,CFGEvntSLog.WinUI Resources,ServiceRuntime_StateProcessMismatch,Process running without service,NG .resw source; locale=et-EE; revision=7d81679f19f5fdaf5c8becaed58204869d1ac857
CFGEvntSLog.WinUI/Strings/Resources,CFGEvntSLog.WinUI Resources,ServiceRuntime_StateResuming,Resuming,NG .resw source; locale=et-EE; revision=7d81679f19f5fdaf5c8becaed58204869d1ac857
CFGEvntSLog.WinUI/Strings/Resources,CFGEvntSLog.WinUI Resources,ServiceRuntime_StateRunning,Running,NG .resw source; locale=et-EE; revision=7d81679f19f5fdaf5c8becaed58204869d1ac857
CFGEvntSLog.WinUI/Strings/Resources,CFGEvntSLog.WinUI Resources,ServiceRuntime_StateStarting,Starting,NG .resw source; locale=et-EE; revision=7d81679f19f5fdaf5c8becaed58204869d1ac857
CFGEvntSLog.WinUI/Strings/Resources,CFGEvntSLog.WinUI Resources,ServiceRuntime_StateStopped,Stopped,NG .resw source; locale=et-EE; revision=7d81679f19f5fdaf5c8becaed58204869d1ac857
CFGEvntSLog.WinUI/Strings/Resources,CFGEvntSLog.WinUI Resources,ServiceRuntime_StateStopping,Stopping,NG .resw source; locale=et-EE; revision=7d81679f19f5fdaf5c8becaed58204869d1ac857
CFGEvntSLog.WinUI/Strings/Resources,CFGEvntSLog.WinUI Resources,ServiceRuntime_StateUnavailable,Unavailable,NG .resw source; locale=et-EE; revision=7d81679f19f5fdaf5c8becaed58204869d1ac857
CFGEvntSLog.WinUI/Strings/Resources,CFGEvntSLog.WinUI Resources,ServiceRuntime_StateUnknown,Unknown,NG .resw source; locale=et-EE; revision=7d81679f19f5fdaf5c8becaed58204869d1ac857
CFGEvntSLog.WinUI/Strings/Resources,CFGEvntSLog.WinUI Resources,ServiceRuntime_Summary,Start and restart save pending configuration changes before running the service. Stop refreshes the shared runtime state without forcing a save first.,NG .resw source; locale=et-EE; revision=7d81679f19f5fdaf5c8becaed58204869d1ac857
CFGEvntSLog.WinUI/Strings/Resources,CFGEvntSLog.WinUI Resources,ServiceRuntime_Title,Windows service,NG .resw source; locale=et-EE; revision=7d81679f19f5fdaf5c8becaed58204869d1ac857
CFGEvntSLog.WinUI/Strings/Resources,CFGEvntSLog.WinUI Resources,Shell_Nav_advanced_Description,Ava tootespetsiifilised eksperdisätted.,NG .resw source; locale=et-EE; revision=7d81679f19f5fdaf5c8becaed58204869d1ac857
CFGEvntSLog.WinUI/Strings/Resources,CFGEvntSLog.WinUI Resources,Shell_Nav_advanced_Label,Täpsem,NG .resw source; locale=et-EE; revision=7d81679f19f5fdaf5c8becaed58204869d1ac857
CFGEvntSLog.WinUI/Strings/Resources,CFGEvntSLog.WinUI Resources,Shell_Nav_configuration_ChildSectionHeader,Konfiguratsioonialad,NG .resw source; locale=et-EE; revision=7d81679f19f5fdaf5c8becaed58204869d1ac857
CFGEvntSLog.WinUI/Strings/Resources,CFGEvntSLog.WinUI Resources,Shell_Nav_configuration_Description,Kasuta konfiguratsioonipuud peamise navigeerijana ja muuda valitud üksust töölaual.,NG .resw source; locale=et-EE; revision=7d81679f19f5fdaf5c8becaed58204869d1ac857
CFGEvntSLog.WinUI/Strings/Resources,CFGEvntSLog.WinUI Resources,Shell_Nav_configuration_Label,Konfiguratsiooni töölaud,NG .resw source; locale=et-EE; revision=7d81679f19f5fdaf5c8becaed58204869d1ac857
CFGEvntSLog.WinUI/Strings/Resources,CFGEvntSLog.WinUI Resources,Shell_Nav_help_ChildSectionHeader,Kliendi suvandid,NG .resw source; locale=et-EE; revision=7d81679f19f5fdaf5c8becaed58204869d1ac857
CFGEvntSLog.WinUI/Strings/Resources,CFGEvntSLog.WinUI Resources,Shell_Nav_help_Description,"Ava versiooniteave, tootelinkid ja toeviited.",NG .resw source; locale=et-EE; revision=7d81679f19f5fdaf5c8becaed58204869d1ac857
CFGEvntSLog.WinUI/Strings/Resources,CFGEvntSLog.WinUI Resources,Shell_Nav_help_Label,Abi / Teave,NG .resw source; locale=et-EE; revision=7d81679f19f5fdaf5c8becaed58204869d1ac857
CFGEvntSLog.WinUI/Strings/Resources,CFGEvntSLog.WinUI Resources,Shell_Nav_help_language_Description,Vali kliendi kuvakeel ja pakitud ressursside alistus.,NG .resw source; locale=et-EE; revision=7d81679f19f5fdaf5c8becaed58204869d1ac857
CFGEvntSLog.WinUI/Strings/Resources,CFGEvntSLog.WinUI Resources,Shell_Nav_help_language_Label,Keel,NG .resw source; locale=et-EE; revision=7d81679f19f5fdaf5c8becaed58204869d1ac857
CFGEvntSLog.WinUI/Strings/Resources,CFGEvntSLog.WinUI Resources,Shell_Nav_home_Description,Ava toote töölaud ja praegune käituse kokkuvõte.,NG .resw source; locale=et-EE; revision=7d81679f19f5fdaf5c8becaed58204869d1ac857
CFGEvntSLog.WinUI/Strings/Resources,CFGEvntSLog.WinUI Resources,Shell_Nav_home_Label,Töölaud,NG .resw source; locale=et-EE; revision=7d81679f19f5fdaf5c8becaed58204869d1ac857
CFGEvntSLog.WinUI/Strings/Resources,CFGEvntSLog.WinUI Resources,Shell_Nav_home_TopLevelSectionHeader,Peamised tööalad,NG .resw source; locale=et-EE; revision=7d81679f19f5fdaf5c8becaed58204869d1ac857
CFGEvntSLog.WinUI/Strings/Resources,CFGEvntSLog.WinUI Resources,Shell_Nav_post_process_apps_Description,Open WinSyslog post processing application settings in the Configuration Console.,NG .resw source; locale=et-EE; revision=7d81679f19f5fdaf5c8becaed58204869d1ac857
CFGEvntSLog.WinUI/Strings/Resources,CFGEvntSLog.WinUI Resources,Shell_Nav_post_process_apps_Label,Post Process Apps,NG .resw source; locale=et-EE; revision=7d81679f19f5fdaf5c8becaed58204869d1ac857
CFGEvntSLog.WinUI/Strings/Resources,CFGEvntSLog.WinUI Resources,Shell_Nav_tools_ChildSectionHeader,Diagnostika- ja kaugtööriistad,NG .resw source; locale=et-EE; revision=7d81679f19f5fdaf5c8becaed58204869d1ac857
CFGEvntSLog.WinUI/Strings/Resources,CFGEvntSLog.WinUI Resources,Shell_Nav_tools_Description,Ava kaugregistri ja avastamise tööriistad.,NG .resw source; locale=et-EE; revision=7d81679f19f5fdaf5c8becaed58204869d1ac857
CFGEvntSLog.WinUI/Strings/Resources,CFGEvntSLog.WinUI Resources,Shell_Nav_tools_Label,Tööriistad,NG .resw source; locale=et-EE; revision=7d81679f19f5fdaf5c8becaed58204869d1ac857
CFGEvntSLog.WinUI/Strings/Resources,CFGEvntSLog.WinUI Resources,Shell_Nav_tools_TopLevelSectionHeader,Utiliidid,NG .resw source; locale=et-EE; revision=7d81679f19f5fdaf5c8becaed58204869d1ac857
CFGEvntSLog.WinUI/Strings/Resources,CFGEvntSLog.WinUI Resources,Shell_Nav_tools_connect_Label,Ühenda kaugregistriga,NG .resw source; locale=et-EE; revision=7d81679f19f5fdaf5c8becaed58204869d1ac857
CFGEvntSLog.WinUI/Strings/Resources,CFGEvntSLog.WinUI Resources,Shell_Nav_tools_debug_log_viewer_Description,Laadi ja analüüsi aktiivset silumislogi faili.,NG .resw source; locale=et-EE; revision=7d81679f19f5fdaf5c8becaed58204869d1ac857
CFGEvntSLog.WinUI/Strings/Resources,CFGEvntSLog.WinUI Resources,Shell_Nav_tools_debug_log_viewer_Label,Silumislogi,NG .resw source; locale=et-EE; revision=7d81679f19f5fdaf5c8becaed58204869d1ac857
CFGEvntSLog.WinUI/Strings/Resources,CFGEvntSLog.WinUI Resources,Shell_Nav_tools_discovery_Label,Võrgu avastamine (WMI),NG .resw source; locale=et-EE; revision=7d81679f19f5fdaf5c8becaed58204869d1ac857
CFGEvntSLog.WinUI/Strings/Resources,CFGEvntSLog.WinUI Resources,Shell_Nav_tools_storage_source_Description,Ava töölaua salvestusallika utiliidipaneel.,NG .resw source; locale=et-EE; revision=7d81679f19f5fdaf5c8becaed58204869d1ac857
CFGEvntSLog.WinUI/Strings/Resources,CFGEvntSLog.WinUI Resources,Shell_Nav_tools_storage_source_Label,Salvestusallikas,NG .resw source; locale=et-EE; revision=7d81679f19f5fdaf5c8becaed58204869d1ac857
CFGEvntSLog.WinUI/Strings/Resources,CFGEvntSLog.WinUI Resources,Shell_Nav_tools_syslog_test_message_Description,Saada Syslogi testteade kuulaja ja võrguteede kontrollimiseks.,NG .resw source; locale=et-EE; revision=7d81679f19f5fdaf5c8becaed58204869d1ac857
CFGEvntSLog.WinUI/Strings/Resources,CFGEvntSLog.WinUI Resources,Shell_Nav_tools_syslog_test_message_Label,Syslogi testteade,NG .resw source; locale=et-EE; revision=7d81679f19f5fdaf5c8becaed58204869d1ac857
CFGEvntSLog.WinUI/Strings/Resources,CFGEvntSLog.WinUI Resources,Shell_Nav_tools_windows_service_Description,Ava töölaua Windowsi teenuse utiliidipaneel.,NG .resw source; locale=et-EE; revision=7d81679f19f5fdaf5c8becaed58204869d1ac857
CFGEvntSLog.WinUI/Strings/Resources,CFGEvntSLog.WinUI Resources,Shell_Nav_tools_windows_service_Label,Windowsi teenus,NG .resw source; locale=et-EE; revision=7d81679f19f5fdaf5c8becaed58204869d1ac857
CFGEvntSLog.WinUI/Strings/Resources,CFGEvntSLog.WinUI Resources,Shell_NoUrlConfigured,Selle toimingu jaoks pole URL-i konfigureeritud.,NG .resw source; locale=et-EE; revision=7d81679f19f5fdaf5c8becaed58204869d1ac857
CFGEvntSLog.WinUI/Strings/Resources,CFGEvntSLog.WinUI Resources,Shell_PaneFooter,"See riba vahetab rakenduse alasid, mitte konfiguratsioonidokumendi üksusi.",NG .resw source; locale=et-EE; revision=7d81679f19f5fdaf5c8becaed58204869d1ac857
CFGEvntSLog.WinUI/Strings/Resources,CFGEvntSLog.WinUI Resources,Shell_PaneIntroFormat,Valige siin {0} tööala. Dokumendipuu kuvatakse ainult konfiguratsioonis ja kajastab laaditud konfiguratsioonifaili.,NG .resw source; locale=et-EE; revision=7d81679f19f5fdaf5c8becaed58204869d1ac857
CFGEvntSLog.WinUI/Strings/Resources,CFGEvntSLog.WinUI Resources,Shell_PaneIntroTitle,Rakenduse navigeerimine,NG .resw source; locale=et-EE; revision=7d81679f19f5fdaf5c8becaed58204869d1ac857
CFGEvntSLog.WinUI/Strings/Resources,CFGEvntSLog.WinUI Resources,Shell_StartupErrorTitle,Käivitustõrge,NG .resw source; locale=et-EE; revision=7d81679f19f5fdaf5c8becaed58204869d1ac857
CFGEvntSLog.WinUI/Strings/Resources,CFGEvntSLog.WinUI Resources,Shell_UrlOpenFailed,Windows ei avanud taotletud URL-i.,NG .resw source; locale=et-EE; revision=7d81679f19f5fdaf5c8becaed58204869d1ac857
CFGEvntSLog.WinUI/Strings/Resources,CFGEvntSLog.WinUI Resources,Workbench_CatalogCategory_Database_monitoring,Andmebaasi jälgimine,NG .resw source; locale=et-EE; revision=7d81679f19f5fdaf5c8becaed58204869d1ac857
CFGEvntSLog.WinUI/Strings/Resources,CFGEvntSLog.WinUI Resources,Workbench_CatalogCategory_Database_output,Andmebaasiväljund,NG .resw source; locale=et-EE; revision=7d81679f19f5fdaf5c8becaed58204869d1ac857
CFGEvntSLog.WinUI/Strings/Resources,CFGEvntSLog.WinUI Resources,Workbench_CatalogCategory_Device_monitoring,Seadmete jälgimine,NG .resw source; locale=et-EE; revision=7d81679f19f5fdaf5c8becaed58204869d1ac857
CFGEvntSLog.WinUI/Strings/Resources,CFGEvntSLog.WinUI Resources,Workbench_CatalogCategory_Device_output,Seadmeväljund,NG .resw source; locale=et-EE; revision=7d81679f19f5fdaf5c8becaed58204869d1ac857
CFGEvntSLog.WinUI/Strings/Resources,CFGEvntSLog.WinUI Resources,Workbench_CatalogCategory_Event_collection,Sündmuste kogumine,NG .resw source; locale=et-EE; revision=7d81679f19f5fdaf5c8becaed58204869d1ac857
CFGEvntSLog.WinUI/Strings/Resources,CFGEvntSLog.WinUI Resources,Workbench_CatalogCategory_Event_enrichment,Sündmuste rikastamine,NG .resw source; locale=et-EE; revision=7d81679f19f5fdaf5c8becaed58204869d1ac857
CFGEvntSLog.WinUI/Strings/Resources,CFGEvntSLog.WinUI Resources,Workbench_CatalogCategory_File_monitoring,Failide jälgimine,NG .resw source; locale=et-EE; revision=7d81679f19f5fdaf5c8becaed58204869d1ac857
CFGEvntSLog.WinUI/Strings/Resources,CFGEvntSLog.WinUI Resources,Workbench_CatalogCategory_Local_output,Kohalik väljund,NG .resw source; locale=et-EE; revision=7d81679f19f5fdaf5c8becaed58204869d1ac857
CFGEvntSLog.WinUI/Strings/Resources,CFGEvntSLog.WinUI Resources,Workbench_CatalogCategory_Message_listeners,Sõnumikuulajad,NG .resw source; locale=et-EE; revision=7d81679f19f5fdaf5c8becaed58204869d1ac857
CFGEvntSLog.WinUI/Strings/Resources,CFGEvntSLog.WinUI Resources,Workbench_CatalogCategory_Network_output,Võrguväljund,NG .resw source; locale=et-EE; revision=7d81679f19f5fdaf5c8becaed58204869d1ac857
CFGEvntSLog.WinUI/Strings/Resources,CFGEvntSLog.WinUI Resources,Workbench_CatalogCategory_Network_probes,Võrgukontrollid,NG .resw source; locale=et-EE; revision=7d81679f19f5fdaf5c8becaed58204869d1ac857
CFGEvntSLog.WinUI/Strings/Resources,CFGEvntSLog.WinUI Resources,Workbench_CatalogCategory_Other,Muu,NG .resw source; locale=et-EE; revision=7d81679f19f5fdaf5c8becaed58204869d1ac857
CFGEvntSLog.WinUI/Strings/Resources,CFGEvntSLog.WinUI Resources,Workbench_CatalogCategory_Rule_flow,Reeglivoo juhtimine,NG .resw source; locale=et-EE; revision=7d81679f19f5fdaf5c8becaed58204869d1ac857
CFGEvntSLog.WinUI/Strings/Resources,CFGEvntSLog.WinUI Resources,Workbench_CatalogCategory_System_monitoring,Süsteemi jälgimine,NG .resw source; locale=et-EE; revision=7d81679f19f5fdaf5c8becaed58204869d1ac857
CFGEvntSLog.WinUI/Strings/Resources,CFGEvntSLog.WinUI Resources,Workbench_CatalogCategory_System_operations,Süsteemitoimingud,NG .resw source; locale=et-EE; revision=7d81679f19f5fdaf5c8becaed58204869d1ac857
CFGEvntSLog.WinUI/Strings/Resources,CFGEvntSLog.WinUI Resources,Workbench_CatalogPurposeFormat,Seadista {0}.,NG .resw source; locale=et-EE; revision=7d81679f19f5fdaf5c8becaed58204869d1ac857
CFGEvntSLog.WinUI/Strings/Resources,CFGEvntSLog.WinUI Resources,Workbench_DisplayLabel_CustomerID,Kliendi ID,NG .resw source; locale=et-EE; revision=7d81679f19f5fdaf5c8becaed58204869d1ac857
CFGEvntSLog.WinUI/Strings/Resources,CFGEvntSLog.WinUI Resources,Workbench_DisplayLabel_Database_OLEDB,OLE DB andmebaas,NG .resw source; locale=et-EE; revision=7d81679f19f5fdaf5c8becaed58204869d1ac857
CFGEvntSLog.WinUI/Strings/Resources,CFGEvntSLog.WinUI Resources,Workbench_DisplayLabel_FileAndSystem,Faili- ja süsteemimonitorid,NG .resw source; locale=et-EE; revision=7d81679f19f5fdaf5c8becaed58204869d1ac857
CFGEvntSLog.WinUI/Strings/Resources,CFGEvntSLog.WinUI Resources,Workbench_DisplayLabel_QueueManager,Järjekorrahaldur,NG .resw source; locale=et-EE; revision=7d81679f19f5fdaf5c8becaed58204869d1ac857
CFGEvntSLog.WinUI/Strings/Resources,CFGEvntSLog.WinUI Resources,Workbench_DisplayLabel_Queuelimit,Järjekorra piirang,NG .resw source; locale=et-EE; revision=7d81679f19f5fdaf5c8becaed58204869d1ac857
CFGEvntSLog.WinUI/Strings/Resources,CFGEvntSLog.WinUI Resources,Workbench_DisplayLabel_SNMP_Mibs,SNMP MIB-id,NG .resw source; locale=et-EE; revision=7d81679f19f5fdaf5c8becaed58204869d1ac857
CFGEvntSLog.WinUI/Strings/Resources,CFGEvntSLog.WinUI Resources,Workbench_DisplayLabel_SystemID,Süsteemi ID,NG .resw source; locale=et-EE; revision=7d81679f19f5fdaf5c8becaed58204869d1ac857
CFGEvntSLog.WinUI/Strings/Resources,CFGEvntSLog.WinUI Resources,Workbench_DisplayLabel_TCPOptions,TCP suvandid,NG .resw source; locale=et-EE; revision=7d81679f19f5fdaf5c8becaed58204869d1ac857
CFGEvntSLog.WinUI/Strings/Resources,CFGEvntSLog.WinUI Resources,Workbench_DisplayLabel_TLSAdvanced_Options,Täpsemad TLS-i suvandid,NG .resw source; locale=et-EE; revision=7d81679f19f5fdaf5c8becaed58204869d1ac857
CFGEvntSLog.WinUI/Strings/Resources,CFGEvntSLog.WinUI Resources,Workbench_FilterGroup_Basic_Filters,Põhifiltrid,NG .resw source; locale=et-EE; revision=7d81679f19f5fdaf5c8becaed58204869d1ac857
CFGEvntSLog.WinUI/Strings/Resources,CFGEvntSLog.WinUI Resources,Workbench_FilterGroup_CPU_and_memory_monitor,CPU and memory monitor,NG .resw source; locale=et-EE; revision=7d81679f19f5fdaf5c8becaed58204869d1ac857
CFGEvntSLog.WinUI/Strings/Resources,CFGEvntSLog.WinUI Resources,Workbench_FilterGroup_Custom_Property,Kohandatud atribuut,NG .resw source; locale=et-EE; revision=7d81679f19f5fdaf5c8becaed58204869d1ac857
CFGEvntSLog.WinUI/Strings/Resources,CFGEvntSLog.WinUI Resources,Workbench_FilterGroup_Date_Time,Kuupäev/kellaaeg,NG .resw source; locale=et-EE; revision=7d81679f19f5fdaf5c8becaed58204869d1ac857
CFGEvntSLog.WinUI/Strings/Resources,CFGEvntSLog.WinUI Resources,Workbench_FilterGroup_Date_and_time,Date and time,NG .resw source; locale=et-EE; revision=7d81679f19f5fdaf5c8becaed58204869d1ac857
CFGEvntSLog.WinUI/Strings/Resources,CFGEvntSLog.WinUI Resources,Workbench_FilterGroup_Disk_Space_Monitor,Disk Space Monitor,NG .resw source; locale=et-EE; revision=7d81679f19f5fdaf5c8becaed58204869d1ac857
CFGEvntSLog.WinUI/Strings/Resources,CFGEvntSLog.WinUI Resources,Workbench_FilterGroup_Event_Log_Monitor,EventMonitorV1,NG .resw source; locale=et-EE; revision=7d81679f19f5fdaf5c8becaed58204869d1ac857
CFGEvntSLog.WinUI/Strings/Resources,CFGEvntSLog.WinUI Resources,Workbench_FilterGroup_Event_Log_Monitor_V2,EventMonitorV2,NG .resw source; locale=et-EE; revision=7d81679f19f5fdaf5c8becaed58204869d1ac857
CFGEvntSLog.WinUI/Strings/Resources,CFGEvntSLog.WinUI Resources,Workbench_FilterGroup_Extended_IP_Property,Laiendatud IP-omadus,NG .resw source; locale=et-EE; revision=7d81679f19f5fdaf5c8becaed58204869d1ac857
CFGEvntSLog.WinUI/Strings/Resources,CFGEvntSLog.WinUI Resources,Workbench_FilterGroup_Extended_Number_Property,Laiendatud numbriomadus,NG .resw source; locale=et-EE; revision=7d81679f19f5fdaf5c8becaed58204869d1ac857
CFGEvntSLog.WinUI/Strings/Resources,CFGEvntSLog.WinUI Resources,Workbench_FilterGroup_FTP_Probe,FTP sond,NG .resw source; locale=et-EE; revision=7d81679f19f5fdaf5c8becaed58204869d1ac857
CFGEvntSLog.WinUI/Strings/Resources,CFGEvntSLog.WinUI Resources,Workbench_FilterGroup_File_Exists,Fail on olemas,NG .resw source; locale=et-EE; revision=7d81679f19f5fdaf5c8becaed58204869d1ac857
CFGEvntSLog.WinUI/Strings/Resources,CFGEvntSLog.WinUI Resources,Workbench_FilterGroup_File_Monitor,FileMonitor,NG .resw source; locale=et-EE; revision=7d81679f19f5fdaf5c8becaed58204869d1ac857
CFGEvntSLog.WinUI/Strings/Resources,CFGEvntSLog.WinUI Resources,Workbench_FilterGroup_File_and_system_services,File and system services,NG .resw source; locale=et-EE; revision=7d81679f19f5fdaf5c8becaed58204869d1ac857
CFGEvntSLog.WinUI/Strings/Resources,CFGEvntSLog.WinUI Resources,Workbench_FilterGroup_General,Üldine,NG .resw source; locale=et-EE; revision=7d81679f19f5fdaf5c8becaed58204869d1ac857
CFGEvntSLog.WinUI/Strings/Resources,CFGEvntSLog.WinUI Resources,Workbench_FilterGroup_HTTP_Probe,HTTP-sond,NG .resw source; locale=et-EE; revision=7d81679f19f5fdaf5c8becaed58204869d1ac857
CFGEvntSLog.WinUI/Strings/Resources,CFGEvntSLog.WinUI Resources,Workbench_FilterGroup_IMAP_Probe,IMAP-sond,NG .resw source; locale=et-EE; revision=7d81679f19f5fdaf5c8becaed58204869d1ac857
CFGEvntSLog.WinUI/Strings/Resources,CFGEvntSLog.WinUI Resources,Workbench_FilterGroup_Information_unit_type,Information unit type,NG .resw source; locale=et-EE; revision=7d81679f19f5fdaf5c8becaed58204869d1ac857
CFGEvntSLog.WinUI/Strings/Resources,CFGEvntSLog.WinUI Resources,Workbench_FilterGroup_Modern_shortcuts,Modern shortcuts,NG .resw source; locale=et-EE; revision=7d81679f19f5fdaf5c8becaed58204869d1ac857
CFGEvntSLog.WinUI/Strings/Resources,CFGEvntSLog.WinUI Resources,Workbench_FilterGroup_NNTP_Probe,NNTP sond,NG .resw source; locale=et-EE; revision=7d81679f19f5fdaf5c8becaed58204869d1ac857
CFGEvntSLog.WinUI/Strings/Resources,CFGEvntSLog.WinUI Resources,Workbench_FilterGroup_NT_Service_Monitor,NT Service Monitor,NG .resw source; locale=et-EE; revision=7d81679f19f5fdaf5c8becaed58204869d1ac857
CFGEvntSLog.WinUI/Strings/Resources,CFGEvntSLog.WinUI Resources,Workbench_FilterGroup_Network_Related_Services,Võrguteenused,NG .resw source; locale=et-EE; revision=7d81679f19f5fdaf5c8becaed58204869d1ac857
CFGEvntSLog.WinUI/Strings/Resources,CFGEvntSLog.WinUI Resources,Workbench_FilterGroup_Network_services,Network services,NG .resw source; locale=et-EE; revision=7d81679f19f5fdaf5c8becaed58204869d1ac857
CFGEvntSLog.WinUI/Strings/Resources,CFGEvntSLog.WinUI Resources,Workbench_FilterGroup_Other_services,Muud teenused,NG .resw source; locale=et-EE; revision=7d81679f19f5fdaf5c8becaed58204869d1ac857
CFGEvntSLog.WinUI/Strings/Resources,CFGEvntSLog.WinUI Resources,Workbench_FilterGroup_POP3_Probe,POP3 sond,NG .resw source; locale=et-EE; revision=7d81679f19f5fdaf5c8becaed58204869d1ac857
CFGEvntSLog.WinUI/Strings/Resources,CFGEvntSLog.WinUI Resources,Workbench_FilterGroup_Probe_services,Sondteenused,NG .resw source; locale=et-EE; revision=7d81679f19f5fdaf5c8becaed58204869d1ac857
CFGEvntSLog.WinUI/Strings/Resources,CFGEvntSLog.WinUI Resources,Workbench_FilterGroup_SMTP_Probe,SMTP Sond,NG .resw source; locale=et-EE; revision=7d81679f19f5fdaf5c8becaed58204869d1ac857
CFGEvntSLog.WinUI/Strings/Resources,CFGEvntSLog.WinUI Resources,Workbench_FilterGroup_SNMP_trap,SNMP trap,NG .resw source; locale=et-EE; revision=7d81679f19f5fdaf5c8becaed58204869d1ac857
CFGEvntSLog.WinUI/Strings/Resources,CFGEvntSLog.WinUI Resources,Workbench_FilterGroup_Serial_Port_Monitor,Serial Port Monitor,NG .resw source; locale=et-EE; revision=7d81679f19f5fdaf5c8becaed58204869d1ac857
CFGEvntSLog.WinUI/Strings/Resources,CFGEvntSLog.WinUI Resources,Workbench_FilterGroup_Syslog,Syslog,NG .resw source; locale=et-EE; revision=7d81679f19f5fdaf5c8becaed58204869d1ac857
CFGEvntSLog.WinUI/Strings/Resources,CFGEvntSLog.WinUI Resources,Workbench_FilterGroup_Weekday,Weekday,NG .resw source; locale=et-EE; revision=7d81679f19f5fdaf5c8becaed58204869d1ac857
CFGEvntSLog.WinUI/Strings/Resources,CFGEvntSLog.WinUI Resources,Workbench_FilterPreset_eval_cpu_load_Description,CPU load percentage,NG .resw source; locale=et-EE; revision=7d81679f19f5fdaf5c8becaed58204869d1ac857
CFGEvntSLog.WinUI/Strings/Resources,CFGEvntSLog.WinUI Resources,Workbench_FilterPreset_eval_cpu_load_Title,CPU load,NG .resw source; locale=et-EE; revision=7d81679f19f5fdaf5c8becaed58204869d1ac857
CFGEvntSLog.WinUI/Strings/Resources,CFGEvntSLog.WinUI Resources,Workbench_FilterPreset_eval_cpu_number_Description,CPU number,NG .resw source; locale=et-EE; revision=7d81679f19f5fdaf5c8becaed58204869d1ac857
CFGEvntSLog.WinUI/Strings/Resources,CFGEvntSLog.WinUI Resources,Workbench_FilterPreset_eval_cpu_number_Title,CPU number,NG .resw source; locale=et-EE; revision=7d81679f19f5fdaf5c8becaed58204869d1ac857
CFGEvntSLog.WinUI/Strings/Resources,CFGEvntSLog.WinUI Resources,Workbench_FilterPreset_eval_custom_Description,"Custom property, comparison, and value",NG .resw source; locale=et-EE; revision=7d81679f19f5fdaf5c8becaed58204869d1ac857
CFGEvntSLog.WinUI/Strings/Resources,CFGEvntSLog.WinUI Resources,Workbench_FilterPreset_eval_custom_Title,Custom EVAL,NG .resw source; locale=et-EE; revision=7d81679f19f5fdaf5c8becaed58204869d1ac857
CFGEvntSLog.WinUI/Strings/Resources,CFGEvntSLog.WinUI Resources,Workbench_FilterPreset_eval_customerid_Description,Customer identifier,NG .resw source; locale=et-EE; revision=7d81679f19f5fdaf5c8becaed58204869d1ac857
CFGEvntSLog.WinUI/Strings/Resources,CFGEvntSLog.WinUI Resources,Workbench_FilterPreset_eval_customerid_Title,Customer ID,NG .resw source; locale=et-EE; revision=7d81679f19f5fdaf5c8becaed58204869d1ac857
CFGEvntSLog.WinUI/Strings/Resources,CFGEvntSLog.WinUI Resources,Workbench_FilterPreset_eval_datetime_Description,Date or time window,NG .resw source; locale=et-EE; revision=7d81679f19f5fdaf5c8becaed58204869d1ac857
CFGEvntSLog.WinUI/Strings/Resources,CFGEvntSLog.WinUI Resources,Workbench_FilterPreset_eval_datetime_Title,Date / time,NG .resw source; locale=et-EE; revision=7d81679f19f5fdaf5c8becaed58204869d1ac857
CFGEvntSLog.WinUI/Strings/Resources,CFGEvntSLog.WinUI Resources,Workbench_FilterPreset_eval_disk_space_gigabytes_Description,Remaining disk space in gigabytes,NG .resw source; locale=et-EE; revision=7d81679f19f5fdaf5c8becaed58204869d1ac857
CFGEvntSLog.WinUI/Strings/Resources,CFGEvntSLog.WinUI Resources,Workbench_FilterPreset_eval_disk_space_gigabytes_Title,Disk space left (GB),NG .resw source; locale=et-EE; revision=7d81679f19f5fdaf5c8becaed58204869d1ac857
CFGEvntSLog.WinUI/Strings/Resources,CFGEvntSLog.WinUI Resources,Workbench_FilterPreset_eval_disk_space_megabytes_Description,Remaining disk space in megabytes,NG .resw source; locale=et-EE; revision=7d81679f19f5fdaf5c8becaed58204869d1ac857
CFGEvntSLog.WinUI/Strings/Resources,CFGEvntSLog.WinUI Resources,Workbench_FilterPreset_eval_disk_space_megabytes_Title,Disk space left (MB),NG .resw source; locale=et-EE; revision=7d81679f19f5fdaf5c8becaed58204869d1ac857
CFGEvntSLog.WinUI/Strings/Resources,CFGEvntSLog.WinUI Resources,Workbench_FilterPreset_eval_disk_space_percent_Description,Remaining disk space percentage,NG .resw source; locale=et-EE; revision=7d81679f19f5fdaf5c8becaed58204869d1ac857
CFGEvntSLog.WinUI/Strings/Resources,CFGEvntSLog.WinUI Resources,Workbench_FilterPreset_eval_disk_space_percent_Title,Disk space left (%),NG .resw source; locale=et-EE; revision=7d81679f19f5fdaf5c8becaed58204869d1ac857
CFGEvntSLog.WinUI/Strings/Resources,CFGEvntSLog.WinUI Resources,Workbench_FilterPreset_eval_event_v1_category_Description,Classic Event Log category,NG .resw source; locale=et-EE; revision=7d81679f19f5fdaf5c8becaed58204869d1ac857
CFGEvntSLog.WinUI/Strings/Resources,CFGEvntSLog.WinUI Resources,Workbench_FilterPreset_eval_event_v1_category_Title,Event Category,NG .resw source; locale=et-EE; revision=7d81679f19f5fdaf5c8becaed58204869d1ac857
CFGEvntSLog.WinUI/Strings/Resources,CFGEvntSLog.WinUI Resources,Workbench_FilterPreset_eval_event_v1_category_name_Description,Classic Event Log category name,NG .resw source; locale=et-EE; revision=7d81679f19f5fdaf5c8becaed58204869d1ac857
CFGEvntSLog.WinUI/Strings/Resources,CFGEvntSLog.WinUI Resources,Workbench_FilterPreset_eval_event_v1_category_name_Title,Event category name,NG .resw source; locale=et-EE; revision=7d81679f19f5fdaf5c8becaed58204869d1ac857
CFGEvntSLog.WinUI/Strings/Resources,CFGEvntSLog.WinUI Resources,Workbench_FilterPreset_eval_event_v1_record_number_Description,Classic Event Log record number,NG .resw source; locale=et-EE; revision=7d81679f19f5fdaf5c8becaed58204869d1ac857
CFGEvntSLog.WinUI/Strings/Resources,CFGEvntSLog.WinUI Resources,Workbench_FilterPreset_eval_event_v1_record_number_Title,Event record number,NG .resw source; locale=et-EE; revision=7d81679f19f5fdaf5c8becaed58204869d1ac857
CFGEvntSLog.WinUI/Strings/Resources,CFGEvntSLog.WinUI Resources,Workbench_FilterPreset_eval_event_v1_severity_Description,Classic Event Log severity,NG .resw source; locale=et-EE; revision=7d81679f19f5fdaf5c8becaed58204869d1ac857
CFGEvntSLog.WinUI/Strings/Resources,CFGEvntSLog.WinUI Resources,Workbench_FilterPreset_eval_event_v1_severity_Title,Sündmuse tõsidus,NG .resw source; locale=et-EE; revision=7d81679f19f5fdaf5c8becaed58204869d1ac857
CFGEvntSLog.WinUI/Strings/Resources,CFGEvntSLog.WinUI Resources,Workbench_FilterPreset_eval_event_v1_source_Description,Classic Event Log source,NG .resw source; locale=et-EE; revision=7d81679f19f5fdaf5c8becaed58204869d1ac857
CFGEvntSLog.WinUI/Strings/Resources,CFGEvntSLog.WinUI Resources,Workbench_FilterPreset_eval_event_v1_source_Title,Event Source,NG .resw source; locale=et-EE; revision=7d81679f19f5fdaf5c8becaed58204869d1ac857
CFGEvntSLog.WinUI/Strings/Resources,CFGEvntSLog.WinUI Resources,Workbench_FilterPreset_eval_event_v1_type_Description,Classic Event Log event type,NG .resw source; locale=et-EE; revision=7d81679f19f5fdaf5c8becaed58204869d1ac857
CFGEvntSLog.WinUI/Strings/Resources,CFGEvntSLog.WinUI Resources,Workbench_FilterPreset_eval_event_v1_type_Title,Sündmuse tüüp,NG .resw source; locale=et-EE; revision=7d81679f19f5fdaf5c8becaed58204869d1ac857
CFGEvntSLog.WinUI/Strings/Resources,CFGEvntSLog.WinUI Resources,Workbench_FilterPreset_eval_event_v1_user_Description,Classic Event Log user,NG .resw source; locale=et-EE; revision=7d81679f19f5fdaf5c8becaed58204869d1ac857
CFGEvntSLog.WinUI/Strings/Resources,CFGEvntSLog.WinUI Resources,Workbench_FilterPreset_eval_event_v1_user_Title,Sündmuse kasutaja,NG .resw source; locale=et-EE; revision=7d81679f19f5fdaf5c8becaed58204869d1ac857
CFGEvntSLog.WinUI/Strings/Resources,CFGEvntSLog.WinUI Resources,Workbench_FilterPreset_eval_event_v2_category_Description,Event Log Monitor V2 category,NG .resw source; locale=et-EE; revision=7d81679f19f5fdaf5c8becaed58204869d1ac857
CFGEvntSLog.WinUI/Strings/Resources,CFGEvntSLog.WinUI Resources,Workbench_FilterPreset_eval_event_v2_category_Title,Event Category,NG .resw source; locale=et-EE; revision=7d81679f19f5fdaf5c8becaed58204869d1ac857
CFGEvntSLog.WinUI/Strings/Resources,CFGEvntSLog.WinUI Resources,Workbench_FilterPreset_eval_event_v2_category_name_Description,Event Log Monitor V2 category name,NG .resw source; locale=et-EE; revision=7d81679f19f5fdaf5c8becaed58204869d1ac857
CFGEvntSLog.WinUI/Strings/Resources,CFGEvntSLog.WinUI Resources,Workbench_FilterPreset_eval_event_v2_category_name_Title,Event category name,NG .resw source; locale=et-EE; revision=7d81679f19f5fdaf5c8becaed58204869d1ac857
CFGEvntSLog.WinUI/Strings/Resources,CFGEvntSLog.WinUI Resources,Workbench_FilterPreset_eval_event_v2_channel_Description,Event Log Monitor V2 channel,NG .resw source; locale=et-EE; revision=7d81679f19f5fdaf5c8becaed58204869d1ac857
CFGEvntSLog.WinUI/Strings/Resources,CFGEvntSLog.WinUI Resources,Workbench_FilterPreset_eval_event_v2_channel_Title,Event Channel,NG .resw source; locale=et-EE; revision=7d81679f19f5fdaf5c8becaed58204869d1ac857
CFGEvntSLog.WinUI/Strings/Resources,CFGEvntSLog.WinUI Resources,Workbench_FilterPreset_eval_event_v2_id_Description,Event Log Monitor V2 event ID,NG .resw source; locale=et-EE; revision=7d81679f19f5fdaf5c8becaed58204869d1ac857
CFGEvntSLog.WinUI/Strings/Resources,CFGEvntSLog.WinUI Resources,Workbench_FilterPreset_eval_event_v2_id_Title,Event ID,NG .resw source; locale=et-EE; revision=7d81679f19f5fdaf5c8becaed58204869d1ac857
CFGEvntSLog.WinUI/Strings/Resources,CFGEvntSLog.WinUI Resources,Workbench_FilterPreset_eval_event_v2_keyword_Description,Event Log Monitor V2 keyword,NG .resw source; locale=et-EE; revision=7d81679f19f5fdaf5c8becaed58204869d1ac857
CFGEvntSLog.WinUI/Strings/Resources,CFGEvntSLog.WinUI Resources,Workbench_FilterPreset_eval_event_v2_keyword_Title,Sündmuse märksõna,NG .resw source; locale=et-EE; revision=7d81679f19f5fdaf5c8becaed58204869d1ac857
CFGEvntSLog.WinUI/Strings/Resources,CFGEvntSLog.WinUI Resources,Workbench_FilterPreset_eval_event_v2_keyword_id_Description,Event Log Monitor V2 keyword ID,NG .resw source; locale=et-EE; revision=7d81679f19f5fdaf5c8becaed58204869d1ac857
CFGEvntSLog.WinUI/Strings/Resources,CFGEvntSLog.WinUI Resources,Workbench_FilterPreset_eval_event_v2_keyword_id_Title,Sündmuse märksõna ID,NG .resw source; locale=et-EE; revision=7d81679f19f5fdaf5c8becaed58204869d1ac857
CFGEvntSLog.WinUI/Strings/Resources,CFGEvntSLog.WinUI Resources,Workbench_FilterPreset_eval_event_v2_level_Description,Event Log Monitor V2 level,NG .resw source; locale=et-EE; revision=7d81679f19f5fdaf5c8becaed58204869d1ac857
CFGEvntSLog.WinUI/Strings/Resources,CFGEvntSLog.WinUI Resources,Workbench_FilterPreset_eval_event_v2_level_Title,Sündmuse tase,NG .resw source; locale=et-EE; revision=7d81679f19f5fdaf5c8becaed58204869d1ac857
CFGEvntSLog.WinUI/Strings/Resources,CFGEvntSLog.WinUI Resources,Workbench_FilterPreset_eval_event_v2_raw_source_Description,Event Log Monitor V2 raw source,NG .resw source; locale=et-EE; revision=7d81679f19f5fdaf5c8becaed58204869d1ac857
CFGEvntSLog.WinUI/Strings/Resources,CFGEvntSLog.WinUI Resources,Workbench_FilterPreset_eval_event_v2_raw_source_Title,Raw event source,NG .resw source; locale=et-EE; revision=7d81679f19f5fdaf5c8becaed58204869d1ac857
CFGEvntSLog.WinUI/Strings/Resources,CFGEvntSLog.WinUI Resources,Workbench_FilterPreset_eval_event_v2_severity_Description,Event Log Monitor V2 severity,NG .resw source; locale=et-EE; revision=7d81679f19f5fdaf5c8becaed58204869d1ac857
CFGEvntSLog.WinUI/Strings/Resources,CFGEvntSLog.WinUI Resources,Workbench_FilterPreset_eval_event_v2_severity_Title,Sündmuse tõsidus,NG .resw source; locale=et-EE; revision=7d81679f19f5fdaf5c8becaed58204869d1ac857
CFGEvntSLog.WinUI/Strings/Resources,CFGEvntSLog.WinUI Resources,Workbench_FilterPreset_eval_event_v2_severity_id_Description,Event Log Monitor V2 severity ID,NG .resw source; locale=et-EE; revision=7d81679f19f5fdaf5c8becaed58204869d1ac857
CFGEvntSLog.WinUI/Strings/Resources,CFGEvntSLog.WinUI Resources,Workbench_FilterPreset_eval_event_v2_severity_id_Title,Sündmuse tõsiduse ID,NG .resw source; locale=et-EE; revision=7d81679f19f5fdaf5c8becaed58204869d1ac857
CFGEvntSLog.WinUI/Strings/Resources,CFGEvntSLog.WinUI Resources,Workbench_FilterPreset_eval_event_v2_source_Description,Event Log Monitor V2 source,NG .resw source; locale=et-EE; revision=7d81679f19f5fdaf5c8becaed58204869d1ac857
CFGEvntSLog.WinUI/Strings/Resources,CFGEvntSLog.WinUI Resources,Workbench_FilterPreset_eval_event_v2_source_Title,Event Source,NG .resw source; locale=et-EE; revision=7d81679f19f5fdaf5c8becaed58204869d1ac857
CFGEvntSLog.WinUI/Strings/Resources,CFGEvntSLog.WinUI Resources,Workbench_FilterPreset_eval_event_v2_user_Description,Event Log Monitor V2 user,NG .resw source; locale=et-EE; revision=7d81679f19f5fdaf5c8becaed58204869d1ac857
CFGEvntSLog.WinUI/Strings/Resources,CFGEvntSLog.WinUI Resources,Workbench_FilterPreset_eval_event_v2_user_Title,Sündmuse kasutaja,NG .resw source; locale=et-EE; revision=7d81679f19f5fdaf5c8becaed58204869d1ac857
CFGEvntSLog.WinUI/Strings/Resources,CFGEvntSLog.WinUI Resources,Workbench_FilterPreset_eval_eventid_Description,Classic Event Log event ID,NG .resw source; locale=et-EE; revision=7d81679f19f5fdaf5c8becaed58204869d1ac857
CFGEvntSLog.WinUI/Strings/Resources,CFGEvntSLog.WinUI Resources,Workbench_FilterPreset_eval_eventid_Title,Event ID,NG .resw source; locale=et-EE; revision=7d81679f19f5fdaf5c8becaed58204869d1ac857
CFGEvntSLog.WinUI/Strings/Resources,CFGEvntSLog.WinUI Resources,Workbench_FilterPreset_eval_extended_ip_Description,IP extended property,NG .resw source; locale=et-EE; revision=7d81679f19f5fdaf5c8becaed58204869d1ac857
CFGEvntSLog.WinUI/Strings/Resources,CFGEvntSLog.WinUI Resources,Workbench_FilterPreset_eval_extended_ip_Title,Laiendatud IP-omadus,NG .resw source; locale=et-EE; revision=7d81679f19f5fdaf5c8becaed58204869d1ac857
CFGEvntSLog.WinUI/Strings/Resources,CFGEvntSLog.WinUI Resources,Workbench_FilterPreset_eval_extended_number_Description,Numeric extended property,NG .resw source; locale=et-EE; revision=7d81679f19f5fdaf5c8becaed58204869d1ac857
CFGEvntSLog.WinUI/Strings/Resources,CFGEvntSLog.WinUI Resources,Workbench_FilterPreset_eval_extended_number_Title,Laiendatud numbriomadus,NG .resw source; locale=et-EE; revision=7d81679f19f5fdaf5c8becaed58204869d1ac857
CFGEvntSLog.WinUI/Strings/Resources,CFGEvntSLog.WinUI Resources,Workbench_FilterPreset_eval_file_exists_Description,File-exists condition,NG .resw source; locale=et-EE; revision=7d81679f19f5fdaf5c8becaed58204869d1ac857
CFGEvntSLog.WinUI/Strings/Resources,CFGEvntSLog.WinUI Resources,Workbench_FilterPreset_eval_file_exists_Title,Fail on olemas,NG .resw source; locale=et-EE; revision=7d81679f19f5fdaf5c8becaed58204869d1ac857
CFGEvntSLog.WinUI/Strings/Resources,CFGEvntSLog.WinUI Resources,Workbench_FilterPreset_eval_file_generated_base_name_Description,Generated base filename,NG .resw source; locale=et-EE; revision=7d81679f19f5fdaf5c8becaed58204869d1ac857
CFGEvntSLog.WinUI/Strings/Resources,CFGEvntSLog.WinUI Resources,Workbench_FilterPreset_eval_file_generated_base_name_Title,Generated filename without path,NG .resw source; locale=et-EE; revision=7d81679f19f5fdaf5c8becaed58204869d1ac857
CFGEvntSLog.WinUI/Strings/Resources,CFGEvntSLog.WinUI Resources,Workbench_FilterPreset_eval_file_generated_name_Description,Generated filename including path,NG .resw source; locale=et-EE; revision=7d81679f19f5fdaf5c8becaed58204869d1ac857
CFGEvntSLog.WinUI/Strings/Resources,CFGEvntSLog.WinUI Resources,Workbench_FilterPreset_eval_file_generated_name_Title,Generated Filename,NG .resw source; locale=et-EE; revision=7d81679f19f5fdaf5c8becaed58204869d1ac857
CFGEvntSLog.WinUI/Strings/Resources,CFGEvntSLog.WinUI Resources,Workbench_FilterPreset_eval_filesystem_Description,Generic file-system monitor property,NG .resw source; locale=et-EE; revision=7d81679f19f5fdaf5c8becaed58204869d1ac857
CFGEvntSLog.WinUI/Strings/Resources,CFGEvntSLog.WinUI Resources,Workbench_FilterPreset_eval_filesystem_Title,File system monitoring,NG .resw source; locale=et-EE; revision=7d81679f19f5fdaf5c8becaed58204869d1ac857
CFGEvntSLog.WinUI/Strings/Resources,CFGEvntSLog.WinUI Resources,Workbench_FilterPreset_eval_ftp_response_Description,FTP probe response,NG .resw source; locale=et-EE; revision=7d81679f19f5fdaf5c8becaed58204869d1ac857
CFGEvntSLog.WinUI/Strings/Resources,CFGEvntSLog.WinUI Resources,Workbench_FilterPreset_eval_ftp_response_Title,FTP response,NG .resw source; locale=et-EE; revision=7d81679f19f5fdaf5c8becaed58204869d1ac857
CFGEvntSLog.WinUI/Strings/Resources,CFGEvntSLog.WinUI Resources,Workbench_FilterPreset_eval_ftp_status_Description,FTP probe status code,NG .resw source; locale=et-EE; revision=7d81679f19f5fdaf5c8becaed58204869d1ac857
CFGEvntSLog.WinUI/Strings/Resources,CFGEvntSLog.WinUI Resources,Workbench_FilterPreset_eval_ftp_status_Title,FTP status code,NG .resw source; locale=et-EE; revision=7d81679f19f5fdaf5c8becaed58204869d1ac857
CFGEvntSLog.WinUI/Strings/Resources,CFGEvntSLog.WinUI Resources,Workbench_FilterPreset_eval_hostname_Description,Kohalik hostinimi,NG .resw source; locale=et-EE; revision=7d81679f19f5fdaf5c8becaed58204869d1ac857
CFGEvntSLog.WinUI/Strings/Resources,CFGEvntSLog.WinUI Resources,Workbench_FilterPreset_eval_hostname_Title,Kohalik hostinimi,NG .resw source; locale=et-EE; revision=7d81679f19f5fdaf5c8becaed58204869d1ac857
CFGEvntSLog.WinUI/Strings/Resources,CFGEvntSLog.WinUI Resources,Workbench_FilterPreset_eval_http_response_Description,HTTP probe response,NG .resw source; locale=et-EE; revision=7d81679f19f5fdaf5c8becaed58204869d1ac857
CFGEvntSLog.WinUI/Strings/Resources,CFGEvntSLog.WinUI Resources,Workbench_FilterPreset_eval_http_response_Title,HTTP response,NG .resw source; locale=et-EE; revision=7d81679f19f5fdaf5c8becaed58204869d1ac857
CFGEvntSLog.WinUI/Strings/Resources,CFGEvntSLog.WinUI Resources,Workbench_FilterPreset_eval_http_status_Description,HTTP probe status code,NG .resw source; locale=et-EE; revision=7d81679f19f5fdaf5c8becaed58204869d1ac857
CFGEvntSLog.WinUI/Strings/Resources,CFGEvntSLog.WinUI Resources,Workbench_FilterPreset_eval_http_status_Title,HTTP status code,NG .resw source; locale=et-EE; revision=7d81679f19f5fdaf5c8becaed58204869d1ac857
CFGEvntSLog.WinUI/Strings/Resources,CFGEvntSLog.WinUI Resources,Workbench_FilterPreset_eval_imap_response_Description,IMAP probe response,NG .resw source; locale=et-EE; revision=7d81679f19f5fdaf5c8becaed58204869d1ac857
CFGEvntSLog.WinUI/Strings/Resources,CFGEvntSLog.WinUI Resources,Workbench_FilterPreset_eval_imap_response_Title,IMAP response,NG .resw source; locale=et-EE; revision=7d81679f19f5fdaf5c8becaed58204869d1ac857
CFGEvntSLog.WinUI/Strings/Resources,CFGEvntSLog.WinUI Resources,Workbench_FilterPreset_eval_imap_status_Description,IMAP probe status code,NG .resw source; locale=et-EE; revision=7d81679f19f5fdaf5c8becaed58204869d1ac857
CFGEvntSLog.WinUI/Strings/Resources,CFGEvntSLog.WinUI Resources,Workbench_FilterPreset_eval_imap_status_Title,IMAP status code,NG .resw source; locale=et-EE; revision=7d81679f19f5fdaf5c8becaed58204869d1ac857
CFGEvntSLog.WinUI/Strings/Resources,CFGEvntSLog.WinUI Resources,Workbench_FilterPreset_eval_iscpumemorymonitor_Description,CPU and memory monitor information-unit flag,NG .resw source; locale=et-EE; revision=7d81679f19f5fdaf5c8becaed58204869d1ac857
CFGEvntSLog.WinUI/Strings/Resources,CFGEvntSLog.WinUI Resources,Workbench_FilterPreset_eval_iscpumemorymonitor_Title,CPU and memory monitor,NG .resw source; locale=et-EE; revision=7d81679f19f5fdaf5c8becaed58204869d1ac857
CFGEvntSLog.WinUI/Strings/Resources,CFGEvntSLog.WinUI Resources,Workbench_FilterPreset_eval_isdatabasemonitor_Description,Database Monitor information-unit flag,NG .resw source; locale=et-EE; revision=7d81679f19f5fdaf5c8becaed58204869d1ac857
CFGEvntSLog.WinUI/Strings/Resources,CFGEvntSLog.WinUI Resources,Workbench_FilterPreset_eval_isdatabasemonitor_Title,Andmebaasi monitor,NG .resw source; locale=et-EE; revision=7d81679f19f5fdaf5c8becaed58204869d1ac857
CFGEvntSLog.WinUI/Strings/Resources,CFGEvntSLog.WinUI Resources,Workbench_FilterPreset_eval_isdiskspacemonitor_Description,Disk Space Monitor information-unit flag,NG .resw source; locale=et-EE; revision=7d81679f19f5fdaf5c8becaed58204869d1ac857
CFGEvntSLog.WinUI/Strings/Resources,CFGEvntSLog.WinUI Resources,Workbench_FilterPreset_eval_isdiskspacemonitor_Title,Disk Space Monitor,NG .resw source; locale=et-EE; revision=7d81679f19f5fdaf5c8becaed58204869d1ac857
CFGEvntSLog.WinUI/Strings/Resources,CFGEvntSLog.WinUI Resources,Workbench_FilterPreset_eval_iseventlogmonitor_Description,Event Log Monitor information-unit flag,NG .resw source; locale=et-EE; revision=7d81679f19f5fdaf5c8becaed58204869d1ac857
CFGEvntSLog.WinUI/Strings/Resources,CFGEvntSLog.WinUI Resources,Workbench_FilterPreset_eval_iseventlogmonitor_Title,EventMonitorV1,NG .resw source; locale=et-EE; revision=7d81679f19f5fdaf5c8becaed58204869d1ac857
CFGEvntSLog.WinUI/Strings/Resources,CFGEvntSLog.WinUI Resources,Workbench_FilterPreset_eval_iseventlogmonitorv2_Description,Event Log Monitor V2 information-unit flag,NG .resw source; locale=et-EE; revision=7d81679f19f5fdaf5c8becaed58204869d1ac857
CFGEvntSLog.WinUI/Strings/Resources,CFGEvntSLog.WinUI Resources,Workbench_FilterPreset_eval_iseventlogmonitorv2_Title,EventMonitorV2,NG .resw source; locale=et-EE; revision=7d81679f19f5fdaf5c8becaed58204869d1ac857
CFGEvntSLog.WinUI/Strings/Resources,CFGEvntSLog.WinUI Resources,Workbench_FilterPreset_eval_isfilemonitor_Description,File Monitor information-unit flag,NG .resw source; locale=et-EE; revision=7d81679f19f5fdaf5c8becaed58204869d1ac857
CFGEvntSLog.WinUI/Strings/Resources,CFGEvntSLog.WinUI Resources,Workbench_FilterPreset_eval_isfilemonitor_Title,FileMonitor,NG .resw source; locale=et-EE; revision=7d81679f19f5fdaf5c8becaed58204869d1ac857
CFGEvntSLog.WinUI/Strings/Resources,CFGEvntSLog.WinUI Resources,Workbench_FilterPreset_eval_isftpprobe_Description,FTP Probe information-unit flag,NG .resw source; locale=et-EE; revision=7d81679f19f5fdaf5c8becaed58204869d1ac857
CFGEvntSLog.WinUI/Strings/Resources,CFGEvntSLog.WinUI Resources,Workbench_FilterPreset_eval_isftpprobe_Title,FTP sond,NG .resw source; locale=et-EE; revision=7d81679f19f5fdaf5c8becaed58204869d1ac857
CFGEvntSLog.WinUI/Strings/Resources,CFGEvntSLog.WinUI Resources,Workbench_FilterPreset_eval_isheartbeat_Description,Heartbeat information-unit flag,NG .resw source; locale=et-EE; revision=7d81679f19f5fdaf5c8becaed58204869d1ac857
CFGEvntSLog.WinUI/Strings/Resources,CFGEvntSLog.WinUI Resources,Workbench_FilterPreset_eval_isheartbeat_Title,Heart Beat,NG .resw source; locale=et-EE; revision=7d81679f19f5fdaf5c8becaed58204869d1ac857
CFGEvntSLog.WinUI/Strings/Resources,CFGEvntSLog.WinUI Resources,Workbench_FilterPreset_eval_ishttpprobe_Description,HTTP Probe information-unit flag,NG .resw source; locale=et-EE; revision=7d81679f19f5fdaf5c8becaed58204869d1ac857
CFGEvntSLog.WinUI/Strings/Resources,CFGEvntSLog.WinUI Resources,Workbench_FilterPreset_eval_ishttpprobe_Title,HTTP-sond,NG .resw source; locale=et-EE; revision=7d81679f19f5fdaf5c8becaed58204869d1ac857
CFGEvntSLog.WinUI/Strings/Resources,CFGEvntSLog.WinUI Resources,Workbench_FilterPreset_eval_isimapprobe_Description,IMAP Probe information-unit flag,NG .resw source; locale=et-EE; revision=7d81679f19f5fdaf5c8becaed58204869d1ac857
CFGEvntSLog.WinUI/Strings/Resources,CFGEvntSLog.WinUI Resources,Workbench_FilterPreset_eval_isimapprobe_Title,IMAP-sond,NG .resw source; locale=et-EE; revision=7d81679f19f5fdaf5c8becaed58204869d1ac857
CFGEvntSLog.WinUI/Strings/Resources,CFGEvntSLog.WinUI Resources,Workbench_FilterPreset_eval_isnntpprobe_Description,NNTP Probe information-unit flag,NG .resw source; locale=et-EE; revision=7d81679f19f5fdaf5c8becaed58204869d1ac857
CFGEvntSLog.WinUI/Strings/Resources,CFGEvntSLog.WinUI Resources,Workbench_FilterPreset_eval_isnntpprobe_Title,NNTP sond,NG .resw source; locale=et-EE; revision=7d81679f19f5fdaf5c8becaed58204869d1ac857
CFGEvntSLog.WinUI/Strings/Resources,CFGEvntSLog.WinUI Resources,Workbench_FilterPreset_eval_isntservicemonitor_Description,NT Service Monitor information-unit flag,NG .resw source; locale=et-EE; revision=7d81679f19f5fdaf5c8becaed58204869d1ac857
CFGEvntSLog.WinUI/Strings/Resources,CFGEvntSLog.WinUI Resources,Workbench_FilterPreset_eval_isntservicemonitor_Title,NT Service Monitor,NG .resw source; locale=et-EE; revision=7d81679f19f5fdaf5c8becaed58204869d1ac857
CFGEvntSLog.WinUI/Strings/Resources,CFGEvntSLog.WinUI Resources,Workbench_FilterPreset_eval_ispingprobe_Description,Ping Probe information-unit flag,NG .resw source; locale=et-EE; revision=7d81679f19f5fdaf5c8becaed58204869d1ac857
CFGEvntSLog.WinUI/Strings/Resources,CFGEvntSLog.WinUI Resources,Workbench_FilterPreset_eval_ispingprobe_Title,Ping Probe,NG .resw source; locale=et-EE; revision=7d81679f19f5fdaf5c8becaed58204869d1ac857
CFGEvntSLog.WinUI/Strings/Resources,CFGEvntSLog.WinUI Resources,Workbench_FilterPreset_eval_ispop3probe_Description,POP3 Probe information-unit flag,NG .resw source; locale=et-EE; revision=7d81679f19f5fdaf5c8becaed58204869d1ac857
CFGEvntSLog.WinUI/Strings/Resources,CFGEvntSLog.WinUI Resources,Workbench_FilterPreset_eval_ispop3probe_Title,POP3 sond,NG .resw source; locale=et-EE; revision=7d81679f19f5fdaf5c8becaed58204869d1ac857
CFGEvntSLog.WinUI/Strings/Resources,CFGEvntSLog.WinUI Resources,Workbench_FilterPreset_eval_isportprobe_Description,Port Probe information-unit flag,NG .resw source; locale=et-EE; revision=7d81679f19f5fdaf5c8becaed58204869d1ac857
CFGEvntSLog.WinUI/Strings/Resources,CFGEvntSLog.WinUI Resources,Workbench_FilterPreset_eval_isportprobe_Title,Sadama sond,NG .resw source; locale=et-EE; revision=7d81679f19f5fdaf5c8becaed58204869d1ac857
CFGEvntSLog.WinUI/Strings/Resources,CFGEvntSLog.WinUI Resources,Workbench_FilterPreset_eval_isrelplistener_Description,RELP Listener information-unit flag,NG .resw source; locale=et-EE; revision=7d81679f19f5fdaf5c8becaed58204869d1ac857
CFGEvntSLog.WinUI/Strings/Resources,CFGEvntSLog.WinUI Resources,Workbench_FilterPreset_eval_isrelplistener_Title,RELPListener,NG .resw source; locale=et-EE; revision=7d81679f19f5fdaf5c8becaed58204869d1ac857
CFGEvntSLog.WinUI/Strings/Resources,CFGEvntSLog.WinUI Resources,Workbench_FilterPreset_eval_isserialportmonitor_Description,Serial Port Monitor information-unit flag,NG .resw source; locale=et-EE; revision=7d81679f19f5fdaf5c8becaed58204869d1ac857
CFGEvntSLog.WinUI/Strings/Resources,CFGEvntSLog.WinUI Resources,Workbench_FilterPreset_eval_isserialportmonitor_Title,Serial Port Monitor,NG .resw source; locale=et-EE; revision=7d81679f19f5fdaf5c8becaed58204869d1ac857
CFGEvntSLog.WinUI/Strings/Resources,CFGEvntSLog.WinUI Resources,Workbench_FilterPreset_eval_issmtplistener_Description,SMTP Listener information-unit flag,NG .resw source; locale=et-EE; revision=7d81679f19f5fdaf5c8becaed58204869d1ac857
CFGEvntSLog.WinUI/Strings/Resources,CFGEvntSLog.WinUI Resources,Workbench_FilterPreset_eval_issmtplistener_Title,SMTP Kuulaja,NG .resw source; locale=et-EE; revision=7d81679f19f5fdaf5c8becaed58204869d1ac857
CFGEvntSLog.WinUI/Strings/Resources,CFGEvntSLog.WinUI Resources,Workbench_FilterPreset_eval_issmtpprobe_Description,SMTP Probe information-unit flag,NG .resw source; locale=et-EE; revision=7d81679f19f5fdaf5c8becaed58204869d1ac857
CFGEvntSLog.WinUI/Strings/Resources,CFGEvntSLog.WinUI Resources,Workbench_FilterPreset_eval_issmtpprobe_Title,SMTP Sond,NG .resw source; locale=et-EE; revision=7d81679f19f5fdaf5c8becaed58204869d1ac857
CFGEvntSLog.WinUI/Strings/Resources,CFGEvntSLog.WinUI Resources,Workbench_FilterPreset_eval_issnmpmonitor_Description,SNMP Monitor information-unit flag,NG .resw source; locale=et-EE; revision=7d81679f19f5fdaf5c8becaed58204869d1ac857
CFGEvntSLog.WinUI/Strings/Resources,CFGEvntSLog.WinUI Resources,Workbench_FilterPreset_eval_issnmpmonitor_Title,SNMP Monitor,NG .resw source; locale=et-EE; revision=7d81679f19f5fdaf5c8becaed58204869d1ac857
CFGEvntSLog.WinUI/Strings/Resources,CFGEvntSLog.WinUI Resources,Workbench_FilterPreset_eval_issnmptrap_Description,SNMP trap information-unit flag,NG .resw source; locale=et-EE; revision=7d81679f19f5fdaf5c8becaed58204869d1ac857
CFGEvntSLog.WinUI/Strings/Resources,CFGEvntSLog.WinUI Resources,Workbench_FilterPreset_eval_issnmptrap_Title,SNMP trap,NG .resw source; locale=et-EE; revision=7d81679f19f5fdaf5c8becaed58204869d1ac857
CFGEvntSLog.WinUI/Strings/Resources,CFGEvntSLog.WinUI Resources,Workbench_FilterPreset_eval_issyslog_Description,Syslog information-unit flag,NG .resw source; locale=et-EE; revision=7d81679f19f5fdaf5c8becaed58204869d1ac857
CFGEvntSLog.WinUI/Strings/Resources,CFGEvntSLog.WinUI Resources,Workbench_FilterPreset_eval_issyslog_Title,Syslog,NG .resw source; locale=et-EE; revision=7d81679f19f5fdaf5c8becaed58204869d1ac857
CFGEvntSLog.WinUI/Strings/Resources,CFGEvntSLog.WinUI Resources,Workbench_FilterPreset_eval_memory_physical_free_Description,Free physical memory in megabytes,NG .resw source; locale=et-EE; revision=7d81679f19f5fdaf5c8becaed58204869d1ac857
CFGEvntSLog.WinUI/Strings/Resources,CFGEvntSLog.WinUI Resources,Workbench_FilterPreset_eval_memory_physical_free_Title,Free physical memory,NG .resw source; locale=et-EE; revision=7d81679f19f5fdaf5c8becaed58204869d1ac857
CFGEvntSLog.WinUI/Strings/Resources,CFGEvntSLog.WinUI Resources,Workbench_FilterPreset_eval_memory_physical_load_Description,Physical memory load percentage,NG .resw source; locale=et-EE; revision=7d81679f19f5fdaf5c8becaed58204869d1ac857
CFGEvntSLog.WinUI/Strings/Resources,CFGEvntSLog.WinUI Resources,Workbench_FilterPreset_eval_memory_physical_load_Title,Physical memory load,NG .resw source; locale=et-EE; revision=7d81679f19f5fdaf5c8becaed58204869d1ac857
CFGEvntSLog.WinUI/Strings/Resources,CFGEvntSLog.WinUI Resources,Workbench_FilterPreset_eval_memory_physical_max_Description,Maximum physical memory in megabytes,NG .resw source; locale=et-EE; revision=7d81679f19f5fdaf5c8becaed58204869d1ac857
CFGEvntSLog.WinUI/Strings/Resources,CFGEvntSLog.WinUI Resources,Workbench_FilterPreset_eval_memory_physical_max_Title,Maximum physical memory,NG .resw source; locale=et-EE; revision=7d81679f19f5fdaf5c8becaed58204869d1ac857
CFGEvntSLog.WinUI/Strings/Resources,CFGEvntSLog.WinUI Resources,Workbench_FilterPreset_eval_memory_total_free_Description,Free total memory in megabytes,NG .resw source; locale=et-EE; revision=7d81679f19f5fdaf5c8becaed58204869d1ac857
CFGEvntSLog.WinUI/Strings/Resources,CFGEvntSLog.WinUI Resources,Workbench_FilterPreset_eval_memory_total_free_Title,Free total memory,NG .resw source; locale=et-EE; revision=7d81679f19f5fdaf5c8becaed58204869d1ac857
CFGEvntSLog.WinUI/Strings/Resources,CFGEvntSLog.WinUI Resources,Workbench_FilterPreset_eval_memory_total_load_Description,Total memory load percentage,NG .resw source; locale=et-EE; revision=7d81679f19f5fdaf5c8becaed58204869d1ac857
CFGEvntSLog.WinUI/Strings/Resources,CFGEvntSLog.WinUI Resources,Workbench_FilterPreset_eval_memory_total_load_Title,Total memory load,NG .resw source; locale=et-EE; revision=7d81679f19f5fdaf5c8becaed58204869d1ac857
CFGEvntSLog.WinUI/Strings/Resources,CFGEvntSLog.WinUI Resources,Workbench_FilterPreset_eval_memory_total_max_Description,Maximum total memory in megabytes,NG .resw source; locale=et-EE; revision=7d81679f19f5fdaf5c8becaed58204869d1ac857
CFGEvntSLog.WinUI/Strings/Resources,CFGEvntSLog.WinUI Resources,Workbench_FilterPreset_eval_memory_total_max_Title,Maximum total memory,NG .resw source; locale=et-EE; revision=7d81679f19f5fdaf5c8becaed58204869d1ac857
CFGEvntSLog.WinUI/Strings/Resources,CFGEvntSLog.WinUI Resources,Workbench_FilterPreset_eval_memory_virtual_free_Description,Free virtual memory in megabytes,NG .resw source; locale=et-EE; revision=7d81679f19f5fdaf5c8becaed58204869d1ac857
CFGEvntSLog.WinUI/Strings/Resources,CFGEvntSLog.WinUI Resources,Workbench_FilterPreset_eval_memory_virtual_free_Title,Free virtual memory,NG .resw source; locale=et-EE; revision=7d81679f19f5fdaf5c8becaed58204869d1ac857
CFGEvntSLog.WinUI/Strings/Resources,CFGEvntSLog.WinUI Resources,Workbench_FilterPreset_eval_memory_virtual_load_Description,Virtual memory load percentage,NG .resw source; locale=et-EE; revision=7d81679f19f5fdaf5c8becaed58204869d1ac857
CFGEvntSLog.WinUI/Strings/Resources,CFGEvntSLog.WinUI Resources,Workbench_FilterPreset_eval_memory_virtual_load_Title,Virtual memory load,NG .resw source; locale=et-EE; revision=7d81679f19f5fdaf5c8becaed58204869d1ac857
CFGEvntSLog.WinUI/Strings/Resources,CFGEvntSLog.WinUI Resources,Workbench_FilterPreset_eval_memory_virtual_max_Description,Maximum virtual memory in megabytes,NG .resw source; locale=et-EE; revision=7d81679f19f5fdaf5c8becaed58204869d1ac857
CFGEvntSLog.WinUI/Strings/Resources,CFGEvntSLog.WinUI Resources,Workbench_FilterPreset_eval_memory_virtual_max_Title,Maximum virtual memory,NG .resw source; locale=et-EE; revision=7d81679f19f5fdaf5c8becaed58204869d1ac857
CFGEvntSLog.WinUI/Strings/Resources,CFGEvntSLog.WinUI Resources,Workbench_FilterPreset_eval_msg_Description,Message content,NG .resw source; locale=et-EE; revision=7d81679f19f5fdaf5c8becaed58204869d1ac857
CFGEvntSLog.WinUI/Strings/Resources,CFGEvntSLog.WinUI Resources,Workbench_FilterPreset_eval_msg_Title,Sõnum,NG .resw source; locale=et-EE; revision=7d81679f19f5fdaf5c8becaed58204869d1ac857
CFGEvntSLog.WinUI/Strings/Resources,CFGEvntSLog.WinUI Resources,Workbench_FilterPreset_eval_nntp_response_Description,NNTP probe response,NG .resw source; locale=et-EE; revision=7d81679f19f5fdaf5c8becaed58204869d1ac857
CFGEvntSLog.WinUI/Strings/Resources,CFGEvntSLog.WinUI Resources,Workbench_FilterPreset_eval_nntp_response_Title,NNTP response,NG .resw source; locale=et-EE; revision=7d81679f19f5fdaf5c8becaed58204869d1ac857
CFGEvntSLog.WinUI/Strings/Resources,CFGEvntSLog.WinUI Resources,Workbench_FilterPreset_eval_nntp_status_Description,NNTP probe status code,NG .resw source; locale=et-EE; revision=7d81679f19f5fdaf5c8becaed58204869d1ac857
CFGEvntSLog.WinUI/Strings/Resources,CFGEvntSLog.WinUI Resources,Workbench_FilterPreset_eval_nntp_status_Title,NNTP status code,NG .resw source; locale=et-EE; revision=7d81679f19f5fdaf5c8becaed58204869d1ac857
CFGEvntSLog.WinUI/Strings/Resources,CFGEvntSLog.WinUI Resources,Workbench_FilterPreset_eval_nt_service_display_name_Description,NT service display name,NG .resw source; locale=et-EE; revision=7d81679f19f5fdaf5c8becaed58204869d1ac857
CFGEvntSLog.WinUI/Strings/Resources,CFGEvntSLog.WinUI Resources,Workbench_FilterPreset_eval_nt_service_display_name_Title,Service display name,NG .resw source; locale=et-EE; revision=7d81679f19f5fdaf5c8becaed58204869d1ac857
CFGEvntSLog.WinUI/Strings/Resources,CFGEvntSLog.WinUI Resources,Workbench_FilterPreset_eval_nt_service_name_Description,NT service name,NG .resw source; locale=et-EE; revision=7d81679f19f5fdaf5c8becaed58204869d1ac857
CFGEvntSLog.WinUI/Strings/Resources,CFGEvntSLog.WinUI Resources,Workbench_FilterPreset_eval_nt_service_name_Title,Service name,NG .resw source; locale=et-EE; revision=7d81679f19f5fdaf5c8becaed58204869d1ac857
CFGEvntSLog.WinUI/Strings/Resources,CFGEvntSLog.WinUI Resources,Workbench_FilterPreset_eval_other_service_Description,Generic service-type property,NG .resw source; locale=et-EE; revision=7d81679f19f5fdaf5c8becaed58204869d1ac857
CFGEvntSLog.WinUI/Strings/Resources,CFGEvntSLog.WinUI Resources,Workbench_FilterPreset_eval_other_service_Title,Muud teenused,NG .resw source; locale=et-EE; revision=7d81679f19f5fdaf5c8becaed58204869d1ac857
CFGEvntSLog.WinUI/Strings/Resources,CFGEvntSLog.WinUI Resources,Workbench_FilterPreset_eval_pop3_response_Description,POP3 probe response,NG .resw source; locale=et-EE; revision=7d81679f19f5fdaf5c8becaed58204869d1ac857
CFGEvntSLog.WinUI/Strings/Resources,CFGEvntSLog.WinUI Resources,Workbench_FilterPreset_eval_pop3_response_Title,POP3 response,NG .resw source; locale=et-EE; revision=7d81679f19f5fdaf5c8becaed58204869d1ac857
CFGEvntSLog.WinUI/Strings/Resources,CFGEvntSLog.WinUI Resources,Workbench_FilterPreset_eval_pop3_status_Description,POP3 probe status code,NG .resw source; locale=et-EE; revision=7d81679f19f5fdaf5c8becaed58204869d1ac857
CFGEvntSLog.WinUI/Strings/Resources,CFGEvntSLog.WinUI Resources,Workbench_FilterPreset_eval_pop3_status_Title,POP3 status code,NG .resw source; locale=et-EE; revision=7d81679f19f5fdaf5c8becaed58204869d1ac857
CFGEvntSLog.WinUI/Strings/Resources,CFGEvntSLog.WinUI Resources,Workbench_FilterPreset_eval_probe_Description,Generic probe-service property,NG .resw source; locale=et-EE; revision=7d81679f19f5fdaf5c8becaed58204869d1ac857
CFGEvntSLog.WinUI/Strings/Resources,CFGEvntSLog.WinUI Resources,Workbench_FilterPreset_eval_probe_Title,Sondteenused,NG .resw source; locale=et-EE; revision=7d81679f19f5fdaf5c8becaed58204869d1ac857
CFGEvntSLog.WinUI/Strings/Resources,CFGEvntSLog.WinUI Resources,Workbench_FilterPreset_eval_serial_port_name_Description,Serial port name,NG .resw source; locale=et-EE; revision=7d81679f19f5fdaf5c8becaed58204869d1ac857
CFGEvntSLog.WinUI/Strings/Resources,CFGEvntSLog.WinUI Resources,Workbench_FilterPreset_eval_serial_port_name_Title,Port name,NG .resw source; locale=et-EE; revision=7d81679f19f5fdaf5c8becaed58204869d1ac857
CFGEvntSLog.WinUI/Strings/Resources,CFGEvntSLog.WinUI Resources,Workbench_FilterPreset_eval_smtp_response_Description,SMTP probe response,NG .resw source; locale=et-EE; revision=7d81679f19f5fdaf5c8becaed58204869d1ac857
CFGEvntSLog.WinUI/Strings/Resources,CFGEvntSLog.WinUI Resources,Workbench_FilterPreset_eval_smtp_response_Title,SMTP response,NG .resw source; locale=et-EE; revision=7d81679f19f5fdaf5c8becaed58204869d1ac857
CFGEvntSLog.WinUI/Strings/Resources,CFGEvntSLog.WinUI Resources,Workbench_FilterPreset_eval_smtp_status_Description,SMTP probe status code,NG .resw source; locale=et-EE; revision=7d81679f19f5fdaf5c8becaed58204869d1ac857
CFGEvntSLog.WinUI/Strings/Resources,CFGEvntSLog.WinUI Resources,Workbench_FilterPreset_eval_smtp_status_Title,SMTP status code,NG .resw source; locale=et-EE; revision=7d81679f19f5fdaf5c8becaed58204869d1ac857
CFGEvntSLog.WinUI/Strings/Resources,CFGEvntSLog.WinUI Resources,Workbench_FilterPreset_eval_snmp_agent_ip_Description,SNMP agent IP address,NG .resw source; locale=et-EE; revision=7d81679f19f5fdaf5c8becaed58204869d1ac857
CFGEvntSLog.WinUI/Strings/Resources,CFGEvntSLog.WinUI Resources,Workbench_FilterPreset_eval_snmp_agent_ip_Title,Agent IP,NG .resw source; locale=et-EE; revision=7d81679f19f5fdaf5c8becaed58204869d1ac857
CFGEvntSLog.WinUI/Strings/Resources,CFGEvntSLog.WinUI Resources,Workbench_FilterPreset_eval_snmp_community_Description,SNMP community,NG .resw source; locale=et-EE; revision=7d81679f19f5fdaf5c8becaed58204869d1ac857
CFGEvntSLog.WinUI/Strings/Resources,CFGEvntSLog.WinUI Resources,Workbench_FilterPreset_eval_snmp_community_Title,Community,NG .resw source; locale=et-EE; revision=7d81679f19f5fdaf5c8becaed58204869d1ac857
CFGEvntSLog.WinUI/Strings/Resources,CFGEvntSLog.WinUI Resources,Workbench_FilterPreset_eval_snmp_enterprise_Description,SNMP enterprise,NG .resw source; locale=et-EE; revision=7d81679f19f5fdaf5c8becaed58204869d1ac857
CFGEvntSLog.WinUI/Strings/Resources,CFGEvntSLog.WinUI Resources,Workbench_FilterPreset_eval_snmp_enterprise_Title,Enterprise,NG .resw source; locale=et-EE; revision=7d81679f19f5fdaf5c8becaed58204869d1ac857
CFGEvntSLog.WinUI/Strings/Resources,CFGEvntSLog.WinUI Resources,Workbench_FilterPreset_eval_snmp_generic_name_Description,SNMP generic name,NG .resw source; locale=et-EE; revision=7d81679f19f5fdaf5c8becaed58204869d1ac857
CFGEvntSLog.WinUI/Strings/Resources,CFGEvntSLog.WinUI Resources,Workbench_FilterPreset_eval_snmp_generic_name_Title,Generic name,NG .resw source; locale=et-EE; revision=7d81679f19f5fdaf5c8becaed58204869d1ac857
CFGEvntSLog.WinUI/Strings/Resources,CFGEvntSLog.WinUI Resources,Workbench_FilterPreset_eval_snmp_specific_type_Description,SNMP specific trap type,NG .resw source; locale=et-EE; revision=7d81679f19f5fdaf5c8becaed58204869d1ac857
CFGEvntSLog.WinUI/Strings/Resources,CFGEvntSLog.WinUI Resources,Workbench_FilterPreset_eval_snmp_specific_type_Title,Specific type,NG .resw source; locale=et-EE; revision=7d81679f19f5fdaf5c8becaed58204869d1ac857
CFGEvntSLog.WinUI/Strings/Resources,CFGEvntSLog.WinUI Resources,Workbench_FilterPreset_eval_snmp_uptime_Description,SNMP uptime,NG .resw source; locale=et-EE; revision=7d81679f19f5fdaf5c8becaed58204869d1ac857
CFGEvntSLog.WinUI/Strings/Resources,CFGEvntSLog.WinUI Resources,Workbench_FilterPreset_eval_snmp_uptime_Title,Uptime,NG .resw source; locale=et-EE; revision=7d81679f19f5fdaf5c8becaed58204869d1ac857
CFGEvntSLog.WinUI/Strings/Resources,CFGEvntSLog.WinUI Resources,Workbench_FilterPreset_eval_snmp_version_Description,SNMP version,NG .resw source; locale=et-EE; revision=7d81679f19f5fdaf5c8becaed58204869d1ac857
CFGEvntSLog.WinUI/Strings/Resources,CFGEvntSLog.WinUI Resources,Workbench_FilterPreset_eval_snmp_version_Title,Version,NG .resw source; locale=et-EE; revision=7d81679f19f5fdaf5c8becaed58204869d1ac857
CFGEvntSLog.WinUI/Strings/Resources,CFGEvntSLog.WinUI Resources,Workbench_FilterPreset_eval_source_Description,Source address,NG .resw source; locale=et-EE; revision=7d81679f19f5fdaf5c8becaed58204869d1ac857
CFGEvntSLog.WinUI/Strings/Resources,CFGEvntSLog.WinUI Resources,Workbench_FilterPreset_eval_source_Title,Allikas,NG .resw source; locale=et-EE; revision=7d81679f19f5fdaf5c8becaed58204869d1ac857
CFGEvntSLog.WinUI/Strings/Resources,CFGEvntSLog.WinUI Resources,Workbench_FilterPreset_eval_source_ip_type_Description,Source address using IP-aware comparison,NG .resw source; locale=et-EE; revision=7d81679f19f5fdaf5c8becaed58204869d1ac857
CFGEvntSLog.WinUI/Strings/Resources,CFGEvntSLog.WinUI Resources,Workbench_FilterPreset_eval_source_ip_type_Title,Source IP type,NG .resw source; locale=et-EE; revision=7d81679f19f5fdaf5c8becaed58204869d1ac857
CFGEvntSLog.WinUI/Strings/Resources,CFGEvntSLog.WinUI Resources,Workbench_FilterPreset_eval_status_name_value_Description,Status property name and value,NG .resw source; locale=et-EE; revision=7d81679f19f5fdaf5c8becaed58204869d1ac857
CFGEvntSLog.WinUI/Strings/Resources,CFGEvntSLog.WinUI Resources,Workbench_FilterPreset_eval_status_name_value_Title,Status name and value,NG .resw source; locale=et-EE; revision=7d81679f19f5fdaf5c8becaed58204869d1ac857
CFGEvntSLog.WinUI/Strings/Resources,CFGEvntSLog.WinUI Resources,Workbench_FilterPreset_eval_syslogappname_Description,Syslog APP-NAME,NG .resw source; locale=et-EE; revision=7d81679f19f5fdaf5c8becaed58204869d1ac857
CFGEvntSLog.WinUI/Strings/Resources,CFGEvntSLog.WinUI Resources,Workbench_FilterPreset_eval_syslogappname_Title,Syslog app name,NG .resw source; locale=et-EE; revision=7d81679f19f5fdaf5c8becaed58204869d1ac857
CFGEvntSLog.WinUI/Strings/Resources,CFGEvntSLog.WinUI Resources,Workbench_FilterPreset_eval_syslogfacility_Description,Syslog facility,NG .resw source; locale=et-EE; revision=7d81679f19f5fdaf5c8becaed58204869d1ac857
CFGEvntSLog.WinUI/Strings/Resources,CFGEvntSLog.WinUI Resources,Workbench_FilterPreset_eval_syslogfacility_Title,Syslog facility,NG .resw source; locale=et-EE; revision=7d81679f19f5fdaf5c8becaed58204869d1ac857
CFGEvntSLog.WinUI/Strings/Resources,CFGEvntSLog.WinUI Resources,Workbench_FilterPreset_eval_syslogmsgid_Description,Syslog MSGID,NG .resw source; locale=et-EE; revision=7d81679f19f5fdaf5c8becaed58204869d1ac857
CFGEvntSLog.WinUI/Strings/Resources,CFGEvntSLog.WinUI Resources,Workbench_FilterPreset_eval_syslogmsgid_Title,Syslog message ID,NG .resw source; locale=et-EE; revision=7d81679f19f5fdaf5c8becaed58204869d1ac857
CFGEvntSLog.WinUI/Strings/Resources,CFGEvntSLog.WinUI Resources,Workbench_FilterPreset_eval_syslogpriority_Description,Syslog priority,NG .resw source; locale=et-EE; revision=7d81679f19f5fdaf5c8becaed58204869d1ac857
CFGEvntSLog.WinUI/Strings/Resources,CFGEvntSLog.WinUI Resources,Workbench_FilterPreset_eval_syslogpriority_Title,Syslog priority,NG .resw source; locale=et-EE; revision=7d81679f19f5fdaf5c8becaed58204869d1ac857
CFGEvntSLog.WinUI/Strings/Resources,CFGEvntSLog.WinUI Resources,Workbench_FilterPreset_eval_syslogprocid_Description,Syslog ProcID,NG .resw source; locale=et-EE; revision=7d81679f19f5fdaf5c8becaed58204869d1ac857
CFGEvntSLog.WinUI/Strings/Resources,CFGEvntSLog.WinUI Resources,Workbench_FilterPreset_eval_syslogprocid_Title,Syslog process ID,NG .resw source; locale=et-EE; revision=7d81679f19f5fdaf5c8becaed58204869d1ac857
CFGEvntSLog.WinUI/Strings/Resources,CFGEvntSLog.WinUI Resources,Workbench_FilterPreset_eval_syslogstructdata_Description,Syslog structured data,NG .resw source; locale=et-EE; revision=7d81679f19f5fdaf5c8becaed58204869d1ac857
CFGEvntSLog.WinUI/Strings/Resources,CFGEvntSLog.WinUI Resources,Workbench_FilterPreset_eval_syslogstructdata_Title,Syslog structured data,NG .resw source; locale=et-EE; revision=7d81679f19f5fdaf5c8becaed58204869d1ac857
CFGEvntSLog.WinUI/Strings/Resources,CFGEvntSLog.WinUI Resources,Workbench_FilterPreset_eval_syslogtag_Description,Syslog Silt,NG .resw source; locale=et-EE; revision=7d81679f19f5fdaf5c8becaed58204869d1ac857
CFGEvntSLog.WinUI/Strings/Resources,CFGEvntSLog.WinUI Resources,Workbench_FilterPreset_eval_syslogtag_Title,Syslog Silt,NG .resw source; locale=et-EE; revision=7d81679f19f5fdaf5c8becaed58204869d1ac857
CFGEvntSLog.WinUI/Strings/Resources,CFGEvntSLog.WinUI Resources,Workbench_FilterPreset_eval_syslogversion_Description,Syslog protocol version,NG .resw source; locale=et-EE; revision=7d81679f19f5fdaf5c8becaed58204869d1ac857
CFGEvntSLog.WinUI/Strings/Resources,CFGEvntSLog.WinUI Resources,Workbench_FilterPreset_eval_syslogversion_Title,Syslog versioon,NG .resw source; locale=et-EE; revision=7d81679f19f5fdaf5c8becaed58204869d1ac857
CFGEvntSLog.WinUI/Strings/Resources,CFGEvntSLog.WinUI Resources,Workbench_FilterPreset_eval_systemid_Description,System identifier,NG .resw source; locale=et-EE; revision=7d81679f19f5fdaf5c8becaed58204869d1ac857
CFGEvntSLog.WinUI/Strings/Resources,CFGEvntSLog.WinUI Resources,Workbench_FilterPreset_eval_systemid_Title,System ID,NG .resw source; locale=et-EE; revision=7d81679f19f5fdaf5c8becaed58204869d1ac857
CFGEvntSLog.WinUI/Strings/Resources,CFGEvntSLog.WinUI Resources,Workbench_FilterPreset_eval_weekday_friday_Description,Jookse reedel,NG .resw source; locale=et-EE; revision=7d81679f19f5fdaf5c8becaed58204869d1ac857
CFGEvntSLog.WinUI/Strings/Resources,CFGEvntSLog.WinUI Resources,Workbench_FilterPreset_eval_weekday_friday_Title,Friday,NG .resw source; locale=et-EE; revision=7d81679f19f5fdaf5c8becaed58204869d1ac857
CFGEvntSLog.WinUI/Strings/Resources,CFGEvntSLog.WinUI Resources,Workbench_FilterPreset_eval_weekday_monday_Description,Jookse esmaspäeval,NG .resw source; locale=et-EE; revision=7d81679f19f5fdaf5c8becaed58204869d1ac857
CFGEvntSLog.WinUI/Strings/Resources,CFGEvntSLog.WinUI Resources,Workbench_FilterPreset_eval_weekday_monday_Title,Monday,NG .resw source; locale=et-EE; revision=7d81679f19f5fdaf5c8becaed58204869d1ac857
CFGEvntSLog.WinUI/Strings/Resources,CFGEvntSLog.WinUI Resources,Workbench_FilterPreset_eval_weekday_saturday_Description,Jookse laupäeval,NG .resw source; locale=et-EE; revision=7d81679f19f5fdaf5c8becaed58204869d1ac857
CFGEvntSLog.WinUI/Strings/Resources,CFGEvntSLog.WinUI Resources,Workbench_FilterPreset_eval_weekday_saturday_Title,Saturday,NG .resw source; locale=et-EE; revision=7d81679f19f5fdaf5c8becaed58204869d1ac857
CFGEvntSLog.WinUI/Strings/Resources,CFGEvntSLog.WinUI Resources,Workbench_FilterPreset_eval_weekday_sunday_Description,Jookse pühapäeval,NG .resw source; locale=et-EE; revision=7d81679f19f5fdaf5c8becaed58204869d1ac857
CFGEvntSLog.WinUI/Strings/Resources,CFGEvntSLog.WinUI Resources,Workbench_FilterPreset_eval_weekday_sunday_Title,Sunday,NG .resw source; locale=et-EE; revision=7d81679f19f5fdaf5c8becaed58204869d1ac857
CFGEvntSLog.WinUI/Strings/Resources,CFGEvntSLog.WinUI Resources,Workbench_FilterPreset_eval_weekday_thursday_Description,Jookse neljapäeval,NG .resw source; locale=et-EE; revision=7d81679f19f5fdaf5c8becaed58204869d1ac857
CFGEvntSLog.WinUI/Strings/Resources,CFGEvntSLog.WinUI Resources,Workbench_FilterPreset_eval_weekday_thursday_Title,Thursday,NG .resw source; locale=et-EE; revision=7d81679f19f5fdaf5c8becaed58204869d1ac857
CFGEvntSLog.WinUI/Strings/Resources,CFGEvntSLog.WinUI Resources,Workbench_FilterPreset_eval_weekday_tuesday_Description,Jookse teisipäeval,NG .resw source; locale=et-EE; revision=7d81679f19f5fdaf5c8becaed58204869d1ac857
CFGEvntSLog.WinUI/Strings/Resources,CFGEvntSLog.WinUI Resources,Workbench_FilterPreset_eval_weekday_tuesday_Title,Tuesday,NG .resw source; locale=et-EE; revision=7d81679f19f5fdaf5c8becaed58204869d1ac857
CFGEvntSLog.WinUI/Strings/Resources,CFGEvntSLog.WinUI Resources,Workbench_FilterPreset_eval_weekday_wednesday_Description,Jookse kolmapäeval,NG .resw source; locale=et-EE; revision=7d81679f19f5fdaf5c8becaed58204869d1ac857
CFGEvntSLog.WinUI/Strings/Resources,CFGEvntSLog.WinUI Resources,Workbench_FilterPreset_eval_weekday_wednesday_Title,Wednesday,NG .resw source; locale=et-EE; revision=7d81679f19f5fdaf5c8becaed58204869d1ac857
CFGEvntSLog.WinUI/Strings/Resources,CFGEvntSLog.WinUI Resources,Workbench_FilterPreset_op_and_Description,All children must match,NG .resw source; locale=et-EE; revision=7d81679f19f5fdaf5c8becaed58204869d1ac857
CFGEvntSLog.WinUI/Strings/Resources,CFGEvntSLog.WinUI Resources,Workbench_FilterPreset_op_and_Title,AND,NG .resw source; locale=et-EE; revision=7d81679f19f5fdaf5c8becaed58204869d1ac857
CFGEvntSLog.WinUI/Strings/Resources,CFGEvntSLog.WinUI Resources,Workbench_FilterPreset_op_false_Description,Always false,NG .resw source; locale=et-EE; revision=7d81679f19f5fdaf5c8becaed58204869d1ac857
CFGEvntSLog.WinUI/Strings/Resources,CFGEvntSLog.WinUI Resources,Workbench_FilterPreset_op_false_Title,FALSE,NG .resw source; locale=et-EE; revision=7d81679f19f5fdaf5c8becaed58204869d1ac857
CFGEvntSLog.WinUI/Strings/Resources,CFGEvntSLog.WinUI Resources,Workbench_FilterPreset_op_not_Description,Negates one child,NG .resw source; locale=et-EE; revision=7d81679f19f5fdaf5c8becaed58204869d1ac857
CFGEvntSLog.WinUI/Strings/Resources,CFGEvntSLog.WinUI Resources,Workbench_FilterPreset_op_not_Title,NOT,NG .resw source; locale=et-EE; revision=7d81679f19f5fdaf5c8becaed58204869d1ac857
CFGEvntSLog.WinUI/Strings/Resources,CFGEvntSLog.WinUI Resources,Workbench_FilterPreset_op_or_Description,Any child may match,NG .resw source; locale=et-EE; revision=7d81679f19f5fdaf5c8becaed58204869d1ac857
CFGEvntSLog.WinUI/Strings/Resources,CFGEvntSLog.WinUI Resources,Workbench_FilterPreset_op_or_Title,OR,NG .resw source; locale=et-EE; revision=7d81679f19f5fdaf5c8becaed58204869d1ac857
CFGEvntSLog.WinUI/Strings/Resources,CFGEvntSLog.WinUI Resources,Workbench_FilterPreset_op_true_Description,Always true,NG .resw source; locale=et-EE; revision=7d81679f19f5fdaf5c8becaed58204869d1ac857
CFGEvntSLog.WinUI/Strings/Resources,CFGEvntSLog.WinUI Resources,Workbench_FilterPreset_op_true_Title,TRUE,NG .resw source; locale=et-EE; revision=7d81679f19f5fdaf5c8becaed58204869d1ac857
CFGEvntSLog.WinUI/Strings/Resources,CFGEvntSLog.WinUI Resources,Workbench_FilterPreset_op_xor_Description,Exactly one child may match,NG .resw source; locale=et-EE; revision=7d81679f19f5fdaf5c8becaed58204869d1ac857
CFGEvntSLog.WinUI/Strings/Resources,CFGEvntSLog.WinUI Resources,Workbench_FilterPreset_op_xor_Title,XOR,NG .resw source; locale=et-EE; revision=7d81679f19f5fdaf5c8becaed58204869d1ac857
CFGEvntSLog.WinUI/Strings/Resources,CFGEvntSLog.WinUI Resources,Workbench_FilterRoot_Help,Root of the rule condition tree. Add operator or condition filters below this item.,NG .resw source; locale=et-EE; revision=7d81679f19f5fdaf5c8becaed58204869d1ac857
CFGEvntSLog.WinUI/Strings/Resources,CFGEvntSLog.WinUI Resources,Workbench_FilterRoot_Name,Filter root,NG .resw source; locale=et-EE; revision=7d81679f19f5fdaf5c8becaed58204869d1ac857
CFGEvntSLog.WinUI/Strings/Resources,CFGEvntSLog.WinUI Resources,Workbench_RuleTemplate_Empty_Description,Loo reegel ilma toiminguta.,NG .resw source; locale=et-EE; revision=7d81679f19f5fdaf5c8becaed58204869d1ac857
CFGEvntSLog.WinUI/Strings/Resources,CFGEvntSLog.WinUI Resources,Workbench_RuleTemplate_Empty_Title,Tühi reegel,NG .resw source; locale=et-EE; revision=7d81679f19f5fdaf5c8becaed58204869d1ac857
CFGEvntSLog.WinUI/Strings/Resources,CFGEvntSLog.WinUI Resources,Workbench_RuleTemplate_WithAction_Description,Loo reegel ja vali selle esimene toiming.,NG .resw source; locale=et-EE; revision=7d81679f19f5fdaf5c8becaed58204869d1ac857
CFGEvntSLog.WinUI/Strings/Resources,CFGEvntSLog.WinUI Resources,Workbench_RuleTemplate_WithAction_Title,Toiminguga reegel,NG .resw source; locale=et-EE; revision=7d81679f19f5fdaf5c8becaed58204869d1ac857
CFGEvntSLog.WinUI/Strings/Resources,CFGEvntSLog.WinUI Resources,bAbortRuleOnFailure,"Kas katkestada reegli täitmine, kui üks reegel ebaõnnestub?",NG .resw source; locale=et-EE; revision=7d81679f19f5fdaf5c8becaed58204869d1ac857
CFGEvntSLog.WinUI/Strings/Resources,CFGEvntSLog.WinUI Resources,bAddFacilityString,Lisage Facilitystring,NG .resw source; locale=et-EE; revision=7d81679f19f5fdaf5c8becaed58204869d1ac857
CFGEvntSLog.WinUI/Strings/Resources,CFGEvntSLog.WinUI Resources,bAutoReloadRandomDelay,Lubage uute konfiguratsioonide kontrollimisel juhuslik ooteaja viivitus,NG .resw source; locale=et-EE; revision=7d81679f19f5fdaf5c8becaed58204869d1ac857
CFGEvntSLog.WinUI/Strings/Resources,CFGEvntSLog.WinUI Resources,bIgnoreTlsCertificateErrors,Ignoreeri TLS sertifikaadi vigu,NG .resw source; locale=et-EE; revision=7d81679f19f5fdaf5c8becaed58204869d1ac857
CFGEvntSLog.WinUI/Strings/Resources,CFGEvntSLog.WinUI Resources,bIndicateErrorToOrigin,Kas teavitada saatjat reegli toimingu vigadest?,NG .resw source; locale=et-EE; revision=7d81679f19f5fdaf5c8becaed58204869d1ac857
CFGEvntSLog.WinUI/Strings/Resources,CFGEvntSLog.WinUI Resources,bIsRegex_,Luba regulaaravaldis,NG .resw source; locale=et-EE; revision=7d81679f19f5fdaf5c8becaed58204869d1ac857
CFGEvntSLog.WinUI/Strings/Resources,CFGEvntSLog.WinUI Resources,bReportInXML,Kasutage teatamiseks XML-i,NG .resw source; locale=et-EE; revision=7d81679f19f5fdaf5c8becaed58204869d1ac857
CFGEvntSLog.WinUI/Strings/Resources,CFGEvntSLog.WinUI Resources,bReportTruncatedLog,Teata kärbitud logist,NG .resw source; locale=et-EE; revision=7d81679f19f5fdaf5c8becaed58204869d1ac857
CFGEvntSLog.WinUI/Strings/Resources,CFGEvntSLog.WinUI Resources,bShowEvtChannelAdmin,Kuva töö-/halduskanalid,NG .resw source; locale=et-EE; revision=7d81679f19f5fdaf5c8becaed58204869d1ac857
CFGEvntSLog.WinUI/Strings/Resources,CFGEvntSLog.WinUI Resources,bShowEvtChannelDebug,Kuva silumis-/analüütilised kanalid,NG .resw source; locale=et-EE; revision=7d81679f19f5fdaf5c8becaed58204869d1ac857
CFGEvntSLog.WinUI/Strings/Resources,CFGEvntSLog.WinUI Resources,bShowSyslogMsgNbr,Syslog Sõnuminumbrid,NG .resw source; locale=et-EE; revision=7d81679f19f5fdaf5c8becaed58204869d1ac857
CFGEvntSLog.WinUI/Strings/Resources,CFGEvntSLog.WinUI Resources,bUseCustomEventLog,Luba kohandatud sündmustelogi kanal,NG .resw source; locale=et-EE; revision=7d81679f19f5fdaf5c8becaed58204869d1ac857
CFGEvntSLog.WinUI/Strings/Resources,CFGEvntSLog.WinUI Resources,bUseLegacyFormat,Kasutage pärandvormingut,NG .resw source; locale=et-EE; revision=7d81679f19f5fdaf5c8becaed58204869d1ac857
CFGEvntSLog.WinUI/Strings/Resources,CFGEvntSLog.WinUI Resources,bUseTLS,Kasutage TLS/SSL-krüptimist,NG .resw source; locale=et-EE; revision=7d81679f19f5fdaf5c8becaed58204869d1ac857
CFGEvntSLog.WinUI/Strings/Resources,CFGEvntSLog.WinUI Resources,btnButtonDBMonReloadLastPos,Laadi uuesti DB indeksi number,NG .resw source; locale=et-EE; revision=7d81679f19f5fdaf5c8becaed58204869d1ac857
CFGEvntSLog.WinUI/Strings/Resources,CFGEvntSLog.WinUI Resources,btnButtonFileMonResetAllLastPos,Lähtestage kõik positsiooniloendurid,NG .resw source; locale=et-EE; revision=7d81679f19f5fdaf5c8becaed58204869d1ac857
CFGEvntSLog.WinUI/Strings/Resources,CFGEvntSLog.WinUI Resources,btnButtonPassiveSyslogTest,Testige passiivset Syslogserverit,NG .resw source; locale=et-EE; revision=7d81679f19f5fdaf5c8becaed58204869d1ac857
CFGEvntSLog.WinUI/Strings/Resources,CFGEvntSLog.WinUI Resources,btnButtonResetLastPos,Lähtestage DB indeksi number,NG .resw source; locale=et-EE; revision=7d81679f19f5fdaf5c8becaed58204869d1ac857
CFGEvntSLog.WinUI/Strings/Resources,CFGEvntSLog.WinUI Resources,btnButtonSendSyslog,Testige Syslog serverit,NG .resw source; locale=et-EE; revision=7d81679f19f5fdaf5c8becaed58204869d1ac857
CFGEvntSLog.WinUI/Strings/Resources,CFGEvntSLog.WinUI Resources,btnCreateDB,Loo andmebaas,NG .resw source; locale=et-EE; revision=7d81679f19f5fdaf5c8becaed58204869d1ac857
CFGEvntSLog.WinUI/Strings/Resources,CFGEvntSLog.WinUI Resources,btnEventLogDeSelectAll,Kustutage valik Kõik,NG .resw source; locale=et-EE; revision=7d81679f19f5fdaf5c8becaed58204869d1ac857
CFGEvntSLog.WinUI/Strings/Resources,CFGEvntSLog.WinUI Resources,btnEventLogReloadLastRecords,Laadige uuesti kõik viimased kirjed,NG .resw source; locale=et-EE; revision=7d81679f19f5fdaf5c8becaed58204869d1ac857
CFGEvntSLog.WinUI/Strings/Resources,CFGEvntSLog.WinUI Resources,btnEventLogRemoveDead,Eemaldage olemasolevad kanalid,NG .resw source; locale=et-EE; revision=7d81679f19f5fdaf5c8becaed58204869d1ac857
CFGEvntSLog.WinUI/Strings/Resources,CFGEvntSLog.WinUI Resources,btnEventLogResetLastRecords,Lähtestage kõik viimased kirjed,NG .resw source; locale=et-EE; revision=7d81679f19f5fdaf5c8becaed58204869d1ac857
CFGEvntSLog.WinUI/Strings/Resources,CFGEvntSLog.WinUI Resources,btnEventLogScan,(Uuesti) otsige EventLog kanaleid,NG .resw source; locale=et-EE; revision=7d81679f19f5fdaf5c8becaed58204869d1ac857
CFGEvntSLog.WinUI/Strings/Resources,CFGEvntSLog.WinUI Resources,btnEventLogSelectAll,Valige Kõik,NG .resw source; locale=et-EE; revision=7d81679f19f5fdaf5c8becaed58204869d1ac857
CFGEvntSLog.WinUI/Strings/Resources,CFGEvntSLog.WinUI Resources,btnPostProcessImport,Impordi reeglid,NG .resw source; locale=et-EE; revision=7d81679f19f5fdaf5c8becaed58204869d1ac857
CFGEvntSLog.WinUI/Strings/Resources,CFGEvntSLog.WinUI Resources,btnPostProcessSave,Ekspordi reeglid,NG .resw source; locale=et-EE; revision=7d81679f19f5fdaf5c8becaed58204869d1ac857
CFGEvntSLog.WinUI/Strings/Resources,CFGEvntSLog.WinUI Resources,btnReloadLastRecordV1,Laadi uuesti,NG .resw source; locale=et-EE; revision=7d81679f19f5fdaf5c8becaed58204869d1ac857
CFGEvntSLog.WinUI/Strings/Resources,CFGEvntSLog.WinUI Resources,btnReloadLastRecordV2,Laadi uuesti,NG .resw source; locale=et-EE; revision=7d81679f19f5fdaf5c8becaed58204869d1ac857
CFGEvntSLog.WinUI/Strings/Resources,CFGEvntSLog.WinUI Resources,btnResetLastRecordV1,Lähtesta,NG .resw source; locale=et-EE; revision=7d81679f19f5fdaf5c8becaed58204869d1ac857
CFGEvntSLog.WinUI/Strings/Resources,CFGEvntSLog.WinUI Resources,btnResetLastRecordV2,Lähtesta,NG .resw source; locale=et-EE; revision=7d81679f19f5fdaf5c8becaed58204869d1ac857
CFGEvntSLog.WinUI/Strings/Resources,CFGEvntSLog.WinUI Resources,btnRestOutputResetJsonProperties,Lähtesta vorming,NG .resw source; locale=et-EE; revision=7d81679f19f5fdaf5c8becaed58204869d1ac857
CFGEvntSLog.WinUI/Strings/Resources,CFGEvntSLog.WinUI Resources,btnRun,Jookse,NG .resw source; locale=et-EE; revision=7d81679f19f5fdaf5c8becaed58204869d1ac857
CFGEvntSLog.WinUI/Strings/Resources,CFGEvntSLog.WinUI Resources,btnVerifyEvtV1,Ühenduse kinnitamine,NG .resw source; locale=et-EE; revision=7d81679f19f5fdaf5c8becaed58204869d1ac857
CFGEvntSLog.WinUI/Strings/Resources,CFGEvntSLog.WinUI Resources,btnVerifyEvtV2,Ühenduse kinnitamine,NG .resw source; locale=et-EE; revision=7d81679f19f5fdaf5c8becaed58204869d1ac857
CFGEvntSLog.WinUI/Strings/Resources,CFGEvntSLog.WinUI Resources,btnszODBCDsn,Konfigureerige DSN,NG .resw source; locale=et-EE; revision=7d81679f19f5fdaf5c8becaed58204869d1ac857
CFGEvntSLog.WinUI/Strings/Resources,CFGEvntSLog.WinUI Resources,chkeventchannels,Luba,NG .resw source; locale=et-EE; revision=7d81679f19f5fdaf5c8becaed58204869d1ac857
CFGEvntSLog.WinUI/Strings/Resources,CFGEvntSLog.WinUI Resources,datafields,Andmeväljad,NG .resw source; locale=et-EE; revision=7d81679f19f5fdaf5c8becaed58204869d1ac857
CFGEvntSLog.WinUI/Strings/Resources,CFGEvntSLog.WinUI Resources,eventchannels,Sündmuste logi kanalid,NG .resw source; locale=et-EE; revision=7d81679f19f5fdaf5c8becaed58204869d1ac857
CFGEvntSLog.WinUI/Strings/Resources,CFGEvntSLog.WinUI Resources,fileitems,Töödeldud fail,NG .resw source; locale=et-EE; revision=7d81679f19f5fdaf5c8becaed58204869d1ac857
CFGEvntSLog.WinUI/Strings/Resources,CFGEvntSLog.WinUI Resources,hostlist,Võõrustajate nimekiri,NG .resw source; locale=et-EE; revision=7d81679f19f5fdaf5c8becaed58204869d1ac857
CFGEvntSLog.WinUI/Strings/Resources,CFGEvntSLog.WinUI Resources,iLastDBID,Viimane DB indeks,NG .resw source; locale=et-EE; revision=7d81679f19f5fdaf5c8becaed58204869d1ac857
CFGEvntSLog.WinUI/Strings/Resources,CFGEvntSLog.WinUI Resources,interactive_path,Rakenduse tee && failinimi,NG .resw source; locale=et-EE; revision=7d81679f19f5fdaf5c8becaed58204869d1ac857
CFGEvntSLog.WinUI/Strings/Resources,CFGEvntSLog.WinUI Resources,lblDecrement,Väärtuse vähendamine (-),NG .resw source; locale=et-EE; revision=7d81679f19f5fdaf5c8becaed58204869d1ac857
CFGEvntSLog.WinUI/Strings/Resources,CFGEvntSLog.WinUI Resources,lblIncrement,Suurenda väärtust (+),NG .resw source; locale=et-EE; revision=7d81679f19f5fdaf5c8becaed58204869d1ac857
CFGEvntSLog.WinUI/Strings/Resources,CFGEvntSLog.WinUI Resources,lbl_EventLogSource_Replace,Asenda sündmuste logi allikas,NG .resw source; locale=et-EE; revision=7d81679f19f5fdaf5c8becaed58204869d1ac857
CFGEvntSLog.WinUI/Strings/Resources,CFGEvntSLog.WinUI Resources,lbl_EventLogSource_Service,Kasutage teenuse logiallikat,NG .resw source; locale=et-EE; revision=7d81679f19f5fdaf5c8becaed58204869d1ac857
CFGEvntSLog.WinUI/Strings/Resources,CFGEvntSLog.WinUI Resources,lbl_nAction1,Alusta,NG .resw source; locale=et-EE; revision=7d81679f19f5fdaf5c8becaed58204869d1ac857
CFGEvntSLog.WinUI/Strings/Resources,CFGEvntSLog.WinUI Resources,lbl_nAction2,Peatus,NG .resw source; locale=et-EE; revision=7d81679f19f5fdaf5c8becaed58204869d1ac857
CFGEvntSLog.WinUI/Strings/Resources,CFGEvntSLog.WinUI Resources,lbl_nAction3,Taaskäivitage,NG .resw source; locale=et-EE; revision=7d81679f19f5fdaf5c8becaed58204869d1ac857
CFGEvntSLog.WinUI/Strings/Resources,CFGEvntSLog.WinUI Resources,lbl_nAction4,Paus,NG .resw source; locale=et-EE; revision=7d81679f19f5fdaf5c8becaed58204869d1ac857
CFGEvntSLog.WinUI/Strings/Resources,CFGEvntSLog.WinUI Resources,lbl_nAction5,Tühista paus,NG .resw source; locale=et-EE; revision=7d81679f19f5fdaf5c8becaed58204869d1ac857
CFGEvntSLog.WinUI/Strings/Resources,CFGEvntSLog.WinUI Resources,lbl_nMessageMode_csv,CSV (komadega eraldatud väärtused),NG .resw source; locale=et-EE; revision=7d81679f19f5fdaf5c8becaed58204869d1ac857
CFGEvntSLog.WinUI/Strings/Resources,CFGEvntSLog.WinUI Resources,lbl_nMessageMode_custom,Kohandatud,NG .resw source; locale=et-EE; revision=7d81679f19f5fdaf5c8becaed58204869d1ac857
CFGEvntSLog.WinUI/Strings/Resources,CFGEvntSLog.WinUI Resources,lbl_nMessageMode_none,Mitte ühtegi,NG .resw source; locale=et-EE; revision=7d81679f19f5fdaf5c8becaed58204869d1ac857
CFGEvntSLog.WinUI/Strings/Resources,CFGEvntSLog.WinUI Resources,lbl_procmode0,Sünkroontöötlus (oodake lõpetamist),NG .resw source; locale=et-EE; revision=7d81679f19f5fdaf5c8becaed58204869d1ac857
CFGEvntSLog.WinUI/Strings/Resources,CFGEvntSLog.WinUI Resources,lbl_procmode1,Asünkroonne töötlemine,NG .resw source; locale=et-EE; revision=7d81679f19f5fdaf5c8becaed58204869d1ac857
CFGEvntSLog.WinUI/Strings/Resources,CFGEvntSLog.WinUI Resources,lbl_request_get,SAADA,NG .resw source; locale=et-EE; revision=7d81679f19f5fdaf5c8becaed58204869d1ac857
CFGEvntSLog.WinUI/Strings/Resources,CFGEvntSLog.WinUI Resources,lbl_request_head,PEA,NG .resw source; locale=et-EE; revision=7d81679f19f5fdaf5c8becaed58204869d1ac857
CFGEvntSLog.WinUI/Strings/Resources,CFGEvntSLog.WinUI Resources,lbl_syslogRFC3195,RFC3195,NG .resw source; locale=et-EE; revision=7d81679f19f5fdaf5c8becaed58204869d1ac857
CFGEvntSLog.WinUI/Strings/Resources,CFGEvntSLog.WinUI Resources,lbl_syslogRFC3195RAW,RFC3195 töötlemata,NG .resw source; locale=et-EE; revision=7d81679f19f5fdaf5c8becaed58204869d1ac857
CFGEvntSLog.WinUI/Strings/Resources,CFGEvntSLog.WinUI Resources,lbl_syslogTCP,TCP,NG .resw source; locale=et-EE; revision=7d81679f19f5fdaf5c8becaed58204869d1ac857
CFGEvntSLog.WinUI/Strings/Resources,CFGEvntSLog.WinUI Resources,lbl_syslogTCPOctetCount,"TCP (püsiv ühendus, oktetipõhine raamimine)",NG .resw source; locale=et-EE; revision=7d81679f19f5fdaf5c8becaed58204869d1ac857
CFGEvntSLog.WinUI/Strings/Resources,CFGEvntSLog.WinUI Resources,lbl_syslogTCPOneMSG,"TCP (EI SOOVITATA, üks sõnum ühenduse kohta)",NG .resw source; locale=et-EE; revision=7d81679f19f5fdaf5c8becaed58204869d1ac857
CFGEvntSLog.WinUI/Strings/Resources,CFGEvntSLog.WinUI Resources,lbl_syslogTCPPersistant,TCP (püsiv ühendus),NG .resw source; locale=et-EE; revision=7d81679f19f5fdaf5c8becaed58204869d1ac857
CFGEvntSLog.WinUI/Strings/Resources,CFGEvntSLog.WinUI Resources,lbl_syslogUDP,UDP,NG .resw source; locale=et-EE; revision=7d81679f19f5fdaf5c8becaed58204869d1ac857
CFGEvntSLog.WinUI/Strings/Resources,CFGEvntSLog.WinUI Resources,loganalyzer_path,Rakenduse tee && failinimi,NG .resw source; locale=et-EE; revision=7d81679f19f5fdaf5c8becaed58204869d1ac857
CFGEvntSLog.WinUI/Strings/Resources,CFGEvntSLog.WinUI Resources,logfilemgr_path,Rakenduse tee && failinimi,NG .resw source; locale=et-EE; revision=7d81679f19f5fdaf5c8becaed58204869d1ac857
CFGEvntSLog.WinUI/Strings/Resources,CFGEvntSLog.WinUI Resources,logsearch_path,Rakenduse tee && failinimi,NG .resw source; locale=et-EE; revision=7d81679f19f5fdaf5c8becaed58204869d1ac857
CFGEvntSLog.WinUI/Strings/Resources,CFGEvntSLog.WinUI Resources,msgseps,Sõnumi eraldajate loend,NG .resw source; locale=et-EE; revision=7d81679f19f5fdaf5c8becaed58204869d1ac857
CFGEvntSLog.WinUI/Strings/Resources,CFGEvntSLog.WinUI Resources,nAction,Tehtav toiming,NG .resw source; locale=et-EE; revision=7d81679f19f5fdaf5c8becaed58204869d1ac857
CFGEvntSLog.WinUI/Strings/Resources,CFGEvntSLog.WinUI Resources,nAddLogType,Lisa logitüüp,NG .resw source; locale=et-EE; revision=7d81679f19f5fdaf5c8becaed58204869d1ac857
CFGEvntSLog.WinUI/Strings/Resources,CFGEvntSLog.WinUI Resources,nAddMibDescriptionToMsg,"Lisage Mibname järele MIB-i kirjeldus (tähelepanu, võib olla palju teavet!)",NG .resw source; locale=et-EE; revision=7d81679f19f5fdaf5c8becaed58204869d1ac857
CFGEvntSLog.WinUI/Strings/Resources,CFGEvntSLog.WinUI Resources,nAddUserName,Lisa kasutajanimi,NG .resw source; locale=et-EE; revision=7d81679f19f5fdaf5c8becaed58204869d1ac857
CFGEvntSLog.WinUI/Strings/Resources,CFGEvntSLog.WinUI Resources,nApiReadMode,Töötlemisrežiim,NG .resw source; locale=et-EE; revision=7d81679f19f5fdaf5c8becaed58204869d1ac857
CFGEvntSLog.WinUI/Strings/Resources,CFGEvntSLog.WinUI Resources,nApiReadMode_Polling,Sündmuste logi küsitlus (uneaeg),NG .resw source; locale=et-EE; revision=7d81679f19f5fdaf5c8becaed58204869d1ac857
CFGEvntSLog.WinUI/Strings/Resources,CFGEvntSLog.WinUI Resources,nApiReadMode_Subscription,Sündmuste logi tellimus (reaalajas),NG .resw source; locale=et-EE; revision=7d81679f19f5fdaf5c8becaed58204869d1ac857
CFGEvntSLog.WinUI/Strings/Resources,CFGEvntSLog.WinUI Resources,nAsyncMaxProc,Async Max protsessid,NG .resw source; locale=et-EE; revision=7d81679f19f5fdaf5c8becaed58204869d1ac857
CFGEvntSLog.WinUI/Strings/Resources,CFGEvntSLog.WinUI Resources,nAutoReloadDelayTime,Maksimaalne juhuslik viivitusaeg,NG .resw source; locale=et-EE; revision=7d81679f19f5fdaf5c8becaed58204869d1ac857
CFGEvntSLog.WinUI/Strings/Resources,CFGEvntSLog.WinUI Resources,nBps,Bitti sekundis,NG .resw source; locale=et-EE; revision=7d81679f19f5fdaf5c8becaed58204869d1ac857
CFGEvntSLog.WinUI/Strings/Resources,CFGEvntSLog.WinUI Resources,nCPUEnable,Luba CPU kontroll,NG .resw source; locale=et-EE; revision=7d81679f19f5fdaf5c8becaed58204869d1ac857
CFGEvntSLog.WinUI/Strings/Resources,CFGEvntSLog.WinUI Resources,nCPUOccurences,Esinemised kuni CPU alarmi tõstmiseni,NG .resw source; locale=et-EE; revision=7d81679f19f5fdaf5c8becaed58204869d1ac857
CFGEvntSLog.WinUI/Strings/Resources,CFGEvntSLog.WinUI Resources,nCPUReportIfBelowAlarm,"Teatage ka sellest, kui CPULe on häiretasemest madalam",NG .resw source; locale=et-EE; revision=7d81679f19f5fdaf5c8becaed58204869d1ac857
CFGEvntSLog.WinUI/Strings/Resources,CFGEvntSLog.WinUI Resources,nCPUSingle,Ainult mitmeprotsessoriliste süsteemide puhul: aruanne iga CPU kohta,NG .resw source; locale=et-EE; revision=7d81679f19f5fdaf5c8becaed58204869d1ac857
CFGEvntSLog.WinUI/Strings/Resources,CFGEvntSLog.WinUI Resources,nCPUUsageAlarmLevel,CPU kasutuse häiretase,NG .resw source; locale=et-EE; revision=7d81679f19f5fdaf5c8becaed58204869d1ac857
CFGEvntSLog.WinUI/Strings/Resources,CFGEvntSLog.WinUI Resources,nCacheEventCategory,Vahemälu sündmuse kategooria (ülesande väli),NG .resw source; locale=et-EE; revision=7d81679f19f5fdaf5c8becaed58204869d1ac857
CFGEvntSLog.WinUI/Strings/Resources,CFGEvntSLog.WinUI Resources,nCacheEventKeyword,Vahemälu sündmuse märksõna,NG .resw source; locale=et-EE; revision=7d81679f19f5fdaf5c8becaed58204869d1ac857
CFGEvntSLog.WinUI/Strings/Resources,CFGEvntSLog.WinUI Resources,nCacheEventLevel,"Vahemälu sündmuste tasemed (nagu hoiatus, teave, tõrge)",NG .resw source; locale=et-EE; revision=7d81679f19f5fdaf5c8becaed58204869d1ac857
CFGEvntSLog.WinUI/Strings/Resources,CFGEvntSLog.WinUI Resources,nCacheEventPublisher,Vahemälu sündmuste avaldaja käepidemed (sündmuse allikas),NG .resw source; locale=et-EE; revision=7d81679f19f5fdaf5c8becaed58204869d1ac857
CFGEvntSLog.WinUI/Strings/Resources,CFGEvntSLog.WinUI Resources,nCacheNameEntry,Vahemälu lahendas hosti kirje,NG .resw source; locale=et-EE; revision=7d81679f19f5fdaf5c8becaed58204869d1ac857
CFGEvntSLog.WinUI/Strings/Resources,CFGEvntSLog.WinUI Resources,nChangeVal,Operatsiooni väärtus,NG .resw source; locale=et-EE; revision=7d81679f19f5fdaf5c8becaed58204869d1ac857
CFGEvntSLog.WinUI/Strings/Resources,CFGEvntSLog.WinUI Resources,nCheckAutoBackupLogFiles,Kontrollige Windowsi tehtud varukoopiate logifaile (vt KB312571),NG .resw source; locale=et-EE; revision=7d81679f19f5fdaf5c8becaed58204869d1ac857
CFGEvntSLog.WinUI/Strings/Resources,CFGEvntSLog.WinUI Resources,nCheckPort,SNMP Port,NG .resw source; locale=et-EE; revision=7d81679f19f5fdaf5c8becaed58204869d1ac857
CFGEvntSLog.WinUI/Strings/Resources,CFGEvntSLog.WinUI Resources,nCircularLogging,Kasutage ringikujulist logimist,NG .resw source; locale=et-EE; revision=7d81679f19f5fdaf5c8becaed58204869d1ac857
CFGEvntSLog.WinUI/Strings/Resources,CFGEvntSLog.WinUI Resources,nCleanFileHandlesTimeout,"Aegumine, kuni kasutamata failikäepidemed suletakse",NG .resw source; locale=et-EE; revision=7d81679f19f5fdaf5c8becaed58204869d1ac857
CFGEvntSLog.WinUI/Strings/Resources,CFGEvntSLog.WinUI Resources,nClearEventLog,Tühjenda sündmuste logi käsitlemine,NG .resw source; locale=et-EE; revision=7d81679f19f5fdaf5c8becaed58204869d1ac857
CFGEvntSLog.WinUI/Strings/Resources,CFGEvntSLog.WinUI Resources,nCompLevel,Kompressioonitase,NG .resw source; locale=et-EE; revision=7d81679f19f5fdaf5c8becaed58204869d1ac857
CFGEvntSLog.WinUI/Strings/Resources,CFGEvntSLog.WinUI Resources,nCompressControlChars,Tihendage tühikud ja eemaldage juhtmärgid,NG .resw source; locale=et-EE; revision=7d81679f19f5fdaf5c8becaed58204869d1ac857
CFGEvntSLog.WinUI/Strings/Resources,CFGEvntSLog.WinUI Resources,nCompressOutputFormat,Väljundvormingu tihendamine (eemaldage tühikud/jutumärgid),NG .resw source; locale=et-EE; revision=7d81679f19f5fdaf5c8becaed58204869d1ac857
CFGEvntSLog.WinUI/Strings/Resources,CFGEvntSLog.WinUI Resources,nCompressSpaces,Tihendage tühikud,NG .resw source; locale=et-EE; revision=7d81679f19f5fdaf5c8becaed58204869d1ac857
CFGEvntSLog.WinUI/Strings/Resources,CFGEvntSLog.WinUI Resources,nCompressionLevel,Kompressioonitase,NG .resw source; locale=et-EE; revision=7d81679f19f5fdaf5c8becaed58204869d1ac857
CFGEvntSLog.WinUI/Strings/Resources,CFGEvntSLog.WinUI Resources,nConnectTimeOut,Ühenduse ajalõpp,NG .resw source; locale=et-EE; revision=7d81679f19f5fdaf5c8becaed58204869d1ac857
CFGEvntSLog.WinUI/Strings/Resources,CFGEvntSLog.WinUI Resources,nConvertToEventLogMonitorV1,Teisendage EventLog Monitor V1-ga ühilduvateks sündmusteks,NG .resw source; locale=et-EE; revision=7d81679f19f5fdaf5c8becaed58204869d1ac857
CFGEvntSLog.WinUI/Strings/Resources,CFGEvntSLog.WinUI Resources,nCopyFormatIntoProperty,Valige Sõnumivorming,NG .resw source; locale=et-EE; revision=7d81679f19f5fdaf5c8becaed58204869d1ac857
CFGEvntSLog.WinUI/Strings/Resources,CFGEvntSLog.WinUI Resources,nCount,Esituste arv (kui sageli faili esitatakse),NG .resw source; locale=et-EE; revision=7d81679f19f5fdaf5c8becaed58204869d1ac857
CFGEvntSLog.WinUI/Strings/Resources,CFGEvntSLog.WinUI Resources,nCustomerID,Kliendi ID,NG .resw source; locale=et-EE; revision=7d81679f19f5fdaf5c8becaed58204869d1ac857
CFGEvntSLog.WinUI/Strings/Resources,CFGEvntSLog.WinUI Resources,nCustomizeSearchPath,Kohandage sündmuste logi varukoopiate logifailide otsinguteed,NG .resw source; locale=et-EE; revision=7d81679f19f5fdaf5c8becaed58204869d1ac857
CFGEvntSLog.WinUI/Strings/Resources,CFGEvntSLog.WinUI Resources,nDBPassEncryption,Luba krüpteerimine,NG .resw source; locale=et-EE; revision=7d81679f19f5fdaf5c8becaed58204869d1ac857
CFGEvntSLog.WinUI/Strings/Resources,CFGEvntSLog.WinUI Resources,nDNSCacheLimit,Kui palju DNS-kirjeid saab vahemällu salvestada?,NG .resw source; locale=et-EE; revision=7d81679f19f5fdaf5c8becaed58204869d1ac857
CFGEvntSLog.WinUI/Strings/Resources,CFGEvntSLog.WinUI Resources,nDNSCacheTime,Kui kaua tuleks DNS-nimesid vahemällu salvestada?,NG .resw source; locale=et-EE; revision=7d81679f19f5fdaf5c8becaed58204869d1ac857
CFGEvntSLog.WinUI/Strings/Resources,CFGEvntSLog.WinUI Resources,nDNSInetProtocol,Interneti-protokolli tüüp,NG .resw source; locale=et-EE; revision=7d81679f19f5fdaf5c8becaed58204869d1ac857
CFGEvntSLog.WinUI/Strings/Resources,CFGEvntSLog.WinUI Resources,nDTLSSendPort,DTLS-port,NG .resw source; locale=et-EE; revision=7d81679f19f5fdaf5c8becaed58204869d1ac857
CFGEvntSLog.WinUI/Strings/Resources,CFGEvntSLog.WinUI Resources,nDatabits,Andmebitid,NG .resw source; locale=et-EE; revision=7d81679f19f5fdaf5c8becaed58204869d1ac857
CFGEvntSLog.WinUI/Strings/Resources,CFGEvntSLog.WinUI Resources,nDebugErrors,Vead ja hoiatused,NG .resw source; locale=et-EE; revision=7d81679f19f5fdaf5c8becaed58204869d1ac857
CFGEvntSLog.WinUI/Strings/Resources,CFGEvntSLog.WinUI Resources,nDebugInternal,Teabe väljund,NG .resw source; locale=et-EE; revision=7d81679f19f5fdaf5c8becaed58204869d1ac857
CFGEvntSLog.WinUI/Strings/Resources,CFGEvntSLog.WinUI Resources,nDebugMini,Minimaalne väljund,NG .resw source; locale=et-EE; revision=7d81679f19f5fdaf5c8becaed58204869d1ac857
CFGEvntSLog.WinUI/Strings/Resources,CFGEvntSLog.WinUI Resources,nDebugRuleEngine,Reegli- ja filtrimootori väljund,NG .resw source; locale=et-EE; revision=7d81679f19f5fdaf5c8becaed58204869d1ac857
CFGEvntSLog.WinUI/Strings/Resources,CFGEvntSLog.WinUI Resources,nDebugUltra,Ülisõnaline väljund,NG .resw source; locale=et-EE; revision=7d81679f19f5fdaf5c8becaed58204869d1ac857
CFGEvntSLog.WinUI/Strings/Resources,CFGEvntSLog.WinUI Resources,nDefaultBuffer,Vaikimisi puhvri suurus,NG .resw source; locale=et-EE; revision=7d81679f19f5fdaf5c8becaed58204869d1ac857
CFGEvntSLog.WinUI/Strings/Resources,CFGEvntSLog.WinUI Resources,nDelay,Viivitus heliesituste vahel (ms),NG .resw source; locale=et-EE; revision=7d81679f19f5fdaf5c8becaed58204869d1ac857
CFGEvntSLog.WinUI/Strings/Resources,CFGEvntSLog.WinUI Resources,nDelayOnStartup,Käivitamise viivitus millisekundites (1000 ms --> 1 sekund),NG .resw source; locale=et-EE; revision=7d81679f19f5fdaf5c8becaed58204869d1ac857
CFGEvntSLog.WinUI/Strings/Resources,CFGEvntSLog.WinUI Resources,nDiskCacheWait,Ühenduskatsete vaheline ooteaeg,NG .resw source; locale=et-EE; revision=7d81679f19f5fdaf5c8becaed58204869d1ac857
CFGEvntSLog.WinUI/Strings/Resources,CFGEvntSLog.WinUI Resources,nDiskQueueMaxFileSize,"Kui see suurus on saavutatud, jagage failid pooleks",NG .resw source; locale=et-EE; revision=7d81679f19f5fdaf5c8becaed58204869d1ac857
CFGEvntSLog.WinUI/Strings/Resources,CFGEvntSLog.WinUI Resources,nDoNotProcessLastRecord,"ÄRGE töötlege olemasolevaid kirjeid, kui sündmuselogi rikutakse",NG .resw source; locale=et-EE; revision=7d81679f19f5fdaf5c8becaed58204869d1ac857
CFGEvntSLog.WinUI/Strings/Resources,CFGEvntSLog.WinUI Resources,nDoNotProcessLastRecordOnStartup,ÄRGE töötlege teenuse käivitamisel olemasolevaid kirjeid,NG .resw source; locale=et-EE; revision=7d81679f19f5fdaf5c8becaed58204869d1ac857
CFGEvntSLog.WinUI/Strings/Resources,CFGEvntSLog.WinUI Resources,nDtsControl,DTR juhtimisvoog,NG .resw source; locale=et-EE; revision=7d81679f19f5fdaf5c8becaed58204869d1ac857
CFGEvntSLog.WinUI/Strings/Resources,CFGEvntSLog.WinUI Resources,nEmptyStringsAsNull,"Kui string on tühi, sisestage NULLValue",NG .resw source; locale=et-EE; revision=7d81679f19f5fdaf5c8becaed58204869d1ac857
CFGEvntSLog.WinUI/Strings/Resources,CFGEvntSLog.WinUI Resources,nEmulateParameters,Emuleeri %Param% atribuute vanast EventLog monitorist,NG .resw source; locale=et-EE; revision=7d81679f19f5fdaf5c8becaed58204869d1ac857
CFGEvntSLog.WinUI/Strings/Resources,CFGEvntSLog.WinUI Resources,nEnableAutoConfigReload,Laadi teenus automaatselt uuesti konfiguratsioonimuudatuste korral,NG .resw source; locale=et-EE; revision=7d81679f19f5fdaf5c8becaed58204869d1ac857
CFGEvntSLog.WinUI/Strings/Resources,CFGEvntSLog.WinUI Resources,nEnableBackupServer,"Luba varuserver, mida kasutatakse, kui esimene meiliserver ebaõnnestub",NG .resw source; locale=et-EE; revision=7d81679f19f5fdaf5c8becaed58204869d1ac857
CFGEvntSLog.WinUI/Strings/Resources,CFGEvntSLog.WinUI Resources,nEnableCommunicate,Luba suhtlus,NG .resw source; locale=et-EE; revision=7d81679f19f5fdaf5c8becaed58204869d1ac857
CFGEvntSLog.WinUI/Strings/Resources,CFGEvntSLog.WinUI Resources,nEnableDNSCache,Luba sisemine DNS-i vahemälu,NG .resw source; locale=et-EE; revision=7d81679f19f5fdaf5c8becaed58204869d1ac857
CFGEvntSLog.WinUI/Strings/Resources,CFGEvntSLog.WinUI Resources,nEnableDateReplacements,Luba kuupäeva asendamise tähemärgid (lisateavet leiate kasutusjuhendist),NG .resw source; locale=et-EE; revision=7d81679f19f5fdaf5c8becaed58204869d1ac857
CFGEvntSLog.WinUI/Strings/Resources,CFGEvntSLog.WinUI Resources,nEnableDateReplacementsOffset,Nihe sekundites,NG .resw source; locale=et-EE; revision=7d81679f19f5fdaf5c8becaed58204869d1ac857
CFGEvntSLog.WinUI/Strings/Resources,CFGEvntSLog.WinUI Resources,nEnableDebugOutput,Luba silumisväljund failis,NG .resw source; locale=et-EE; revision=7d81679f19f5fdaf5c8becaed58204869d1ac857
CFGEvntSLog.WinUI/Strings/Resources,CFGEvntSLog.WinUI Resources,nEnableEventlogWarnings,Logige hoiatused Windowsi rakenduste sündmuste logisse,NG .resw source; locale=et-EE; revision=7d81679f19f5fdaf5c8becaed58204869d1ac857
CFGEvntSLog.WinUI/Strings/Resources,CFGEvntSLog.WinUI Resources,nEnableLastRecordDelay,LastRecordi kirjutamise viivitus,NG .resw source; locale=et-EE; revision=7d81679f19f5fdaf5c8becaed58204869d1ac857
CFGEvntSLog.WinUI/Strings/Resources,CFGEvntSLog.WinUI Resources,nEnableMultiCastGroup,Lubage vastuvõtmine UDP multisaaterühmast,NG .resw source; locale=et-EE; revision=7d81679f19f5fdaf5c8becaed58204869d1ac857
CFGEvntSLog.WinUI/Strings/Resources,CFGEvntSLog.WinUI Resources,nEnableMultiTCPMsgSep,Mitme sõnumi eraldaja lubamine,NG .resw source; locale=et-EE; revision=7d81679f19f5fdaf5c8becaed58204869d1ac857
CFGEvntSLog.WinUI/Strings/Resources,CFGEvntSLog.WinUI Resources,nEnablePermittedSenders,Lubatud saatjate loend.,NG .resw source; locale=et-EE; revision=7d81679f19f5fdaf5c8becaed58204869d1ac857
CFGEvntSLog.WinUI/Strings/Resources,CFGEvntSLog.WinUI Resources,nEnablePropertyFileName,Lubage failinimes atribuutide asendused,NG .resw source; locale=et-EE; revision=7d81679f19f5fdaf5c8becaed58204869d1ac857
CFGEvntSLog.WinUI/Strings/Resources,CFGEvntSLog.WinUI Resources,nEnableRetry,Luba toimingute korduskatse ebaõnnestumise korral,NG .resw source; locale=et-EE; revision=7d81679f19f5fdaf5c8becaed58204869d1ac857
CFGEvntSLog.WinUI/Strings/Resources,CFGEvntSLog.WinUI Resources,nEnableRingBuffer,Luba järjekorrahalduri kettavahemälu,NG .resw source; locale=et-EE; revision=7d81679f19f5fdaf5c8becaed58204869d1ac857
CFGEvntSLog.WinUI/Strings/Resources,CFGEvntSLog.WinUI Resources,nEnableTCPMsgSep,Sõnumid on eraldatud järgmise järjestusega,NG .resw source; locale=et-EE; revision=7d81679f19f5fdaf5c8becaed58204869d1ac857
CFGEvntSLog.WinUI/Strings/Resources,CFGEvntSLog.WinUI Resources,nEnableUnknownChannels,Töötle tundmatuid/konfigureerimata sündmustelogi kanaleid,NG .resw source; locale=et-EE; revision=7d81679f19f5fdaf5c8becaed58204869d1ac857
CFGEvntSLog.WinUI/Strings/Resources,CFGEvntSLog.WinUI Resources,nEnableUpdateFileTime,Loomise ja muudetud faili ajatempli selgesõnaline värskendamine,NG .resw source; locale=et-EE; revision=7d81679f19f5fdaf5c8becaed58204869d1ac857
CFGEvntSLog.WinUI/Strings/Resources,CFGEvntSLog.WinUI Resources,nEnabled,Kanal lubatud,NG .resw source; locale=et-EE; revision=7d81679f19f5fdaf5c8becaed58204869d1ac857
CFGEvntSLog.WinUI/Strings/Resources,CFGEvntSLog.WinUI Resources,nEnabledRemote,Lubage kaugjälgimine EventLog,NG .resw source; locale=et-EE; revision=7d81679f19f5fdaf5c8becaed58204869d1ac857
CFGEvntSLog.WinUI/Strings/Resources,CFGEvntSLog.WinUI Resources,nEscapeControlCharacters,Põgenemise juhttegelased,NG .resw source; locale=et-EE; revision=7d81679f19f5fdaf5c8becaed58204869d1ac857
CFGEvntSLog.WinUI/Strings/Resources,CFGEvntSLog.WinUI Resources,nEventID,Event ID,NG .resw source; locale=et-EE; revision=7d81679f19f5fdaf5c8becaed58204869d1ac857
CFGEvntSLog.WinUI/Strings/Resources,CFGEvntSLog.WinUI Resources,nEventLogCor,Kuidas sündmustelogi korruptsiooniga toime tulla?,NG .resw source; locale=et-EE; revision=7d81679f19f5fdaf5c8becaed58204869d1ac857
CFGEvntSLog.WinUI/Strings/Resources,CFGEvntSLog.WinUI Resources,nEventScanLastEventByChecksum,Otsige alati viimati töödeldud sündmust kontrollsumma abil,NG .resw source; locale=et-EE; revision=7d81679f19f5fdaf5c8becaed58204869d1ac857
CFGEvntSLog.WinUI/Strings/Resources,CFGEvntSLog.WinUI Resources,nEventType,Kasutage kohandatud sündmuste logi tüüpi,NG .resw source; locale=et-EE; revision=7d81679f19f5fdaf5c8becaed58204869d1ac857
CFGEvntSLog.WinUI/Strings/Resources,CFGEvntSLog.WinUI Resources,nEventUseChecksum,"Kasutage kontrollsummat, et kontrollida viimati töödeldud sündmust",NG .resw source; locale=et-EE; revision=7d81679f19f5fdaf5c8becaed58204869d1ac857
CFGEvntSLog.WinUI/Strings/Resources,CFGEvntSLog.WinUI Resources,nEvtClearIfEmpty,"Tühjendage logi isegi siis, kui see on tühi",NG .resw source; locale=et-EE; revision=7d81679f19f5fdaf5c8becaed58204869d1ac857
CFGEvntSLog.WinUI/Strings/Resources,CFGEvntSLog.WinUI Resources,nEvtClrPollingCycles,Selge pärast Nbr Runs,NG .resw source; locale=et-EE; revision=7d81679f19f5fdaf5c8becaed58204869d1ac857
CFGEvntSLog.WinUI/Strings/Resources,CFGEvntSLog.WinUI Resources,nEvtClrSaveToFile,Looge EventLog varukoopia,NG .resw source; locale=et-EE; revision=7d81679f19f5fdaf5c8becaed58204869d1ac857
CFGEvntSLog.WinUI/Strings/Resources,CFGEvntSLog.WinUI Resources,nEvtClrTime,Valige Kustutamine kell,NG .resw source; locale=et-EE; revision=7d81679f19f5fdaf5c8becaed58204869d1ac857
CFGEvntSLog.WinUI/Strings/Resources,CFGEvntSLog.WinUI Resources,nEvtLogSuccessfullClear,"Logige sisse, kui tühjendamine õnnestus",NG .resw source; locale=et-EE; revision=7d81679f19f5fdaf5c8becaed58204869d1ac857
CFGEvntSLog.WinUI/Strings/Resources,CFGEvntSLog.WinUI Resources,nFTPPort,FTP port,NG .resw source; locale=et-EE; revision=7d81679f19f5fdaf5c8becaed58204869d1ac857
CFGEvntSLog.WinUI/Strings/Resources,CFGEvntSLog.WinUI Resources,nFacility,Syslog Rajatis,NG .resw source; locale=et-EE; revision=7d81679f19f5fdaf5c8becaed58204869d1ac857
CFGEvntSLog.WinUI/Strings/Resources,CFGEvntSLog.WinUI Resources,nFieldType_,Väljatüüp,NG .resw source; locale=et-EE; revision=7d81679f19f5fdaf5c8becaed58204869d1ac857
CFGEvntSLog.WinUI/Strings/Resources,CFGEvntSLog.WinUI Resources,nFileDateTime,Kaasake kuupäev ja kellaaeg,NG .resw source; locale=et-EE; revision=7d81679f19f5fdaf5c8becaed58204869d1ac857
CFGEvntSLog.WinUI/Strings/Resources,CFGEvntSLog.WinUI Resources,nFileDateTimeReported,Kaasake seadme teatatud kuupäev ja kellaaeg,NG .resw source; locale=et-EE; revision=7d81679f19f5fdaf5c8becaed58204869d1ac857
CFGEvntSLog.WinUI/Strings/Resources,CFGEvntSLog.WinUI Resources,nFileFacility,Kaasake Syslog rajatis,NG .resw source; locale=et-EE; revision=7d81679f19f5fdaf5c8becaed58204869d1ac857
CFGEvntSLog.WinUI/Strings/Resources,CFGEvntSLog.WinUI Resources,nFileFormat,Failivorming,NG .resw source; locale=et-EE; revision=7d81679f19f5fdaf5c8becaed58204869d1ac857
CFGEvntSLog.WinUI/Strings/Resources,CFGEvntSLog.WinUI Resources,nFilePriority,Kaasake Syslog prioriteet,NG .resw source; locale=et-EE; revision=7d81679f19f5fdaf5c8becaed58204869d1ac857
CFGEvntSLog.WinUI/Strings/Resources,CFGEvntSLog.WinUI Resources,nFileSource,Kaasa allikas,NG .resw source; locale=et-EE; revision=7d81679f19f5fdaf5c8becaed58204869d1ac857
CFGEvntSLog.WinUI/Strings/Resources,CFGEvntSLog.WinUI Resources,nForceConnectionClose,Sulgege ühendus pärast iga kontrollintervalli,NG .resw source; locale=et-EE; revision=7d81679f19f5fdaf5c8becaed58204869d1ac857
CFGEvntSLog.WinUI/Strings/Resources,CFGEvntSLog.WinUI Resources,nForceUTF8Decoding,"Sundige UTF8 dekodeerimine, kui kodeeringut ei õnnestunud automaatselt tuvastada.",NG .resw source; locale=et-EE; revision=7d81679f19f5fdaf5c8becaed58204869d1ac857
CFGEvntSLog.WinUI/Strings/Resources,CFGEvntSLog.WinUI Resources,nFormatType,Valige Sõnumivorming,NG .resw source; locale=et-EE; revision=7d81679f19f5fdaf5c8becaed58204869d1ac857
CFGEvntSLog.WinUI/Strings/Resources,CFGEvntSLog.WinUI Resources,nFormatType_DISABLED,Keelatud,NG .resw source; locale=et-EE; revision=7d81679f19f5fdaf5c8becaed58204869d1ac857
CFGEvntSLog.WinUI/Strings/Resources,CFGEvntSLog.WinUI Resources,nFormatType_Json,JSON-vorming,NG .resw source; locale=et-EE; revision=7d81679f19f5fdaf5c8becaed58204869d1ac857
CFGEvntSLog.WinUI/Strings/Resources,CFGEvntSLog.WinUI Resources,nFormatType_JsonSiem,LogPoint SIEM JSON-vorming,NG .resw source; locale=et-EE; revision=7d81679f19f5fdaf5c8becaed58204869d1ac857
CFGEvntSLog.WinUI/Strings/Resources,CFGEvntSLog.WinUI Resources,nFormatType_Predefined,Eelmääratletud sündmuse vorming,NG .resw source; locale=et-EE; revision=7d81679f19f5fdaf5c8becaed58204869d1ac857
CFGEvntSLog.WinUI/Strings/Resources,CFGEvntSLog.WinUI Resources,nFormatType_XML,Toores XML-vorming,NG .resw source; locale=et-EE; revision=7d81679f19f5fdaf5c8becaed58204869d1ac857
CFGEvntSLog.WinUI/Strings/Resources,CFGEvntSLog.WinUI Resources,nForwardIUT,Edasta MWAgenti XML-i esituskoodina,NG .resw source; locale=et-EE; revision=7d81679f19f5fdaf5c8becaed58204869d1ac857
CFGEvntSLog.WinUI/Strings/Resources,CFGEvntSLog.WinUI Resources,nGenerateOnSuccess,"Kui FTP Probe õnnestus, genereerige sündmus",NG .resw source; locale=et-EE; revision=7d81679f19f5fdaf5c8becaed58204869d1ac857
CFGEvntSLog.WinUI/Strings/Resources,CFGEvntSLog.WinUI Resources,nGenericName,Generic Name,NG .resw source; locale=et-EE; revision=7d81679f19f5fdaf5c8becaed58204869d1ac857
CFGEvntSLog.WinUI/Strings/Resources,CFGEvntSLog.WinUI Resources,nHTTPPort,HTTP-port,NG .resw source; locale=et-EE; revision=7d81679f19f5fdaf5c8becaed58204869d1ac857
CFGEvntSLog.WinUI/Strings/Resources,CFGEvntSLog.WinUI Resources,nIMAPPort,IMAP-port,NG .resw source; locale=et-EE; revision=7d81679f19f5fdaf5c8becaed58204869d1ac857
CFGEvntSLog.WinUI/Strings/Resources,CFGEvntSLog.WinUI Resources,nIgnoreEmptyLines,Ignoreeri tühje ridu,NG .resw source; locale=et-EE; revision=7d81679f19f5fdaf5c8becaed58204869d1ac857
CFGEvntSLog.WinUI/Strings/Resources,CFGEvntSLog.WinUI Resources,nIncludeEventParameters,Kas lisada atribuutidena valikulised sündmuse parameetrid?,NG .resw source; locale=et-EE; revision=7d81679f19f5fdaf5c8becaed58204869d1ac857
CFGEvntSLog.WinUI/Strings/Resources,CFGEvntSLog.WinUI Resources,nIncludeMessage,Kaasa sõnum,NG .resw source; locale=et-EE; revision=7d81679f19f5fdaf5c8becaed58204869d1ac857
CFGEvntSLog.WinUI/Strings/Resources,CFGEvntSLog.WinUI Resources,nIncludeRAWMessage,Kaasake RAW-sõnum,NG .resw source; locale=et-EE; revision=7d81679f19f5fdaf5c8becaed58204869d1ac857
CFGEvntSLog.WinUI/Strings/Resources,CFGEvntSLog.WinUI Resources,nIncludeSourceInFilename,Kaasake failinimesse allikas,NG .resw source; locale=et-EE; revision=7d81679f19f5fdaf5c8becaed58204869d1ac857
CFGEvntSLog.WinUI/Strings/Resources,CFGEvntSLog.WinUI Resources,nInstanceID,Eksemplari alamidentifikaator,NG .resw source; locale=et-EE; revision=7d81679f19f5fdaf5c8becaed58204869d1ac857
CFGEvntSLog.WinUI/Strings/Resources,CFGEvntSLog.WinUI Resources,nJSONIncludeMessageProperty,Kaasa sõnumi atribuut CEE formaadis,NG .resw source; locale=et-EE; revision=7d81679f19f5fdaf5c8becaed58204869d1ac857
CFGEvntSLog.WinUI/Strings/Resources,CFGEvntSLog.WinUI Resources,nJapanStringHandling,Spetsiaalne Unicoderi teisendus Jaapani süsteemidele,NG .resw source; locale=et-EE; revision=7d81679f19f5fdaf5c8becaed58204869d1ac857
CFGEvntSLog.WinUI/Strings/Resources,CFGEvntSLog.WinUI Resources,nKeepReadingUntilNew,Jätkake praegu avatud faili lugemist kuni uue loomiseni,NG .resw source; locale=et-EE; revision=7d81679f19f5fdaf5c8becaed58204869d1ac857
CFGEvntSLog.WinUI/Strings/Resources,CFGEvntSLog.WinUI Resources,nLanguageLCID,Eelistatud keel,NG .resw source; locale=et-EE; revision=7d81679f19f5fdaf5c8becaed58204869d1ac857
CFGEvntSLog.WinUI/Strings/Resources,CFGEvntSLog.WinUI Resources,nLastPos,Viimane faili asukoht,NG .resw source; locale=et-EE; revision=7d81679f19f5fdaf5c8becaed58204869d1ac857
CFGEvntSLog.WinUI/Strings/Resources,CFGEvntSLog.WinUI Resources,nLastRecord,Viimane rekord,NG .resw source; locale=et-EE; revision=7d81679f19f5fdaf5c8becaed58204869d1ac857
CFGEvntSLog.WinUI/Strings/Resources,CFGEvntSLog.WinUI Resources,nLastRecordDelayCount,Salvestage pärast kirjete arvu,NG .resw source; locale=et-EE; revision=7d81679f19f5fdaf5c8becaed58204869d1ac857
CFGEvntSLog.WinUI/Strings/Resources,CFGEvntSLog.WinUI Resources,nLastRecordDelayTime,Salvestage pärast ooteaega,NG .resw source; locale=et-EE; revision=7d81679f19f5fdaf5c8becaed58204869d1ac857
CFGEvntSLog.WinUI/Strings/Resources,CFGEvntSLog.WinUI Resources,nLastWriteTime,Viimane kirjutamisaeg,NG .resw source; locale=et-EE; revision=7d81679f19f5fdaf5c8becaed58204869d1ac857
CFGEvntSLog.WinUI/Strings/Resources,CFGEvntSLog.WinUI Resources,nLibCacheTimeOut,Kui kaua tuleks raamatukogusid vahemällu salvestada?,NG .resw source; locale=et-EE; revision=7d81679f19f5fdaf5c8becaed58204869d1ac857
CFGEvntSLog.WinUI/Strings/Resources,CFGEvntSLog.WinUI Resources,nListenPort,Kuulaja port,NG .resw source; locale=et-EE; revision=7d81679f19f5fdaf5c8becaed58204869d1ac857
CFGEvntSLog.WinUI/Strings/Resources,CFGEvntSLog.WinUI Resources,nLogDoNotRotateOnShutdown,Ärge pöörake faile sulgemisel,NG .resw source; locale=et-EE; revision=7d81679f19f5fdaf5c8becaed58204869d1ac857
CFGEvntSLog.WinUI/Strings/Resources,CFGEvntSLog.WinUI Resources,nLogEnableRotate,Logi sisse lülitamine,NG .resw source; locale=et-EE; revision=7d81679f19f5fdaf5c8becaed58204869d1ac857
CFGEvntSLog.WinUI/Strings/Resources,CFGEvntSLog.WinUI Resources,nLogEnableRotateTimeOfTheDay,Lubage kellaaja järgi pööramine,NG .resw source; locale=et-EE; revision=7d81679f19f5fdaf5c8becaed58204869d1ac857
CFGEvntSLog.WinUI/Strings/Resources,CFGEvntSLog.WinUI Resources,nLogEnableRotateTimeout,Luba ajapõhine pööramine,NG .resw source; locale=et-EE; revision=7d81679f19f5fdaf5c8becaed58204869d1ac857
CFGEvntSLog.WinUI/Strings/Resources,CFGEvntSLog.WinUI Resources,nLogFileType,Logifaili tüüp,NG .resw source; locale=et-EE; revision=7d81679f19f5fdaf5c8becaed58204869d1ac857
CFGEvntSLog.WinUI/Strings/Resources,CFGEvntSLog.WinUI Resources,nLogMoveAfterRotate,Teisalda fail pärast logi pööramist,NG .resw source; locale=et-EE; revision=7d81679f19f5fdaf5c8becaed58204869d1ac857
CFGEvntSLog.WinUI/Strings/Resources,CFGEvntSLog.WinUI Resources,nLogRotateMaxFiles,Säilitatavate pööratud logifailide maksimaalne arv,NG .resw source; locale=et-EE; revision=7d81679f19f5fdaf5c8becaed58204869d1ac857
CFGEvntSLog.WinUI/Strings/Resources,CFGEvntSLog.WinUI Resources,nLogRotateMaxWait,Maksimaalne logi pööramise ooteaeg,NG .resw source; locale=et-EE; revision=7d81679f19f5fdaf5c8becaed58204869d1ac857
CFGEvntSLog.WinUI/Strings/Resources,CFGEvntSLog.WinUI Resources,nLogRotateOnClose,"Pöörake iga kord, kui fail suletakse",NG .resw source; locale=et-EE; revision=7d81679f19f5fdaf5c8becaed58204869d1ac857
CFGEvntSLog.WinUI/Strings/Resources,CFGEvntSLog.WinUI Resources,nLogRotateOnSizeLimit,"Pöörake, kui see failimahu limiit on saavutatud:",NG .resw source; locale=et-EE; revision=7d81679f19f5fdaf5c8becaed58204869d1ac857
CFGEvntSLog.WinUI/Strings/Resources,CFGEvntSLog.WinUI Resources,nLogRotateSizeLimit,Faili suuruse piirang (KB),NG .resw source; locale=et-EE; revision=7d81679f19f5fdaf5c8becaed58204869d1ac857
CFGEvntSLog.WinUI/Strings/Resources,CFGEvntSLog.WinUI Resources,nLogRotateTimeOfTheDay,Pööra faile sel ajal (tund: minut),NG .resw source; locale=et-EE; revision=7d81679f19f5fdaf5c8becaed58204869d1ac857
CFGEvntSLog.WinUI/Strings/Resources,CFGEvntSLog.WinUI Resources,nLogRotateTimeOfTheDayFriday,reedel,NG .resw source; locale=et-EE; revision=7d81679f19f5fdaf5c8becaed58204869d1ac857
CFGEvntSLog.WinUI/Strings/Resources,CFGEvntSLog.WinUI Resources,nLogRotateTimeOfTheDayMonday,esmaspäev,NG .resw source; locale=et-EE; revision=7d81679f19f5fdaf5c8becaed58204869d1ac857
CFGEvntSLog.WinUI/Strings/Resources,CFGEvntSLog.WinUI Resources,nLogRotateTimeOfTheDaySaturday,laupäeval,NG .resw source; locale=et-EE; revision=7d81679f19f5fdaf5c8becaed58204869d1ac857
CFGEvntSLog.WinUI/Strings/Resources,CFGEvntSLog.WinUI Resources,nLogRotateTimeOfTheDaySunday,pühapäev,NG .resw source; locale=et-EE; revision=7d81679f19f5fdaf5c8becaed58204869d1ac857
CFGEvntSLog.WinUI/Strings/Resources,CFGEvntSLog.WinUI Resources,nLogRotateTimeOfTheDayThusday,neljapäeval,NG .resw source; locale=et-EE; revision=7d81679f19f5fdaf5c8becaed58204869d1ac857
CFGEvntSLog.WinUI/Strings/Resources,CFGEvntSLog.WinUI Resources,nLogRotateTimeOfTheDayTuesday,teisipäeval,NG .resw source; locale=et-EE; revision=7d81679f19f5fdaf5c8becaed58204869d1ac857
CFGEvntSLog.WinUI/Strings/Resources,CFGEvntSLog.WinUI Resources,nLogRotateTimeOfTheDayWednesday,kolmapäeval,NG .resw source; locale=et-EE; revision=7d81679f19f5fdaf5c8becaed58204869d1ac857
CFGEvntSLog.WinUI/Strings/Resources,CFGEvntSLog.WinUI Resources,nLogRotateTimeout,"Pööra logifaile, mis on vanemad kui:",NG .resw source; locale=et-EE; revision=7d81679f19f5fdaf5c8becaed58204869d1ac857
CFGEvntSLog.WinUI/Strings/Resources,CFGEvntSLog.WinUI Resources,nLogRotateTimeoutUnit,Ühik,NG .resw source; locale=et-EE; revision=7d81679f19f5fdaf5c8becaed58204869d1ac857
CFGEvntSLog.WinUI/Strings/Resources,CFGEvntSLog.WinUI Resources,nLogRotateWorkerCount,Logipöörde töötajate arv,NG .resw source; locale=et-EE; revision=7d81679f19f5fdaf5c8becaed58204869d1ac857
CFGEvntSLog.WinUI/Strings/Resources,CFGEvntSLog.WinUI Resources,nLogRotateWorkerEnable,Luba järjekorraga logipöörde töötajad,NG .resw source; locale=et-EE; revision=7d81679f19f5fdaf5c8becaed58204869d1ac857
CFGEvntSLog.WinUI/Strings/Resources,CFGEvntSLog.WinUI Resources,nLogRotateWorkerSleepTime,Ooteaeg järjekorra kontrollide vahel,NG .resw source; locale=et-EE; revision=7d81679f19f5fdaf5c8becaed58204869d1ac857
CFGEvntSLog.WinUI/Strings/Resources,CFGEvntSLog.WinUI Resources,nLogRotateWorkerStopWaitTimeout,Teenuse peatamise ooteaeg järjekorras olevatele logipöörde töödele,NG .resw source; locale=et-EE; revision=7d81679f19f5fdaf5c8becaed58204869d1ac857
CFGEvntSLog.WinUI/Strings/Resources,CFGEvntSLog.WinUI Resources,nLogZipAfterRotate,Tihendage fail pärast logi pööramist,NG .resw source; locale=et-EE; revision=7d81679f19f5fdaf5c8becaed58204869d1ac857
CFGEvntSLog.WinUI/Strings/Resources,CFGEvntSLog.WinUI Resources,nLogZipAfterRotateFormat,Tihendusvorming,NG .resw source; locale=et-EE; revision=7d81679f19f5fdaf5c8becaed58204869d1ac857
CFGEvntSLog.WinUI/Strings/Resources,CFGEvntSLog.WinUI Resources,nLogZipCompressionLevel,Kompressioonitase,NG .resw source; locale=et-EE; revision=7d81679f19f5fdaf5c8becaed58204869d1ac857
CFGEvntSLog.WinUI/Strings/Resources,CFGEvntSLog.WinUI Resources,nMAX_LONGVCHAR_LEN,Maksimaalne teksti pikkus (baitides),NG .resw source; locale=et-EE; revision=7d81679f19f5fdaf5c8becaed58204869d1ac857
CFGEvntSLog.WinUI/Strings/Resources,CFGEvntSLog.WinUI Resources,nMAX_VCHAR_LEN,Maksimaalne tähemärgi pikkus (baitides),NG .resw source; locale=et-EE; revision=7d81679f19f5fdaf5c8becaed58204869d1ac857
CFGEvntSLog.WinUI/Strings/Resources,CFGEvntSLog.WinUI Resources,nMEMEnable,Luba mälukontroll,NG .resw source; locale=et-EE; revision=7d81679f19f5fdaf5c8becaed58204869d1ac857
CFGEvntSLog.WinUI/Strings/Resources,CFGEvntSLog.WinUI Resources,nMEMOccurences,Esineb kuni mäluhäire esilekutsumiseni,NG .resw source; locale=et-EE; revision=7d81679f19f5fdaf5c8becaed58204869d1ac857
CFGEvntSLog.WinUI/Strings/Resources,CFGEvntSLog.WinUI Resources,nMEMPsyEnable,Füüsilise mälu kontrolli lubamine,NG .resw source; locale=et-EE; revision=7d81679f19f5fdaf5c8becaed58204869d1ac857
CFGEvntSLog.WinUI/Strings/Resources,CFGEvntSLog.WinUI Resources,nMEMPsyOccurences,Esinemised kuni füüsilise mälu häireni,NG .resw source; locale=et-EE; revision=7d81679f19f5fdaf5c8becaed58204869d1ac857
CFGEvntSLog.WinUI/Strings/Resources,CFGEvntSLog.WinUI Resources,nMEMPsyReportIfBelowAlarm,"Teatage ka sellest, kui füüsilise mälu tase on häiretasemest madalam",NG .resw source; locale=et-EE; revision=7d81679f19f5fdaf5c8becaed58204869d1ac857
CFGEvntSLog.WinUI/Strings/Resources,CFGEvntSLog.WinUI Resources,nMEMPsyUsageAlarmLevel,Füüsilise mälu kasutamise häiretase,NG .resw source; locale=et-EE; revision=7d81679f19f5fdaf5c8becaed58204869d1ac857
CFGEvntSLog.WinUI/Strings/Resources,CFGEvntSLog.WinUI Resources,nMEMReportIfBelowAlarm,"Teatage ka sellest, kui mälutase on häiretasemest madalam",NG .resw source; locale=et-EE; revision=7d81679f19f5fdaf5c8becaed58204869d1ac857
CFGEvntSLog.WinUI/Strings/Resources,CFGEvntSLog.WinUI Resources,nMEMUsageAlarmLevel,Mälu kasutamise häiretase,NG .resw source; locale=et-EE; revision=7d81679f19f5fdaf5c8becaed58204869d1ac857
CFGEvntSLog.WinUI/Strings/Resources,CFGEvntSLog.WinUI Resources,nMEMVirtEnable,Virtuaalse mälu kontrollimise lubamine,NG .resw source; locale=et-EE; revision=7d81679f19f5fdaf5c8becaed58204869d1ac857
CFGEvntSLog.WinUI/Strings/Resources,CFGEvntSLog.WinUI Resources,nMEMVirtOccurences,Esineb kuni virtuaalse mälu häireni,NG .resw source; locale=et-EE; revision=7d81679f19f5fdaf5c8becaed58204869d1ac857
CFGEvntSLog.WinUI/Strings/Resources,CFGEvntSLog.WinUI Resources,nMEMVirtReportIfBelowAlarm,"Teatage ka sellest, kui virtuaalmälu tase on häiretasemest madalam",NG .resw source; locale=et-EE; revision=7d81679f19f5fdaf5c8becaed58204869d1ac857
CFGEvntSLog.WinUI/Strings/Resources,CFGEvntSLog.WinUI Resources,nMEMVirtUsageAlarmLevel,Virtuaalse mälu kasutamise häiretase,NG .resw source; locale=et-EE; revision=7d81679f19f5fdaf5c8becaed58204869d1ac857
CFGEvntSLog.WinUI/Strings/Resources,CFGEvntSLog.WinUI Resources,nMIAPSendPort,Vaikimisi SETP Port,NG .resw source; locale=et-EE; revision=7d81679f19f5fdaf5c8becaed58204869d1ac857
CFGEvntSLog.WinUI/Strings/Resources,CFGEvntSLog.WinUI Resources,nMailPriority,Posti prioriteet,NG .resw source; locale=et-EE; revision=7d81679f19f5fdaf5c8becaed58204869d1ac857
CFGEvntSLog.WinUI/Strings/Resources,CFGEvntSLog.WinUI Resources,nMaxBytesPerMessage,Max baite sõnumi kohta,NG .resw source; locale=et-EE; revision=7d81679f19f5fdaf5c8becaed58204869d1ac857
CFGEvntSLog.WinUI/Strings/Resources,CFGEvntSLog.WinUI Resources,nMaxFileSize,Maksimaalne failimaht (KB),NG .resw source; locale=et-EE; revision=7d81679f19f5fdaf5c8becaed58204869d1ac857
CFGEvntSLog.WinUI/Strings/Resources,CFGEvntSLog.WinUI Resources,nMaxValueLength,Maksimaalse väärtuse pikkus (baitides):,NG .resw source; locale=et-EE; revision=7d81679f19f5fdaf5c8becaed58204869d1ac857
CFGEvntSLog.WinUI/Strings/Resources,CFGEvntSLog.WinUI Resources,nMessagePriority,Järjekorra prioriteet,NG .resw source; locale=et-EE; revision=7d81679f19f5fdaf5c8becaed58204869d1ac857
CFGEvntSLog.WinUI/Strings/Resources,CFGEvntSLog.WinUI Resources,nMultipleFiles,Kataloogide lubamine või mitme faili lugemine (Vajab failinimes metamärki),NG .resw source; locale=et-EE; revision=7d81679f19f5fdaf5c8becaed58204869d1ac857
CFGEvntSLog.WinUI/Strings/Resources,CFGEvntSLog.WinUI Resources,nNNTPPort,NNTP port,NG .resw source; locale=et-EE; revision=7d81679f19f5fdaf5c8becaed58204869d1ac857
CFGEvntSLog.WinUI/Strings/Resources,CFGEvntSLog.WinUI Resources,nNbrOfRetries,Korduskatsete arv,NG .resw source; locale=et-EE; revision=7d81679f19f5fdaf5c8becaed58204869d1ac857
CFGEvntSLog.WinUI/Strings/Resources,CFGEvntSLog.WinUI Resources,nNoExistingEntries,ÄRGE töötlege olemasolevaid kirjeid,NG .resw source; locale=et-EE; revision=7d81679f19f5fdaf5c8becaed58204869d1ac857
CFGEvntSLog.WinUI/Strings/Resources,CFGEvntSLog.WinUI Resources,nNumberOfLogfiles,Logifailide arv,NG .resw source; locale=et-EE; revision=7d81679f19f5fdaf5c8becaed58204869d1ac857
CFGEvntSLog.WinUI/Strings/Resources,CFGEvntSLog.WinUI Resources,nODBCEnCryption,Luba parooli krüpteerimine,NG .resw source; locale=et-EE; revision=7d81679f19f5fdaf5c8becaed58204869d1ac857
CFGEvntSLog.WinUI/Strings/Resources,CFGEvntSLog.WinUI Resources,nOleDbEnCryption,Krüpteeri parool,NG .resw source; locale=et-EE; revision=7d81679f19f5fdaf5c8becaed58204869d1ac857
CFGEvntSLog.WinUI/Strings/Resources,CFGEvntSLog.WinUI Resources,nOnMaxProc,Max protsesside kohta,NG .resw source; locale=et-EE; revision=7d81679f19f5fdaf5c8becaed58204869d1ac857
CFGEvntSLog.WinUI/Strings/Resources,CFGEvntSLog.WinUI Resources,nOnMaxProcWait,Max protsesside ooteaeg,NG .resw source; locale=et-EE; revision=7d81679f19f5fdaf5c8becaed58204869d1ac857
CFGEvntSLog.WinUI/Strings/Resources,CFGEvntSLog.WinUI Resources,nOutputEncodingUTF8BOM,Kaasake sõnumisse UTF8 BOM,NG .resw source; locale=et-EE; revision=7d81679f19f5fdaf5c8becaed58204869d1ac857
CFGEvntSLog.WinUI/Strings/Resources,CFGEvntSLog.WinUI Resources,nOutputFormat,Lognormi väljundvorming,NG .resw source; locale=et-EE; revision=7d81679f19f5fdaf5c8becaed58204869d1ac857
CFGEvntSLog.WinUI/Strings/Resources,CFGEvntSLog.WinUI Resources,nPOP3Port,POP3 port,NG .resw source; locale=et-EE; revision=7d81679f19f5fdaf5c8becaed58204869d1ac857
CFGEvntSLog.WinUI/Strings/Resources,CFGEvntSLog.WinUI Resources,nParity,Pariteet,NG .resw source; locale=et-EE; revision=7d81679f19f5fdaf5c8becaed58204869d1ac857
CFGEvntSLog.WinUI/Strings/Resources,CFGEvntSLog.WinUI Resources,nParseSyslogDate,Kasutage algse sõnumi ajatemplit (RFC 3164),NG .resw source; locale=et-EE; revision=7d81679f19f5fdaf5c8becaed58204869d1ac857
CFGEvntSLog.WinUI/Strings/Resources,CFGEvntSLog.WinUI Resources,nPort,HTTP-port,NG .resw source; locale=et-EE; revision=7d81679f19f5fdaf5c8becaed58204869d1ac857
CFGEvntSLog.WinUI/Strings/Resources,CFGEvntSLog.WinUI Resources,nPortNumber,Port,NG .resw source; locale=et-EE; revision=7d81679f19f5fdaf5c8becaed58204869d1ac857
CFGEvntSLog.WinUI/Strings/Resources,CFGEvntSLog.WinUI Resources,nPort_,Port,NG .resw source; locale=et-EE; revision=7d81679f19f5fdaf5c8becaed58204869d1ac857
CFGEvntSLog.WinUI/Strings/Resources,CFGEvntSLog.WinUI Resources,nPreventOverrunDelay,Ülesõidu vältimise viivitus (ms),NG .resw source; locale=et-EE; revision=7d81679f19f5fdaf5c8becaed58204869d1ac857
CFGEvntSLog.WinUI/Strings/Resources,CFGEvntSLog.WinUI Resources,nPriorityAuditFailure,Auditi ebaõnnestumine,NG .resw source; locale=et-EE; revision=7d81679f19f5fdaf5c8becaed58204869d1ac857
CFGEvntSLog.WinUI/Strings/Resources,CFGEvntSLog.WinUI Resources,nPriorityAuditSuccess,Auditi edu,NG .resw source; locale=et-EE; revision=7d81679f19f5fdaf5c8becaed58204869d1ac857
CFGEvntSLog.WinUI/Strings/Resources,CFGEvntSLog.WinUI Resources,nPriorityCritical,Kriitiline,NG .resw source; locale=et-EE; revision=7d81679f19f5fdaf5c8becaed58204869d1ac857
CFGEvntSLog.WinUI/Strings/Resources,CFGEvntSLog.WinUI Resources,nPriorityError,Viga,NG .resw source; locale=et-EE; revision=7d81679f19f5fdaf5c8becaed58204869d1ac857
CFGEvntSLog.WinUI/Strings/Resources,CFGEvntSLog.WinUI Resources,nPriorityInfo,Teave,NG .resw source; locale=et-EE; revision=7d81679f19f5fdaf5c8becaed58204869d1ac857
CFGEvntSLog.WinUI/Strings/Resources,CFGEvntSLog.WinUI Resources,nPriorityInformation,Teave,NG .resw source; locale=et-EE; revision=7d81679f19f5fdaf5c8becaed58204869d1ac857
CFGEvntSLog.WinUI/Strings/Resources,CFGEvntSLog.WinUI Resources,nPrioritySuccess,Edu,NG .resw source; locale=et-EE; revision=7d81679f19f5fdaf5c8becaed58204869d1ac857
CFGEvntSLog.WinUI/Strings/Resources,CFGEvntSLog.WinUI Resources,nPriorityVerbose,Paljusõnaline,NG .resw source; locale=et-EE; revision=7d81679f19f5fdaf5c8becaed58204869d1ac857
CFGEvntSLog.WinUI/Strings/Resources,CFGEvntSLog.WinUI Resources,nPriorityWarning,Hoiatus,NG .resw source; locale=et-EE; revision=7d81679f19f5fdaf5c8becaed58204869d1ac857
CFGEvntSLog.WinUI/Strings/Resources,CFGEvntSLog.WinUI Resources,nProcMode,Töötlemisrežiim,NG .resw source; locale=et-EE; revision=7d81679f19f5fdaf5c8becaed58204869d1ac857
CFGEvntSLog.WinUI/Strings/Resources,CFGEvntSLog.WinUI Resources,nProcessPriority,Protsessi prioriteet,NG .resw source; locale=et-EE; revision=7d81679f19f5fdaf5c8becaed58204869d1ac857
CFGEvntSLog.WinUI/Strings/Resources,CFGEvntSLog.WinUI Resources,nProcessRestOfFile,Töötle ülejäänud faili ühe sõnumina (kui ükski sõnumi eraldaja ei vasta enam),NG .resw source; locale=et-EE; revision=7d81679f19f5fdaf5c8becaed58204869d1ac857
CFGEvntSLog.WinUI/Strings/Resources,CFGEvntSLog.WinUI Resources,nProcessingLow,Töötlemise osuti,NG .resw source; locale=et-EE; revision=7d81679f19f5fdaf5c8becaed58204869d1ac857
CFGEvntSLog.WinUI/Strings/Resources,CFGEvntSLog.WinUI Resources,nPropertiesTable,Luba üksikasjade atribuutide logimine,NG .resw source; locale=et-EE; revision=7d81679f19f5fdaf5c8becaed58204869d1ac857
CFGEvntSLog.WinUI/Strings/Resources,CFGEvntSLog.WinUI Resources,nPropertyMsgSep,Salvesta sõnumi eraldaja atribuuti (%msgsep%),NG .resw source; locale=et-EE; revision=7d81679f19f5fdaf5c8becaed58204869d1ac857
CFGEvntSLog.WinUI/Strings/Resources,CFGEvntSLog.WinUI Resources,nPropertyMsgSepReset,Lähtestage sõnumi eraldaja pärast iga käitamist,NG .resw source; locale=et-EE; revision=7d81679f19f5fdaf5c8becaed58204869d1ac857
CFGEvntSLog.WinUI/Strings/Resources,CFGEvntSLog.WinUI Resources,nProtectAgainstShutdown,Kaitse teenust väljalülitamise eest,NG .resw source; locale=et-EE; revision=7d81679f19f5fdaf5c8becaed58204869d1ac857
CFGEvntSLog.WinUI/Strings/Resources,CFGEvntSLog.WinUI Resources,nProtocolType,Protokolli tüüp,NG .resw source; locale=et-EE; revision=7d81679f19f5fdaf5c8becaed58204869d1ac857
CFGEvntSLog.WinUI/Strings/Resources,CFGEvntSLog.WinUI Resources,nQueueLimit,Järjekorrapiirang,NG .resw source; locale=et-EE; revision=7d81679f19f5fdaf5c8becaed58204869d1ac857
CFGEvntSLog.WinUI/Strings/Resources,CFGEvntSLog.WinUI Resources,nRFC3164DetectYear,Proovige sõeluda aastat sõnumi ajatemplist (RFC 3164),NG .resw source; locale=et-EE; revision=7d81679f19f5fdaf5c8becaed58204869d1ac857
CFGEvntSLog.WinUI/Strings/Resources,CFGEvntSLog.WinUI Resources,nRFC3164Parsing,Lubage RFC3164 sõelumine,NG .resw source; locale=et-EE; revision=7d81679f19f5fdaf5c8becaed58204869d1ac857
CFGEvntSLog.WinUI/Strings/Resources,CFGEvntSLog.WinUI Resources,nRFC5424AddProcID2SyslogTag,"Lisage protsessi ID märgisele Syslog, kui see on saadaval",NG .resw source; locale=et-EE; revision=7d81679f19f5fdaf5c8becaed58204869d1ac857
CFGEvntSLog.WinUI/Strings/Resources,CFGEvntSLog.WinUI Resources,nRFC5424Parsing,Lubage RFC5424 sõelumine,NG .resw source; locale=et-EE; revision=7d81679f19f5fdaf5c8becaed58204869d1ac857
CFGEvntSLog.WinUI/Strings/Resources,CFGEvntSLog.WinUI Resources,nReUseFile,Kustutamise asemel tühjendage logifail (faili kasutatakse uuesti),NG .resw source; locale=et-EE; revision=7d81679f19f5fdaf5c8becaed58204869d1ac857
CFGEvntSLog.WinUI/Strings/Resources,CFGEvntSLog.WinUI Resources,nReadFileBuffer,Lugege failipuhvri suurust,NG .resw source; locale=et-EE; revision=7d81679f19f5fdaf5c8becaed58204869d1ac857
CFGEvntSLog.WinUI/Strings/Resources,CFGEvntSLog.WinUI Resources,nReadFromFile,Lugege failist sündmuste logi,NG .resw source; locale=et-EE; revision=7d81679f19f5fdaf5c8becaed58204869d1ac857
CFGEvntSLog.WinUI/Strings/Resources,CFGEvntSLog.WinUI Resources,nReadSourceLocally,Lugege EventLog allikaid kohalikust masinast,NG .resw source; locale=et-EE; revision=7d81679f19f5fdaf5c8becaed58204869d1ac857
CFGEvntSLog.WinUI/Strings/Resources,CFGEvntSLog.WinUI Resources,nRemoveControlChars,Eemaldage juhtmärgid,NG .resw source; locale=et-EE; revision=7d81679f19f5fdaf5c8becaed58204869d1ac857
CFGEvntSLog.WinUI/Strings/Resources,CFGEvntSLog.WinUI Resources,nRemoveControlCharsFromParams,Eemaldage stringiparameetritest juhtmärgid,NG .resw source; locale=et-EE; revision=7d81679f19f5fdaf5c8becaed58204869d1ac857
CFGEvntSLog.WinUI/Strings/Resources,CFGEvntSLog.WinUI Resources,nRemoveLeadingSpaces,Eemaldage juhtruum,NG .resw source; locale=et-EE; revision=7d81679f19f5fdaf5c8becaed58204869d1ac857
CFGEvntSLog.WinUI/Strings/Resources,CFGEvntSLog.WinUI Resources,nReplaceNullBytes,Asendage NULL-baidid tühikutega,NG .resw source; locale=et-EE; revision=7d81679f19f5fdaf5c8becaed58204869d1ac857
CFGEvntSLog.WinUI/Strings/Resources,CFGEvntSLog.WinUI Resources,nReportCrash,Saatke probleemiaruanded automaatselt Adiscon toele,NG .resw source; locale=et-EE; revision=7d81679f19f5fdaf5c8becaed58204869d1ac857
CFGEvntSLog.WinUI/Strings/Resources,CFGEvntSLog.WinUI Resources,nReportErrorOnFNF,"Teatage veast, kui faili ei leitud (kirjutatakse rakenduse sündmuste logisse)",NG .resw source; locale=et-EE; revision=7d81679f19f5fdaf5c8becaed58204869d1ac857
CFGEvntSLog.WinUI/Strings/Resources,CFGEvntSLog.WinUI Resources,nReportInJSON,Kasutage CEE täiustatud Syslog vormingut,NG .resw source; locale=et-EE; revision=7d81679f19f5fdaf5c8becaed58204869d1ac857
CFGEvntSLog.WinUI/Strings/Resources,CFGEvntSLog.WinUI Resources,nResolveIfName,"Lahendage ka nimi, kui lähteatribuut on juba nimi",NG .resw source; locale=et-EE; revision=7d81679f19f5fdaf5c8becaed58204869d1ac857
CFGEvntSLog.WinUI/Strings/Resources,CFGEvntSLog.WinUI Resources,nResolveLongMibNames,Lahendage Mib-nimed täielikult (pikk vorming),NG .resw source; locale=et-EE; revision=7d81679f19f5fdaf5c8becaed58204869d1ac857
CFGEvntSLog.WinUI/Strings/Resources,CFGEvntSLog.WinUI Resources,nResolveMibNamesShort,Kasutage lühikest vormingut (ainult viimane osa),NG .resw source; locale=et-EE; revision=7d81679f19f5fdaf5c8becaed58204869d1ac857
CFGEvntSLog.WinUI/Strings/Resources,CFGEvntSLog.WinUI Resources,nResolveNames,Hostinimede lahendamine,NG .resw source; locale=et-EE; revision=7d81679f19f5fdaf5c8becaed58204869d1ac857
CFGEvntSLog.WinUI/Strings/Resources,CFGEvntSLog.WinUI Resources,nRetryCount,Korduskatsete arv,NG .resw source; locale=et-EE; revision=7d81679f19f5fdaf5c8becaed58204869d1ac857
CFGEvntSLog.WinUI/Strings/Resources,CFGEvntSLog.WinUI Resources,nRetryInterval,Uuesti proovimise intervall (ms),NG .resw source; locale=et-EE; revision=7d81679f19f5fdaf5c8becaed58204869d1ac857
CFGEvntSLog.WinUI/Strings/Resources,CFGEvntSLog.WinUI Resources,nRetryPeriod,Korduskatse periood (ms),NG .resw source; locale=et-EE; revision=7d81679f19f5fdaf5c8becaed58204869d1ac857
CFGEvntSLog.WinUI/Strings/Resources,CFGEvntSLog.WinUI Resources,nRingBufferSize,Järjekorra faili suurus (staatiline),NG .resw source; locale=et-EE; revision=7d81679f19f5fdaf5c8becaed58204869d1ac857
CFGEvntSLog.WinUI/Strings/Resources,CFGEvntSLog.WinUI Resources,nRoundRobinMsgCount,Igasse syslogi serverisse enne koormuse tasakaalustamist saadetud sõnumite arv,NG .resw source; locale=et-EE; revision=7d81679f19f5fdaf5c8becaed58204869d1ac857
CFGEvntSLog.WinUI/Strings/Resources,CFGEvntSLog.WinUI Resources,nRtsControl,RTS juhtimisvoog,NG .resw source; locale=et-EE; revision=7d81679f19f5fdaf5c8becaed58204869d1ac857
CFGEvntSLog.WinUI/Strings/Resources,CFGEvntSLog.WinUI Resources,nSMTPPort,Postiserveri port,NG .resw source; locale=et-EE; revision=7d81679f19f5fdaf5c8becaed58204869d1ac857
CFGEvntSLog.WinUI/Strings/Resources,CFGEvntSLog.WinUI Resources,nSMTPPortBackup,Varunda meiliserveri port,NG .resw source; locale=et-EE; revision=7d81679f19f5fdaf5c8becaed58204869d1ac857
CFGEvntSLog.WinUI/Strings/Resources,CFGEvntSLog.WinUI Resources,nSQLConnectionTimeOut,SQL-i ühenduse ajalõpp,NG .resw source; locale=et-EE; revision=7d81679f19f5fdaf5c8becaed58204869d1ac857
CFGEvntSLog.WinUI/Strings/Resources,CFGEvntSLog.WinUI Resources,nSQLStatementType,Avalduse tüüp,NG .resw source; locale=et-EE; revision=7d81679f19f5fdaf5c8becaed58204869d1ac857
CFGEvntSLog.WinUI/Strings/Resources,CFGEvntSLog.WinUI Resources,nSaveSourceIntoProperty,Salvestage algallikas varasse,NG .resw source; locale=et-EE; revision=7d81679f19f5fdaf5c8becaed58204869d1ac857
CFGEvntSLog.WinUI/Strings/Resources,CFGEvntSLog.WinUI Resources,nSavingLow,Salvestav kursor,NG .resw source; locale=et-EE; revision=7d81679f19f5fdaf5c8becaed58204869d1ac857
CFGEvntSLog.WinUI/Strings/Resources,CFGEvntSLog.WinUI Resources,nSegmentFileBySize,Segmendi faili suurus (KB),NG .resw source; locale=et-EE; revision=7d81679f19f5fdaf5c8becaed58204869d1ac857
CFGEvntSLog.WinUI/Strings/Resources,CFGEvntSLog.WinUI Resources,nSegmentFileEnable,"Failide segmentimine, kui on saavutatud järgmine failisuurus (KB)",NG .resw source; locale=et-EE; revision=7d81679f19f5fdaf5c8becaed58204869d1ac857
CFGEvntSLog.WinUI/Strings/Resources,CFGEvntSLog.WinUI Resources,nSelpSendPort,RELP Port,NG .resw source; locale=et-EE; revision=7d81679f19f5fdaf5c8becaed58204869d1ac857
CFGEvntSLog.WinUI/Strings/Resources,CFGEvntSLog.WinUI Resources,nSendExpect,Saatke sõnum ja kontrollige oodatud sõnumit,NG .resw source; locale=et-EE; revision=7d81679f19f5fdaf5c8becaed58204869d1ac857
CFGEvntSLog.WinUI/Strings/Resources,CFGEvntSLog.WinUI Resources,nSendMode,Syslog SaatmisreÅ¾iim,NG .resw source; locale=et-EE; revision=7d81679f19f5fdaf5c8becaed58204869d1ac857
CFGEvntSLog.WinUI/Strings/Resources,CFGEvntSLog.WinUI Resources,nSendRecvTimeOut,Saatmise/vastuvõtmise ajalõpp,NG .resw source; locale=et-EE; revision=7d81679f19f5fdaf5c8becaed58204869d1ac857
CFGEvntSLog.WinUI/Strings/Resources,CFGEvntSLog.WinUI Resources,nSendTimeOut,Saatmise/vastuvõtmise ajalõpp,NG .resw source; locale=et-EE; revision=7d81679f19f5fdaf5c8becaed58204869d1ac857
CFGEvntSLog.WinUI/Strings/Resources,CFGEvntSLog.WinUI Resources,nShutdownProtectionTimeout,Seiskamiskaitse ajalimiit,NG .resw source; locale=et-EE; revision=7d81679f19f5fdaf5c8becaed58204869d1ac857
CFGEvntSLog.WinUI/Strings/Resources,CFGEvntSLog.WinUI Resources,nShutdownProtectionTimeout_Description,0 ootab ajalimiidita. Positiivne väärtus piirab kogu kaitstud seiskamise aega millisekundites; limiidi täitumisel võivad püsivalt salvestamata sõnumid kaotsi minna.,NG .resw source; locale=et-EE; revision=7d81679f19f5fdaf5c8becaed58204869d1ac857
CFGEvntSLog.WinUI/Strings/Resources,CFGEvntSLog.WinUI Resources,nShutdownProtectionTimeout_ZeroLabel,0 (piiramatu),NG .resw source; locale=et-EE; revision=7d81679f19f5fdaf5c8becaed58204869d1ac857
CFGEvntSLog.WinUI/Strings/Resources,CFGEvntSLog.WinUI Resources,nSkipLinesEnabled,Jätke käivitamisel kõik read vahele,NG .resw source; locale=et-EE; revision=7d81679f19f5fdaf5c8becaed58204869d1ac857
CFGEvntSLog.WinUI/Strings/Resources,CFGEvntSLog.WinUI Resources,nSleepTime,Kontrolli intervalli (ms),NG .resw source; locale=et-EE; revision=7d81679f19f5fdaf5c8becaed58204869d1ac857
CFGEvntSLog.WinUI/Strings/Resources,CFGEvntSLog.WinUI Resources,nSnmpVersion,SNMP versioon,NG .resw source; locale=et-EE; revision=7d81679f19f5fdaf5c8becaed58204869d1ac857
CFGEvntSLog.WinUI/Strings/Resources,CFGEvntSLog.WinUI Resources,nSpecificType,Konkreetne tüüp,NG .resw source; locale=et-EE; revision=7d81679f19f5fdaf5c8becaed58204869d1ac857
CFGEvntSLog.WinUI/Strings/Resources,CFGEvntSLog.WinUI Resources,nSpoofIPAddress,Lubage UDP-protokolli IP-võltsimine. Lisateavet leiate juhendist,NG .resw source; locale=et-EE; revision=7d81679f19f5fdaf5c8becaed58204869d1ac857
CFGEvntSLog.WinUI/Strings/Resources,CFGEvntSLog.WinUI Resources,nStopbits,Stop bits,NG .resw source; locale=et-EE; revision=7d81679f19f5fdaf5c8becaed58204869d1ac857
CFGEvntSLog.WinUI/Strings/Resources,CFGEvntSLog.WinUI Resources,nSubscriptionSleepTime,Oodake aega pärast toimingu ebaõnnestumist,NG .resw source; locale=et-EE; revision=7d81679f19f5fdaf5c8becaed58204869d1ac857
CFGEvntSLog.WinUI/Strings/Resources,CFGEvntSLog.WinUI Resources,nSyncTimeOut,Sünkroonimise ajalõpp,NG .resw source; locale=et-EE; revision=7d81679f19f5fdaf5c8becaed58204869d1ac857
CFGEvntSLog.WinUI/Strings/Resources,CFGEvntSLog.WinUI Resources,nSyntax_,Tüüp,NG .resw source; locale=et-EE; revision=7d81679f19f5fdaf5c8becaed58204869d1ac857
CFGEvntSLog.WinUI/Strings/Resources,CFGEvntSLog.WinUI Resources,nSyslogInsertSource,"Lisage Syslog allikas, kui edastate teistele Syslog serveritele",NG .resw source; locale=et-EE; revision=7d81679f19f5fdaf5c8becaed58204869d1ac857
CFGEvntSLog.WinUI/Strings/Resources,CFGEvntSLog.WinUI Resources,nSyslogMaxMessageSize,Maksimaalne Syslog sõnumi suurus (baitides),NG .resw source; locale=et-EE; revision=7d81679f19f5fdaf5c8becaed58204869d1ac857
CFGEvntSLog.WinUI/Strings/Resources,CFGEvntSLog.WinUI Resources,nSyslogPortBackup,Varundus Syslog Port,NG .resw source; locale=et-EE; revision=7d81679f19f5fdaf5c8becaed58204869d1ac857
CFGEvntSLog.WinUI/Strings/Resources,CFGEvntSLog.WinUI Resources,nSyslogPort_,Syslog Port,NG .resw source; locale=et-EE; revision=7d81679f19f5fdaf5c8becaed58204869d1ac857
CFGEvntSLog.WinUI/Strings/Resources,CFGEvntSLog.WinUI Resources,nSyslogSendPort,Syslog Port,NG .resw source; locale=et-EE; revision=7d81679f19f5fdaf5c8becaed58204869d1ac857
CFGEvntSLog.WinUI/Strings/Resources,CFGEvntSLog.WinUI Resources,nSystemID,Süsteemi ID,NG .resw source; locale=et-EE; revision=7d81679f19f5fdaf5c8becaed58204869d1ac857
CFGEvntSLog.WinUI/Strings/Resources,CFGEvntSLog.WinUI Resources,nTCPMaxSessions,Maksimaalsed TCP-seansid,NG .resw source; locale=et-EE; revision=7d81679f19f5fdaf5c8becaed58204869d1ac857
CFGEvntSLog.WinUI/Strings/Resources,CFGEvntSLog.WinUI Resources,nTLSAllowExpiredCerts,Luba aegunud partnerisertifikaadid,NG .resw source; locale=et-EE; revision=7d81679f19f5fdaf5c8becaed58204869d1ac857
CFGEvntSLog.WinUI/Strings/Resources,CFGEvntSLog.WinUI Resources,nTLSFailOnConfigCommandError,TLS-i konfiguratsioonikasu vigade korral nurju,NG .resw source; locale=et-EE; revision=7d81679f19f5fdaf5c8becaed58204869d1ac857
CFGEvntSLog.WinUI/Strings/Resources,CFGEvntSLog.WinUI Resources,nTLSHandshakeTimeout,TLS-kaepigistuse ajalimiit,NG .resw source; locale=et-EE; revision=7d81679f19f5fdaf5c8becaed58204869d1ac857
CFGEvntSLog.WinUI/Strings/Resources,CFGEvntSLog.WinUI Resources,nTLSLegacyFingerprintMatch,Luba legacy fingerprint sobitamine,NG .resw source; locale=et-EE; revision=7d81679f19f5fdaf5c8becaed58204869d1ac857
CFGEvntSLog.WinUI/Strings/Resources,CFGEvntSLog.WinUI Resources,nTLSLegacyPeerNameMatch,Luba parandreziimi partnerinime sobitamine,NG .resw source; locale=et-EE; revision=7d81679f19f5fdaf5c8becaed58204869d1ac857
CFGEvntSLog.WinUI/Strings/Resources,CFGEvntSLog.WinUI Resources,nTakeSourceSysFromSyslogMsg,Võtke lähtesüsteem Syslog sõnumist,NG .resw source; locale=et-EE; revision=7d81679f19f5fdaf5c8becaed58204869d1ac857
CFGEvntSLog.WinUI/Strings/Resources,CFGEvntSLog.WinUI Resources,nTimeMode,Vaikeajaväärtused põhinevad,NG .resw source; locale=et-EE; revision=7d81679f19f5fdaf5c8becaed58204869d1ac857
CFGEvntSLog.WinUI/Strings/Resources,CFGEvntSLog.WinUI Resources,nTimeOutLimit,Timeout Limit,NG .resw source; locale=et-EE; revision=7d81679f19f5fdaf5c8becaed58204869d1ac857
CFGEvntSLog.WinUI/Strings/Resources,CFGEvntSLog.WinUI Resources,nTimeOutMsg,Sõnumi lõpetamise ajalõpp,NG .resw source; locale=et-EE; revision=7d81679f19f5fdaf5c8becaed58204869d1ac857
CFGEvntSLog.WinUI/Strings/Resources,CFGEvntSLog.WinUI Resources,nTimeOutSession,Seansi ajalõpp,NG .resw source; locale=et-EE; revision=7d81679f19f5fdaf5c8becaed58204869d1ac857
CFGEvntSLog.WinUI/Strings/Resources,CFGEvntSLog.WinUI Resources,nTimeoutValue,Seansi ajalõpp,NG .resw source; locale=et-EE; revision=7d81679f19f5fdaf5c8becaed58204869d1ac857
CFGEvntSLog.WinUI/Strings/Resources,CFGEvntSLog.WinUI Resources,nTryConvSIDtoObj,Proovige turva-ID-d (SID) teisendada objektinimedeks,NG .resw source; locale=et-EE; revision=7d81679f19f5fdaf5c8becaed58204869d1ac857
CFGEvntSLog.WinUI/Strings/Resources,CFGEvntSLog.WinUI Resources,nTryConvertDsClasses,Proovige teisendada Active Directory objektiklasse,NG .resw source; locale=et-EE; revision=7d81679f19f5fdaf5c8becaed58204869d1ac857
CFGEvntSLog.WinUI/Strings/Resources,CFGEvntSLog.WinUI Resources,nTryDetectMessageEncoding,"Tuvastage automaatselt sõnumi kodeering (UTF8, SHIFT_JIS, EUC-JP)",NG .resw source; locale=et-EE; revision=7d81679f19f5fdaf5c8becaed58204869d1ac857
CFGEvntSLog.WinUI/Strings/Resources,CFGEvntSLog.WinUI Resources,nType,Protokolli tüüp,NG .resw source; locale=et-EE; revision=7d81679f19f5fdaf5c8becaed58204869d1ac857
CFGEvntSLog.WinUI/Strings/Resources,CFGEvntSLog.WinUI Resources,nUniqueFileName,Looge ainulaadseid failinimesid,NG .resw source; locale=et-EE; revision=7d81679f19f5fdaf5c8becaed58204869d1ac857
CFGEvntSLog.WinUI/Strings/Resources,CFGEvntSLog.WinUI Resources,nUseCompression,Kasutage andmete tihendamiseks zLib Compression.,NG .resw source; locale=et-EE; revision=7d81679f19f5fdaf5c8becaed58204869d1ac857
CFGEvntSLog.WinUI/Strings/Resources,CFGEvntSLog.WinUI Resources,nUseCustomSeparator,Kasutage kohandatud eraldajat,NG .resw source; locale=et-EE; revision=7d81679f19f5fdaf5c8becaed58204869d1ac857
CFGEvntSLog.WinUI/Strings/Resources,CFGEvntSLog.WinUI Resources,nUseLegacyProcessing,Kasutage pärandparameetrite töötlemist,NG .resw source; locale=et-EE; revision=7d81679f19f5fdaf5c8becaed58204869d1ac857
CFGEvntSLog.WinUI/Strings/Resources,CFGEvntSLog.WinUI Resources,nUseLegacySubjectProcessing,Kasutage pärandainerea töötlemist,NG .resw source; locale=et-EE; revision=7d81679f19f5fdaf5c8becaed58204869d1ac857
CFGEvntSLog.WinUI/Strings/Resources,CFGEvntSLog.WinUI Resources,nUseSMTPAuth,Kasutage SMTP autentimist,NG .resw source; locale=et-EE; revision=7d81679f19f5fdaf5c8becaed58204869d1ac857
CFGEvntSLog.WinUI/Strings/Resources,CFGEvntSLog.WinUI Resources,nUseSSL,Kasutage meiliserveriga turvalist ühendust (SSL).,NG .resw source; locale=et-EE; revision=7d81679f19f5fdaf5c8becaed58204869d1ac857
CFGEvntSLog.WinUI/Strings/Resources,CFGEvntSLog.WinUI Resources,nUseStartTLSMethod,Kasutage STARTTLS SMTP laiendust,NG .resw source; locale=et-EE; revision=7d81679f19f5fdaf5c8becaed58204869d1ac857
CFGEvntSLog.WinUI/Strings/Resources,CFGEvntSLog.WinUI Resources,nUseUTCForTimestamps,Kasutage ajatemplite jaoks UTC-d,NG .resw source; locale=et-EE; revision=7d81679f19f5fdaf5c8becaed58204869d1ac857
CFGEvntSLog.WinUI/Strings/Resources,CFGEvntSLog.WinUI Resources,nUseUTCInFileName,Kasutage failinimes UTC-d,NG .resw source; locale=et-EE; revision=7d81679f19f5fdaf5c8becaed58204869d1ac857
CFGEvntSLog.WinUI/Strings/Resources,CFGEvntSLog.WinUI Resources,nUseUTCTimeStamp,Kasutage kuupäeva päises UTC aega,NG .resw source; locale=et-EE; revision=7d81679f19f5fdaf5c8becaed58204869d1ac857
CFGEvntSLog.WinUI/Strings/Resources,CFGEvntSLog.WinUI Resources,nUseWildcard,Kasutage failinimes metamärke,NG .resw source; locale=et-EE; revision=7d81679f19f5fdaf5c8becaed58204869d1ac857
CFGEvntSLog.WinUI/Strings/Resources,CFGEvntSLog.WinUI Resources,nUseXMLtoReport,Kasutage teatamiseks XML-i,NG .resw source; locale=et-EE; revision=7d81679f19f5fdaf5c8becaed58204869d1ac857
CFGEvntSLog.WinUI/Strings/Resources,CFGEvntSLog.WinUI Resources,nVariableType_,Muutuja tüüp,NG .resw source; locale=et-EE; revision=7d81679f19f5fdaf5c8becaed58204869d1ac857
CFGEvntSLog.WinUI/Strings/Resources,CFGEvntSLog.WinUI Resources,nWorkerThreads,Tööliste lõimede arv,NG .resw source; locale=et-EE; revision=7d81679f19f5fdaf5c8becaed58204869d1ac857
CFGEvntSLog.WinUI/Strings/Resources,CFGEvntSLog.WinUI Resources,nWriteLastDBINdex,Kirjutage sagedaste ajavahemike järel LastDBIndex,NG .resw source; locale=et-EE; revision=7d81679f19f5fdaf5c8becaed58204869d1ac857
CFGEvntSLog.WinUI/Strings/Resources,CFGEvntSLog.WinUI Resources,nZlibComp,Kasutage andmete tihendamiseks zLib Compression,NG .resw source; locale=et-EE; revision=7d81679f19f5fdaf5c8becaed58204869d1ac857
CFGEvntSLog.WinUI/Strings/Resources,CFGEvntSLog.WinUI Resources,ninteractive,Interaktiivne SyslogViewer,NG .resw source; locale=et-EE; revision=7d81679f19f5fdaf5c8becaed58204869d1ac857
CFGEvntSLog.WinUI/Strings/Resources,CFGEvntSLog.WinUI Resources,nloganalyzer,Logianalüsaatori ja reporteri tööriist,NG .resw source; locale=et-EE; revision=7d81679f19f5fdaf5c8becaed58204869d1ac857
CFGEvntSLog.WinUI/Strings/Resources,CFGEvntSLog.WinUI Resources,nlogfilemgr,Logifailide haldamise tööriist,NG .resw source; locale=et-EE; revision=7d81679f19f5fdaf5c8becaed58204869d1ac857
CFGEvntSLog.WinUI/Strings/Resources,CFGEvntSLog.WinUI Resources,nlogsearch,Logiotsingu tööriist,NG .resw source; locale=et-EE; revision=7d81679f19f5fdaf5c8becaed58204869d1ac857
CFGEvntSLog.WinUI/Strings/Resources,CFGEvntSLog.WinUI Resources,permittedsenders,Saate syslogi sõnumeid ainult järgmistelt IP-aadressidelt.,NG .resw source; locale=et-EE; revision=7d81679f19f5fdaf5c8becaed58204869d1ac857
CFGEvntSLog.WinUI/Strings/Resources,CFGEvntSLog.WinUI Resources,processedfiles,Töödeldud faili atribuudid,NG .resw source; locale=et-EE; revision=7d81679f19f5fdaf5c8becaed58204869d1ac857
CFGEvntSLog.WinUI/Strings/Resources,CFGEvntSLog.WinUI Resources,propertylist,Kinnisvarade loend,NG .resw source; locale=et-EE; revision=7d81679f19f5fdaf5c8becaed58204869d1ac857
CFGEvntSLog.WinUI/Strings/Resources,CFGEvntSLog.WinUI Resources,snmpvars,SNMP Muutujad,NG .resw source; locale=et-EE; revision=7d81679f19f5fdaf5c8becaed58204869d1ac857
CFGEvntSLog.WinUI/Strings/Resources,CFGEvntSLog.WinUI Resources,syslogservers,Syslog serverid,NG .resw source; locale=et-EE; revision=7d81679f19f5fdaf5c8becaed58204869d1ac857
CFGEvntSLog.WinUI/Strings/Resources,CFGEvntSLog.WinUI Resources,szActionCacheOptions,Toimingu järjekorra valikud,NG .resw source; locale=et-EE; revision=7d81679f19f5fdaf5c8becaed58204869d1ac857
CFGEvntSLog.WinUI/Strings/Resources,CFGEvntSLog.WinUI Resources,szActionSpecific,Toimingupõhine,NG .resw source; locale=et-EE; revision=7d81679f19f5fdaf5c8becaed58204869d1ac857
CFGEvntSLog.WinUI/Strings/Resources,CFGEvntSLog.WinUI Resources,szAdvancedOptions,Aegumisvalikud,NG .resw source; locale=et-EE; revision=7d81679f19f5fdaf5c8becaed58204869d1ac857
CFGEvntSLog.WinUI/Strings/Resources,CFGEvntSLog.WinUI Resources,szAgent,SNMP Server,NG .resw source; locale=et-EE; revision=7d81679f19f5fdaf5c8becaed58204869d1ac857
CFGEvntSLog.WinUI/Strings/Resources,CFGEvntSLog.WinUI Resources,szAgentIP,Agendi IP-aadress,NG .resw source; locale=et-EE; revision=7d81679f19f5fdaf5c8becaed58204869d1ac857
CFGEvntSLog.WinUI/Strings/Resources,CFGEvntSLog.WinUI Resources,szAutoBackPath,Otsingutee,NG .resw source; locale=et-EE; revision=7d81679f19f5fdaf5c8becaed58204869d1ac857
CFGEvntSLog.WinUI/Strings/Resources,CFGEvntSLog.WinUI Resources,szAutoBackupRunCommand,Järeltöötluse käsk,NG .resw source; locale=et-EE; revision=7d81679f19f5fdaf5c8becaed58204869d1ac857
CFGEvntSLog.WinUI/Strings/Resources,CFGEvntSLog.WinUI Resources,szButtonVerifyLicense,Kinnitage litsents,NG .resw source; locale=et-EE; revision=7d81679f19f5fdaf5c8becaed58204869d1ac857
CFGEvntSLog.WinUI/Strings/Resources,CFGEvntSLog.WinUI Resources,szCacheEventInfo,"Toimivuse huvides soovitame kasutada kõiki saadaolevaid vahemällu salvestamise võimalusi. Kui te aga ei soovi sündmustelogist küsitud andmeid vahemällu salvestada, saate need siin keelata.",NG .resw source; locale=et-EE; revision=7d81679f19f5fdaf5c8becaed58204869d1ac857
CFGEvntSLog.WinUI/Strings/Resources,CFGEvntSLog.WinUI Resources,szCharMatch,Karakterite vaste,NG .resw source; locale=et-EE; revision=7d81679f19f5fdaf5c8becaed58204869d1ac857
CFGEvntSLog.WinUI/Strings/Resources,CFGEvntSLog.WinUI Resources,szCharacterProcessing,Tähemärkide töötlemisega seotud valikud,NG .resw source; locale=et-EE; revision=7d81679f19f5fdaf5c8becaed58204869d1ac857
CFGEvntSLog.WinUI/Strings/Resources,CFGEvntSLog.WinUI Resources,szCircularDisabled,Pidev logimine,NG .resw source; locale=et-EE; revision=7d81679f19f5fdaf5c8becaed58204869d1ac857
CFGEvntSLog.WinUI/Strings/Resources,CFGEvntSLog.WinUI Resources,szCircularEnabled,Ringikujuline metsaraie,NG .resw source; locale=et-EE; revision=7d81679f19f5fdaf5c8becaed58204869d1ac857
CFGEvntSLog.WinUI/Strings/Resources,CFGEvntSLog.WinUI Resources,szClearEventLog0,Ära kunagi tühjenda (vaikeseade),NG .resw source; locale=et-EE; revision=7d81679f19f5fdaf5c8becaed58204869d1ac857
CFGEvntSLog.WinUI/Strings/Resources,CFGEvntSLog.WinUI Resources,szClearEventLog1,Kustuta pärast küsitlustsükleid iga kord,NG .resw source; locale=et-EE; revision=7d81679f19f5fdaf5c8becaed58204869d1ac857
CFGEvntSLog.WinUI/Strings/Resources,CFGEvntSLog.WinUI Resources,szClearEventLog2,"Tühjendage üks kord päevas, alates seadistatud kellaajast",NG .resw source; locale=et-EE; revision=7d81679f19f5fdaf5c8becaed58204869d1ac857
CFGEvntSLog.WinUI/Strings/Resources,CFGEvntSLog.WinUI Resources,szCommand,Käsk täitmiseks,NG .resw source; locale=et-EE; revision=7d81679f19f5fdaf5c8becaed58204869d1ac857
CFGEvntSLog.WinUI/Strings/Resources,CFGEvntSLog.WinUI Resources,szCommunity,kogukond,NG .resw source; locale=et-EE; revision=7d81679f19f5fdaf5c8becaed58204869d1ac857
CFGEvntSLog.WinUI/Strings/Resources,CFGEvntSLog.WinUI Resources,szComputerName,Server Arvutinimi/IP,NG .resw source; locale=et-EE; revision=7d81679f19f5fdaf5c8becaed58204869d1ac857
CFGEvntSLog.WinUI/Strings/Resources,CFGEvntSLog.WinUI Resources,szConfigPostProcessPreview,Sõnum Teie reeglite eelvaade,NG .resw source; locale=et-EE; revision=7d81679f19f5fdaf5c8becaed58204869d1ac857
CFGEvntSLog.WinUI/Strings/Resources,CFGEvntSLog.WinUI Resources,szConfigRequestPreview,Päringu eelvaade,NG .resw source; locale=et-EE; revision=7d81679f19f5fdaf5c8becaed58204869d1ac857
CFGEvntSLog.WinUI/Strings/Resources,CFGEvntSLog.WinUI Resources,szConfigUrlPreview,URL-i eelvaade,NG .resw source; locale=et-EE; revision=7d81679f19f5fdaf5c8becaed58204869d1ac857
CFGEvntSLog.WinUI/Strings/Resources,CFGEvntSLog.WinUI Resources,szConnectionString,OLEDB-ühenduse konfigureerimine,NG .resw source; locale=et-EE; revision=7d81679f19f5fdaf5c8becaed58204869d1ac857
CFGEvntSLog.WinUI/Strings/Resources,CFGEvntSLog.WinUI Resources,szContentType,Content-Type,NG .resw source; locale=et-EE; revision=7d81679f19f5fdaf5c8becaed58204869d1ac857
CFGEvntSLog.WinUI/Strings/Resources,CFGEvntSLog.WinUI Resources,szCopyFormatIntoProperty,salvestada kinnistusse,NG .resw source; locale=et-EE; revision=7d81679f19f5fdaf5c8becaed58204869d1ac857
CFGEvntSLog.WinUI/Strings/Resources,CFGEvntSLog.WinUI Resources,szCopyFormatIntoPropertyGroup,Kopeerige vorming atribuuti,NG .resw source; locale=et-EE; revision=7d81679f19f5fdaf5c8becaed58204869d1ac857
CFGEvntSLog.WinUI/Strings/Resources,CFGEvntSLog.WinUI Resources,szCrashReporting,Krahhiste aruandlus,NG .resw source; locale=et-EE; revision=7d81679f19f5fdaf5c8becaed58204869d1ac857
CFGEvntSLog.WinUI/Strings/Resources,CFGEvntSLog.WinUI Resources,szCustomEventLog,Kohandatud sündmustelogi kanal,NG .resw source; locale=et-EE; revision=7d81679f19f5fdaf5c8becaed58204869d1ac857
CFGEvntSLog.WinUI/Strings/Resources,CFGEvntSLog.WinUI Resources,szCustomMessageFormat,Kohandatud sõnumivorming,NG .resw source; locale=et-EE; revision=7d81679f19f5fdaf5c8becaed58204869d1ac857
CFGEvntSLog.WinUI/Strings/Resources,CFGEvntSLog.WinUI Resources,szCustomSeparator,Kohandatud eraldaja,NG .resw source; locale=et-EE; revision=7d81679f19f5fdaf5c8becaed58204869d1ac857
CFGEvntSLog.WinUI/Strings/Resources,CFGEvntSLog.WinUI Resources,szCustomSource,Kohandatud sündmuste logi allikas,NG .resw source; locale=et-EE; revision=7d81679f19f5fdaf5c8becaed58204869d1ac857
CFGEvntSLog.WinUI/Strings/Resources,CFGEvntSLog.WinUI Resources,szCustomSyslogHeader,Kasutage kohandatud Syslog päist,NG .resw source; locale=et-EE; revision=7d81679f19f5fdaf5c8becaed58204869d1ac857
CFGEvntSLog.WinUI/Strings/Resources,CFGEvntSLog.WinUI Resources,szDBDSN,DSN,NG .resw source; locale=et-EE; revision=7d81679f19f5fdaf5c8becaed58204869d1ac857
CFGEvntSLog.WinUI/Strings/Resources,CFGEvntSLog.WinUI Resources,szDBPass,Parool,NG .resw source; locale=et-EE; revision=7d81679f19f5fdaf5c8becaed58204869d1ac857
CFGEvntSLog.WinUI/Strings/Resources,CFGEvntSLog.WinUI Resources,szDBSelect,Valige väljavõte,NG .resw source; locale=et-EE; revision=7d81679f19f5fdaf5c8becaed58204869d1ac857
CFGEvntSLog.WinUI/Strings/Resources,CFGEvntSLog.WinUI Resources,szDBTableName,Andmebaasi tabel,NG .resw source; locale=et-EE; revision=7d81679f19f5fdaf5c8becaed58204869d1ac857
CFGEvntSLog.WinUI/Strings/Resources,CFGEvntSLog.WinUI Resources,szDBUser,Kasutaja ID,NG .resw source; locale=et-EE; revision=7d81679f19f5fdaf5c8becaed58204869d1ac857
CFGEvntSLog.WinUI/Strings/Resources,CFGEvntSLog.WinUI Resources,szDTLSServer,DTLS serveri nimi,NG .resw source; locale=et-EE; revision=7d81679f19f5fdaf5c8becaed58204869d1ac857
CFGEvntSLog.WinUI/Strings/Resources,CFGEvntSLog.WinUI Resources,szDataCatalog,Andmekataloog,NG .resw source; locale=et-EE; revision=7d81679f19f5fdaf5c8becaed58204869d1ac857
CFGEvntSLog.WinUI/Strings/Resources,CFGEvntSLog.WinUI Resources,szDataSource,Andmeallikas,NG .resw source; locale=et-EE; revision=7d81679f19f5fdaf5c8becaed58204869d1ac857
CFGEvntSLog.WinUI/Strings/Resources,CFGEvntSLog.WinUI Resources,szDatabaseValues,Andmebaasi omadused,NG .resw source; locale=et-EE; revision=7d81679f19f5fdaf5c8becaed58204869d1ac857
CFGEvntSLog.WinUI/Strings/Resources,CFGEvntSLog.WinUI Resources,szDateTimeLT,Kuupäev Kellaaeg Kohalik aeg,NG .resw source; locale=et-EE; revision=7d81679f19f5fdaf5c8becaed58204869d1ac857
CFGEvntSLog.WinUI/Strings/Resources,CFGEvntSLog.WinUI Resources,szDateTimeUTC,Kuupäev ja kellaaeg UTC,NG .resw source; locale=et-EE; revision=7d81679f19f5fdaf5c8becaed58204869d1ac857
CFGEvntSLog.WinUI/Strings/Resources,CFGEvntSLog.WinUI Resources,szDebugFileName,Faili ja tee nimi,NG .resw source; locale=et-EE; revision=7d81679f19f5fdaf5c8becaed58204869d1ac857
CFGEvntSLog.WinUI/Strings/Resources,CFGEvntSLog.WinUI Resources,szDestinationPropertyName,"Sihtkoha atribuut, kuhu lahendatud nimi salvestatakse",NG .resw source; locale=et-EE; revision=7d81679f19f5fdaf5c8becaed58204869d1ac857
CFGEvntSLog.WinUI/Strings/Resources,CFGEvntSLog.WinUI Resources,szDetailProperties,Üksikasjad,NG .resw source; locale=et-EE; revision=7d81679f19f5fdaf5c8becaed58204869d1ac857
CFGEvntSLog.WinUI/Strings/Resources,CFGEvntSLog.WinUI Resources,szDisabled,Keelatud,NG .resw source; locale=et-EE; revision=7d81679f19f5fdaf5c8becaed58204869d1ac857
CFGEvntSLog.WinUI/Strings/Resources,CFGEvntSLog.WinUI Resources,szDtsControlDisable,DTR-juhtimise keelamine,NG .resw source; locale=et-EE; revision=7d81679f19f5fdaf5c8becaed58204869d1ac857
CFGEvntSLog.WinUI/Strings/Resources,CFGEvntSLog.WinUI Resources,szDtsControlEnable,DTR-juhtimise lubamine,NG .resw source; locale=et-EE; revision=7d81679f19f5fdaf5c8becaed58204869d1ac857
CFGEvntSLog.WinUI/Strings/Resources,CFGEvntSLog.WinUI Resources,szDtsControlHandshake,DTR-i juhtimise käepigistus,NG .resw source; locale=et-EE; revision=7d81679f19f5fdaf5c8becaed58204869d1ac857
CFGEvntSLog.WinUI/Strings/Resources,CFGEvntSLog.WinUI Resources,szEditionInformation,"Pange tähele, et kui aktiveerite lubatud saatjate loendi, on kõik võrguga seotud teenused piiratud sõnumite vastuvõtmisega ainult konfigureeritud seadmetelt.

Loendi konfiguratsioon ise ei ole piiratud.
Kuid kui teie litsents on piiratud näiteks 10 seadmega, töötavad ainult esimesed 10 konfigureeritud saatjat.",NG .resw source; locale=et-EE; revision=7d81679f19f5fdaf5c8becaed58204869d1ac857
CFGEvntSLog.WinUI/Strings/Resources,CFGEvntSLog.WinUI Resources,szEnableReportCrash,Kas soovite lubada krahhi aruandluse?,NG .resw source; locale=et-EE; revision=7d81679f19f5fdaf5c8becaed58204869d1ac857
CFGEvntSLog.WinUI/Strings/Resources,CFGEvntSLog.WinUI Resources,szEnterprise,Ettevõtte OID,NG .resw source; locale=et-EE; revision=7d81679f19f5fdaf5c8becaed58204869d1ac857
CFGEvntSLog.WinUI/Strings/Resources,CFGEvntSLog.WinUI Resources,szErrorLoadingConfiguration,Viga konfiguratsiooni laadimisel,NG .resw source; locale=et-EE; revision=7d81679f19f5fdaf5c8becaed58204869d1ac857
CFGEvntSLog.WinUI/Strings/Resources,CFGEvntSLog.WinUI Resources,szErrorLoadingConfigurationText,Konfiguratsiooni ei saanud laadida:,NG .resw source; locale=et-EE; revision=7d81679f19f5fdaf5c8becaed58204869d1ac857
CFGEvntSLog.WinUI/Strings/Resources,CFGEvntSLog.WinUI Resources,szErrorRegistryAccessFailed,Juurdepääs kohalikule konfiguratsiooniregistrile ebaõnnestus järgmise veaga:,NG .resw source; locale=et-EE; revision=7d81679f19f5fdaf5c8becaed58204869d1ac857
CFGEvntSLog.WinUI/Strings/Resources,CFGEvntSLog.WinUI Resources,szErrorRemoteRegistryFailed,Juurdepääs kaugkonfiguratsiooni registrile ebaõnnestus järgmise veaga:,NG .resw source; locale=et-EE; revision=7d81679f19f5fdaf5c8becaed58204869d1ac857
CFGEvntSLog.WinUI/Strings/Resources,CFGEvntSLog.WinUI Resources,szErrorRemoteRegistryFailed2,Klient laadib kohe kohaliku konfiguratsiooni uuesti.,NG .resw source; locale=et-EE; revision=7d81679f19f5fdaf5c8becaed58204869d1ac857
CFGEvntSLog.WinUI/Strings/Resources,CFGEvntSLog.WinUI Resources,szErrorSavingConfiguration,Viga konfiguratsiooni salvestamisel,NG .resw source; locale=et-EE; revision=7d81679f19f5fdaf5c8becaed58204869d1ac857
CFGEvntSLog.WinUI/Strings/Resources,CFGEvntSLog.WinUI Resources,szErrorSavingConfigurationText,Konfiguratsiooni ei saanud salvestada:,NG .resw source; locale=et-EE; revision=7d81679f19f5fdaf5c8becaed58204869d1ac857
CFGEvntSLog.WinUI/Strings/Resources,CFGEvntSLog.WinUI Resources,szErrorSavingData,Andmemuutujate salvestamine ebaõnnestus,NG .resw source; locale=et-EE; revision=7d81679f19f5fdaf5c8becaed58204869d1ac857
CFGEvntSLog.WinUI/Strings/Resources,CFGEvntSLog.WinUI Resources,szErrorSavingDataText,Andmemuutujate salvestamine ebaõnnestus järgmises kataloogis:,NG .resw source; locale=et-EE; revision=7d81679f19f5fdaf5c8becaed58204869d1ac857
CFGEvntSLog.WinUI/Strings/Resources,CFGEvntSLog.WinUI Resources,szEvenParity,Isegi Parity,NG .resw source; locale=et-EE; revision=7d81679f19f5fdaf5c8becaed58204869d1ac857
CFGEvntSLog.WinUI/Strings/Resources,CFGEvntSLog.WinUI Resources,szEventLogCor_clear,Kustuta kõik sündmused sündmustelogist,NG .resw source; locale=et-EE; revision=7d81679f19f5fdaf5c8becaed58204869d1ac857
CFGEvntSLog.WinUI/Strings/Resources,CFGEvntSLog.WinUI Resources,szEventLogCor_ignore,Ignoreeri rikutud sündmustelogi kirjet,NG .resw source; locale=et-EE; revision=7d81679f19f5fdaf5c8becaed58204869d1ac857
CFGEvntSLog.WinUI/Strings/Resources,CFGEvntSLog.WinUI Resources,szEventLogCor_retry,Proovige töötlemist algusest uuesti,NG .resw source; locale=et-EE; revision=7d81679f19f5fdaf5c8becaed58204869d1ac857
CFGEvntSLog.WinUI/Strings/Resources,CFGEvntSLog.WinUI Resources,szEventLogV2WarningOnWinXp,"Hoiatus, see Windowsi versioon ei toeta selle teenuse jaoks vajalikku uut Windows Eventlog API-t. Saate seda teenust konfigureerida, kui kavatsete seda konfiguratsiooni hiljem kasutada kõrgema OS-tasemega masinas.",NG .resw source; locale=et-EE; revision=7d81679f19f5fdaf5c8becaed58204869d1ac857
CFGEvntSLog.WinUI/Strings/Resources,CFGEvntSLog.WinUI Resources,szEventPollingOptions,Sündmuste küsitlemisega seotud valikud,NG .resw source; locale=et-EE; revision=7d81679f19f5fdaf5c8becaed58204869d1ac857
CFGEvntSLog.WinUI/Strings/Resources,CFGEvntSLog.WinUI Resources,szEventTypesManage,Hallake sündmuste kanaleid,NG .resw source; locale=et-EE; revision=7d81679f19f5fdaf5c8becaed58204869d1ac857
CFGEvntSLog.WinUI/Strings/Resources,CFGEvntSLog.WinUI Resources,szEventTypesToLog,Logitavad sündmuste logitüübid,NG .resw source; locale=et-EE; revision=7d81679f19f5fdaf5c8becaed58204869d1ac857
CFGEvntSLog.WinUI/Strings/Resources,CFGEvntSLog.WinUI Resources,szEvtClrSaveFile,Varukoopia failinimi,NG .resw source; locale=et-EE; revision=7d81679f19f5fdaf5c8becaed58204869d1ac857
CFGEvntSLog.WinUI/Strings/Resources,CFGEvntSLog.WinUI Resources,szFTPServer,FTP server,NG .resw source; locale=et-EE; revision=7d81679f19f5fdaf5c8becaed58204869d1ac857
CFGEvntSLog.WinUI/Strings/Resources,CFGEvntSLog.WinUI Resources,szFieldContent_,Väljasisu,NG .resw source; locale=et-EE; revision=7d81679f19f5fdaf5c8becaed58204869d1ac857
CFGEvntSLog.WinUI/Strings/Resources,CFGEvntSLog.WinUI Resources,szFieldName_,Väljanimi,NG .resw source; locale=et-EE; revision=7d81679f19f5fdaf5c8becaed58204869d1ac857
CFGEvntSLog.WinUI/Strings/Resources,CFGEvntSLog.WinUI Resources,szFileBaseName,Faili baasnimi,NG .resw source; locale=et-EE; revision=7d81679f19f5fdaf5c8becaed58204869d1ac857
CFGEvntSLog.WinUI/Strings/Resources,CFGEvntSLog.WinUI Resources,szFileExtension,Faililaiend,NG .resw source; locale=et-EE; revision=7d81679f19f5fdaf5c8becaed58204869d1ac857
CFGEvntSLog.WinUI/Strings/Resources,CFGEvntSLog.WinUI Resources,szFileFormatAdiscon,Adiscon,NG .resw source; locale=et-EE; revision=7d81679f19f5fdaf5c8becaed58204869d1ac857
CFGEvntSLog.WinUI/Strings/Resources,CFGEvntSLog.WinUI Resources,szFileFormatCustom,Kohandatud vorming,NG .resw source; locale=et-EE; revision=7d81679f19f5fdaf5c8becaed58204869d1ac857
CFGEvntSLog.WinUI/Strings/Resources,CFGEvntSLog.WinUI Resources,szFileFormatRaw,Toores Syslog sõnum,NG .resw source; locale=et-EE; revision=7d81679f19f5fdaf5c8becaed58204869d1ac857
CFGEvntSLog.WinUI/Strings/Resources,CFGEvntSLog.WinUI Resources,szFileFormatWebtrends,Webtrends syslog ühilduv,NG .resw source; locale=et-EE; revision=7d81679f19f5fdaf5c8becaed58204869d1ac857
CFGEvntSLog.WinUI/Strings/Resources,CFGEvntSLog.WinUI Resources,szFileHandlingOptions,Failide käsitlemise valikud,NG .resw source; locale=et-EE; revision=7d81679f19f5fdaf5c8becaed58204869d1ac857
CFGEvntSLog.WinUI/Strings/Resources,CFGEvntSLog.WinUI Resources,szFileNameOptions,Failinimega seotud valikud,NG .resw source; locale=et-EE; revision=7d81679f19f5fdaf5c8becaed58204869d1ac857
CFGEvntSLog.WinUI/Strings/Resources,CFGEvntSLog.WinUI Resources,szFilePath,Faili tee nimi,NG .resw source; locale=et-EE; revision=7d81679f19f5fdaf5c8becaed58204869d1ac857
CFGEvntSLog.WinUI/Strings/Resources,CFGEvntSLog.WinUI Resources,szFilename,Helifaili failinimi,NG .resw source; locale=et-EE; revision=7d81679f19f5fdaf5c8becaed58204869d1ac857
CFGEvntSLog.WinUI/Strings/Resources,CFGEvntSLog.WinUI Resources,szFilenamePreview,Failinime eelvaade,NG .resw source; locale=et-EE; revision=7d81679f19f5fdaf5c8becaed58204869d1ac857
CFGEvntSLog.WinUI/Strings/Resources,CFGEvntSLog.WinUI Resources,szFilenamePreviewLegendBase,Põhinimi,NG .resw source; locale=et-EE; revision=7d81679f19f5fdaf5c8becaed58204869d1ac857
CFGEvntSLog.WinUI/Strings/Resources,CFGEvntSLog.WinUI Resources,szFilenamePreviewLegendDate,Allikas / kuupäev (dünaamiline),NG .resw source; locale=et-EE; revision=7d81679f19f5fdaf5c8becaed58204869d1ac857
CFGEvntSLog.WinUI/Strings/Resources,CFGEvntSLog.WinUI Resources,szFilenamePreviewLegendExt,Laiendus,NG .resw source; locale=et-EE; revision=7d81679f19f5fdaf5c8becaed58204869d1ac857
CFGEvntSLog.WinUI/Strings/Resources,CFGEvntSLog.WinUI Resources,szFilenamePreviewLegendPath,Faili tee,NG .resw source; locale=et-EE; revision=7d81679f19f5fdaf5c8becaed58204869d1ac857
CFGEvntSLog.WinUI/Strings/Resources,CFGEvntSLog.WinUI Resources,szFilenamePreviewLegendSegment,Segment # (dünaamiline),NG .resw source; locale=et-EE; revision=7d81679f19f5fdaf5c8becaed58204869d1ac857
CFGEvntSLog.WinUI/Strings/Resources,CFGEvntSLog.WinUI Resources,szFilenamePreviewLegendTime,Aeg (dünaamiline): TT-MM-SS,NG .resw source; locale=et-EE; revision=7d81679f19f5fdaf5c8becaed58204869d1ac857
CFGEvntSLog.WinUI/Strings/Resources,CFGEvntSLog.WinUI Resources,szGeneralOptions,Üldised failivalikud,NG .resw source; locale=et-EE; revision=7d81679f19f5fdaf5c8becaed58204869d1ac857
CFGEvntSLog.WinUI/Strings/Resources,CFGEvntSLog.WinUI Resources,szGeneralValues,Üldväärtused,NG .resw source; locale=et-EE; revision=7d81679f19f5fdaf5c8becaed58204869d1ac857
CFGEvntSLog.WinUI/Strings/Resources,CFGEvntSLog.WinUI Resources,szGenericName0,0 - külmkäivitus,NG .resw source; locale=et-EE; revision=7d81679f19f5fdaf5c8becaed58204869d1ac857
CFGEvntSLog.WinUI/Strings/Resources,CFGEvntSLog.WinUI Resources,szGenericName1,1 – soe start,NG .resw source; locale=et-EE; revision=7d81679f19f5fdaf5c8becaed58204869d1ac857
CFGEvntSLog.WinUI/Strings/Resources,CFGEvntSLog.WinUI Resources,szGenericName2,2 – Ühendage alla,NG .resw source; locale=et-EE; revision=7d81679f19f5fdaf5c8becaed58204869d1ac857
CFGEvntSLog.WinUI/Strings/Resources,CFGEvntSLog.WinUI Resources,szGenericName3,3 – Ühendage,NG .resw source; locale=et-EE; revision=7d81679f19f5fdaf5c8becaed58204869d1ac857
CFGEvntSLog.WinUI/Strings/Resources,CFGEvntSLog.WinUI Resources,szGenericName4,4 – Autentimise tõrge,NG .resw source; locale=et-EE; revision=7d81679f19f5fdaf5c8becaed58204869d1ac857
CFGEvntSLog.WinUI/Strings/Resources,CFGEvntSLog.WinUI Resources,szGenericName5,5 – EGP naabri kaotus,NG .resw source; locale=et-EE; revision=7d81679f19f5fdaf5c8becaed58204869d1ac857
CFGEvntSLog.WinUI/Strings/Resources,CFGEvntSLog.WinUI Resources,szGenericName6,6 – Ettevõttespetsiifiline,NG .resw source; locale=et-EE; revision=7d81679f19f5fdaf5c8becaed58204869d1ac857
CFGEvntSLog.WinUI/Strings/Resources,CFGEvntSLog.WinUI Resources,szHTTPServer,HTTP server,NG .resw source; locale=et-EE; revision=7d81679f19f5fdaf5c8becaed58204869d1ac857
CFGEvntSLog.WinUI/Strings/Resources,CFGEvntSLog.WinUI Resources,szHost,Host,NG .resw source; locale=et-EE; revision=7d81679f19f5fdaf5c8becaed58204869d1ac857
CFGEvntSLog.WinUI/Strings/Resources,CFGEvntSLog.WinUI Resources,szIMAPServer,IMAP-server,NG .resw source; locale=et-EE; revision=7d81679f19f5fdaf5c8becaed58204869d1ac857
CFGEvntSLog.WinUI/Strings/Resources,CFGEvntSLog.WinUI Resources,szIPAddress,IP-aadress või hostinimi,NG .resw source; locale=et-EE; revision=7d81679f19f5fdaf5c8becaed58204869d1ac857
CFGEvntSLog.WinUI/Strings/Resources,CFGEvntSLog.WinUI Resources,szIP_,IP-aadress,NG .resw source; locale=et-EE; revision=7d81679f19f5fdaf5c8becaed58204869d1ac857
CFGEvntSLog.WinUI/Strings/Resources,CFGEvntSLog.WinUI Resources,szIPv4,IP V4 aadress,NG .resw source; locale=et-EE; revision=7d81679f19f5fdaf5c8becaed58204869d1ac857
CFGEvntSLog.WinUI/Strings/Resources,CFGEvntSLog.WinUI Resources,szIgnoreTlsCertWarning,Lülitab TLS sertifikaadi valideerimise välja. Kasutage ainult labori- või testkeskkonnas.,NG .resw source; locale=et-EE; revision=7d81679f19f5fdaf5c8becaed58204869d1ac857
CFGEvntSLog.WinUI/Strings/Resources,CFGEvntSLog.WinUI Resources,szIncludeMsgSepInMessageDisabled,Ärge lisage sõnumisse sõnumi eraldajat,NG .resw source; locale=et-EE; revision=7d81679f19f5fdaf5c8becaed58204869d1ac857
CFGEvntSLog.WinUI/Strings/Resources,CFGEvntSLog.WinUI Resources,szIncludeMsgSepInMessageLastMsgSepPrepend,Lisage sõnumile eelmine leitud eraldaja,NG .resw source; locale=et-EE; revision=7d81679f19f5fdaf5c8becaed58204869d1ac857
CFGEvntSLog.WinUI/Strings/Resources,CFGEvntSLog.WinUI Resources,szIncludeMsgSepInMessageMsgSepAppend,Lisage sõnumile leitud eraldaja,NG .resw source; locale=et-EE; revision=7d81679f19f5fdaf5c8becaed58204869d1ac857
CFGEvntSLog.WinUI/Strings/Resources,CFGEvntSLog.WinUI Resources,szIncludeMsgSepInMessageMsgSepPrepend,Lisage sõnumile leitud eraldaja,NG .resw source; locale=et-EE; revision=7d81679f19f5fdaf5c8becaed58204869d1ac857
CFGEvntSLog.WinUI/Strings/Resources,CFGEvntSLog.WinUI Resources,szInsertStatement,LISA,NG .resw source; locale=et-EE; revision=7d81679f19f5fdaf5c8becaed58204869d1ac857
CFGEvntSLog.WinUI/Strings/Resources,CFGEvntSLog.WinUI Resources,szInt,int,NG .resw source; locale=et-EE; revision=7d81679f19f5fdaf5c8becaed58204869d1ac857
CFGEvntSLog.WinUI/Strings/Resources,CFGEvntSLog.WinUI Resources,szInteger,Täisarv,NG .resw source; locale=et-EE; revision=7d81679f19f5fdaf5c8becaed58204869d1ac857
CFGEvntSLog.WinUI/Strings/Resources,CFGEvntSLog.WinUI Resources,szIsoTimestamp,ISO-laadne ajatempel,NG .resw source; locale=et-EE; revision=7d81679f19f5fdaf5c8becaed58204869d1ac857
CFGEvntSLog.WinUI/Strings/Resources,CFGEvntSLog.WinUI Resources,szIutFormat,Edasta MWAgenti XML-i esituskoodina,NG .resw source; locale=et-EE; revision=7d81679f19f5fdaf5c8becaed58204869d1ac857
CFGEvntSLog.WinUI/Strings/Resources,CFGEvntSLog.WinUI Resources,szJsonFormat,Kasutage CEE täiustatud Syslog vormingut,NG .resw source; locale=et-EE; revision=7d81679f19f5fdaf5c8becaed58204869d1ac857
CFGEvntSLog.WinUI/Strings/Resources,CFGEvntSLog.WinUI Resources,szLastDBIndex,Viimati töödeldud DB indeksi number,NG .resw source; locale=et-EE; revision=7d81679f19f5fdaf5c8becaed58204869d1ac857
CFGEvntSLog.WinUI/Strings/Resources,CFGEvntSLog.WinUI Resources,szLicense,Litsentsi teave,NG .resw source; locale=et-EE; revision=7d81679f19f5fdaf5c8becaed58204869d1ac857
CFGEvntSLog.WinUI/Strings/Resources,CFGEvntSLog.WinUI Resources,szLicenseFileIntro,Paigutage oma litsentsifail (.alic) asukohta %DEFAULTLICENSEV2PATH% või sirvige/pukseerige fail allpool. Jätke tee tühjaks vaikeasukoha kasutamiseks.,NG .resw source; locale=et-EE; revision=7d81679f19f5fdaf5c8becaed58204869d1ac857
CFGEvntSLog.WinUI/Strings/Resources,CFGEvntSLog.WinUI Resources,szLicenseV2,Litsentsifail,NG .resw source; locale=et-EE; revision=7d81679f19f5fdaf5c8becaed58204869d1ac857
CFGEvntSLog.WinUI/Strings/Resources,CFGEvntSLog.WinUI Resources,szLicenseV2DefaultPath,"Vaikimisi käivitusteekond: %DEFAULTLICENSEV2PATH%. Jätke väli tühjaks, et kasutada seda asukohta.",NG .resw source; locale=et-EE; revision=7d81679f19f5fdaf5c8becaed58204869d1ac857
CFGEvntSLog.WinUI/Strings/Resources,CFGEvntSLog.WinUI Resources,szLicenseV2Expired,Litsentsifail on aegunud.,NG .resw source; locale=et-EE; revision=7d81679f19f5fdaf5c8becaed58204869d1ac857
CFGEvntSLog.WinUI/Strings/Resources,CFGEvntSLog.WinUI Resources,szLicenseV2NotYetValid,See litsentsifail pole veel aktiivne. See muutub kehtivaks %VALIDFROMLOCAL% (UTC: %VALIDFROMUTC%). Proovige pärast seda aega uuesti.,NG .resw source; locale=et-EE; revision=7d81679f19f5fdaf5c8becaed58204869d1ac857
CFGEvntSLog.WinUI/Strings/Resources,CFGEvntSLog.WinUI Resources,szLicenseV2NotYetValidGeneric,Litsentsifail pole veel kehtiv.,NG .resw source; locale=et-EE; revision=7d81679f19f5fdaf5c8becaed58204869d1ac857
CFGEvntSLog.WinUI/Strings/Resources,CFGEvntSLog.WinUI Resources,szLicenseV2NotYetValidIssued,Litsents väljastati %ISSUEDATLOCAL%.,NG .resw source; locale=et-EE; revision=7d81679f19f5fdaf5c8becaed58204869d1ac857
CFGEvntSLog.WinUI/Strings/Resources,CFGEvntSLog.WinUI Resources,szLicenseV2Path,License file path,NG .resw source; locale=et-EE; revision=7d81679f19f5fdaf5c8becaed58204869d1ac857
CFGEvntSLog.WinUI/Strings/Resources,CFGEvntSLog.WinUI Resources,szLineFormat,Kohandatud reavorming,NG .resw source; locale=et-EE; revision=7d81679f19f5fdaf5c8becaed58204869d1ac857
CFGEvntSLog.WinUI/Strings/Resources,CFGEvntSLog.WinUI Resources,szLoadedRuleSet,Laaditud reeglistik:,NG .resw source; locale=et-EE; revision=7d81679f19f5fdaf5c8becaed58204869d1ac857
CFGEvntSLog.WinUI/Strings/Resources,CFGEvntSLog.WinUI Resources,szLoadedService,Laaditud teenus:,NG .resw source; locale=et-EE; revision=7d81679f19f5fdaf5c8becaed58204869d1ac857
CFGEvntSLog.WinUI/Strings/Resources,CFGEvntSLog.WinUI Resources,szLocation,Asukoht,NG .resw source; locale=et-EE; revision=7d81679f19f5fdaf5c8becaed58204869d1ac857
CFGEvntSLog.WinUI/Strings/Resources,CFGEvntSLog.WinUI Resources,szLogFileName,Faili ja tee nimi,NG .resw source; locale=et-EE; revision=7d81679f19f5fdaf5c8becaed58204869d1ac857
CFGEvntSLog.WinUI/Strings/Resources,CFGEvntSLog.WinUI Resources,szLogFileTypeStandard,Standardne,NG .resw source; locale=et-EE; revision=7d81679f19f5fdaf5c8becaed58204869d1ac857
CFGEvntSLog.WinUI/Strings/Resources,CFGEvntSLog.WinUI Resources,szLogFileTypeW3C,W3C veebiserveri logifail,NG .resw source; locale=et-EE; revision=7d81679f19f5fdaf5c8becaed58204869d1ac857
CFGEvntSLog.WinUI/Strings/Resources,CFGEvntSLog.WinUI Resources,szLogMoveAfterRotatePath,Sihtkataloog,NG .resw source; locale=et-EE; revision=7d81679f19f5fdaf5c8becaed58204869d1ac857
CFGEvntSLog.WinUI/Strings/Resources,CFGEvntSLog.WinUI Resources,szLogPostProcessing,Järeltöötlus,NG .resw source; locale=et-EE; revision=7d81679f19f5fdaf5c8becaed58204869d1ac857
CFGEvntSLog.WinUI/Strings/Resources,CFGEvntSLog.WinUI Resources,szLogRotateDisableUniqueFilenameMessage,"Logi pööramine haldab pööramisel automaatselt failinimesid.

Näide logi pööramisega:
  application.log → praegune fail
  application.log.1 → eelmine fail (pööratud)
  application.log.2 → vanem fail (pööratud)

„Loo kordumatuid failinimesid” lisab ajatemplid (nt app_2024-01-15.log), et vältida ülekirjutamist. Logi pööramine tegeleb sellega juba numbriliste järelliidete lisamisega. Mõlema lubamine on üleliigne.

Kas soovite ""Loo kordumatuid failinimesid"" keelata?",NG .resw source; locale=et-EE; revision=7d81679f19f5fdaf5c8becaed58204869d1ac857
CFGEvntSLog.WinUI/Strings/Resources,CFGEvntSLog.WinUI Resources,szLogRotateDisableUniqueFilenameTitle,Logi pööramine,NG .resw source; locale=et-EE; revision=7d81679f19f5fdaf5c8becaed58204869d1ac857
CFGEvntSLog.WinUI/Strings/Resources,CFGEvntSLog.WinUI Resources,szLogRotateTimeoutUnitDays,Päevad,NG .resw source; locale=et-EE; revision=7d81679f19f5fdaf5c8becaed58204869d1ac857
CFGEvntSLog.WinUI/Strings/Resources,CFGEvntSLog.WinUI Resources,szLogRotateTimeoutUnitHours,Tunnid,NG .resw source; locale=et-EE; revision=7d81679f19f5fdaf5c8becaed58204869d1ac857
CFGEvntSLog.WinUI/Strings/Resources,CFGEvntSLog.WinUI Resources,szLogRotateTimeoutUnitMinutes,Minutid,NG .resw source; locale=et-EE; revision=7d81679f19f5fdaf5c8becaed58204869d1ac857
CFGEvntSLog.WinUI/Strings/Resources,CFGEvntSLog.WinUI Resources,szLogRotateTimeoutUnitMonths,Kuud,NG .resw source; locale=et-EE; revision=7d81679f19f5fdaf5c8becaed58204869d1ac857
CFGEvntSLog.WinUI/Strings/Resources,CFGEvntSLog.WinUI Resources,szLogRotateTimeoutUnitSeconds,Sekundid,NG .resw source; locale=et-EE; revision=7d81679f19f5fdaf5c8becaed58204869d1ac857
CFGEvntSLog.WinUI/Strings/Resources,CFGEvntSLog.WinUI Resources,szLogRotateTimeoutUnitWeeks,Nädalad,NG .resw source; locale=et-EE; revision=7d81679f19f5fdaf5c8becaed58204869d1ac857
CFGEvntSLog.WinUI/Strings/Resources,CFGEvntSLog.WinUI Resources,szLogRotateTimeoutWarningCancelled,"Pööramise intervalli ei rakendatud. Valige Jah, et hoida alla viie minuti pikkust intervalli, või pikendage intervalli enne muudatuste kinnitamist.",NG .resw source; locale=et-EE; revision=7d81679f19f5fdaf5c8becaed58204869d1ac857
CFGEvntSLog.WinUI/Strings/Resources,CFGEvntSLog.WinUI Resources,szLogRotateTimeoutWarningNo,Ei,NG .resw source; locale=et-EE; revision=7d81679f19f5fdaf5c8becaed58204869d1ac857
CFGEvntSLog.WinUI/Strings/Resources,CFGEvntSLog.WinUI Resources,szLogRotateTimeoutWarningText,Logifailide pööramine sagedamini kui iga viie minuti järel võib luua palju faile ja mõjutada logimise jõudlust. Kas soovite seda intervalli säilitada?,NG .resw source; locale=et-EE; revision=7d81679f19f5fdaf5c8becaed58204869d1ac857
CFGEvntSLog.WinUI/Strings/Resources,CFGEvntSLog.WinUI Resources,szLogRotateTimeoutWarningTitle,Lühike logi pööramisintervall,NG .resw source; locale=et-EE; revision=7d81679f19f5fdaf5c8becaed58204869d1ac857
CFGEvntSLog.WinUI/Strings/Resources,CFGEvntSLog.WinUI Resources,szLogRotateTimeoutWarningUnavailable,Intervalli hoiatust ei saanud kuvada. Pikendage intervall vähemalt viie minutini või proovige uuesti.,NG .resw source; locale=et-EE; revision=7d81679f19f5fdaf5c8becaed58204869d1ac857
CFGEvntSLog.WinUI/Strings/Resources,CFGEvntSLog.WinUI Resources,szLogRotateTimeoutWarningYes,Jah,NG .resw source; locale=et-EE; revision=7d81679f19f5fdaf5c8becaed58204869d1ac857
CFGEvntSLog.WinUI/Strings/Resources,CFGEvntSLog.WinUI Resources,szLogType,Sündmuste logi tüüp,NG .resw source; locale=et-EE; revision=7d81679f19f5fdaf5c8becaed58204869d1ac857
CFGEvntSLog.WinUI/Strings/Resources,CFGEvntSLog.WinUI Resources,szLogZipGzip,GZIP (.gz) tihendamine,NG .resw source; locale=et-EE; revision=7d81679f19f5fdaf5c8becaed58204869d1ac857
CFGEvntSLog.WinUI/Strings/Resources,CFGEvntSLog.WinUI Resources,szLogZipZip,ZIP (.zip) tihendamine,NG .resw source; locale=et-EE; revision=7d81679f19f5fdaf5c8becaed58204869d1ac857
CFGEvntSLog.WinUI/Strings/Resources,CFGEvntSLog.WinUI Resources,szMIBSPath,Teie SNMP Mibsi asukoht,NG .resw source; locale=et-EE; revision=7d81679f19f5fdaf5c8becaed58204869d1ac857
CFGEvntSLog.WinUI/Strings/Resources,CFGEvntSLog.WinUI Resources,szMailServer,SMTP Server,NG .resw source; locale=et-EE; revision=7d81679f19f5fdaf5c8becaed58204869d1ac857
CFGEvntSLog.WinUI/Strings/Resources,CFGEvntSLog.WinUI Resources,szMarkParity,Mark Parity,NG .resw source; locale=et-EE; revision=7d81679f19f5fdaf5c8becaed58204869d1ac857
CFGEvntSLog.WinUI/Strings/Resources,CFGEvntSLog.WinUI Resources,szMessage,Parameetri normaliseerimine,NG .resw source; locale=et-EE; revision=7d81679f19f5fdaf5c8becaed58204869d1ac857
CFGEvntSLog.WinUI/Strings/Resources,CFGEvntSLog.WinUI Resources,szMessageBegin,Saatke see käivitamisel,NG .resw source; locale=et-EE; revision=7d81679f19f5fdaf5c8becaed58204869d1ac857
CFGEvntSLog.WinUI/Strings/Resources,CFGEvntSLog.WinUI Resources,szMessageEnd,Kuidas sõnum lõpeb,NG .resw source; locale=et-EE; revision=7d81679f19f5fdaf5c8becaed58204869d1ac857
CFGEvntSLog.WinUI/Strings/Resources,CFGEvntSLog.WinUI Resources,szMessageExpected,Eeldatav sõnum:,NG .resw source; locale=et-EE; revision=7d81679f19f5fdaf5c8becaed58204869d1ac857
CFGEvntSLog.WinUI/Strings/Resources,CFGEvntSLog.WinUI Resources,szMessageFormat,Sõnumi vorming,NG .resw source; locale=et-EE; revision=7d81679f19f5fdaf5c8becaed58204869d1ac857
CFGEvntSLog.WinUI/Strings/Resources,CFGEvntSLog.WinUI Resources,szMessageMode,Sõnumiväli (%msg%),NG .resw source; locale=et-EE; revision=7d81679f19f5fdaf5c8becaed58204869d1ac857
CFGEvntSLog.WinUI/Strings/Resources,CFGEvntSLog.WinUI Resources,szMessageProcessing,Sõnumite töötlemisega seotud valikud,NG .resw source; locale=et-EE; revision=7d81679f19f5fdaf5c8becaed58204869d1ac857
CFGEvntSLog.WinUI/Strings/Resources,CFGEvntSLog.WinUI Resources,szMessageToSend,Saatmiseks sõnum:,NG .resw source; locale=et-EE; revision=7d81679f19f5fdaf5c8becaed58204869d1ac857
CFGEvntSLog.WinUI/Strings/Resources,CFGEvntSLog.WinUI Resources,szMessagecontent,Sõnum logimiseks,NG .resw source; locale=et-EE; revision=7d81679f19f5fdaf5c8becaed58204869d1ac857
CFGEvntSLog.WinUI/Strings/Resources,CFGEvntSLog.WinUI Resources,szMoreInfoCrash,"Kui see on lubatud, laaditakse crashdumps automaatselt üles aadressile http://crashdump.adiscon.com.
Need kokkupõrked ei sisalda isikuandmeid.
Saadakse ainult probleemiga seotud andmed.",NG .resw source; locale=et-EE; revision=7d81679f19f5fdaf5c8becaed58204869d1ac857
CFGEvntSLog.WinUI/Strings/Resources,CFGEvntSLog.WinUI Resources,szMoreInformation,Lisateavet leiate meie kodulehelt,NG .resw source; locale=et-EE; revision=7d81679f19f5fdaf5c8becaed58204869d1ac857
CFGEvntSLog.WinUI/Strings/Resources,CFGEvntSLog.WinUI Resources,szMsgSep_,Sõnumite eraldamise järjekord,NG .resw source; locale=et-EE; revision=7d81679f19f5fdaf5c8becaed58204869d1ac857
CFGEvntSLog.WinUI/Strings/Resources,CFGEvntSLog.WinUI Resources,szMultiCastAddress,Multisaate aadress,NG .resw source; locale=et-EE; revision=7d81679f19f5fdaf5c8becaed58204869d1ac857
CFGEvntSLog.WinUI/Strings/Resources,CFGEvntSLog.WinUI Resources,szMyIPAddress,IP-kuulaja aadress,NG .resw source; locale=et-EE; revision=7d81679f19f5fdaf5c8becaed58204869d1ac857
CFGEvntSLog.WinUI/Strings/Resources,CFGEvntSLog.WinUI Resources,szNNTPServer,NNTP server,NG .resw source; locale=et-EE; revision=7d81679f19f5fdaf5c8becaed58204869d1ac857
CFGEvntSLog.WinUI/Strings/Resources,CFGEvntSLog.WinUI Resources,szNetworkOptions,Võrgupõhine,NG .resw source; locale=et-EE; revision=7d81679f19f5fdaf5c8becaed58204869d1ac857
CFGEvntSLog.WinUI/Strings/Resources,CFGEvntSLog.WinUI Resources,szNoParity,Pariteeti pole,NG .resw source; locale=et-EE; revision=7d81679f19f5fdaf5c8becaed58204869d1ac857
CFGEvntSLog.WinUI/Strings/Resources,CFGEvntSLog.WinUI Resources,szODBCDsn,DSN,NG .resw source; locale=et-EE; revision=7d81679f19f5fdaf5c8becaed58204869d1ac857
CFGEvntSLog.WinUI/Strings/Resources,CFGEvntSLog.WinUI Resources,szODBCPwd,Parool,NG .resw source; locale=et-EE; revision=7d81679f19f5fdaf5c8becaed58204869d1ac857
CFGEvntSLog.WinUI/Strings/Resources,CFGEvntSLog.WinUI Resources,szODBCUid,Kasutaja ID,NG .resw source; locale=et-EE; revision=7d81679f19f5fdaf5c8becaed58204869d1ac857
CFGEvntSLog.WinUI/Strings/Resources,CFGEvntSLog.WinUI Resources,szOddParity,Odd Parity,NG .resw source; locale=et-EE; revision=7d81679f19f5fdaf5c8becaed58204869d1ac857
CFGEvntSLog.WinUI/Strings/Resources,CFGEvntSLog.WinUI Resources,szOne5StopBits,"1,5 Stop bit",NG .resw source; locale=et-EE; revision=7d81679f19f5fdaf5c8becaed58204869d1ac857
CFGEvntSLog.WinUI/Strings/Resources,CFGEvntSLog.WinUI Resources,szOneStopBit,1 Stop bit,NG .resw source; locale=et-EE; revision=7d81679f19f5fdaf5c8becaed58204869d1ac857
CFGEvntSLog.WinUI/Strings/Resources,CFGEvntSLog.WinUI Resources,szOpenSearchOptions,OpenSearchi valikud,NG .resw source; locale=et-EE; revision=7d81679f19f5fdaf5c8becaed58204869d1ac857
CFGEvntSLog.WinUI/Strings/Resources,CFGEvntSLog.WinUI Resources,szOperationType,Operatsiooni tüüp,NG .resw source; locale=et-EE; revision=7d81679f19f5fdaf5c8becaed58204869d1ac857
CFGEvntSLog.WinUI/Strings/Resources,CFGEvntSLog.WinUI Resources,szOptions,Valikud,NG .resw source; locale=et-EE; revision=7d81679f19f5fdaf5c8becaed58204869d1ac857
CFGEvntSLog.WinUI/Strings/Resources,CFGEvntSLog.WinUI Resources,szOtherOptions,Muud mootori valikud,NG .resw source; locale=et-EE; revision=7d81679f19f5fdaf5c8becaed58204869d1ac857
CFGEvntSLog.WinUI/Strings/Resources,CFGEvntSLog.WinUI Resources,szOutputFormat_CSV,CSV-vorming,NG .resw source; locale=et-EE; revision=7d81679f19f5fdaf5c8becaed58204869d1ac857
CFGEvntSLog.WinUI/Strings/Resources,CFGEvntSLog.WinUI Resources,szOutputFormat_Disabled,Keelatud,NG .resw source; locale=et-EE; revision=7d81679f19f5fdaf5c8becaed58204869d1ac857
CFGEvntSLog.WinUI/Strings/Resources,CFGEvntSLog.WinUI Resources,szOutputFormat_JSON,JSON-vorming,NG .resw source; locale=et-EE; revision=7d81679f19f5fdaf5c8becaed58204869d1ac857
CFGEvntSLog.WinUI/Strings/Resources,CFGEvntSLog.WinUI Resources,szOutputFormat_XML,XML-vorming,NG .resw source; locale=et-EE; revision=7d81679f19f5fdaf5c8becaed58204869d1ac857
CFGEvntSLog.WinUI/Strings/Resources,CFGEvntSLog.WinUI Resources,szOutputProperty,Väljundomadused,NG .resw source; locale=et-EE; revision=7d81679f19f5fdaf5c8becaed58204869d1ac857
CFGEvntSLog.WinUI/Strings/Resources,CFGEvntSLog.WinUI Resources,szOverwriteValues,Syslog atribuutide ülekirjutamine,NG .resw source; locale=et-EE; revision=7d81679f19f5fdaf5c8becaed58204869d1ac857
CFGEvntSLog.WinUI/Strings/Resources,CFGEvntSLog.WinUI Resources,szPOP3Server,POP3 server,NG .resw source; locale=et-EE; revision=7d81679f19f5fdaf5c8becaed58204869d1ac857
CFGEvntSLog.WinUI/Strings/Resources,CFGEvntSLog.WinUI Resources,szParameters,Käskude parameetrid,NG .resw source; locale=et-EE; revision=7d81679f19f5fdaf5c8becaed58204869d1ac857
CFGEvntSLog.WinUI/Strings/Resources,CFGEvntSLog.WinUI Resources,szParsValue_,Väärtus,NG .resw source; locale=et-EE; revision=7d81679f19f5fdaf5c8becaed58204869d1ac857
CFGEvntSLog.WinUI/Strings/Resources,CFGEvntSLog.WinUI Resources,szPassword,Parool,NG .resw source; locale=et-EE; revision=7d81679f19f5fdaf5c8becaed58204869d1ac857
CFGEvntSLog.WinUI/Strings/Resources,CFGEvntSLog.WinUI Resources,szPathAndFileName,Faili ja tee nimi,NG .resw source; locale=et-EE; revision=7d81679f19f5fdaf5c8becaed58204869d1ac857
CFGEvntSLog.WinUI/Strings/Resources,CFGEvntSLog.WinUI Resources,szPortName,Saada sõnum sellele sidepordile,NG .resw source; locale=et-EE; revision=7d81679f19f5fdaf5c8becaed58204869d1ac857
CFGEvntSLog.WinUI/Strings/Resources,CFGEvntSLog.WinUI Resources,szPortSettings,Pordi sätted,NG .resw source; locale=et-EE; revision=7d81679f19f5fdaf5c8becaed58204869d1ac857
CFGEvntSLog.WinUI/Strings/Resources,CFGEvntSLog.WinUI Resources,szPostProcessApps,Saadaval protsessijärgsed rakendused,NG .resw source; locale=et-EE; revision=7d81679f19f5fdaf5c8becaed58204869d1ac857
CFGEvntSLog.WinUI/Strings/Resources,CFGEvntSLog.WinUI Resources,szPriorityLow,Madal prioriteet,NG .resw source; locale=et-EE; revision=7d81679f19f5fdaf5c8becaed58204869d1ac857
CFGEvntSLog.WinUI/Strings/Resources,CFGEvntSLog.WinUI Resources,szPriorityNormal,Tavaline prioriteet,NG .resw source; locale=et-EE; revision=7d81679f19f5fdaf5c8becaed58204869d1ac857
CFGEvntSLog.WinUI/Strings/Resources,CFGEvntSLog.WinUI Resources,szPriorityhigh,Kõrge prioriteet,NG .resw source; locale=et-EE; revision=7d81679f19f5fdaf5c8becaed58204869d1ac857
CFGEvntSLog.WinUI/Strings/Resources,CFGEvntSLog.WinUI Resources,szPropertiesTableName,Detailandmete tabeli nimi,NG .resw source; locale=et-EE; revision=7d81679f19f5fdaf5c8becaed58204869d1ac857
CFGEvntSLog.WinUI/Strings/Resources,CFGEvntSLog.WinUI Resources,szPropertyName,Olekumuutuja nimi,NG .resw source; locale=et-EE; revision=7d81679f19f5fdaf5c8becaed58204869d1ac857
CFGEvntSLog.WinUI/Strings/Resources,CFGEvntSLog.WinUI Resources,szPropertyType,Valige atribuudi tüüp,NG .resw source; locale=et-EE; revision=7d81679f19f5fdaf5c8becaed58204869d1ac857
CFGEvntSLog.WinUI/Strings/Resources,CFGEvntSLog.WinUI Resources,szPropertyValue,Määra kinnisvara väärtus,NG .resw source; locale=et-EE; revision=7d81679f19f5fdaf5c8becaed58204869d1ac857
CFGEvntSLog.WinUI/Strings/Resources,CFGEvntSLog.WinUI Resources,szProperty_,Kinnisvara nimi,NG .resw source; locale=et-EE; revision=7d81679f19f5fdaf5c8becaed58204869d1ac857
CFGEvntSLog.WinUI/Strings/Resources,CFGEvntSLog.WinUI Resources,szProvider,Pakkuja,NG .resw source; locale=et-EE; revision=7d81679f19f5fdaf5c8becaed58204869d1ac857
CFGEvntSLog.WinUI/Strings/Resources,CFGEvntSLog.WinUI Resources,szQueueBody,Järjekorra sõnumi sisu,NG .resw source; locale=et-EE; revision=7d81679f19f5fdaf5c8becaed58204869d1ac857
CFGEvntSLog.WinUI/Strings/Resources,CFGEvntSLog.WinUI Resources,szQueueLable,Järjekorra sõnumi silt,NG .resw source; locale=et-EE; revision=7d81679f19f5fdaf5c8becaed58204869d1ac857
CFGEvntSLog.WinUI/Strings/Resources,CFGEvntSLog.WinUI Resources,szQueueName,Järjekorranimi,NG .resw source; locale=et-EE; revision=7d81679f19f5fdaf5c8becaed58204869d1ac857
CFGEvntSLog.WinUI/Strings/Resources,CFGEvntSLog.WinUI Resources,szRELPOptions,Üldised valikud,NG .resw source; locale=et-EE; revision=7d81679f19f5fdaf5c8becaed58204869d1ac857
CFGEvntSLog.WinUI/Strings/Resources,CFGEvntSLog.WinUI Resources,szROM,Ülejäänud sõnum,NG .resw source; locale=et-EE; revision=7d81679f19f5fdaf5c8becaed58204869d1ac857
CFGEvntSLog.WinUI/Strings/Resources,CFGEvntSLog.WinUI Resources,szReadFileBufferInfo,"Failimonitor loeb faile tükkidena (plokkidena) loetava failipuhvri suurusega.
Vaikimisi puhvri suurus on 4096 baiti, mis on hea tasakaal jõudluse ja mälukasutuse vahel.

Kui kasutate regex-sõnumi eraldajaid, võite soovida suurust suurendada ja logiread suurendavad failipuhvri vaikesuurust. Vastasel juhul soovitame seda väärtust mitte muuta!",NG .resw source; locale=et-EE; revision=7d81679f19f5fdaf5c8becaed58204869d1ac857
CFGEvntSLog.WinUI/Strings/Resources,CFGEvntSLog.WinUI Resources,szReferer,Viitaja,NG .resw source; locale=et-EE; revision=7d81679f19f5fdaf5c8becaed58204869d1ac857
CFGEvntSLog.WinUI/Strings/Resources,CFGEvntSLog.WinUI Resources,szRegistryError,Viga konfiguratsiooniregistrile juurdepääsul,NG .resw source; locale=et-EE; revision=7d81679f19f5fdaf5c8becaed58204869d1ac857
CFGEvntSLog.WinUI/Strings/Resources,CFGEvntSLog.WinUI Resources,szRemoteHost,Kaughost,NG .resw source; locale=et-EE; revision=7d81679f19f5fdaf5c8becaed58204869d1ac857
CFGEvntSLog.WinUI/Strings/Resources,CFGEvntSLog.WinUI Resources,szRequestTemplateAdvancedHint,"Jätke JSON-i omaduste loend tühjaks ja mõlemad väljad all tühjaks, et kõik InfoUniti omadused JSON-ina automaatselt serialiseerida (vt eelvaadet). Täpsem mall asendab omaduste loendi, kui see pole tühi.",NG .resw source; locale=et-EE; revision=7d81679f19f5fdaf5c8becaed58204869d1ac857
CFGEvntSLog.WinUI/Strings/Resources,CFGEvntSLog.WinUI Resources,szRequestType,Taotluse tüüp,NG .resw source; locale=et-EE; revision=7d81679f19f5fdaf5c8becaed58204869d1ac857
CFGEvntSLog.WinUI/Strings/Resources,CFGEvntSLog.WinUI Resources,szResetValue,Lähtesta väärtus,NG .resw source; locale=et-EE; revision=7d81679f19f5fdaf5c8becaed58204869d1ac857
CFGEvntSLog.WinUI/Strings/Resources,CFGEvntSLog.WinUI Resources,szRessourceOptions,Ressursiteegi vahemälu valikud,NG .resw source; locale=et-EE; revision=7d81679f19f5fdaf5c8becaed58204869d1ac857
CFGEvntSLog.WinUI/Strings/Resources,CFGEvntSLog.WinUI Resources,szRestOutputAdvancedTab,Täpsemad,NG .resw source; locale=et-EE; revision=7d81679f19f5fdaf5c8becaed58204869d1ac857
CFGEvntSLog.WinUI/Strings/Resources,CFGEvntSLog.WinUI Resources,szRestOutputGeneralTab,Üldine,NG .resw source; locale=et-EE; revision=7d81679f19f5fdaf5c8becaed58204869d1ac857
CFGEvntSLog.WinUI/Strings/Resources,CFGEvntSLog.WinUI Resources,szRestOutputRequestTab,Päring,NG .resw source; locale=et-EE; revision=7d81679f19f5fdaf5c8becaed58204869d1ac857
CFGEvntSLog.WinUI/Strings/Resources,CFGEvntSLog.WinUI Resources,szRingBufferFile,Faili ja tee nimi,NG .resw source; locale=et-EE; revision=7d81679f19f5fdaf5c8becaed58204869d1ac857
CFGEvntSLog.WinUI/Strings/Resources,CFGEvntSLog.WinUI Resources,szRingBufferWarning,"Hoiatus! Kui lubate kettavahemälu, aeglustab see toimingute töötlemist. See sõltub kõvaketta kiirusest. Lubage see funktsioon ainult siis, kui soovite tõesti tõrkeotsingu põhjustel järjekorda kettale vahemällu salvestada. Kui töötlemine mingil põhjusel katkeb, laadib teenuse käivitamisel järjekorra ja töötleb seda, mis oli järjekorras varem.",NG .resw source; locale=et-EE; revision=7d81679f19f5fdaf5c8becaed58204869d1ac857
CFGEvntSLog.WinUI/Strings/Resources,CFGEvntSLog.WinUI Resources,szRotateConditions,Tingimuste pööramine,NG .resw source; locale=et-EE; revision=7d81679f19f5fdaf5c8becaed58204869d1ac857
CFGEvntSLog.WinUI/Strings/Resources,CFGEvntSLog.WinUI Resources,szRotatePostProcessing,Pööra järeltöötlust,NG .resw source; locale=et-EE; revision=7d81679f19f5fdaf5c8becaed58204869d1ac857
CFGEvntSLog.WinUI/Strings/Resources,CFGEvntSLog.WinUI Resources,szRotateWorkerOptions,LogRotate taustatöötaja,NG .resw source; locale=et-EE; revision=7d81679f19f5fdaf5c8becaed58204869d1ac857
CFGEvntSLog.WinUI/Strings/Resources,CFGEvntSLog.WinUI Resources,szRotateWorkerOptionsDescription,"Järjekorraga LogRotate'i alamsüsteem valmistab ette eraldatud failid ja töötleb logipöörde töid taustal.
Ootel tööd salvestatakse faili LogRotationQueue.json ja jätkuvad pärast taaskäivitust.
Ajutised .staging failid võivad ilmuda, kui faile valmistatakse ette logipöördeks, tihendamiseks või teisaldamiseks.",NG .resw source; locale=et-EE; revision=7d81679f19f5fdaf5c8becaed58204869d1ac857
CFGEvntSLog.WinUI/Strings/Resources,CFGEvntSLog.WinUI Resources,szRtsControlDisable,RTS-juhtimise keelamine,NG .resw source; locale=et-EE; revision=7d81679f19f5fdaf5c8becaed58204869d1ac857
CFGEvntSLog.WinUI/Strings/Resources,CFGEvntSLog.WinUI Resources,szRtsControlEnable,RTS-juhtimise lubamine,NG .resw source; locale=et-EE; revision=7d81679f19f5fdaf5c8becaed58204869d1ac857
CFGEvntSLog.WinUI/Strings/Resources,CFGEvntSLog.WinUI Resources,szRtsControlHandshake,RTS Control Handshake,NG .resw source; locale=et-EE; revision=7d81679f19f5fdaf5c8becaed58204869d1ac857
CFGEvntSLog.WinUI/Strings/Resources,CFGEvntSLog.WinUI Resources,szRtsControlToggle,RTS-juhtimise lüliti,NG .resw source; locale=et-EE; revision=7d81679f19f5fdaf5c8becaed58204869d1ac857
CFGEvntSLog.WinUI/Strings/Resources,CFGEvntSLog.WinUI Resources,szRuleEngineSpecific,Reeglimootoripõhine,NG .resw source; locale=et-EE; revision=7d81679f19f5fdaf5c8becaed58204869d1ac857
CFGEvntSLog.WinUI/Strings/Resources,CFGEvntSLog.WinUI Resources,szRuleSet,Töödeldav reeglistik,NG .resw source; locale=et-EE; revision=7d81679f19f5fdaf5c8becaed58204869d1ac857
CFGEvntSLog.WinUI/Strings/Resources,CFGEvntSLog.WinUI Resources,szRuleSetEngineOptions,Reeglistiku mootor,NG .resw source; locale=et-EE; revision=7d81679f19f5fdaf5c8becaed58204869d1ac857
CFGEvntSLog.WinUI/Strings/Resources,CFGEvntSLog.WinUI Resources,szRulebase,Valige Rulebaasfail,NG .resw source; locale=et-EE; revision=7d81679f19f5fdaf5c8becaed58204869d1ac857
CFGEvntSLog.WinUI/Strings/Resources,CFGEvntSLog.WinUI Resources,szSETPOptions,Üldised valikud,NG .resw source; locale=et-EE; revision=7d81679f19f5fdaf5c8becaed58204869d1ac857
CFGEvntSLog.WinUI/Strings/Resources,CFGEvntSLog.WinUI Resources,szSMTPBody,Meilisõnumi vorming,NG .resw source; locale=et-EE; revision=7d81679f19f5fdaf5c8becaed58204869d1ac857
CFGEvntSLog.WinUI/Strings/Resources,CFGEvntSLog.WinUI Resources,szSMTPPassword,SMTP Parool,NG .resw source; locale=et-EE; revision=7d81679f19f5fdaf5c8becaed58204869d1ac857
CFGEvntSLog.WinUI/Strings/Resources,CFGEvntSLog.WinUI Resources,szSMTPRecipient,Saaja e-posti aadress,NG .resw source; locale=et-EE; revision=7d81679f19f5fdaf5c8becaed58204869d1ac857
CFGEvntSLog.WinUI/Strings/Resources,CFGEvntSLog.WinUI Resources,szSMTPSender,Saatja meiliaadress,NG .resw source; locale=et-EE; revision=7d81679f19f5fdaf5c8becaed58204869d1ac857
CFGEvntSLog.WinUI/Strings/Resources,CFGEvntSLog.WinUI Resources,szSMTPServer,Meiliserver,NG .resw source; locale=et-EE; revision=7d81679f19f5fdaf5c8becaed58204869d1ac857
CFGEvntSLog.WinUI/Strings/Resources,CFGEvntSLog.WinUI Resources,szSMTPServerBackup,Varukoopia meiliserver,NG .resw source; locale=et-EE; revision=7d81679f19f5fdaf5c8becaed58204869d1ac857
CFGEvntSLog.WinUI/Strings/Resources,CFGEvntSLog.WinUI Resources,szSMTPSubject,Teema,NG .resw source; locale=et-EE; revision=7d81679f19f5fdaf5c8becaed58204869d1ac857
CFGEvntSLog.WinUI/Strings/Resources,CFGEvntSLog.WinUI Resources,szSMTPUsername,SMTP Kasutajanimi,NG .resw source; locale=et-EE; revision=7d81679f19f5fdaf5c8becaed58204869d1ac857
CFGEvntSLog.WinUI/Strings/Resources,CFGEvntSLog.WinUI Resources,szSNMPOptions,SNMP Valikud,NG .resw source; locale=et-EE; revision=7d81679f19f5fdaf5c8becaed58204869d1ac857
CFGEvntSLog.WinUI/Strings/Resources,CFGEvntSLog.WinUI Resources,szSQLConnectionOptions,Ühenduse valikud,NG .resw source; locale=et-EE; revision=7d81679f19f5fdaf5c8becaed58204869d1ac857
CFGEvntSLog.WinUI/Strings/Resources,CFGEvntSLog.WinUI Resources,szSQLOptions,SQL-i valikud,NG .resw source; locale=et-EE; revision=7d81679f19f5fdaf5c8becaed58204869d1ac857
CFGEvntSLog.WinUI/Strings/Resources,CFGEvntSLog.WinUI Resources,szSSLOptions,SSL-i valikud,NG .resw source; locale=et-EE; revision=7d81679f19f5fdaf5c8becaed58204869d1ac857
CFGEvntSLog.WinUI/Strings/Resources,CFGEvntSLog.WinUI Resources,szSaveSourceProperty,Kinnisvara nimi:,NG .resw source; locale=et-EE; revision=7d81679f19f5fdaf5c8becaed58204869d1ac857
CFGEvntSLog.WinUI/Strings/Resources,CFGEvntSLog.WinUI Resources,szSelectStatement,Väljavõttega seotud omadused,NG .resw source; locale=et-EE; revision=7d81679f19f5fdaf5c8becaed58204869d1ac857
CFGEvntSLog.WinUI/Strings/Resources,CFGEvntSLog.WinUI Resources,szSelectStatementFROM,FROM,NG .resw source; locale=et-EE; revision=7d81679f19f5fdaf5c8becaed58204869d1ac857
CFGEvntSLog.WinUI/Strings/Resources,CFGEvntSLog.WinUI Resources,szSelectStatementSELECT,VALI,NG .resw source; locale=et-EE; revision=7d81679f19f5fdaf5c8becaed58204869d1ac857
CFGEvntSLog.WinUI/Strings/Resources,CFGEvntSLog.WinUI Resources,szSelpSendServer,RELP Serverinimi,NG .resw source; locale=et-EE; revision=7d81679f19f5fdaf5c8becaed58204869d1ac857
CFGEvntSLog.WinUI/Strings/Resources,CFGEvntSLog.WinUI Resources,szSendModeRoundRobin,Ümberringi kasutamine (mitu syslogi serverit),NG .resw source; locale=et-EE; revision=7d81679f19f5fdaf5c8becaed58204869d1ac857
CFGEvntSLog.WinUI/Strings/Resources,CFGEvntSLog.WinUI Resources,szSendModeSingle,Kasutage ühte syslogi serverit koos valikulise varuserveriga,NG .resw source; locale=et-EE; revision=7d81679f19f5fdaf5c8becaed58204869d1ac857
CFGEvntSLog.WinUI/Strings/Resources,CFGEvntSLog.WinUI Resources,szServer,Serveri nimi,NG .resw source; locale=et-EE; revision=7d81679f19f5fdaf5c8becaed58204869d1ac857
CFGEvntSLog.WinUI/Strings/Resources,CFGEvntSLog.WinUI Resources,szServerName,Jälgige selle hosti sündmuste logi,NG .resw source; locale=et-EE; revision=7d81679f19f5fdaf5c8becaed58204869d1ac857
CFGEvntSLog.WinUI/Strings/Resources,CFGEvntSLog.WinUI Resources,szServiceName,Teenuse nimi,NG .resw source; locale=et-EE; revision=7d81679f19f5fdaf5c8becaed58204869d1ac857
CFGEvntSLog.WinUI/Strings/Resources,CFGEvntSLog.WinUI Resources,szSnmpCheckOid,Päringu OID (objekti ID),NG .resw source; locale=et-EE; revision=7d81679f19f5fdaf5c8becaed58204869d1ac857
CFGEvntSLog.WinUI/Strings/Resources,CFGEvntSLog.WinUI Resources,szSnmpGeneralOptions,Üldised SNMP valikud,NG .resw source; locale=et-EE; revision=7d81679f19f5fdaf5c8becaed58204869d1ac857
CFGEvntSLog.WinUI/Strings/Resources,CFGEvntSLog.WinUI Resources,szSnmpRelatedValues,SNMP Päring on seotud,NG .resw source; locale=et-EE; revision=7d81679f19f5fdaf5c8becaed58204869d1ac857
CFGEvntSLog.WinUI/Strings/Resources,CFGEvntSLog.WinUI Resources,szSnmpv2Oid,Trap OID,NG .resw source; locale=et-EE; revision=7d81679f19f5fdaf5c8becaed58204869d1ac857
CFGEvntSLog.WinUI/Strings/Resources,CFGEvntSLog.WinUI Resources,szSourcePropertyName,"Valige allika atribuut, millest nimi lahendatakse",NG .resw source; locale=et-EE; revision=7d81679f19f5fdaf5c8becaed58204869d1ac857
CFGEvntSLog.WinUI/Strings/Resources,CFGEvntSLog.WinUI Resources,szSpaceParity,Kosmose pariteet,NG .resw source; locale=et-EE; revision=7d81679f19f5fdaf5c8becaed58204869d1ac857
CFGEvntSLog.WinUI/Strings/Resources,CFGEvntSLog.WinUI Resources,szSpoofedIPAddress,Fikseeritud IP või üksik vara,NG .resw source; locale=et-EE; revision=7d81679f19f5fdaf5c8becaed58204869d1ac857
CFGEvntSLog.WinUI/Strings/Resources,CFGEvntSLog.WinUI Resources,szStatusVar,Olekumuutuja,NG .resw source; locale=et-EE; revision=7d81679f19f5fdaf5c8becaed58204869d1ac857
CFGEvntSLog.WinUI/Strings/Resources,CFGEvntSLog.WinUI Resources,szStoredProcedure,KÕNE (MSSQL-i salvestatud protseduur),NG .resw source; locale=et-EE; revision=7d81679f19f5fdaf5c8becaed58204869d1ac857
CFGEvntSLog.WinUI/Strings/Resources,CFGEvntSLog.WinUI Resources,szSubscriptionOptions,Tellimisega seotud valikud,NG .resw source; locale=et-EE; revision=7d81679f19f5fdaf5c8becaed58204869d1ac857
CFGEvntSLog.WinUI/Strings/Resources,CFGEvntSLog.WinUI Resources,szSyslogHeaderOptions,SyslogPäise valikud,NG .resw source; locale=et-EE; revision=7d81679f19f5fdaf5c8becaed58204869d1ac857
CFGEvntSLog.WinUI/Strings/Resources,CFGEvntSLog.WinUI Resources,szSyslogMaxMessageSizeDescription,"Kui üle Syslog TCP-ga võetakse vastu liiga suuri sõnumeid, määrab see suuruse piirang, millal peame sõnumi poolitama.
Vaikimisi on TCP maksimaalseks suuruseks seatud 1024000 baiti (1 MB). Syslog UDP puhul on UDP-protokolli piirangute tõttu limiit 65536 baiti.",NG .resw source; locale=et-EE; revision=7d81679f19f5fdaf5c8becaed58204869d1ac857
CFGEvntSLog.WinUI/Strings/Resources,CFGEvntSLog.WinUI Resources,szSyslogMessageOptions,Syslog Sõnumi valikud,NG .resw source; locale=et-EE; revision=7d81679f19f5fdaf5c8becaed58204869d1ac857
CFGEvntSLog.WinUI/Strings/Resources,CFGEvntSLog.WinUI Resources,szSyslogNetworkOptions,Võrguga seotud valikud,NG .resw source; locale=et-EE; revision=7d81679f19f5fdaf5c8becaed58204869d1ac857
CFGEvntSLog.WinUI/Strings/Resources,CFGEvntSLog.WinUI Resources,szSyslogProcessingCustomHeader,Kasutage kohandatud Syslog päist,NG .resw source; locale=et-EE; revision=7d81679f19f5fdaf5c8becaed58204869d1ac857
CFGEvntSLog.WinUI/Strings/Resources,CFGEvntSLog.WinUI Resources,szSyslogProcessingDisabled,"Keela töötlemine, edasta nii nagu see on.",NG .resw source; locale=et-EE; revision=7d81679f19f5fdaf5c8becaed58204869d1ac857
CFGEvntSLog.WinUI/Strings/Resources,CFGEvntSLog.WinUI Resources,szSyslogProcessingRFC3164,Kasutage pärand RFC 3164 töötlemist,NG .resw source; locale=et-EE; revision=7d81679f19f5fdaf5c8becaed58204869d1ac857
CFGEvntSLog.WinUI/Strings/Resources,CFGEvntSLog.WinUI Resources,szSyslogProcessingRFC5424,Kasutage RFC 5424 töötlemist (soovitatav),NG .resw source; locale=et-EE; revision=7d81679f19f5fdaf5c8becaed58204869d1ac857
CFGEvntSLog.WinUI/Strings/Resources,CFGEvntSLog.WinUI Resources,szSyslogQueue,SyslogQueue Nimi,NG .resw source; locale=et-EE; revision=7d81679f19f5fdaf5c8becaed58204869d1ac857
CFGEvntSLog.WinUI/Strings/Resources,CFGEvntSLog.WinUI Resources,szSyslogQueueOptions,SyslogQueue Valikud,NG .resw source; locale=et-EE; revision=7d81679f19f5fdaf5c8becaed58204869d1ac857
CFGEvntSLog.WinUI/Strings/Resources,CFGEvntSLog.WinUI Resources,szSyslogSSLOptions,SSL/TLS-iga seotud valikud,NG .resw source; locale=et-EE; revision=7d81679f19f5fdaf5c8becaed58204869d1ac857
CFGEvntSLog.WinUI/Strings/Resources,CFGEvntSLog.WinUI Resources,szSyslogSendServer,Syslog server,NG .resw source; locale=et-EE; revision=7d81679f19f5fdaf5c8becaed58204869d1ac857
CFGEvntSLog.WinUI/Strings/Resources,CFGEvntSLog.WinUI Resources,szSyslogServerBackup,Varunda Syslog server,NG .resw source; locale=et-EE; revision=7d81679f19f5fdaf5c8becaed58204869d1ac857
CFGEvntSLog.WinUI/Strings/Resources,CFGEvntSLog.WinUI Resources,szSyslogServerOptions,Syslog Vastuvõtja valikud,NG .resw source; locale=et-EE; revision=7d81679f19f5fdaf5c8becaed58204869d1ac857
CFGEvntSLog.WinUI/Strings/Resources,CFGEvntSLog.WinUI Resources,szSyslogServer_,Syslog server,NG .resw source; locale=et-EE; revision=7d81679f19f5fdaf5c8becaed58204869d1ac857
CFGEvntSLog.WinUI/Strings/Resources,CFGEvntSLog.WinUI Resources,szSyslogTCPOptions,TCP-ga seotud valikud,NG .resw source; locale=et-EE; revision=7d81679f19f5fdaf5c8becaed58204869d1ac857
CFGEvntSLog.WinUI/Strings/Resources,CFGEvntSLog.WinUI Resources,szSyslogTagValue,Syslog Märgendi väärtus,NG .resw source; locale=et-EE; revision=7d81679f19f5fdaf5c8becaed58204869d1ac857
CFGEvntSLog.WinUI/Strings/Resources,CFGEvntSLog.WinUI Resources,szSyslogTargetOptions,Syslog Sihtimisvalikud,NG .resw source; locale=et-EE; revision=7d81679f19f5fdaf5c8becaed58204869d1ac857
CFGEvntSLog.WinUI/Strings/Resources,CFGEvntSLog.WinUI Resources,szSyslogUDPOptions,UDP-ga seotud valikud,NG .resw source; locale=et-EE; revision=7d81679f19f5fdaf5c8becaed58204869d1ac857
CFGEvntSLog.WinUI/Strings/Resources,CFGEvntSLog.WinUI Resources,szTCPMsgSep,Sõnumite eraldamise järjekord,NG .resw source; locale=et-EE; revision=7d81679f19f5fdaf5c8becaed58204869d1ac857
CFGEvntSLog.WinUI/Strings/Resources,CFGEvntSLog.WinUI Resources,szTCPOptions,TCPO valikud,NG .resw source; locale=et-EE; revision=7d81679f19f5fdaf5c8becaed58204869d1ac857
CFGEvntSLog.WinUI/Strings/Resources,CFGEvntSLog.WinUI Resources,szTLSAdvancedOptions,TLS taiendatud,NG .resw source; locale=et-EE; revision=7d81679f19f5fdaf5c8becaed58204869d1ac857
CFGEvntSLog.WinUI/Strings/Resources,CFGEvntSLog.WinUI Resources,szTLSCommandsInfo,Selle suvandi lubamisel saate määrata OpenSSL-i konfiguratsioonikäsud otse. Iga käsutüübi jaoks saadaolevate konfiguratsiooniparameetrite kohta lisateabe saamiseks külastage:,NG .resw source; locale=et-EE; revision=7d81679f19f5fdaf5c8becaed58204869d1ac857
CFGEvntSLog.WinUI/Strings/Resources,CFGEvntSLog.WinUI Resources,szTLSCommandsInfoLink,OpenSSL SSL_CONF_cmd dokumentatsioon,NG .resw source; locale=et-EE; revision=7d81679f19f5fdaf5c8becaed58204869d1ac857
CFGEvntSLog.WinUI/Strings/Resources,CFGEvntSLog.WinUI Resources,szTLSOptions,TLS-i valikud,NG .resw source; locale=et-EE; revision=7d81679f19f5fdaf5c8becaed58204869d1ac857
CFGEvntSLog.WinUI/Strings/Resources,CFGEvntSLog.WinUI Resources,szTabAdvanced,Täpsemad suvandid,NG .resw source; locale=et-EE; revision=7d81679f19f5fdaf5c8becaed58204869d1ac857
CFGEvntSLog.WinUI/Strings/Resources,CFGEvntSLog.WinUI Resources,szTabCPU,CPU,NG .resw source; locale=et-EE; revision=7d81679f19f5fdaf5c8becaed58204869d1ac857
CFGEvntSLog.WinUI/Strings/Resources,CFGEvntSLog.WinUI Resources,szTabCaching,Sündmuste vahemälu,NG .resw source; locale=et-EE; revision=7d81679f19f5fdaf5c8becaed58204869d1ac857
CFGEvntSLog.WinUI/Strings/Resources,CFGEvntSLog.WinUI Resources,szTabEncoding,Kodeerimine,NG .resw source; locale=et-EE; revision=7d81679f19f5fdaf5c8becaed58204869d1ac857
CFGEvntSLog.WinUI/Strings/Resources,CFGEvntSLog.WinUI Resources,szTabEventChannels,Event Channels,NG .resw source; locale=et-EE; revision=7d81679f19f5fdaf5c8becaed58204869d1ac857
CFGEvntSLog.WinUI/Strings/Resources,CFGEvntSLog.WinUI Resources,szTabFiles,Töödeldud failid,NG .resw source; locale=et-EE; revision=7d81679f19f5fdaf5c8becaed58204869d1ac857
CFGEvntSLog.WinUI/Strings/Resources,CFGEvntSLog.WinUI Resources,szTabGeneral,Üldised valikud,NG .resw source; locale=et-EE; revision=7d81679f19f5fdaf5c8becaed58204869d1ac857
CFGEvntSLog.WinUI/Strings/Resources,CFGEvntSLog.WinUI Resources,szTabMailFormatOptions,Meilivormingu valikud,NG .resw source; locale=et-EE; revision=7d81679f19f5fdaf5c8becaed58204869d1ac857
CFGEvntSLog.WinUI/Strings/Resources,CFGEvntSLog.WinUI Resources,szTabMailServerOptions,Meiliserveri valikud,NG .resw source; locale=et-EE; revision=7d81679f19f5fdaf5c8becaed58204869d1ac857
CFGEvntSLog.WinUI/Strings/Resources,CFGEvntSLog.WinUI Resources,szTabMemory,Kogu mälu,NG .resw source; locale=et-EE; revision=7d81679f19f5fdaf5c8becaed58204869d1ac857
CFGEvntSLog.WinUI/Strings/Resources,CFGEvntSLog.WinUI Resources,szTabMsgSep,Sõnumi eraldajad,NG .resw source; locale=et-EE; revision=7d81679f19f5fdaf5c8becaed58204869d1ac857
CFGEvntSLog.WinUI/Strings/Resources,CFGEvntSLog.WinUI Resources,szTabPhyMemory,Füüsiline mälu,NG .resw source; locale=et-EE; revision=7d81679f19f5fdaf5c8becaed58204869d1ac857
CFGEvntSLog.WinUI/Strings/Resources,CFGEvntSLog.WinUI Resources,szTabVirtMemory,Virtuaalne mälu,NG .resw source; locale=et-EE; revision=7d81679f19f5fdaf5c8becaed58204869d1ac857
CFGEvntSLog.WinUI/Strings/Resources,CFGEvntSLog.WinUI Resources,szTableID,ID Välja nimi,NG .resw source; locale=et-EE; revision=7d81679f19f5fdaf5c8becaed58204869d1ac857
CFGEvntSLog.WinUI/Strings/Resources,CFGEvntSLog.WinUI Resources,szTableName,Tabeli nimi,NG .resw source; locale=et-EE; revision=7d81679f19f5fdaf5c8becaed58204869d1ac857
CFGEvntSLog.WinUI/Strings/Resources,CFGEvntSLog.WinUI Resources,szTarget,Sihtmasin,NG .resw source; locale=et-EE; revision=7d81679f19f5fdaf5c8becaed58204869d1ac857
CFGEvntSLog.WinUI/Strings/Resources,CFGEvntSLog.WinUI Resources,szText,tekst,NG .resw source; locale=et-EE; revision=7d81679f19f5fdaf5c8becaed58204869d1ac857
CFGEvntSLog.WinUI/Strings/Resources,CFGEvntSLog.WinUI Resources,szTwoStopBits,2 Stop bitti,NG .resw source; locale=et-EE; revision=7d81679f19f5fdaf5c8becaed58204869d1ac857
CFGEvntSLog.WinUI/Strings/Resources,CFGEvntSLog.WinUI Resources,szTypeAgentcap,Agent Cap,NG .resw source; locale=et-EE; revision=7d81679f19f5fdaf5c8becaed58204869d1ac857
CFGEvntSLog.WinUI/Strings/Resources,CFGEvntSLog.WinUI Resources,szTypeBitstring,Bit String,NG .resw source; locale=et-EE; revision=7d81679f19f5fdaf5c8becaed58204869d1ac857
CFGEvntSLog.WinUI/Strings/Resources,CFGEvntSLog.WinUI Resources,szTypeCounter,Loendur,NG .resw source; locale=et-EE; revision=7d81679f19f5fdaf5c8becaed58204869d1ac857
CFGEvntSLog.WinUI/Strings/Resources,CFGEvntSLog.WinUI Resources,szTypeCounter64,Counter64,NG .resw source; locale=et-EE; revision=7d81679f19f5fdaf5c8becaed58204869d1ac857
CFGEvntSLog.WinUI/Strings/Resources,CFGEvntSLog.WinUI Resources,szTypeGauge,Mõõtur,NG .resw source; locale=et-EE; revision=7d81679f19f5fdaf5c8becaed58204869d1ac857
CFGEvntSLog.WinUI/Strings/Resources,CFGEvntSLog.WinUI Resources,szTypeInteger,Täisarv,NG .resw source; locale=et-EE; revision=7d81679f19f5fdaf5c8becaed58204869d1ac857
CFGEvntSLog.WinUI/Strings/Resources,CFGEvntSLog.WinUI Resources,szTypeInteger32,Signeeritud täisarv32,NG .resw source; locale=et-EE; revision=7d81679f19f5fdaf5c8becaed58204869d1ac857
CFGEvntSLog.WinUI/Strings/Resources,CFGEvntSLog.WinUI Resources,szTypeIpaddr,IP-aadress,NG .resw source; locale=et-EE; revision=7d81679f19f5fdaf5c8becaed58204869d1ac857
CFGEvntSLog.WinUI/Strings/Resources,CFGEvntSLog.WinUI Resources,szTypeModcomp,Mod Comp,NG .resw source; locale=et-EE; revision=7d81679f19f5fdaf5c8becaed58204869d1ac857
CFGEvntSLog.WinUI/Strings/Resources,CFGEvntSLog.WinUI Resources,szTypeModid,ModID,NG .resw source; locale=et-EE; revision=7d81679f19f5fdaf5c8becaed58204869d1ac857
CFGEvntSLog.WinUI/Strings/Resources,CFGEvntSLog.WinUI Resources,szTypeNetaddr,Interneti-aadress,NG .resw source; locale=et-EE; revision=7d81679f19f5fdaf5c8becaed58204869d1ac857
CFGEvntSLog.WinUI/Strings/Resources,CFGEvntSLog.WinUI Resources,szTypeNotiftype,Teavituse tüüp,NG .resw source; locale=et-EE; revision=7d81679f19f5fdaf5c8becaed58204869d1ac857
CFGEvntSLog.WinUI/Strings/Resources,CFGEvntSLog.WinUI Resources,szTypeNsapaddress,NSAP aadress,NG .resw source; locale=et-EE; revision=7d81679f19f5fdaf5c8becaed58204869d1ac857
CFGEvntSLog.WinUI/Strings/Resources,CFGEvntSLog.WinUI Resources,szTypeNull,Null,NG .resw source; locale=et-EE; revision=7d81679f19f5fdaf5c8becaed58204869d1ac857
CFGEvntSLog.WinUI/Strings/Resources,CFGEvntSLog.WinUI Resources,szTypeObjgroup,Objektirühm,NG .resw source; locale=et-EE; revision=7d81679f19f5fdaf5c8becaed58204869d1ac857
CFGEvntSLog.WinUI/Strings/Resources,CFGEvntSLog.WinUI Resources,szTypeObjid,Objekti ID,NG .resw source; locale=et-EE; revision=7d81679f19f5fdaf5c8becaed58204869d1ac857
CFGEvntSLog.WinUI/Strings/Resources,CFGEvntSLog.WinUI Resources,szTypeOctetstr,Okteti keel,NG .resw source; locale=et-EE; revision=7d81679f19f5fdaf5c8becaed58204869d1ac857
CFGEvntSLog.WinUI/Strings/Resources,CFGEvntSLog.WinUI Resources,szTypeOpaque,Läbipaistmatu,NG .resw source; locale=et-EE; revision=7d81679f19f5fdaf5c8becaed58204869d1ac857
CFGEvntSLog.WinUI/Strings/Resources,CFGEvntSLog.WinUI Resources,szTypeOther,muud,NG .resw source; locale=et-EE; revision=7d81679f19f5fdaf5c8becaed58204869d1ac857
CFGEvntSLog.WinUI/Strings/Resources,CFGEvntSLog.WinUI Resources,szTypeTimeticks,Ajamõõtjad,NG .resw source; locale=et-EE; revision=7d81679f19f5fdaf5c8becaed58204869d1ac857
CFGEvntSLog.WinUI/Strings/Resources,CFGEvntSLog.WinUI Resources,szTypeTraptype,Lõksu tüüp,NG .resw source; locale=et-EE; revision=7d81679f19f5fdaf5c8becaed58204869d1ac857
CFGEvntSLog.WinUI/Strings/Resources,CFGEvntSLog.WinUI Resources,szTypeUinteger,UTäisarv,NG .resw source; locale=et-EE; revision=7d81679f19f5fdaf5c8becaed58204869d1ac857
CFGEvntSLog.WinUI/Strings/Resources,CFGEvntSLog.WinUI Resources,szTypeUnsigned32,Märgita täisarv32,NG .resw source; locale=et-EE; revision=7d81679f19f5fdaf5c8becaed58204869d1ac857
CFGEvntSLog.WinUI/Strings/Resources,CFGEvntSLog.WinUI Resources,szUDPOptions,UDP valikud,NG .resw source; locale=et-EE; revision=7d81679f19f5fdaf5c8becaed58204869d1ac857
CFGEvntSLog.WinUI/Strings/Resources,CFGEvntSLog.WinUI Resources,szUnixTimestamp,UNIX-i/LINUX-i sarnane ajatempel,NG .resw source; locale=et-EE; revision=7d81679f19f5fdaf5c8becaed58204869d1ac857
CFGEvntSLog.WinUI/Strings/Resources,CFGEvntSLog.WinUI Resources,szUpTo,Kuni,NG .resw source; locale=et-EE; revision=7d81679f19f5fdaf5c8becaed58204869d1ac857
CFGEvntSLog.WinUI/Strings/Resources,CFGEvntSLog.WinUI Resources,szUrl,URL ja päringustring,NG .resw source; locale=et-EE; revision=7d81679f19f5fdaf5c8becaed58204869d1ac857
CFGEvntSLog.WinUI/Strings/Resources,CFGEvntSLog.WinUI Resources,szUserAgent,Kasutajaagent (brauser),NG .resw source; locale=et-EE; revision=7d81679f19f5fdaf5c8becaed58204869d1ac857
CFGEvntSLog.WinUI/Strings/Resources,CFGEvntSLog.WinUI Resources,szUsername,Kasutajanimi,NG .resw source; locale=et-EE; revision=7d81679f19f5fdaf5c8becaed58204869d1ac857
CFGEvntSLog.WinUI/Strings/Resources,CFGEvntSLog.WinUI Resources,szVarChar,varchar,NG .resw source; locale=et-EE; revision=7d81679f19f5fdaf5c8becaed58204869d1ac857
CFGEvntSLog.WinUI/Strings/Resources,CFGEvntSLog.WinUI Resources,szVariableOID_,Muutuv OID,NG .resw source; locale=et-EE; revision=7d81679f19f5fdaf5c8becaed58204869d1ac857
CFGEvntSLog.WinUI/Strings/Resources,CFGEvntSLog.WinUI Resources,szVariableValue_,Muutuv väärtus,NG .resw source; locale=et-EE; revision=7d81679f19f5fdaf5c8becaed58204869d1ac857
CFGEvntSLog.WinUI/Strings/Resources,CFGEvntSLog.WinUI Resources,szW3CHeader,W3C päise väärtus,NG .resw source; locale=et-EE; revision=7d81679f19f5fdaf5c8becaed58204869d1ac857
CFGEvntSLog.WinUI/Strings/Resources,CFGEvntSLog.WinUI Resources,szWarningSavingConfiguration,Hoiatus konfiguratsiooni salvestamisel,NG .resw source; locale=et-EE; revision=7d81679f19f5fdaf5c8becaed58204869d1ac857
CFGEvntSLog.WinUI/Strings/Resources,CFGEvntSLog.WinUI Resources,szWarningSavingConfigurationBackup,Vana konfiguratsioonifaili varundamine ebaõnnestus. Konfiguratsiooni salvestamine järgmisse faili võib ebaõnnestuda:,NG .resw source; locale=et-EE; revision=7d81679f19f5fdaf5c8becaed58204869d1ac857
CFGEvntSLog.WinUI/Strings/Resources,CFGEvntSLog.WinUI Resources,szWarningSavingConfigurationOldFile,Vana konfiguratsioonifaili kustutamine ebaõnnestus. Fail võib olla blokeeritud mõne muu protsessi poolt. Peate järgmise faili käsitsi kustutama:,NG .resw source; locale=et-EE; revision=7d81679f19f5fdaf5c8becaed58204869d1ac857
CFGEvntSLog.WinUI/Strings/Resources,CFGEvntSLog.WinUI Resources,szWord,Üksik Sõna,NG .resw source; locale=et-EE; revision=7d81679f19f5fdaf5c8becaed58204869d1ac857
CFGEvntSLog.WinUI/Strings/Resources,CFGEvntSLog.WinUI Resources,szXMLBookmark,Viimane rekord,NG .resw source; locale=et-EE; revision=7d81679f19f5fdaf5c8becaed58204869d1ac857
CFGEvntSLog.WinUI/Strings/Resources,CFGEvntSLog.WinUI Resources,szXmlFormat,XML-vorming,NG .resw source; locale=et-EE; revision=7d81679f19f5fdaf5c8becaed58204869d1ac857
CFGEvntSLog.WinUI/Strings/Resources,CFGEvntSLog.WinUI Resources,sz_runhigh,Kõrge,NG .resw source; locale=et-EE; revision=7d81679f19f5fdaf5c8becaed58204869d1ac857
CFGEvntSLog.WinUI/Strings/Resources,CFGEvntSLog.WinUI Resources,sz_runidle,Käivitage tühikäigu prioriteediga,NG .resw source; locale=et-EE; revision=7d81679f19f5fdaf5c8becaed58204869d1ac857
CFGEvntSLog.WinUI/Strings/Resources,CFGEvntSLog.WinUI Resources,sz_runlow,Madal,NG .resw source; locale=et-EE; revision=7d81679f19f5fdaf5c8becaed58204869d1ac857
CFGEvntSLog.WinUI/Strings/Resources,CFGEvntSLog.WinUI Resources,sz_runnormal,Tavaline,NG .resw source; locale=et-EE; revision=7d81679f19f5fdaf5c8becaed58204869d1ac857
CFGEvntSLog.WinUI/Strings/Resources,CFGEvntSLog.WinUI Resources,tlsallowedentries,Lubatud eakaaslased,NG .resw source; locale=et-EE; revision=7d81679f19f5fdaf5c8becaed58204869d1ac857
CFGEvntSLog.WinUI/Strings/Resources,CFGEvntSLog.WinUI Resources,txteventchannels,Sündmuste logi kanal,NG .resw source; locale=et-EE; revision=7d81679f19f5fdaf5c8becaed58204869d1ac857
CFGEvntSLog.WinUI/Strings/Resources,CFGEvntSLog.WinUI Resources,txtfileitems,Failinimi,NG .resw source; locale=et-EE; revision=7d81679f19f5fdaf5c8becaed58204869d1ac857
CFGEvntSLog.WinUI/Strings/Resources,CFGEvntSLog.WinUI Resources,txtprocessedfiles,Töödeldud failinimi,NG .resw source; locale=et-EE; revision=7d81679f19f5fdaf5c8becaed58204869d1ac857
