Unit,Unit Name,ID,Text,Comment
CFGEvntSLog.WinUI/Strings/Resources,CFGEvntSLog.WinUI Resources,AppDisplayName,EventReporter Agent,Adiscon User Interface .resw source; locale=ja-JP; revision=edd9fe10d4a120194e4a0a1e60a5d04d661b79ab
CFGEvntSLog.WinUI/Strings/Resources,CFGEvntSLog.WinUI Resources,Help_ApplicationIdentityTitle,アプリケーション ID,Adiscon User Interface .resw source; locale=ja-JP; revision=edd9fe10d4a120194e4a0a1e60a5d04d661b79ab
CFGEvntSLog.WinUI/Strings/Resources,CFGEvntSLog.WinUI Resources,Help_ExecutableFormat,レガシー出力名: {0},Adiscon User Interface .resw source; locale=ja-JP; revision=edd9fe10d4a120194e4a0a1e60a5d04d661b79ab
CFGEvntSLog.WinUI/Strings/Resources,CFGEvntSLog.WinUI Resources,Help_OnlineResourcesTitle,オンライン リソース,Adiscon User Interface .resw source; locale=ja-JP; revision=edd9fe10d4a120194e4a0a1e60a5d04d661b79ab
CFGEvntSLog.WinUI/Strings/Resources,CFGEvntSLog.WinUI Resources,Help_OpenOnlineDocs,オンライン ドキュメントを開く,Adiscon User Interface .resw source; locale=ja-JP; revision=edd9fe10d4a120194e4a0a1e60a5d04d661b79ab
CFGEvntSLog.WinUI/Strings/Resources,CFGEvntSLog.WinUI Resources,Help_OpenProductSite,製品サイトを開く,Adiscon User Interface .resw source; locale=ja-JP; revision=edd9fe10d4a120194e4a0a1e60a5d04d661b79ab
CFGEvntSLog.WinUI/Strings/Resources,CFGEvntSLog.WinUI Resources,Help_OpenSupport,サポートを開く,Adiscon User Interface .resw source; locale=ja-JP; revision=edd9fe10d4a120194e4a0a1e60a5d04d661b79ab
CFGEvntSLog.WinUI/Strings/Resources,CFGEvntSLog.WinUI Resources,Help_OpenedOnlineDocs,オンライン ドキュメントを開きました。,Adiscon User Interface .resw source; locale=ja-JP; revision=edd9fe10d4a120194e4a0a1e60a5d04d661b79ab
CFGEvntSLog.WinUI/Strings/Resources,CFGEvntSLog.WinUI Resources,Help_OpenedProductSite,製品サイトを開きました。,Adiscon User Interface .resw source; locale=ja-JP; revision=edd9fe10d4a120194e4a0a1e60a5d04d661b79ab
CFGEvntSLog.WinUI/Strings/Resources,CFGEvntSLog.WinUI Resources,Help_OpenedSupport,サポート サイトを開きました。,Adiscon User Interface .resw source; locale=ja-JP; revision=edd9fe10d4a120194e4a0a1e60a5d04d661b79ab
CFGEvntSLog.WinUI/Strings/Resources,CFGEvntSLog.WinUI Resources,Help_ProductFormat,製品: {0},Adiscon User Interface .resw source; locale=ja-JP; revision=edd9fe10d4a120194e4a0a1e60a5d04d661b79ab
CFGEvntSLog.WinUI/Strings/Resources,CFGEvntSLog.WinUI Resources,Help_StatusMessage,このクライアントの製品、ドキュメント、サポートのリンクを使用してください。,Adiscon User Interface .resw source; locale=ja-JP; revision=edd9fe10d4a120194e4a0a1e60a5d04d661b79ab
CFGEvntSLog.WinUI/Strings/Resources,CFGEvntSLog.WinUI Resources,Help_Title,ヘルプ / バージョン情報,Adiscon User Interface .resw source; locale=ja-JP; revision=edd9fe10d4a120194e4a0a1e60a5d04d661b79ab
CFGEvntSLog.WinUI/Strings/Resources,CFGEvntSLog.WinUI Resources,Help_UnknownVersion,不明,Adiscon User Interface .resw source; locale=ja-JP; revision=edd9fe10d4a120194e4a0a1e60a5d04d661b79ab
CFGEvntSLog.WinUI/Strings/Resources,CFGEvntSLog.WinUI Resources,Help_VersionFormat,現在のバージョン: {0},Adiscon User Interface .resw source; locale=ja-JP; revision=edd9fe10d4a120194e4a0a1e60a5d04d661b79ab
CFGEvntSLog.WinUI/Strings/Resources,CFGEvntSLog.WinUI Resources,Help_WindowTitleFormat,ウィンドウ タイトル: {0},Adiscon User Interface .resw source; locale=ja-JP; revision=edd9fe10d4a120194e4a0a1e60a5d04d661b79ab
CFGEvntSLog.WinUI/Strings/Resources,CFGEvntSLog.WinUI Resources,Language_ApplyButton,言語を適用,Adiscon User Interface .resw source; locale=ja-JP; revision=edd9fe10d4a120194e4a0a1e60a5d04d661b79ab
CFGEvntSLog.WinUI/Strings/Resources,CFGEvntSLog.WinUI Resources,Language_ClientLanguageHeader,クライアント言語,Adiscon User Interface .resw source; locale=ja-JP; revision=edd9fe10d4a120194e4a0a1e60a5d04d661b79ab
CFGEvntSLog.WinUI/Strings/Resources,CFGEvntSLog.WinUI Resources,Language_CurrentSelectionFormat,選択した言語: {0} | 現在の UI カルチャ: {1},Adiscon User Interface .resw source; locale=ja-JP; revision=edd9fe10d4a120194e4a0a1e60a5d04d661b79ab
CFGEvntSLog.WinUI/Strings/Resources,CFGEvntSLog.WinUI Resources,Language_DisplayLanguageTitle,表示言語,Adiscon User Interface .resw source; locale=ja-JP; revision=edd9fe10d4a120194e4a0a1e60a5d04d661b79ab
CFGEvntSLog.WinUI/Strings/Resources,CFGEvntSLog.WinUI Resources,Language_IntroFormat,この {0} クライアントの表示言語を選択します。,Adiscon User Interface .resw source; locale=ja-JP; revision=edd9fe10d4a120194e4a0a1e60a5d04d661b79ab
CFGEvntSLog.WinUI/Strings/Resources,CFGEvntSLog.WinUI Resources,Language_InvariantCulture,インバリアント,Adiscon User Interface .resw source; locale=ja-JP; revision=edd9fe10d4a120194e4a0a1e60a5d04d661b79ab
CFGEvntSLog.WinUI/Strings/Resources,CFGEvntSLog.WinUI Resources,Language_ResourceCoverageText,このクライアントには、英語、ドイツ語、スペイン語、フランス語、イタリア語、ポルトガル語、エストニア語、日本語の構成ラベル、オプション テキスト、共有の読み込み/保存メッセージ用の言語リソースが含まれています。システム既定は Windows の言語設定に従います。,Adiscon User Interface .resw source; locale=ja-JP; revision=edd9fe10d4a120194e4a0a1e60a5d04d661b79ab
CFGEvntSLog.WinUI/Strings/Resources,CFGEvntSLog.WinUI Resources,Language_ResourceCoverageTitle,言語リソースの範囲,Adiscon User Interface .resw source; locale=ja-JP; revision=edd9fe10d4a120194e4a0a1e60a5d04d661b79ab
CFGEvntSLog.WinUI/Strings/Resources,CFGEvntSLog.WinUI Resources,Language_RestartDialogContentFormat,すべてのラベルとメッセージで {0} を使用するには、クライアントの再起動が必要です。今すぐ再起動しますか?,Adiscon User Interface .resw source; locale=ja-JP; revision=edd9fe10d4a120194e4a0a1e60a5d04d661b79ab
CFGEvntSLog.WinUI/Strings/Resources,CFGEvntSLog.WinUI Resources,Language_RestartDialogLater,Later,Adiscon User Interface .resw source; locale=ja-JP; revision=edd9fe10d4a120194e4a0a1e60a5d04d661b79ab
CFGEvntSLog.WinUI/Strings/Resources,CFGEvntSLog.WinUI Resources,Language_RestartDialogRestartNow,Restart now,Adiscon User Interface .resw source; locale=ja-JP; revision=edd9fe10d4a120194e4a0a1e60a5d04d661b79ab
CFGEvntSLog.WinUI/Strings/Resources,CFGEvntSLog.WinUI Resources,Language_RestartDialogTitle,Restart client now?,Adiscon User Interface .resw source; locale=ja-JP; revision=edd9fe10d4a120194e4a0a1e60a5d04d661b79ab
CFGEvntSLog.WinUI/Strings/Resources,CFGEvntSLog.WinUI Resources,Language_RestartFailedFormat,"Language was saved, but automatic restart failed: {0}",Adiscon User Interface .resw source; locale=ja-JP; revision=edd9fe10d4a120194e4a0a1e60a5d04d661b79ab
CFGEvntSLog.WinUI/Strings/Resources,CFGEvntSLog.WinUI Resources,Language_RestartFailedNoProcessPath,"Language was saved, but the client could not determine the executable path for automatic restart.",Adiscon User Interface .resw source; locale=ja-JP; revision=edd9fe10d4a120194e4a0a1e60a5d04d661b79ab
CFGEvntSLog.WinUI/Strings/Resources,CFGEvntSLog.WinUI Resources,Language_RestartRequiredText,言語を変更した後は、ラベルとメッセージを一貫して再読み込みするためにクライアントを再起動してください。,Adiscon User Interface .resw source; locale=ja-JP; revision=edd9fe10d4a120194e4a0a1e60a5d04d661b79ab
CFGEvntSLog.WinUI/Strings/Resources,CFGEvntSLog.WinUI Resources,Language_SelectedFormat,選択した言語: {0}. {1},Adiscon User Interface .resw source; locale=ja-JP; revision=edd9fe10d4a120194e4a0a1e60a5d04d661b79ab
CFGEvntSLog.WinUI/Strings/Resources,CFGEvntSLog.WinUI Resources,Language_SelectedLanguageFormat,Selected language: {0},Adiscon User Interface .resw source; locale=ja-JP; revision=edd9fe10d4a120194e4a0a1e60a5d04d661b79ab
CFGEvntSLog.WinUI/Strings/Resources,CFGEvntSLog.WinUI Resources,Language_SelectedSystemDefault,選択した言語: システム既定,Adiscon User Interface .resw source; locale=ja-JP; revision=edd9fe10d4a120194e4a0a1e60a5d04d661b79ab
CFGEvntSLog.WinUI/Strings/Resources,CFGEvntSLog.WinUI Resources,Language_StatusLanguageRestartFormat,言語を {0} に設定しました。言語リソースを再読み込みするにはクライアントを再起動してください。,Adiscon User Interface .resw source; locale=ja-JP; revision=edd9fe10d4a120194e4a0a1e60a5d04d661b79ab
CFGEvntSLog.WinUI/Strings/Resources,CFGEvntSLog.WinUI Resources,Language_StatusLoaded,Language selection is loaded.,Adiscon User Interface .resw source; locale=ja-JP; revision=edd9fe10d4a120194e4a0a1e60a5d04d661b79ab
CFGEvntSLog.WinUI/Strings/Resources,CFGEvntSLog.WinUI Resources,Language_StatusSystemDefaultRestart,言語を Windows のシステム既定に戻しました。言語リソースを再読み込みするにはクライアントを再起動してください。,Adiscon User Interface .resw source; locale=ja-JP; revision=edd9fe10d4a120194e4a0a1e60a5d04d661b79ab
CFGEvntSLog.WinUI/Strings/Resources,CFGEvntSLog.WinUI Resources,Language_SystemDefault,システム既定,Adiscon User Interface .resw source; locale=ja-JP; revision=edd9fe10d4a120194e4a0a1e60a5d04d661b79ab
CFGEvntSLog.WinUI/Strings/Resources,CFGEvntSLog.WinUI Resources,Language_Title,言語,Adiscon User Interface .resw source; locale=ja-JP; revision=edd9fe10d4a120194e4a0a1e60a5d04d661b79ab
CFGEvntSLog.WinUI/Strings/Resources,CFGEvntSLog.WinUI Resources,LicenseStatus_Expired,ライセンス ファイルの有効期限が切れています。,Adiscon User Interface .resw source; locale=ja-JP; revision=edd9fe10d4a120194e4a0a1e60a5d04d661b79ab
CFGEvntSLog.WinUI/Strings/Resources,CFGEvntSLog.WinUI Resources,LicenseStatus_FileLicensed,ライセンス ファイルはライセンス済みです。,Adiscon User Interface .resw source; locale=ja-JP; revision=edd9fe10d4a120194e4a0a1e60a5d04d661b79ab
CFGEvntSLog.WinUI/Strings/Resources,CFGEvntSLog.WinUI Resources,LicenseStatus_FileLicensedFor,ライセンス ファイルは %LICENSEE% 用にライセンスされています。,Adiscon User Interface .resw source; locale=ja-JP; revision=edd9fe10d4a120194e4a0a1e60a5d04d661b79ab
CFGEvntSLog.WinUI/Strings/Resources,CFGEvntSLog.WinUI Resources,LicenseStatus_FileTrial,ライセンス ファイルの試用版が構成されています。,Adiscon User Interface .resw source; locale=ja-JP; revision=edd9fe10d4a120194e4a0a1e60a5d04d661b79ab
CFGEvntSLog.WinUI/Strings/Resources,CFGEvntSLog.WinUI Resources,LicenseStatus_FileTrialWithDays,ライセンス ファイルの試用版、残り日数: %DAYSLEFT%。,Adiscon User Interface .resw source; locale=ja-JP; revision=edd9fe10d4a120194e4a0a1e60a5d04d661b79ab
CFGEvntSLog.WinUI/Strings/Resources,CFGEvntSLog.WinUI Resources,LicenseStatus_FreeNoLicense,無償版 / ライセンスが構成されていません。,Adiscon User Interface .resw source; locale=ja-JP; revision=edd9fe10d4a120194e4a0a1e60a5d04d661b79ab
CFGEvntSLog.WinUI/Strings/Resources,CFGEvntSLog.WinUI Resources,LicenseStatus_InvalidFile,有効なライセンス ファイルが構成されていません。,Adiscon User Interface .resw source; locale=ja-JP; revision=edd9fe10d4a120194e4a0a1e60a5d04d661b79ab
CFGEvntSLog.WinUI/Strings/Resources,CFGEvntSLog.WinUI Resources,LicenseStatus_Licensed,ライセンス済み。,Adiscon User Interface .resw source; locale=ja-JP; revision=edd9fe10d4a120194e4a0a1e60a5d04d661b79ab
CFGEvntSLog.WinUI/Strings/Resources,CFGEvntSLog.WinUI Resources,LicenseStatus_LicensedFor,%LICENSEE% 用にライセンスされています。,Adiscon User Interface .resw source; locale=ja-JP; revision=edd9fe10d4a120194e4a0a1e60a5d04d661b79ab
CFGEvntSLog.WinUI/Strings/Resources,CFGEvntSLog.WinUI Resources,LicenseStatus_MissingFile,ライセンス ファイルが見つかりません。,Adiscon User Interface .resw source; locale=ja-JP; revision=edd9fe10d4a120194e4a0a1e60a5d04d661b79ab
CFGEvntSLog.WinUI/Strings/Resources,CFGEvntSLog.WinUI Resources,LicenseStatus_NoBlock,ライセンス ブロックが読み込まれていません。,Adiscon User Interface .resw source; locale=ja-JP; revision=edd9fe10d4a120194e4a0a1e60a5d04d661b79ab
CFGEvntSLog.WinUI/Strings/Resources,CFGEvntSLog.WinUI Resources,LicenseStatus_NoLicense,ライセンスが構成されていません。,Adiscon User Interface .resw source; locale=ja-JP; revision=edd9fe10d4a120194e4a0a1e60a5d04d661b79ab
CFGEvntSLog.WinUI/Strings/Resources,CFGEvntSLog.WinUI Resources,LicenseStatus_ReleaseTrial,リリース試用版。,Adiscon User Interface .resw source; locale=ja-JP; revision=edd9fe10d4a120194e4a0a1e60a5d04d661b79ab
CFGEvntSLog.WinUI/Strings/Resources,CFGEvntSLog.WinUI Resources,LicenseStatus_ReleaseTrialExpired,リリース試用版の期限が切れています。,Adiscon User Interface .resw source; locale=ja-JP; revision=edd9fe10d4a120194e4a0a1e60a5d04d661b79ab
CFGEvntSLog.WinUI/Strings/Resources,CFGEvntSLog.WinUI Resources,LicenseStatus_ReleaseTrialWithDays,リリース試用版、残り日数: %DAYSLEFT%。,Adiscon User Interface .resw source; locale=ja-JP; revision=edd9fe10d4a120194e4a0a1e60a5d04d661b79ab
CFGEvntSLog.WinUI/Strings/Resources,CFGEvntSLog.WinUI Resources,LicenseStatus_TrialVersion,試用版。,Adiscon User Interface .resw source; locale=ja-JP; revision=edd9fe10d4a120194e4a0a1e60a5d04d661b79ab
CFGEvntSLog.WinUI/Strings/Resources,CFGEvntSLog.WinUI Resources,LicenseStatus_TrialVersionWithDays,試用版、残り日数: %DAYSLEFT%。,Adiscon User Interface .resw source; locale=ja-JP; revision=edd9fe10d4a120194e4a0a1e60a5d04d661b79ab
CFGEvntSLog.WinUI/Strings/Resources,CFGEvntSLog.WinUI Resources,LicenseValidation_ChooseFile,ライセンス ファイル (.alic) を選択してください。,Adiscon User Interface .resw source; locale=ja-JP; revision=edd9fe10d4a120194e4a0a1e60a5d04d661b79ab
CFGEvntSLog.WinUI/Strings/Resources,CFGEvntSLog.WinUI Resources,LicenseValidation_ClientLimit,クライアント上限: %VALUE%。,Adiscon User Interface .resw source; locale=ja-JP; revision=edd9fe10d4a120194e4a0a1e60a5d04d661b79ab
CFGEvntSLog.WinUI/Strings/Resources,CFGEvntSLog.WinUI Resources,LicenseValidation_Edition,エディション: %VALUE%。,Adiscon User Interface .resw source; locale=ja-JP; revision=edd9fe10d4a120194e4a0a1e60a5d04d661b79ab
CFGEvntSLog.WinUI/Strings/Resources,CFGEvntSLog.WinUI Resources,LicenseValidation_Expires,有効期限: %VALUE%。,Adiscon User Interface .resw source; locale=ja-JP; revision=edd9fe10d4a120194e4a0a1e60a5d04d661b79ab
CFGEvntSLog.WinUI/Strings/Resources,CFGEvntSLog.WinUI Resources,LicenseValidation_FileMissing,選択したライセンス ファイルが存在しません: %PATH%。,Adiscon User Interface .resw source; locale=ja-JP; revision=edd9fe10d4a120194e4a0a1e60a5d04d661b79ab
CFGEvntSLog.WinUI/Strings/Resources,CFGEvntSLog.WinUI Resources,LicenseValidation_Licensee,ライセンス所有者: %VALUE%。,Adiscon User Interface .resw source; locale=ja-JP; revision=edd9fe10d4a120194e4a0a1e60a5d04d661b79ab
CFGEvntSLog.WinUI/Strings/Resources,CFGEvntSLog.WinUI Resources,LicenseValidation_Product,製品: %VALUE%。,Adiscon User Interface .resw source; locale=ja-JP; revision=edd9fe10d4a120194e4a0a1e60a5d04d661b79ab
CFGEvntSLog.WinUI/Strings/Resources,CFGEvntSLog.WinUI Resources,LicenseValidation_ProductNotApplicable,この %PRODUCT% インストールではライセンス ファイルは無効です。,Adiscon User Interface .resw source; locale=ja-JP; revision=edd9fe10d4a120194e4a0a1e60a5d04d661b79ab
CFGEvntSLog.WinUI/Strings/Resources,CFGEvntSLog.WinUI Resources,LicenseValidation_ServiceVersionMismatch,ライセンス ファイルはバージョン %LICENSEVERSION% 用ですが、インストール済みサービスは %SERVICEVERSION% です。,Adiscon User Interface .resw source; locale=ja-JP; revision=edd9fe10d4a120194e4a0a1e60a5d04d661b79ab
CFGEvntSLog.WinUI/Strings/Resources,CFGEvntSLog.WinUI Resources,LicenseValidation_UnsupportedEdition,ライセンス ファイルにサポートされていないエディションが含まれています。,Adiscon User Interface .resw source; locale=ja-JP; revision=edd9fe10d4a120194e4a0a1e60a5d04d661b79ab
CFGEvntSLog.WinUI/Strings/Resources,CFGEvntSLog.WinUI Resources,LicenseValidation_Verified,ライセンス ファイルの署名を検証しました。,Adiscon User Interface .resw source; locale=ja-JP; revision=edd9fe10d4a120194e4a0a1e60a5d04d661b79ab
CFGEvntSLog.WinUI/Strings/Resources,CFGEvntSLog.WinUI Resources,LicenseValidation_VerifierMissing,OpenSSL 3.5.6 以降の検証ツールが見つかりません。,Adiscon User Interface .resw source; locale=ja-JP; revision=edd9fe10d4a120194e4a0a1e60a5d04d661b79ab
CFGEvntSLog.WinUI/Strings/Resources,CFGEvntSLog.WinUI Resources,ProductSection_AdvancedNote,このセクションは、メイン構成ワークフローに属さないエキスパート向けフローと製品固有の設定に使用します。,Adiscon User Interface .resw source; locale=ja-JP; revision=edd9fe10d4a120194e4a0a1e60a5d04d661b79ab
CFGEvntSLog.WinUI/Strings/Resources,CFGEvntSLog.WinUI Resources,ProductSection_AdvancedStatus,詳細は製品固有のエキスパート設定で使用できます。,Adiscon User Interface .resw source; locale=ja-JP; revision=edd9fe10d4a120194e4a0a1e60a5d04d661b79ab
CFGEvntSLog.WinUI/Strings/Resources,CFGEvntSLog.WinUI Resources,ProductSection_AdvancedTitle,詳細,Adiscon User Interface .resw source; locale=ja-JP; revision=edd9fe10d4a120194e4a0a1e60a5d04d661b79ab
CFGEvntSLog.WinUI/Strings/Resources,CFGEvntSLog.WinUI Resources,ProductSection_AdvancedWinSyslogNote,WinSyslog keeps Post Process Apps in the Configuration Console for Japanese builds.,Adiscon User Interface .resw source; locale=ja-JP; revision=edd9fe10d4a120194e4a0a1e60a5d04d661b79ab
CFGEvntSLog.WinUI/Strings/Resources,CFGEvntSLog.WinUI Resources,ProductSection_CountsFormat,全般ブロック: {0} | サービス: {1} | ルール グループ: {2},Adiscon User Interface .resw source; locale=ja-JP; revision=edd9fe10d4a120194e4a0a1e60a5d04d661b79ab
CFGEvntSLog.WinUI/Strings/Resources,CFGEvntSLog.WinUI Resources,ProductSection_LinksNote,このクライアントの製品、ドキュメント、サポート、診断リンクを使用してください。,Adiscon User Interface .resw source; locale=ja-JP; revision=edd9fe10d4a120194e4a0a1e60a5d04d661b79ab
CFGEvntSLog.WinUI/Strings/Resources,CFGEvntSLog.WinUI Resources,ProductSection_LinksTitle,リンクとフォローアップ,Adiscon User Interface .resw source; locale=ja-JP; revision=edd9fe10d4a120194e4a0a1e60a5d04d661b79ab
CFGEvntSLog.WinUI/Strings/Resources,CFGEvntSLog.WinUI Resources,ProductSection_LiveConfigurationContextTitle,ライブ構成コンテキスト,Adiscon User Interface .resw source; locale=ja-JP; revision=edd9fe10d4a120194e4a0a1e60a5d04d661b79ab
CFGEvntSLog.WinUI/Strings/Resources,CFGEvntSLog.WinUI Resources,ProductSection_ServiceStateFormat,サービス: {0} | 状態: {1},Adiscon User Interface .resw source; locale=ja-JP; revision=edd9fe10d4a120194e4a0a1e60a5d04d661b79ab
CFGEvntSLog.WinUI/Strings/Resources,CFGEvntSLog.WinUI Resources,ProductSection_SourceFormat,ソース: {0},Adiscon User Interface .resw source; locale=ja-JP; revision=edd9fe10d4a120194e4a0a1e60a5d04d661b79ab
CFGEvntSLog.WinUI/Strings/Resources,CFGEvntSLog.WinUI Resources,ProductSection_ToolsNote,診断はアクティブな構成スナップショットに基づくため、サポート作業はシェルの他の場所に表示される同じリーダーとサービス状態から開始できます。,Adiscon User Interface .resw source; locale=ja-JP; revision=edd9fe10d4a120194e4a0a1e60a5d04d661b79ab
CFGEvntSLog.WinUI/Strings/Resources,CFGEvntSLog.WinUI Resources,ProductSection_ToolsStatus,ツールは製品固有のドキュメントとライブ構成コンテキストを表示します。,Adiscon User Interface .resw source; locale=ja-JP; revision=edd9fe10d4a120194e4a0a1e60a5d04d661b79ab
CFGEvntSLog.WinUI/Strings/Resources,CFGEvntSLog.WinUI Resources,ProductSection_ToolsTitle,ツール,Adiscon User Interface .resw source; locale=ja-JP; revision=edd9fe10d4a120194e4a0a1e60a5d04d661b79ab
CFGEvntSLog.WinUI/Strings/Resources,CFGEvntSLog.WinUI Resources,ServiceRuntime_ButtonKillProcess,Kill service process,Adiscon User Interface .resw source; locale=ja-JP; revision=edd9fe10d4a120194e4a0a1e60a5d04d661b79ab
CFGEvntSLog.WinUI/Strings/Resources,CFGEvntSLog.WinUI Resources,ServiceRuntime_ButtonOpenServices,Open Windows Services,Adiscon User Interface .resw source; locale=ja-JP; revision=edd9fe10d4a120194e4a0a1e60a5d04d661b79ab
CFGEvntSLog.WinUI/Strings/Resources,CFGEvntSLog.WinUI Resources,ServiceRuntime_ButtonRefresh,Refresh,Adiscon User Interface .resw source; locale=ja-JP; revision=edd9fe10d4a120194e4a0a1e60a5d04d661b79ab
CFGEvntSLog.WinUI/Strings/Resources,CFGEvntSLog.WinUI Resources,ServiceRuntime_ButtonRestart,Restart,Adiscon User Interface .resw source; locale=ja-JP; revision=edd9fe10d4a120194e4a0a1e60a5d04d661b79ab
CFGEvntSLog.WinUI/Strings/Resources,CFGEvntSLog.WinUI Resources,ServiceRuntime_ButtonStart,Start,Adiscon User Interface .resw source; locale=ja-JP; revision=edd9fe10d4a120194e4a0a1e60a5d04d661b79ab
CFGEvntSLog.WinUI/Strings/Resources,CFGEvntSLog.WinUI Resources,ServiceRuntime_ButtonStop,Stop,Adiscon User Interface .resw source; locale=ja-JP; revision=edd9fe10d4a120194e4a0a1e60a5d04d661b79ab
CFGEvntSLog.WinUI/Strings/Resources,CFGEvntSLog.WinUI Resources,ServiceRuntime_DisabledAccessDenied,Administrator rights are needed to query or control the background service.,Adiscon User Interface .resw source; locale=ja-JP; revision=edd9fe10d4a120194e4a0a1e60a5d04d661b79ab
CFGEvntSLog.WinUI/Strings/Resources,CFGEvntSLog.WinUI Resources,ServiceRuntime_DisabledControlUnavailable,"Windows cannot send service control commands right now. Wait, check Windows Services, or kill the service process if it is still running.",Adiscon User Interface .resw source; locale=ja-JP; revision=edd9fe10d4a120194e4a0a1e60a5d04d661b79ab
CFGEvntSLog.WinUI/Strings/Resources,CFGEvntSLog.WinUI Resources,ServiceRuntime_DisabledNotInstalled,The Windows service is not installed.,Adiscon User Interface .resw source; locale=ja-JP; revision=edd9fe10d4a120194e4a0a1e60a5d04d661b79ab
CFGEvntSLog.WinUI/Strings/Resources,CFGEvntSLog.WinUI Resources,ServiceRuntime_DisabledNotLoaded,Service state has not been loaded yet.,Adiscon User Interface .resw source; locale=ja-JP; revision=edd9fe10d4a120194e4a0a1e60a5d04d661b79ab
CFGEvntSLog.WinUI/Strings/Resources,CFGEvntSLog.WinUI Resources,ServiceRuntime_DisabledPaused,Service is paused while reloading configuration. Stop and Restart are disabled until reload completes.,Adiscon User Interface .resw source; locale=ja-JP; revision=edd9fe10d4a120194e4a0a1e60a5d04d661b79ab
CFGEvntSLog.WinUI/Strings/Resources,CFGEvntSLog.WinUI Resources,ServiceRuntime_DisabledPausing,Service is pausing. Wait for Windows to finish the transition.,Adiscon User Interface .resw source; locale=ja-JP; revision=edd9fe10d4a120194e4a0a1e60a5d04d661b79ab
CFGEvntSLog.WinUI/Strings/Resources,CFGEvntSLog.WinUI Resources,ServiceRuntime_DisabledProcessMismatch,The service process is running without clean Windows service control. Use Kill service process or check Windows Services.,Adiscon User Interface .resw source; locale=ja-JP; revision=edd9fe10d4a120194e4a0a1e60a5d04d661b79ab
CFGEvntSLog.WinUI/Strings/Resources,CFGEvntSLog.WinUI Resources,ServiceRuntime_DisabledResuming,Service is resuming. Wait for Windows to finish the transition.,Adiscon User Interface .resw source; locale=ja-JP; revision=edd9fe10d4a120194e4a0a1e60a5d04d661b79ab
CFGEvntSLog.WinUI/Strings/Resources,CFGEvntSLog.WinUI Resources,ServiceRuntime_DisabledStarting,Service is starting. Wait for Windows to finish the transition.,Adiscon User Interface .resw source; locale=ja-JP; revision=edd9fe10d4a120194e4a0a1e60a5d04d661b79ab
CFGEvntSLog.WinUI/Strings/Resources,CFGEvntSLog.WinUI Resources,ServiceRuntime_DisabledStopping,Service is stopping. Wait for Windows to finish the transition.,Adiscon User Interface .resw source; locale=ja-JP; revision=edd9fe10d4a120194e4a0a1e60a5d04d661b79ab
CFGEvntSLog.WinUI/Strings/Resources,CFGEvntSLog.WinUI Resources,ServiceRuntime_DisabledUnavailable,Windows service state is unavailable. Check Windows Services.,Adiscon User Interface .resw source; locale=ja-JP; revision=edd9fe10d4a120194e4a0a1e60a5d04d661b79ab
CFGEvntSLog.WinUI/Strings/Resources,CFGEvntSLog.WinUI Resources,ServiceRuntime_DisabledUnknown,Service state is unknown. Refresh runtime state or check Windows Services.,Adiscon User Interface .resw source; locale=ja-JP; revision=edd9fe10d4a120194e4a0a1e60a5d04d661b79ab
CFGEvntSLog.WinUI/Strings/Resources,CFGEvntSLog.WinUI Resources,ServiceRuntime_RecoveryAccessDenied,Restart as administrator to control the background service.,Adiscon User Interface .resw source; locale=ja-JP; revision=edd9fe10d4a120194e4a0a1e60a5d04d661b79ab
CFGEvntSLog.WinUI/Strings/Resources,CFGEvntSLog.WinUI Resources,ServiceRuntime_RecoveryPending,"If this state remains for a long time, open Windows Services to compare the SCM state.",Adiscon User Interface .resw source; locale=ja-JP; revision=edd9fe10d4a120194e4a0a1e60a5d04d661b79ab
CFGEvntSLog.WinUI/Strings/Resources,CFGEvntSLog.WinUI Resources,ServiceRuntime_RecoveryProcessRunning,A matching service process is still running. Kill service process is available as a recovery action after confirmation.,Adiscon User Interface .resw source; locale=ja-JP; revision=edd9fe10d4a120194e4a0a1e60a5d04d661b79ab
CFGEvntSLog.WinUI/Strings/Resources,CFGEvntSLog.WinUI Resources,ServiceRuntime_StateAccessDenied,Cannot query service (access denied),Adiscon User Interface .resw source; locale=ja-JP; revision=edd9fe10d4a120194e4a0a1e60a5d04d661b79ab
CFGEvntSLog.WinUI/Strings/Resources,CFGEvntSLog.WinUI Resources,ServiceRuntime_StateControlUnavailable,Control unavailable,Adiscon User Interface .resw source; locale=ja-JP; revision=edd9fe10d4a120194e4a0a1e60a5d04d661b79ab
CFGEvntSLog.WinUI/Strings/Resources,CFGEvntSLog.WinUI Resources,ServiceRuntime_StateNotInstalled,Not installed,Adiscon User Interface .resw source; locale=ja-JP; revision=edd9fe10d4a120194e4a0a1e60a5d04d661b79ab
CFGEvntSLog.WinUI/Strings/Resources,CFGEvntSLog.WinUI Resources,ServiceRuntime_StatePaused,Paused (Reloading),Adiscon User Interface .resw source; locale=ja-JP; revision=edd9fe10d4a120194e4a0a1e60a5d04d661b79ab
CFGEvntSLog.WinUI/Strings/Resources,CFGEvntSLog.WinUI Resources,ServiceRuntime_StatePausing,Pausing,Adiscon User Interface .resw source; locale=ja-JP; revision=edd9fe10d4a120194e4a0a1e60a5d04d661b79ab
CFGEvntSLog.WinUI/Strings/Resources,CFGEvntSLog.WinUI Resources,ServiceRuntime_StateProcessMismatch,Process running without service,Adiscon User Interface .resw source; locale=ja-JP; revision=edd9fe10d4a120194e4a0a1e60a5d04d661b79ab
CFGEvntSLog.WinUI/Strings/Resources,CFGEvntSLog.WinUI Resources,ServiceRuntime_StateResuming,Resuming,Adiscon User Interface .resw source; locale=ja-JP; revision=edd9fe10d4a120194e4a0a1e60a5d04d661b79ab
CFGEvntSLog.WinUI/Strings/Resources,CFGEvntSLog.WinUI Resources,ServiceRuntime_StateRunning,Running,Adiscon User Interface .resw source; locale=ja-JP; revision=edd9fe10d4a120194e4a0a1e60a5d04d661b79ab
CFGEvntSLog.WinUI/Strings/Resources,CFGEvntSLog.WinUI Resources,ServiceRuntime_StateStarting,Starting,Adiscon User Interface .resw source; locale=ja-JP; revision=edd9fe10d4a120194e4a0a1e60a5d04d661b79ab
CFGEvntSLog.WinUI/Strings/Resources,CFGEvntSLog.WinUI Resources,ServiceRuntime_StateStopped,Stopped,Adiscon User Interface .resw source; locale=ja-JP; revision=edd9fe10d4a120194e4a0a1e60a5d04d661b79ab
CFGEvntSLog.WinUI/Strings/Resources,CFGEvntSLog.WinUI Resources,ServiceRuntime_StateStopping,Stopping,Adiscon User Interface .resw source; locale=ja-JP; revision=edd9fe10d4a120194e4a0a1e60a5d04d661b79ab
CFGEvntSLog.WinUI/Strings/Resources,CFGEvntSLog.WinUI Resources,ServiceRuntime_StateUnavailable,Unavailable,Adiscon User Interface .resw source; locale=ja-JP; revision=edd9fe10d4a120194e4a0a1e60a5d04d661b79ab
CFGEvntSLog.WinUI/Strings/Resources,CFGEvntSLog.WinUI Resources,ServiceRuntime_StateUnknown,Unknown,Adiscon User Interface .resw source; locale=ja-JP; revision=edd9fe10d4a120194e4a0a1e60a5d04d661b79ab
CFGEvntSLog.WinUI/Strings/Resources,CFGEvntSLog.WinUI Resources,ServiceRuntime_Summary,Start and restart save pending configuration changes before running the service. Stop refreshes the shared runtime state without forcing a save first.,Adiscon User Interface .resw source; locale=ja-JP; revision=edd9fe10d4a120194e4a0a1e60a5d04d661b79ab
CFGEvntSLog.WinUI/Strings/Resources,CFGEvntSLog.WinUI Resources,ServiceRuntime_Title,Windows service,Adiscon User Interface .resw source; locale=ja-JP; revision=edd9fe10d4a120194e4a0a1e60a5d04d661b79ab
CFGEvntSLog.WinUI/Strings/Resources,CFGEvntSLog.WinUI Resources,Shell_Nav_advanced_Description,製品固有のエキスパート設定を開きます。,Adiscon User Interface .resw source; locale=ja-JP; revision=edd9fe10d4a120194e4a0a1e60a5d04d661b79ab
CFGEvntSLog.WinUI/Strings/Resources,CFGEvntSLog.WinUI Resources,Shell_Nav_advanced_Label,詳細,Adiscon User Interface .resw source; locale=ja-JP; revision=edd9fe10d4a120194e4a0a1e60a5d04d661b79ab
CFGEvntSLog.WinUI/Strings/Resources,CFGEvntSLog.WinUI Resources,Shell_Nav_configuration_ChildSectionHeader,構成領域,Adiscon User Interface .resw source; locale=ja-JP; revision=edd9fe10d4a120194e4a0a1e60a5d04d661b79ab
CFGEvntSLog.WinUI/Strings/Resources,CFGEvntSLog.WinUI Resources,Shell_Nav_configuration_Description,構成ツリーを主なナビゲータとして使用し、選択した項目をワークベンチで編集します。,Adiscon User Interface .resw source; locale=ja-JP; revision=edd9fe10d4a120194e4a0a1e60a5d04d661b79ab
CFGEvntSLog.WinUI/Strings/Resources,CFGEvntSLog.WinUI Resources,Shell_Nav_configuration_Label,構成ワークベンチ,Adiscon User Interface .resw source; locale=ja-JP; revision=edd9fe10d4a120194e4a0a1e60a5d04d661b79ab
CFGEvntSLog.WinUI/Strings/Resources,CFGEvntSLog.WinUI Resources,Shell_Nav_help_ChildSectionHeader,クライアント オプション,Adiscon User Interface .resw source; locale=ja-JP; revision=edd9fe10d4a120194e4a0a1e60a5d04d661b79ab
CFGEvntSLog.WinUI/Strings/Resources,CFGEvntSLog.WinUI Resources,Shell_Nav_help_Description,バージョン情報、製品リンク、サポート参照を開きます。,Adiscon User Interface .resw source; locale=ja-JP; revision=edd9fe10d4a120194e4a0a1e60a5d04d661b79ab
CFGEvntSLog.WinUI/Strings/Resources,CFGEvntSLog.WinUI Resources,Shell_Nav_help_Label,ヘルプ / バージョン情報,Adiscon User Interface .resw source; locale=ja-JP; revision=edd9fe10d4a120194e4a0a1e60a5d04d661b79ab
CFGEvntSLog.WinUI/Strings/Resources,CFGEvntSLog.WinUI Resources,Shell_Nav_help_language_Description,クライアントの表示言語とパッケージ リソースの上書きを選択します。,Adiscon User Interface .resw source; locale=ja-JP; revision=edd9fe10d4a120194e4a0a1e60a5d04d661b79ab
CFGEvntSLog.WinUI/Strings/Resources,CFGEvntSLog.WinUI Resources,Shell_Nav_help_language_Label,言語,Adiscon User Interface .resw source; locale=ja-JP; revision=edd9fe10d4a120194e4a0a1e60a5d04d661b79ab
CFGEvntSLog.WinUI/Strings/Resources,CFGEvntSLog.WinUI Resources,Shell_Nav_home_Description,製品ダッシュボードと現在の実行時サマリーを開きます。,Adiscon User Interface .resw source; locale=ja-JP; revision=edd9fe10d4a120194e4a0a1e60a5d04d661b79ab
CFGEvntSLog.WinUI/Strings/Resources,CFGEvntSLog.WinUI Resources,Shell_Nav_home_Label,ダッシュボード,Adiscon User Interface .resw source; locale=ja-JP; revision=edd9fe10d4a120194e4a0a1e60a5d04d661b79ab
CFGEvntSLog.WinUI/Strings/Resources,CFGEvntSLog.WinUI Resources,Shell_Nav_home_TopLevelSectionHeader,主要な作業領域,Adiscon User Interface .resw source; locale=ja-JP; revision=edd9fe10d4a120194e4a0a1e60a5d04d661b79ab
CFGEvntSLog.WinUI/Strings/Resources,CFGEvntSLog.WinUI Resources,Shell_Nav_post_process_apps_Description,Open WinSyslog post processing application settings in the Configuration Console.,Adiscon User Interface .resw source; locale=ja-JP; revision=edd9fe10d4a120194e4a0a1e60a5d04d661b79ab
CFGEvntSLog.WinUI/Strings/Resources,CFGEvntSLog.WinUI Resources,Shell_Nav_post_process_apps_Label,Post Process Apps,Adiscon User Interface .resw source; locale=ja-JP; revision=edd9fe10d4a120194e4a0a1e60a5d04d661b79ab
CFGEvntSLog.WinUI/Strings/Resources,CFGEvntSLog.WinUI Resources,Shell_Nav_tools_ChildSectionHeader,診断およびリモート ツール,Adiscon User Interface .resw source; locale=ja-JP; revision=edd9fe10d4a120194e4a0a1e60a5d04d661b79ab
CFGEvntSLog.WinUI/Strings/Resources,CFGEvntSLog.WinUI Resources,Shell_Nav_tools_Description,リモート レジストリと検出ツールを開きます。,Adiscon User Interface .resw source; locale=ja-JP; revision=edd9fe10d4a120194e4a0a1e60a5d04d661b79ab
CFGEvntSLog.WinUI/Strings/Resources,CFGEvntSLog.WinUI Resources,Shell_Nav_tools_Label,ツール,Adiscon User Interface .resw source; locale=ja-JP; revision=edd9fe10d4a120194e4a0a1e60a5d04d661b79ab
CFGEvntSLog.WinUI/Strings/Resources,CFGEvntSLog.WinUI Resources,Shell_Nav_tools_TopLevelSectionHeader,ユーティリティ,Adiscon User Interface .resw source; locale=ja-JP; revision=edd9fe10d4a120194e4a0a1e60a5d04d661b79ab
CFGEvntSLog.WinUI/Strings/Resources,CFGEvntSLog.WinUI Resources,Shell_Nav_tools_connect_Label,リモート レジストリに接続,Adiscon User Interface .resw source; locale=ja-JP; revision=edd9fe10d4a120194e4a0a1e60a5d04d661b79ab
CFGEvntSLog.WinUI/Strings/Resources,CFGEvntSLog.WinUI Resources,Shell_Nav_tools_debug_log_viewer_Description,アクティブなデバッグ ログ ファイルを読み込んで分析します。,Adiscon User Interface .resw source; locale=ja-JP; revision=edd9fe10d4a120194e4a0a1e60a5d04d661b79ab
CFGEvntSLog.WinUI/Strings/Resources,CFGEvntSLog.WinUI Resources,Shell_Nav_tools_debug_log_viewer_Label,デバッグ ログ,Adiscon User Interface .resw source; locale=ja-JP; revision=edd9fe10d4a120194e4a0a1e60a5d04d661b79ab
CFGEvntSLog.WinUI/Strings/Resources,CFGEvntSLog.WinUI Resources,Shell_Nav_tools_discovery_Label,ネットワーク検出 (WMI),Adiscon User Interface .resw source; locale=ja-JP; revision=edd9fe10d4a120194e4a0a1e60a5d04d661b79ab
CFGEvntSLog.WinUI/Strings/Resources,CFGEvntSLog.WinUI Resources,Shell_Nav_tools_storage_source_Description,ワークベンチのストレージ ソース ユーティリティ パネルを開きます。,Adiscon User Interface .resw source; locale=ja-JP; revision=edd9fe10d4a120194e4a0a1e60a5d04d661b79ab
CFGEvntSLog.WinUI/Strings/Resources,CFGEvntSLog.WinUI Resources,Shell_Nav_tools_storage_source_Label,ストレージ ソース,Adiscon User Interface .resw source; locale=ja-JP; revision=edd9fe10d4a120194e4a0a1e60a5d04d661b79ab
CFGEvntSLog.WinUI/Strings/Resources,CFGEvntSLog.WinUI Resources,Shell_Nav_tools_syslog_test_message_Description,リスナーとネットワーク パスを検証するために Syslog テスト メッセージを送信します。,Adiscon User Interface .resw source; locale=ja-JP; revision=edd9fe10d4a120194e4a0a1e60a5d04d661b79ab
CFGEvntSLog.WinUI/Strings/Resources,CFGEvntSLog.WinUI Resources,Shell_Nav_tools_syslog_test_message_Label,Syslog テスト メッセージ,Adiscon User Interface .resw source; locale=ja-JP; revision=edd9fe10d4a120194e4a0a1e60a5d04d661b79ab
CFGEvntSLog.WinUI/Strings/Resources,CFGEvntSLog.WinUI Resources,Shell_Nav_tools_windows_service_Description,ワークベンチの Windows サービス ユーティリティ パネルを開きます。,Adiscon User Interface .resw source; locale=ja-JP; revision=edd9fe10d4a120194e4a0a1e60a5d04d661b79ab
CFGEvntSLog.WinUI/Strings/Resources,CFGEvntSLog.WinUI Resources,Shell_Nav_tools_windows_service_Label,Windows サービス,Adiscon User Interface .resw source; locale=ja-JP; revision=edd9fe10d4a120194e4a0a1e60a5d04d661b79ab
CFGEvntSLog.WinUI/Strings/Resources,CFGEvntSLog.WinUI Resources,Shell_NoUrlConfigured,この操作に URL が構成されていません。,Adiscon User Interface .resw source; locale=ja-JP; revision=edd9fe10d4a120194e4a0a1e60a5d04d661b79ab
CFGEvntSLog.WinUI/Strings/Resources,CFGEvntSLog.WinUI Resources,Shell_PaneFooter,このレールはアプリ領域を切り替えます。構成ドキュメント内の項目は切り替えません。,Adiscon User Interface .resw source; locale=ja-JP; revision=edd9fe10d4a120194e4a0a1e60a5d04d661b79ab
CFGEvntSLog.WinUI/Strings/Resources,CFGEvntSLog.WinUI Resources,Shell_PaneIntroFormat,ここで {0} の作業領域を選択します。ドキュメント ツリーは構成内にのみ表示され、読み込まれた構成ファイルを反映します。,Adiscon User Interface .resw source; locale=ja-JP; revision=edd9fe10d4a120194e4a0a1e60a5d04d661b79ab
CFGEvntSLog.WinUI/Strings/Resources,CFGEvntSLog.WinUI Resources,Shell_PaneIntroTitle,アプリ ナビゲーション,Adiscon User Interface .resw source; locale=ja-JP; revision=edd9fe10d4a120194e4a0a1e60a5d04d661b79ab
CFGEvntSLog.WinUI/Strings/Resources,CFGEvntSLog.WinUI Resources,Shell_StartupErrorTitle,起動エラー,Adiscon User Interface .resw source; locale=ja-JP; revision=edd9fe10d4a120194e4a0a1e60a5d04d661b79ab
CFGEvntSLog.WinUI/Strings/Resources,CFGEvntSLog.WinUI Resources,Shell_UrlOpenFailed,Windows は要求された URL を開けませんでした。,Adiscon User Interface .resw source; locale=ja-JP; revision=edd9fe10d4a120194e4a0a1e60a5d04d661b79ab
CFGEvntSLog.WinUI/Strings/Resources,CFGEvntSLog.WinUI Resources,Workbench_CatalogCategory_Database_monitoring,データベース監視,Adiscon User Interface .resw source; locale=ja-JP; revision=edd9fe10d4a120194e4a0a1e60a5d04d661b79ab
CFGEvntSLog.WinUI/Strings/Resources,CFGEvntSLog.WinUI Resources,Workbench_CatalogCategory_Database_output,データベース出力,Adiscon User Interface .resw source; locale=ja-JP; revision=edd9fe10d4a120194e4a0a1e60a5d04d661b79ab
CFGEvntSLog.WinUI/Strings/Resources,CFGEvntSLog.WinUI Resources,Workbench_CatalogCategory_Device_monitoring,デバイス監視,Adiscon User Interface .resw source; locale=ja-JP; revision=edd9fe10d4a120194e4a0a1e60a5d04d661b79ab
CFGEvntSLog.WinUI/Strings/Resources,CFGEvntSLog.WinUI Resources,Workbench_CatalogCategory_Device_output,デバイス出力,Adiscon User Interface .resw source; locale=ja-JP; revision=edd9fe10d4a120194e4a0a1e60a5d04d661b79ab
CFGEvntSLog.WinUI/Strings/Resources,CFGEvntSLog.WinUI Resources,Workbench_CatalogCategory_Event_collection,イベント収集,Adiscon User Interface .resw source; locale=ja-JP; revision=edd9fe10d4a120194e4a0a1e60a5d04d661b79ab
CFGEvntSLog.WinUI/Strings/Resources,CFGEvntSLog.WinUI Resources,Workbench_CatalogCategory_Event_enrichment,イベント拡張,Adiscon User Interface .resw source; locale=ja-JP; revision=edd9fe10d4a120194e4a0a1e60a5d04d661b79ab
CFGEvntSLog.WinUI/Strings/Resources,CFGEvntSLog.WinUI Resources,Workbench_CatalogCategory_File_monitoring,ファイル監視,Adiscon User Interface .resw source; locale=ja-JP; revision=edd9fe10d4a120194e4a0a1e60a5d04d661b79ab
CFGEvntSLog.WinUI/Strings/Resources,CFGEvntSLog.WinUI Resources,Workbench_CatalogCategory_Local_output,ローカル出力,Adiscon User Interface .resw source; locale=ja-JP; revision=edd9fe10d4a120194e4a0a1e60a5d04d661b79ab
CFGEvntSLog.WinUI/Strings/Resources,CFGEvntSLog.WinUI Resources,Workbench_CatalogCategory_Message_listeners,メッセージ リスナー,Adiscon User Interface .resw source; locale=ja-JP; revision=edd9fe10d4a120194e4a0a1e60a5d04d661b79ab
CFGEvntSLog.WinUI/Strings/Resources,CFGEvntSLog.WinUI Resources,Workbench_CatalogCategory_Network_output,ネットワーク出力,Adiscon User Interface .resw source; locale=ja-JP; revision=edd9fe10d4a120194e4a0a1e60a5d04d661b79ab
CFGEvntSLog.WinUI/Strings/Resources,CFGEvntSLog.WinUI Resources,Workbench_CatalogCategory_Network_probes,ネットワーク プローブ,Adiscon User Interface .resw source; locale=ja-JP; revision=edd9fe10d4a120194e4a0a1e60a5d04d661b79ab
CFGEvntSLog.WinUI/Strings/Resources,CFGEvntSLog.WinUI Resources,Workbench_CatalogCategory_Other,その他,Adiscon User Interface .resw source; locale=ja-JP; revision=edd9fe10d4a120194e4a0a1e60a5d04d661b79ab
CFGEvntSLog.WinUI/Strings/Resources,CFGEvntSLog.WinUI Resources,Workbench_CatalogCategory_Rule_flow,ルール フロー,Adiscon User Interface .resw source; locale=ja-JP; revision=edd9fe10d4a120194e4a0a1e60a5d04d661b79ab
CFGEvntSLog.WinUI/Strings/Resources,CFGEvntSLog.WinUI Resources,Workbench_CatalogCategory_System_monitoring,システム監視,Adiscon User Interface .resw source; locale=ja-JP; revision=edd9fe10d4a120194e4a0a1e60a5d04d661b79ab
CFGEvntSLog.WinUI/Strings/Resources,CFGEvntSLog.WinUI Resources,Workbench_CatalogCategory_System_operations,システム操作,Adiscon User Interface .resw source; locale=ja-JP; revision=edd9fe10d4a120194e4a0a1e60a5d04d661b79ab
CFGEvntSLog.WinUI/Strings/Resources,CFGEvntSLog.WinUI Resources,Workbench_CatalogPurposeFormat,{0} を構成します。,Adiscon User Interface .resw source; locale=ja-JP; revision=edd9fe10d4a120194e4a0a1e60a5d04d661b79ab
CFGEvntSLog.WinUI/Strings/Resources,CFGEvntSLog.WinUI Resources,Workbench_DisplayLabel_CustomerID,顧客 ID,Adiscon User Interface .resw source; locale=ja-JP; revision=edd9fe10d4a120194e4a0a1e60a5d04d661b79ab
CFGEvntSLog.WinUI/Strings/Resources,CFGEvntSLog.WinUI Resources,Workbench_DisplayLabel_Database_OLEDB,データベース OLE DB,Adiscon User Interface .resw source; locale=ja-JP; revision=edd9fe10d4a120194e4a0a1e60a5d04d661b79ab
CFGEvntSLog.WinUI/Strings/Resources,CFGEvntSLog.WinUI Resources,Workbench_DisplayLabel_FileAndSystem,ファイルおよびシステム モニター,Adiscon User Interface .resw source; locale=ja-JP; revision=edd9fe10d4a120194e4a0a1e60a5d04d661b79ab
CFGEvntSLog.WinUI/Strings/Resources,CFGEvntSLog.WinUI Resources,Workbench_DisplayLabel_QueueManager,キュー マネージャー,Adiscon User Interface .resw source; locale=ja-JP; revision=edd9fe10d4a120194e4a0a1e60a5d04d661b79ab
CFGEvntSLog.WinUI/Strings/Resources,CFGEvntSLog.WinUI Resources,Workbench_DisplayLabel_Queuelimit,キュー制限,Adiscon User Interface .resw source; locale=ja-JP; revision=edd9fe10d4a120194e4a0a1e60a5d04d661b79ab
CFGEvntSLog.WinUI/Strings/Resources,CFGEvntSLog.WinUI Resources,Workbench_DisplayLabel_SNMP_Mibs,SNMP MIB,Adiscon User Interface .resw source; locale=ja-JP; revision=edd9fe10d4a120194e4a0a1e60a5d04d661b79ab
CFGEvntSLog.WinUI/Strings/Resources,CFGEvntSLog.WinUI Resources,Workbench_DisplayLabel_SystemID,システム ID,Adiscon User Interface .resw source; locale=ja-JP; revision=edd9fe10d4a120194e4a0a1e60a5d04d661b79ab
CFGEvntSLog.WinUI/Strings/Resources,CFGEvntSLog.WinUI Resources,Workbench_DisplayLabel_TCPOptions,TCP オプション,Adiscon User Interface .resw source; locale=ja-JP; revision=edd9fe10d4a120194e4a0a1e60a5d04d661b79ab
CFGEvntSLog.WinUI/Strings/Resources,CFGEvntSLog.WinUI Resources,Workbench_DisplayLabel_TLSAdvanced_Options,詳細 TLS オプション,Adiscon User Interface .resw source; locale=ja-JP; revision=edd9fe10d4a120194e4a0a1e60a5d04d661b79ab
CFGEvntSLog.WinUI/Strings/Resources,CFGEvntSLog.WinUI Resources,Workbench_FilterGroup_Basic_Filters,ベーシック フィルタ,Adiscon User Interface .resw source; locale=ja-JP; revision=edd9fe10d4a120194e4a0a1e60a5d04d661b79ab
CFGEvntSLog.WinUI/Strings/Resources,CFGEvntSLog.WinUI Resources,Workbench_FilterGroup_CPU_and_memory_monitor,CPU and memory monitor,Adiscon User Interface .resw source; locale=ja-JP; revision=edd9fe10d4a120194e4a0a1e60a5d04d661b79ab
CFGEvntSLog.WinUI/Strings/Resources,CFGEvntSLog.WinUI Resources,Workbench_FilterGroup_Custom_Property,カスタム プロパティ,Adiscon User Interface .resw source; locale=ja-JP; revision=edd9fe10d4a120194e4a0a1e60a5d04d661b79ab
CFGEvntSLog.WinUI/Strings/Resources,CFGEvntSLog.WinUI Resources,Workbench_FilterGroup_Date_Time,曜日/時間,Adiscon User Interface .resw source; locale=ja-JP; revision=edd9fe10d4a120194e4a0a1e60a5d04d661b79ab
CFGEvntSLog.WinUI/Strings/Resources,CFGEvntSLog.WinUI Resources,Workbench_FilterGroup_Date_and_time,Date and time,Adiscon User Interface .resw source; locale=ja-JP; revision=edd9fe10d4a120194e4a0a1e60a5d04d661b79ab
CFGEvntSLog.WinUI/Strings/Resources,CFGEvntSLog.WinUI Resources,Workbench_FilterGroup_Disk_Space_Monitor,Disk Space Monitor,Adiscon User Interface .resw source; locale=ja-JP; revision=edd9fe10d4a120194e4a0a1e60a5d04d661b79ab
CFGEvntSLog.WinUI/Strings/Resources,CFGEvntSLog.WinUI Resources,Workbench_FilterGroup_Event_Log_Monitor,イベントログの監視,Adiscon User Interface .resw source; locale=ja-JP; revision=edd9fe10d4a120194e4a0a1e60a5d04d661b79ab
CFGEvntSLog.WinUI/Strings/Resources,CFGEvntSLog.WinUI Resources,Workbench_FilterGroup_Event_Log_Monitor_V2,イベントログの監視 V2,Adiscon User Interface .resw source; locale=ja-JP; revision=edd9fe10d4a120194e4a0a1e60a5d04d661b79ab
CFGEvntSLog.WinUI/Strings/Resources,CFGEvntSLog.WinUI Resources,Workbench_FilterGroup_Extended_IP_Property,拡張IPプロパティ,Adiscon User Interface .resw source; locale=ja-JP; revision=edd9fe10d4a120194e4a0a1e60a5d04d661b79ab
CFGEvntSLog.WinUI/Strings/Resources,CFGEvntSLog.WinUI Resources,Workbench_FilterGroup_Extended_Number_Property,拡張プロパティ,Adiscon User Interface .resw source; locale=ja-JP; revision=edd9fe10d4a120194e4a0a1e60a5d04d661b79ab
CFGEvntSLog.WinUI/Strings/Resources,CFGEvntSLog.WinUI Resources,Workbench_FilterGroup_FTP_Probe,FTP 探査,Adiscon User Interface .resw source; locale=ja-JP; revision=edd9fe10d4a120194e4a0a1e60a5d04d661b79ab
CFGEvntSLog.WinUI/Strings/Resources,CFGEvntSLog.WinUI Resources,Workbench_FilterGroup_File_Exists,ファイル確認,Adiscon User Interface .resw source; locale=ja-JP; revision=edd9fe10d4a120194e4a0a1e60a5d04d661b79ab
CFGEvntSLog.WinUI/Strings/Resources,CFGEvntSLog.WinUI Resources,Workbench_FilterGroup_File_Monitor,ファイル モニタ,Adiscon User Interface .resw source; locale=ja-JP; revision=edd9fe10d4a120194e4a0a1e60a5d04d661b79ab
CFGEvntSLog.WinUI/Strings/Resources,CFGEvntSLog.WinUI Resources,Workbench_FilterGroup_File_and_system_services,File and system services,Adiscon User Interface .resw source; locale=ja-JP; revision=edd9fe10d4a120194e4a0a1e60a5d04d661b79ab
CFGEvntSLog.WinUI/Strings/Resources,CFGEvntSLog.WinUI Resources,Workbench_FilterGroup_General,全般,Adiscon User Interface .resw source; locale=ja-JP; revision=edd9fe10d4a120194e4a0a1e60a5d04d661b79ab
CFGEvntSLog.WinUI/Strings/Resources,CFGEvntSLog.WinUI Resources,Workbench_FilterGroup_HTTP_Probe,HTTP 探査,Adiscon User Interface .resw source; locale=ja-JP; revision=edd9fe10d4a120194e4a0a1e60a5d04d661b79ab
CFGEvntSLog.WinUI/Strings/Resources,CFGEvntSLog.WinUI Resources,Workbench_FilterGroup_IMAP_Probe,IMAP 探査,Adiscon User Interface .resw source; locale=ja-JP; revision=edd9fe10d4a120194e4a0a1e60a5d04d661b79ab
CFGEvntSLog.WinUI/Strings/Resources,CFGEvntSLog.WinUI Resources,Workbench_FilterGroup_Information_unit_type,Information unit type,Adiscon User Interface .resw source; locale=ja-JP; revision=edd9fe10d4a120194e4a0a1e60a5d04d661b79ab
CFGEvntSLog.WinUI/Strings/Resources,CFGEvntSLog.WinUI Resources,Workbench_FilterGroup_Modern_shortcuts,Modern shortcuts,Adiscon User Interface .resw source; locale=ja-JP; revision=edd9fe10d4a120194e4a0a1e60a5d04d661b79ab
CFGEvntSLog.WinUI/Strings/Resources,CFGEvntSLog.WinUI Resources,Workbench_FilterGroup_NNTP_Probe,NNTP 探査,Adiscon User Interface .resw source; locale=ja-JP; revision=edd9fe10d4a120194e4a0a1e60a5d04d661b79ab
CFGEvntSLog.WinUI/Strings/Resources,CFGEvntSLog.WinUI Resources,Workbench_FilterGroup_NT_Service_Monitor,NT Service Monitor,Adiscon User Interface .resw source; locale=ja-JP; revision=edd9fe10d4a120194e4a0a1e60a5d04d661b79ab
CFGEvntSLog.WinUI/Strings/Resources,CFGEvntSLog.WinUI Resources,Workbench_FilterGroup_Network_Related_Services,ネットワーク関連のサービス,Adiscon User Interface .resw source; locale=ja-JP; revision=edd9fe10d4a120194e4a0a1e60a5d04d661b79ab
CFGEvntSLog.WinUI/Strings/Resources,CFGEvntSLog.WinUI Resources,Workbench_FilterGroup_Network_services,Network services,Adiscon User Interface .resw source; locale=ja-JP; revision=edd9fe10d4a120194e4a0a1e60a5d04d661b79ab
CFGEvntSLog.WinUI/Strings/Resources,CFGEvntSLog.WinUI Resources,Workbench_FilterGroup_Other_services,その他のサービス,Adiscon User Interface .resw source; locale=ja-JP; revision=edd9fe10d4a120194e4a0a1e60a5d04d661b79ab
CFGEvntSLog.WinUI/Strings/Resources,CFGEvntSLog.WinUI Resources,Workbench_FilterGroup_POP3_Probe,POP3 探査,Adiscon User Interface .resw source; locale=ja-JP; revision=edd9fe10d4a120194e4a0a1e60a5d04d661b79ab
CFGEvntSLog.WinUI/Strings/Resources,CFGEvntSLog.WinUI Resources,Workbench_FilterGroup_Probe_services,探査サービス,Adiscon User Interface .resw source; locale=ja-JP; revision=edd9fe10d4a120194e4a0a1e60a5d04d661b79ab
CFGEvntSLog.WinUI/Strings/Resources,CFGEvntSLog.WinUI Resources,Workbench_FilterGroup_SMTP_Probe,SMTP 探査,Adiscon User Interface .resw source; locale=ja-JP; revision=edd9fe10d4a120194e4a0a1e60a5d04d661b79ab
CFGEvntSLog.WinUI/Strings/Resources,CFGEvntSLog.WinUI Resources,Workbench_FilterGroup_SNMP_trap,SNMP trap,Adiscon User Interface .resw source; locale=ja-JP; revision=edd9fe10d4a120194e4a0a1e60a5d04d661b79ab
CFGEvntSLog.WinUI/Strings/Resources,CFGEvntSLog.WinUI Resources,Workbench_FilterGroup_Serial_Port_Monitor,Serial Port Monitor,Adiscon User Interface .resw source; locale=ja-JP; revision=edd9fe10d4a120194e4a0a1e60a5d04d661b79ab
CFGEvntSLog.WinUI/Strings/Resources,CFGEvntSLog.WinUI Resources,Workbench_FilterGroup_Syslog,Syslog,Adiscon User Interface .resw source; locale=ja-JP; revision=edd9fe10d4a120194e4a0a1e60a5d04d661b79ab
CFGEvntSLog.WinUI/Strings/Resources,CFGEvntSLog.WinUI Resources,Workbench_FilterGroup_Weekday,Weekday,Adiscon User Interface .resw source; locale=ja-JP; revision=edd9fe10d4a120194e4a0a1e60a5d04d661b79ab
CFGEvntSLog.WinUI/Strings/Resources,CFGEvntSLog.WinUI Resources,Workbench_FilterPreset_eval_cpu_load_Description,CPU load percentage,Adiscon User Interface .resw source; locale=ja-JP; revision=edd9fe10d4a120194e4a0a1e60a5d04d661b79ab
CFGEvntSLog.WinUI/Strings/Resources,CFGEvntSLog.WinUI Resources,Workbench_FilterPreset_eval_cpu_load_Title,CPU load,Adiscon User Interface .resw source; locale=ja-JP; revision=edd9fe10d4a120194e4a0a1e60a5d04d661b79ab
CFGEvntSLog.WinUI/Strings/Resources,CFGEvntSLog.WinUI Resources,Workbench_FilterPreset_eval_cpu_number_Description,CPU number,Adiscon User Interface .resw source; locale=ja-JP; revision=edd9fe10d4a120194e4a0a1e60a5d04d661b79ab
CFGEvntSLog.WinUI/Strings/Resources,CFGEvntSLog.WinUI Resources,Workbench_FilterPreset_eval_cpu_number_Title,CPU number,Adiscon User Interface .resw source; locale=ja-JP; revision=edd9fe10d4a120194e4a0a1e60a5d04d661b79ab
CFGEvntSLog.WinUI/Strings/Resources,CFGEvntSLog.WinUI Resources,Workbench_FilterPreset_eval_custom_Description,"Custom property, comparison, and value",Adiscon User Interface .resw source; locale=ja-JP; revision=edd9fe10d4a120194e4a0a1e60a5d04d661b79ab
CFGEvntSLog.WinUI/Strings/Resources,CFGEvntSLog.WinUI Resources,Workbench_FilterPreset_eval_custom_Title,Custom EVAL,Adiscon User Interface .resw source; locale=ja-JP; revision=edd9fe10d4a120194e4a0a1e60a5d04d661b79ab
CFGEvntSLog.WinUI/Strings/Resources,CFGEvntSLog.WinUI Resources,Workbench_FilterPreset_eval_customerid_Description,Customer identifier,Adiscon User Interface .resw source; locale=ja-JP; revision=edd9fe10d4a120194e4a0a1e60a5d04d661b79ab
CFGEvntSLog.WinUI/Strings/Resources,CFGEvntSLog.WinUI Resources,Workbench_FilterPreset_eval_customerid_Title,Customer ID,Adiscon User Interface .resw source; locale=ja-JP; revision=edd9fe10d4a120194e4a0a1e60a5d04d661b79ab
CFGEvntSLog.WinUI/Strings/Resources,CFGEvntSLog.WinUI Resources,Workbench_FilterPreset_eval_datetime_Description,Date or time window,Adiscon User Interface .resw source; locale=ja-JP; revision=edd9fe10d4a120194e4a0a1e60a5d04d661b79ab
CFGEvntSLog.WinUI/Strings/Resources,CFGEvntSLog.WinUI Resources,Workbench_FilterPreset_eval_datetime_Title,Date / time,Adiscon User Interface .resw source; locale=ja-JP; revision=edd9fe10d4a120194e4a0a1e60a5d04d661b79ab
CFGEvntSLog.WinUI/Strings/Resources,CFGEvntSLog.WinUI Resources,Workbench_FilterPreset_eval_disk_space_gigabytes_Description,Remaining disk space in gigabytes,Adiscon User Interface .resw source; locale=ja-JP; revision=edd9fe10d4a120194e4a0a1e60a5d04d661b79ab
CFGEvntSLog.WinUI/Strings/Resources,CFGEvntSLog.WinUI Resources,Workbench_FilterPreset_eval_disk_space_gigabytes_Title,Disk space left (GB),Adiscon User Interface .resw source; locale=ja-JP; revision=edd9fe10d4a120194e4a0a1e60a5d04d661b79ab
CFGEvntSLog.WinUI/Strings/Resources,CFGEvntSLog.WinUI Resources,Workbench_FilterPreset_eval_disk_space_megabytes_Description,Remaining disk space in megabytes,Adiscon User Interface .resw source; locale=ja-JP; revision=edd9fe10d4a120194e4a0a1e60a5d04d661b79ab
CFGEvntSLog.WinUI/Strings/Resources,CFGEvntSLog.WinUI Resources,Workbench_FilterPreset_eval_disk_space_megabytes_Title,Disk space left (MB),Adiscon User Interface .resw source; locale=ja-JP; revision=edd9fe10d4a120194e4a0a1e60a5d04d661b79ab
CFGEvntSLog.WinUI/Strings/Resources,CFGEvntSLog.WinUI Resources,Workbench_FilterPreset_eval_disk_space_percent_Description,Remaining disk space percentage,Adiscon User Interface .resw source; locale=ja-JP; revision=edd9fe10d4a120194e4a0a1e60a5d04d661b79ab
CFGEvntSLog.WinUI/Strings/Resources,CFGEvntSLog.WinUI Resources,Workbench_FilterPreset_eval_disk_space_percent_Title,Disk space left (%),Adiscon User Interface .resw source; locale=ja-JP; revision=edd9fe10d4a120194e4a0a1e60a5d04d661b79ab
CFGEvntSLog.WinUI/Strings/Resources,CFGEvntSLog.WinUI Resources,Workbench_FilterPreset_eval_event_v1_category_Description,Classic Event Log category,Adiscon User Interface .resw source; locale=ja-JP; revision=edd9fe10d4a120194e4a0a1e60a5d04d661b79ab
CFGEvntSLog.WinUI/Strings/Resources,CFGEvntSLog.WinUI Resources,Workbench_FilterPreset_eval_event_v1_category_Title,イベント カテゴリ,Adiscon User Interface .resw source; locale=ja-JP; revision=edd9fe10d4a120194e4a0a1e60a5d04d661b79ab
CFGEvntSLog.WinUI/Strings/Resources,CFGEvntSLog.WinUI Resources,Workbench_FilterPreset_eval_event_v1_category_name_Description,Classic Event Log category name,Adiscon User Interface .resw source; locale=ja-JP; revision=edd9fe10d4a120194e4a0a1e60a5d04d661b79ab
CFGEvntSLog.WinUI/Strings/Resources,CFGEvntSLog.WinUI Resources,Workbench_FilterPreset_eval_event_v1_category_name_Title,Event category name,Adiscon User Interface .resw source; locale=ja-JP; revision=edd9fe10d4a120194e4a0a1e60a5d04d661b79ab
CFGEvntSLog.WinUI/Strings/Resources,CFGEvntSLog.WinUI Resources,Workbench_FilterPreset_eval_event_v1_record_number_Description,Classic Event Log record number,Adiscon User Interface .resw source; locale=ja-JP; revision=edd9fe10d4a120194e4a0a1e60a5d04d661b79ab
CFGEvntSLog.WinUI/Strings/Resources,CFGEvntSLog.WinUI Resources,Workbench_FilterPreset_eval_event_v1_record_number_Title,Event record number,Adiscon User Interface .resw source; locale=ja-JP; revision=edd9fe10d4a120194e4a0a1e60a5d04d661b79ab
CFGEvntSLog.WinUI/Strings/Resources,CFGEvntSLog.WinUI Resources,Workbench_FilterPreset_eval_event_v1_severity_Description,Classic Event Log severity,Adiscon User Interface .resw source; locale=ja-JP; revision=edd9fe10d4a120194e4a0a1e60a5d04d661b79ab
CFGEvntSLog.WinUI/Strings/Resources,CFGEvntSLog.WinUI Resources,Workbench_FilterPreset_eval_event_v1_severity_Title,イベント 重要度,Adiscon User Interface .resw source; locale=ja-JP; revision=edd9fe10d4a120194e4a0a1e60a5d04d661b79ab
CFGEvntSLog.WinUI/Strings/Resources,CFGEvntSLog.WinUI Resources,Workbench_FilterPreset_eval_event_v1_source_Description,Classic Event Log source,Adiscon User Interface .resw source; locale=ja-JP; revision=edd9fe10d4a120194e4a0a1e60a5d04d661b79ab
CFGEvntSLog.WinUI/Strings/Resources,CFGEvntSLog.WinUI Resources,Workbench_FilterPreset_eval_event_v1_source_Title,イベント ソース,Adiscon User Interface .resw source; locale=ja-JP; revision=edd9fe10d4a120194e4a0a1e60a5d04d661b79ab
CFGEvntSLog.WinUI/Strings/Resources,CFGEvntSLog.WinUI Resources,Workbench_FilterPreset_eval_event_v1_type_Description,Classic Event Log event type,Adiscon User Interface .resw source; locale=ja-JP; revision=edd9fe10d4a120194e4a0a1e60a5d04d661b79ab
CFGEvntSLog.WinUI/Strings/Resources,CFGEvntSLog.WinUI Resources,Workbench_FilterPreset_eval_event_v1_type_Title,イベント タイプ,Adiscon User Interface .resw source; locale=ja-JP; revision=edd9fe10d4a120194e4a0a1e60a5d04d661b79ab
CFGEvntSLog.WinUI/Strings/Resources,CFGEvntSLog.WinUI Resources,Workbench_FilterPreset_eval_event_v1_user_Description,Classic Event Log user,Adiscon User Interface .resw source; locale=ja-JP; revision=edd9fe10d4a120194e4a0a1e60a5d04d661b79ab
CFGEvntSLog.WinUI/Strings/Resources,CFGEvntSLog.WinUI Resources,Workbench_FilterPreset_eval_event_v1_user_Title,イベント ユーザー,Adiscon User Interface .resw source; locale=ja-JP; revision=edd9fe10d4a120194e4a0a1e60a5d04d661b79ab
CFGEvntSLog.WinUI/Strings/Resources,CFGEvntSLog.WinUI Resources,Workbench_FilterPreset_eval_event_v2_category_Description,Event Log Monitor V2 category,Adiscon User Interface .resw source; locale=ja-JP; revision=edd9fe10d4a120194e4a0a1e60a5d04d661b79ab
CFGEvntSLog.WinUI/Strings/Resources,CFGEvntSLog.WinUI Resources,Workbench_FilterPreset_eval_event_v2_category_Title,イベント カテゴリ,Adiscon User Interface .resw source; locale=ja-JP; revision=edd9fe10d4a120194e4a0a1e60a5d04d661b79ab
CFGEvntSLog.WinUI/Strings/Resources,CFGEvntSLog.WinUI Resources,Workbench_FilterPreset_eval_event_v2_category_name_Description,Event Log Monitor V2 category name,Adiscon User Interface .resw source; locale=ja-JP; revision=edd9fe10d4a120194e4a0a1e60a5d04d661b79ab
CFGEvntSLog.WinUI/Strings/Resources,CFGEvntSLog.WinUI Resources,Workbench_FilterPreset_eval_event_v2_category_name_Title,Event category name,Adiscon User Interface .resw source; locale=ja-JP; revision=edd9fe10d4a120194e4a0a1e60a5d04d661b79ab
CFGEvntSLog.WinUI/Strings/Resources,CFGEvntSLog.WinUI Resources,Workbench_FilterPreset_eval_event_v2_channel_Description,Event Log Monitor V2 channel,Adiscon User Interface .resw source; locale=ja-JP; revision=edd9fe10d4a120194e4a0a1e60a5d04d661b79ab
CFGEvntSLog.WinUI/Strings/Resources,CFGEvntSLog.WinUI Resources,Workbench_FilterPreset_eval_event_v2_channel_Title,イベント チャンネル,Adiscon User Interface .resw source; locale=ja-JP; revision=edd9fe10d4a120194e4a0a1e60a5d04d661b79ab
CFGEvntSLog.WinUI/Strings/Resources,CFGEvntSLog.WinUI Resources,Workbench_FilterPreset_eval_event_v2_id_Description,Event Log Monitor V2 event ID,Adiscon User Interface .resw source; locale=ja-JP; revision=edd9fe10d4a120194e4a0a1e60a5d04d661b79ab
CFGEvntSLog.WinUI/Strings/Resources,CFGEvntSLog.WinUI Resources,Workbench_FilterPreset_eval_event_v2_id_Title,イベント ID,Adiscon User Interface .resw source; locale=ja-JP; revision=edd9fe10d4a120194e4a0a1e60a5d04d661b79ab
CFGEvntSLog.WinUI/Strings/Resources,CFGEvntSLog.WinUI Resources,Workbench_FilterPreset_eval_event_v2_keyword_Description,Event Log Monitor V2 keyword,Adiscon User Interface .resw source; locale=ja-JP; revision=edd9fe10d4a120194e4a0a1e60a5d04d661b79ab
CFGEvntSLog.WinUI/Strings/Resources,CFGEvntSLog.WinUI Resources,Workbench_FilterPreset_eval_event_v2_keyword_Title,イベント キーワード,Adiscon User Interface .resw source; locale=ja-JP; revision=edd9fe10d4a120194e4a0a1e60a5d04d661b79ab
CFGEvntSLog.WinUI/Strings/Resources,CFGEvntSLog.WinUI Resources,Workbench_FilterPreset_eval_event_v2_keyword_id_Description,Event Log Monitor V2 keyword ID,Adiscon User Interface .resw source; locale=ja-JP; revision=edd9fe10d4a120194e4a0a1e60a5d04d661b79ab
CFGEvntSLog.WinUI/Strings/Resources,CFGEvntSLog.WinUI Resources,Workbench_FilterPreset_eval_event_v2_keyword_id_Title,イベント キーワード ID,Adiscon User Interface .resw source; locale=ja-JP; revision=edd9fe10d4a120194e4a0a1e60a5d04d661b79ab
CFGEvntSLog.WinUI/Strings/Resources,CFGEvntSLog.WinUI Resources,Workbench_FilterPreset_eval_event_v2_level_Description,Event Log Monitor V2 level,Adiscon User Interface .resw source; locale=ja-JP; revision=edd9fe10d4a120194e4a0a1e60a5d04d661b79ab
CFGEvntSLog.WinUI/Strings/Resources,CFGEvntSLog.WinUI Resources,Workbench_FilterPreset_eval_event_v2_level_Title,イベント レベル,Adiscon User Interface .resw source; locale=ja-JP; revision=edd9fe10d4a120194e4a0a1e60a5d04d661b79ab
CFGEvntSLog.WinUI/Strings/Resources,CFGEvntSLog.WinUI Resources,Workbench_FilterPreset_eval_event_v2_raw_source_Description,Event Log Monitor V2 raw source,Adiscon User Interface .resw source; locale=ja-JP; revision=edd9fe10d4a120194e4a0a1e60a5d04d661b79ab
CFGEvntSLog.WinUI/Strings/Resources,CFGEvntSLog.WinUI Resources,Workbench_FilterPreset_eval_event_v2_raw_source_Title,Raw event source,Adiscon User Interface .resw source; locale=ja-JP; revision=edd9fe10d4a120194e4a0a1e60a5d04d661b79ab
CFGEvntSLog.WinUI/Strings/Resources,CFGEvntSLog.WinUI Resources,Workbench_FilterPreset_eval_event_v2_severity_Description,Event Log Monitor V2 severity,Adiscon User Interface .resw source; locale=ja-JP; revision=edd9fe10d4a120194e4a0a1e60a5d04d661b79ab
CFGEvntSLog.WinUI/Strings/Resources,CFGEvntSLog.WinUI Resources,Workbench_FilterPreset_eval_event_v2_severity_Title,イベント 重要度,Adiscon User Interface .resw source; locale=ja-JP; revision=edd9fe10d4a120194e4a0a1e60a5d04d661b79ab
CFGEvntSLog.WinUI/Strings/Resources,CFGEvntSLog.WinUI Resources,Workbench_FilterPreset_eval_event_v2_severity_id_Description,Event Log Monitor V2 severity ID,Adiscon User Interface .resw source; locale=ja-JP; revision=edd9fe10d4a120194e4a0a1e60a5d04d661b79ab
CFGEvntSLog.WinUI/Strings/Resources,CFGEvntSLog.WinUI Resources,Workbench_FilterPreset_eval_event_v2_severity_id_Title,イベント 重要度 ID,Adiscon User Interface .resw source; locale=ja-JP; revision=edd9fe10d4a120194e4a0a1e60a5d04d661b79ab
CFGEvntSLog.WinUI/Strings/Resources,CFGEvntSLog.WinUI Resources,Workbench_FilterPreset_eval_event_v2_source_Description,Event Log Monitor V2 source,Adiscon User Interface .resw source; locale=ja-JP; revision=edd9fe10d4a120194e4a0a1e60a5d04d661b79ab
CFGEvntSLog.WinUI/Strings/Resources,CFGEvntSLog.WinUI Resources,Workbench_FilterPreset_eval_event_v2_source_Title,イベント ソース,Adiscon User Interface .resw source; locale=ja-JP; revision=edd9fe10d4a120194e4a0a1e60a5d04d661b79ab
CFGEvntSLog.WinUI/Strings/Resources,CFGEvntSLog.WinUI Resources,Workbench_FilterPreset_eval_event_v2_user_Description,Event Log Monitor V2 user,Adiscon User Interface .resw source; locale=ja-JP; revision=edd9fe10d4a120194e4a0a1e60a5d04d661b79ab
CFGEvntSLog.WinUI/Strings/Resources,CFGEvntSLog.WinUI Resources,Workbench_FilterPreset_eval_event_v2_user_Title,イベント ユーザー,Adiscon User Interface .resw source; locale=ja-JP; revision=edd9fe10d4a120194e4a0a1e60a5d04d661b79ab
CFGEvntSLog.WinUI/Strings/Resources,CFGEvntSLog.WinUI Resources,Workbench_FilterPreset_eval_eventid_Description,Classic Event Log event ID,Adiscon User Interface .resw source; locale=ja-JP; revision=edd9fe10d4a120194e4a0a1e60a5d04d661b79ab
CFGEvntSLog.WinUI/Strings/Resources,CFGEvntSLog.WinUI Resources,Workbench_FilterPreset_eval_eventid_Title,イベント ID,Adiscon User Interface .resw source; locale=ja-JP; revision=edd9fe10d4a120194e4a0a1e60a5d04d661b79ab
CFGEvntSLog.WinUI/Strings/Resources,CFGEvntSLog.WinUI Resources,Workbench_FilterPreset_eval_extended_ip_Description,IP extended property,Adiscon User Interface .resw source; locale=ja-JP; revision=edd9fe10d4a120194e4a0a1e60a5d04d661b79ab
CFGEvntSLog.WinUI/Strings/Resources,CFGEvntSLog.WinUI Resources,Workbench_FilterPreset_eval_extended_ip_Title,拡張IPプロパティ,Adiscon User Interface .resw source; locale=ja-JP; revision=edd9fe10d4a120194e4a0a1e60a5d04d661b79ab
CFGEvntSLog.WinUI/Strings/Resources,CFGEvntSLog.WinUI Resources,Workbench_FilterPreset_eval_extended_number_Description,Numeric extended property,Adiscon User Interface .resw source; locale=ja-JP; revision=edd9fe10d4a120194e4a0a1e60a5d04d661b79ab
CFGEvntSLog.WinUI/Strings/Resources,CFGEvntSLog.WinUI Resources,Workbench_FilterPreset_eval_extended_number_Title,拡張プロパティ,Adiscon User Interface .resw source; locale=ja-JP; revision=edd9fe10d4a120194e4a0a1e60a5d04d661b79ab
CFGEvntSLog.WinUI/Strings/Resources,CFGEvntSLog.WinUI Resources,Workbench_FilterPreset_eval_file_exists_Description,File-exists condition,Adiscon User Interface .resw source; locale=ja-JP; revision=edd9fe10d4a120194e4a0a1e60a5d04d661b79ab
CFGEvntSLog.WinUI/Strings/Resources,CFGEvntSLog.WinUI Resources,Workbench_FilterPreset_eval_file_exists_Title,ファイル確認,Adiscon User Interface .resw source; locale=ja-JP; revision=edd9fe10d4a120194e4a0a1e60a5d04d661b79ab
CFGEvntSLog.WinUI/Strings/Resources,CFGEvntSLog.WinUI Resources,Workbench_FilterPreset_eval_file_generated_base_name_Description,Generated base filename,Adiscon User Interface .resw source; locale=ja-JP; revision=edd9fe10d4a120194e4a0a1e60a5d04d661b79ab
CFGEvntSLog.WinUI/Strings/Resources,CFGEvntSLog.WinUI Resources,Workbench_FilterPreset_eval_file_generated_base_name_Title,Generated filename without path,Adiscon User Interface .resw source; locale=ja-JP; revision=edd9fe10d4a120194e4a0a1e60a5d04d661b79ab
CFGEvntSLog.WinUI/Strings/Resources,CFGEvntSLog.WinUI Resources,Workbench_FilterPreset_eval_file_generated_name_Description,Generated filename including path,Adiscon User Interface .resw source; locale=ja-JP; revision=edd9fe10d4a120194e4a0a1e60a5d04d661b79ab
CFGEvntSLog.WinUI/Strings/Resources,CFGEvntSLog.WinUI Resources,Workbench_FilterPreset_eval_file_generated_name_Title,作成されたファイル名,Adiscon User Interface .resw source; locale=ja-JP; revision=edd9fe10d4a120194e4a0a1e60a5d04d661b79ab
CFGEvntSLog.WinUI/Strings/Resources,CFGEvntSLog.WinUI Resources,Workbench_FilterPreset_eval_filesystem_Description,Generic file-system monitor property,Adiscon User Interface .resw source; locale=ja-JP; revision=edd9fe10d4a120194e4a0a1e60a5d04d661b79ab
CFGEvntSLog.WinUI/Strings/Resources,CFGEvntSLog.WinUI Resources,Workbench_FilterPreset_eval_filesystem_Title,File system monitoring,Adiscon User Interface .resw source; locale=ja-JP; revision=edd9fe10d4a120194e4a0a1e60a5d04d661b79ab
CFGEvntSLog.WinUI/Strings/Resources,CFGEvntSLog.WinUI Resources,Workbench_FilterPreset_eval_ftp_response_Description,FTP probe response,Adiscon User Interface .resw source; locale=ja-JP; revision=edd9fe10d4a120194e4a0a1e60a5d04d661b79ab
CFGEvntSLog.WinUI/Strings/Resources,CFGEvntSLog.WinUI Resources,Workbench_FilterPreset_eval_ftp_response_Title,FTP response,Adiscon User Interface .resw source; locale=ja-JP; revision=edd9fe10d4a120194e4a0a1e60a5d04d661b79ab
CFGEvntSLog.WinUI/Strings/Resources,CFGEvntSLog.WinUI Resources,Workbench_FilterPreset_eval_ftp_status_Description,FTP probe status code,Adiscon User Interface .resw source; locale=ja-JP; revision=edd9fe10d4a120194e4a0a1e60a5d04d661b79ab
CFGEvntSLog.WinUI/Strings/Resources,CFGEvntSLog.WinUI Resources,Workbench_FilterPreset_eval_ftp_status_Title,FTP status code,Adiscon User Interface .resw source; locale=ja-JP; revision=edd9fe10d4a120194e4a0a1e60a5d04d661b79ab
CFGEvntSLog.WinUI/Strings/Resources,CFGEvntSLog.WinUI Resources,Workbench_FilterPreset_eval_hostname_Description,Local Hostname,Adiscon User Interface .resw source; locale=ja-JP; revision=edd9fe10d4a120194e4a0a1e60a5d04d661b79ab
CFGEvntSLog.WinUI/Strings/Resources,CFGEvntSLog.WinUI Resources,Workbench_FilterPreset_eval_hostname_Title,Local Hostname,Adiscon User Interface .resw source; locale=ja-JP; revision=edd9fe10d4a120194e4a0a1e60a5d04d661b79ab
CFGEvntSLog.WinUI/Strings/Resources,CFGEvntSLog.WinUI Resources,Workbench_FilterPreset_eval_http_response_Description,HTTP probe response,Adiscon User Interface .resw source; locale=ja-JP; revision=edd9fe10d4a120194e4a0a1e60a5d04d661b79ab
CFGEvntSLog.WinUI/Strings/Resources,CFGEvntSLog.WinUI Resources,Workbench_FilterPreset_eval_http_response_Title,HTTP response,Adiscon User Interface .resw source; locale=ja-JP; revision=edd9fe10d4a120194e4a0a1e60a5d04d661b79ab
CFGEvntSLog.WinUI/Strings/Resources,CFGEvntSLog.WinUI Resources,Workbench_FilterPreset_eval_http_status_Description,HTTP probe status code,Adiscon User Interface .resw source; locale=ja-JP; revision=edd9fe10d4a120194e4a0a1e60a5d04d661b79ab
CFGEvntSLog.WinUI/Strings/Resources,CFGEvntSLog.WinUI Resources,Workbench_FilterPreset_eval_http_status_Title,HTTP status code,Adiscon User Interface .resw source; locale=ja-JP; revision=edd9fe10d4a120194e4a0a1e60a5d04d661b79ab
CFGEvntSLog.WinUI/Strings/Resources,CFGEvntSLog.WinUI Resources,Workbench_FilterPreset_eval_imap_response_Description,IMAP probe response,Adiscon User Interface .resw source; locale=ja-JP; revision=edd9fe10d4a120194e4a0a1e60a5d04d661b79ab
CFGEvntSLog.WinUI/Strings/Resources,CFGEvntSLog.WinUI Resources,Workbench_FilterPreset_eval_imap_response_Title,IMAP response,Adiscon User Interface .resw source; locale=ja-JP; revision=edd9fe10d4a120194e4a0a1e60a5d04d661b79ab
CFGEvntSLog.WinUI/Strings/Resources,CFGEvntSLog.WinUI Resources,Workbench_FilterPreset_eval_imap_status_Description,IMAP probe status code,Adiscon User Interface .resw source; locale=ja-JP; revision=edd9fe10d4a120194e4a0a1e60a5d04d661b79ab
CFGEvntSLog.WinUI/Strings/Resources,CFGEvntSLog.WinUI Resources,Workbench_FilterPreset_eval_imap_status_Title,IMAP status code,Adiscon User Interface .resw source; locale=ja-JP; revision=edd9fe10d4a120194e4a0a1e60a5d04d661b79ab
CFGEvntSLog.WinUI/Strings/Resources,CFGEvntSLog.WinUI Resources,Workbench_FilterPreset_eval_iscpumemorymonitor_Description,CPU and memory monitor information-unit flag,Adiscon User Interface .resw source; locale=ja-JP; revision=edd9fe10d4a120194e4a0a1e60a5d04d661b79ab
CFGEvntSLog.WinUI/Strings/Resources,CFGEvntSLog.WinUI Resources,Workbench_FilterPreset_eval_iscpumemorymonitor_Title,CPU and memory monitor,Adiscon User Interface .resw source; locale=ja-JP; revision=edd9fe10d4a120194e4a0a1e60a5d04d661b79ab
CFGEvntSLog.WinUI/Strings/Resources,CFGEvntSLog.WinUI Resources,Workbench_FilterPreset_eval_isdatabasemonitor_Description,Database Monitor information-unit flag,Adiscon User Interface .resw source; locale=ja-JP; revision=edd9fe10d4a120194e4a0a1e60a5d04d661b79ab
CFGEvntSLog.WinUI/Strings/Resources,CFGEvntSLog.WinUI Resources,Workbench_FilterPreset_eval_isdatabasemonitor_Title,データベース モニタ,Adiscon User Interface .resw source; locale=ja-JP; revision=edd9fe10d4a120194e4a0a1e60a5d04d661b79ab
CFGEvntSLog.WinUI/Strings/Resources,CFGEvntSLog.WinUI Resources,Workbench_FilterPreset_eval_isdiskspacemonitor_Description,Disk Space Monitor information-unit flag,Adiscon User Interface .resw source; locale=ja-JP; revision=edd9fe10d4a120194e4a0a1e60a5d04d661b79ab
CFGEvntSLog.WinUI/Strings/Resources,CFGEvntSLog.WinUI Resources,Workbench_FilterPreset_eval_isdiskspacemonitor_Title,Disk Space Monitor,Adiscon User Interface .resw source; locale=ja-JP; revision=edd9fe10d4a120194e4a0a1e60a5d04d661b79ab
CFGEvntSLog.WinUI/Strings/Resources,CFGEvntSLog.WinUI Resources,Workbench_FilterPreset_eval_iseventlogmonitor_Description,Event Log Monitor information-unit flag,Adiscon User Interface .resw source; locale=ja-JP; revision=edd9fe10d4a120194e4a0a1e60a5d04d661b79ab
CFGEvntSLog.WinUI/Strings/Resources,CFGEvntSLog.WinUI Resources,Workbench_FilterPreset_eval_iseventlogmonitor_Title,イベントログの監視,Adiscon User Interface .resw source; locale=ja-JP; revision=edd9fe10d4a120194e4a0a1e60a5d04d661b79ab
CFGEvntSLog.WinUI/Strings/Resources,CFGEvntSLog.WinUI Resources,Workbench_FilterPreset_eval_iseventlogmonitorv2_Description,Event Log Monitor V2 information-unit flag,Adiscon User Interface .resw source; locale=ja-JP; revision=edd9fe10d4a120194e4a0a1e60a5d04d661b79ab
CFGEvntSLog.WinUI/Strings/Resources,CFGEvntSLog.WinUI Resources,Workbench_FilterPreset_eval_iseventlogmonitorv2_Title,イベントログの監視 V2,Adiscon User Interface .resw source; locale=ja-JP; revision=edd9fe10d4a120194e4a0a1e60a5d04d661b79ab
CFGEvntSLog.WinUI/Strings/Resources,CFGEvntSLog.WinUI Resources,Workbench_FilterPreset_eval_isfilemonitor_Description,File Monitor information-unit flag,Adiscon User Interface .resw source; locale=ja-JP; revision=edd9fe10d4a120194e4a0a1e60a5d04d661b79ab
CFGEvntSLog.WinUI/Strings/Resources,CFGEvntSLog.WinUI Resources,Workbench_FilterPreset_eval_isfilemonitor_Title,ファイル モニタ,Adiscon User Interface .resw source; locale=ja-JP; revision=edd9fe10d4a120194e4a0a1e60a5d04d661b79ab
CFGEvntSLog.WinUI/Strings/Resources,CFGEvntSLog.WinUI Resources,Workbench_FilterPreset_eval_isftpprobe_Description,FTP Probe information-unit flag,Adiscon User Interface .resw source; locale=ja-JP; revision=edd9fe10d4a120194e4a0a1e60a5d04d661b79ab
CFGEvntSLog.WinUI/Strings/Resources,CFGEvntSLog.WinUI Resources,Workbench_FilterPreset_eval_isftpprobe_Title,FTP 探査,Adiscon User Interface .resw source; locale=ja-JP; revision=edd9fe10d4a120194e4a0a1e60a5d04d661b79ab
CFGEvntSLog.WinUI/Strings/Resources,CFGEvntSLog.WinUI Resources,Workbench_FilterPreset_eval_isheartbeat_Description,Heartbeat information-unit flag,Adiscon User Interface .resw source; locale=ja-JP; revision=edd9fe10d4a120194e4a0a1e60a5d04d661b79ab
CFGEvntSLog.WinUI/Strings/Resources,CFGEvntSLog.WinUI Resources,Workbench_FilterPreset_eval_isheartbeat_Title,ハートビート,Adiscon User Interface .resw source; locale=ja-JP; revision=edd9fe10d4a120194e4a0a1e60a5d04d661b79ab
CFGEvntSLog.WinUI/Strings/Resources,CFGEvntSLog.WinUI Resources,Workbench_FilterPreset_eval_ishttpprobe_Description,HTTP Probe information-unit flag,Adiscon User Interface .resw source; locale=ja-JP; revision=edd9fe10d4a120194e4a0a1e60a5d04d661b79ab
CFGEvntSLog.WinUI/Strings/Resources,CFGEvntSLog.WinUI Resources,Workbench_FilterPreset_eval_ishttpprobe_Title,HTTP 探査,Adiscon User Interface .resw source; locale=ja-JP; revision=edd9fe10d4a120194e4a0a1e60a5d04d661b79ab
CFGEvntSLog.WinUI/Strings/Resources,CFGEvntSLog.WinUI Resources,Workbench_FilterPreset_eval_isimapprobe_Description,IMAP Probe information-unit flag,Adiscon User Interface .resw source; locale=ja-JP; revision=edd9fe10d4a120194e4a0a1e60a5d04d661b79ab
CFGEvntSLog.WinUI/Strings/Resources,CFGEvntSLog.WinUI Resources,Workbench_FilterPreset_eval_isimapprobe_Title,IMAP 探査,Adiscon User Interface .resw source; locale=ja-JP; revision=edd9fe10d4a120194e4a0a1e60a5d04d661b79ab
CFGEvntSLog.WinUI/Strings/Resources,CFGEvntSLog.WinUI Resources,Workbench_FilterPreset_eval_isnntpprobe_Description,NNTP Probe information-unit flag,Adiscon User Interface .resw source; locale=ja-JP; revision=edd9fe10d4a120194e4a0a1e60a5d04d661b79ab
CFGEvntSLog.WinUI/Strings/Resources,CFGEvntSLog.WinUI Resources,Workbench_FilterPreset_eval_isnntpprobe_Title,NNTP 探査,Adiscon User Interface .resw source; locale=ja-JP; revision=edd9fe10d4a120194e4a0a1e60a5d04d661b79ab
CFGEvntSLog.WinUI/Strings/Resources,CFGEvntSLog.WinUI Resources,Workbench_FilterPreset_eval_isntservicemonitor_Description,NT Service Monitor information-unit flag,Adiscon User Interface .resw source; locale=ja-JP; revision=edd9fe10d4a120194e4a0a1e60a5d04d661b79ab
CFGEvntSLog.WinUI/Strings/Resources,CFGEvntSLog.WinUI Resources,Workbench_FilterPreset_eval_isntservicemonitor_Title,NT Service Monitor,Adiscon User Interface .resw source; locale=ja-JP; revision=edd9fe10d4a120194e4a0a1e60a5d04d661b79ab
CFGEvntSLog.WinUI/Strings/Resources,CFGEvntSLog.WinUI Resources,Workbench_FilterPreset_eval_ispingprobe_Description,Ping Probe information-unit flag,Adiscon User Interface .resw source; locale=ja-JP; revision=edd9fe10d4a120194e4a0a1e60a5d04d661b79ab
CFGEvntSLog.WinUI/Strings/Resources,CFGEvntSLog.WinUI Resources,Workbench_FilterPreset_eval_ispingprobe_Title,Ping 探査,Adiscon User Interface .resw source; locale=ja-JP; revision=edd9fe10d4a120194e4a0a1e60a5d04d661b79ab
CFGEvntSLog.WinUI/Strings/Resources,CFGEvntSLog.WinUI Resources,Workbench_FilterPreset_eval_ispop3probe_Description,POP3 Probe information-unit flag,Adiscon User Interface .resw source; locale=ja-JP; revision=edd9fe10d4a120194e4a0a1e60a5d04d661b79ab
CFGEvntSLog.WinUI/Strings/Resources,CFGEvntSLog.WinUI Resources,Workbench_FilterPreset_eval_ispop3probe_Title,POP3 探査,Adiscon User Interface .resw source; locale=ja-JP; revision=edd9fe10d4a120194e4a0a1e60a5d04d661b79ab
CFGEvntSLog.WinUI/Strings/Resources,CFGEvntSLog.WinUI Resources,Workbench_FilterPreset_eval_isportprobe_Description,Port Probe information-unit flag,Adiscon User Interface .resw source; locale=ja-JP; revision=edd9fe10d4a120194e4a0a1e60a5d04d661b79ab
CFGEvntSLog.WinUI/Strings/Resources,CFGEvntSLog.WinUI Resources,Workbench_FilterPreset_eval_isportprobe_Title,Port 探査,Adiscon User Interface .resw source; locale=ja-JP; revision=edd9fe10d4a120194e4a0a1e60a5d04d661b79ab
CFGEvntSLog.WinUI/Strings/Resources,CFGEvntSLog.WinUI Resources,Workbench_FilterPreset_eval_isrelplistener_Description,RELP Listener information-unit flag,Adiscon User Interface .resw source; locale=ja-JP; revision=edd9fe10d4a120194e4a0a1e60a5d04d661b79ab
CFGEvntSLog.WinUI/Strings/Resources,CFGEvntSLog.WinUI Resources,Workbench_FilterPreset_eval_isrelplistener_Title,RELP リスナー,Adiscon User Interface .resw source; locale=ja-JP; revision=edd9fe10d4a120194e4a0a1e60a5d04d661b79ab
CFGEvntSLog.WinUI/Strings/Resources,CFGEvntSLog.WinUI Resources,Workbench_FilterPreset_eval_isserialportmonitor_Description,Serial Port Monitor information-unit flag,Adiscon User Interface .resw source; locale=ja-JP; revision=edd9fe10d4a120194e4a0a1e60a5d04d661b79ab
CFGEvntSLog.WinUI/Strings/Resources,CFGEvntSLog.WinUI Resources,Workbench_FilterPreset_eval_isserialportmonitor_Title,Serial Port Monitor,Adiscon User Interface .resw source; locale=ja-JP; revision=edd9fe10d4a120194e4a0a1e60a5d04d661b79ab
CFGEvntSLog.WinUI/Strings/Resources,CFGEvntSLog.WinUI Resources,Workbench_FilterPreset_eval_issmtplistener_Description,SMTP Listener information-unit flag,Adiscon User Interface .resw source; locale=ja-JP; revision=edd9fe10d4a120194e4a0a1e60a5d04d661b79ab
CFGEvntSLog.WinUI/Strings/Resources,CFGEvntSLog.WinUI Resources,Workbench_FilterPreset_eval_issmtplistener_Title,SMTP リスナー,Adiscon User Interface .resw source; locale=ja-JP; revision=edd9fe10d4a120194e4a0a1e60a5d04d661b79ab
CFGEvntSLog.WinUI/Strings/Resources,CFGEvntSLog.WinUI Resources,Workbench_FilterPreset_eval_issmtpprobe_Description,SMTP Probe information-unit flag,Adiscon User Interface .resw source; locale=ja-JP; revision=edd9fe10d4a120194e4a0a1e60a5d04d661b79ab
CFGEvntSLog.WinUI/Strings/Resources,CFGEvntSLog.WinUI Resources,Workbench_FilterPreset_eval_issmtpprobe_Title,SMTP 探査,Adiscon User Interface .resw source; locale=ja-JP; revision=edd9fe10d4a120194e4a0a1e60a5d04d661b79ab
CFGEvntSLog.WinUI/Strings/Resources,CFGEvntSLog.WinUI Resources,Workbench_FilterPreset_eval_issnmpmonitor_Description,SNMP Monitor information-unit flag,Adiscon User Interface .resw source; locale=ja-JP; revision=edd9fe10d4a120194e4a0a1e60a5d04d661b79ab
CFGEvntSLog.WinUI/Strings/Resources,CFGEvntSLog.WinUI Resources,Workbench_FilterPreset_eval_issnmpmonitor_Title,SNMP モニタ,Adiscon User Interface .resw source; locale=ja-JP; revision=edd9fe10d4a120194e4a0a1e60a5d04d661b79ab
CFGEvntSLog.WinUI/Strings/Resources,CFGEvntSLog.WinUI Resources,Workbench_FilterPreset_eval_issnmptrap_Description,SNMP trap information-unit flag,Adiscon User Interface .resw source; locale=ja-JP; revision=edd9fe10d4a120194e4a0a1e60a5d04d661b79ab
CFGEvntSLog.WinUI/Strings/Resources,CFGEvntSLog.WinUI Resources,Workbench_FilterPreset_eval_issnmptrap_Title,SNMP trap,Adiscon User Interface .resw source; locale=ja-JP; revision=edd9fe10d4a120194e4a0a1e60a5d04d661b79ab
CFGEvntSLog.WinUI/Strings/Resources,CFGEvntSLog.WinUI Resources,Workbench_FilterPreset_eval_issyslog_Description,Syslog information-unit flag,Adiscon User Interface .resw source; locale=ja-JP; revision=edd9fe10d4a120194e4a0a1e60a5d04d661b79ab
CFGEvntSLog.WinUI/Strings/Resources,CFGEvntSLog.WinUI Resources,Workbench_FilterPreset_eval_issyslog_Title,Syslog,Adiscon User Interface .resw source; locale=ja-JP; revision=edd9fe10d4a120194e4a0a1e60a5d04d661b79ab
CFGEvntSLog.WinUI/Strings/Resources,CFGEvntSLog.WinUI Resources,Workbench_FilterPreset_eval_memory_physical_free_Description,Free physical memory in megabytes,Adiscon User Interface .resw source; locale=ja-JP; revision=edd9fe10d4a120194e4a0a1e60a5d04d661b79ab
CFGEvntSLog.WinUI/Strings/Resources,CFGEvntSLog.WinUI Resources,Workbench_FilterPreset_eval_memory_physical_free_Title,Free physical memory,Adiscon User Interface .resw source; locale=ja-JP; revision=edd9fe10d4a120194e4a0a1e60a5d04d661b79ab
CFGEvntSLog.WinUI/Strings/Resources,CFGEvntSLog.WinUI Resources,Workbench_FilterPreset_eval_memory_physical_load_Description,Physical memory load percentage,Adiscon User Interface .resw source; locale=ja-JP; revision=edd9fe10d4a120194e4a0a1e60a5d04d661b79ab
CFGEvntSLog.WinUI/Strings/Resources,CFGEvntSLog.WinUI Resources,Workbench_FilterPreset_eval_memory_physical_load_Title,Physical memory load,Adiscon User Interface .resw source; locale=ja-JP; revision=edd9fe10d4a120194e4a0a1e60a5d04d661b79ab
CFGEvntSLog.WinUI/Strings/Resources,CFGEvntSLog.WinUI Resources,Workbench_FilterPreset_eval_memory_physical_max_Description,Maximum physical memory in megabytes,Adiscon User Interface .resw source; locale=ja-JP; revision=edd9fe10d4a120194e4a0a1e60a5d04d661b79ab
CFGEvntSLog.WinUI/Strings/Resources,CFGEvntSLog.WinUI Resources,Workbench_FilterPreset_eval_memory_physical_max_Title,Maximum physical memory,Adiscon User Interface .resw source; locale=ja-JP; revision=edd9fe10d4a120194e4a0a1e60a5d04d661b79ab
CFGEvntSLog.WinUI/Strings/Resources,CFGEvntSLog.WinUI Resources,Workbench_FilterPreset_eval_memory_total_free_Description,Free total memory in megabytes,Adiscon User Interface .resw source; locale=ja-JP; revision=edd9fe10d4a120194e4a0a1e60a5d04d661b79ab
CFGEvntSLog.WinUI/Strings/Resources,CFGEvntSLog.WinUI Resources,Workbench_FilterPreset_eval_memory_total_free_Title,Free total memory,Adiscon User Interface .resw source; locale=ja-JP; revision=edd9fe10d4a120194e4a0a1e60a5d04d661b79ab
CFGEvntSLog.WinUI/Strings/Resources,CFGEvntSLog.WinUI Resources,Workbench_FilterPreset_eval_memory_total_load_Description,Total memory load percentage,Adiscon User Interface .resw source; locale=ja-JP; revision=edd9fe10d4a120194e4a0a1e60a5d04d661b79ab
CFGEvntSLog.WinUI/Strings/Resources,CFGEvntSLog.WinUI Resources,Workbench_FilterPreset_eval_memory_total_load_Title,Total memory load,Adiscon User Interface .resw source; locale=ja-JP; revision=edd9fe10d4a120194e4a0a1e60a5d04d661b79ab
CFGEvntSLog.WinUI/Strings/Resources,CFGEvntSLog.WinUI Resources,Workbench_FilterPreset_eval_memory_total_max_Description,Maximum total memory in megabytes,Adiscon User Interface .resw source; locale=ja-JP; revision=edd9fe10d4a120194e4a0a1e60a5d04d661b79ab
CFGEvntSLog.WinUI/Strings/Resources,CFGEvntSLog.WinUI Resources,Workbench_FilterPreset_eval_memory_total_max_Title,Maximum total memory,Adiscon User Interface .resw source; locale=ja-JP; revision=edd9fe10d4a120194e4a0a1e60a5d04d661b79ab
CFGEvntSLog.WinUI/Strings/Resources,CFGEvntSLog.WinUI Resources,Workbench_FilterPreset_eval_memory_virtual_free_Description,Free virtual memory in megabytes,Adiscon User Interface .resw source; locale=ja-JP; revision=edd9fe10d4a120194e4a0a1e60a5d04d661b79ab
CFGEvntSLog.WinUI/Strings/Resources,CFGEvntSLog.WinUI Resources,Workbench_FilterPreset_eval_memory_virtual_free_Title,Free virtual memory,Adiscon User Interface .resw source; locale=ja-JP; revision=edd9fe10d4a120194e4a0a1e60a5d04d661b79ab
CFGEvntSLog.WinUI/Strings/Resources,CFGEvntSLog.WinUI Resources,Workbench_FilterPreset_eval_memory_virtual_load_Description,Virtual memory load percentage,Adiscon User Interface .resw source; locale=ja-JP; revision=edd9fe10d4a120194e4a0a1e60a5d04d661b79ab
CFGEvntSLog.WinUI/Strings/Resources,CFGEvntSLog.WinUI Resources,Workbench_FilterPreset_eval_memory_virtual_load_Title,Virtual memory load,Adiscon User Interface .resw source; locale=ja-JP; revision=edd9fe10d4a120194e4a0a1e60a5d04d661b79ab
CFGEvntSLog.WinUI/Strings/Resources,CFGEvntSLog.WinUI Resources,Workbench_FilterPreset_eval_memory_virtual_max_Description,Maximum virtual memory in megabytes,Adiscon User Interface .resw source; locale=ja-JP; revision=edd9fe10d4a120194e4a0a1e60a5d04d661b79ab
CFGEvntSLog.WinUI/Strings/Resources,CFGEvntSLog.WinUI Resources,Workbench_FilterPreset_eval_memory_virtual_max_Title,Maximum virtual memory,Adiscon User Interface .resw source; locale=ja-JP; revision=edd9fe10d4a120194e4a0a1e60a5d04d661b79ab
CFGEvntSLog.WinUI/Strings/Resources,CFGEvntSLog.WinUI Resources,Workbench_FilterPreset_eval_msg_Description,Message content,Adiscon User Interface .resw source; locale=ja-JP; revision=edd9fe10d4a120194e4a0a1e60a5d04d661b79ab
CFGEvntSLog.WinUI/Strings/Resources,CFGEvntSLog.WinUI Resources,Workbench_FilterPreset_eval_msg_Title,メッセージ,Adiscon User Interface .resw source; locale=ja-JP; revision=edd9fe10d4a120194e4a0a1e60a5d04d661b79ab
CFGEvntSLog.WinUI/Strings/Resources,CFGEvntSLog.WinUI Resources,Workbench_FilterPreset_eval_nntp_response_Description,NNTP probe response,Adiscon User Interface .resw source; locale=ja-JP; revision=edd9fe10d4a120194e4a0a1e60a5d04d661b79ab
CFGEvntSLog.WinUI/Strings/Resources,CFGEvntSLog.WinUI Resources,Workbench_FilterPreset_eval_nntp_response_Title,NNTP response,Adiscon User Interface .resw source; locale=ja-JP; revision=edd9fe10d4a120194e4a0a1e60a5d04d661b79ab
CFGEvntSLog.WinUI/Strings/Resources,CFGEvntSLog.WinUI Resources,Workbench_FilterPreset_eval_nntp_status_Description,NNTP probe status code,Adiscon User Interface .resw source; locale=ja-JP; revision=edd9fe10d4a120194e4a0a1e60a5d04d661b79ab
CFGEvntSLog.WinUI/Strings/Resources,CFGEvntSLog.WinUI Resources,Workbench_FilterPreset_eval_nntp_status_Title,NNTP status code,Adiscon User Interface .resw source; locale=ja-JP; revision=edd9fe10d4a120194e4a0a1e60a5d04d661b79ab
CFGEvntSLog.WinUI/Strings/Resources,CFGEvntSLog.WinUI Resources,Workbench_FilterPreset_eval_nt_service_display_name_Description,NT service display name,Adiscon User Interface .resw source; locale=ja-JP; revision=edd9fe10d4a120194e4a0a1e60a5d04d661b79ab
CFGEvntSLog.WinUI/Strings/Resources,CFGEvntSLog.WinUI Resources,Workbench_FilterPreset_eval_nt_service_display_name_Title,Service display name,Adiscon User Interface .resw source; locale=ja-JP; revision=edd9fe10d4a120194e4a0a1e60a5d04d661b79ab
CFGEvntSLog.WinUI/Strings/Resources,CFGEvntSLog.WinUI Resources,Workbench_FilterPreset_eval_nt_service_name_Description,NT service name,Adiscon User Interface .resw source; locale=ja-JP; revision=edd9fe10d4a120194e4a0a1e60a5d04d661b79ab
CFGEvntSLog.WinUI/Strings/Resources,CFGEvntSLog.WinUI Resources,Workbench_FilterPreset_eval_nt_service_name_Title,Service name,Adiscon User Interface .resw source; locale=ja-JP; revision=edd9fe10d4a120194e4a0a1e60a5d04d661b79ab
CFGEvntSLog.WinUI/Strings/Resources,CFGEvntSLog.WinUI Resources,Workbench_FilterPreset_eval_other_service_Description,Generic service-type property,Adiscon User Interface .resw source; locale=ja-JP; revision=edd9fe10d4a120194e4a0a1e60a5d04d661b79ab
CFGEvntSLog.WinUI/Strings/Resources,CFGEvntSLog.WinUI Resources,Workbench_FilterPreset_eval_other_service_Title,その他のサービス,Adiscon User Interface .resw source; locale=ja-JP; revision=edd9fe10d4a120194e4a0a1e60a5d04d661b79ab
CFGEvntSLog.WinUI/Strings/Resources,CFGEvntSLog.WinUI Resources,Workbench_FilterPreset_eval_pop3_response_Description,POP3 probe response,Adiscon User Interface .resw source; locale=ja-JP; revision=edd9fe10d4a120194e4a0a1e60a5d04d661b79ab
CFGEvntSLog.WinUI/Strings/Resources,CFGEvntSLog.WinUI Resources,Workbench_FilterPreset_eval_pop3_response_Title,POP3 response,Adiscon User Interface .resw source; locale=ja-JP; revision=edd9fe10d4a120194e4a0a1e60a5d04d661b79ab
CFGEvntSLog.WinUI/Strings/Resources,CFGEvntSLog.WinUI Resources,Workbench_FilterPreset_eval_pop3_status_Description,POP3 probe status code,Adiscon User Interface .resw source; locale=ja-JP; revision=edd9fe10d4a120194e4a0a1e60a5d04d661b79ab
CFGEvntSLog.WinUI/Strings/Resources,CFGEvntSLog.WinUI Resources,Workbench_FilterPreset_eval_pop3_status_Title,POP3 status code,Adiscon User Interface .resw source; locale=ja-JP; revision=edd9fe10d4a120194e4a0a1e60a5d04d661b79ab
CFGEvntSLog.WinUI/Strings/Resources,CFGEvntSLog.WinUI Resources,Workbench_FilterPreset_eval_probe_Description,Generic probe-service property,Adiscon User Interface .resw source; locale=ja-JP; revision=edd9fe10d4a120194e4a0a1e60a5d04d661b79ab
CFGEvntSLog.WinUI/Strings/Resources,CFGEvntSLog.WinUI Resources,Workbench_FilterPreset_eval_probe_Title,探査サービス,Adiscon User Interface .resw source; locale=ja-JP; revision=edd9fe10d4a120194e4a0a1e60a5d04d661b79ab
CFGEvntSLog.WinUI/Strings/Resources,CFGEvntSLog.WinUI Resources,Workbench_FilterPreset_eval_serial_port_name_Description,Serial port name,Adiscon User Interface .resw source; locale=ja-JP; revision=edd9fe10d4a120194e4a0a1e60a5d04d661b79ab
CFGEvntSLog.WinUI/Strings/Resources,CFGEvntSLog.WinUI Resources,Workbench_FilterPreset_eval_serial_port_name_Title,Port name,Adiscon User Interface .resw source; locale=ja-JP; revision=edd9fe10d4a120194e4a0a1e60a5d04d661b79ab
CFGEvntSLog.WinUI/Strings/Resources,CFGEvntSLog.WinUI Resources,Workbench_FilterPreset_eval_smtp_response_Description,SMTP probe response,Adiscon User Interface .resw source; locale=ja-JP; revision=edd9fe10d4a120194e4a0a1e60a5d04d661b79ab
CFGEvntSLog.WinUI/Strings/Resources,CFGEvntSLog.WinUI Resources,Workbench_FilterPreset_eval_smtp_response_Title,SMTP response,Adiscon User Interface .resw source; locale=ja-JP; revision=edd9fe10d4a120194e4a0a1e60a5d04d661b79ab
CFGEvntSLog.WinUI/Strings/Resources,CFGEvntSLog.WinUI Resources,Workbench_FilterPreset_eval_smtp_status_Description,SMTP probe status code,Adiscon User Interface .resw source; locale=ja-JP; revision=edd9fe10d4a120194e4a0a1e60a5d04d661b79ab
CFGEvntSLog.WinUI/Strings/Resources,CFGEvntSLog.WinUI Resources,Workbench_FilterPreset_eval_smtp_status_Title,SMTP status code,Adiscon User Interface .resw source; locale=ja-JP; revision=edd9fe10d4a120194e4a0a1e60a5d04d661b79ab
CFGEvntSLog.WinUI/Strings/Resources,CFGEvntSLog.WinUI Resources,Workbench_FilterPreset_eval_snmp_agent_ip_Description,SNMP agent IP address,Adiscon User Interface .resw source; locale=ja-JP; revision=edd9fe10d4a120194e4a0a1e60a5d04d661b79ab
CFGEvntSLog.WinUI/Strings/Resources,CFGEvntSLog.WinUI Resources,Workbench_FilterPreset_eval_snmp_agent_ip_Title,Agent IP,Adiscon User Interface .resw source; locale=ja-JP; revision=edd9fe10d4a120194e4a0a1e60a5d04d661b79ab
CFGEvntSLog.WinUI/Strings/Resources,CFGEvntSLog.WinUI Resources,Workbench_FilterPreset_eval_snmp_community_Description,SNMP community,Adiscon User Interface .resw source; locale=ja-JP; revision=edd9fe10d4a120194e4a0a1e60a5d04d661b79ab
CFGEvntSLog.WinUI/Strings/Resources,CFGEvntSLog.WinUI Resources,Workbench_FilterPreset_eval_snmp_community_Title,Community,Adiscon User Interface .resw source; locale=ja-JP; revision=edd9fe10d4a120194e4a0a1e60a5d04d661b79ab
CFGEvntSLog.WinUI/Strings/Resources,CFGEvntSLog.WinUI Resources,Workbench_FilterPreset_eval_snmp_enterprise_Description,SNMP enterprise,Adiscon User Interface .resw source; locale=ja-JP; revision=edd9fe10d4a120194e4a0a1e60a5d04d661b79ab
CFGEvntSLog.WinUI/Strings/Resources,CFGEvntSLog.WinUI Resources,Workbench_FilterPreset_eval_snmp_enterprise_Title,Enterprise,Adiscon User Interface .resw source; locale=ja-JP; revision=edd9fe10d4a120194e4a0a1e60a5d04d661b79ab
CFGEvntSLog.WinUI/Strings/Resources,CFGEvntSLog.WinUI Resources,Workbench_FilterPreset_eval_snmp_generic_name_Description,SNMP generic name,Adiscon User Interface .resw source; locale=ja-JP; revision=edd9fe10d4a120194e4a0a1e60a5d04d661b79ab
CFGEvntSLog.WinUI/Strings/Resources,CFGEvntSLog.WinUI Resources,Workbench_FilterPreset_eval_snmp_generic_name_Title,Generic name,Adiscon User Interface .resw source; locale=ja-JP; revision=edd9fe10d4a120194e4a0a1e60a5d04d661b79ab
CFGEvntSLog.WinUI/Strings/Resources,CFGEvntSLog.WinUI Resources,Workbench_FilterPreset_eval_snmp_specific_type_Description,SNMP specific trap type,Adiscon User Interface .resw source; locale=ja-JP; revision=edd9fe10d4a120194e4a0a1e60a5d04d661b79ab
CFGEvntSLog.WinUI/Strings/Resources,CFGEvntSLog.WinUI Resources,Workbench_FilterPreset_eval_snmp_specific_type_Title,Specific type,Adiscon User Interface .resw source; locale=ja-JP; revision=edd9fe10d4a120194e4a0a1e60a5d04d661b79ab
CFGEvntSLog.WinUI/Strings/Resources,CFGEvntSLog.WinUI Resources,Workbench_FilterPreset_eval_snmp_uptime_Description,SNMP uptime,Adiscon User Interface .resw source; locale=ja-JP; revision=edd9fe10d4a120194e4a0a1e60a5d04d661b79ab
CFGEvntSLog.WinUI/Strings/Resources,CFGEvntSLog.WinUI Resources,Workbench_FilterPreset_eval_snmp_uptime_Title,Uptime,Adiscon User Interface .resw source; locale=ja-JP; revision=edd9fe10d4a120194e4a0a1e60a5d04d661b79ab
CFGEvntSLog.WinUI/Strings/Resources,CFGEvntSLog.WinUI Resources,Workbench_FilterPreset_eval_snmp_version_Description,SNMP version,Adiscon User Interface .resw source; locale=ja-JP; revision=edd9fe10d4a120194e4a0a1e60a5d04d661b79ab
CFGEvntSLog.WinUI/Strings/Resources,CFGEvntSLog.WinUI Resources,Workbench_FilterPreset_eval_snmp_version_Title,Version,Adiscon User Interface .resw source; locale=ja-JP; revision=edd9fe10d4a120194e4a0a1e60a5d04d661b79ab
CFGEvntSLog.WinUI/Strings/Resources,CFGEvntSLog.WinUI Resources,Workbench_FilterPreset_eval_source_Description,Source address,Adiscon User Interface .resw source; locale=ja-JP; revision=edd9fe10d4a120194e4a0a1e60a5d04d661b79ab
CFGEvntSLog.WinUI/Strings/Resources,CFGEvntSLog.WinUI Resources,Workbench_FilterPreset_eval_source_Title,ソース,Adiscon User Interface .resw source; locale=ja-JP; revision=edd9fe10d4a120194e4a0a1e60a5d04d661b79ab
CFGEvntSLog.WinUI/Strings/Resources,CFGEvntSLog.WinUI Resources,Workbench_FilterPreset_eval_source_ip_type_Description,Source address using IP-aware comparison,Adiscon User Interface .resw source; locale=ja-JP; revision=edd9fe10d4a120194e4a0a1e60a5d04d661b79ab
CFGEvntSLog.WinUI/Strings/Resources,CFGEvntSLog.WinUI Resources,Workbench_FilterPreset_eval_source_ip_type_Title,Source IP type,Adiscon User Interface .resw source; locale=ja-JP; revision=edd9fe10d4a120194e4a0a1e60a5d04d661b79ab
CFGEvntSLog.WinUI/Strings/Resources,CFGEvntSLog.WinUI Resources,Workbench_FilterPreset_eval_status_name_value_Description,Status property name and value,Adiscon User Interface .resw source; locale=ja-JP; revision=edd9fe10d4a120194e4a0a1e60a5d04d661b79ab
CFGEvntSLog.WinUI/Strings/Resources,CFGEvntSLog.WinUI Resources,Workbench_FilterPreset_eval_status_name_value_Title,Status name and value,Adiscon User Interface .resw source; locale=ja-JP; revision=edd9fe10d4a120194e4a0a1e60a5d04d661b79ab
CFGEvntSLog.WinUI/Strings/Resources,CFGEvntSLog.WinUI Resources,Workbench_FilterPreset_eval_syslogappname_Description,Syslog APP-NAME,Adiscon User Interface .resw source; locale=ja-JP; revision=edd9fe10d4a120194e4a0a1e60a5d04d661b79ab
CFGEvntSLog.WinUI/Strings/Resources,CFGEvntSLog.WinUI Resources,Workbench_FilterPreset_eval_syslogappname_Title,Syslog app name,Adiscon User Interface .resw source; locale=ja-JP; revision=edd9fe10d4a120194e4a0a1e60a5d04d661b79ab
CFGEvntSLog.WinUI/Strings/Resources,CFGEvntSLog.WinUI Resources,Workbench_FilterPreset_eval_syslogfacility_Description,Syslog facility,Adiscon User Interface .resw source; locale=ja-JP; revision=edd9fe10d4a120194e4a0a1e60a5d04d661b79ab
CFGEvntSLog.WinUI/Strings/Resources,CFGEvntSLog.WinUI Resources,Workbench_FilterPreset_eval_syslogfacility_Title,Syslog facility,Adiscon User Interface .resw source; locale=ja-JP; revision=edd9fe10d4a120194e4a0a1e60a5d04d661b79ab
CFGEvntSLog.WinUI/Strings/Resources,CFGEvntSLog.WinUI Resources,Workbench_FilterPreset_eval_syslogmsgid_Description,Syslog MSGID,Adiscon User Interface .resw source; locale=ja-JP; revision=edd9fe10d4a120194e4a0a1e60a5d04d661b79ab
CFGEvntSLog.WinUI/Strings/Resources,CFGEvntSLog.WinUI Resources,Workbench_FilterPreset_eval_syslogmsgid_Title,Syslog message ID,Adiscon User Interface .resw source; locale=ja-JP; revision=edd9fe10d4a120194e4a0a1e60a5d04d661b79ab
CFGEvntSLog.WinUI/Strings/Resources,CFGEvntSLog.WinUI Resources,Workbench_FilterPreset_eval_syslogpriority_Description,Syslog priority,Adiscon User Interface .resw source; locale=ja-JP; revision=edd9fe10d4a120194e4a0a1e60a5d04d661b79ab
CFGEvntSLog.WinUI/Strings/Resources,CFGEvntSLog.WinUI Resources,Workbench_FilterPreset_eval_syslogpriority_Title,Syslog priority,Adiscon User Interface .resw source; locale=ja-JP; revision=edd9fe10d4a120194e4a0a1e60a5d04d661b79ab
CFGEvntSLog.WinUI/Strings/Resources,CFGEvntSLog.WinUI Resources,Workbench_FilterPreset_eval_syslogprocid_Description,Syslog ProcID,Adiscon User Interface .resw source; locale=ja-JP; revision=edd9fe10d4a120194e4a0a1e60a5d04d661b79ab
CFGEvntSLog.WinUI/Strings/Resources,CFGEvntSLog.WinUI Resources,Workbench_FilterPreset_eval_syslogprocid_Title,Syslog process ID,Adiscon User Interface .resw source; locale=ja-JP; revision=edd9fe10d4a120194e4a0a1e60a5d04d661b79ab
CFGEvntSLog.WinUI/Strings/Resources,CFGEvntSLog.WinUI Resources,Workbench_FilterPreset_eval_syslogstructdata_Description,Syslog structured data,Adiscon User Interface .resw source; locale=ja-JP; revision=edd9fe10d4a120194e4a0a1e60a5d04d661b79ab
CFGEvntSLog.WinUI/Strings/Resources,CFGEvntSLog.WinUI Resources,Workbench_FilterPreset_eval_syslogstructdata_Title,Syslog structured data,Adiscon User Interface .resw source; locale=ja-JP; revision=edd9fe10d4a120194e4a0a1e60a5d04d661b79ab
CFGEvntSLog.WinUI/Strings/Resources,CFGEvntSLog.WinUI Resources,Workbench_FilterPreset_eval_syslogtag_Description,Syslog タグ,Adiscon User Interface .resw source; locale=ja-JP; revision=edd9fe10d4a120194e4a0a1e60a5d04d661b79ab
CFGEvntSLog.WinUI/Strings/Resources,CFGEvntSLog.WinUI Resources,Workbench_FilterPreset_eval_syslogtag_Title,Syslog タグ,Adiscon User Interface .resw source; locale=ja-JP; revision=edd9fe10d4a120194e4a0a1e60a5d04d661b79ab
CFGEvntSLog.WinUI/Strings/Resources,CFGEvntSLog.WinUI Resources,Workbench_FilterPreset_eval_syslogversion_Description,Syslog protocol version,Adiscon User Interface .resw source; locale=ja-JP; revision=edd9fe10d4a120194e4a0a1e60a5d04d661b79ab
CFGEvntSLog.WinUI/Strings/Resources,CFGEvntSLog.WinUI Resources,Workbench_FilterPreset_eval_syslogversion_Title,Syslog バージョン,Adiscon User Interface .resw source; locale=ja-JP; revision=edd9fe10d4a120194e4a0a1e60a5d04d661b79ab
CFGEvntSLog.WinUI/Strings/Resources,CFGEvntSLog.WinUI Resources,Workbench_FilterPreset_eval_systemid_Description,System identifier,Adiscon User Interface .resw source; locale=ja-JP; revision=edd9fe10d4a120194e4a0a1e60a5d04d661b79ab
CFGEvntSLog.WinUI/Strings/Resources,CFGEvntSLog.WinUI Resources,Workbench_FilterPreset_eval_systemid_Title,System ID,Adiscon User Interface .resw source; locale=ja-JP; revision=edd9fe10d4a120194e4a0a1e60a5d04d661b79ab
CFGEvntSLog.WinUI/Strings/Resources,CFGEvntSLog.WinUI Resources,Workbench_FilterPreset_eval_weekday_friday_Description,金曜日に実行,Adiscon User Interface .resw source; locale=ja-JP; revision=edd9fe10d4a120194e4a0a1e60a5d04d661b79ab
CFGEvntSLog.WinUI/Strings/Resources,CFGEvntSLog.WinUI Resources,Workbench_FilterPreset_eval_weekday_friday_Title,Friday,Adiscon User Interface .resw source; locale=ja-JP; revision=edd9fe10d4a120194e4a0a1e60a5d04d661b79ab
CFGEvntSLog.WinUI/Strings/Resources,CFGEvntSLog.WinUI Resources,Workbench_FilterPreset_eval_weekday_monday_Description,月曜日に実行,Adiscon User Interface .resw source; locale=ja-JP; revision=edd9fe10d4a120194e4a0a1e60a5d04d661b79ab
CFGEvntSLog.WinUI/Strings/Resources,CFGEvntSLog.WinUI Resources,Workbench_FilterPreset_eval_weekday_monday_Title,Monday,Adiscon User Interface .resw source; locale=ja-JP; revision=edd9fe10d4a120194e4a0a1e60a5d04d661b79ab
CFGEvntSLog.WinUI/Strings/Resources,CFGEvntSLog.WinUI Resources,Workbench_FilterPreset_eval_weekday_saturday_Description,土曜日に実行,Adiscon User Interface .resw source; locale=ja-JP; revision=edd9fe10d4a120194e4a0a1e60a5d04d661b79ab
CFGEvntSLog.WinUI/Strings/Resources,CFGEvntSLog.WinUI Resources,Workbench_FilterPreset_eval_weekday_saturday_Title,Saturday,Adiscon User Interface .resw source; locale=ja-JP; revision=edd9fe10d4a120194e4a0a1e60a5d04d661b79ab
CFGEvntSLog.WinUI/Strings/Resources,CFGEvntSLog.WinUI Resources,Workbench_FilterPreset_eval_weekday_sunday_Description,日曜日に実行,Adiscon User Interface .resw source; locale=ja-JP; revision=edd9fe10d4a120194e4a0a1e60a5d04d661b79ab
CFGEvntSLog.WinUI/Strings/Resources,CFGEvntSLog.WinUI Resources,Workbench_FilterPreset_eval_weekday_sunday_Title,Sunday,Adiscon User Interface .resw source; locale=ja-JP; revision=edd9fe10d4a120194e4a0a1e60a5d04d661b79ab
CFGEvntSLog.WinUI/Strings/Resources,CFGEvntSLog.WinUI Resources,Workbench_FilterPreset_eval_weekday_thursday_Description,木曜日に実行,Adiscon User Interface .resw source; locale=ja-JP; revision=edd9fe10d4a120194e4a0a1e60a5d04d661b79ab
CFGEvntSLog.WinUI/Strings/Resources,CFGEvntSLog.WinUI Resources,Workbench_FilterPreset_eval_weekday_thursday_Title,Thursday,Adiscon User Interface .resw source; locale=ja-JP; revision=edd9fe10d4a120194e4a0a1e60a5d04d661b79ab
CFGEvntSLog.WinUI/Strings/Resources,CFGEvntSLog.WinUI Resources,Workbench_FilterPreset_eval_weekday_tuesday_Description,火曜日に実行,Adiscon User Interface .resw source; locale=ja-JP; revision=edd9fe10d4a120194e4a0a1e60a5d04d661b79ab
CFGEvntSLog.WinUI/Strings/Resources,CFGEvntSLog.WinUI Resources,Workbench_FilterPreset_eval_weekday_tuesday_Title,Tuesday,Adiscon User Interface .resw source; locale=ja-JP; revision=edd9fe10d4a120194e4a0a1e60a5d04d661b79ab
CFGEvntSLog.WinUI/Strings/Resources,CFGEvntSLog.WinUI Resources,Workbench_FilterPreset_eval_weekday_wednesday_Description,水曜日に実行,Adiscon User Interface .resw source; locale=ja-JP; revision=edd9fe10d4a120194e4a0a1e60a5d04d661b79ab
CFGEvntSLog.WinUI/Strings/Resources,CFGEvntSLog.WinUI Resources,Workbench_FilterPreset_eval_weekday_wednesday_Title,Wednesday,Adiscon User Interface .resw source; locale=ja-JP; revision=edd9fe10d4a120194e4a0a1e60a5d04d661b79ab
CFGEvntSLog.WinUI/Strings/Resources,CFGEvntSLog.WinUI Resources,Workbench_FilterPreset_op_and_Description,All children must match,Adiscon User Interface .resw source; locale=ja-JP; revision=edd9fe10d4a120194e4a0a1e60a5d04d661b79ab
CFGEvntSLog.WinUI/Strings/Resources,CFGEvntSLog.WinUI Resources,Workbench_FilterPreset_op_and_Title,AND,Adiscon User Interface .resw source; locale=ja-JP; revision=edd9fe10d4a120194e4a0a1e60a5d04d661b79ab
CFGEvntSLog.WinUI/Strings/Resources,CFGEvntSLog.WinUI Resources,Workbench_FilterPreset_op_false_Description,Always false,Adiscon User Interface .resw source; locale=ja-JP; revision=edd9fe10d4a120194e4a0a1e60a5d04d661b79ab
CFGEvntSLog.WinUI/Strings/Resources,CFGEvntSLog.WinUI Resources,Workbench_FilterPreset_op_false_Title,FALSE,Adiscon User Interface .resw source; locale=ja-JP; revision=edd9fe10d4a120194e4a0a1e60a5d04d661b79ab
CFGEvntSLog.WinUI/Strings/Resources,CFGEvntSLog.WinUI Resources,Workbench_FilterPreset_op_not_Description,Negates one child,Adiscon User Interface .resw source; locale=ja-JP; revision=edd9fe10d4a120194e4a0a1e60a5d04d661b79ab
CFGEvntSLog.WinUI/Strings/Resources,CFGEvntSLog.WinUI Resources,Workbench_FilterPreset_op_not_Title,NOT,Adiscon User Interface .resw source; locale=ja-JP; revision=edd9fe10d4a120194e4a0a1e60a5d04d661b79ab
CFGEvntSLog.WinUI/Strings/Resources,CFGEvntSLog.WinUI Resources,Workbench_FilterPreset_op_or_Description,Any child may match,Adiscon User Interface .resw source; locale=ja-JP; revision=edd9fe10d4a120194e4a0a1e60a5d04d661b79ab
CFGEvntSLog.WinUI/Strings/Resources,CFGEvntSLog.WinUI Resources,Workbench_FilterPreset_op_or_Title,OR,Adiscon User Interface .resw source; locale=ja-JP; revision=edd9fe10d4a120194e4a0a1e60a5d04d661b79ab
CFGEvntSLog.WinUI/Strings/Resources,CFGEvntSLog.WinUI Resources,Workbench_FilterPreset_op_true_Description,Always true,Adiscon User Interface .resw source; locale=ja-JP; revision=edd9fe10d4a120194e4a0a1e60a5d04d661b79ab
CFGEvntSLog.WinUI/Strings/Resources,CFGEvntSLog.WinUI Resources,Workbench_FilterPreset_op_true_Title,TRUE,Adiscon User Interface .resw source; locale=ja-JP; revision=edd9fe10d4a120194e4a0a1e60a5d04d661b79ab
CFGEvntSLog.WinUI/Strings/Resources,CFGEvntSLog.WinUI Resources,Workbench_FilterPreset_op_xor_Description,Exactly one child may match,Adiscon User Interface .resw source; locale=ja-JP; revision=edd9fe10d4a120194e4a0a1e60a5d04d661b79ab
CFGEvntSLog.WinUI/Strings/Resources,CFGEvntSLog.WinUI Resources,Workbench_FilterPreset_op_xor_Title,XOR,Adiscon User Interface .resw source; locale=ja-JP; revision=edd9fe10d4a120194e4a0a1e60a5d04d661b79ab
CFGEvntSLog.WinUI/Strings/Resources,CFGEvntSLog.WinUI Resources,Workbench_FilterRoot_Help,Root of the rule condition tree. Add operator or condition filters below this item.,Adiscon User Interface .resw source; locale=ja-JP; revision=edd9fe10d4a120194e4a0a1e60a5d04d661b79ab
CFGEvntSLog.WinUI/Strings/Resources,CFGEvntSLog.WinUI Resources,Workbench_FilterRoot_Name,Filter root,Adiscon User Interface .resw source; locale=ja-JP; revision=edd9fe10d4a120194e4a0a1e60a5d04d661b79ab
CFGEvntSLog.WinUI/Strings/Resources,CFGEvntSLog.WinUI Resources,Workbench_RuleTemplate_Empty_Description,アクションなしでルールを作成します。,Adiscon User Interface .resw source; locale=ja-JP; revision=edd9fe10d4a120194e4a0a1e60a5d04d661b79ab
CFGEvntSLog.WinUI/Strings/Resources,CFGEvntSLog.WinUI Resources,Workbench_RuleTemplate_Empty_Title,空のルール,Adiscon User Interface .resw source; locale=ja-JP; revision=edd9fe10d4a120194e4a0a1e60a5d04d661b79ab
CFGEvntSLog.WinUI/Strings/Resources,CFGEvntSLog.WinUI Resources,Workbench_RuleTemplate_WithAction_Description,ルールを作成し、最初のアクションを選択します。,Adiscon User Interface .resw source; locale=ja-JP; revision=edd9fe10d4a120194e4a0a1e60a5d04d661b79ab
CFGEvntSLog.WinUI/Strings/Resources,CFGEvntSLog.WinUI Resources,Workbench_RuleTemplate_WithAction_Title,アクション付きルール,Adiscon User Interface .resw source; locale=ja-JP; revision=edd9fe10d4a120194e4a0a1e60a5d04d661b79ab
CFGEvntSLog.WinUI/Strings/Resources,CFGEvntSLog.WinUI Resources,bAbortRuleOnFailure,アクションの実行に失敗した時、ルール内の別のアクションの実行を停止する,Adiscon User Interface .resw source; locale=ja-JP; revision=edd9fe10d4a120194e4a0a1e60a5d04d661b79ab
CFGEvntSLog.WinUI/Strings/Resources,CFGEvntSLog.WinUI Resources,bAddFacilityString,ファシリティを追加,Adiscon User Interface .resw source; locale=ja-JP; revision=edd9fe10d4a120194e4a0a1e60a5d04d661b79ab
CFGEvntSLog.WinUI/Strings/Resources,CFGEvntSLog.WinUI Resources,bAutoReloadRandomDelay,新しい設定を確認する時にランダムな待ち時間遅延を有効にする,Adiscon User Interface .resw source; locale=ja-JP; revision=edd9fe10d4a120194e4a0a1e60a5d04d661b79ab
CFGEvntSLog.WinUI/Strings/Resources,CFGEvntSLog.WinUI Resources,bIgnoreTlsCertificateErrors,TLS 証明書エラーを無視,Adiscon User Interface .resw source; locale=ja-JP; revision=edd9fe10d4a120194e4a0a1e60a5d04d661b79ab
CFGEvntSLog.WinUI/Strings/Resources,CFGEvntSLog.WinUI Resources,bIndicateErrorToOrigin,ルールのエラーを送信者に通知する,Adiscon User Interface .resw source; locale=ja-JP; revision=edd9fe10d4a120194e4a0a1e60a5d04d661b79ab
CFGEvntSLog.WinUI/Strings/Resources,CFGEvntSLog.WinUI Resources,bIsRegex_,正規表現を有効にする,Adiscon User Interface .resw source; locale=ja-JP; revision=edd9fe10d4a120194e4a0a1e60a5d04d661b79ab
CFGEvntSLog.WinUI/Strings/Resources,CFGEvntSLog.WinUI Resources,bReportInXML,XML 送信,Adiscon User Interface .resw source; locale=ja-JP; revision=edd9fe10d4a120194e4a0a1e60a5d04d661b79ab
CFGEvntSLog.WinUI/Strings/Resources,CFGEvntSLog.WinUI Resources,bReportTruncatedLog,ログの削除を通知する,Adiscon User Interface .resw source; locale=ja-JP; revision=edd9fe10d4a120194e4a0a1e60a5d04d661b79ab
CFGEvntSLog.WinUI/Strings/Resources,CFGEvntSLog.WinUI Resources,bShowEvtChannelAdmin,運用/管理チャネルを表示,Adiscon User Interface .resw source; locale=ja-JP; revision=edd9fe10d4a120194e4a0a1e60a5d04d661b79ab
CFGEvntSLog.WinUI/Strings/Resources,CFGEvntSLog.WinUI Resources,bShowEvtChannelDebug,デバッグ/分析チャネルを表示,Adiscon User Interface .resw source; locale=ja-JP; revision=edd9fe10d4a120194e4a0a1e60a5d04d661b79ab
CFGEvntSLog.WinUI/Strings/Resources,CFGEvntSLog.WinUI Resources,bShowSyslogMsgNbr,Syslogメッセージ番号,Adiscon User Interface .resw source; locale=ja-JP; revision=edd9fe10d4a120194e4a0a1e60a5d04d661b79ab
CFGEvntSLog.WinUI/Strings/Resources,CFGEvntSLog.WinUI Resources,bUseCustomEventLog,カスタムイベントログチャンネルを有効にする,Adiscon User Interface .resw source; locale=ja-JP; revision=edd9fe10d4a120194e4a0a1e60a5d04d661b79ab
CFGEvntSLog.WinUI/Strings/Resources,CFGEvntSLog.WinUI Resources,bUseLegacyFormat,レガシーフォーマットを使用,Adiscon User Interface .resw source; locale=ja-JP; revision=edd9fe10d4a120194e4a0a1e60a5d04d661b79ab
CFGEvntSLog.WinUI/Strings/Resources,CFGEvntSLog.WinUI Resources,bUseTLS,TLS/SSL暗号化を使用,Adiscon User Interface .resw source; locale=ja-JP; revision=edd9fe10d4a120194e4a0a1e60a5d04d661b79ab
CFGEvntSLog.WinUI/Strings/Resources,CFGEvntSLog.WinUI Resources,btnButtonDBMonReloadLastPos,データベース インデックス番号の再読み込み,Adiscon User Interface .resw source; locale=ja-JP; revision=edd9fe10d4a120194e4a0a1e60a5d04d661b79ab
CFGEvntSLog.WinUI/Strings/Resources,CFGEvntSLog.WinUI Resources,btnButtonFileMonResetAllLastPos,全てのポジションカウンターをリセット,Adiscon User Interface .resw source; locale=ja-JP; revision=edd9fe10d4a120194e4a0a1e60a5d04d661b79ab
CFGEvntSLog.WinUI/Strings/Resources,CFGEvntSLog.WinUI Resources,btnButtonPassiveSyslogTest,Test Passive Syslogserver,Adiscon User Interface .resw source; locale=ja-JP; revision=edd9fe10d4a120194e4a0a1e60a5d04d661b79ab
CFGEvntSLog.WinUI/Strings/Resources,CFGEvntSLog.WinUI Resources,btnButtonResetLastPos,データベース インデックス番号のリセット,Adiscon User Interface .resw source; locale=ja-JP; revision=edd9fe10d4a120194e4a0a1e60a5d04d661b79ab
CFGEvntSLog.WinUI/Strings/Resources,CFGEvntSLog.WinUI Resources,btnButtonSendSyslog,テストメッセージを送信,Adiscon User Interface .resw source; locale=ja-JP; revision=edd9fe10d4a120194e4a0a1e60a5d04d661b79ab
CFGEvntSLog.WinUI/Strings/Resources,CFGEvntSLog.WinUI Resources,btnCreateDB,データベースを作成,Adiscon User Interface .resw source; locale=ja-JP; revision=edd9fe10d4a120194e4a0a1e60a5d04d661b79ab
CFGEvntSLog.WinUI/Strings/Resources,CFGEvntSLog.WinUI Resources,btnEventLogDeSelectAll,選択を全て解除,Adiscon User Interface .resw source; locale=ja-JP; revision=edd9fe10d4a120194e4a0a1e60a5d04d661b79ab
CFGEvntSLog.WinUI/Strings/Resources,CFGEvntSLog.WinUI Resources,btnEventLogReloadLastRecords,全ての最終レコードを再読み込み,Adiscon User Interface .resw source; locale=ja-JP; revision=edd9fe10d4a120194e4a0a1e60a5d04d661b79ab
CFGEvntSLog.WinUI/Strings/Resources,CFGEvntSLog.WinUI Resources,btnEventLogRemoveDead,存在しないチャネルを削除,Adiscon User Interface .resw source; locale=ja-JP; revision=edd9fe10d4a120194e4a0a1e60a5d04d661b79ab
CFGEvntSLog.WinUI/Strings/Resources,CFGEvntSLog.WinUI Resources,btnEventLogResetLastRecords,全ての最終レコードをリセット,Adiscon User Interface .resw source; locale=ja-JP; revision=edd9fe10d4a120194e4a0a1e60a5d04d661b79ab
CFGEvntSLog.WinUI/Strings/Resources,CFGEvntSLog.WinUI Resources,btnEventLogScan,イベントログチャネル(再)スキャン,Adiscon User Interface .resw source; locale=ja-JP; revision=edd9fe10d4a120194e4a0a1e60a5d04d661b79ab
CFGEvntSLog.WinUI/Strings/Resources,CFGEvntSLog.WinUI Resources,btnEventLogSelectAll,全てを選択,Adiscon User Interface .resw source; locale=ja-JP; revision=edd9fe10d4a120194e4a0a1e60a5d04d661b79ab
CFGEvntSLog.WinUI/Strings/Resources,CFGEvntSLog.WinUI Resources,btnPostProcessImport,ルールをインポート,Adiscon User Interface .resw source; locale=ja-JP; revision=edd9fe10d4a120194e4a0a1e60a5d04d661b79ab
CFGEvntSLog.WinUI/Strings/Resources,CFGEvntSLog.WinUI Resources,btnPostProcessSave,ルールをエクスポート,Adiscon User Interface .resw source; locale=ja-JP; revision=edd9fe10d4a120194e4a0a1e60a5d04d661b79ab
CFGEvntSLog.WinUI/Strings/Resources,CFGEvntSLog.WinUI Resources,btnReloadLastRecordV1,再読み込み,Adiscon User Interface .resw source; locale=ja-JP; revision=edd9fe10d4a120194e4a0a1e60a5d04d661b79ab
CFGEvntSLog.WinUI/Strings/Resources,CFGEvntSLog.WinUI Resources,btnReloadLastRecordV2,再読み込み,Adiscon User Interface .resw source; locale=ja-JP; revision=edd9fe10d4a120194e4a0a1e60a5d04d661b79ab
CFGEvntSLog.WinUI/Strings/Resources,CFGEvntSLog.WinUI Resources,btnResetLastRecordV1,リセット,Adiscon User Interface .resw source; locale=ja-JP; revision=edd9fe10d4a120194e4a0a1e60a5d04d661b79ab
CFGEvntSLog.WinUI/Strings/Resources,CFGEvntSLog.WinUI Resources,btnResetLastRecordV2,リセット,Adiscon User Interface .resw source; locale=ja-JP; revision=edd9fe10d4a120194e4a0a1e60a5d04d661b79ab
CFGEvntSLog.WinUI/Strings/Resources,CFGEvntSLog.WinUI Resources,btnRestOutputResetJsonProperties,形式をリセット,Adiscon User Interface .resw source; locale=ja-JP; revision=edd9fe10d4a120194e4a0a1e60a5d04d661b79ab
CFGEvntSLog.WinUI/Strings/Resources,CFGEvntSLog.WinUI Resources,btnRun,起動,Adiscon User Interface .resw source; locale=ja-JP; revision=edd9fe10d4a120194e4a0a1e60a5d04d661b79ab
CFGEvntSLog.WinUI/Strings/Resources,CFGEvntSLog.WinUI Resources,btnVerifyEvtV1,接続を確認,Adiscon User Interface .resw source; locale=ja-JP; revision=edd9fe10d4a120194e4a0a1e60a5d04d661b79ab
CFGEvntSLog.WinUI/Strings/Resources,CFGEvntSLog.WinUI Resources,btnVerifyEvtV2,接続を確認,Adiscon User Interface .resw source; locale=ja-JP; revision=edd9fe10d4a120194e4a0a1e60a5d04d661b79ab
CFGEvntSLog.WinUI/Strings/Resources,CFGEvntSLog.WinUI Resources,btnszODBCDsn,DSNの設定,Adiscon User Interface .resw source; locale=ja-JP; revision=edd9fe10d4a120194e4a0a1e60a5d04d661b79ab
CFGEvntSLog.WinUI/Strings/Resources,CFGEvntSLog.WinUI Resources,chkeventchannels,有効にする,Adiscon User Interface .resw source; locale=ja-JP; revision=edd9fe10d4a120194e4a0a1e60a5d04d661b79ab
CFGEvntSLog.WinUI/Strings/Resources,CFGEvntSLog.WinUI Resources,datafields,データ フィールド,Adiscon User Interface .resw source; locale=ja-JP; revision=edd9fe10d4a120194e4a0a1e60a5d04d661b79ab
CFGEvntSLog.WinUI/Strings/Resources,CFGEvntSLog.WinUI Resources,eventchannels,イベントログ チャンネル,Adiscon User Interface .resw source; locale=ja-JP; revision=edd9fe10d4a120194e4a0a1e60a5d04d661b79ab
CFGEvntSLog.WinUI/Strings/Resources,CFGEvntSLog.WinUI Resources,fileitems,ファイルを処理,Adiscon User Interface .resw source; locale=ja-JP; revision=edd9fe10d4a120194e4a0a1e60a5d04d661b79ab
CFGEvntSLog.WinUI/Strings/Resources,CFGEvntSLog.WinUI Resources,hostlist,ホスト リスト,Adiscon User Interface .resw source; locale=ja-JP; revision=edd9fe10d4a120194e4a0a1e60a5d04d661b79ab
CFGEvntSLog.WinUI/Strings/Resources,CFGEvntSLog.WinUI Resources,iLastDBID,最後のデータベース インデックス,Adiscon User Interface .resw source; locale=ja-JP; revision=edd9fe10d4a120194e4a0a1e60a5d04d661b79ab
CFGEvntSLog.WinUI/Strings/Resources,CFGEvntSLog.WinUI Resources,interactive_path,アプリケーションのパスとファイル名,Adiscon User Interface .resw source; locale=ja-JP; revision=edd9fe10d4a120194e4a0a1e60a5d04d661b79ab
CFGEvntSLog.WinUI/Strings/Resources,CFGEvntSLog.WinUI Resources,lblDecrement,値を減少 (-),Adiscon User Interface .resw source; locale=ja-JP; revision=edd9fe10d4a120194e4a0a1e60a5d04d661b79ab
CFGEvntSLog.WinUI/Strings/Resources,CFGEvntSLog.WinUI Resources,lblIncrement,値を増加 (+),Adiscon User Interface .resw source; locale=ja-JP; revision=edd9fe10d4a120194e4a0a1e60a5d04d661b79ab
CFGEvntSLog.WinUI/Strings/Resources,CFGEvntSLog.WinUI Resources,lbl_EventLogSource_Replace,イベントログのソース名を変更,Adiscon User Interface .resw source; locale=ja-JP; revision=edd9fe10d4a120194e4a0a1e60a5d04d661b79ab
CFGEvntSLog.WinUI/Strings/Resources,CFGEvntSLog.WinUI Resources,lbl_EventLogSource_Service,ソースにサービス名を使用,Adiscon User Interface .resw source; locale=ja-JP; revision=edd9fe10d4a120194e4a0a1e60a5d04d661b79ab
CFGEvntSLog.WinUI/Strings/Resources,CFGEvntSLog.WinUI Resources,lbl_nAction1,開始,Adiscon User Interface .resw source; locale=ja-JP; revision=edd9fe10d4a120194e4a0a1e60a5d04d661b79ab
CFGEvntSLog.WinUI/Strings/Resources,CFGEvntSLog.WinUI Resources,lbl_nAction2,停止,Adiscon User Interface .resw source; locale=ja-JP; revision=edd9fe10d4a120194e4a0a1e60a5d04d661b79ab
CFGEvntSLog.WinUI/Strings/Resources,CFGEvntSLog.WinUI Resources,lbl_nAction3,再起動,Adiscon User Interface .resw source; locale=ja-JP; revision=edd9fe10d4a120194e4a0a1e60a5d04d661b79ab
CFGEvntSLog.WinUI/Strings/Resources,CFGEvntSLog.WinUI Resources,lbl_nAction4,ポーズ,Adiscon User Interface .resw source; locale=ja-JP; revision=edd9fe10d4a120194e4a0a1e60a5d04d661b79ab
CFGEvntSLog.WinUI/Strings/Resources,CFGEvntSLog.WinUI Resources,lbl_nAction5,ポーズ解除,Adiscon User Interface .resw source; locale=ja-JP; revision=edd9fe10d4a120194e4a0a1e60a5d04d661b79ab
CFGEvntSLog.WinUI/Strings/Resources,CFGEvntSLog.WinUI Resources,lbl_nMessageMode_csv,CSV (カンマ区切り),Adiscon User Interface .resw source; locale=ja-JP; revision=edd9fe10d4a120194e4a0a1e60a5d04d661b79ab
CFGEvntSLog.WinUI/Strings/Resources,CFGEvntSLog.WinUI Resources,lbl_nMessageMode_custom,カスタム,Adiscon User Interface .resw source; locale=ja-JP; revision=edd9fe10d4a120194e4a0a1e60a5d04d661b79ab
CFGEvntSLog.WinUI/Strings/Resources,CFGEvntSLog.WinUI Resources,lbl_nMessageMode_none,なし（None）,Adiscon User Interface .resw source; locale=ja-JP; revision=edd9fe10d4a120194e4a0a1e60a5d04d661b79ab
CFGEvntSLog.WinUI/Strings/Resources,CFGEvntSLog.WinUI Resources,lbl_procmode0,同期処理 (終了を待ちます),Adiscon User Interface .resw source; locale=ja-JP; revision=edd9fe10d4a120194e4a0a1e60a5d04d661b79ab
CFGEvntSLog.WinUI/Strings/Resources,CFGEvntSLog.WinUI Resources,lbl_procmode1,非同期処理,Adiscon User Interface .resw source; locale=ja-JP; revision=edd9fe10d4a120194e4a0a1e60a5d04d661b79ab
CFGEvntSLog.WinUI/Strings/Resources,CFGEvntSLog.WinUI Resources,lbl_request_get,GET,Adiscon User Interface .resw source; locale=ja-JP; revision=edd9fe10d4a120194e4a0a1e60a5d04d661b79ab
CFGEvntSLog.WinUI/Strings/Resources,CFGEvntSLog.WinUI Resources,lbl_request_head,HEAD,Adiscon User Interface .resw source; locale=ja-JP; revision=edd9fe10d4a120194e4a0a1e60a5d04d661b79ab
CFGEvntSLog.WinUI/Strings/Resources,CFGEvntSLog.WinUI Resources,lbl_syslogRFC3195,RFC3195,Adiscon User Interface .resw source; locale=ja-JP; revision=edd9fe10d4a120194e4a0a1e60a5d04d661b79ab
CFGEvntSLog.WinUI/Strings/Resources,CFGEvntSLog.WinUI Resources,lbl_syslogRFC3195RAW,RFC3195 Raw,Adiscon User Interface .resw source; locale=ja-JP; revision=edd9fe10d4a120194e4a0a1e60a5d04d661b79ab
CFGEvntSLog.WinUI/Strings/Resources,CFGEvntSLog.WinUI Resources,lbl_syslogTCP,TCP,Adiscon User Interface .resw source; locale=ja-JP; revision=edd9fe10d4a120194e4a0a1e60a5d04d661b79ab
CFGEvntSLog.WinUI/Strings/Resources,CFGEvntSLog.WinUI Resources,lbl_syslogTCPOctetCount,TCP (オクテット フレーミング：接続を維持),Adiscon User Interface .resw source; locale=ja-JP; revision=edd9fe10d4a120194e4a0a1e60a5d04d661b79ab
CFGEvntSLog.WinUI/Strings/Resources,CFGEvntSLog.WinUI Resources,lbl_syslogTCPOneMSG,"TCP (非推奨, 1件ずつ送信：その度に接続・切断します)",Adiscon User Interface .resw source; locale=ja-JP; revision=edd9fe10d4a120194e4a0a1e60a5d04d661b79ab
CFGEvntSLog.WinUI/Strings/Resources,CFGEvntSLog.WinUI Resources,lbl_syslogTCPPersistant,TCP (複数で送信：接続を維持),Adiscon User Interface .resw source; locale=ja-JP; revision=edd9fe10d4a120194e4a0a1e60a5d04d661b79ab
CFGEvntSLog.WinUI/Strings/Resources,CFGEvntSLog.WinUI Resources,lbl_syslogUDP,UDP,Adiscon User Interface .resw source; locale=ja-JP; revision=edd9fe10d4a120194e4a0a1e60a5d04d661b79ab
CFGEvntSLog.WinUI/Strings/Resources,CFGEvntSLog.WinUI Resources,loganalyzer_path,アプリケーションのパスとファイル名,Adiscon User Interface .resw source; locale=ja-JP; revision=edd9fe10d4a120194e4a0a1e60a5d04d661b79ab
CFGEvntSLog.WinUI/Strings/Resources,CFGEvntSLog.WinUI Resources,logfilemgr_path,アプリケーションのパスとファイル名,Adiscon User Interface .resw source; locale=ja-JP; revision=edd9fe10d4a120194e4a0a1e60a5d04d661b79ab
CFGEvntSLog.WinUI/Strings/Resources,CFGEvntSLog.WinUI Resources,logsearch_path,アプリケーションのパスとファイル名,Adiscon User Interface .resw source; locale=ja-JP; revision=edd9fe10d4a120194e4a0a1e60a5d04d661b79ab
CFGEvntSLog.WinUI/Strings/Resources,CFGEvntSLog.WinUI Resources,msgseps,メッセージ セパレータのリスト,Adiscon User Interface .resw source; locale=ja-JP; revision=edd9fe10d4a120194e4a0a1e60a5d04d661b79ab
CFGEvntSLog.WinUI/Strings/Resources,CFGEvntSLog.WinUI Resources,nAction,実行させるアクション,Adiscon User Interface .resw source; locale=ja-JP; revision=edd9fe10d4a120194e4a0a1e60a5d04d661b79ab
CFGEvntSLog.WinUI/Strings/Resources,CFGEvntSLog.WinUI Resources,nAddLogType,ログタイプを追加,Adiscon User Interface .resw source; locale=ja-JP; revision=edd9fe10d4a120194e4a0a1e60a5d04d661b79ab
CFGEvntSLog.WinUI/Strings/Resources,CFGEvntSLog.WinUI Resources,nAddMibDescriptionToMsg,"Append MIB Description after Mibname (Attention, can be a lot of information!)",Adiscon User Interface .resw source; locale=ja-JP; revision=edd9fe10d4a120194e4a0a1e60a5d04d661b79ab
CFGEvntSLog.WinUI/Strings/Resources,CFGEvntSLog.WinUI Resources,nAddUserName,ユーザー名を追加,Adiscon User Interface .resw source; locale=ja-JP; revision=edd9fe10d4a120194e4a0a1e60a5d04d661b79ab
CFGEvntSLog.WinUI/Strings/Resources,CFGEvntSLog.WinUI Resources,nApiReadMode,処理モード,Adiscon User Interface .resw source; locale=ja-JP; revision=edd9fe10d4a120194e4a0a1e60a5d04d661b79ab
CFGEvntSLog.WinUI/Strings/Resources,CFGEvntSLog.WinUI Resources,nApiReadMode_Polling,ポーリング (スリープタイム),Adiscon User Interface .resw source; locale=ja-JP; revision=edd9fe10d4a120194e4a0a1e60a5d04d661b79ab
CFGEvntSLog.WinUI/Strings/Resources,CFGEvntSLog.WinUI Resources,nApiReadMode_Subscription,サブスクリプション (リアルタイム),Adiscon User Interface .resw source; locale=ja-JP; revision=edd9fe10d4a120194e4a0a1e60a5d04d661b79ab
CFGEvntSLog.WinUI/Strings/Resources,CFGEvntSLog.WinUI Resources,nAsyncMaxProc,非同期 最大処理数,Adiscon User Interface .resw source; locale=ja-JP; revision=edd9fe10d4a120194e4a0a1e60a5d04d661b79ab
CFGEvntSLog.WinUI/Strings/Resources,CFGEvntSLog.WinUI Resources,nAutoReloadDelayTime,ランダムな遅延時間の最大値,Adiscon User Interface .resw source; locale=ja-JP; revision=edd9fe10d4a120194e4a0a1e60a5d04d661b79ab
CFGEvntSLog.WinUI/Strings/Resources,CFGEvntSLog.WinUI Resources,nBps,1秒当たりのビット数,Adiscon User Interface .resw source; locale=ja-JP; revision=edd9fe10d4a120194e4a0a1e60a5d04d661b79ab
CFGEvntSLog.WinUI/Strings/Resources,CFGEvntSLog.WinUI Resources,nCPUEnable,CPUのチェックを有効にする,Adiscon User Interface .resw source; locale=ja-JP; revision=edd9fe10d4a120194e4a0a1e60a5d04d661b79ab
CFGEvntSLog.WinUI/Strings/Resources,CFGEvntSLog.WinUI Resources,nCPUOccurences,アラームが出るまで発生,Adiscon User Interface .resw source; locale=ja-JP; revision=edd9fe10d4a120194e4a0a1e60a5d04d661b79ab
CFGEvntSLog.WinUI/Strings/Resources,CFGEvntSLog.WinUI Resources,nCPUReportIfBelowAlarm,CPUレベルがアラームレベルを下回った場合にもレポートする,Adiscon User Interface .resw source; locale=ja-JP; revision=edd9fe10d4a120194e4a0a1e60a5d04d661b79ab
CFGEvntSLog.WinUI/Strings/Resources,CFGEvntSLog.WinUI Resources,nCPUSingle,マルチプロセッサーのみ：各CPUについてレポート,Adiscon User Interface .resw source; locale=ja-JP; revision=edd9fe10d4a120194e4a0a1e60a5d04d661b79ab
CFGEvntSLog.WinUI/Strings/Resources,CFGEvntSLog.WinUI Resources,nCPUUsageAlarmLevel,CPU使用率アラームレベル,Adiscon User Interface .resw source; locale=ja-JP; revision=edd9fe10d4a120194e4a0a1e60a5d04d661b79ab
CFGEvntSLog.WinUI/Strings/Resources,CFGEvntSLog.WinUI Resources,nCacheEventCategory,イベントカテゴリーをキャッシュ（タスクのカテゴリ）,Adiscon User Interface .resw source; locale=ja-JP; revision=edd9fe10d4a120194e4a0a1e60a5d04d661b79ab
CFGEvntSLog.WinUI/Strings/Resources,CFGEvntSLog.WinUI Resources,nCacheEventKeyword,イベントキーワードをキャッシュ,Adiscon User Interface .resw source; locale=ja-JP; revision=edd9fe10d4a120194e4a0a1e60a5d04d661b79ab
CFGEvntSLog.WinUI/Strings/Resources,CFGEvntSLog.WinUI Resources,nCacheEventLevel,イベントレベルをキャッシュ（警告、情報、エラーなど）,Adiscon User Interface .resw source; locale=ja-JP; revision=edd9fe10d4a120194e4a0a1e60a5d04d661b79ab
CFGEvntSLog.WinUI/Strings/Resources,CFGEvntSLog.WinUI Resources,nCacheEventPublisher,イベント発行元ハンドルをキャッシュ（イベントソース）,Adiscon User Interface .resw source; locale=ja-JP; revision=edd9fe10d4a120194e4a0a1e60a5d04d661b79ab
CFGEvntSLog.WinUI/Strings/Resources,CFGEvntSLog.WinUI Resources,nCacheNameEntry,名前解決されたホストをキャッシュに入れる,Adiscon User Interface .resw source; locale=ja-JP; revision=edd9fe10d4a120194e4a0a1e60a5d04d661b79ab
CFGEvntSLog.WinUI/Strings/Resources,CFGEvntSLog.WinUI Resources,nChangeVal,オペレーション値,Adiscon User Interface .resw source; locale=ja-JP; revision=edd9fe10d4a120194e4a0a1e60a5d04d661b79ab
CFGEvntSLog.WinUI/Strings/Resources,CFGEvntSLog.WinUI Resources,nCheckAutoBackupLogFiles,Windowsで作成されたバックアップのログを確認（KB312571参照）,Adiscon User Interface .resw source; locale=ja-JP; revision=edd9fe10d4a120194e4a0a1e60a5d04d661b79ab
CFGEvntSLog.WinUI/Strings/Resources,CFGEvntSLog.WinUI Resources,nCheckPort,SNMP ポート,Adiscon User Interface .resw source; locale=ja-JP; revision=edd9fe10d4a120194e4a0a1e60a5d04d661b79ab
CFGEvntSLog.WinUI/Strings/Resources,CFGEvntSLog.WinUI Resources,nCircularLogging,ローテーションの設定,Adiscon User Interface .resw source; locale=ja-JP; revision=edd9fe10d4a120194e4a0a1e60a5d04d661b79ab
CFGEvntSLog.WinUI/Strings/Resources,CFGEvntSLog.WinUI Resources,nCleanFileHandlesTimeout,未使用のファイルハンドルが閉じられるまでのタイムアウト,Adiscon User Interface .resw source; locale=ja-JP; revision=edd9fe10d4a120194e4a0a1e60a5d04d661b79ab
CFGEvntSLog.WinUI/Strings/Resources,CFGEvntSLog.WinUI Resources,nClearEventLog,イベントログ ハンドリングを消去,Adiscon User Interface .resw source; locale=ja-JP; revision=edd9fe10d4a120194e4a0a1e60a5d04d661b79ab
CFGEvntSLog.WinUI/Strings/Resources,CFGEvntSLog.WinUI Resources,nCompLevel,圧縮レベル,Adiscon User Interface .resw source; locale=ja-JP; revision=edd9fe10d4a120194e4a0a1e60a5d04d661b79ab
CFGEvntSLog.WinUI/Strings/Resources,CFGEvntSLog.WinUI Resources,nCompressControlChars,制御文字を圧縮する,Adiscon User Interface .resw source; locale=ja-JP; revision=edd9fe10d4a120194e4a0a1e60a5d04d661b79ab
CFGEvntSLog.WinUI/Strings/Resources,CFGEvntSLog.WinUI Resources,nCompressOutputFormat,出力形式の圧縮(スペース/引用符の削除）,Adiscon User Interface .resw source; locale=ja-JP; revision=edd9fe10d4a120194e4a0a1e60a5d04d661b79ab
CFGEvntSLog.WinUI/Strings/Resources,CFGEvntSLog.WinUI Resources,nCompressSpaces,スペースを圧縮する,Adiscon User Interface .resw source; locale=ja-JP; revision=edd9fe10d4a120194e4a0a1e60a5d04d661b79ab
CFGEvntSLog.WinUI/Strings/Resources,CFGEvntSLog.WinUI Resources,nCompressionLevel,圧縮レベル,Adiscon User Interface .resw source; locale=ja-JP; revision=edd9fe10d4a120194e4a0a1e60a5d04d661b79ab
CFGEvntSLog.WinUI/Strings/Resources,CFGEvntSLog.WinUI Resources,nConnectTimeOut,接続のタイムアウト,Adiscon User Interface .resw source; locale=ja-JP; revision=edd9fe10d4a120194e4a0a1e60a5d04d661b79ab
CFGEvntSLog.WinUI/Strings/Resources,CFGEvntSLog.WinUI Resources,nConvertToEventLogMonitorV1,イベントログの監視V1対応のイベントに変換する,Adiscon User Interface .resw source; locale=ja-JP; revision=edd9fe10d4a120194e4a0a1e60a5d04d661b79ab
CFGEvntSLog.WinUI/Strings/Resources,CFGEvntSLog.WinUI Resources,nCopyFormatIntoProperty,メッセージフォーマットの選択,Adiscon User Interface .resw source; locale=ja-JP; revision=edd9fe10d4a120194e4a0a1e60a5d04d661b79ab
CFGEvntSLog.WinUI/Strings/Resources,CFGEvntSLog.WinUI Resources,nCount,ファイルの再生回数,Adiscon User Interface .resw source; locale=ja-JP; revision=edd9fe10d4a120194e4a0a1e60a5d04d661b79ab
CFGEvntSLog.WinUI/Strings/Resources,CFGEvntSLog.WinUI Resources,nCustomerID,カスタマーID,Adiscon User Interface .resw source; locale=ja-JP; revision=edd9fe10d4a120194e4a0a1e60a5d04d661b79ab
CFGEvntSLog.WinUI/Strings/Resources,CFGEvntSLog.WinUI Resources,nCustomizeSearchPath,バックアップログに対するサーチパスをカスタマイズする,Adiscon User Interface .resw source; locale=ja-JP; revision=edd9fe10d4a120194e4a0a1e60a5d04d661b79ab
CFGEvntSLog.WinUI/Strings/Resources,CFGEvntSLog.WinUI Resources,nDBPassEncryption,暗号化,Adiscon User Interface .resw source; locale=ja-JP; revision=edd9fe10d4a120194e4a0a1e60a5d04d661b79ab
CFGEvntSLog.WinUI/Strings/Resources,CFGEvntSLog.WinUI Resources,nDNSCacheLimit,キャッシュに入れるレコード数,Adiscon User Interface .resw source; locale=ja-JP; revision=edd9fe10d4a120194e4a0a1e60a5d04d661b79ab
CFGEvntSLog.WinUI/Strings/Resources,CFGEvntSLog.WinUI Resources,nDNSCacheTime,DNS名をキャッシュに入れる時間,Adiscon User Interface .resw source; locale=ja-JP; revision=edd9fe10d4a120194e4a0a1e60a5d04d661b79ab
CFGEvntSLog.WinUI/Strings/Resources,CFGEvntSLog.WinUI Resources,nDNSInetProtocol,インターネット プロトコルタイプ,Adiscon User Interface .resw source; locale=ja-JP; revision=edd9fe10d4a120194e4a0a1e60a5d04d661b79ab
CFGEvntSLog.WinUI/Strings/Resources,CFGEvntSLog.WinUI Resources,nDTLSSendPort,DTLS ポート,Adiscon User Interface .resw source; locale=ja-JP; revision=edd9fe10d4a120194e4a0a1e60a5d04d661b79ab
CFGEvntSLog.WinUI/Strings/Resources,CFGEvntSLog.WinUI Resources,nDatabits,データビット,Adiscon User Interface .resw source; locale=ja-JP; revision=edd9fe10d4a120194e4a0a1e60a5d04d661b79ab
CFGEvntSLog.WinUI/Strings/Resources,CFGEvntSLog.WinUI Resources,nDebugErrors,エラー&警告を出力,Adiscon User Interface .resw source; locale=ja-JP; revision=edd9fe10d4a120194e4a0a1e60a5d04d661b79ab
CFGEvntSLog.WinUI/Strings/Resources,CFGEvntSLog.WinUI Resources,nDebugInternal,情報 デバッグ出力,Adiscon User Interface .resw source; locale=ja-JP; revision=edd9fe10d4a120194e4a0a1e60a5d04d661b79ab
CFGEvntSLog.WinUI/Strings/Resources,CFGEvntSLog.WinUI Resources,nDebugMini,最少 デバッグ出力,Adiscon User Interface .resw source; locale=ja-JP; revision=edd9fe10d4a120194e4a0a1e60a5d04d661b79ab
CFGEvntSLog.WinUI/Strings/Resources,CFGEvntSLog.WinUI Resources,nDebugRuleEngine,ルール&フィルターを出力,Adiscon User Interface .resw source; locale=ja-JP; revision=edd9fe10d4a120194e4a0a1e60a5d04d661b79ab
CFGEvntSLog.WinUI/Strings/Resources,CFGEvntSLog.WinUI Resources,nDebugUltra,Ultra Verbose デバッグ出力,Adiscon User Interface .resw source; locale=ja-JP; revision=edd9fe10d4a120194e4a0a1e60a5d04d661b79ab
CFGEvntSLog.WinUI/Strings/Resources,CFGEvntSLog.WinUI Resources,nDefaultBuffer,デフォルトバッファサイズ,Adiscon User Interface .resw source; locale=ja-JP; revision=edd9fe10d4a120194e4a0a1e60a5d04d661b79ab
CFGEvntSLog.WinUI/Strings/Resources,CFGEvntSLog.WinUI Resources,nDelay,再生の間隔（ミリ秒）,Adiscon User Interface .resw source; locale=ja-JP; revision=edd9fe10d4a120194e4a0a1e60a5d04d661b79ab
CFGEvntSLog.WinUI/Strings/Resources,CFGEvntSLog.WinUI Resources,nDelayOnStartup,起動をミリ秒単位で遅らせる（1秒：1000ミリ秒）,Adiscon User Interface .resw source; locale=ja-JP; revision=edd9fe10d4a120194e4a0a1e60a5d04d661b79ab
CFGEvntSLog.WinUI/Strings/Resources,CFGEvntSLog.WinUI Resources,nDiskCacheWait,接続の待ち時間,Adiscon User Interface .resw source; locale=ja-JP; revision=edd9fe10d4a120194e4a0a1e60a5d04d661b79ab
CFGEvntSLog.WinUI/Strings/Resources,CFGEvntSLog.WinUI Resources,nDiskQueueMaxFileSize,設定値に達した場合にファイルを分割する,Adiscon User Interface .resw source; locale=ja-JP; revision=edd9fe10d4a120194e4a0a1e60a5d04d661b79ab
CFGEvntSLog.WinUI/Strings/Resources,CFGEvntSLog.WinUI Resources,nDoNotProcessLastRecord,イベントログのデータが破損している時、既存のイベントを処理しない,Adiscon User Interface .resw source; locale=ja-JP; revision=edd9fe10d4a120194e4a0a1e60a5d04d661b79ab
CFGEvntSLog.WinUI/Strings/Resources,CFGEvntSLog.WinUI Resources,nDoNotProcessLastRecordOnStartup,サービスの起動時に既存のイベントを処理しない,Adiscon User Interface .resw source; locale=ja-JP; revision=edd9fe10d4a120194e4a0a1e60a5d04d661b79ab
CFGEvntSLog.WinUI/Strings/Resources,CFGEvntSLog.WinUI Resources,nDtsControl,DTRフロー制御,Adiscon User Interface .resw source; locale=ja-JP; revision=edd9fe10d4a120194e4a0a1e60a5d04d661b79ab
CFGEvntSLog.WinUI/Strings/Resources,CFGEvntSLog.WinUI Resources,nEmptyStringsAsNull,空白の場合は NULL値 を挿入,Adiscon User Interface .resw source; locale=ja-JP; revision=edd9fe10d4a120194e4a0a1e60a5d04d661b79ab
CFGEvntSLog.WinUI/Strings/Resources,CFGEvntSLog.WinUI Resources,nEmulateParameters,従来のイベントログ監視から%Param%をエミュレートする,Adiscon User Interface .resw source; locale=ja-JP; revision=edd9fe10d4a120194e4a0a1e60a5d04d661b79ab
CFGEvntSLog.WinUI/Strings/Resources,CFGEvntSLog.WinUI Resources,nEnableAutoConfigReload,設定変更時に自動的にサービスをリロードする,Adiscon User Interface .resw source; locale=ja-JP; revision=edd9fe10d4a120194e4a0a1e60a5d04d661b79ab
CFGEvntSLog.WinUI/Strings/Resources,CFGEvntSLog.WinUI Resources,nEnableBackupServer,メインのメールサーバーに接続できない時、次のサーバーを使用,Adiscon User Interface .resw source; locale=ja-JP; revision=edd9fe10d4a120194e4a0a1e60a5d04d661b79ab
CFGEvntSLog.WinUI/Strings/Resources,CFGEvntSLog.WinUI Resources,nEnableCommunicate,通信を有効にする,Adiscon User Interface .resw source; locale=ja-JP; revision=edd9fe10d4a120194e4a0a1e60a5d04d661b79ab
CFGEvntSLog.WinUI/Strings/Resources,CFGEvntSLog.WinUI Resources,nEnableDNSCache,DNSキャッシュを有効にする,Adiscon User Interface .resw source; locale=ja-JP; revision=edd9fe10d4a120194e4a0a1e60a5d04d661b79ab
CFGEvntSLog.WinUI/Strings/Resources,CFGEvntSLog.WinUI Resources,nEnableDateReplacements,日付の変数を使用する（マニュアルをご参照ください）,Adiscon User Interface .resw source; locale=ja-JP; revision=edd9fe10d4a120194e4a0a1e60a5d04d661b79ab
CFGEvntSLog.WinUI/Strings/Resources,CFGEvntSLog.WinUI Resources,nEnableDateReplacementsOffset,オフセット：秒単位,Adiscon User Interface .resw source; locale=ja-JP; revision=edd9fe10d4a120194e4a0a1e60a5d04d661b79ab
CFGEvntSLog.WinUI/Strings/Resources,CFGEvntSLog.WinUI Resources,nEnableDebugOutput,デバッグ出力を有効にする（必要時のみ）,Adiscon User Interface .resw source; locale=ja-JP; revision=edd9fe10d4a120194e4a0a1e60a5d04d661b79ab
CFGEvntSLog.WinUI/Strings/Resources,CFGEvntSLog.WinUI Resources,nEnableEventlogWarnings,アプリケーションログに警告を書き込む,Adiscon User Interface .resw source; locale=ja-JP; revision=edd9fe10d4a120194e4a0a1e60a5d04d661b79ab
CFGEvntSLog.WinUI/Strings/Resources,CFGEvntSLog.WinUI Resources,nEnableLastRecordDelay,最終レコードの書き込みを遅延する,Adiscon User Interface .resw source; locale=ja-JP; revision=edd9fe10d4a120194e4a0a1e60a5d04d661b79ab
CFGEvntSLog.WinUI/Strings/Resources,CFGEvntSLog.WinUI Resources,nEnableMultiCastGroup,UDP マルチキャスト グループからの受信を有効にする,Adiscon User Interface .resw source; locale=ja-JP; revision=edd9fe10d4a120194e4a0a1e60a5d04d661b79ab
CFGEvntSLog.WinUI/Strings/Resources,CFGEvntSLog.WinUI Resources,nEnableMultiTCPMsgSep,複数のメッセージセパレーターを有効にする,Adiscon User Interface .resw source; locale=ja-JP; revision=edd9fe10d4a120194e4a0a1e60a5d04d661b79ab
CFGEvntSLog.WinUI/Strings/Resources,CFGEvntSLog.WinUI Resources,nEnablePermittedSenders,送信許可リストを有効にする,Adiscon User Interface .resw source; locale=ja-JP; revision=edd9fe10d4a120194e4a0a1e60a5d04d661b79ab
CFGEvntSLog.WinUI/Strings/Resources,CFGEvntSLog.WinUI Resources,nEnablePropertyFileName,ファイル名にプロパティ（変数）を使用,Adiscon User Interface .resw source; locale=ja-JP; revision=edd9fe10d4a120194e4a0a1e60a5d04d661b79ab
CFGEvntSLog.WinUI/Strings/Resources,CFGEvntSLog.WinUI Resources,nEnableRetry,失敗したアクションをリトライする,Adiscon User Interface .resw source; locale=ja-JP; revision=edd9fe10d4a120194e4a0a1e60a5d04d661b79ab
CFGEvntSLog.WinUI/Strings/Resources,CFGEvntSLog.WinUI Resources,nEnableRingBuffer,ディスクキャッシュのキュー管理を有効にする,Adiscon User Interface .resw source; locale=ja-JP; revision=edd9fe10d4a120194e4a0a1e60a5d04d661b79ab
CFGEvntSLog.WinUI/Strings/Resources,CFGEvntSLog.WinUI Resources,nEnableTCPMsgSep,メッセージを以下のシーケンスによって分ける,Adiscon User Interface .resw source; locale=ja-JP; revision=edd9fe10d4a120194e4a0a1e60a5d04d661b79ab
CFGEvntSLog.WinUI/Strings/Resources,CFGEvntSLog.WinUI Resources,nEnableUnknownChannels,不明/未設定のイベントログチャネルを処理,Adiscon User Interface .resw source; locale=ja-JP; revision=edd9fe10d4a120194e4a0a1e60a5d04d661b79ab
CFGEvntSLog.WinUI/Strings/Resources,CFGEvntSLog.WinUI Resources,nEnableUpdateFileTime,ファイルの作成日時/更新日時を明示的に更新,Adiscon User Interface .resw source; locale=ja-JP; revision=edd9fe10d4a120194e4a0a1e60a5d04d661b79ab
CFGEvntSLog.WinUI/Strings/Resources,CFGEvntSLog.WinUI Resources,nEnabled,有効なチャンネル,Adiscon User Interface .resw source; locale=ja-JP; revision=edd9fe10d4a120194e4a0a1e60a5d04d661b79ab
CFGEvntSLog.WinUI/Strings/Resources,CFGEvntSLog.WinUI Resources,nEnabledRemote,リモートによるイベントログの監視を有効にする ,Adiscon User Interface .resw source; locale=ja-JP; revision=edd9fe10d4a120194e4a0a1e60a5d04d661b79ab
CFGEvntSLog.WinUI/Strings/Resources,CFGEvntSLog.WinUI Resources,nEscapeControlCharacters,制御文字を変換する,Adiscon User Interface .resw source; locale=ja-JP; revision=edd9fe10d4a120194e4a0a1e60a5d04d661b79ab
CFGEvntSLog.WinUI/Strings/Resources,CFGEvntSLog.WinUI Resources,nEventID,イベントID,Adiscon User Interface .resw source; locale=ja-JP; revision=edd9fe10d4a120194e4a0a1e60a5d04d661b79ab
CFGEvntSLog.WinUI/Strings/Resources,CFGEvntSLog.WinUI Resources,nEventLogCor,破損したイベントログの処理方法,Adiscon User Interface .resw source; locale=ja-JP; revision=edd9fe10d4a120194e4a0a1e60a5d04d661b79ab
CFGEvntSLog.WinUI/Strings/Resources,CFGEvntSLog.WinUI Resources,nEventScanLastEventByChecksum,チェックサムを使用して最後に処理されたイベントから検索する,Adiscon User Interface .resw source; locale=ja-JP; revision=edd9fe10d4a120194e4a0a1e60a5d04d661b79ab
CFGEvntSLog.WinUI/Strings/Resources,CFGEvntSLog.WinUI Resources,nEventType,カスタムイベントログタイプを使用,Adiscon User Interface .resw source; locale=ja-JP; revision=edd9fe10d4a120194e4a0a1e60a5d04d661b79ab
CFGEvntSLog.WinUI/Strings/Resources,CFGEvntSLog.WinUI Resources,nEventUseChecksum,最後に処理されたイベントを確認するためにチェックサムを利用する,Adiscon User Interface .resw source; locale=ja-JP; revision=edd9fe10d4a120194e4a0a1e60a5d04d661b79ab
CFGEvntSLog.WinUI/Strings/Resources,CFGEvntSLog.WinUI Resources,nEvtClearIfEmpty,空であってもイベントログを消去する,Adiscon User Interface .resw source; locale=ja-JP; revision=edd9fe10d4a120194e4a0a1e60a5d04d661b79ab
CFGEvntSLog.WinUI/Strings/Resources,CFGEvntSLog.WinUI Resources,nEvtClrPollingCycles,消去するまでの実行回数,Adiscon User Interface .resw source; locale=ja-JP; revision=edd9fe10d4a120194e4a0a1e60a5d04d661b79ab
CFGEvntSLog.WinUI/Strings/Resources,CFGEvntSLog.WinUI Resources,nEvtClrSaveToFile,イベントログのバックアップを作成する,Adiscon User Interface .resw source; locale=ja-JP; revision=edd9fe10d4a120194e4a0a1e60a5d04d661b79ab
CFGEvntSLog.WinUI/Strings/Resources,CFGEvntSLog.WinUI Resources,nEvtClrTime,消去する時刻,Adiscon User Interface .resw source; locale=ja-JP; revision=edd9fe10d4a120194e4a0a1e60a5d04d661b79ab
CFGEvntSLog.WinUI/Strings/Resources,CFGEvntSLog.WinUI Resources,nEvtLogSuccessfullClear,消去に成功した場合にログを作成する,Adiscon User Interface .resw source; locale=ja-JP; revision=edd9fe10d4a120194e4a0a1e60a5d04d661b79ab
CFGEvntSLog.WinUI/Strings/Resources,CFGEvntSLog.WinUI Resources,nFTPPort,FTP ポート,Adiscon User Interface .resw source; locale=ja-JP; revision=edd9fe10d4a120194e4a0a1e60a5d04d661b79ab
CFGEvntSLog.WinUI/Strings/Resources,CFGEvntSLog.WinUI Resources,nFacility,Syslog ファシリティ,Adiscon User Interface .resw source; locale=ja-JP; revision=edd9fe10d4a120194e4a0a1e60a5d04d661b79ab
CFGEvntSLog.WinUI/Strings/Resources,CFGEvntSLog.WinUI Resources,nFieldType_,フィールドタイプ,Adiscon User Interface .resw source; locale=ja-JP; revision=edd9fe10d4a120194e4a0a1e60a5d04d661b79ab
CFGEvntSLog.WinUI/Strings/Resources,CFGEvntSLog.WinUI Resources,nFileDateTime,日付と時間（受信日時）を出力,Adiscon User Interface .resw source; locale=ja-JP; revision=edd9fe10d4a120194e4a0a1e60a5d04d661b79ab
CFGEvntSLog.WinUI/Strings/Resources,CFGEvntSLog.WinUI Resources,nFileDateTimeReported,日付と時間（デバイス側の日時）を出力,Adiscon User Interface .resw source; locale=ja-JP; revision=edd9fe10d4a120194e4a0a1e60a5d04d661b79ab
CFGEvntSLog.WinUI/Strings/Resources,CFGEvntSLog.WinUI Resources,nFileFacility,Syslog ファシリティを出力,Adiscon User Interface .resw source; locale=ja-JP; revision=edd9fe10d4a120194e4a0a1e60a5d04d661b79ab
CFGEvntSLog.WinUI/Strings/Resources,CFGEvntSLog.WinUI Resources,nFileFormat,ファイルフォーマット,Adiscon User Interface .resw source; locale=ja-JP; revision=edd9fe10d4a120194e4a0a1e60a5d04d661b79ab
CFGEvntSLog.WinUI/Strings/Resources,CFGEvntSLog.WinUI Resources,nFilePriority,Syslog プライオリティを出力,Adiscon User Interface .resw source; locale=ja-JP; revision=edd9fe10d4a120194e4a0a1e60a5d04d661b79ab
CFGEvntSLog.WinUI/Strings/Resources,CFGEvntSLog.WinUI Resources,nFileSource,ソースを出力,Adiscon User Interface .resw source; locale=ja-JP; revision=edd9fe10d4a120194e4a0a1e60a5d04d661b79ab
CFGEvntSLog.WinUI/Strings/Resources,CFGEvntSLog.WinUI Resources,nForceConnectionClose,チェックの度に接続を切る,Adiscon User Interface .resw source; locale=ja-JP; revision=edd9fe10d4a120194e4a0a1e60a5d04d661b79ab
CFGEvntSLog.WinUI/Strings/Resources,CFGEvntSLog.WinUI Resources,nForceUTF8Decoding,メッセージの文字コードを全てUTF-8として処理する,Adiscon User Interface .resw source; locale=ja-JP; revision=edd9fe10d4a120194e4a0a1e60a5d04d661b79ab
CFGEvntSLog.WinUI/Strings/Resources,CFGEvntSLog.WinUI Resources,nFormatType,メッセージフォーマットを選択,Adiscon User Interface .resw source; locale=ja-JP; revision=edd9fe10d4a120194e4a0a1e60a5d04d661b79ab
CFGEvntSLog.WinUI/Strings/Resources,CFGEvntSLog.WinUI Resources,nFormatType_DISABLED,(無効),Adiscon User Interface .resw source; locale=ja-JP; revision=edd9fe10d4a120194e4a0a1e60a5d04d661b79ab
CFGEvntSLog.WinUI/Strings/Resources,CFGEvntSLog.WinUI Resources,nFormatType_Json,JSON フォーマット,Adiscon User Interface .resw source; locale=ja-JP; revision=edd9fe10d4a120194e4a0a1e60a5d04d661b79ab
CFGEvntSLog.WinUI/Strings/Resources,CFGEvntSLog.WinUI Resources,nFormatType_JsonSiem,LogPoint SIEM JSON フォーマット,Adiscon User Interface .resw source; locale=ja-JP; revision=edd9fe10d4a120194e4a0a1e60a5d04d661b79ab
CFGEvntSLog.WinUI/Strings/Resources,CFGEvntSLog.WinUI Resources,nFormatType_Predefined,定義済みイベントフォーマット,Adiscon User Interface .resw source; locale=ja-JP; revision=edd9fe10d4a120194e4a0a1e60a5d04d661b79ab
CFGEvntSLog.WinUI/Strings/Resources,CFGEvntSLog.WinUI Resources,nFormatType_XML,Raw XML フォーマット,Adiscon User Interface .resw source; locale=ja-JP; revision=edd9fe10d4a120194e4a0a1e60a5d04d661b79ab
CFGEvntSLog.WinUI/Strings/Resources,CFGEvntSLog.WinUI Resources,nForwardIUT,XMLの表記コードをMWAgentとして転送する,Adiscon User Interface .resw source; locale=ja-JP; revision=edd9fe10d4a120194e4a0a1e60a5d04d661b79ab
CFGEvntSLog.WinUI/Strings/Resources,CFGEvntSLog.WinUI Resources,nGenerateOnSuccess,FTP 探査が成功した場合、イベントを生成する,Adiscon User Interface .resw source; locale=ja-JP; revision=edd9fe10d4a120194e4a0a1e60a5d04d661b79ab
CFGEvntSLog.WinUI/Strings/Resources,CFGEvntSLog.WinUI Resources,nGenericName,Generic Trap Type,Adiscon User Interface .resw source; locale=ja-JP; revision=edd9fe10d4a120194e4a0a1e60a5d04d661b79ab
CFGEvntSLog.WinUI/Strings/Resources,CFGEvntSLog.WinUI Resources,nHTTPPort,HTTP ポート,Adiscon User Interface .resw source; locale=ja-JP; revision=edd9fe10d4a120194e4a0a1e60a5d04d661b79ab
CFGEvntSLog.WinUI/Strings/Resources,CFGEvntSLog.WinUI Resources,nIMAPPort,IMAP ポート,Adiscon User Interface .resw source; locale=ja-JP; revision=edd9fe10d4a120194e4a0a1e60a5d04d661b79ab
CFGEvntSLog.WinUI/Strings/Resources,CFGEvntSLog.WinUI Resources,nIgnoreEmptyLines,空行を無視する,Adiscon User Interface .resw source; locale=ja-JP; revision=edd9fe10d4a120194e4a0a1e60a5d04d661b79ab
CFGEvntSLog.WinUI/Strings/Resources,CFGEvntSLog.WinUI Resources,nIncludeEventParameters,プロパティにオプションのイベントパラメータを含める,Adiscon User Interface .resw source; locale=ja-JP; revision=edd9fe10d4a120194e4a0a1e60a5d04d661b79ab
CFGEvntSLog.WinUI/Strings/Resources,CFGEvntSLog.WinUI Resources,nIncludeMessage,メッセージを出力,Adiscon User Interface .resw source; locale=ja-JP; revision=edd9fe10d4a120194e4a0a1e60a5d04d661b79ab
CFGEvntSLog.WinUI/Strings/Resources,CFGEvntSLog.WinUI Resources,nIncludeRAWMessage,RAWメッセージを出力,Adiscon User Interface .resw source; locale=ja-JP; revision=edd9fe10d4a120194e4a0a1e60a5d04d661b79ab
CFGEvntSLog.WinUI/Strings/Resources,CFGEvntSLog.WinUI Resources,nIncludeSourceInFilename,ファイル名にソースを出力,Adiscon User Interface .resw source; locale=ja-JP; revision=edd9fe10d4a120194e4a0a1e60a5d04d661b79ab
CFGEvntSLog.WinUI/Strings/Resources,CFGEvntSLog.WinUI Resources,nInstanceID,インスタンス副識別子,Adiscon User Interface .resw source; locale=ja-JP; revision=edd9fe10d4a120194e4a0a1e60a5d04d661b79ab
CFGEvntSLog.WinUI/Strings/Resources,CFGEvntSLog.WinUI Resources,nJSONIncludeMessageProperty,CEE形式でメッセージプロパティを含める,Adiscon User Interface .resw source; locale=ja-JP; revision=edd9fe10d4a120194e4a0a1e60a5d04d661b79ab
CFGEvntSLog.WinUI/Strings/Resources,CFGEvntSLog.WinUI Resources,nJapanStringHandling,日本語システムに対する特別なUnicode変換（バージョン8.xで使用）,Adiscon User Interface .resw source; locale=ja-JP; revision=edd9fe10d4a120194e4a0a1e60a5d04d661b79ab
CFGEvntSLog.WinUI/Strings/Resources,CFGEvntSLog.WinUI Resources,nKeepReadingUntilNew,新たに作成されるまで、現在オープンされたファイルの読み込みを継続する,Adiscon User Interface .resw source; locale=ja-JP; revision=edd9fe10d4a120194e4a0a1e60a5d04d661b79ab
CFGEvntSLog.WinUI/Strings/Resources,CFGEvntSLog.WinUI Resources,nLanguageLCID,優先言語,Adiscon User Interface .resw source; locale=ja-JP; revision=edd9fe10d4a120194e4a0a1e60a5d04d661b79ab
CFGEvntSLog.WinUI/Strings/Resources,CFGEvntSLog.WinUI Resources,nLastPos,最終ファイルポジション,Adiscon User Interface .resw source; locale=ja-JP; revision=edd9fe10d4a120194e4a0a1e60a5d04d661b79ab
CFGEvntSLog.WinUI/Strings/Resources,CFGEvntSLog.WinUI Resources,nLastRecord,最終レコード,Adiscon User Interface .resw source; locale=ja-JP; revision=edd9fe10d4a120194e4a0a1e60a5d04d661b79ab
CFGEvntSLog.WinUI/Strings/Resources,CFGEvntSLog.WinUI Resources,nLastRecordDelayCount,エントリー数を確認後に保存,Adiscon User Interface .resw source; locale=ja-JP; revision=edd9fe10d4a120194e4a0a1e60a5d04d661b79ab
CFGEvntSLog.WinUI/Strings/Resources,CFGEvntSLog.WinUI Resources,nLastRecordDelayTime,待機時間後に保存,Adiscon User Interface .resw source; locale=ja-JP; revision=edd9fe10d4a120194e4a0a1e60a5d04d661b79ab
CFGEvntSLog.WinUI/Strings/Resources,CFGEvntSLog.WinUI Resources,nLastWriteTime,最後の書き込み時間,Adiscon User Interface .resw source; locale=ja-JP; revision=edd9fe10d4a120194e4a0a1e60a5d04d661b79ab
CFGEvntSLog.WinUI/Strings/Resources,CFGEvntSLog.WinUI Resources,nLibCacheTimeOut,ライブラリをキャッシュに入れる時間,Adiscon User Interface .resw source; locale=ja-JP; revision=edd9fe10d4a120194e4a0a1e60a5d04d661b79ab
CFGEvntSLog.WinUI/Strings/Resources,CFGEvntSLog.WinUI Resources,nListenPort,ポート番号,Adiscon User Interface .resw source; locale=ja-JP; revision=edd9fe10d4a120194e4a0a1e60a5d04d661b79ab
CFGEvntSLog.WinUI/Strings/Resources,CFGEvntSLog.WinUI Resources,nLogDoNotRotateOnShutdown,シャットダウン時にローテーションしない,Adiscon User Interface .resw source; locale=ja-JP; revision=edd9fe10d4a120194e4a0a1e60a5d04d661b79ab
CFGEvntSLog.WinUI/Strings/Resources,CFGEvntSLog.WinUI Resources,nLogEnableRotate,ログローテーションを有効にする,Adiscon User Interface .resw source; locale=ja-JP; revision=edd9fe10d4a120194e4a0a1e60a5d04d661b79ab
CFGEvntSLog.WinUI/Strings/Resources,CFGEvntSLog.WinUI Resources,nLogEnableRotateTimeOfTheDay,曜日毎に指定時刻でローテーションする,Adiscon User Interface .resw source; locale=ja-JP; revision=edd9fe10d4a120194e4a0a1e60a5d04d661b79ab
CFGEvntSLog.WinUI/Strings/Resources,CFGEvntSLog.WinUI Resources,nLogEnableRotateTimeout,時間基準のローテーション,Adiscon User Interface .resw source; locale=ja-JP; revision=edd9fe10d4a120194e4a0a1e60a5d04d661b79ab
CFGEvntSLog.WinUI/Strings/Resources,CFGEvntSLog.WinUI Resources,nLogFileType,ログファイル タイプ,Adiscon User Interface .resw source; locale=ja-JP; revision=edd9fe10d4a120194e4a0a1e60a5d04d661b79ab
CFGEvntSLog.WinUI/Strings/Resources,CFGEvntSLog.WinUI Resources,nLogMoveAfterRotate,ローテーション後にファイルを移動,Adiscon User Interface .resw source; locale=ja-JP; revision=edd9fe10d4a120194e4a0a1e60a5d04d661b79ab
CFGEvntSLog.WinUI/Strings/Resources,CFGEvntSLog.WinUI Resources,nLogRotateMaxFiles,ローテーションで保持するファイル数,Adiscon User Interface .resw source; locale=ja-JP; revision=edd9fe10d4a120194e4a0a1e60a5d04d661b79ab
CFGEvntSLog.WinUI/Strings/Resources,CFGEvntSLog.WinUI Resources,nLogRotateMaxWait,ローテーション動作の待ち時間,Adiscon User Interface .resw source; locale=ja-JP; revision=edd9fe10d4a120194e4a0a1e60a5d04d661b79ab
CFGEvntSLog.WinUI/Strings/Resources,CFGEvntSLog.WinUI Resources,nLogRotateOnClose,ファイルがクローズする毎にローテーション,Adiscon User Interface .resw source; locale=ja-JP; revision=edd9fe10d4a120194e4a0a1e60a5d04d661b79ab
CFGEvntSLog.WinUI/Strings/Resources,CFGEvntSLog.WinUI Resources,nLogRotateOnSizeLimit,指定ファイルサイズでローテーションする,Adiscon User Interface .resw source; locale=ja-JP; revision=edd9fe10d4a120194e4a0a1e60a5d04d661b79ab
CFGEvntSLog.WinUI/Strings/Resources,CFGEvntSLog.WinUI Resources,nLogRotateSizeLimit,ファイルサイズの最大値(KB),Adiscon User Interface .resw source; locale=ja-JP; revision=edd9fe10d4a120194e4a0a1e60a5d04d661b79ab
CFGEvntSLog.WinUI/Strings/Resources,CFGEvntSLog.WinUI Resources,nLogRotateTimeOfTheDay,時刻でローテーション(時:分),Adiscon User Interface .resw source; locale=ja-JP; revision=edd9fe10d4a120194e4a0a1e60a5d04d661b79ab
CFGEvntSLog.WinUI/Strings/Resources,CFGEvntSLog.WinUI Resources,nLogRotateTimeOfTheDayFriday,金曜日,Adiscon User Interface .resw source; locale=ja-JP; revision=edd9fe10d4a120194e4a0a1e60a5d04d661b79ab
CFGEvntSLog.WinUI/Strings/Resources,CFGEvntSLog.WinUI Resources,nLogRotateTimeOfTheDayMonday,月曜日,Adiscon User Interface .resw source; locale=ja-JP; revision=edd9fe10d4a120194e4a0a1e60a5d04d661b79ab
CFGEvntSLog.WinUI/Strings/Resources,CFGEvntSLog.WinUI Resources,nLogRotateTimeOfTheDaySaturday,土曜日,Adiscon User Interface .resw source; locale=ja-JP; revision=edd9fe10d4a120194e4a0a1e60a5d04d661b79ab
CFGEvntSLog.WinUI/Strings/Resources,CFGEvntSLog.WinUI Resources,nLogRotateTimeOfTheDaySunday,日曜日,Adiscon User Interface .resw source; locale=ja-JP; revision=edd9fe10d4a120194e4a0a1e60a5d04d661b79ab
CFGEvntSLog.WinUI/Strings/Resources,CFGEvntSLog.WinUI Resources,nLogRotateTimeOfTheDayThusday,木曜日,Adiscon User Interface .resw source; locale=ja-JP; revision=edd9fe10d4a120194e4a0a1e60a5d04d661b79ab
CFGEvntSLog.WinUI/Strings/Resources,CFGEvntSLog.WinUI Resources,nLogRotateTimeOfTheDayTuesday,火曜日,Adiscon User Interface .resw source; locale=ja-JP; revision=edd9fe10d4a120194e4a0a1e60a5d04d661b79ab
CFGEvntSLog.WinUI/Strings/Resources,CFGEvntSLog.WinUI Resources,nLogRotateTimeOfTheDayWednesday,水曜日,Adiscon User Interface .resw source; locale=ja-JP; revision=edd9fe10d4a120194e4a0a1e60a5d04d661b79ab
CFGEvntSLog.WinUI/Strings/Resources,CFGEvntSLog.WinUI Resources,nLogRotateTimeout,指定値より古いログファイルをローテーション,Adiscon User Interface .resw source; locale=ja-JP; revision=edd9fe10d4a120194e4a0a1e60a5d04d661b79ab
CFGEvntSLog.WinUI/Strings/Resources,CFGEvntSLog.WinUI Resources,nLogRotateTimeoutUnit,単位,Adiscon User Interface .resw source; locale=ja-JP; revision=edd9fe10d4a120194e4a0a1e60a5d04d661b79ab
CFGEvntSLog.WinUI/Strings/Resources,CFGEvntSLog.WinUI Resources,nLogRotateWorkerCount,ログローテーション ワーカー数,Adiscon User Interface .resw source; locale=ja-JP; revision=edd9fe10d4a120194e4a0a1e60a5d04d661b79ab
CFGEvntSLog.WinUI/Strings/Resources,CFGEvntSLog.WinUI Resources,nLogRotateWorkerEnable,キュー型のログローテーション ワーカーを有効にする,Adiscon User Interface .resw source; locale=ja-JP; revision=edd9fe10d4a120194e4a0a1e60a5d04d661b79ab
CFGEvntSLog.WinUI/Strings/Resources,CFGEvntSLog.WinUI Resources,nLogRotateWorkerSleepTime,キュー確認の各待機時間,Adiscon User Interface .resw source; locale=ja-JP; revision=edd9fe10d4a120194e4a0a1e60a5d04d661b79ab
CFGEvntSLog.WinUI/Strings/Resources,CFGEvntSLog.WinUI Resources,nLogRotateWorkerStopWaitTimeout,サービス終了時にキュー型ログローテーションジョブを待機する時間,Adiscon User Interface .resw source; locale=ja-JP; revision=edd9fe10d4a120194e4a0a1e60a5d04d661b79ab
CFGEvntSLog.WinUI/Strings/Resources,CFGEvntSLog.WinUI Resources,nLogZipAfterRotate,ログローテーション後に圧縮する,Adiscon User Interface .resw source; locale=ja-JP; revision=edd9fe10d4a120194e4a0a1e60a5d04d661b79ab
CFGEvntSLog.WinUI/Strings/Resources,CFGEvntSLog.WinUI Resources,nLogZipAfterRotateFormat,圧縮フォーマット,Adiscon User Interface .resw source; locale=ja-JP; revision=edd9fe10d4a120194e4a0a1e60a5d04d661b79ab
CFGEvntSLog.WinUI/Strings/Resources,CFGEvntSLog.WinUI Resources,nLogZipCompressionLevel,圧縮レベル,Adiscon User Interface .resw source; locale=ja-JP; revision=edd9fe10d4a120194e4a0a1e60a5d04d661b79ab
CFGEvntSLog.WinUI/Strings/Resources,CFGEvntSLog.WinUI Resources,nMAX_LONGVCHAR_LEN,最大のテキスト長 (バイト),Adiscon User Interface .resw source; locale=ja-JP; revision=edd9fe10d4a120194e4a0a1e60a5d04d661b79ab
CFGEvntSLog.WinUI/Strings/Resources,CFGEvntSLog.WinUI Resources,nMAX_VCHAR_LEN,最大のキャラクター長 (バイト),Adiscon User Interface .resw source; locale=ja-JP; revision=edd9fe10d4a120194e4a0a1e60a5d04d661b79ab
CFGEvntSLog.WinUI/Strings/Resources,CFGEvntSLog.WinUI Resources,nMEMEnable,メモリチェックを有効にする,Adiscon User Interface .resw source; locale=ja-JP; revision=edd9fe10d4a120194e4a0a1e60a5d04d661b79ab
CFGEvntSLog.WinUI/Strings/Resources,CFGEvntSLog.WinUI Resources,nMEMOccurences,アラームが出るまで発生,Adiscon User Interface .resw source; locale=ja-JP; revision=edd9fe10d4a120194e4a0a1e60a5d04d661b79ab
CFGEvntSLog.WinUI/Strings/Resources,CFGEvntSLog.WinUI Resources,nMEMPsyEnable,物理メモリチェックを有効にする,Adiscon User Interface .resw source; locale=ja-JP; revision=edd9fe10d4a120194e4a0a1e60a5d04d661b79ab
CFGEvntSLog.WinUI/Strings/Resources,CFGEvntSLog.WinUI Resources,nMEMPsyOccurences,アラームが出るまで発生,Adiscon User Interface .resw source; locale=ja-JP; revision=edd9fe10d4a120194e4a0a1e60a5d04d661b79ab
CFGEvntSLog.WinUI/Strings/Resources,CFGEvntSLog.WinUI Resources,nMEMPsyReportIfBelowAlarm,物理メモリレベルがアラームレベルを下回った場合にもレポートする,Adiscon User Interface .resw source; locale=ja-JP; revision=edd9fe10d4a120194e4a0a1e60a5d04d661b79ab
CFGEvntSLog.WinUI/Strings/Resources,CFGEvntSLog.WinUI Resources,nMEMPsyUsageAlarmLevel,物理メモリの使用のアラームレベル,Adiscon User Interface .resw source; locale=ja-JP; revision=edd9fe10d4a120194e4a0a1e60a5d04d661b79ab
CFGEvntSLog.WinUI/Strings/Resources,CFGEvntSLog.WinUI Resources,nMEMReportIfBelowAlarm,メモリレベルがアラームレベルを下回った場合にもレポートする,Adiscon User Interface .resw source; locale=ja-JP; revision=edd9fe10d4a120194e4a0a1e60a5d04d661b79ab
CFGEvntSLog.WinUI/Strings/Resources,CFGEvntSLog.WinUI Resources,nMEMUsageAlarmLevel,メモリの使用のアラームレベル,Adiscon User Interface .resw source; locale=ja-JP; revision=edd9fe10d4a120194e4a0a1e60a5d04d661b79ab
CFGEvntSLog.WinUI/Strings/Resources,CFGEvntSLog.WinUI Resources,nMEMVirtEnable,仮想メモリチェックを有効にする,Adiscon User Interface .resw source; locale=ja-JP; revision=edd9fe10d4a120194e4a0a1e60a5d04d661b79ab
CFGEvntSLog.WinUI/Strings/Resources,CFGEvntSLog.WinUI Resources,nMEMVirtOccurences,アラームが出るまで発生,Adiscon User Interface .resw source; locale=ja-JP; revision=edd9fe10d4a120194e4a0a1e60a5d04d661b79ab
CFGEvntSLog.WinUI/Strings/Resources,CFGEvntSLog.WinUI Resources,nMEMVirtReportIfBelowAlarm,仮想メモリレベルがアラームレベルを下回った場合にもレポートする,Adiscon User Interface .resw source; locale=ja-JP; revision=edd9fe10d4a120194e4a0a1e60a5d04d661b79ab
CFGEvntSLog.WinUI/Strings/Resources,CFGEvntSLog.WinUI Resources,nMEMVirtUsageAlarmLevel,仮想メモリの使用のアラームレベル,Adiscon User Interface .resw source; locale=ja-JP; revision=edd9fe10d4a120194e4a0a1e60a5d04d661b79ab
CFGEvntSLog.WinUI/Strings/Resources,CFGEvntSLog.WinUI Resources,nMIAPSendPort,SETPポート番号,Adiscon User Interface .resw source; locale=ja-JP; revision=edd9fe10d4a120194e4a0a1e60a5d04d661b79ab
CFGEvntSLog.WinUI/Strings/Resources,CFGEvntSLog.WinUI Resources,nMailPriority,メールの優先度,Adiscon User Interface .resw source; locale=ja-JP; revision=edd9fe10d4a120194e4a0a1e60a5d04d661b79ab
CFGEvntSLog.WinUI/Strings/Resources,CFGEvntSLog.WinUI Resources,nMaxBytesPerMessage,メッセージ毎の最大バイト,Adiscon User Interface .resw source; locale=ja-JP; revision=edd9fe10d4a120194e4a0a1e60a5d04d661b79ab
CFGEvntSLog.WinUI/Strings/Resources,CFGEvntSLog.WinUI Resources,nMaxFileSize,ファイルサイズの最大値 (KB),Adiscon User Interface .resw source; locale=ja-JP; revision=edd9fe10d4a120194e4a0a1e60a5d04d661b79ab
CFGEvntSLog.WinUI/Strings/Resources,CFGEvntSLog.WinUI Resources,nMaxValueLength,最大値(バイト単位):,Adiscon User Interface .resw source; locale=ja-JP; revision=edd9fe10d4a120194e4a0a1e60a5d04d661b79ab
CFGEvntSLog.WinUI/Strings/Resources,CFGEvntSLog.WinUI Resources,nMessagePriority,キューのプライオリティ,Adiscon User Interface .resw source; locale=ja-JP; revision=edd9fe10d4a120194e4a0a1e60a5d04d661b79ab
CFGEvntSLog.WinUI/Strings/Resources,CFGEvntSLog.WinUI Resources,nMultipleFiles,ディレクトリ、または複数のファイルの読み込みを許可（ファイル名にワイルドカードを使用）,Adiscon User Interface .resw source; locale=ja-JP; revision=edd9fe10d4a120194e4a0a1e60a5d04d661b79ab
CFGEvntSLog.WinUI/Strings/Resources,CFGEvntSLog.WinUI Resources,nNNTPPort,NNTP ポート,Adiscon User Interface .resw source; locale=ja-JP; revision=edd9fe10d4a120194e4a0a1e60a5d04d661b79ab
CFGEvntSLog.WinUI/Strings/Resources,CFGEvntSLog.WinUI Resources,nNbrOfRetries,リトライの回数,Adiscon User Interface .resw source; locale=ja-JP; revision=edd9fe10d4a120194e4a0a1e60a5d04d661b79ab
CFGEvntSLog.WinUI/Strings/Resources,CFGEvntSLog.WinUI Resources,nNoExistingEntries,既存のイベントを処理しない,Adiscon User Interface .resw source; locale=ja-JP; revision=edd9fe10d4a120194e4a0a1e60a5d04d661b79ab
CFGEvntSLog.WinUI/Strings/Resources,CFGEvntSLog.WinUI Resources,nNumberOfLogfiles,ログファイルの数,Adiscon User Interface .resw source; locale=ja-JP; revision=edd9fe10d4a120194e4a0a1e60a5d04d661b79ab
CFGEvntSLog.WinUI/Strings/Resources,CFGEvntSLog.WinUI Resources,nODBCEnCryption,パスワードの暗号化,Adiscon User Interface .resw source; locale=ja-JP; revision=edd9fe10d4a120194e4a0a1e60a5d04d661b79ab
CFGEvntSLog.WinUI/Strings/Resources,CFGEvntSLog.WinUI Resources,nOleDbEnCryption,暗号化パスワード,Adiscon User Interface .resw source; locale=ja-JP; revision=edd9fe10d4a120194e4a0a1e60a5d04d661b79ab
CFGEvntSLog.WinUI/Strings/Resources,CFGEvntSLog.WinUI Resources,nOnMaxProc,最大処理数,Adiscon User Interface .resw source; locale=ja-JP; revision=edd9fe10d4a120194e4a0a1e60a5d04d661b79ab
CFGEvntSLog.WinUI/Strings/Resources,CFGEvntSLog.WinUI Resources,nOnMaxProcWait,最大処理の待ち時間,Adiscon User Interface .resw source; locale=ja-JP; revision=edd9fe10d4a120194e4a0a1e60a5d04d661b79ab
CFGEvntSLog.WinUI/Strings/Resources,CFGEvntSLog.WinUI Resources,nOutputEncodingUTF8BOM,メッセージにUTF-8 BOMを含める,Adiscon User Interface .resw source; locale=ja-JP; revision=edd9fe10d4a120194e4a0a1e60a5d04d661b79ab
CFGEvntSLog.WinUI/Strings/Resources,CFGEvntSLog.WinUI Resources,nOutputFormat,Lognorm 出力フォーマット,Adiscon User Interface .resw source; locale=ja-JP; revision=edd9fe10d4a120194e4a0a1e60a5d04d661b79ab
CFGEvntSLog.WinUI/Strings/Resources,CFGEvntSLog.WinUI Resources,nPOP3Port,POP3 ポート,Adiscon User Interface .resw source; locale=ja-JP; revision=edd9fe10d4a120194e4a0a1e60a5d04d661b79ab
CFGEvntSLog.WinUI/Strings/Resources,CFGEvntSLog.WinUI Resources,nParity,パリティ,Adiscon User Interface .resw source; locale=ja-JP; revision=edd9fe10d4a120194e4a0a1e60a5d04d661b79ab
CFGEvntSLog.WinUI/Strings/Resources,CFGEvntSLog.WinUI Resources,nParseSyslogDate,オリジナルのメッセージ・タイムスタンプを使用  （RFC3164）,Adiscon User Interface .resw source; locale=ja-JP; revision=edd9fe10d4a120194e4a0a1e60a5d04d661b79ab
CFGEvntSLog.WinUI/Strings/Resources,CFGEvntSLog.WinUI Resources,nPort,HTTP ポート,Adiscon User Interface .resw source; locale=ja-JP; revision=edd9fe10d4a120194e4a0a1e60a5d04d661b79ab
CFGEvntSLog.WinUI/Strings/Resources,CFGEvntSLog.WinUI Resources,nPortNumber,ポート,Adiscon User Interface .resw source; locale=ja-JP; revision=edd9fe10d4a120194e4a0a1e60a5d04d661b79ab
CFGEvntSLog.WinUI/Strings/Resources,CFGEvntSLog.WinUI Resources,nPort_,ポート,Adiscon User Interface .resw source; locale=ja-JP; revision=edd9fe10d4a120194e4a0a1e60a5d04d661b79ab
CFGEvntSLog.WinUI/Strings/Resources,CFGEvntSLog.WinUI Resources,nPreventOverrunDelay,オーバーラン防止遅延 (ms),Adiscon User Interface .resw source; locale=ja-JP; revision=edd9fe10d4a120194e4a0a1e60a5d04d661b79ab
CFGEvntSLog.WinUI/Strings/Resources,CFGEvntSLog.WinUI Resources,nPriorityAuditFailure,失敗の監査,Adiscon User Interface .resw source; locale=ja-JP; revision=edd9fe10d4a120194e4a0a1e60a5d04d661b79ab
CFGEvntSLog.WinUI/Strings/Resources,CFGEvntSLog.WinUI Resources,nPriorityAuditSuccess,成功の監査,Adiscon User Interface .resw source; locale=ja-JP; revision=edd9fe10d4a120194e4a0a1e60a5d04d661b79ab
CFGEvntSLog.WinUI/Strings/Resources,CFGEvntSLog.WinUI Resources,nPriorityCritical,重大,Adiscon User Interface .resw source; locale=ja-JP; revision=edd9fe10d4a120194e4a0a1e60a5d04d661b79ab
CFGEvntSLog.WinUI/Strings/Resources,CFGEvntSLog.WinUI Resources,nPriorityError,エラー,Adiscon User Interface .resw source; locale=ja-JP; revision=edd9fe10d4a120194e4a0a1e60a5d04d661b79ab
CFGEvntSLog.WinUI/Strings/Resources,CFGEvntSLog.WinUI Resources,nPriorityInfo,情報,Adiscon User Interface .resw source; locale=ja-JP; revision=edd9fe10d4a120194e4a0a1e60a5d04d661b79ab
CFGEvntSLog.WinUI/Strings/Resources,CFGEvntSLog.WinUI Resources,nPriorityInformation,情報,Adiscon User Interface .resw source; locale=ja-JP; revision=edd9fe10d4a120194e4a0a1e60a5d04d661b79ab
CFGEvntSLog.WinUI/Strings/Resources,CFGEvntSLog.WinUI Resources,nPrioritySuccess,成功,Adiscon User Interface .resw source; locale=ja-JP; revision=edd9fe10d4a120194e4a0a1e60a5d04d661b79ab
CFGEvntSLog.WinUI/Strings/Resources,CFGEvntSLog.WinUI Resources,nPriorityVerbose,情報（詳細）,Adiscon User Interface .resw source; locale=ja-JP; revision=edd9fe10d4a120194e4a0a1e60a5d04d661b79ab
CFGEvntSLog.WinUI/Strings/Resources,CFGEvntSLog.WinUI Resources,nPriorityWarning,警告,Adiscon User Interface .resw source; locale=ja-JP; revision=edd9fe10d4a120194e4a0a1e60a5d04d661b79ab
CFGEvntSLog.WinUI/Strings/Resources,CFGEvntSLog.WinUI Resources,nProcMode,処理モード,Adiscon User Interface .resw source; locale=ja-JP; revision=edd9fe10d4a120194e4a0a1e60a5d04d661b79ab
CFGEvntSLog.WinUI/Strings/Resources,CFGEvntSLog.WinUI Resources,nProcessPriority,処理の優先レベル,Adiscon User Interface .resw source; locale=ja-JP; revision=edd9fe10d4a120194e4a0a1e60a5d04d661b79ab
CFGEvntSLog.WinUI/Strings/Resources,CFGEvntSLog.WinUI Resources,nProcessRestOfFile,ファイルの残りの部分を1つのメッセージとして処理する（メッセージ セパレータがマッチしない場合）,Adiscon User Interface .resw source; locale=ja-JP; revision=edd9fe10d4a120194e4a0a1e60a5d04d661b79ab
CFGEvntSLog.WinUI/Strings/Resources,CFGEvntSLog.WinUI Resources,nProcessingLow,処理ポインタ,Adiscon User Interface .resw source; locale=ja-JP; revision=edd9fe10d4a120194e4a0a1e60a5d04d661b79ab
CFGEvntSLog.WinUI/Strings/Resources,CFGEvntSLog.WinUI Resources,nPropertiesTable,詳細なプロパティログを有効にする,Adiscon User Interface .resw source; locale=ja-JP; revision=edd9fe10d4a120194e4a0a1e60a5d04d661b79ab
CFGEvntSLog.WinUI/Strings/Resources,CFGEvntSLog.WinUI Resources,nPropertyMsgSep,メッセージのセパレータをプロパティ(%msgsep%)に保存,Adiscon User Interface .resw source; locale=ja-JP; revision=edd9fe10d4a120194e4a0a1e60a5d04d661b79ab
CFGEvntSLog.WinUI/Strings/Resources,CFGEvntSLog.WinUI Resources,nPropertyMsgSepReset,起動後にメッセージのセパレータをリセットする,Adiscon User Interface .resw source; locale=ja-JP; revision=edd9fe10d4a120194e4a0a1e60a5d04d661b79ab
CFGEvntSLog.WinUI/Strings/Resources,CFGEvntSLog.WinUI Resources,nProtectAgainstShutdown,シャットダウン時にサービスを保護する,Adiscon User Interface .resw source; locale=ja-JP; revision=edd9fe10d4a120194e4a0a1e60a5d04d661b79ab
CFGEvntSLog.WinUI/Strings/Resources,CFGEvntSLog.WinUI Resources,nProtocolType,プロトコルタイプ,Adiscon User Interface .resw source; locale=ja-JP; revision=edd9fe10d4a120194e4a0a1e60a5d04d661b79ab
CFGEvntSLog.WinUI/Strings/Resources,CFGEvntSLog.WinUI Resources,nQueueLimit,キューのリミット,Adiscon User Interface .resw source; locale=ja-JP; revision=edd9fe10d4a120194e4a0a1e60a5d04d661b79ab
CFGEvntSLog.WinUI/Strings/Resources,CFGEvntSLog.WinUI Resources,nRFC3164DetectYear,メッセージ・タイムスタンプから年の解析を試みる（RFC 3164）,Adiscon User Interface .resw source; locale=ja-JP; revision=edd9fe10d4a120194e4a0a1e60a5d04d661b79ab
CFGEvntSLog.WinUI/Strings/Resources,CFGEvntSLog.WinUI Resources,nRFC3164Parsing,RFC3164 の構文解析を有効にする,Adiscon User Interface .resw source; locale=ja-JP; revision=edd9fe10d4a120194e4a0a1e60a5d04d661b79ab
CFGEvntSLog.WinUI/Strings/Resources,CFGEvntSLog.WinUI Resources,nRFC5424AddProcID2SyslogTag,SyslogタグにプロセスIDを追加（可能な場合）,Adiscon User Interface .resw source; locale=ja-JP; revision=edd9fe10d4a120194e4a0a1e60a5d04d661b79ab
CFGEvntSLog.WinUI/Strings/Resources,CFGEvntSLog.WinUI Resources,nRFC5424Parsing,RFC5424 の構文解析を有効にする,Adiscon User Interface .resw source; locale=ja-JP; revision=edd9fe10d4a120194e4a0a1e60a5d04d661b79ab
CFGEvntSLog.WinUI/Strings/Resources,CFGEvntSLog.WinUI Resources,nReUseFile,ログファイルのデータを消去 (ファイル自体は削除されません),Adiscon User Interface .resw source; locale=ja-JP; revision=edd9fe10d4a120194e4a0a1e60a5d04d661b79ab
CFGEvntSLog.WinUI/Strings/Resources,CFGEvntSLog.WinUI Resources,nReadFileBuffer,読み取りファイルバッファーサイズ,Adiscon User Interface .resw source; locale=ja-JP; revision=edd9fe10d4a120194e4a0a1e60a5d04d661b79ab
CFGEvntSLog.WinUI/Strings/Resources,CFGEvntSLog.WinUI Resources,nReadFromFile,ファイルからイベントログを読み込む,Adiscon User Interface .resw source; locale=ja-JP; revision=edd9fe10d4a120194e4a0a1e60a5d04d661b79ab
CFGEvntSLog.WinUI/Strings/Resources,CFGEvntSLog.WinUI Resources,nReadSourceLocally,ローカルマシンからイベントログソースを読み込む,Adiscon User Interface .resw source; locale=ja-JP; revision=edd9fe10d4a120194e4a0a1e60a5d04d661b79ab
CFGEvntSLog.WinUI/Strings/Resources,CFGEvntSLog.WinUI Resources,nRemoveControlChars,制御文字を削除,Adiscon User Interface .resw source; locale=ja-JP; revision=edd9fe10d4a120194e4a0a1e60a5d04d661b79ab
CFGEvntSLog.WinUI/Strings/Resources,CFGEvntSLog.WinUI Resources,nRemoveControlCharsFromParams,文字列のパラメータから制御文字を削除する,Adiscon User Interface .resw source; locale=ja-JP; revision=edd9fe10d4a120194e4a0a1e60a5d04d661b79ab
CFGEvntSLog.WinUI/Strings/Resources,CFGEvntSLog.WinUI Resources,nRemoveLeadingSpaces,先頭にあるスペースを削除,Adiscon User Interface .resw source; locale=ja-JP; revision=edd9fe10d4a120194e4a0a1e60a5d04d661b79ab
CFGEvntSLog.WinUI/Strings/Resources,CFGEvntSLog.WinUI Resources,nReplaceNullBytes,NULLバイトをスペースに置き換える,Adiscon User Interface .resw source; locale=ja-JP; revision=edd9fe10d4a120194e4a0a1e60a5d04d661b79ab
CFGEvntSLog.WinUI/Strings/Resources,CFGEvntSLog.WinUI Resources,nReportCrash,Adisconサポートに問題報告を自動的に送信する,Adiscon User Interface .resw source; locale=ja-JP; revision=edd9fe10d4a120194e4a0a1e60a5d04d661b79ab
CFGEvntSLog.WinUI/Strings/Resources,CFGEvntSLog.WinUI Resources,nReportErrorOnFNF,ファイルが見つからない場合にエラーをレポートする,Adiscon User Interface .resw source; locale=ja-JP; revision=edd9fe10d4a120194e4a0a1e60a5d04d661b79ab
CFGEvntSLog.WinUI/Strings/Resources,CFGEvntSLog.WinUI Resources,nReportInJSON,CEE Syslog フォーマットを使用,Adiscon User Interface .resw source; locale=ja-JP; revision=edd9fe10d4a120194e4a0a1e60a5d04d661b79ab
CFGEvntSLog.WinUI/Strings/Resources,CFGEvntSLog.WinUI Resources,nResolveIfName,既にソースプロパティに名前が入っている場合、完全な名前解決（FQDN）を行う,Adiscon User Interface .resw source; locale=ja-JP; revision=edd9fe10d4a120194e4a0a1e60a5d04d661b79ab
CFGEvntSLog.WinUI/Strings/Resources,CFGEvntSLog.WinUI Resources,nResolveLongMibNames,MIB名を完全に解決する（ロングフォーマット）,Adiscon User Interface .resw source; locale=ja-JP; revision=edd9fe10d4a120194e4a0a1e60a5d04d661b79ab
CFGEvntSLog.WinUI/Strings/Resources,CFGEvntSLog.WinUI Resources,nResolveMibNamesShort,短いフォーマットを使用 (最後の一部分のみ),Adiscon User Interface .resw source; locale=ja-JP; revision=edd9fe10d4a120194e4a0a1e60a5d04d661b79ab
CFGEvntSLog.WinUI/Strings/Resources,CFGEvntSLog.WinUI Resources,nResolveNames,ホスト名を解決する,Adiscon User Interface .resw source; locale=ja-JP; revision=edd9fe10d4a120194e4a0a1e60a5d04d661b79ab
CFGEvntSLog.WinUI/Strings/Resources,CFGEvntSLog.WinUI Resources,nRetryCount,リトライの回数,Adiscon User Interface .resw source; locale=ja-JP; revision=edd9fe10d4a120194e4a0a1e60a5d04d661b79ab
CFGEvntSLog.WinUI/Strings/Resources,CFGEvntSLog.WinUI Resources,nRetryInterval,リトライの間隔 (ms),Adiscon User Interface .resw source; locale=ja-JP; revision=edd9fe10d4a120194e4a0a1e60a5d04d661b79ab
CFGEvntSLog.WinUI/Strings/Resources,CFGEvntSLog.WinUI Resources,nRetryPeriod,リトライの間隔(ミリ秒),Adiscon User Interface .resw source; locale=ja-JP; revision=edd9fe10d4a120194e4a0a1e60a5d04d661b79ab
CFGEvntSLog.WinUI/Strings/Resources,CFGEvntSLog.WinUI Resources,nRingBufferSize,キューファイルサイズ (静的),Adiscon User Interface .resw source; locale=ja-JP; revision=edd9fe10d4a120194e4a0a1e60a5d04d661b79ab
CFGEvntSLog.WinUI/Strings/Resources,CFGEvntSLog.WinUI Resources,nRoundRobinMsgCount,各Syslogサーバーへ送信するメッセージ数,Adiscon User Interface .resw source; locale=ja-JP; revision=edd9fe10d4a120194e4a0a1e60a5d04d661b79ab
CFGEvntSLog.WinUI/Strings/Resources,CFGEvntSLog.WinUI Resources,nRtsControl,RTSフロー制御,Adiscon User Interface .resw source; locale=ja-JP; revision=edd9fe10d4a120194e4a0a1e60a5d04d661b79ab
CFGEvntSLog.WinUI/Strings/Resources,CFGEvntSLog.WinUI Resources,nSMTPPort,ポート番号,Adiscon User Interface .resw source; locale=ja-JP; revision=edd9fe10d4a120194e4a0a1e60a5d04d661b79ab
CFGEvntSLog.WinUI/Strings/Resources,CFGEvntSLog.WinUI Resources,nSMTPPortBackup,バックアップのポート番号,Adiscon User Interface .resw source; locale=ja-JP; revision=edd9fe10d4a120194e4a0a1e60a5d04d661b79ab
CFGEvntSLog.WinUI/Strings/Resources,CFGEvntSLog.WinUI Resources,nSQLConnectionTimeOut,SQL 接続のタイムアウト,Adiscon User Interface .resw source; locale=ja-JP; revision=edd9fe10d4a120194e4a0a1e60a5d04d661b79ab
CFGEvntSLog.WinUI/Strings/Resources,CFGEvntSLog.WinUI Resources,nSQLStatementType,ステートメント タイプ,Adiscon User Interface .resw source; locale=ja-JP; revision=edd9fe10d4a120194e4a0a1e60a5d04d661b79ab
CFGEvntSLog.WinUI/Strings/Resources,CFGEvntSLog.WinUI Resources,nSaveSourceIntoProperty,オリジナルのソースをプロパティに保存,Adiscon User Interface .resw source; locale=ja-JP; revision=edd9fe10d4a120194e4a0a1e60a5d04d661b79ab
CFGEvntSLog.WinUI/Strings/Resources,CFGEvntSLog.WinUI Resources,nSavingLow,保存ポインタ,Adiscon User Interface .resw source; locale=ja-JP; revision=edd9fe10d4a120194e4a0a1e60a5d04d661b79ab
CFGEvntSLog.WinUI/Strings/Resources,CFGEvntSLog.WinUI Resources,nSegmentFileBySize,ファイル分割サイズ (KB),Adiscon User Interface .resw source; locale=ja-JP; revision=edd9fe10d4a120194e4a0a1e60a5d04d661b79ab
CFGEvntSLog.WinUI/Strings/Resources,CFGEvntSLog.WinUI Resources,nSegmentFileEnable,設定値 (KB) でファイルを分割,Adiscon User Interface .resw source; locale=ja-JP; revision=edd9fe10d4a120194e4a0a1e60a5d04d661b79ab
CFGEvntSLog.WinUI/Strings/Resources,CFGEvntSLog.WinUI Resources,nSelpSendPort,RELP ポート,Adiscon User Interface .resw source; locale=ja-JP; revision=edd9fe10d4a120194e4a0a1e60a5d04d661b79ab
CFGEvntSLog.WinUI/Strings/Resources,CFGEvntSLog.WinUI Resources,nSendExpect,送信メッセージ、および期待されるメッセージの確認,Adiscon User Interface .resw source; locale=ja-JP; revision=edd9fe10d4a120194e4a0a1e60a5d04d661b79ab
CFGEvntSLog.WinUI/Strings/Resources,CFGEvntSLog.WinUI Resources,nSendMode,Syslog 送信モード,Adiscon User Interface .resw source; locale=ja-JP; revision=edd9fe10d4a120194e4a0a1e60a5d04d661b79ab
CFGEvntSLog.WinUI/Strings/Resources,CFGEvntSLog.WinUI Resources,nSendRecvTimeOut,送信/受信 タイムアウト,Adiscon User Interface .resw source; locale=ja-JP; revision=edd9fe10d4a120194e4a0a1e60a5d04d661b79ab
CFGEvntSLog.WinUI/Strings/Resources,CFGEvntSLog.WinUI Resources,nSendTimeOut,送信/受信 タイムアウト,Adiscon User Interface .resw source; locale=ja-JP; revision=edd9fe10d4a120194e4a0a1e60a5d04d661b79ab
CFGEvntSLog.WinUI/Strings/Resources,CFGEvntSLog.WinUI Resources,nShutdownProtectionTimeout,シャットダウン保護タイムアウト,Adiscon User Interface .resw source; locale=ja-JP; revision=edd9fe10d4a120194e4a0a1e60a5d04d661b79ab
CFGEvntSLog.WinUI/Strings/Resources,CFGEvntSLog.WinUI Resources,nShutdownProtectionTimeout_Description,0 は時間制限なしで待機します。正の値は保護されたシャットダウン全体をミリ秒単位で制限し、期限に達すると永続化されていないメッセージが失われる可能性があります。,Adiscon User Interface .resw source; locale=ja-JP; revision=edd9fe10d4a120194e4a0a1e60a5d04d661b79ab
CFGEvntSLog.WinUI/Strings/Resources,CFGEvntSLog.WinUI Resources,nShutdownProtectionTimeout_ZeroLabel,0 (無制限),Adiscon User Interface .resw source; locale=ja-JP; revision=edd9fe10d4a120194e4a0a1e60a5d04d661b79ab
CFGEvntSLog.WinUI/Strings/Resources,CFGEvntSLog.WinUI Resources,nSkipLinesEnabled,起動時に全てのラインをスキップする,Adiscon User Interface .resw source; locale=ja-JP; revision=edd9fe10d4a120194e4a0a1e60a5d04d661b79ab
CFGEvntSLog.WinUI/Strings/Resources,CFGEvntSLog.WinUI Resources,nSleepTime,チェック間隔(ミリ秒),Adiscon User Interface .resw source; locale=ja-JP; revision=edd9fe10d4a120194e4a0a1e60a5d04d661b79ab
CFGEvntSLog.WinUI/Strings/Resources,CFGEvntSLog.WinUI Resources,nSnmpVersion,SNMP バージョン,Adiscon User Interface .resw source; locale=ja-JP; revision=edd9fe10d4a120194e4a0a1e60a5d04d661b79ab
CFGEvntSLog.WinUI/Strings/Resources,CFGEvntSLog.WinUI Resources,nSpecificType,Specific Trap Type,Adiscon User Interface .resw source; locale=ja-JP; revision=edd9fe10d4a120194e4a0a1e60a5d04d661b79ab
CFGEvntSLog.WinUI/Strings/Resources,CFGEvntSLog.WinUI Resources,nSpoofIPAddress,UDPでIPスプーフィングを使用（マニュアルをご参照ください）,Adiscon User Interface .resw source; locale=ja-JP; revision=edd9fe10d4a120194e4a0a1e60a5d04d661b79ab
CFGEvntSLog.WinUI/Strings/Resources,CFGEvntSLog.WinUI Resources,nStopbits,ストップビット,Adiscon User Interface .resw source; locale=ja-JP; revision=edd9fe10d4a120194e4a0a1e60a5d04d661b79ab
CFGEvntSLog.WinUI/Strings/Resources,CFGEvntSLog.WinUI Resources,nSubscriptionSleepTime,アクション実行失敗時の待ち時間,Adiscon User Interface .resw source; locale=ja-JP; revision=edd9fe10d4a120194e4a0a1e60a5d04d661b79ab
CFGEvntSLog.WinUI/Strings/Resources,CFGEvntSLog.WinUI Resources,nSyncTimeOut,同期のタイムアウト,Adiscon User Interface .resw source; locale=ja-JP; revision=edd9fe10d4a120194e4a0a1e60a5d04d661b79ab
CFGEvntSLog.WinUI/Strings/Resources,CFGEvntSLog.WinUI Resources,nSyntax_,タイプ,Adiscon User Interface .resw source; locale=ja-JP; revision=edd9fe10d4a120194e4a0a1e60a5d04d661b79ab
CFGEvntSLog.WinUI/Strings/Resources,CFGEvntSLog.WinUI Resources,nSyslogInsertSource,Syslogソースの追加（別のSyslogサーバーに転送する場合）,Adiscon User Interface .resw source; locale=ja-JP; revision=edd9fe10d4a120194e4a0a1e60a5d04d661b79ab
CFGEvntSLog.WinUI/Strings/Resources,CFGEvntSLog.WinUI Resources,nSyslogMaxMessageSize,最大Syslogメッセージサイズ（バイト）,Adiscon User Interface .resw source; locale=ja-JP; revision=edd9fe10d4a120194e4a0a1e60a5d04d661b79ab
CFGEvntSLog.WinUI/Strings/Resources,CFGEvntSLog.WinUI Resources,nSyslogPortBackup,バックアップサーバーのポート,Adiscon User Interface .resw source; locale=ja-JP; revision=edd9fe10d4a120194e4a0a1e60a5d04d661b79ab
CFGEvntSLog.WinUI/Strings/Resources,CFGEvntSLog.WinUI Resources,nSyslogPort_,Syslog ポート,Adiscon User Interface .resw source; locale=ja-JP; revision=edd9fe10d4a120194e4a0a1e60a5d04d661b79ab
CFGEvntSLog.WinUI/Strings/Resources,CFGEvntSLog.WinUI Resources,nSyslogSendPort,Syslog ポート,Adiscon User Interface .resw source; locale=ja-JP; revision=edd9fe10d4a120194e4a0a1e60a5d04d661b79ab
CFGEvntSLog.WinUI/Strings/Resources,CFGEvntSLog.WinUI Resources,nSystemID,システムID,Adiscon User Interface .resw source; locale=ja-JP; revision=edd9fe10d4a120194e4a0a1e60a5d04d661b79ab
CFGEvntSLog.WinUI/Strings/Resources,CFGEvntSLog.WinUI Resources,nTCPMaxSessions,最大TCPセッション数,Adiscon User Interface .resw source; locale=ja-JP; revision=edd9fe10d4a120194e4a0a1e60a5d04d661b79ab
CFGEvntSLog.WinUI/Strings/Resources,CFGEvntSLog.WinUI Resources,nTLSAllowExpiredCerts,期限切れピア証明書を許可,Adiscon User Interface .resw source; locale=ja-JP; revision=edd9fe10d4a120194e4a0a1e60a5d04d661b79ab
CFGEvntSLog.WinUI/Strings/Resources,CFGEvntSLog.WinUI Resources,nTLSFailOnConfigCommandError,TLS設定コマンドエラーで失敗,Adiscon User Interface .resw source; locale=ja-JP; revision=edd9fe10d4a120194e4a0a1e60a5d04d661b79ab
CFGEvntSLog.WinUI/Strings/Resources,CFGEvntSLog.WinUI Resources,nTLSHandshakeTimeout,TLSハンドシェイクタイムアウト,Adiscon User Interface .resw source; locale=ja-JP; revision=edd9fe10d4a120194e4a0a1e60a5d04d661b79ab
CFGEvntSLog.WinUI/Strings/Resources,CFGEvntSLog.WinUI Resources,nTLSLegacyFingerprintMatch,従来のフィンガープリント照合を許可,Adiscon User Interface .resw source; locale=ja-JP; revision=edd9fe10d4a120194e4a0a1e60a5d04d661b79ab
CFGEvntSLog.WinUI/Strings/Resources,CFGEvntSLog.WinUI Resources,nTLSLegacyPeerNameMatch,従来のピア名照合を許可,Adiscon User Interface .resw source; locale=ja-JP; revision=edd9fe10d4a120194e4a0a1e60a5d04d661b79ab
CFGEvntSLog.WinUI/Strings/Resources,CFGEvntSLog.WinUI Resources,nTakeSourceSysFromSyslogMsg,Syslogメッセージからソース・システムを取り出す,Adiscon User Interface .resw source; locale=ja-JP; revision=edd9fe10d4a120194e4a0a1e60a5d04d661b79ab
CFGEvntSLog.WinUI/Strings/Resources,CFGEvntSLog.WinUI Resources,nTimeMode,基準時刻,Adiscon User Interface .resw source; locale=ja-JP; revision=edd9fe10d4a120194e4a0a1e60a5d04d661b79ab
CFGEvntSLog.WinUI/Strings/Resources,CFGEvntSLog.WinUI Resources,nTimeOutLimit,タイムアウトの設定,Adiscon User Interface .resw source; locale=ja-JP; revision=edd9fe10d4a120194e4a0a1e60a5d04d661b79ab
CFGEvntSLog.WinUI/Strings/Resources,CFGEvntSLog.WinUI Resources,nTimeOutMsg,メッセージ完了タイムアウト,Adiscon User Interface .resw source; locale=ja-JP; revision=edd9fe10d4a120194e4a0a1e60a5d04d661b79ab
CFGEvntSLog.WinUI/Strings/Resources,CFGEvntSLog.WinUI Resources,nTimeOutSession,セッションタイムアウト,Adiscon User Interface .resw source; locale=ja-JP; revision=edd9fe10d4a120194e4a0a1e60a5d04d661b79ab
CFGEvntSLog.WinUI/Strings/Resources,CFGEvntSLog.WinUI Resources,nTimeoutValue,セッションタイムアウト,Adiscon User Interface .resw source; locale=ja-JP; revision=edd9fe10d4a120194e4a0a1e60a5d04d661b79ab
CFGEvntSLog.WinUI/Strings/Resources,CFGEvntSLog.WinUI Resources,nTryConvSIDtoObj,セキュリティID（SID）のオブジェクト名への変更を試みる,Adiscon User Interface .resw source; locale=ja-JP; revision=edd9fe10d4a120194e4a0a1e60a5d04d661b79ab
CFGEvntSLog.WinUI/Strings/Resources,CFGEvntSLog.WinUI Resources,nTryConvertDsClasses,Active Directory オブジェクトクラスのコンバートを試みる,Adiscon User Interface .resw source; locale=ja-JP; revision=edd9fe10d4a120194e4a0a1e60a5d04d661b79ab
CFGEvntSLog.WinUI/Strings/Resources,CFGEvntSLog.WinUI Resources,nTryDetectMessageEncoding,"メッセージのエンコードを自動検出する (UTF-8, SHIFT_JIS, EUCJP)",Adiscon User Interface .resw source; locale=ja-JP; revision=edd9fe10d4a120194e4a0a1e60a5d04d661b79ab
CFGEvntSLog.WinUI/Strings/Resources,CFGEvntSLog.WinUI Resources,nType,プロトコルタイプ,Adiscon User Interface .resw source; locale=ja-JP; revision=edd9fe10d4a120194e4a0a1e60a5d04d661b79ab
CFGEvntSLog.WinUI/Strings/Resources,CFGEvntSLog.WinUI Resources,nUniqueFileName,ファイル名に日付を出力,Adiscon User Interface .resw source; locale=ja-JP; revision=edd9fe10d4a120194e4a0a1e60a5d04d661b79ab
CFGEvntSLog.WinUI/Strings/Resources,CFGEvntSLog.WinUI Resources,nUseCompression,データの圧縮にzLib 圧縮を使用する,Adiscon User Interface .resw source; locale=ja-JP; revision=edd9fe10d4a120194e4a0a1e60a5d04d661b79ab
CFGEvntSLog.WinUI/Strings/Resources,CFGEvntSLog.WinUI Resources,nUseCustomSeparator,カスタムセパレータを使用,Adiscon User Interface .resw source; locale=ja-JP; revision=edd9fe10d4a120194e4a0a1e60a5d04d661b79ab
CFGEvntSLog.WinUI/Strings/Resources,CFGEvntSLog.WinUI Resources,nUseLegacyProcessing,レガシーのパラメータを使用,Adiscon User Interface .resw source; locale=ja-JP; revision=edd9fe10d4a120194e4a0a1e60a5d04d661b79ab
CFGEvntSLog.WinUI/Strings/Resources,CFGEvntSLog.WinUI Resources,nUseLegacySubjectProcessing,メールタイトル（subject）にレガシーの変数を使用,Adiscon User Interface .resw source; locale=ja-JP; revision=edd9fe10d4a120194e4a0a1e60a5d04d661b79ab
CFGEvntSLog.WinUI/Strings/Resources,CFGEvntSLog.WinUI Resources,nUseSMTPAuth,SMTP 認証を使用,Adiscon User Interface .resw source; locale=ja-JP; revision=edd9fe10d4a120194e4a0a1e60a5d04d661b79ab
CFGEvntSLog.WinUI/Strings/Resources,CFGEvntSLog.WinUI Resources,nUseSSL,メールサーバーにSSLで接続する,Adiscon User Interface .resw source; locale=ja-JP; revision=edd9fe10d4a120194e4a0a1e60a5d04d661b79ab
CFGEvntSLog.WinUI/Strings/Resources,CFGEvntSLog.WinUI Resources,nUseStartTLSMethod,STARTTLS SMTP Extension を使用,Adiscon User Interface .resw source; locale=ja-JP; revision=edd9fe10d4a120194e4a0a1e60a5d04d661b79ab
CFGEvntSLog.WinUI/Strings/Resources,CFGEvntSLog.WinUI Resources,nUseUTCForTimestamps,タイムスタンプにUTCを使用,Adiscon User Interface .resw source; locale=ja-JP; revision=edd9fe10d4a120194e4a0a1e60a5d04d661b79ab
CFGEvntSLog.WinUI/Strings/Resources,CFGEvntSLog.WinUI Resources,nUseUTCInFileName,ファイル名にUTCを使用,Adiscon User Interface .resw source; locale=ja-JP; revision=edd9fe10d4a120194e4a0a1e60a5d04d661b79ab
CFGEvntSLog.WinUI/Strings/Resources,CFGEvntSLog.WinUI Resources,nUseUTCTimeStamp,日付ヘッダにUTCを使用,Adiscon User Interface .resw source; locale=ja-JP; revision=edd9fe10d4a120194e4a0a1e60a5d04d661b79ab
CFGEvntSLog.WinUI/Strings/Resources,CFGEvntSLog.WinUI Resources,nUseWildcard,ファイル名にワイルドカードを使用する,Adiscon User Interface .resw source; locale=ja-JP; revision=edd9fe10d4a120194e4a0a1e60a5d04d661b79ab
CFGEvntSLog.WinUI/Strings/Resources,CFGEvntSLog.WinUI Resources,nUseXMLtoReport,メッセージにXMLを出力,Adiscon User Interface .resw source; locale=ja-JP; revision=edd9fe10d4a120194e4a0a1e60a5d04d661b79ab
CFGEvntSLog.WinUI/Strings/Resources,CFGEvntSLog.WinUI Resources,nVariableType_,タイプ（変数）,Adiscon User Interface .resw source; locale=ja-JP; revision=edd9fe10d4a120194e4a0a1e60a5d04d661b79ab
CFGEvntSLog.WinUI/Strings/Resources,CFGEvntSLog.WinUI Resources,nWorkerThreads,ワーカースレッドの数,Adiscon User Interface .resw source; locale=ja-JP; revision=edd9fe10d4a120194e4a0a1e60a5d04d661b79ab
CFGEvntSLog.WinUI/Strings/Resources,CFGEvntSLog.WinUI Resources,nWriteLastDBINdex,最後のデータベース インデックスを頻繁に書き込む,Adiscon User Interface .resw source; locale=ja-JP; revision=edd9fe10d4a120194e4a0a1e60a5d04d661b79ab
CFGEvntSLog.WinUI/Strings/Resources,CFGEvntSLog.WinUI Resources,nZlibComp,データの圧縮にzLib圧縮を使用する,Adiscon User Interface .resw source; locale=ja-JP; revision=edd9fe10d4a120194e4a0a1e60a5d04d661b79ab
CFGEvntSLog.WinUI/Strings/Resources,CFGEvntSLog.WinUI Resources,ninteractive,インタラクティブSyslogビューア,Adiscon User Interface .resw source; locale=ja-JP; revision=edd9fe10d4a120194e4a0a1e60a5d04d661b79ab
CFGEvntSLog.WinUI/Strings/Resources,CFGEvntSLog.WinUI Resources,nloganalyzer,ログ解析＆レポートツール,Adiscon User Interface .resw source; locale=ja-JP; revision=edd9fe10d4a120194e4a0a1e60a5d04d661b79ab
CFGEvntSLog.WinUI/Strings/Resources,CFGEvntSLog.WinUI Resources,nlogfilemgr,ログファイル管理ツール,Adiscon User Interface .resw source; locale=ja-JP; revision=edd9fe10d4a120194e4a0a1e60a5d04d661b79ab
CFGEvntSLog.WinUI/Strings/Resources,CFGEvntSLog.WinUI Resources,nlogsearch,ログ検索ツール,Adiscon User Interface .resw source; locale=ja-JP; revision=edd9fe10d4a120194e4a0a1e60a5d04d661b79ab
CFGEvntSLog.WinUI/Strings/Resources,CFGEvntSLog.WinUI Resources,permittedsenders,次のIPアドレスからのSyslogメッセージのみ受信,Adiscon User Interface .resw source; locale=ja-JP; revision=edd9fe10d4a120194e4a0a1e60a5d04d661b79ab
CFGEvntSLog.WinUI/Strings/Resources,CFGEvntSLog.WinUI Resources,processedfiles,処理されたファイルプロパティ,Adiscon User Interface .resw source; locale=ja-JP; revision=edd9fe10d4a120194e4a0a1e60a5d04d661b79ab
CFGEvntSLog.WinUI/Strings/Resources,CFGEvntSLog.WinUI Resources,propertylist,プロパティ リスト,Adiscon User Interface .resw source; locale=ja-JP; revision=edd9fe10d4a120194e4a0a1e60a5d04d661b79ab
CFGEvntSLog.WinUI/Strings/Resources,CFGEvntSLog.WinUI Resources,snmpvars,SNMP 変数,Adiscon User Interface .resw source; locale=ja-JP; revision=edd9fe10d4a120194e4a0a1e60a5d04d661b79ab
CFGEvntSLog.WinUI/Strings/Resources,CFGEvntSLog.WinUI Resources,syslogservers,Syslog サーバー,Adiscon User Interface .resw source; locale=ja-JP; revision=edd9fe10d4a120194e4a0a1e60a5d04d661b79ab
CFGEvntSLog.WinUI/Strings/Resources,CFGEvntSLog.WinUI Resources,szActionCacheOptions,アクション キュー オプション,Adiscon User Interface .resw source; locale=ja-JP; revision=edd9fe10d4a120194e4a0a1e60a5d04d661b79ab
CFGEvntSLog.WinUI/Strings/Resources,CFGEvntSLog.WinUI Resources,szActionSpecific,アクションのオプション,Adiscon User Interface .resw source; locale=ja-JP; revision=edd9fe10d4a120194e4a0a1e60a5d04d661b79ab
CFGEvntSLog.WinUI/Strings/Resources,CFGEvntSLog.WinUI Resources,szAdvancedOptions,タイムアウト オプション,Adiscon User Interface .resw source; locale=ja-JP; revision=edd9fe10d4a120194e4a0a1e60a5d04d661b79ab
CFGEvntSLog.WinUI/Strings/Resources,CFGEvntSLog.WinUI Resources,szAgent,SNMPサーバー（IP）,Adiscon User Interface .resw source; locale=ja-JP; revision=edd9fe10d4a120194e4a0a1e60a5d04d661b79ab
CFGEvntSLog.WinUI/Strings/Resources,CFGEvntSLog.WinUI Resources,szAgentIP,Agent IP アドレス,Adiscon User Interface .resw source; locale=ja-JP; revision=edd9fe10d4a120194e4a0a1e60a5d04d661b79ab
CFGEvntSLog.WinUI/Strings/Resources,CFGEvntSLog.WinUI Resources,szAutoBackPath,サーチパス,Adiscon User Interface .resw source; locale=ja-JP; revision=edd9fe10d4a120194e4a0a1e60a5d04d661b79ab
CFGEvntSLog.WinUI/Strings/Resources,CFGEvntSLog.WinUI Resources,szAutoBackupRunCommand,ポストプロセス コマンド,Adiscon User Interface .resw source; locale=ja-JP; revision=edd9fe10d4a120194e4a0a1e60a5d04d661b79ab
CFGEvntSLog.WinUI/Strings/Resources,CFGEvntSLog.WinUI Resources,szButtonVerifyLicense,ライセンスを確認,Adiscon User Interface .resw source; locale=ja-JP; revision=edd9fe10d4a120194e4a0a1e60a5d04d661b79ab
CFGEvntSLog.WinUI/Strings/Resources,CFGEvntSLog.WinUI Resources,szCacheEventInfo,パフォーマンス上の理由から利用可能なすべてのキャッシュオプションを使用することをお勧めします。 ただしイベントログのデータをキャッシュしたくない場合はここで無効にすることができます。,Adiscon User Interface .resw source; locale=ja-JP; revision=edd9fe10d4a120194e4a0a1e60a5d04d661b79ab
CFGEvntSLog.WinUI/Strings/Resources,CFGEvntSLog.WinUI Resources,szCharMatch,Character Match,Adiscon User Interface .resw source; locale=ja-JP; revision=edd9fe10d4a120194e4a0a1e60a5d04d661b79ab
CFGEvntSLog.WinUI/Strings/Resources,CFGEvntSLog.WinUI Resources,szCharacterProcessing,文字処理関連オプション,Adiscon User Interface .resw source; locale=ja-JP; revision=edd9fe10d4a120194e4a0a1e60a5d04d661b79ab
CFGEvntSLog.WinUI/Strings/Resources,CFGEvntSLog.WinUI Resources,szCircularDisabled,循環ロギングを無効にする,Adiscon User Interface .resw source; locale=ja-JP; revision=edd9fe10d4a120194e4a0a1e60a5d04d661b79ab
CFGEvntSLog.WinUI/Strings/Resources,CFGEvntSLog.WinUI Resources,szCircularEnabled,循環ロギングを有効にする,Adiscon User Interface .resw source; locale=ja-JP; revision=edd9fe10d4a120194e4a0a1e60a5d04d661b79ab
CFGEvntSLog.WinUI/Strings/Resources,CFGEvntSLog.WinUI Resources,szClearEventLog0,消去しない (デフォルト),Adiscon User Interface .resw source; locale=ja-JP; revision=edd9fe10d4a120194e4a0a1e60a5d04d661b79ab
CFGEvntSLog.WinUI/Strings/Resources,CFGEvntSLog.WinUI Resources,szClearEventLog1,ポーリングサイクル後に毎回消去する,Adiscon User Interface .resw source; locale=ja-JP; revision=edd9fe10d4a120194e4a0a1e60a5d04d661b79ab
CFGEvntSLog.WinUI/Strings/Resources,CFGEvntSLog.WinUI Resources,szClearEventLog2,設定した時間に毎日消去する,Adiscon User Interface .resw source; locale=ja-JP; revision=edd9fe10d4a120194e4a0a1e60a5d04d661b79ab
CFGEvntSLog.WinUI/Strings/Resources,CFGEvntSLog.WinUI Resources,szCommand,実行コマンド,Adiscon User Interface .resw source; locale=ja-JP; revision=edd9fe10d4a120194e4a0a1e60a5d04d661b79ab
CFGEvntSLog.WinUI/Strings/Resources,CFGEvntSLog.WinUI Resources,szCommunity,コミュニティ,Adiscon User Interface .resw source; locale=ja-JP; revision=edd9fe10d4a120194e4a0a1e60a5d04d661b79ab
CFGEvntSLog.WinUI/Strings/Resources,CFGEvntSLog.WinUI Resources,szComputerName,コンピュータ名,Adiscon User Interface .resw source; locale=ja-JP; revision=edd9fe10d4a120194e4a0a1e60a5d04d661b79ab
CFGEvntSLog.WinUI/Strings/Resources,CFGEvntSLog.WinUI Resources,szConfigPostProcessPreview,メッセージのプレビュー,Adiscon User Interface .resw source; locale=ja-JP; revision=edd9fe10d4a120194e4a0a1e60a5d04d661b79ab
CFGEvntSLog.WinUI/Strings/Resources,CFGEvntSLog.WinUI Resources,szConfigRequestPreview,リクエストプレビュー,Adiscon User Interface .resw source; locale=ja-JP; revision=edd9fe10d4a120194e4a0a1e60a5d04d661b79ab
CFGEvntSLog.WinUI/Strings/Resources,CFGEvntSLog.WinUI Resources,szConfigUrlPreview,URL プレビュー,Adiscon User Interface .resw source; locale=ja-JP; revision=edd9fe10d4a120194e4a0a1e60a5d04d661b79ab
CFGEvntSLog.WinUI/Strings/Resources,CFGEvntSLog.WinUI Resources,szConnectionString,OLEDB 接続の設定,Adiscon User Interface .resw source; locale=ja-JP; revision=edd9fe10d4a120194e4a0a1e60a5d04d661b79ab
CFGEvntSLog.WinUI/Strings/Resources,CFGEvntSLog.WinUI Resources,szContentType,Content-Type,Adiscon User Interface .resw source; locale=ja-JP; revision=edd9fe10d4a120194e4a0a1e60a5d04d661b79ab
CFGEvntSLog.WinUI/Strings/Resources,CFGEvntSLog.WinUI Resources,szCopyFormatIntoProperty,次のプロパティに保存,Adiscon User Interface .resw source; locale=ja-JP; revision=edd9fe10d4a120194e4a0a1e60a5d04d661b79ab
CFGEvntSLog.WinUI/Strings/Resources,CFGEvntSLog.WinUI Resources,szCopyFormatIntoPropertyGroup,フォーマットをプロパティにコピー,Adiscon User Interface .resw source; locale=ja-JP; revision=edd9fe10d4a120194e4a0a1e60a5d04d661b79ab
CFGEvntSLog.WinUI/Strings/Resources,CFGEvntSLog.WinUI Resources,szCrashReporting,クラッシュレポート,Adiscon User Interface .resw source; locale=ja-JP; revision=edd9fe10d4a120194e4a0a1e60a5d04d661b79ab
CFGEvntSLog.WinUI/Strings/Resources,CFGEvntSLog.WinUI Resources,szCustomEventLog,カスタムイベントログチャンネル,Adiscon User Interface .resw source; locale=ja-JP; revision=edd9fe10d4a120194e4a0a1e60a5d04d661b79ab
CFGEvntSLog.WinUI/Strings/Resources,CFGEvntSLog.WinUI Resources,szCustomMessageFormat,カスタム メッセージフォーマット,Adiscon User Interface .resw source; locale=ja-JP; revision=edd9fe10d4a120194e4a0a1e60a5d04d661b79ab
CFGEvntSLog.WinUI/Strings/Resources,CFGEvntSLog.WinUI Resources,szCustomSeparator,カスタムセパレータ,Adiscon User Interface .resw source; locale=ja-JP; revision=edd9fe10d4a120194e4a0a1e60a5d04d661b79ab
CFGEvntSLog.WinUI/Strings/Resources,CFGEvntSLog.WinUI Resources,szCustomSource,カスタムイベントログ ソース,Adiscon User Interface .resw source; locale=ja-JP; revision=edd9fe10d4a120194e4a0a1e60a5d04d661b79ab
CFGEvntSLog.WinUI/Strings/Resources,CFGEvntSLog.WinUI Resources,szCustomSyslogHeader,カスタム Syslog ヘッダーを使用,Adiscon User Interface .resw source; locale=ja-JP; revision=edd9fe10d4a120194e4a0a1e60a5d04d661b79ab
CFGEvntSLog.WinUI/Strings/Resources,CFGEvntSLog.WinUI Resources,szDBDSN,DSN,Adiscon User Interface .resw source; locale=ja-JP; revision=edd9fe10d4a120194e4a0a1e60a5d04d661b79ab
CFGEvntSLog.WinUI/Strings/Resources,CFGEvntSLog.WinUI Resources,szDBPass,パスワード,Adiscon User Interface .resw source; locale=ja-JP; revision=edd9fe10d4a120194e4a0a1e60a5d04d661b79ab
CFGEvntSLog.WinUI/Strings/Resources,CFGEvntSLog.WinUI Resources,szDBSelect,ステートメント選択,Adiscon User Interface .resw source; locale=ja-JP; revision=edd9fe10d4a120194e4a0a1e60a5d04d661b79ab
CFGEvntSLog.WinUI/Strings/Resources,CFGEvntSLog.WinUI Resources,szDBTableName,データベース テーブル,Adiscon User Interface .resw source; locale=ja-JP; revision=edd9fe10d4a120194e4a0a1e60a5d04d661b79ab
CFGEvntSLog.WinUI/Strings/Resources,CFGEvntSLog.WinUI Resources,szDBUser,ユーザーID,Adiscon User Interface .resw source; locale=ja-JP; revision=edd9fe10d4a120194e4a0a1e60a5d04d661b79ab
CFGEvntSLog.WinUI/Strings/Resources,CFGEvntSLog.WinUI Resources,szDTLSServer,DTLS サーバー名,Adiscon User Interface .resw source; locale=ja-JP; revision=edd9fe10d4a120194e4a0a1e60a5d04d661b79ab
CFGEvntSLog.WinUI/Strings/Resources,CFGEvntSLog.WinUI Resources,szDataCatalog,データカタログ,Adiscon User Interface .resw source; locale=ja-JP; revision=edd9fe10d4a120194e4a0a1e60a5d04d661b79ab
CFGEvntSLog.WinUI/Strings/Resources,CFGEvntSLog.WinUI Resources,szDataSource,データソース,Adiscon User Interface .resw source; locale=ja-JP; revision=edd9fe10d4a120194e4a0a1e60a5d04d661b79ab
CFGEvntSLog.WinUI/Strings/Resources,CFGEvntSLog.WinUI Resources,szDatabaseValues,データベース プロパティ,Adiscon User Interface .resw source; locale=ja-JP; revision=edd9fe10d4a120194e4a0a1e60a5d04d661b79ab
CFGEvntSLog.WinUI/Strings/Resources,CFGEvntSLog.WinUI Resources,szDateTimeLT,datetime（ローカルタイム）,Adiscon User Interface .resw source; locale=ja-JP; revision=edd9fe10d4a120194e4a0a1e60a5d04d661b79ab
CFGEvntSLog.WinUI/Strings/Resources,CFGEvntSLog.WinUI Resources,szDateTimeUTC,datetime（UTC）,Adiscon User Interface .resw source; locale=ja-JP; revision=edd9fe10d4a120194e4a0a1e60a5d04d661b79ab
CFGEvntSLog.WinUI/Strings/Resources,CFGEvntSLog.WinUI Resources,szDebugFileName,ファイルパス,Adiscon User Interface .resw source; locale=ja-JP; revision=edd9fe10d4a120194e4a0a1e60a5d04d661b79ab
CFGEvntSLog.WinUI/Strings/Resources,CFGEvntSLog.WinUI Resources,szDestinationPropertyName,名前解決の保存先プロパティ,Adiscon User Interface .resw source; locale=ja-JP; revision=edd9fe10d4a120194e4a0a1e60a5d04d661b79ab
CFGEvntSLog.WinUI/Strings/Resources,CFGEvntSLog.WinUI Resources,szDetailProperties,詳細,Adiscon User Interface .resw source; locale=ja-JP; revision=edd9fe10d4a120194e4a0a1e60a5d04d661b79ab
CFGEvntSLog.WinUI/Strings/Resources,CFGEvntSLog.WinUI Resources,szDisabled,無効にする,Adiscon User Interface .resw source; locale=ja-JP; revision=edd9fe10d4a120194e4a0a1e60a5d04d661b79ab
CFGEvntSLog.WinUI/Strings/Resources,CFGEvntSLog.WinUI Resources,szDtsControlDisable,DTR制御 無効,Adiscon User Interface .resw source; locale=ja-JP; revision=edd9fe10d4a120194e4a0a1e60a5d04d661b79ab
CFGEvntSLog.WinUI/Strings/Resources,CFGEvntSLog.WinUI Resources,szDtsControlEnable,DTR制御 有効,Adiscon User Interface .resw source; locale=ja-JP; revision=edd9fe10d4a120194e4a0a1e60a5d04d661b79ab
CFGEvntSLog.WinUI/Strings/Resources,CFGEvntSLog.WinUI Resources,szDtsControlHandshake,DTR制御 ハンドシェイク,Adiscon User Interface .resw source; locale=ja-JP; revision=edd9fe10d4a120194e4a0a1e60a5d04d661b79ab
CFGEvntSLog.WinUI/Strings/Resources,CFGEvntSLog.WinUI Resources,szEditionInformation,"注意：送信許可リストを有効にすると、サービスに関連するすべてのネットワーク上で、設定されたデバイスからのメッセージ受信のみ受け付けます。

このリストへの入力に制限はありませんが、例えば送信元10IP制限のライセンスを所有の場合、設定送信許可リスト中の最初の10台のみ受け付けられます。",Adiscon User Interface .resw source; locale=ja-JP; revision=edd9fe10d4a120194e4a0a1e60a5d04d661b79ab
CFGEvntSLog.WinUI/Strings/Resources,CFGEvntSLog.WinUI Resources,szEnableReportCrash,クラッシュレポートを有効にしますか？,Adiscon User Interface .resw source; locale=ja-JP; revision=edd9fe10d4a120194e4a0a1e60a5d04d661b79ab
CFGEvntSLog.WinUI/Strings/Resources,CFGEvntSLog.WinUI Resources,szEnterprise,エンタープライズ OID,Adiscon User Interface .resw source; locale=ja-JP; revision=edd9fe10d4a120194e4a0a1e60a5d04d661b79ab
CFGEvntSLog.WinUI/Strings/Resources,CFGEvntSLog.WinUI Resources,szErrorLoadingConfiguration,設定読み込みのエラー,Adiscon User Interface .resw source; locale=ja-JP; revision=edd9fe10d4a120194e4a0a1e60a5d04d661b79ab
CFGEvntSLog.WinUI/Strings/Resources,CFGEvntSLog.WinUI Resources,szErrorLoadingConfigurationText,設定を読み込むことができません：,Adiscon User Interface .resw source; locale=ja-JP; revision=edd9fe10d4a120194e4a0a1e60a5d04d661b79ab
CFGEvntSLog.WinUI/Strings/Resources,CFGEvntSLog.WinUI Resources,szErrorRegistryAccessFailed,次のエラーにより、ローカルの設定レジストリにアクセスできませんでした：,Adiscon User Interface .resw source; locale=ja-JP; revision=edd9fe10d4a120194e4a0a1e60a5d04d661b79ab
CFGEvntSLog.WinUI/Strings/Resources,CFGEvntSLog.WinUI Resources,szErrorRemoteRegistryFailed,次のエラーにより、リモートの設定レジストリにアクセスできませんでした：,Adiscon User Interface .resw source; locale=ja-JP; revision=edd9fe10d4a120194e4a0a1e60a5d04d661b79ab
CFGEvntSLog.WinUI/Strings/Resources,CFGEvntSLog.WinUI Resources,szErrorRemoteRegistryFailed2,設定クライアントによりローカルの設定がリロードされます,Adiscon User Interface .resw source; locale=ja-JP; revision=edd9fe10d4a120194e4a0a1e60a5d04d661b79ab
CFGEvntSLog.WinUI/Strings/Resources,CFGEvntSLog.WinUI Resources,szErrorSavingConfiguration,設定保存のエラー,Adiscon User Interface .resw source; locale=ja-JP; revision=edd9fe10d4a120194e4a0a1e60a5d04d661b79ab
CFGEvntSLog.WinUI/Strings/Resources,CFGEvntSLog.WinUI Resources,szErrorSavingConfigurationText,設定が保存できませんでした: ,Adiscon User Interface .resw source; locale=ja-JP; revision=edd9fe10d4a120194e4a0a1e60a5d04d661b79ab
CFGEvntSLog.WinUI/Strings/Resources,CFGEvntSLog.WinUI Resources,szErrorSavingData,データ変数の保存に失敗しました,Adiscon User Interface .resw source; locale=ja-JP; revision=edd9fe10d4a120194e4a0a1e60a5d04d661b79ab
CFGEvntSLog.WinUI/Strings/Resources,CFGEvntSLog.WinUI Resources,szErrorSavingDataText,以下のディレクトリでデータ変数の保存に失敗しました: ,Adiscon User Interface .resw source; locale=ja-JP; revision=edd9fe10d4a120194e4a0a1e60a5d04d661b79ab
CFGEvntSLog.WinUI/Strings/Resources,CFGEvntSLog.WinUI Resources,szEvenParity,偶数パリティ,Adiscon User Interface .resw source; locale=ja-JP; revision=edd9fe10d4a120194e4a0a1e60a5d04d661b79ab
CFGEvntSLog.WinUI/Strings/Resources,CFGEvntSLog.WinUI Resources,szEventLogCor_clear,イベントログの全てのイベントを消去する,Adiscon User Interface .resw source; locale=ja-JP; revision=edd9fe10d4a120194e4a0a1e60a5d04d661b79ab
CFGEvntSLog.WinUI/Strings/Resources,CFGEvntSLog.WinUI Resources,szEventLogCor_ignore,破損したイベントを無視する,Adiscon User Interface .resw source; locale=ja-JP; revision=edd9fe10d4a120194e4a0a1e60a5d04d661b79ab
CFGEvntSLog.WinUI/Strings/Resources,CFGEvntSLog.WinUI Resources,szEventLogCor_retry,最初のイベントから再処理する,Adiscon User Interface .resw source; locale=ja-JP; revision=edd9fe10d4a120194e4a0a1e60a5d04d661b79ab
CFGEvntSLog.WinUI/Strings/Resources,CFGEvntSLog.WinUI Resources,szEventLogV2WarningOnWinXp,警告；ご利用の Windows のバージョンは、このサービスに必要な EventLog API をサポートしていません。,Adiscon User Interface .resw source; locale=ja-JP; revision=edd9fe10d4a120194e4a0a1e60a5d04d661b79ab
CFGEvntSLog.WinUI/Strings/Resources,CFGEvntSLog.WinUI Resources,szEventPollingOptions,イベント ポーリング関連オプション,Adiscon User Interface .resw source; locale=ja-JP; revision=edd9fe10d4a120194e4a0a1e60a5d04d661b79ab
CFGEvntSLog.WinUI/Strings/Resources,CFGEvntSLog.WinUI Resources,szEventTypesManage,イベントチャネルの管理,Adiscon User Interface .resw source; locale=ja-JP; revision=edd9fe10d4a120194e4a0a1e60a5d04d661b79ab
CFGEvntSLog.WinUI/Strings/Resources,CFGEvntSLog.WinUI Resources,szEventTypesToLog,出力するイベントログタイプ,Adiscon User Interface .resw source; locale=ja-JP; revision=edd9fe10d4a120194e4a0a1e60a5d04d661b79ab
CFGEvntSLog.WinUI/Strings/Resources,CFGEvntSLog.WinUI Resources,szEvtClrSaveFile,バックアップ ファイル名,Adiscon User Interface .resw source; locale=ja-JP; revision=edd9fe10d4a120194e4a0a1e60a5d04d661b79ab
CFGEvntSLog.WinUI/Strings/Resources,CFGEvntSLog.WinUI Resources,szFTPServer,FTP サーバー,Adiscon User Interface .resw source; locale=ja-JP; revision=edd9fe10d4a120194e4a0a1e60a5d04d661b79ab
CFGEvntSLog.WinUI/Strings/Resources,CFGEvntSLog.WinUI Resources,szFieldContent_,フィールド コンテンツ,Adiscon User Interface .resw source; locale=ja-JP; revision=edd9fe10d4a120194e4a0a1e60a5d04d661b79ab
CFGEvntSLog.WinUI/Strings/Resources,CFGEvntSLog.WinUI Resources,szFieldName_,フィールド 名,Adiscon User Interface .resw source; locale=ja-JP; revision=edd9fe10d4a120194e4a0a1e60a5d04d661b79ab
CFGEvntSLog.WinUI/Strings/Resources,CFGEvntSLog.WinUI Resources,szFileBaseName,ファイルベース名,Adiscon User Interface .resw source; locale=ja-JP; revision=edd9fe10d4a120194e4a0a1e60a5d04d661b79ab
CFGEvntSLog.WinUI/Strings/Resources,CFGEvntSLog.WinUI Resources,szFileExtension,ファイル拡張子,Adiscon User Interface .resw source; locale=ja-JP; revision=edd9fe10d4a120194e4a0a1e60a5d04d661b79ab
CFGEvntSLog.WinUI/Strings/Resources,CFGEvntSLog.WinUI Resources,szFileFormatAdiscon,Adisconフォーマット,Adiscon User Interface .resw source; locale=ja-JP; revision=edd9fe10d4a120194e4a0a1e60a5d04d661b79ab
CFGEvntSLog.WinUI/Strings/Resources,CFGEvntSLog.WinUI Resources,szFileFormatCustom,カスタムフォーマット,Adiscon User Interface .resw source; locale=ja-JP; revision=edd9fe10d4a120194e4a0a1e60a5d04d661b79ab
CFGEvntSLog.WinUI/Strings/Resources,CFGEvntSLog.WinUI Resources,szFileFormatRaw,Raw Syslog メッセージ,Adiscon User Interface .resw source; locale=ja-JP; revision=edd9fe10d4a120194e4a0a1e60a5d04d661b79ab
CFGEvntSLog.WinUI/Strings/Resources,CFGEvntSLog.WinUI Resources,szFileFormatWebtrends,Webtrends syslog 互換,Adiscon User Interface .resw source; locale=ja-JP; revision=edd9fe10d4a120194e4a0a1e60a5d04d661b79ab
CFGEvntSLog.WinUI/Strings/Resources,CFGEvntSLog.WinUI Resources,szFileHandlingOptions,ファイル処理オプション,Adiscon User Interface .resw source; locale=ja-JP; revision=edd9fe10d4a120194e4a0a1e60a5d04d661b79ab
CFGEvntSLog.WinUI/Strings/Resources,CFGEvntSLog.WinUI Resources,szFileNameOptions,ファイル名に関するオプション,Adiscon User Interface .resw source; locale=ja-JP; revision=edd9fe10d4a120194e4a0a1e60a5d04d661b79ab
CFGEvntSLog.WinUI/Strings/Resources,CFGEvntSLog.WinUI Resources,szFilePath,ファイルパス,Adiscon User Interface .resw source; locale=ja-JP; revision=edd9fe10d4a120194e4a0a1e60a5d04d661b79ab
CFGEvntSLog.WinUI/Strings/Resources,CFGEvntSLog.WinUI Resources,szFilename,サウンドファイル名,Adiscon User Interface .resw source; locale=ja-JP; revision=edd9fe10d4a120194e4a0a1e60a5d04d661b79ab
CFGEvntSLog.WinUI/Strings/Resources,CFGEvntSLog.WinUI Resources,szFilenamePreview,ファイル名プレビュー,Adiscon User Interface .resw source; locale=ja-JP; revision=edd9fe10d4a120194e4a0a1e60a5d04d661b79ab
CFGEvntSLog.WinUI/Strings/Resources,CFGEvntSLog.WinUI Resources,szFilenamePreviewLegendBase,ベース名,Adiscon User Interface .resw source; locale=ja-JP; revision=edd9fe10d4a120194e4a0a1e60a5d04d661b79ab
CFGEvntSLog.WinUI/Strings/Resources,CFGEvntSLog.WinUI Resources,szFilenamePreviewLegendDate,ソース / 日付 (動的),Adiscon User Interface .resw source; locale=ja-JP; revision=edd9fe10d4a120194e4a0a1e60a5d04d661b79ab
CFGEvntSLog.WinUI/Strings/Resources,CFGEvntSLog.WinUI Resources,szFilenamePreviewLegendExt,拡張子,Adiscon User Interface .resw source; locale=ja-JP; revision=edd9fe10d4a120194e4a0a1e60a5d04d661b79ab
CFGEvntSLog.WinUI/Strings/Resources,CFGEvntSLog.WinUI Resources,szFilenamePreviewLegendPath,ファイルパス,Adiscon User Interface .resw source; locale=ja-JP; revision=edd9fe10d4a120194e4a0a1e60a5d04d661b79ab
CFGEvntSLog.WinUI/Strings/Resources,CFGEvntSLog.WinUI Resources,szFilenamePreviewLegendSegment,セグメント # (動的),Adiscon User Interface .resw source; locale=ja-JP; revision=edd9fe10d4a120194e4a0a1e60a5d04d661b79ab
CFGEvntSLog.WinUI/Strings/Resources,CFGEvntSLog.WinUI Resources,szFilenamePreviewLegendTime,時刻 (動的): HH-MM-SS,Adiscon User Interface .resw source; locale=ja-JP; revision=edd9fe10d4a120194e4a0a1e60a5d04d661b79ab
CFGEvntSLog.WinUI/Strings/Resources,CFGEvntSLog.WinUI Resources,szGeneralOptions,ファイル 全体オプション,Adiscon User Interface .resw source; locale=ja-JP; revision=edd9fe10d4a120194e4a0a1e60a5d04d661b79ab
CFGEvntSLog.WinUI/Strings/Resources,CFGEvntSLog.WinUI Resources,szGeneralValues,一般的な値,Adiscon User Interface .resw source; locale=ja-JP; revision=edd9fe10d4a120194e4a0a1e60a5d04d661b79ab
CFGEvntSLog.WinUI/Strings/Resources,CFGEvntSLog.WinUI Resources,szGenericName0,0 - Cold Start,Adiscon User Interface .resw source; locale=ja-JP; revision=edd9fe10d4a120194e4a0a1e60a5d04d661b79ab
CFGEvntSLog.WinUI/Strings/Resources,CFGEvntSLog.WinUI Resources,szGenericName1,1 - Warm Start,Adiscon User Interface .resw source; locale=ja-JP; revision=edd9fe10d4a120194e4a0a1e60a5d04d661b79ab
CFGEvntSLog.WinUI/Strings/Resources,CFGEvntSLog.WinUI Resources,szGenericName2,2 - Link Down,Adiscon User Interface .resw source; locale=ja-JP; revision=edd9fe10d4a120194e4a0a1e60a5d04d661b79ab
CFGEvntSLog.WinUI/Strings/Resources,CFGEvntSLog.WinUI Resources,szGenericName3,3 - Link Up,Adiscon User Interface .resw source; locale=ja-JP; revision=edd9fe10d4a120194e4a0a1e60a5d04d661b79ab
CFGEvntSLog.WinUI/Strings/Resources,CFGEvntSLog.WinUI Resources,szGenericName4,4 - Authentication Failure,Adiscon User Interface .resw source; locale=ja-JP; revision=edd9fe10d4a120194e4a0a1e60a5d04d661b79ab
CFGEvntSLog.WinUI/Strings/Resources,CFGEvntSLog.WinUI Resources,szGenericName5,5 - EGP Neighbor Loss,Adiscon User Interface .resw source; locale=ja-JP; revision=edd9fe10d4a120194e4a0a1e60a5d04d661b79ab
CFGEvntSLog.WinUI/Strings/Resources,CFGEvntSLog.WinUI Resources,szGenericName6,6 - Enterprise Specific,Adiscon User Interface .resw source; locale=ja-JP; revision=edd9fe10d4a120194e4a0a1e60a5d04d661b79ab
CFGEvntSLog.WinUI/Strings/Resources,CFGEvntSLog.WinUI Resources,szHTTPServer,HTTP サーバー,Adiscon User Interface .resw source; locale=ja-JP; revision=edd9fe10d4a120194e4a0a1e60a5d04d661b79ab
CFGEvntSLog.WinUI/Strings/Resources,CFGEvntSLog.WinUI Resources,szHost,ホスト,Adiscon User Interface .resw source; locale=ja-JP; revision=edd9fe10d4a120194e4a0a1e60a5d04d661b79ab
CFGEvntSLog.WinUI/Strings/Resources,CFGEvntSLog.WinUI Resources,szIMAPServer,IMAP サーバー,Adiscon User Interface .resw source; locale=ja-JP; revision=edd9fe10d4a120194e4a0a1e60a5d04d661b79ab
CFGEvntSLog.WinUI/Strings/Resources,CFGEvntSLog.WinUI Resources,szIPAddress,IP アドレスまたはホスト名,Adiscon User Interface .resw source; locale=ja-JP; revision=edd9fe10d4a120194e4a0a1e60a5d04d661b79ab
CFGEvntSLog.WinUI/Strings/Resources,CFGEvntSLog.WinUI Resources,szIP_,IPアドレス,Adiscon User Interface .resw source; locale=ja-JP; revision=edd9fe10d4a120194e4a0a1e60a5d04d661b79ab
CFGEvntSLog.WinUI/Strings/Resources,CFGEvntSLog.WinUI Resources,szIPv4,IP V4 Address,Adiscon User Interface .resw source; locale=ja-JP; revision=edd9fe10d4a120194e4a0a1e60a5d04d661b79ab
CFGEvntSLog.WinUI/Strings/Resources,CFGEvntSLog.WinUI Resources,szIgnoreTlsCertWarning,TLS 証明書検証を無効にします。ラボまたはテスト環境でのみ使用してください。,Adiscon User Interface .resw source; locale=ja-JP; revision=edd9fe10d4a120194e4a0a1e60a5d04d661b79ab
CFGEvntSLog.WinUI/Strings/Resources,CFGEvntSLog.WinUI Resources,szIncludeMsgSepInMessageDisabled,メッセージにメッセージセパレータを含めない,Adiscon User Interface .resw source; locale=ja-JP; revision=edd9fe10d4a120194e4a0a1e60a5d04d661b79ab
CFGEvntSLog.WinUI/Strings/Resources,CFGEvntSLog.WinUI Resources,szIncludeMsgSepInMessageLastMsgSepPrepend,メッセージの先頭に以前検出されたセパレータを付加する,Adiscon User Interface .resw source; locale=ja-JP; revision=edd9fe10d4a120194e4a0a1e60a5d04d661b79ab
CFGEvntSLog.WinUI/Strings/Resources,CFGEvntSLog.WinUI Resources,szIncludeMsgSepInMessageMsgSepAppend,メッセージに検出されたセパレータを付加する,Adiscon User Interface .resw source; locale=ja-JP; revision=edd9fe10d4a120194e4a0a1e60a5d04d661b79ab
CFGEvntSLog.WinUI/Strings/Resources,CFGEvntSLog.WinUI Resources,szIncludeMsgSepInMessageMsgSepPrepend,メッセージの先頭に検出されたセパレータを付加する,Adiscon User Interface .resw source; locale=ja-JP; revision=edd9fe10d4a120194e4a0a1e60a5d04d661b79ab
CFGEvntSLog.WinUI/Strings/Resources,CFGEvntSLog.WinUI Resources,szInsertStatement,挿入,Adiscon User Interface .resw source; locale=ja-JP; revision=edd9fe10d4a120194e4a0a1e60a5d04d661b79ab
CFGEvntSLog.WinUI/Strings/Resources,CFGEvntSLog.WinUI Resources,szInt,int,Adiscon User Interface .resw source; locale=ja-JP; revision=edd9fe10d4a120194e4a0a1e60a5d04d661b79ab
CFGEvntSLog.WinUI/Strings/Resources,CFGEvntSLog.WinUI Resources,szInteger,Integer,Adiscon User Interface .resw source; locale=ja-JP; revision=edd9fe10d4a120194e4a0a1e60a5d04d661b79ab
CFGEvntSLog.WinUI/Strings/Resources,CFGEvntSLog.WinUI Resources,szIsoTimestamp,ISO-like Timestamp,Adiscon User Interface .resw source; locale=ja-JP; revision=edd9fe10d4a120194e4a0a1e60a5d04d661b79ab
CFGEvntSLog.WinUI/Strings/Resources,CFGEvntSLog.WinUI Resources,szIutFormat,XMLの表記コードをMWAgentとして転送する,Adiscon User Interface .resw source; locale=ja-JP; revision=edd9fe10d4a120194e4a0a1e60a5d04d661b79ab
CFGEvntSLog.WinUI/Strings/Resources,CFGEvntSLog.WinUI Resources,szJsonFormat,CEE Syslog フォーマットを使用,Adiscon User Interface .resw source; locale=ja-JP; revision=edd9fe10d4a120194e4a0a1e60a5d04d661b79ab
CFGEvntSLog.WinUI/Strings/Resources,CFGEvntSLog.WinUI Resources,szLastDBIndex,最後に処理されたデータベース インデックス番号,Adiscon User Interface .resw source; locale=ja-JP; revision=edd9fe10d4a120194e4a0a1e60a5d04d661b79ab
CFGEvntSLog.WinUI/Strings/Resources,CFGEvntSLog.WinUI Resources,szLicense,ライセンス情報,Adiscon User Interface .resw source; locale=ja-JP; revision=edd9fe10d4a120194e4a0a1e60a5d04d661b79ab
CFGEvntSLog.WinUI/Strings/Resources,CFGEvntSLog.WinUI Resources,szLicenseFileIntro,ライセンス ファイル (.alic) を %DEFAULTLICENSEV2PATH% に配置するか、下で参照またはドロップしてください。パスを空のままにすると既定の場所が使われます。,Adiscon User Interface .resw source; locale=ja-JP; revision=edd9fe10d4a120194e4a0a1e60a5d04d661b79ab
CFGEvntSLog.WinUI/Strings/Resources,CFGEvntSLog.WinUI Resources,szLicenseV2,ライセンスファイル,Adiscon User Interface .resw source; locale=ja-JP; revision=edd9fe10d4a120194e4a0a1e60a5d04d661b79ab
CFGEvntSLog.WinUI/Strings/Resources,CFGEvntSLog.WinUI Resources,szLicenseV2DefaultPath,既定のランタイムパス: %DEFAULTLICENSEV2PATH%。このフィールドを空にするとその場所を使用します。,Adiscon User Interface .resw source; locale=ja-JP; revision=edd9fe10d4a120194e4a0a1e60a5d04d661b79ab
CFGEvntSLog.WinUI/Strings/Resources,CFGEvntSLog.WinUI Resources,szLicenseV2Expired,ライセンスファイルの有効期限が切れています。,Adiscon User Interface .resw source; locale=ja-JP; revision=edd9fe10d4a120194e4a0a1e60a5d04d661b79ab
CFGEvntSLog.WinUI/Strings/Resources,CFGEvntSLog.WinUI Resources,szLicenseV2NotYetValid,このライセンスファイルはまだ有効ではありません。%VALIDFROMLOCAL%（UTC: %VALIDFROMUTC%）から有効になります。その時刻以降に再度お試しください。,Adiscon User Interface .resw source; locale=ja-JP; revision=edd9fe10d4a120194e4a0a1e60a5d04d661b79ab
CFGEvntSLog.WinUI/Strings/Resources,CFGEvntSLog.WinUI Resources,szLicenseV2NotYetValidGeneric,ライセンスファイルはまだ有効ではありません。,Adiscon User Interface .resw source; locale=ja-JP; revision=edd9fe10d4a120194e4a0a1e60a5d04d661b79ab
CFGEvntSLog.WinUI/Strings/Resources,CFGEvntSLog.WinUI Resources,szLicenseV2NotYetValidIssued,ライセンスの発行日時: %ISSUEDATLOCAL%,Adiscon User Interface .resw source; locale=ja-JP; revision=edd9fe10d4a120194e4a0a1e60a5d04d661b79ab
CFGEvntSLog.WinUI/Strings/Resources,CFGEvntSLog.WinUI Resources,szLicenseV2Path,License file path,Adiscon User Interface .resw source; locale=ja-JP; revision=edd9fe10d4a120194e4a0a1e60a5d04d661b79ab
CFGEvntSLog.WinUI/Strings/Resources,CFGEvntSLog.WinUI Resources,szLineFormat,出力メッセージ,Adiscon User Interface .resw source; locale=ja-JP; revision=edd9fe10d4a120194e4a0a1e60a5d04d661b79ab
CFGEvntSLog.WinUI/Strings/Resources,CFGEvntSLog.WinUI Resources,szLoadedRuleSet,ルールセットの読み込み: ,Adiscon User Interface .resw source; locale=ja-JP; revision=edd9fe10d4a120194e4a0a1e60a5d04d661b79ab
CFGEvntSLog.WinUI/Strings/Resources,CFGEvntSLog.WinUI Resources,szLoadedService,サービスの読み込み: ,Adiscon User Interface .resw source; locale=ja-JP; revision=edd9fe10d4a120194e4a0a1e60a5d04d661b79ab
CFGEvntSLog.WinUI/Strings/Resources,CFGEvntSLog.WinUI Resources,szLocation,ロケーション,Adiscon User Interface .resw source; locale=ja-JP; revision=edd9fe10d4a120194e4a0a1e60a5d04d661b79ab
CFGEvntSLog.WinUI/Strings/Resources,CFGEvntSLog.WinUI Resources,szLogFileName,ファイルパス,Adiscon User Interface .resw source; locale=ja-JP; revision=edd9fe10d4a120194e4a0a1e60a5d04d661b79ab
CFGEvntSLog.WinUI/Strings/Resources,CFGEvntSLog.WinUI Resources,szLogFileTypeStandard,スタンダード,Adiscon User Interface .resw source; locale=ja-JP; revision=edd9fe10d4a120194e4a0a1e60a5d04d661b79ab
CFGEvntSLog.WinUI/Strings/Resources,CFGEvntSLog.WinUI Resources,szLogFileTypeW3C,W3C Webサーバー ログファイル,Adiscon User Interface .resw source; locale=ja-JP; revision=edd9fe10d4a120194e4a0a1e60a5d04d661b79ab
CFGEvntSLog.WinUI/Strings/Resources,CFGEvntSLog.WinUI Resources,szLogMoveAfterRotatePath,移動先ディレクトリ,Adiscon User Interface .resw source; locale=ja-JP; revision=edd9fe10d4a120194e4a0a1e60a5d04d661b79ab
CFGEvntSLog.WinUI/Strings/Resources,CFGEvntSLog.WinUI Resources,szLogPostProcessing,ログローテーション,Adiscon User Interface .resw source; locale=ja-JP; revision=edd9fe10d4a120194e4a0a1e60a5d04d661b79ab
CFGEvntSLog.WinUI/Strings/Resources,CFGEvntSLog.WinUI Resources,szLogRotateDisableUniqueFilenameMessage,"ログローテーションはローテーション時にファイル名を自動的に管理します。

ログローテーションの例：

application.log   → 現在のログファイル
application.log.1 → 1世代前のログファイル（ローテーション済み）
application.log.2 → さらに古いログファイル（ローテーション済み）

一方、「ファイル名に日付を出力」を有効にすると、ログファイル名にタイムスタンプが付与されます（例：app_2024-01-15.log）。

ログローテーションは数値サフィックスによりファイル世代を管理するため、
「ファイル名に日付を出力」と併用すると動作が重複し、ログローテーションが正しく機能しません。

そのため、ログローテーション機能を使用する場合は
「ファイル名に日付を出力」を無効にすることを推奨します。

「ファイル名に日付を出力」を無効にしますか？",Adiscon User Interface .resw source; locale=ja-JP; revision=edd9fe10d4a120194e4a0a1e60a5d04d661b79ab
CFGEvntSLog.WinUI/Strings/Resources,CFGEvntSLog.WinUI Resources,szLogRotateDisableUniqueFilenameTitle,ログローテーション,Adiscon User Interface .resw source; locale=ja-JP; revision=edd9fe10d4a120194e4a0a1e60a5d04d661b79ab
CFGEvntSLog.WinUI/Strings/Resources,CFGEvntSLog.WinUI Resources,szLogRotateTimeoutUnitDays,日,Adiscon User Interface .resw source; locale=ja-JP; revision=edd9fe10d4a120194e4a0a1e60a5d04d661b79ab
CFGEvntSLog.WinUI/Strings/Resources,CFGEvntSLog.WinUI Resources,szLogRotateTimeoutUnitHours,時間,Adiscon User Interface .resw source; locale=ja-JP; revision=edd9fe10d4a120194e4a0a1e60a5d04d661b79ab
CFGEvntSLog.WinUI/Strings/Resources,CFGEvntSLog.WinUI Resources,szLogRotateTimeoutUnitMinutes,分,Adiscon User Interface .resw source; locale=ja-JP; revision=edd9fe10d4a120194e4a0a1e60a5d04d661b79ab
CFGEvntSLog.WinUI/Strings/Resources,CFGEvntSLog.WinUI Resources,szLogRotateTimeoutUnitMonths,月,Adiscon User Interface .resw source; locale=ja-JP; revision=edd9fe10d4a120194e4a0a1e60a5d04d661b79ab
CFGEvntSLog.WinUI/Strings/Resources,CFGEvntSLog.WinUI Resources,szLogRotateTimeoutUnitSeconds,秒,Adiscon User Interface .resw source; locale=ja-JP; revision=edd9fe10d4a120194e4a0a1e60a5d04d661b79ab
CFGEvntSLog.WinUI/Strings/Resources,CFGEvntSLog.WinUI Resources,szLogRotateTimeoutUnitWeeks,週,Adiscon User Interface .resw source; locale=ja-JP; revision=edd9fe10d4a120194e4a0a1e60a5d04d661b79ab
CFGEvntSLog.WinUI/Strings/Resources,CFGEvntSLog.WinUI Resources,szLogRotateTimeoutWarningCancelled,ローテーション間隔は適用されませんでした。5分未満の間隔を維持する場合は「はい」を選択するか、変更を確定する前に間隔を長くしてください。,Adiscon User Interface .resw source; locale=ja-JP; revision=edd9fe10d4a120194e4a0a1e60a5d04d661b79ab
CFGEvntSLog.WinUI/Strings/Resources,CFGEvntSLog.WinUI Resources,szLogRotateTimeoutWarningNo,いいえ,Adiscon User Interface .resw source; locale=ja-JP; revision=edd9fe10d4a120194e4a0a1e60a5d04d661b79ab
CFGEvntSLog.WinUI/Strings/Resources,CFGEvntSLog.WinUI Resources,szLogRotateTimeoutWarningText,5分未満の間隔でログファイルをローテーションすると、多数のファイルが作成され、ログ処理のパフォーマンスに影響する可能性があります。この間隔を維持しますか？,Adiscon User Interface .resw source; locale=ja-JP; revision=edd9fe10d4a120194e4a0a1e60a5d04d661b79ab
CFGEvntSLog.WinUI/Strings/Resources,CFGEvntSLog.WinUI Resources,szLogRotateTimeoutWarningTitle,短いログローテーション間隔,Adiscon User Interface .resw source; locale=ja-JP; revision=edd9fe10d4a120194e4a0a1e60a5d04d661b79ab
CFGEvntSLog.WinUI/Strings/Resources,CFGEvntSLog.WinUI Resources,szLogRotateTimeoutWarningUnavailable,間隔の警告を表示できませんでした。間隔を少なくとも5分に長くするか、もう一度お試しください。,Adiscon User Interface .resw source; locale=ja-JP; revision=edd9fe10d4a120194e4a0a1e60a5d04d661b79ab
CFGEvntSLog.WinUI/Strings/Resources,CFGEvntSLog.WinUI Resources,szLogRotateTimeoutWarningYes,はい,Adiscon User Interface .resw source; locale=ja-JP; revision=edd9fe10d4a120194e4a0a1e60a5d04d661b79ab
CFGEvntSLog.WinUI/Strings/Resources,CFGEvntSLog.WinUI Resources,szLogType,イベントログのタイプ,Adiscon User Interface .resw source; locale=ja-JP; revision=edd9fe10d4a120194e4a0a1e60a5d04d661b79ab
CFGEvntSLog.WinUI/Strings/Resources,CFGEvntSLog.WinUI Resources,szLogZipGzip,GZIP(.gz)圧縮,Adiscon User Interface .resw source; locale=ja-JP; revision=edd9fe10d4a120194e4a0a1e60a5d04d661b79ab
CFGEvntSLog.WinUI/Strings/Resources,CFGEvntSLog.WinUI Resources,szLogZipZip,ZIP(.zip)圧縮,Adiscon User Interface .resw source; locale=ja-JP; revision=edd9fe10d4a120194e4a0a1e60a5d04d661b79ab
CFGEvntSLog.WinUI/Strings/Resources,CFGEvntSLog.WinUI Resources,szMIBSPath,MIB の場所（パス）,Adiscon User Interface .resw source; locale=ja-JP; revision=edd9fe10d4a120194e4a0a1e60a5d04d661b79ab
CFGEvntSLog.WinUI/Strings/Resources,CFGEvntSLog.WinUI Resources,szMailServer,SMTP サーバー,Adiscon User Interface .resw source; locale=ja-JP; revision=edd9fe10d4a120194e4a0a1e60a5d04d661b79ab
CFGEvntSLog.WinUI/Strings/Resources,CFGEvntSLog.WinUI Resources,szMarkParity,マークパリティ,Adiscon User Interface .resw source; locale=ja-JP; revision=edd9fe10d4a120194e4a0a1e60a5d04d661b79ab
CFGEvntSLog.WinUI/Strings/Resources,CFGEvntSLog.WinUI Resources,szMessage,正規化するパラメーター,Adiscon User Interface .resw source; locale=ja-JP; revision=edd9fe10d4a120194e4a0a1e60a5d04d661b79ab
CFGEvntSLog.WinUI/Strings/Resources,CFGEvntSLog.WinUI Resources,szMessageBegin,スタートアップ時に送信,Adiscon User Interface .resw source; locale=ja-JP; revision=edd9fe10d4a120194e4a0a1e60a5d04d661b79ab
CFGEvntSLog.WinUI/Strings/Resources,CFGEvntSLog.WinUI Resources,szMessageEnd,メッセージ末尾の処理,Adiscon User Interface .resw source; locale=ja-JP; revision=edd9fe10d4a120194e4a0a1e60a5d04d661b79ab
CFGEvntSLog.WinUI/Strings/Resources,CFGEvntSLog.WinUI Resources,szMessageExpected,想定されるメッセージ: ,Adiscon User Interface .resw source; locale=ja-JP; revision=edd9fe10d4a120194e4a0a1e60a5d04d661b79ab
CFGEvntSLog.WinUI/Strings/Resources,CFGEvntSLog.WinUI Resources,szMessageFormat,送信メッセージ,Adiscon User Interface .resw source; locale=ja-JP; revision=edd9fe10d4a120194e4a0a1e60a5d04d661b79ab
CFGEvntSLog.WinUI/Strings/Resources,CFGEvntSLog.WinUI Resources,szMessageMode,メッセージ フィールド (%msg%),Adiscon User Interface .resw source; locale=ja-JP; revision=edd9fe10d4a120194e4a0a1e60a5d04d661b79ab
CFGEvntSLog.WinUI/Strings/Resources,CFGEvntSLog.WinUI Resources,szMessageProcessing,メッセージ処理関連オプション,Adiscon User Interface .resw source; locale=ja-JP; revision=edd9fe10d4a120194e4a0a1e60a5d04d661b79ab
CFGEvntSLog.WinUI/Strings/Resources,CFGEvntSLog.WinUI Resources,szMessageToSend,送信メッセージ: ,Adiscon User Interface .resw source; locale=ja-JP; revision=edd9fe10d4a120194e4a0a1e60a5d04d661b79ab
CFGEvntSLog.WinUI/Strings/Resources,CFGEvntSLog.WinUI Resources,szMessagecontent,出力メッセージ,Adiscon User Interface .resw source; locale=ja-JP; revision=edd9fe10d4a120194e4a0a1e60a5d04d661b79ab
CFGEvntSLog.WinUI/Strings/Resources,CFGEvntSLog.WinUI Resources,szMoreInfoCrash,"有効にすると、クラッシュダンプが自動的にhttp://crashdump.adiscon.comにアップロードされます。
これらのクラッシュダンプには個人データは含まれません。
問題に関連するデータのみ送信されます。",Adiscon User Interface .resw source; locale=ja-JP; revision=edd9fe10d4a120194e4a0a1e60a5d04d661b79ab
CFGEvntSLog.WinUI/Strings/Resources,CFGEvntSLog.WinUI Resources,szMoreInformation,詳細情報は以下...,Adiscon User Interface .resw source; locale=ja-JP; revision=edd9fe10d4a120194e4a0a1e60a5d04d661b79ab
CFGEvntSLog.WinUI/Strings/Resources,CFGEvntSLog.WinUI Resources,szMsgSep_,メッセージの分離シーケンス,Adiscon User Interface .resw source; locale=ja-JP; revision=edd9fe10d4a120194e4a0a1e60a5d04d661b79ab
CFGEvntSLog.WinUI/Strings/Resources,CFGEvntSLog.WinUI Resources,szMultiCastAddress,マルチキャストアドレス,Adiscon User Interface .resw source; locale=ja-JP; revision=edd9fe10d4a120194e4a0a1e60a5d04d661b79ab
CFGEvntSLog.WinUI/Strings/Resources,CFGEvntSLog.WinUI Resources,szMyIPAddress,IP アドレス,Adiscon User Interface .resw source; locale=ja-JP; revision=edd9fe10d4a120194e4a0a1e60a5d04d661b79ab
CFGEvntSLog.WinUI/Strings/Resources,CFGEvntSLog.WinUI Resources,szNNTPServer,NNTP サーバー,Adiscon User Interface .resw source; locale=ja-JP; revision=edd9fe10d4a120194e4a0a1e60a5d04d661b79ab
CFGEvntSLog.WinUI/Strings/Resources,CFGEvntSLog.WinUI Resources,szNetworkOptions,ネットワーク固有,Adiscon User Interface .resw source; locale=ja-JP; revision=edd9fe10d4a120194e4a0a1e60a5d04d661b79ab
CFGEvntSLog.WinUI/Strings/Resources,CFGEvntSLog.WinUI Resources,szNoParity,パリティなし,Adiscon User Interface .resw source; locale=ja-JP; revision=edd9fe10d4a120194e4a0a1e60a5d04d661b79ab
CFGEvntSLog.WinUI/Strings/Resources,CFGEvntSLog.WinUI Resources,szODBCDsn,DSN,Adiscon User Interface .resw source; locale=ja-JP; revision=edd9fe10d4a120194e4a0a1e60a5d04d661b79ab
CFGEvntSLog.WinUI/Strings/Resources,CFGEvntSLog.WinUI Resources,szODBCPwd,パスワード,Adiscon User Interface .resw source; locale=ja-JP; revision=edd9fe10d4a120194e4a0a1e60a5d04d661b79ab
CFGEvntSLog.WinUI/Strings/Resources,CFGEvntSLog.WinUI Resources,szODBCUid,ユーザーID,Adiscon User Interface .resw source; locale=ja-JP; revision=edd9fe10d4a120194e4a0a1e60a5d04d661b79ab
CFGEvntSLog.WinUI/Strings/Resources,CFGEvntSLog.WinUI Resources,szOddParity,奇数パリティ,Adiscon User Interface .resw source; locale=ja-JP; revision=edd9fe10d4a120194e4a0a1e60a5d04d661b79ab
CFGEvntSLog.WinUI/Strings/Resources,CFGEvntSLog.WinUI Resources,szOne5StopBits,1.5 Stop bit,Adiscon User Interface .resw source; locale=ja-JP; revision=edd9fe10d4a120194e4a0a1e60a5d04d661b79ab
CFGEvntSLog.WinUI/Strings/Resources,CFGEvntSLog.WinUI Resources,szOneStopBit,1 Stop bit,Adiscon User Interface .resw source; locale=ja-JP; revision=edd9fe10d4a120194e4a0a1e60a5d04d661b79ab
CFGEvntSLog.WinUI/Strings/Resources,CFGEvntSLog.WinUI Resources,szOpenSearchOptions,OpenSearch オプション,Adiscon User Interface .resw source; locale=ja-JP; revision=edd9fe10d4a120194e4a0a1e60a5d04d661b79ab
CFGEvntSLog.WinUI/Strings/Resources,CFGEvntSLog.WinUI Resources,szOperationType,オペレーションタイプ,Adiscon User Interface .resw source; locale=ja-JP; revision=edd9fe10d4a120194e4a0a1e60a5d04d661b79ab
CFGEvntSLog.WinUI/Strings/Resources,CFGEvntSLog.WinUI Resources,szOptions,オプション,Adiscon User Interface .resw source; locale=ja-JP; revision=edd9fe10d4a120194e4a0a1e60a5d04d661b79ab
CFGEvntSLog.WinUI/Strings/Resources,CFGEvntSLog.WinUI Resources,szOtherOptions,エンジンのその他のオプション,Adiscon User Interface .resw source; locale=ja-JP; revision=edd9fe10d4a120194e4a0a1e60a5d04d661b79ab
CFGEvntSLog.WinUI/Strings/Resources,CFGEvntSLog.WinUI Resources,szOutputFormat_CSV,CSV フォーマット,Adiscon User Interface .resw source; locale=ja-JP; revision=edd9fe10d4a120194e4a0a1e60a5d04d661b79ab
CFGEvntSLog.WinUI/Strings/Resources,CFGEvntSLog.WinUI Resources,szOutputFormat_Disabled,無効,Adiscon User Interface .resw source; locale=ja-JP; revision=edd9fe10d4a120194e4a0a1e60a5d04d661b79ab
CFGEvntSLog.WinUI/Strings/Resources,CFGEvntSLog.WinUI Resources,szOutputFormat_JSON,JSON フォーマット,Adiscon User Interface .resw source; locale=ja-JP; revision=edd9fe10d4a120194e4a0a1e60a5d04d661b79ab
CFGEvntSLog.WinUI/Strings/Resources,CFGEvntSLog.WinUI Resources,szOutputFormat_XML,XML フォーマット,Adiscon User Interface .resw source; locale=ja-JP; revision=edd9fe10d4a120194e4a0a1e60a5d04d661b79ab
CFGEvntSLog.WinUI/Strings/Resources,CFGEvntSLog.WinUI Resources,szOutputProperty,出力プロパティ,Adiscon User Interface .resw source; locale=ja-JP; revision=edd9fe10d4a120194e4a0a1e60a5d04d661b79ab
CFGEvntSLog.WinUI/Strings/Resources,CFGEvntSLog.WinUI Resources,szOverwriteValues,Syslogプロパティを上書き,Adiscon User Interface .resw source; locale=ja-JP; revision=edd9fe10d4a120194e4a0a1e60a5d04d661b79ab
CFGEvntSLog.WinUI/Strings/Resources,CFGEvntSLog.WinUI Resources,szPOP3Server,POP3 サーバー,Adiscon User Interface .resw source; locale=ja-JP; revision=edd9fe10d4a120194e4a0a1e60a5d04d661b79ab
CFGEvntSLog.WinUI/Strings/Resources,CFGEvntSLog.WinUI Resources,szParameters,コマンドのパラメータ,Adiscon User Interface .resw source; locale=ja-JP; revision=edd9fe10d4a120194e4a0a1e60a5d04d661b79ab
CFGEvntSLog.WinUI/Strings/Resources,CFGEvntSLog.WinUI Resources,szParsValue_,値,Adiscon User Interface .resw source; locale=ja-JP; revision=edd9fe10d4a120194e4a0a1e60a5d04d661b79ab
CFGEvntSLog.WinUI/Strings/Resources,CFGEvntSLog.WinUI Resources,szPassword,パスワード,Adiscon User Interface .resw source; locale=ja-JP; revision=edd9fe10d4a120194e4a0a1e60a5d04d661b79ab
CFGEvntSLog.WinUI/Strings/Resources,CFGEvntSLog.WinUI Resources,szPathAndFileName,ファイルパス,Adiscon User Interface .resw source; locale=ja-JP; revision=edd9fe10d4a120194e4a0a1e60a5d04d661b79ab
CFGEvntSLog.WinUI/Strings/Resources,CFGEvntSLog.WinUI Resources,szPortName,メッセージの送信ポート,Adiscon User Interface .resw source; locale=ja-JP; revision=edd9fe10d4a120194e4a0a1e60a5d04d661b79ab
CFGEvntSLog.WinUI/Strings/Resources,CFGEvntSLog.WinUI Resources,szPortSettings,ポート設定,Adiscon User Interface .resw source; locale=ja-JP; revision=edd9fe10d4a120194e4a0a1e60a5d04d661b79ab
CFGEvntSLog.WinUI/Strings/Resources,CFGEvntSLog.WinUI Resources,szPostProcessApps,起動可能なアプリケーション,Adiscon User Interface .resw source; locale=ja-JP; revision=edd9fe10d4a120194e4a0a1e60a5d04d661b79ab
CFGEvntSLog.WinUI/Strings/Resources,CFGEvntSLog.WinUI Resources,szPriorityLow,ä½Ž,Adiscon User Interface .resw source; locale=ja-JP; revision=edd9fe10d4a120194e4a0a1e60a5d04d661b79ab
CFGEvntSLog.WinUI/Strings/Resources,CFGEvntSLog.WinUI Resources,szPriorityNormal,ä¸­,Adiscon User Interface .resw source; locale=ja-JP; revision=edd9fe10d4a120194e4a0a1e60a5d04d661b79ab
CFGEvntSLog.WinUI/Strings/Resources,CFGEvntSLog.WinUI Resources,szPriorityhigh,高,Adiscon User Interface .resw source; locale=ja-JP; revision=edd9fe10d4a120194e4a0a1e60a5d04d661b79ab
CFGEvntSLog.WinUI/Strings/Resources,CFGEvntSLog.WinUI Resources,szPropertiesTableName,詳細データ テーブル名,Adiscon User Interface .resw source; locale=ja-JP; revision=edd9fe10d4a120194e4a0a1e60a5d04d661b79ab
CFGEvntSLog.WinUI/Strings/Resources,CFGEvntSLog.WinUI Resources,szPropertyName,ステータス変数名,Adiscon User Interface .resw source; locale=ja-JP; revision=edd9fe10d4a120194e4a0a1e60a5d04d661b79ab
CFGEvntSLog.WinUI/Strings/Resources,CFGEvntSLog.WinUI Resources,szPropertyType,プロパティタイプの選択,Adiscon User Interface .resw source; locale=ja-JP; revision=edd9fe10d4a120194e4a0a1e60a5d04d661b79ab
CFGEvntSLog.WinUI/Strings/Resources,CFGEvntSLog.WinUI Resources,szPropertyValue,プロパティ値を設定,Adiscon User Interface .resw source; locale=ja-JP; revision=edd9fe10d4a120194e4a0a1e60a5d04d661b79ab
CFGEvntSLog.WinUI/Strings/Resources,CFGEvntSLog.WinUI Resources,szProperty_,プロパティ名,Adiscon User Interface .resw source; locale=ja-JP; revision=edd9fe10d4a120194e4a0a1e60a5d04d661b79ab
CFGEvntSLog.WinUI/Strings/Resources,CFGEvntSLog.WinUI Resources,szProvider,プロバイダ,Adiscon User Interface .resw source; locale=ja-JP; revision=edd9fe10d4a120194e4a0a1e60a5d04d661b79ab
CFGEvntSLog.WinUI/Strings/Resources,CFGEvntSLog.WinUI Resources,szQueueBody,出力メッセージ,Adiscon User Interface .resw source; locale=ja-JP; revision=edd9fe10d4a120194e4a0a1e60a5d04d661b79ab
CFGEvntSLog.WinUI/Strings/Resources,CFGEvntSLog.WinUI Resources,szQueueLable,キューのメッセージラベル,Adiscon User Interface .resw source; locale=ja-JP; revision=edd9fe10d4a120194e4a0a1e60a5d04d661b79ab
CFGEvntSLog.WinUI/Strings/Resources,CFGEvntSLog.WinUI Resources,szQueueName,キュー名,Adiscon User Interface .resw source; locale=ja-JP; revision=edd9fe10d4a120194e4a0a1e60a5d04d661b79ab
CFGEvntSLog.WinUI/Strings/Resources,CFGEvntSLog.WinUI Resources,szRELPOptions,全般オプション,Adiscon User Interface .resw source; locale=ja-JP; revision=edd9fe10d4a120194e4a0a1e60a5d04d661b79ab
CFGEvntSLog.WinUI/Strings/Resources,CFGEvntSLog.WinUI Resources,szROM,Rest of Message,Adiscon User Interface .resw source; locale=ja-JP; revision=edd9fe10d4a120194e4a0a1e60a5d04d661b79ab
CFGEvntSLog.WinUI/Strings/Resources,CFGEvntSLog.WinUI Resources,szReadFileBufferInfo,"ファイルモニターは読み取りファイルバッファーサイズごとにファイルを読み取ります。
デフォルトのバッファーサイズは4096バイトです。これはパフォーマンスとメモリ使用量のバランスに優れています。

正規表現のメッセージセパレーターの使用やデフォルトファイルバッファーサイズを超えるログ行がある場合はこのサイズを増やすことができます。その他はこの値を変更しないことをお勧めします。",Adiscon User Interface .resw source; locale=ja-JP; revision=edd9fe10d4a120194e4a0a1e60a5d04d661b79ab
CFGEvntSLog.WinUI/Strings/Resources,CFGEvntSLog.WinUI Resources,szReferer,リンク元,Adiscon User Interface .resw source; locale=ja-JP; revision=edd9fe10d4a120194e4a0a1e60a5d04d661b79ab
CFGEvntSLog.WinUI/Strings/Resources,CFGEvntSLog.WinUI Resources,szRegistryError,設定レジストリへのアクセスエラー,Adiscon User Interface .resw source; locale=ja-JP; revision=edd9fe10d4a120194e4a0a1e60a5d04d661b79ab
CFGEvntSLog.WinUI/Strings/Resources,CFGEvntSLog.WinUI Resources,szRemoteHost,リモートホスト,Adiscon User Interface .resw source; locale=ja-JP; revision=edd9fe10d4a120194e4a0a1e60a5d04d661b79ab
CFGEvntSLog.WinUI/Strings/Resources,CFGEvntSLog.WinUI Resources,szRequestTemplateAdvancedHint,JSON プロパティ一覧を空のまま、下のフィールドも空にすると、すべての InfoUnit プロパティが JSON として自動シリアル化されます (プレビュー参照)。高度なテンプレートは空でない場合、プロパティ一覧を上書きします。,Adiscon User Interface .resw source; locale=ja-JP; revision=edd9fe10d4a120194e4a0a1e60a5d04d661b79ab
CFGEvntSLog.WinUI/Strings/Resources,CFGEvntSLog.WinUI Resources,szRequestType,リクエストタイプ,Adiscon User Interface .resw source; locale=ja-JP; revision=edd9fe10d4a120194e4a0a1e60a5d04d661b79ab
CFGEvntSLog.WinUI/Strings/Resources,CFGEvntSLog.WinUI Resources,szResetValue,値をリセット,Adiscon User Interface .resw source; locale=ja-JP; revision=edd9fe10d4a120194e4a0a1e60a5d04d661b79ab
CFGEvntSLog.WinUI/Strings/Resources,CFGEvntSLog.WinUI Resources,szRessourceOptions,リソースライブラリ キャッシュのオプション,Adiscon User Interface .resw source; locale=ja-JP; revision=edd9fe10d4a120194e4a0a1e60a5d04d661b79ab
CFGEvntSLog.WinUI/Strings/Resources,CFGEvntSLog.WinUI Resources,szRestOutputAdvancedTab,詳細設定,Adiscon User Interface .resw source; locale=ja-JP; revision=edd9fe10d4a120194e4a0a1e60a5d04d661b79ab
CFGEvntSLog.WinUI/Strings/Resources,CFGEvntSLog.WinUI Resources,szRestOutputGeneralTab,一般,Adiscon User Interface .resw source; locale=ja-JP; revision=edd9fe10d4a120194e4a0a1e60a5d04d661b79ab
CFGEvntSLog.WinUI/Strings/Resources,CFGEvntSLog.WinUI Resources,szRestOutputRequestTab,リクエスト,Adiscon User Interface .resw source; locale=ja-JP; revision=edd9fe10d4a120194e4a0a1e60a5d04d661b79ab
CFGEvntSLog.WinUI/Strings/Resources,CFGEvntSLog.WinUI Resources,szRingBufferFile,ファイルパス,Adiscon User Interface .resw source; locale=ja-JP; revision=edd9fe10d4a120194e4a0a1e60a5d04d661b79ab
CFGEvntSLog.WinUI/Strings/Resources,CFGEvntSLog.WinUI Resources,szRingBufferWarning,"警告！ディスクキャッシュ機能を有効にすると、ご使用のハードディスクの速度によっては、アクションの処理が遅くなります。
この機能は、必要な場合のみご利用ください。この処理に失敗すると、WinSyslog(EventReporter)サービスは起動時のキューを読み込み、前のキューから処理を行うようになります。",Adiscon User Interface .resw source; locale=ja-JP; revision=edd9fe10d4a120194e4a0a1e60a5d04d661b79ab
CFGEvntSLog.WinUI/Strings/Resources,CFGEvntSLog.WinUI Resources,szRotateConditions,ローテーションの条件,Adiscon User Interface .resw source; locale=ja-JP; revision=edd9fe10d4a120194e4a0a1e60a5d04d661b79ab
CFGEvntSLog.WinUI/Strings/Resources,CFGEvntSLog.WinUI Resources,szRotatePostProcessing,ローテーション後の処理,Adiscon User Interface .resw source; locale=ja-JP; revision=edd9fe10d4a120194e4a0a1e60a5d04d661b79ab
CFGEvntSLog.WinUI/Strings/Resources,CFGEvntSLog.WinUI Resources,szRotateWorkerOptions,ログローテート バックグラウンド ワーカー,Adiscon User Interface .resw source; locale=ja-JP; revision=edd9fe10d4a120194e4a0a1e60a5d04d661b79ab
CFGEvntSLog.WinUI/Strings/Resources,CFGEvntSLog.WinUI Resources,szRotateWorkerOptionsDescription,"キュー型のLogRotateサブシステムは、切り離されたファイルを準備し、ログローテーションジョブをバックグラウンドで処理します。
保留中のジョブはLogRotationQueue.jsonに保存され、再起動後も継続できます。
ローテート、圧縮、移動の準備中は、一時的に.stagingファイルが表示される場合があります。",Adiscon User Interface .resw source; locale=ja-JP; revision=edd9fe10d4a120194e4a0a1e60a5d04d661b79ab
CFGEvntSLog.WinUI/Strings/Resources,CFGEvntSLog.WinUI Resources,szRtsControlDisable,RTS制御 無効,Adiscon User Interface .resw source; locale=ja-JP; revision=edd9fe10d4a120194e4a0a1e60a5d04d661b79ab
CFGEvntSLog.WinUI/Strings/Resources,CFGEvntSLog.WinUI Resources,szRtsControlEnable,RTS制御 有効,Adiscon User Interface .resw source; locale=ja-JP; revision=edd9fe10d4a120194e4a0a1e60a5d04d661b79ab
CFGEvntSLog.WinUI/Strings/Resources,CFGEvntSLog.WinUI Resources,szRtsControlHandshake,RTS制御 ハンドシェイク,Adiscon User Interface .resw source; locale=ja-JP; revision=edd9fe10d4a120194e4a0a1e60a5d04d661b79ab
CFGEvntSLog.WinUI/Strings/Resources,CFGEvntSLog.WinUI Resources,szRtsControlToggle,RTS制御 トグル,Adiscon User Interface .resw source; locale=ja-JP; revision=edd9fe10d4a120194e4a0a1e60a5d04d661b79ab
CFGEvntSLog.WinUI/Strings/Resources,CFGEvntSLog.WinUI Resources,szRuleEngineSpecific,ルールエンジンのオプション,Adiscon User Interface .resw source; locale=ja-JP; revision=edd9fe10d4a120194e4a0a1e60a5d04d661b79ab
CFGEvntSLog.WinUI/Strings/Resources,CFGEvntSLog.WinUI Resources,szRuleSet,処理を実行するルールセット,Adiscon User Interface .resw source; locale=ja-JP; revision=edd9fe10d4a120194e4a0a1e60a5d04d661b79ab
CFGEvntSLog.WinUI/Strings/Resources,CFGEvntSLog.WinUI Resources,szRuleSetEngineOptions,ルールセット エンジン,Adiscon User Interface .resw source; locale=ja-JP; revision=edd9fe10d4a120194e4a0a1e60a5d04d661b79ab
CFGEvntSLog.WinUI/Strings/Resources,CFGEvntSLog.WinUI Resources,szRulebase,ルールベース ファイルの選択,Adiscon User Interface .resw source; locale=ja-JP; revision=edd9fe10d4a120194e4a0a1e60a5d04d661b79ab
CFGEvntSLog.WinUI/Strings/Resources,CFGEvntSLog.WinUI Resources,szSETPOptions,全般オプション,Adiscon User Interface .resw source; locale=ja-JP; revision=edd9fe10d4a120194e4a0a1e60a5d04d661b79ab
CFGEvntSLog.WinUI/Strings/Resources,CFGEvntSLog.WinUI Resources,szSMTPBody,メール本文,Adiscon User Interface .resw source; locale=ja-JP; revision=edd9fe10d4a120194e4a0a1e60a5d04d661b79ab
CFGEvntSLog.WinUI/Strings/Resources,CFGEvntSLog.WinUI Resources,szSMTPPassword,SMTP パスワード,Adiscon User Interface .resw source; locale=ja-JP; revision=edd9fe10d4a120194e4a0a1e60a5d04d661b79ab
CFGEvntSLog.WinUI/Strings/Resources,CFGEvntSLog.WinUI Resources,szSMTPRecipient,メール送信先,Adiscon User Interface .resw source; locale=ja-JP; revision=edd9fe10d4a120194e4a0a1e60a5d04d661b79ab
CFGEvntSLog.WinUI/Strings/Resources,CFGEvntSLog.WinUI Resources,szSMTPSender,メール送信元,Adiscon User Interface .resw source; locale=ja-JP; revision=edd9fe10d4a120194e4a0a1e60a5d04d661b79ab
CFGEvntSLog.WinUI/Strings/Resources,CFGEvntSLog.WinUI Resources,szSMTPServer,メールサーバー,Adiscon User Interface .resw source; locale=ja-JP; revision=edd9fe10d4a120194e4a0a1e60a5d04d661b79ab
CFGEvntSLog.WinUI/Strings/Resources,CFGEvntSLog.WinUI Resources,szSMTPServerBackup,バックアップサーバー,Adiscon User Interface .resw source; locale=ja-JP; revision=edd9fe10d4a120194e4a0a1e60a5d04d661b79ab
CFGEvntSLog.WinUI/Strings/Resources,CFGEvntSLog.WinUI Resources,szSMTPSubject,メールタイトル,Adiscon User Interface .resw source; locale=ja-JP; revision=edd9fe10d4a120194e4a0a1e60a5d04d661b79ab
CFGEvntSLog.WinUI/Strings/Resources,CFGEvntSLog.WinUI Resources,szSMTPUsername,SMTP ユーザー名,Adiscon User Interface .resw source; locale=ja-JP; revision=edd9fe10d4a120194e4a0a1e60a5d04d661b79ab
CFGEvntSLog.WinUI/Strings/Resources,CFGEvntSLog.WinUI Resources,szSNMPOptions,SNMP Options,Adiscon User Interface .resw source; locale=ja-JP; revision=edd9fe10d4a120194e4a0a1e60a5d04d661b79ab
CFGEvntSLog.WinUI/Strings/Resources,CFGEvntSLog.WinUI Resources,szSQLConnectionOptions,接続オプション,Adiscon User Interface .resw source; locale=ja-JP; revision=edd9fe10d4a120194e4a0a1e60a5d04d661b79ab
CFGEvntSLog.WinUI/Strings/Resources,CFGEvntSLog.WinUI Resources,szSQLOptions,SQL オプション,Adiscon User Interface .resw source; locale=ja-JP; revision=edd9fe10d4a120194e4a0a1e60a5d04d661b79ab
CFGEvntSLog.WinUI/Strings/Resources,CFGEvntSLog.WinUI Resources,szSSLOptions,SSL オプション,Adiscon User Interface .resw source; locale=ja-JP; revision=edd9fe10d4a120194e4a0a1e60a5d04d661b79ab
CFGEvntSLog.WinUI/Strings/Resources,CFGEvntSLog.WinUI Resources,szSaveSourceProperty,プロパティ名: ,Adiscon User Interface .resw source; locale=ja-JP; revision=edd9fe10d4a120194e4a0a1e60a5d04d661b79ab
CFGEvntSLog.WinUI/Strings/Resources,CFGEvntSLog.WinUI Resources,szSelectStatement,Statement related properties,Adiscon User Interface .resw source; locale=ja-JP; revision=edd9fe10d4a120194e4a0a1e60a5d04d661b79ab
CFGEvntSLog.WinUI/Strings/Resources,CFGEvntSLog.WinUI Resources,szSelectStatementFROM,FROM,Adiscon User Interface .resw source; locale=ja-JP; revision=edd9fe10d4a120194e4a0a1e60a5d04d661b79ab
CFGEvntSLog.WinUI/Strings/Resources,CFGEvntSLog.WinUI Resources,szSelectStatementSELECT,SELECT,Adiscon User Interface .resw source; locale=ja-JP; revision=edd9fe10d4a120194e4a0a1e60a5d04d661b79ab
CFGEvntSLog.WinUI/Strings/Resources,CFGEvntSLog.WinUI Resources,szSelpSendServer,RELP サーバー名,Adiscon User Interface .resw source; locale=ja-JP; revision=edd9fe10d4a120194e4a0a1e60a5d04d661b79ab
CFGEvntSLog.WinUI/Strings/Resources,CFGEvntSLog.WinUI Resources,szSendModeRoundRobin,ラウンドロビン(複数のSyslogサーバー)を使用する,Adiscon User Interface .resw source; locale=ja-JP; revision=edd9fe10d4a120194e4a0a1e60a5d04d661b79ab
CFGEvntSLog.WinUI/Strings/Resources,CFGEvntSLog.WinUI Resources,szSendModeSingle,単一のSyslogサーバーを使用する(バックアップサーバーは任意),Adiscon User Interface .resw source; locale=ja-JP; revision=edd9fe10d4a120194e4a0a1e60a5d04d661b79ab
CFGEvntSLog.WinUI/Strings/Resources,CFGEvntSLog.WinUI Resources,szServer,サーバー名,Adiscon User Interface .resw source; locale=ja-JP; revision=edd9fe10d4a120194e4a0a1e60a5d04d661b79ab
CFGEvntSLog.WinUI/Strings/Resources,CFGEvntSLog.WinUI Resources,szServerName,イベントログを監視するマシン,Adiscon User Interface .resw source; locale=ja-JP; revision=edd9fe10d4a120194e4a0a1e60a5d04d661b79ab
CFGEvntSLog.WinUI/Strings/Resources,CFGEvntSLog.WinUI Resources,szServiceName,サービス名,Adiscon User Interface .resw source; locale=ja-JP; revision=edd9fe10d4a120194e4a0a1e60a5d04d661b79ab
CFGEvntSLog.WinUI/Strings/Resources,CFGEvntSLog.WinUI Resources,szSnmpCheckOid,クエリ OID (オブジェクト ID),Adiscon User Interface .resw source; locale=ja-JP; revision=edd9fe10d4a120194e4a0a1e60a5d04d661b79ab
CFGEvntSLog.WinUI/Strings/Resources,CFGEvntSLog.WinUI Resources,szSnmpGeneralOptions,SNMP 全体オプション,Adiscon User Interface .resw source; locale=ja-JP; revision=edd9fe10d4a120194e4a0a1e60a5d04d661b79ab
CFGEvntSLog.WinUI/Strings/Resources,CFGEvntSLog.WinUI Resources,szSnmpRelatedValues,SNMP クエリ関連,Adiscon User Interface .resw source; locale=ja-JP; revision=edd9fe10d4a120194e4a0a1e60a5d04d661b79ab
CFGEvntSLog.WinUI/Strings/Resources,CFGEvntSLog.WinUI Resources,szSnmpv2Oid,トラップ OID,Adiscon User Interface .resw source; locale=ja-JP; revision=edd9fe10d4a120194e4a0a1e60a5d04d661b79ab
CFGEvntSLog.WinUI/Strings/Resources,CFGEvntSLog.WinUI Resources,szSourcePropertyName,名前解決するソースプロパティを選択,Adiscon User Interface .resw source; locale=ja-JP; revision=edd9fe10d4a120194e4a0a1e60a5d04d661b79ab
CFGEvntSLog.WinUI/Strings/Resources,CFGEvntSLog.WinUI Resources,szSpaceParity,スペースパリティ,Adiscon User Interface .resw source; locale=ja-JP; revision=edd9fe10d4a120194e4a0a1e60a5d04d661b79ab
CFGEvntSLog.WinUI/Strings/Resources,CFGEvntSLog.WinUI Resources,szSpoofedIPAddress,IP またはプロパティを修正,Adiscon User Interface .resw source; locale=ja-JP; revision=edd9fe10d4a120194e4a0a1e60a5d04d661b79ab
CFGEvntSLog.WinUI/Strings/Resources,CFGEvntSLog.WinUI Resources,szStatusVar,ステータス変数,Adiscon User Interface .resw source; locale=ja-JP; revision=edd9fe10d4a120194e4a0a1e60a5d04d661b79ab
CFGEvntSLog.WinUI/Strings/Resources,CFGEvntSLog.WinUI Resources,szStoredProcedure,CALL (MSSQLストアドプロシージャ),Adiscon User Interface .resw source; locale=ja-JP; revision=edd9fe10d4a120194e4a0a1e60a5d04d661b79ab
CFGEvntSLog.WinUI/Strings/Resources,CFGEvntSLog.WinUI Resources,szSubscriptionOptions,サブスクリプション関連オプション,Adiscon User Interface .resw source; locale=ja-JP; revision=edd9fe10d4a120194e4a0a1e60a5d04d661b79ab
CFGEvntSLog.WinUI/Strings/Resources,CFGEvntSLog.WinUI Resources,szSyslogHeaderOptions,Syslog ヘッダ ーオプション,Adiscon User Interface .resw source; locale=ja-JP; revision=edd9fe10d4a120194e4a0a1e60a5d04d661b79ab
CFGEvntSLog.WinUI/Strings/Resources,CFGEvntSLog.WinUI Resources,szSyslogMaxMessageSizeDescription,"大きすぎるメッセージをSyslog TCP経由で受信したときに、メッセージを分割するための最大値を設定します。
デフォルトではTCPの最大値は1024000バイト（1MB）に設定されています。 Syslog UDPの場合はUDPプロトコルの制限により、最大値は65536バイトになります。",Adiscon User Interface .resw source; locale=ja-JP; revision=edd9fe10d4a120194e4a0a1e60a5d04d661b79ab
CFGEvntSLog.WinUI/Strings/Resources,CFGEvntSLog.WinUI Resources,szSyslogMessageOptions,Syslog メッセージ オプション,Adiscon User Interface .resw source; locale=ja-JP; revision=edd9fe10d4a120194e4a0a1e60a5d04d661b79ab
CFGEvntSLog.WinUI/Strings/Resources,CFGEvntSLog.WinUI Resources,szSyslogNetworkOptions,ネットワーク関連オプション,Adiscon User Interface .resw source; locale=ja-JP; revision=edd9fe10d4a120194e4a0a1e60a5d04d661b79ab
CFGEvntSLog.WinUI/Strings/Resources,CFGEvntSLog.WinUI Resources,szSyslogProcessingCustomHeader,カスタム Syslog ヘッダーを使用,Adiscon User Interface .resw source; locale=ja-JP; revision=edd9fe10d4a120194e4a0a1e60a5d04d661b79ab
CFGEvntSLog.WinUI/Strings/Resources,CFGEvntSLog.WinUI Resources,szSyslogProcessingDisabled,受信したデータをそのまま送信,Adiscon User Interface .resw source; locale=ja-JP; revision=edd9fe10d4a120194e4a0a1e60a5d04d661b79ab
CFGEvntSLog.WinUI/Strings/Resources,CFGEvntSLog.WinUI Resources,szSyslogProcessingRFC3164,RFC3164を使用（レガシー）,Adiscon User Interface .resw source; locale=ja-JP; revision=edd9fe10d4a120194e4a0a1e60a5d04d661b79ab
CFGEvntSLog.WinUI/Strings/Resources,CFGEvntSLog.WinUI Resources,szSyslogProcessingRFC5424,RFC5424を使用（推奨）,Adiscon User Interface .resw source; locale=ja-JP; revision=edd9fe10d4a120194e4a0a1e60a5d04d661b79ab
CFGEvntSLog.WinUI/Strings/Resources,CFGEvntSLog.WinUI Resources,szSyslogQueue,Syslog キュー名,Adiscon User Interface .resw source; locale=ja-JP; revision=edd9fe10d4a120194e4a0a1e60a5d04d661b79ab
CFGEvntSLog.WinUI/Strings/Resources,CFGEvntSLog.WinUI Resources,szSyslogQueueOptions,Syslog キューオプション,Adiscon User Interface .resw source; locale=ja-JP; revision=edd9fe10d4a120194e4a0a1e60a5d04d661b79ab
CFGEvntSLog.WinUI/Strings/Resources,CFGEvntSLog.WinUI Resources,szSyslogSSLOptions,SSL/TLS オプション,Adiscon User Interface .resw source; locale=ja-JP; revision=edd9fe10d4a120194e4a0a1e60a5d04d661b79ab
CFGEvntSLog.WinUI/Strings/Resources,CFGEvntSLog.WinUI Resources,szSyslogSendServer,Syslog サーバー,Adiscon User Interface .resw source; locale=ja-JP; revision=edd9fe10d4a120194e4a0a1e60a5d04d661b79ab
CFGEvntSLog.WinUI/Strings/Resources,CFGEvntSLog.WinUI Resources,szSyslogServerBackup,バックアップ サーバー,Adiscon User Interface .resw source; locale=ja-JP; revision=edd9fe10d4a120194e4a0a1e60a5d04d661b79ab
CFGEvntSLog.WinUI/Strings/Resources,CFGEvntSLog.WinUI Resources,szSyslogServerOptions,Syslog 送信先 オプション,Adiscon User Interface .resw source; locale=ja-JP; revision=edd9fe10d4a120194e4a0a1e60a5d04d661b79ab
CFGEvntSLog.WinUI/Strings/Resources,CFGEvntSLog.WinUI Resources,szSyslogServer_,Syslog サーバー,Adiscon User Interface .resw source; locale=ja-JP; revision=edd9fe10d4a120194e4a0a1e60a5d04d661b79ab
CFGEvntSLog.WinUI/Strings/Resources,CFGEvntSLog.WinUI Resources,szSyslogTCPOptions,TCP オプション,Adiscon User Interface .resw source; locale=ja-JP; revision=edd9fe10d4a120194e4a0a1e60a5d04d661b79ab
CFGEvntSLog.WinUI/Strings/Resources,CFGEvntSLog.WinUI Resources,szSyslogTagValue,Syslog タグ,Adiscon User Interface .resw source; locale=ja-JP; revision=edd9fe10d4a120194e4a0a1e60a5d04d661b79ab
CFGEvntSLog.WinUI/Strings/Resources,CFGEvntSLog.WinUI Resources,szSyslogTargetOptions,Syslog ターゲット オプション,Adiscon User Interface .resw source; locale=ja-JP; revision=edd9fe10d4a120194e4a0a1e60a5d04d661b79ab
CFGEvntSLog.WinUI/Strings/Resources,CFGEvntSLog.WinUI Resources,szSyslogUDPOptions,UDP オプション,Adiscon User Interface .resw source; locale=ja-JP; revision=edd9fe10d4a120194e4a0a1e60a5d04d661b79ab
CFGEvntSLog.WinUI/Strings/Resources,CFGEvntSLog.WinUI Resources,szTCPMsgSep,メッセージの分離シーケンス,Adiscon User Interface .resw source; locale=ja-JP; revision=edd9fe10d4a120194e4a0a1e60a5d04d661b79ab
CFGEvntSLog.WinUI/Strings/Resources,CFGEvntSLog.WinUI Resources,szTCPOptions,TCP オプション,Adiscon User Interface .resw source; locale=ja-JP; revision=edd9fe10d4a120194e4a0a1e60a5d04d661b79ab
CFGEvntSLog.WinUI/Strings/Resources,CFGEvntSLog.WinUI Resources,szTLSAdvancedOptions,TLS Advanced,Adiscon User Interface .resw source; locale=ja-JP; revision=edd9fe10d4a120194e4a0a1e60a5d04d661b79ab
CFGEvntSLog.WinUI/Strings/Resources,CFGEvntSLog.WinUI Resources,szTLSCommandsInfo,このオプションを有効にすると、OpenSSL設定コマンドを直接設定できます。 コマンド タイプごとに使用できる設定パラメーターの詳細については、次のページを参照してください: ,Adiscon User Interface .resw source; locale=ja-JP; revision=edd9fe10d4a120194e4a0a1e60a5d04d661b79ab
CFGEvntSLog.WinUI/Strings/Resources,CFGEvntSLog.WinUI Resources,szTLSCommandsInfoLink,OpenSSL SSL_CONF_cmd ドキュメント,Adiscon User Interface .resw source; locale=ja-JP; revision=edd9fe10d4a120194e4a0a1e60a5d04d661b79ab
CFGEvntSLog.WinUI/Strings/Resources,CFGEvntSLog.WinUI Resources,szTLSOptions,TLS Options,Adiscon User Interface .resw source; locale=ja-JP; revision=edd9fe10d4a120194e4a0a1e60a5d04d661b79ab
CFGEvntSLog.WinUI/Strings/Resources,CFGEvntSLog.WinUI Resources,szTabAdvanced,高度なオプション,Adiscon User Interface .resw source; locale=ja-JP; revision=edd9fe10d4a120194e4a0a1e60a5d04d661b79ab
CFGEvntSLog.WinUI/Strings/Resources,CFGEvntSLog.WinUI Resources,szTabCPU,CPU,Adiscon User Interface .resw source; locale=ja-JP; revision=edd9fe10d4a120194e4a0a1e60a5d04d661b79ab
CFGEvntSLog.WinUI/Strings/Resources,CFGEvntSLog.WinUI Resources,szTabCaching,イベント キャッシュ,Adiscon User Interface .resw source; locale=ja-JP; revision=edd9fe10d4a120194e4a0a1e60a5d04d661b79ab
CFGEvntSLog.WinUI/Strings/Resources,CFGEvntSLog.WinUI Resources,szTabEncoding,エンコード,Adiscon User Interface .resw source; locale=ja-JP; revision=edd9fe10d4a120194e4a0a1e60a5d04d661b79ab
CFGEvntSLog.WinUI/Strings/Resources,CFGEvntSLog.WinUI Resources,szTabEventChannels,イベント チャンネル,Adiscon User Interface .resw source; locale=ja-JP; revision=edd9fe10d4a120194e4a0a1e60a5d04d661b79ab
CFGEvntSLog.WinUI/Strings/Resources,CFGEvntSLog.WinUI Resources,szTabFiles,処理ファイル,Adiscon User Interface .resw source; locale=ja-JP; revision=edd9fe10d4a120194e4a0a1e60a5d04d661b79ab
CFGEvntSLog.WinUI/Strings/Resources,CFGEvntSLog.WinUI Resources,szTabGeneral,全体のオプション,Adiscon User Interface .resw source; locale=ja-JP; revision=edd9fe10d4a120194e4a0a1e60a5d04d661b79ab
CFGEvntSLog.WinUI/Strings/Resources,CFGEvntSLog.WinUI Resources,szTabMailFormatOptions,メールフォーマット オプション,Adiscon User Interface .resw source; locale=ja-JP; revision=edd9fe10d4a120194e4a0a1e60a5d04d661b79ab
CFGEvntSLog.WinUI/Strings/Resources,CFGEvntSLog.WinUI Resources,szTabMailServerOptions,メールサーバー オプション,Adiscon User Interface .resw source; locale=ja-JP; revision=edd9fe10d4a120194e4a0a1e60a5d04d661b79ab
CFGEvntSLog.WinUI/Strings/Resources,CFGEvntSLog.WinUI Resources,szTabMemory,トータルメモリ,Adiscon User Interface .resw source; locale=ja-JP; revision=edd9fe10d4a120194e4a0a1e60a5d04d661b79ab
CFGEvntSLog.WinUI/Strings/Resources,CFGEvntSLog.WinUI Resources,szTabMsgSep,メッセージセパレータ,Adiscon User Interface .resw source; locale=ja-JP; revision=edd9fe10d4a120194e4a0a1e60a5d04d661b79ab
CFGEvntSLog.WinUI/Strings/Resources,CFGEvntSLog.WinUI Resources,szTabPhyMemory,物理メモリ,Adiscon User Interface .resw source; locale=ja-JP; revision=edd9fe10d4a120194e4a0a1e60a5d04d661b79ab
CFGEvntSLog.WinUI/Strings/Resources,CFGEvntSLog.WinUI Resources,szTabVirtMemory,仮想メモリ,Adiscon User Interface .resw source; locale=ja-JP; revision=edd9fe10d4a120194e4a0a1e60a5d04d661b79ab
CFGEvntSLog.WinUI/Strings/Resources,CFGEvntSLog.WinUI Resources,szTableID,ID フィールド名,Adiscon User Interface .resw source; locale=ja-JP; revision=edd9fe10d4a120194e4a0a1e60a5d04d661b79ab
CFGEvntSLog.WinUI/Strings/Resources,CFGEvntSLog.WinUI Resources,szTableName,テーブル名,Adiscon User Interface .resw source; locale=ja-JP; revision=edd9fe10d4a120194e4a0a1e60a5d04d661b79ab
CFGEvntSLog.WinUI/Strings/Resources,CFGEvntSLog.WinUI Resources,szTarget,ターゲット,Adiscon User Interface .resw source; locale=ja-JP; revision=edd9fe10d4a120194e4a0a1e60a5d04d661b79ab
CFGEvntSLog.WinUI/Strings/Resources,CFGEvntSLog.WinUI Resources,szText,text,Adiscon User Interface .resw source; locale=ja-JP; revision=edd9fe10d4a120194e4a0a1e60a5d04d661b79ab
CFGEvntSLog.WinUI/Strings/Resources,CFGEvntSLog.WinUI Resources,szTwoStopBits,2 Stop bits,Adiscon User Interface .resw source; locale=ja-JP; revision=edd9fe10d4a120194e4a0a1e60a5d04d661b79ab
CFGEvntSLog.WinUI/Strings/Resources,CFGEvntSLog.WinUI Resources,szTypeAgentcap,Agent Cap,Adiscon User Interface .resw source; locale=ja-JP; revision=edd9fe10d4a120194e4a0a1e60a5d04d661b79ab
CFGEvntSLog.WinUI/Strings/Resources,CFGEvntSLog.WinUI Resources,szTypeBitstring,Bit String,Adiscon User Interface .resw source; locale=ja-JP; revision=edd9fe10d4a120194e4a0a1e60a5d04d661b79ab
CFGEvntSLog.WinUI/Strings/Resources,CFGEvntSLog.WinUI Resources,szTypeCounter,Counter,Adiscon User Interface .resw source; locale=ja-JP; revision=edd9fe10d4a120194e4a0a1e60a5d04d661b79ab
CFGEvntSLog.WinUI/Strings/Resources,CFGEvntSLog.WinUI Resources,szTypeCounter64,Counter64,Adiscon User Interface .resw source; locale=ja-JP; revision=edd9fe10d4a120194e4a0a1e60a5d04d661b79ab
CFGEvntSLog.WinUI/Strings/Resources,CFGEvntSLog.WinUI Resources,szTypeGauge,Gauge,Adiscon User Interface .resw source; locale=ja-JP; revision=edd9fe10d4a120194e4a0a1e60a5d04d661b79ab
CFGEvntSLog.WinUI/Strings/Resources,CFGEvntSLog.WinUI Resources,szTypeInteger,Integer,Adiscon User Interface .resw source; locale=ja-JP; revision=edd9fe10d4a120194e4a0a1e60a5d04d661b79ab
CFGEvntSLog.WinUI/Strings/Resources,CFGEvntSLog.WinUI Resources,szTypeInteger32,Signed Integer32,Adiscon User Interface .resw source; locale=ja-JP; revision=edd9fe10d4a120194e4a0a1e60a5d04d661b79ab
CFGEvntSLog.WinUI/Strings/Resources,CFGEvntSLog.WinUI Resources,szTypeIpaddr,IPAddress,Adiscon User Interface .resw source; locale=ja-JP; revision=edd9fe10d4a120194e4a0a1e60a5d04d661b79ab
CFGEvntSLog.WinUI/Strings/Resources,CFGEvntSLog.WinUI Resources,szTypeModcomp,Mod Comp,Adiscon User Interface .resw source; locale=ja-JP; revision=edd9fe10d4a120194e4a0a1e60a5d04d661b79ab
CFGEvntSLog.WinUI/Strings/Resources,CFGEvntSLog.WinUI Resources,szTypeModid,ModID,Adiscon User Interface .resw source; locale=ja-JP; revision=edd9fe10d4a120194e4a0a1e60a5d04d661b79ab
CFGEvntSLog.WinUI/Strings/Resources,CFGEvntSLog.WinUI Resources,szTypeNetaddr,Net Address,Adiscon User Interface .resw source; locale=ja-JP; revision=edd9fe10d4a120194e4a0a1e60a5d04d661b79ab
CFGEvntSLog.WinUI/Strings/Resources,CFGEvntSLog.WinUI Resources,szTypeNotiftype,Notify Type,Adiscon User Interface .resw source; locale=ja-JP; revision=edd9fe10d4a120194e4a0a1e60a5d04d661b79ab
CFGEvntSLog.WinUI/Strings/Resources,CFGEvntSLog.WinUI Resources,szTypeNsapaddress,NSAP Address,Adiscon User Interface .resw source; locale=ja-JP; revision=edd9fe10d4a120194e4a0a1e60a5d04d661b79ab
CFGEvntSLog.WinUI/Strings/Resources,CFGEvntSLog.WinUI Resources,szTypeNull,Null,Adiscon User Interface .resw source; locale=ja-JP; revision=edd9fe10d4a120194e4a0a1e60a5d04d661b79ab
CFGEvntSLog.WinUI/Strings/Resources,CFGEvntSLog.WinUI Resources,szTypeObjgroup,Object Group,Adiscon User Interface .resw source; locale=ja-JP; revision=edd9fe10d4a120194e4a0a1e60a5d04d661b79ab
CFGEvntSLog.WinUI/Strings/Resources,CFGEvntSLog.WinUI Resources,szTypeObjid,ObjectID,Adiscon User Interface .resw source; locale=ja-JP; revision=edd9fe10d4a120194e4a0a1e60a5d04d661b79ab
CFGEvntSLog.WinUI/Strings/Resources,CFGEvntSLog.WinUI Resources,szTypeOctetstr,Octet String,Adiscon User Interface .resw source; locale=ja-JP; revision=edd9fe10d4a120194e4a0a1e60a5d04d661b79ab
CFGEvntSLog.WinUI/Strings/Resources,CFGEvntSLog.WinUI Resources,szTypeOpaque,Opaque,Adiscon User Interface .resw source; locale=ja-JP; revision=edd9fe10d4a120194e4a0a1e60a5d04d661b79ab
CFGEvntSLog.WinUI/Strings/Resources,CFGEvntSLog.WinUI Resources,szTypeOther,Other,Adiscon User Interface .resw source; locale=ja-JP; revision=edd9fe10d4a120194e4a0a1e60a5d04d661b79ab
CFGEvntSLog.WinUI/Strings/Resources,CFGEvntSLog.WinUI Resources,szTypeTimeticks,Timeticks,Adiscon User Interface .resw source; locale=ja-JP; revision=edd9fe10d4a120194e4a0a1e60a5d04d661b79ab
CFGEvntSLog.WinUI/Strings/Resources,CFGEvntSLog.WinUI Resources,szTypeTraptype,Trap Type,Adiscon User Interface .resw source; locale=ja-JP; revision=edd9fe10d4a120194e4a0a1e60a5d04d661b79ab
CFGEvntSLog.WinUI/Strings/Resources,CFGEvntSLog.WinUI Resources,szTypeUinteger,UInteger,Adiscon User Interface .resw source; locale=ja-JP; revision=edd9fe10d4a120194e4a0a1e60a5d04d661b79ab
CFGEvntSLog.WinUI/Strings/Resources,CFGEvntSLog.WinUI Resources,szTypeUnsigned32,Unsigned Integer32,Adiscon User Interface .resw source; locale=ja-JP; revision=edd9fe10d4a120194e4a0a1e60a5d04d661b79ab
CFGEvntSLog.WinUI/Strings/Resources,CFGEvntSLog.WinUI Resources,szUDPOptions,UDP オプション,Adiscon User Interface .resw source; locale=ja-JP; revision=edd9fe10d4a120194e4a0a1e60a5d04d661b79ab
CFGEvntSLog.WinUI/Strings/Resources,CFGEvntSLog.WinUI Resources,szUnixTimestamp,UNIX/LINUX-like Timestamp,Adiscon User Interface .resw source; locale=ja-JP; revision=edd9fe10d4a120194e4a0a1e60a5d04d661b79ab
CFGEvntSLog.WinUI/Strings/Resources,CFGEvntSLog.WinUI Resources,szUpTo,UpTo,Adiscon User Interface .resw source; locale=ja-JP; revision=edd9fe10d4a120194e4a0a1e60a5d04d661b79ab
CFGEvntSLog.WinUI/Strings/Resources,CFGEvntSLog.WinUI Resources,szUrl,URL & クエリ文字列,Adiscon User Interface .resw source; locale=ja-JP; revision=edd9fe10d4a120194e4a0a1e60a5d04d661b79ab
CFGEvntSLog.WinUI/Strings/Resources,CFGEvntSLog.WinUI Resources,szUserAgent,ユーザー エージェント (ブラウザ),Adiscon User Interface .resw source; locale=ja-JP; revision=edd9fe10d4a120194e4a0a1e60a5d04d661b79ab
CFGEvntSLog.WinUI/Strings/Resources,CFGEvntSLog.WinUI Resources,szUsername,ユーザー名,Adiscon User Interface .resw source; locale=ja-JP; revision=edd9fe10d4a120194e4a0a1e60a5d04d661b79ab
CFGEvntSLog.WinUI/Strings/Resources,CFGEvntSLog.WinUI Resources,szVarChar,varchar,Adiscon User Interface .resw source; locale=ja-JP; revision=edd9fe10d4a120194e4a0a1e60a5d04d661b79ab
CFGEvntSLog.WinUI/Strings/Resources,CFGEvntSLog.WinUI Resources,szVariableOID_,OID(変数),Adiscon User Interface .resw source; locale=ja-JP; revision=edd9fe10d4a120194e4a0a1e60a5d04d661b79ab
CFGEvntSLog.WinUI/Strings/Resources,CFGEvntSLog.WinUI Resources,szVariableValue_,変数値,Adiscon User Interface .resw source; locale=ja-JP; revision=edd9fe10d4a120194e4a0a1e60a5d04d661b79ab
CFGEvntSLog.WinUI/Strings/Resources,CFGEvntSLog.WinUI Resources,szW3CHeader,W3C ヘッダー値,Adiscon User Interface .resw source; locale=ja-JP; revision=edd9fe10d4a120194e4a0a1e60a5d04d661b79ab
CFGEvntSLog.WinUI/Strings/Resources,CFGEvntSLog.WinUI Resources,szWarningSavingConfiguration,設定保存に関する警告,Adiscon User Interface .resw source; locale=ja-JP; revision=edd9fe10d4a120194e4a0a1e60a5d04d661b79ab
CFGEvntSLog.WinUI/Strings/Resources,CFGEvntSLog.WinUI Resources,szWarningSavingConfigurationBackup,古い設定ファイルのバックアップに失敗しました。以下のファイルへの設定保存に失敗した可能性があります：,Adiscon User Interface .resw source; locale=ja-JP; revision=edd9fe10d4a120194e4a0a1e60a5d04d661b79ab
CFGEvntSLog.WinUI/Strings/Resources,CFGEvntSLog.WinUI Resources,szWarningSavingConfigurationOldFile,古い設定ファイルの削除に失敗しました。そのファイルは他のプロセスによりブロックされているようです。以下のファイルは手動で削除してください：,Adiscon User Interface .resw source; locale=ja-JP; revision=edd9fe10d4a120194e4a0a1e60a5d04d661b79ab
CFGEvntSLog.WinUI/Strings/Resources,CFGEvntSLog.WinUI Resources,szWord,Single Word,Adiscon User Interface .resw source; locale=ja-JP; revision=edd9fe10d4a120194e4a0a1e60a5d04d661b79ab
CFGEvntSLog.WinUI/Strings/Resources,CFGEvntSLog.WinUI Resources,szXMLBookmark,最終レコード,Adiscon User Interface .resw source; locale=ja-JP; revision=edd9fe10d4a120194e4a0a1e60a5d04d661b79ab
CFGEvntSLog.WinUI/Strings/Resources,CFGEvntSLog.WinUI Resources,szXmlFormat,XML フォーマット,Adiscon User Interface .resw source; locale=ja-JP; revision=edd9fe10d4a120194e4a0a1e60a5d04d661b79ab
CFGEvntSLog.WinUI/Strings/Resources,CFGEvntSLog.WinUI Resources,sz_runhigh,高,Adiscon User Interface .resw source; locale=ja-JP; revision=edd9fe10d4a120194e4a0a1e60a5d04d661b79ab
CFGEvntSLog.WinUI/Strings/Resources,CFGEvntSLog.WinUI Resources,sz_runidle,アイドルクラス,Adiscon User Interface .resw source; locale=ja-JP; revision=edd9fe10d4a120194e4a0a1e60a5d04d661b79ab
CFGEvntSLog.WinUI/Strings/Resources,CFGEvntSLog.WinUI Resources,sz_runlow,ä½Ž,Adiscon User Interface .resw source; locale=ja-JP; revision=edd9fe10d4a120194e4a0a1e60a5d04d661b79ab
CFGEvntSLog.WinUI/Strings/Resources,CFGEvntSLog.WinUI Resources,sz_runnormal,通常,Adiscon User Interface .resw source; locale=ja-JP; revision=edd9fe10d4a120194e4a0a1e60a5d04d661b79ab
CFGEvntSLog.WinUI/Strings/Resources,CFGEvntSLog.WinUI Resources,tlsallowedentries,許可されたピア,Adiscon User Interface .resw source; locale=ja-JP; revision=edd9fe10d4a120194e4a0a1e60a5d04d661b79ab
CFGEvntSLog.WinUI/Strings/Resources,CFGEvntSLog.WinUI Resources,txteventchannels,イベントログ チャンネル,Adiscon User Interface .resw source; locale=ja-JP; revision=edd9fe10d4a120194e4a0a1e60a5d04d661b79ab
CFGEvntSLog.WinUI/Strings/Resources,CFGEvntSLog.WinUI Resources,txtfileitems,ファイル名,Adiscon User Interface .resw source; locale=ja-JP; revision=edd9fe10d4a120194e4a0a1e60a5d04d661b79ab
CFGEvntSLog.WinUI/Strings/Resources,CFGEvntSLog.WinUI Resources,txtprocessedfiles,処理されたファイル名,Adiscon User Interface .resw source; locale=ja-JP; revision=edd9fe10d4a120194e4a0a1e60a5d04d661b79ab
